 Entering Link 1 = C:\G09W\l1.exe PID=     14048.
  
 Copyright (c) 1988,1990,1992,1993,1995,1998,2003,2009, Gaussian, Inc.
                  All Rights Reserved.
  
 This is part of the Gaussian(R) 09 program.  It is based on
 the Gaussian(R) 03 system (copyright 2003, Gaussian, Inc.),
 the Gaussian(R) 98 system (copyright 1998, Gaussian, Inc.),
 the Gaussian(R) 94 system (copyright 1995, Gaussian, Inc.),
 the Gaussian 92(TM) system (copyright 1992, Gaussian, Inc.),
 the Gaussian 90(TM) system (copyright 1990, Gaussian, Inc.),
 the Gaussian 88(TM) system (copyright 1988, Gaussian, Inc.),
 the Gaussian 86(TM) system (copyright 1986, Carnegie Mellon
 University), and the Gaussian 82(TM) system (copyright 1983,
 Carnegie Mellon University). Gaussian is a federally registered
 trademark of Gaussian, Inc.
  
 This software contains proprietary and confidential information,
 including trade secrets, belonging to Gaussian, Inc.
  
 This software is provided under written license and may be
 used, copied, transmitted, or stored only in accord with that
 written license.
  
 The following legend is applicable only to US Government
 contracts under FAR:
  
                    RESTRICTED RIGHTS LEGEND
  
 Use, reproduction and disclosure by the US Government is
 subject to restrictions as set forth in subparagraphs (a)
 and (c) of the Commercial Computer Software - Restricted
 Rights clause in FAR 52.227-19.
  
 Gaussian, Inc.
 340 Quinnipiac St., Bldg. 40, Wallingford CT 06492
  
  
 ---------------------------------------------------------------
 Warning -- This program may not be used in any manner that
 competes with the business of Gaussian, Inc. or will provide
 assistance to any competitor of Gaussian, Inc.  The licensee
 of this program is prohibited from giving any competitor of
 Gaussian, Inc. access to this program.  By using this program,
 the user acknowledges that Gaussian, Inc. is engaged in the
 business of creating and licensing software in the field of
 computational chemistry and represents and warrants to the
 licensee that it is not a competitor of Gaussian, Inc. and that
 it will not use this program in any manner prohibited above.
 ---------------------------------------------------------------
  

 Cite this work as:
 Gaussian 09, Revision A.02,
 M. J. Frisch, G. W. Trucks, H. B. Schlegel, G. E. Scuseria, 
 M. A. Robb, J. R. Cheeseman, G. Scalmani, V. Barone, B. Mennucci, 
 G. A. Petersson, H. Nakatsuji, M. Caricato, X. Li, H. P. Hratchian, 
 A. F. Izmaylov, J. Bloino, G. Zheng, J. L. Sonnenberg, M. Hada, 
 M. Ehara, K. Toyota, R. Fukuda, J. Hasegawa, M. Ishida, T. Nakajima, 
 Y. Honda, O. Kitao, H. Nakai, T. Vreven, J. A. Montgomery, Jr., 
 J. E. Peralta, F. Ogliaro, M. Bearpark, J. J. Heyd, E. Brothers, 
 K. N. Kudin, V. N. Staroverov, R. Kobayashi, J. Normand, 
 K. Raghavachari, A. Rendell, J. C. Burant, S. S. Iyengar, J. Tomasi, 
 M. Cossi, N. Rega, J. M. Millam, M. Klene, J. E. Knox, J. B. Cross, 
 V. Bakken, C. Adamo, J. Jaramillo, R. Gomperts, R. E. Stratmann, 
 O. Yazyev, A. J. Austin, R. Cammi, C. Pomelli, J. W. Ochterski, 
 R. L. Martin, K. Morokuma, V. G. Zakrzewski, G. A. Voth, 
 P. Salvador, J. J. Dannenberg, S. Dapprich, A. D. Daniels, 
 O. Farkas, J. B. Foresman, J. V. Ortiz, J. Cioslowski, 
 and D. J. Fox, Gaussian, Inc., Wallingford CT, 2009.
 
 ******************************************
 Gaussian 09:  IA32W-G09RevA.02 11-Jun-2009
                17-May-2025 
 ******************************************
 %chk=C:\Users\saif_\Desktop\downs\GV\bizzaro.chk
 -------------------------------------------
 # opt freq hf/6-31+g(d,p) geom=connectivity
 -------------------------------------------
 1/18=20,19=15,38=1,57=2/1,3;
 2/9=110,12=2,17=6,18=5,40=1/2;
 3/5=1,6=6,7=111,11=9,16=1,25=1,30=1,71=1/1,2,3;
 4//1;
 5/5=2,38=5/2;
 6/7=2,8=2,9=2,10=2,28=1/1;
 7//1,2,3,16;
 1/18=20,19=15/3(2);
 2/9=110/2;
 99//99;
 2/9=110/2;
 3/5=1,6=6,7=111,11=9,16=1,25=1,30=1,71=1/1,2,3;
 4/5=5,16=3/1;
 5/5=2,38=5/2;
 7//1,2,3,16;
 1/18=20,19=15/3(-5);
 2/9=110/2;
 6/7=2,8=2,9=2,10=2,19=2,28=1/1;
 99/9=1/99;
 -------------------
 Title Card Required
 -------------------
 Symbolic Z-matrix:
 Charge =  0 Multiplicity = 1
 C                    -0.58357   1.05649   0.29854 
 C                     0.75185   1.25043   0.14016 
 C                     0.77559   2.73518  -0.06134 
 C                    -0.06062   3.46639   1.0128 
 N                    -1.12154   2.31671   0.65949 
 H                    -0.83651   0.23243   0.93245 
 H                     1.45791   1.04995   0.91873 
 H                     1.81961   2.89495  -0.23279 
 H                     0.48397   4.2481    0.52571 
 C                    -0.71836  -1.63766  -1.07581 
 C                     0.54418  -1.17416  -0.69825 
 C                     0.75462   0.31128  -1.08903 
 C                    -0.61873   0.81844  -1.24008 
 S                    -1.70742  -0.37578  -1.8969 
 H                    -1.06452  -2.63259  -0.88821 
 H                     1.27465  -1.77006  -0.19207 
 H                     1.49566   0.34615  -1.86009 
 H                    -0.6934    1.74016  -1.77839 
 C                    -1.22506   3.87595   0.22964 
 C                    -0.24766   3.57329  -1.00226 
 C                     0.28295   4.99037  -1.15392 
 C                    -0.47235   5.85154  -0.38168 
 O                    -1.65587   5.23182   0.22945 
 H                    -2.06453   3.23517   0.40166 
 H                    -0.52284   3.17999  -1.95855 
 H                     1.10967   5.27751  -1.76954 
 H                    -0.2208    6.88263  -0.24577 
 C                    -3.17334   1.80281  -1.47593 
 C                    -0.96811   3.05     -2.25131 
 C                    -3.01424   1.81526  -2.83618 
 H                    -3.89439   1.22764  -0.93355 
 C                    -1.70188   2.55748  -3.29762 
 H                     0.02481   3.44418  -2.31158 
 H                    -3.70126   1.35479  -3.51505 
 H                    -1.4069    2.65238  -4.32177 
 P                    -1.95511   2.90722  -0.76141 
 

 GradGradGradGradGradGradGradGradGradGradGradGradGradGradGradGradGradGrad
 Berny optimization.
 Initialization pass.
                           ----------------------------
                           !    Initial Parameters    !
                           ! (Angstroms and Degrees)  !
 --------------------------                            --------------------------
 ! Name  Definition              Value          Derivative Info.                !
 --------------------------------------------------------------------------------
 ! R1    R(1,2)                  1.3587         estimate D2E/DX2                !
 ! R2    R(1,5)                  1.417          estimate D2E/DX2                !
 ! R3    R(1,6)                  1.07           estimate D2E/DX2                !
 ! R4    R(1,13)                 1.5573         estimate D2E/DX2                !
 ! R5    R(2,3)                  1.4986         estimate D2E/DX2                !
 ! R6    R(2,7)                  1.07           estimate D2E/DX2                !
 ! R7    R(2,12)                 1.5469         estimate D2E/DX2                !
 ! R8    R(3,4)                  1.5452         estimate D2E/DX2                !
 ! R9    R(3,8)                  1.07           estimate D2E/DX2                !
 ! R10   R(3,9)                  1.6488         estimate D2E/DX2                !
 ! R11   R(3,20)                 1.6232         estimate D2E/DX2                !
 ! R12   R(4,5)                  1.6038         estimate D2E/DX2                !
 ! R13   R(4,9)                  1.07           estimate D2E/DX2                !
 ! R14   R(4,19)                 1.4619         estimate D2E/DX2                !
 ! R15   R(5,36)                 1.75           estimate D2E/DX2                !
 ! R16   R(10,11)                1.3969         estimate D2E/DX2                !
 ! R17   R(10,14)                1.8013         estimate D2E/DX2                !
 ! R18   R(10,15)                1.07           estimate D2E/DX2                !
 ! R19   R(11,12)                1.5503         estimate D2E/DX2                !
 ! R20   R(11,16)                1.07           estimate D2E/DX2                !
 ! R21   R(12,13)                1.4718         estimate D2E/DX2                !
 ! R22   R(12,17)                1.07           estimate D2E/DX2                !
 ! R23   R(13,14)                1.7444         estimate D2E/DX2                !
 ! R24   R(13,18)                1.07           estimate D2E/DX2                !
 ! R25   R(18,29)                1.4194         estimate D2E/DX2                !
 ! R26   R(19,20)                1.6014         estimate D2E/DX2                !
 ! R27   R(19,23)                1.4227         estimate D2E/DX2                !
 ! R28   R(19,24)                1.07           estimate D2E/DX2                !
 ! R29   R(19,36)                1.5664         estimate D2E/DX2                !
 ! R30   R(20,21)                1.5207         estimate D2E/DX2                !
 ! R31   R(20,25)                1.07           estimate D2E/DX2                !
 ! R32   R(20,29)                1.534          estimate D2E/DX2                !
 ! R33   R(20,33)                1.3436         estimate D2E/DX2                !
 ! R34   R(21,22)                1.3815         estimate D2E/DX2                !
 ! R35   R(21,26)                1.07           estimate D2E/DX2                !
 ! R36   R(22,23)                1.4691         estimate D2E/DX2                !
 ! R37   R(22,27)                1.07           estimate D2E/DX2                !
 ! R38   R(24,36)                1.2134         estimate D2E/DX2                !
 ! R39   R(25,29)                0.5485         estimate D2E/DX2                !
 ! R40   R(25,33)                0.7031         estimate D2E/DX2                !
 ! R41   R(28,30)                1.3696         estimate D2E/DX2                !
 ! R42   R(28,31)                1.07           estimate D2E/DX2                !
 ! R43   R(28,36)                1.7929         estimate D2E/DX2                !
 ! R44   R(29,32)                1.3696         estimate D2E/DX2                !
 ! R45   R(29,33)                1.07           estimate D2E/DX2                !
 ! R46   R(29,36)                1.7929         estimate D2E/DX2                !
 ! R47   R(30,32)                1.5767         estimate D2E/DX2                !
 ! R48   R(30,34)                1.07           estimate D2E/DX2                !
 ! R49   R(32,35)                1.07           estimate D2E/DX2                !
 ! A1    A(2,1,5)              106.0156         estimate D2E/DX2                !
 ! A2    A(2,1,6)              114.289          estimate D2E/DX2                !
 ! A3    A(2,1,13)              85.9193         estimate D2E/DX2                !
 ! A4    A(5,1,6)              116.3777         estimate D2E/DX2                !
 ! A5    A(5,1,13)             112.2742         estimate D2E/DX2                !
 ! A6    A(6,1,13)             117.5335         estimate D2E/DX2                !
 ! A7    A(1,2,3)               99.9434         estimate D2E/DX2                !
 ! A8    A(1,2,7)              122.4799         estimate D2E/DX2                !
 ! A9    A(1,2,12)              90.4426         estimate D2E/DX2                !
 ! A10   A(3,2,7)              105.8441         estimate D2E/DX2                !
 ! A11   A(3,2,12)             119.647          estimate D2E/DX2                !
 ! A12   A(7,2,12)             117.5978         estimate D2E/DX2                !
 ! A13   A(2,3,4)              111.5187         estimate D2E/DX2                !
 ! A14   A(2,3,8)              100.6583         estimate D2E/DX2                !
 ! A15   A(2,3,20)             125.4172         estimate D2E/DX2                !
 ! A16   A(4,3,8)              124.6631         estimate D2E/DX2                !
 ! A17   A(4,3,20)              79.4833         estimate D2E/DX2                !
 ! A18   A(8,3,20)             116.4298         estimate D2E/DX2                !
 ! A19   A(3,4,5)               82.2776         estimate D2E/DX2                !
 ! A20   A(3,4,9)               75.7494         estimate D2E/DX2                !
 ! A21   A(3,4,19)             101.0249         estimate D2E/DX2                !
 ! A22   A(5,4,9)              139.4733         estimate D2E/DX2                !
 ! A23   A(5,4,19)              63.6337         estimate D2E/DX2                !
 ! A24   A(9,4,19)              87.5269         estimate D2E/DX2                !
 ! A25   A(1,5,4)              116.2643         estimate D2E/DX2                !
 ! A26   A(1,5,36)             105.9097         estimate D2E/DX2                !
 ! A27   A(4,5,36)             104.6001         estimate D2E/DX2                !
 ! A28   A(11,10,14)           112.7688         estimate D2E/DX2                !
 ! A29   A(11,10,15)           123.6097         estimate D2E/DX2                !
 ! A30   A(14,10,15)           123.6186         estimate D2E/DX2                !
 ! A31   A(10,11,12)           111.8679         estimate D2E/DX2                !
 ! A32   A(10,11,16)           124.0615         estimate D2E/DX2                !
 ! A33   A(12,11,16)           124.0683         estimate D2E/DX2                !
 ! A34   A(2,12,11)            112.4064         estimate D2E/DX2                !
 ! A35   A(2,12,13)             82.5694         estimate D2E/DX2                !
 ! A36   A(2,12,17)            123.6461         estimate D2E/DX2                !
 ! A37   A(11,12,13)           103.2608         estimate D2E/DX2                !
 ! A38   A(11,12,17)           107.8706         estimate D2E/DX2                !
 ! A39   A(13,12,17)           124.1295         estimate D2E/DX2                !
 ! A40   A(1,13,12)             85.9978         estimate D2E/DX2                !
 ! A41   A(1,13,14)            119.3902         estimate D2E/DX2                !
 ! A42   A(1,13,18)            111.5279         estimate D2E/DX2                !
 ! A43   A(12,13,14)           112.6502         estimate D2E/DX2                !
 ! A44   A(12,13,18)           114.4303         estimate D2E/DX2                !
 ! A45   A(14,13,18)           110.9009         estimate D2E/DX2                !
 ! A46   A(10,14,13)            88.0099         estimate D2E/DX2                !
 ! A47   A(4,19,20)             82.7034         estimate D2E/DX2                !
 ! A48   A(4,19,23)            120.5504         estimate D2E/DX2                !
 ! A49   A(4,19,24)            111.779          estimate D2E/DX2                !
 ! A50   A(4,19,36)            122.4751         estimate D2E/DX2                !
 ! A51   A(20,19,23)           111.3979         estimate D2E/DX2                !
 ! A52   A(20,19,24)           119.2964         estimate D2E/DX2                !
 ! A53   A(20,19,36)            71.3894         estimate D2E/DX2                !
 ! A54   A(23,19,24)           109.4628         estimate D2E/DX2                !
 ! A55   A(23,19,36)           116.6277         estimate D2E/DX2                !
 ! A56   A(3,20,19)             92.0874         estimate D2E/DX2                !
 ! A57   A(3,20,21)            108.6017         estimate D2E/DX2                !
 ! A58   A(3,20,25)            119.367          estimate D2E/DX2                !
 ! A59   A(3,20,29)            126.295          estimate D2E/DX2                !
 ! A60   A(3,20,33)            112.7947         estimate D2E/DX2                !
 ! A61   A(19,20,21)            96.5204         estimate D2E/DX2                !
 ! A62   A(19,20,25)           126.8713         estimate D2E/DX2                !
 ! A63   A(19,20,29)           113.8412         estimate D2E/DX2                !
 ! A64   A(19,20,33)           153.0719         estimate D2E/DX2                !
 ! A65   A(21,20,25)           110.0666         estimate D2E/DX2                !
 ! A66   A(21,20,29)           113.6127         estimate D2E/DX2                !
 ! A67   A(21,20,33)            85.5034         estimate D2E/DX2                !
 ! A68   A(20,21,22)           109.5342         estimate D2E/DX2                !
 ! A69   A(20,21,26)           125.2416         estimate D2E/DX2                !
 ! A70   A(22,21,26)           125.2228         estimate D2E/DX2                !
 ! A71   A(21,22,23)           114.207          estimate D2E/DX2                !
 ! A72   A(21,22,27)           122.9005         estimate D2E/DX2                !
 ! A73   A(23,22,27)           122.8912         estimate D2E/DX2                !
 ! A74   A(19,23,22)            99.0987         estimate D2E/DX2                !
 ! A75   A(30,28,31)           125.9168         estimate D2E/DX2                !
 ! A76   A(30,28,36)           108.1366         estimate D2E/DX2                !
 ! A77   A(31,28,36)           125.9449         estimate D2E/DX2                !
 ! A78   A(20,29,36)            66.9867         estimate D2E/DX2                !
 ! A79   A(25,29,32)           158.1073         estimate D2E/DX2                !
 ! A80   A(25,29,36)            91.2741         estimate D2E/DX2                !
 ! A81   A(32,29,33)           125.9168         estimate D2E/DX2                !
 ! A82   A(32,29,36)           108.1366         estimate D2E/DX2                !
 ! A83   A(33,29,36)           125.9449         estimate D2E/DX2                !
 ! A84   A(28,30,32)           113.056          estimate D2E/DX2                !
 ! A85   A(28,30,34)           123.4792         estimate D2E/DX2                !
 ! A86   A(32,30,34)           123.4575         estimate D2E/DX2                !
 ! A87   A(29,32,30)           113.056          estimate D2E/DX2                !
 ! A88   A(29,32,35)           123.4792         estimate D2E/DX2                !
 ! A89   A(30,32,35)           123.4575         estimate D2E/DX2                !
 ! A90   A(5,36,19)             58.1952         estimate D2E/DX2                !
 ! A91   A(5,36,24)             49.8997         estimate D2E/DX2                !
 ! A92   A(5,36,28)            116.0646         estimate D2E/DX2                !
 ! A93   A(5,36,29)            116.0646         estimate D2E/DX2                !
 ! A94   A(19,36,28)           161.7697         estimate D2E/DX2                !
 ! A95   A(19,36,29)           102.7063         estimate D2E/DX2                !
 ! A96   A(24,36,28)           119.1588         estimate D2E/DX2                !
 ! A97   A(24,36,29)           145.5574         estimate D2E/DX2                !
 ! A98   A(28,36,29)            95.275          estimate D2E/DX2                !
 ! D1    D(5,1,2,3)            -20.1938         estimate D2E/DX2                !
 ! D2    D(5,1,2,7)             95.9215         estimate D2E/DX2                !
 ! D3    D(5,1,2,12)          -140.4301         estimate D2E/DX2                !
 ! D4    D(6,1,2,3)           -149.7364         estimate D2E/DX2                !
 ! D5    D(6,1,2,7)            -33.6212         estimate D2E/DX2                !
 ! D6    D(6,1,2,12)            90.0272         estimate D2E/DX2                !
 ! D7    D(13,1,2,3)            91.8225         estimate D2E/DX2                !
 ! D8    D(13,1,2,7)          -152.0622         estimate D2E/DX2                !
 ! D9    D(13,1,2,12)          -28.4138         estimate D2E/DX2                !
 ! D10   D(2,1,5,4)             -9.981          estimate D2E/DX2                !
 ! D11   D(2,1,5,36)           105.6734         estimate D2E/DX2                !
 ! D12   D(6,1,5,4)            118.3375         estimate D2E/DX2                !
 ! D13   D(6,1,5,36)          -126.0081         estimate D2E/DX2                !
 ! D14   D(13,1,5,4)          -102.134          estimate D2E/DX2                !
 ! D15   D(13,1,5,36)           13.5204         estimate D2E/DX2                !
 ! D16   D(2,1,13,12)           30.0883         estimate D2E/DX2                !
 ! D17   D(2,1,13,14)          143.8957         estimate D2E/DX2                !
 ! D18   D(2,1,13,18)          -84.6257         estimate D2E/DX2                !
 ! D19   D(5,1,13,12)          135.7337         estimate D2E/DX2                !
 ! D20   D(5,1,13,14)         -110.459          estimate D2E/DX2                !
 ! D21   D(5,1,13,18)           21.0197         estimate D2E/DX2                !
 ! D22   D(6,1,13,12)          -85.2439         estimate D2E/DX2                !
 ! D23   D(6,1,13,14)           28.5635         estimate D2E/DX2                !
 ! D24   D(6,1,13,18)          160.0421         estimate D2E/DX2                !
 ! D25   D(1,2,3,4)             48.371          estimate D2E/DX2                !
 ! D26   D(1,2,3,8)           -177.4981         estimate D2E/DX2                !
 ! D27   D(1,2,3,20)           -43.9007         estimate D2E/DX2                !
 ! D28   D(7,2,3,4)            -79.6883         estimate D2E/DX2                !
 ! D29   D(7,2,3,8)             54.4426         estimate D2E/DX2                !
 ! D30   D(7,2,3,20)          -171.96           estimate D2E/DX2                !
 ! D31   D(12,2,3,4)           144.6174         estimate D2E/DX2                !
 ! D32   D(12,2,3,8)           -81.2517         estimate D2E/DX2                !
 ! D33   D(12,2,3,20)           52.3456         estimate D2E/DX2                !
 ! D34   D(1,2,12,11)          -70.9            estimate D2E/DX2                !
 ! D35   D(1,2,12,13)           30.4292         estimate D2E/DX2                !
 ! D36   D(1,2,12,17)          156.7906         estimate D2E/DX2                !
 ! D37   D(3,2,12,11)         -172.6176         estimate D2E/DX2                !
 ! D38   D(3,2,12,13)          -71.2884         estimate D2E/DX2                !
 ! D39   D(3,2,12,17)           55.073          estimate D2E/DX2                !
 ! D40   D(7,2,12,11)           56.6898         estimate D2E/DX2                !
 ! D41   D(7,2,12,13)          158.0189         estimate D2E/DX2                !
 ! D42   D(7,2,12,17)          -75.6197         estimate D2E/DX2                !
 ! D43   D(2,3,4,5)            -45.8752         estimate D2E/DX2                !
 ! D44   D(2,3,4,9)            168.4497         estimate D2E/DX2                !
 ! D45   D(2,3,4,19)          -106.9924         estimate D2E/DX2                !
 ! D46   D(8,3,4,5)           -166.8293         estimate D2E/DX2                !
 ! D47   D(8,3,4,9)             47.4955         estimate D2E/DX2                !
 ! D48   D(8,3,4,19)           132.0535         estimate D2E/DX2                !
 ! D49   D(20,3,4,5)            78.2079         estimate D2E/DX2                !
 ! D50   D(20,3,4,9)           -67.4672         estimate D2E/DX2                !
 ! D51   D(20,3,4,19)           17.0907         estimate D2E/DX2                !
 ! D52   D(2,3,20,19)           93.7346         estimate D2E/DX2                !
 ! D53   D(2,3,20,21)         -168.6708         estimate D2E/DX2                !
 ! D54   D(2,3,20,25)          -41.4564         estimate D2E/DX2                !
 ! D55   D(2,3,20,29)          -28.1767         estimate D2E/DX2                !
 ! D56   D(2,3,20,33)          -75.7064         estimate D2E/DX2                !
 ! D57   D(4,3,20,19)          -15.2778         estimate D2E/DX2                !
 ! D58   D(4,3,20,21)           82.3168         estimate D2E/DX2                !
 ! D59   D(4,3,20,25)         -150.4688         estimate D2E/DX2                !
 ! D60   D(4,3,20,29)         -137.1891         estimate D2E/DX2                !
 ! D61   D(4,3,20,33)          175.2812         estimate D2E/DX2                !
 ! D62   D(8,3,20,19)         -138.8999         estimate D2E/DX2                !
 ! D63   D(8,3,20,21)          -41.3053         estimate D2E/DX2                !
 ! D64   D(8,3,20,25)           85.9091         estimate D2E/DX2                !
 ! D65   D(8,3,20,29)           99.1889         estimate D2E/DX2                !
 ! D66   D(8,3,20,33)           51.6591         estimate D2E/DX2                !
 ! D67   D(3,4,5,1)             33.1592         estimate D2E/DX2                !
 ! D68   D(3,4,5,36)           -83.2269         estimate D2E/DX2                !
 ! D69   D(9,4,5,1)             90.4131         estimate D2E/DX2                !
 ! D70   D(9,4,5,36)           -25.9729         estimate D2E/DX2                !
 ! D71   D(19,4,5,1)           139.575          estimate D2E/DX2                !
 ! D72   D(19,4,5,36)           23.189          estimate D2E/DX2                !
 ! D73   D(3,4,19,20)          -17.1739         estimate D2E/DX2                !
 ! D74   D(3,4,19,23)         -127.7553         estimate D2E/DX2                !
 ! D75   D(3,4,19,24)          101.5169         estimate D2E/DX2                !
 ! D76   D(3,4,19,36)           45.2534         estimate D2E/DX2                !
 ! D77   D(5,4,19,20)          -92.7339         estimate D2E/DX2                !
 ! D78   D(5,4,19,23)          156.6848         estimate D2E/DX2                !
 ! D79   D(5,4,19,24)           25.957          estimate D2E/DX2                !
 ! D80   D(5,4,19,36)          -30.3065         estimate D2E/DX2                !
 ! D81   D(9,4,19,20)           57.7893         estimate D2E/DX2                !
 ! D82   D(9,4,19,23)          -52.7921         estimate D2E/DX2                !
 ! D83   D(9,4,19,24)          176.4801         estimate D2E/DX2                !
 ! D84   D(9,4,19,36)          120.2166         estimate D2E/DX2                !
 ! D85   D(1,5,36,19)         -146.1439         estimate D2E/DX2                !
 ! D86   D(1,5,36,24)          160.9557         estimate D2E/DX2                !
 ! D87   D(1,5,36,28)           53.6663         estimate D2E/DX2                !
 ! D88   D(1,5,36,29)          -57.0156         estimate D2E/DX2                !
 ! D89   D(4,5,36,19)          -22.7947         estimate D2E/DX2                !
 ! D90   D(4,5,36,24)          -75.695          estimate D2E/DX2                !
 ! D91   D(4,5,36,28)          177.0156         estimate D2E/DX2                !
 ! D92   D(4,5,36,29)           66.3337         estimate D2E/DX2                !
 ! D93   D(14,10,11,12)          0.0541         estimate D2E/DX2                !
 ! D94   D(14,10,11,16)        179.5194         estimate D2E/DX2                !
 ! D95   D(15,10,11,12)       -179.3456         estimate D2E/DX2                !
 ! D96   D(15,10,11,16)          0.1197         estimate D2E/DX2                !
 ! D97   D(11,10,14,13)        -17.3556         estimate D2E/DX2                !
 ! D98   D(15,10,14,13)        162.044          estimate D2E/DX2                !
 ! D99   D(10,11,12,2)         108.5263         estimate D2E/DX2                !
 ! D100  D(10,11,12,13)         21.1946         estimate D2E/DX2                !
 ! D101  D(10,11,12,17)       -111.7775         estimate D2E/DX2                !
 ! D102  D(16,11,12,2)         -70.9389         estimate D2E/DX2                !
 ! D103  D(16,11,12,13)       -158.2706         estimate D2E/DX2                !
 ! D104  D(16,11,12,17)         68.7573         estimate D2E/DX2                !
 ! D105  D(2,12,13,1)          -26.2916         estimate D2E/DX2                !
 ! D106  D(2,12,13,14)        -146.5482         estimate D2E/DX2                !
 ! D107  D(2,12,13,18)          85.5623         estimate D2E/DX2                !
 ! D108  D(11,12,13,1)          85.0665         estimate D2E/DX2                !
 ! D109  D(11,12,13,14)        -35.19           estimate D2E/DX2                !
 ! D110  D(11,12,13,18)       -163.0795         estimate D2E/DX2                !
 ! D111  D(17,12,13,1)        -152.2085         estimate D2E/DX2                !
 ! D112  D(17,12,13,14)         87.535          estimate D2E/DX2                !
 ! D113  D(17,12,13,18)        -40.3545         estimate D2E/DX2                !
 ! D114  D(1,13,14,10)         -67.1148         estimate D2E/DX2                !
 ! D115  D(12,13,14,10)         31.41           estimate D2E/DX2                !
 ! D116  D(18,13,14,10)        161.1326         estimate D2E/DX2                !
 ! D117  D(4,19,20,3)           16.0265         estimate D2E/DX2                !
 ! D118  D(4,19,20,21)         -92.966          estimate D2E/DX2                !
 ! D119  D(4,19,20,25)         145.8748         estimate D2E/DX2                !
 ! D120  D(4,19,20,29)         147.6093         estimate D2E/DX2                !
 ! D121  D(4,19,20,33)         174.1237         estimate D2E/DX2                !
 ! D122  D(23,19,20,3)         136.0404         estimate D2E/DX2                !
 ! D123  D(23,19,20,21)         27.048          estimate D2E/DX2                !
 ! D124  D(23,19,20,25)        -94.1112         estimate D2E/DX2                !
 ! D125  D(23,19,20,29)        -92.3768         estimate D2E/DX2                !
 ! D126  D(23,19,20,33)        -65.8623         estimate D2E/DX2                !
 ! D127  D(24,19,20,3)         -94.8939         estimate D2E/DX2                !
 ! D128  D(24,19,20,21)        156.1136         estimate D2E/DX2                !
 ! D129  D(24,19,20,25)         34.9544         estimate D2E/DX2                !
 ! D130  D(24,19,20,29)         36.6889         estimate D2E/DX2                !
 ! D131  D(24,19,20,33)         63.2033         estimate D2E/DX2                !
 ! D132  D(36,19,20,3)        -111.8748         estimate D2E/DX2                !
 ! D133  D(36,19,20,21)        139.1328         estimate D2E/DX2                !
 ! D134  D(36,19,20,25)         17.9736         estimate D2E/DX2                !
 ! D135  D(36,19,20,29)         19.708          estimate D2E/DX2                !
 ! D136  D(36,19,20,33)         46.2225         estimate D2E/DX2                !
 ! D137  D(4,19,23,22)          63.3776         estimate D2E/DX2                !
 ! D138  D(20,19,23,22)        -30.8022         estimate D2E/DX2                !
 ! D139  D(24,19,23,22)       -164.8998         estimate D2E/DX2                !
 ! D140  D(36,19,23,22)       -110.0264         estimate D2E/DX2                !
 ! D141  D(4,19,36,5)           29.1806         estimate D2E/DX2                !
 ! D142  D(4,19,36,28)         105.8746         estimate D2E/DX2                !
 ! D143  D(4,19,36,29)         -83.7842         estimate D2E/DX2                !
 ! D144  D(20,19,36,5)          97.2689         estimate D2E/DX2                !
 ! D145  D(20,19,36,28)        173.9629         estimate D2E/DX2                !
 ! D146  D(20,19,36,29)        -15.696          estimate D2E/DX2                !
 ! D147  D(23,19,36,5)        -157.5533         estimate D2E/DX2                !
 ! D148  D(23,19,36,28)        -80.8593         estimate D2E/DX2                !
 ! D149  D(23,19,36,29)         89.4819         estimate D2E/DX2                !
 ! D150  D(3,20,21,22)        -105.3091         estimate D2E/DX2                !
 ! D151  D(3,20,21,26)          75.0982         estimate D2E/DX2                !
 ! D152  D(19,20,21,22)        -10.8843         estimate D2E/DX2                !
 ! D153  D(19,20,21,26)        169.523          estimate D2E/DX2                !
 ! D154  D(25,20,21,22)        122.3283         estimate D2E/DX2                !
 ! D155  D(25,20,21,26)        -57.2643         estimate D2E/DX2                !
 ! D156  D(29,20,21,22)        108.7178         estimate D2E/DX2                !
 ! D157  D(29,20,21,26)        -70.8749         estimate D2E/DX2                !
 ! D158  D(33,20,21,22)        142.1353         estimate D2E/DX2                !
 ! D159  D(33,20,21,26)        -37.4573         estimate D2E/DX2                !
 ! D160  D(3,20,29,36)          94.3003         estimate D2E/DX2                !
 ! D161  D(19,20,29,36)        -17.66           estimate D2E/DX2                !
 ! D162  D(21,20,29,36)       -126.8485         estimate D2E/DX2                !
 ! D163  D(3,20,32,30)          82.668          estimate D2E/DX2                !
 ! D164  D(3,20,32,35)         -96.8475         estimate D2E/DX2                !
 ! D165  D(19,20,32,30)        -27.3107         estimate D2E/DX2                !
 ! D166  D(19,20,32,35)        153.1737         estimate D2E/DX2                !
 ! D167  D(21,20,32,30)       -135.9547         estimate D2E/DX2                !
 ! D168  D(21,20,32,35)         44.5298         estimate D2E/DX2                !
 ! D169  D(20,21,22,23)         -7.22           estimate D2E/DX2                !
 ! D170  D(20,21,22,27)        173.177          estimate D2E/DX2                !
 ! D171  D(26,21,22,23)        172.3728         estimate D2E/DX2                !
 ! D172  D(26,21,22,27)         -7.2303         estimate D2E/DX2                !
 ! D173  D(21,22,23,19)         23.7327         estimate D2E/DX2                !
 ! D174  D(27,22,23,19)       -156.6642         estimate D2E/DX2                !
 ! D175  D(31,28,30,32)       -169.4287         estimate D2E/DX2                !
 ! D176  D(31,28,30,34)          9.6195         estimate D2E/DX2                !
 ! D177  D(36,28,30,32)         10.1195         estimate D2E/DX2                !
 ! D178  D(36,28,30,34)       -170.8324         estimate D2E/DX2                !
 ! D179  D(30,28,36,5)        -136.319          estimate D2E/DX2                !
 ! D180  D(30,28,36,19)        156.6572         estimate D2E/DX2                !
 ! D181  D(30,28,36,24)        166.9251         estimate D2E/DX2                !
 ! D182  D(30,28,36,29)        -13.8822         estimate D2E/DX2                !
 ! D183  D(31,28,36,5)          43.229          estimate D2E/DX2                !
 ! D184  D(31,28,36,19)        -23.7948         estimate D2E/DX2                !
 ! D185  D(31,28,36,24)        -13.5269         estimate D2E/DX2                !
 ! D186  D(31,28,36,29)        165.6658         estimate D2E/DX2                !
 ! D187  D(25,29,32,30)        141.2681         estimate D2E/DX2                !
 ! D188  D(25,29,32,35)        -37.78           estimate D2E/DX2                !
 ! D189  D(33,29,32,30)        169.4287         estimate D2E/DX2                !
 ! D190  D(33,29,32,35)         -9.6195         estimate D2E/DX2                !
 ! D191  D(36,29,32,30)        -10.1195         estimate D2E/DX2                !
 ! D192  D(36,29,32,35)        170.8324         estimate D2E/DX2                !
 ! D193  D(20,29,36,5)         -43.6786         estimate D2E/DX2                !
 ! D194  D(20,29,36,19)         16.9062         estimate D2E/DX2                !
 ! D195  D(20,29,36,24)         12.6381         estimate D2E/DX2                !
 ! D196  D(20,29,36,28)       -166.1154         estimate D2E/DX2                !
 ! D197  D(25,29,36,5)         -33.3925         estimate D2E/DX2                !
 ! D198  D(25,29,36,19)         27.1923         estimate D2E/DX2                !
 ! D199  D(25,29,36,24)         22.9242         estimate D2E/DX2                !
 ! D200  D(25,29,36,28)       -155.8293         estimate D2E/DX2                !
 ! D201  D(32,29,36,5)         136.319          estimate D2E/DX2                !
 ! D202  D(32,29,36,19)       -163.0962         estimate D2E/DX2                !
 ! D203  D(32,29,36,24)       -167.3643         estimate D2E/DX2                !
 ! D204  D(32,29,36,28)         13.8822         estimate D2E/DX2                !
 ! D205  D(33,29,36,5)         -43.229          estimate D2E/DX2                !
 ! D206  D(33,29,36,19)         17.3557         estimate D2E/DX2                !
 ! D207  D(33,29,36,24)         13.0877         estimate D2E/DX2                !
 ! D208  D(33,29,36,28)       -165.6658         estimate D2E/DX2                !
 ! D209  D(28,30,32,29)          0.0            estimate D2E/DX2                !
 ! D210  D(28,30,32,35)        179.0484         estimate D2E/DX2                !
 ! D211  D(34,30,32,29)       -179.0484         estimate D2E/DX2                !
 ! D212  D(34,30,32,35)          0.0            estimate D2E/DX2                !
 --------------------------------------------------------------------------------
 Trust Radius=3.00D-01 FncErr=1.00D-07 GrdErr=1.00D-07
 Number of steps in this run= 216 maximum allowed number of steps= 216.
 GradGradGradGradGradGradGradGradGradGradGradGradGradGradGradGradGradGrad

                          Input orientation:                          
 ---------------------------------------------------------------------
 Center     Atomic      Atomic             Coordinates (Angstroms)
 Number     Number       Type             X           Y           Z
 ---------------------------------------------------------------------
      1          6           0       -0.583567    1.056487    0.298541
      2          6           0        0.751850    1.250430    0.140155
      3          6           0        0.775594    2.735182   -0.061340
      4          6           0       -0.060616    3.466385    1.012799
      5          7           0       -1.121537    2.316706    0.659487
      6          1           0       -0.836508    0.232426    0.932452
      7          1           0        1.457915    1.049952    0.918732
      8          1           0        1.819613    2.894955   -0.232794
      9          1           0        0.483967    4.248096    0.525709
     10          6           0       -0.718361   -1.637664   -1.075806
     11          6           0        0.544182   -1.174161   -0.698254
     12          6           0        0.754615    0.311278   -1.089030
     13          6           0       -0.618731    0.818444   -1.240080
     14         16           0       -1.707417   -0.375783   -1.896903
     15          1           0       -1.064525   -2.632590   -0.888207
     16          1           0        1.274650   -1.770057   -0.192068
     17          1           0        1.495664    0.346147   -1.860088
     18          1           0       -0.693397    1.740155   -1.778386
     19          6           0       -1.225063    3.875952    0.229641
     20          6           0       -0.247659    3.573285   -1.002259
     21          6           0        0.282950    4.990368   -1.153920
     22          6           0       -0.472346    5.851535   -0.381685
     23          8           0       -1.655865    5.231817    0.229448
     24          1           0       -2.064531    3.235169    0.401660
     25          1           0       -0.522836    3.179988   -1.958551
     26          1           0        1.109670    5.277511   -1.769536
     27          1           0       -0.220800    6.882628   -0.245769
     28          6           0       -3.173339    1.802811   -1.475929
     29          6           0       -0.968110    3.049996   -2.251308
     30          6           0       -3.014236    1.815263   -2.836184
     31          1           0       -3.894388    1.227643   -0.933554
     32          6           0       -1.701880    2.557476   -3.297621
     33          1           0        0.024809    3.444177   -2.311581
     34          1           0       -3.701258    1.354790   -3.515054
     35          1           0       -1.406905    2.652380   -4.321771
     36         15           0       -1.955109    2.907221   -0.761411
 ---------------------------------------------------------------------
                    Distance matrix (angstroms):
                    1          2          3          4          5
     1  C    0.000000
     2  C    1.358691   0.000000
     3  C    2.189714   1.498550   0.000000
     4  C    2.567343   2.516360   1.545212   0.000000
     5  N    1.416984   2.217257   2.072153   1.603791   0.000000
     6  H    1.070000   2.046204   3.138516   3.326703   2.121314
     7  H    2.133619   1.070000   2.065454   2.855509   2.885384
     8  H    3.072061   1.995914   1.070000   2.326649   3.127443
     9  H    3.373070   3.034208   1.648812   1.070000   2.515116
    10  C    3.027449   3.461382   4.731049   5.553937   4.337146
    11  C    2.690950   2.573849   3.967641   4.982786   4.099297
    12  C    2.066742   1.546903   2.632849   3.877756   3.255610
    13  C    1.557323   1.992524   2.647159   3.521157   2.471023
    14  S    2.852089   3.583597   4.383233   5.093189   3.758707
    15  H    3.904994   4.408467   5.734345   6.466773   5.185955
    16  H    3.418043   3.083347   4.534680   5.536693   4.813366
    17  H    3.080173   2.317749   3.075953   4.517895   4.132929
    18  H    2.189313   2.451402   2.469060   3.342304   2.541444
    19  C    2.892342   3.287789   2.321347   1.461854   1.620720
    20  C    2.852926   2.774849   1.623205   2.026542   2.259215
    21  C    4.282045   3.985177   2.553878   2.671186   3.522712
    22  C    4.844333   4.789692   3.372185   2.793394   3.741725
    23  O    4.311377   4.653656   3.497104   2.505037   2.994714
    24  H    2.636387   3.455369   2.920730   2.107754   1.341374
    25  H    3.099582   3.122914   2.341620   3.020695   2.820961
    26  H    4.996102   4.471279   3.081068   3.520105   4.432246
    27  H    5.862745   5.728581   4.269440   3.644224   4.741145
    28  C    3.226865   4.280650   4.297028   4.318599   3.005658
    29  C    3.259399   3.451927   2.817015   3.413404   3.005658
    30  C    4.038612   4.833325   4.786315   5.124914   4.006678
    31  H    3.536790   4.768742   4.984191   4.847481   3.378246
    32  C    4.054130   4.421251   4.079579   4.701019   4.006678
    33  H    3.589418   3.369292   2.475871   3.325552   3.378246
    34  H    4.934824   5.762084   5.820294   6.181793   5.000704
    35  H    4.957019   5.151162   4.787632   5.561721   5.000704
    36  P    2.535713   3.299304   2.824258   2.655106   1.750000
                    6          7          8          9         10
     6  H    0.000000
     7  H    2.435758   0.000000
     8  H    3.937238   2.204739   0.000000
     9  H    4.246728   3.366179   2.047014   0.000000
    10  C    2.746689   3.992197   5.262757   6.217122   0.000000
    11  C    2.558124   2.897625   4.289649   5.559009   1.396923
    12  C    2.573768   2.251972   2.922798   4.263703   2.442992
    13  C    2.260695   3.004417   3.357386   4.012040   2.463611
    14  S    3.022193   4.469882   5.089885   5.661401   1.801327
    15  H    3.402221   4.815480   6.269096   7.193109   1.070000
    16  H    3.119531   3.036431   4.696912   6.112164   2.184173
    17  H    3.640089   2.866812   3.041291   4.684097   3.074493
    18  H    3.105217   3.518376   3.168223   3.603443   3.450203
    19  C    3.730978   3.957207   3.232066   1.773959   5.688664
    20  C    3.905278   3.600889   2.307774   1.823549   5.232682
    21  C    5.314523   4.604705   2.756911   1.847303   6.703695
    22  C    5.782211   5.335934   3.743877   2.075793   7.525319
    23  O    5.114633   5.259157   4.213495   2.373681   7.054954
    24  H    3.287285   4.177338   3.950297   2.745223   5.266838
    25  H    4.140582   4.091355   2.923448   2.885490   4.901759
    26  H    6.044935   5.021983   2.922699   2.592171   7.186279
    27  H    6.781776   6.180149   4.479396   2.834190   8.575074
    28  C    3.705022   5.267799   5.260013   4.833411   4.245455
    29  C    4.253511   4.464855   3.445263   3.354965   4.839250
    30  C    4.631467   5.889416   5.595486   5.427561   4.504739
    31  H    3.717938   5.666541   5.993397   5.515667   4.279880
    32  C    4.903901   5.480379   4.680594   4.717411   4.847986
    33  H    4.645532   4.268609   2.800771   2.984514   5.282475
    34  H    5.408032   6.809438   6.604949   6.497314   4.878769
    35  H    5.812778   6.183674   5.214306   5.442404   5.423546
    36  P    3.357822   4.233327   3.811576   3.066547   4.720633
                   11         12         13         14         15
    11  C    0.000000
    12  C    1.550328   0.000000
    13  C    2.369898   1.471772   0.000000
    14  S    2.672801   2.680731   1.744372   0.000000
    15  H    2.179686   3.466404   3.497453   2.554204   0.000000
    16  H    1.070000   2.325281   3.373953   3.707181   2.588496
    17  H    2.136941   1.070000   2.253473   3.283636   4.046232
    18  H    3.345374   2.147939   1.070000   2.349357   4.477840
    19  C    5.430917   4.285431   3.446168   4.778295   6.605790
    20  C    4.822622   3.413616   2.789875   4.304233   6.260444
    21  C    6.186865   4.703250   4.269122   5.771409   7.745694
    22  C    7.105910   5.718411   5.107864   6.526927   8.519837
    23  O    6.836475   5.635646   4.765818   5.997433   7.965408
    24  H    5.239979   4.326532   3.259786   4.295334   6.090514
    25  H    4.656769   3.258442   2.470281   3.748405   5.935076
    26  H    6.564411   5.025199   4.811545   6.317589   8.250670
    27  H    8.105664   6.696653   6.158029   7.590836   9.574129
    28  C    4.825672   4.219383   2.747841   2.659402   4.946241
    29  C    4.747896   3.437914   2.474767   3.522519   5.844581
    30  C    5.115636   4.418003   3.046250   2.718585   5.232531
    31  H    5.052220   4.741005   3.315318   2.877821   4.786604
    32  C    5.072141   3.994703   2.903605   3.250546   5.757454
    33  H    4.919514   3.441265   2.908046   4.214814   6.335592
    34  H    5.688032   5.179702   3.868481   3.096562   5.454528
    35  H    5.619522   4.539112   3.671696   3.891023   6.311694
    36  P    4.786243   3.766810   2.525474   3.482644   5.612372
                   16         17         18         19         20
    16  H    0.000000
    17  H    2.703601   0.000000
    18  H    4.325645   2.596521   0.000000
    19  C    6.189008   4.922280   2.979340   0.000000
    20  C    5.614726   3.766891   2.039956   1.601406   0.000000
    21  C    6.900143   4.851612   3.450666   2.330294   1.520747
    22  C    7.821548   6.030592   4.347768   2.200734   2.371923
    23  O    7.602094   6.178031   4.141189   1.422660   2.500174
    24  H    6.046067   5.112430   2.977864   1.070000   2.320847
    25  H    5.554671   3.480617   1.461051   2.401182   1.070000
    26  H    7.223838   4.947276   3.970392   3.378173   2.309858
    27  H    8.781128   6.948227   5.386770   3.205411   3.394811
    28  C    5.847931   4.906021   2.499104   3.317026   3.452325
    29  C    5.701172   3.678864   1.419439   2.627420   1.533951
    30  C    6.183883   4.842547   2.551641   4.104493   3.756044
    31  H    6.021209   5.539690   3.350038   3.935970   4.336518
    32  C    6.101781   4.144968   1.998281   3.795696   2.900915
    33  H    5.765646   3.459053   1.924527   2.864685   1.343590
    34  H    6.750301   5.546554   3.494531   5.148839   4.812817
    35  H    6.618393   4.450112   2.794647   4.716518   3.634704
    36  P    5.712480   4.435541   1.997048   1.566394   1.848521
                   21         22         23         24         25
    21  C    0.000000
    22  C    1.381459   0.000000
    23  O    2.393953   1.469099   0.000000
    24  H    3.318316   3.161338   2.045304   0.000000
    25  H    2.138737   3.102615   3.206415   2.819657   0.000000
    26  H    1.070000   2.181378   3.412655   4.354401   2.664658
    27  H    2.158507   1.070000   2.238397   4.137930   4.090769
    28  C    4.712764   4.988477   4.119359   2.608916   3.025675
    29  C    2.556258   3.404393   3.374537   2.876572   0.548520
    30  C    4.876755   5.364444   4.787077   3.660834   2.973178
    31  H    5.626439   5.778868   4.732543   3.026770   4.028602
    32  C    3.801837   4.567850   4.426559   3.778288   1.889649
    33  H    1.948723   3.125226   3.532301   3.430846   0.703093
    34  H    5.887809   6.361179   5.765090   4.642774   3.982012
    35  H    4.284516   5.160646   5.237277   4.804468   2.577742
    36  P    3.082608   3.318397   2.544620   1.213366   1.886519
                   26         27         28         29         30
    26  H    0.000000
    27  H    2.582328   0.000000
    28  C    5.523035   6.002942   0.000000
    29  C    3.084006   4.389729   2.649475   0.000000
    30  C    5.489216   6.339694   1.369585   2.460340   0.000000
    31  H    6.491602   6.778433   1.070000   3.690603   2.177146
    32  C    4.199814   5.496756   2.460340   1.369585   1.576732
    33  H    2.198147   4.018812   3.690603   1.070000   3.487744
    34  H    6.448224   7.304711   2.153475   3.455557   1.070000
    35  H    4.442788   5.992965   3.455557   2.153475   2.343340
    36  P    4.003431   4.367787   1.792859   1.792859   2.572704
                   31         32         33         34         35
    31  H    0.000000
    32  C    3.487744   0.000000
    33  H    4.708725   2.177146   0.000000
    34  H    2.591835   2.343340   4.438182   0.000000
    35  H    4.438182   1.070000   2.591835   2.756553   0.000000
    36  P    2.571269   2.572704   2.571269   3.611320   3.611320
                   36
    36  P    0.000000
 Stoichiometry    C16H16NOPS
 Framework group  C1[X(C16H16NOPS)]
 Deg. of freedom   102
 Full point group                 C1      NOp   1
 Largest Abelian subgroup         C1      NOp   1
 Largest concise Abelian subgroup C1      NOp   1
                         Standard orientation:                         
 ---------------------------------------------------------------------
 Center     Atomic      Atomic             Coordinates (Angstroms)
 Number     Number       Type             X           Y           Z
 ---------------------------------------------------------------------
      1          6           0        0.814678   -1.120060   -0.864347
      2          6           0        0.627069   -2.040420    0.117377
      3          6           0       -0.793791   -1.739259    0.486309
      4          6           0       -1.696386   -1.645238   -0.764356
      5          7           0       -0.479791   -0.753417   -1.309057
      6          1           0        1.510257   -1.418733   -1.620563
      7          1           0        0.663868   -3.093640   -0.067751
      8          1           0       -0.939540   -2.428630    1.291556
      9          1           0       -2.383746   -1.669538    0.055306
     10          6           0        3.720804   -0.532627   -0.252134
     11          6           0        3.169496   -1.687578    0.307816
     12          6           0        1.779682   -1.416541    0.939063
     13          6           0        1.337496   -0.184772    0.265765
     14         16           0        2.655275    0.908128   -0.068692
     15          1           0        4.669696   -0.508658   -0.746025
     16          1           0        3.645182   -2.645933    0.294521
     17          1           0        1.875048   -1.519814    1.999790
     18          1           0        0.534680    0.324277    0.756944
     19          6           0       -1.928462   -0.203598   -0.833888
     20          6           0       -1.419996   -0.254785    0.683788
     21          6           0       -2.793918   -0.388795    1.321791
     22          6           0       -3.769197   -0.156418    0.371391
     23          8           0       -3.251339    0.312518   -0.920961
     24          1           0       -1.314537    0.261988   -1.576335
     25          1           0       -0.849012    0.491823    1.195114
     26          1           0       -2.977155   -0.620447    2.350218
     27          1           0       -4.812334   -0.299228    0.562103
     28          6           0        0.466278    2.084361   -1.015892
     29          6           0       -0.657544    1.001027    1.124933
     30          6           0        0.705764    2.792243    0.131851
     31          1           0        0.943982    2.240062   -1.960591
     32          6           0        0.036965    2.147539    1.405879
     33          1           0       -1.053309    0.314729    1.844145
     34          1           0        1.299003    3.682166    0.163533
     35          1           0        0.129761    2.555050    2.390879
     36         15           0       -0.776707    0.843186   -0.656984
 ---------------------------------------------------------------------
 Rotational constants (GHZ):      0.6922293      0.3473585      0.2842659
 Standard basis: 6-31+G(d,p) (6D, 7F)
 There are   468 symmetry adapted basis functions of A   symmetry.
 Integral buffers will be    262144 words long.
 Raffenetti 1 integral format.
 Two-electron integral symmetry is turned on.
   468 basis functions,   800 primitive gaussians,   468 cartesian basis functions
    79 alpha electrons       79 beta electrons
       nuclear repulsion energy      2130.9017083399 Hartrees.
 NAtoms=   36 NActive=   36 NUniq=   36 SFac= 7.50D-01 NAtFMM=   80 NAOKFM=F Big=F
 One-electron integrals computed using PRISM.
 NBasis=   468 RedAO= T  NBF=   468
 NBsUse=   467 1.00D-06 NBFU=   467
 Harris functional with IExCor=  205 diagonalized for initial guess.
 ExpMin= 3.48D-02 ExpMax= 2.19D+04 ExpMxC= 3.30D+03 IAcc=3 IRadAn=         0 AccDes= 0.00D+00
 HarFok:  IExCor=  205 AccDes= 0.00D+00 IRadAn=         0 IDoV= 1
 ScaDFX=  1.000000  1.000000  1.000000  1.000000
 FoFCou: FMM=F IPFlag=           0 FMFlag=      100000 FMFlg1=           0
         NFxFlg=           0 DoJE=T BraDBF=F KetDBF=T FulRan=T
         Omega=  0.000000  0.000000  1.000000  0.000000  0.000000 ICntrl=     500 IOpCl=  0
         NMat0=    1 NMatS0=    1 NMatT0=    0 NMatD0=    1 NMtDS0=    0 NMtDT0=    0
         I1Cent=           4 NGrid=           0.
 Petite list used in FoFCou.
 Initial guess orbital symmetries:
       Occupied  (A) (A) (A) (A) (A) (A) (A) (A) (A) (A) (A) (A)
                 (A) (A) (A) (A) (A) (A) (A) (A) (A) (A) (A) (A)
                 (A) (A) (A) (A) (A) (A) (A) (A) (A) (A) (A) (A)
                 (A) (A) (A) (A) (A) (A) (A) (A) (A) (A) (A) (A)
                 (A) (A) (A) (A) (A) (A) (A) (A) (A) (A) (A) (A)
                 (A) (A) (A) (A) (A) (A) (A) (A) (A) (A) (A) (A)
                 (A) (A) (A) (A) (A) (A) (A)
       Virtual   (A) (A) (A) (A) (A) (A) (A) (A) (A) (A) (A) (A)
                 (A) (A) (A) (A) (A) (A) (A) (A) (A) (A) (A) (A)
                 (A) (A) (A) (A) (A) (A) (A) (A) (A) (A) (A) (A)
                 (A) (A) (A) (A) (A) (A) (A) (A) (A) (A) (A) (A)
                 (A) (A) (A) (A) (A) (A) (A) (A) (A) (A) (A) (A)
                 (A) (A) (A) (A) (A) (A) (A) (A) (A) (A) (A) (A)
                 (A) (A) (A) (A) (A) (A) (A) (A) (A) (A) (A) (A)
                 (A) (A) (A) (A) (A) (A) (A) (A) (A) (A) (A) (A)
                 (A) (A) (A) (A) (A) (A) (A) (A) (A) (A) (A) (A)
                 (A) (A) (A) (A) (A) (A) (A) (A) (A) (A) (A) (A)
                 (A) (A) (A) (A) (A) (A) (A) (A) (A) (A) (A) (A)
                 (A) (A) (A) (A) (A) (A) (A) (A) (A) (A) (A) (A)
                 (A) (A) (A) (A) (A) (A) (A) (A) (A) (A) (A) (A)
                 (A) (A) (A) (A) (A) (A) (A) (A) (A) (A) (A) (A)
                 (A) (A) (A) (A) (A) (A) (A) (A) (A) (A) (A) (A)
                 (A) (A) (A) (A) (A) (A) (A) (A) (A) (A) (A) (A)
                 (A) (A) (A) (A) (A) (A) (A) (A) (A) (A) (A) (A)
                 (A) (A) (A) (A) (A) (A) (A) (A) (A) (A) (A) (A)
                 (A) (A) (A) (A) (A) (A) (A) (A) (A) (A) (A) (A)
                 (A) (A) (A) (A) (A) (A) (A) (A) (A) (A) (A) (A)
                 (A) (A) (A) (A) (A) (A) (A) (A) (A) (A) (A) (A)
                 (A) (A) (A) (A) (A) (A) (A) (A) (A) (A) (A) (A)
                 (A) (A) (A) (A) (A) (A) (A) (A) (A) (A) (A) (A)
                 (A) (A) (A) (A) (A) (A) (A) (A) (A) (A) (A) (A)
                 (A) (A) (A) (A) (A) (A) (A) (A) (A) (A) (A) (A)
                 (A) (A) (A) (A) (A) (A) (A) (A) (A) (A) (A) (A)
                 (A) (A) (A) (A) (A) (A) (A) (A) (A) (A) (A) (A)
                 (A) (A) (A) (A) (A) (A) (A) (A) (A) (A) (A) (A)
                 (A) (A) (A) (A) (A) (A) (A) (A) (A) (A) (A) (A)
                 (A) (A) (A) (A) (A) (A) (A) (A) (A) (A) (A) (A)
                 (A) (A) (A) (A) (A) (A) (A) (A) (A) (A) (A) (A)
                 (A) (A) (A) (A) (A) (A) (A) (A) (A) (A) (A) (A)
                 (A) (A) (A) (A)
 The electronic state of the initial guess is 1-A.
 Requested convergence on RMS density matrix=1.00D-08 within 128 cycles.
 Requested convergence on MAX density matrix=1.00D-06.
 Requested convergence on             energy=1.00D-06.
 No special actions if energy rises.
 Initial convergence to 2.3D-05 achieved.  Increase integral accuracy.
 SCF Done:  E(RHF) =  -1480.16692509     A.U. after   36 cycles
             Convg  =    0.5301D-08             -V/T =  1.9956

 **********************************************************************

            Population analysis using the SCF density.

 **********************************************************************

 Orbital symmetries:
       Occupied  (A) (A) (A) (A) (A) (A) (A) (A) (A) (A) (A) (A)
                 (A) (A) (A) (A) (A) (A) (A) (A) (A) (A) (A) (A)
                 (A) (A) (A) (A) (A) (A) (A) (A) (A) (A) (A) (A)
                 (A) (A) (A) (A) (A) (A) (A) (A) (A) (A) (A) (A)
                 (A) (A) (A) (A) (A) (A) (A) (A) (A) (A) (A) (A)
                 (A) (A) (A) (A) (A) (A) (A) (A) (A) (A) (A) (A)
                 (A) (A) (A) (A) (A) (A) (A)
       Virtual   (A) (A) (A) (A) (A) (A) (A) (A) (A) (A) (A) (A)
                 (A) (A) (A) (A) (A) (A) (A) (A) (A) (A) (A) (A)
                 (A) (A) (A) (A) (A) (A) (A) (A) (A) (A) (A) (A)
                 (A) (A) (A) (A) (A) (A) (A) (A) (A) (A) (A) (A)
                 (A) (A) (A) (A) (A) (A) (A) (A) (A) (A) (A) (A)
                 (A) (A) (A) (A) (A) (A) (A) (A) (A) (A) (A) (A)
                 (A) (A) (A) (A) (A) (A) (A) (A) (A) (A) (A) (A)
                 (A) (A) (A) (A) (A) (A) (A) (A) (A) (A) (A) (A)
                 (A) (A) (A) (A) (A) (A) (A) (A) (A) (A) (A) (A)
                 (A) (A) (A) (A) (A) (A) (A) (A) (A) (A) (A) (A)
                 (A) (A) (A) (A) (A) (A) (A) (A) (A) (A) (A) (A)
                 (A) (A) (A) (A) (A) (A) (A) (A) (A) (A) (A) (A)
                 (A) (A) (A) (A) (A) (A) (A) (A) (A) (A) (A) (A)
                 (A) (A) (A) (A) (A) (A) (A) (A) (A) (A) (A) (A)
                 (A) (A) (A) (A) (A) (A) (A) (A) (A) (A) (A) (A)
                 (A) (A) (A) (A) (A) (A) (A) (A) (A) (A) (A) (A)
                 (A) (A) (A) (A) (A) (A) (A) (A) (A) (A) (A) (A)
                 (A) (A) (A) (A) (A) (A) (A) (A) (A) (A) (A) (A)
                 (A) (A) (A) (A) (A) (A) (A) (A) (A) (A) (A) (A)
                 (A) (A) (A) (A) (A) (A) (A) (A) (A) (A) (A) (A)
                 (A) (A) (A) (A) (A) (A) (A) (A) (A) (A) (A) (A)
                 (A) (A) (A) (A) (A) (A) (A) (A) (A) (A) (A) (A)
                 (A) (A) (A) (A) (A) (A) (A) (A) (A) (A) (A) (A)
                 (A) (A) (A) (A) (A) (A) (A) (A) (A) (A) (A) (A)
                 (A) (A) (A) (A) (A) (A) (A) (A) (A) (A) (A) (A)
                 (A) (A) (A) (A) (A) (A) (A) (A) (A) (A) (A) (A)
                 (A) (A) (A) (A) (A) (A) (A) (A) (A) (A) (A) (A)
                 (A) (A) (A) (A) (A) (A) (A) (A) (A) (A) (A) (A)
                 (A) (A) (A) (A) (A) (A) (A) (A) (A) (A) (A) (A)
                 (A) (A) (A) (A) (A) (A) (A) (A) (A) (A) (A) (A)
                 (A) (A) (A) (A) (A) (A) (A) (A) (A) (A) (A) (A)
                 (A) (A) (A) (A) (A) (A) (A) (A) (A) (A) (A) (A)
                 (A) (A) (A) (A)
 The electronic state is 1-A.
 Alpha  occ. eigenvalues --  -91.93150 -80.01862 -20.64407 -15.60038 -11.40007
 Alpha  occ. eigenvalues --  -11.37994 -11.37525 -11.31628 -11.30769 -11.30594
 Alpha  occ. eigenvalues --  -11.26086 -11.25767 -11.25527 -11.25462 -11.24492
 Alpha  occ. eigenvalues --  -11.24272 -11.24064 -11.23848 -11.23710 -11.22740
 Alpha  occ. eigenvalues --   -8.94050  -7.57220  -6.62310  -6.62161  -6.61952
 Alpha  occ. eigenvalues --   -5.46978  -5.46687  -5.46391  -1.55193  -1.47034
 Alpha  occ. eigenvalues --   -1.40586  -1.25480  -1.19879  -1.12719  -1.09519
 Alpha  occ. eigenvalues --   -1.07982  -1.04976  -0.98573  -0.97214  -0.94565
 Alpha  occ. eigenvalues --   -0.93986  -0.91888  -0.88109  -0.83974  -0.80835
 Alpha  occ. eigenvalues --   -0.79267  -0.76678  -0.74820  -0.73673  -0.72364
 Alpha  occ. eigenvalues --   -0.70550  -0.67924  -0.66823  -0.66287  -0.65452
 Alpha  occ. eigenvalues --   -0.63852  -0.63152  -0.61629  -0.60613  -0.58437
 Alpha  occ. eigenvalues --   -0.56318  -0.55639  -0.53237  -0.52393  -0.51452
 Alpha  occ. eigenvalues --   -0.50169  -0.48870  -0.47562  -0.46569  -0.44019
 Alpha  occ. eigenvalues --   -0.42005  -0.40753  -0.40576  -0.39012  -0.35280
 Alpha  occ. eigenvalues --   -0.34569  -0.29407  -0.22164  -0.18840
 Alpha virt. eigenvalues --    0.03865   0.04527   0.05657   0.06311   0.07035
 Alpha virt. eigenvalues --    0.07295   0.07761   0.08002   0.08375   0.08545
 Alpha virt. eigenvalues --    0.08997   0.09618   0.10144   0.10523   0.10915
 Alpha virt. eigenvalues --    0.11259   0.11769   0.11919   0.12502   0.13094
 Alpha virt. eigenvalues --    0.13567   0.13904   0.14138   0.15020   0.15358
 Alpha virt. eigenvalues --    0.16184   0.16446   0.16895   0.17350   0.18025
 Alpha virt. eigenvalues --    0.18332   0.18505   0.18898   0.19213   0.19753
 Alpha virt. eigenvalues --    0.20069   0.20639   0.20773   0.21648   0.22135
 Alpha virt. eigenvalues --    0.22562   0.22823   0.22985   0.23120   0.23694
 Alpha virt. eigenvalues --    0.24295   0.24314   0.24890   0.25211   0.25467
 Alpha virt. eigenvalues --    0.25567   0.26259   0.26466   0.26871   0.27157
 Alpha virt. eigenvalues --    0.27229   0.27595   0.28095   0.28154   0.28429
 Alpha virt. eigenvalues --    0.29191   0.29509   0.29952   0.30101   0.30623
 Alpha virt. eigenvalues --    0.30876   0.31164   0.31936   0.32130   0.32392
 Alpha virt. eigenvalues --    0.32743   0.32963   0.33439   0.33783   0.34266
 Alpha virt. eigenvalues --    0.35079   0.35420   0.35581   0.36038   0.36717
 Alpha virt. eigenvalues --    0.37196   0.37984   0.38918   0.39682   0.40583
 Alpha virt. eigenvalues --    0.40963   0.41463   0.42208   0.43088   0.43528
 Alpha virt. eigenvalues --    0.43796   0.44320   0.45177   0.45700   0.45996
 Alpha virt. eigenvalues --    0.46714   0.46980   0.47567   0.48103   0.49088
 Alpha virt. eigenvalues --    0.49752   0.50128   0.50488   0.51329   0.51591
 Alpha virt. eigenvalues --    0.53040   0.53120   0.54814   0.55622   0.56103
 Alpha virt. eigenvalues --    0.58030   0.58189   0.59164   0.59538   0.59729
 Alpha virt. eigenvalues --    0.61039   0.62657   0.63595   0.63917   0.65611
 Alpha virt. eigenvalues --    0.67079   0.69415   0.70953   0.73743   0.74955
 Alpha virt. eigenvalues --    0.76372   0.77457   0.78989   0.79499   0.82183
 Alpha virt. eigenvalues --    0.84142   0.87225   0.87775   0.90265   0.90463
 Alpha virt. eigenvalues --    0.91384   0.91603   0.93432   0.93789   0.94415
 Alpha virt. eigenvalues --    0.94890   0.96454   0.97002   0.98297   0.98642
 Alpha virt. eigenvalues --    0.99263   1.00939   1.01067   1.02225   1.02492
 Alpha virt. eigenvalues --    1.03364   1.03469   1.04654   1.05200   1.05903
 Alpha virt. eigenvalues --    1.06674   1.06965   1.07998   1.09165   1.09685
 Alpha virt. eigenvalues --    1.10143   1.10912   1.11936   1.12731   1.12995
 Alpha virt. eigenvalues --    1.14205   1.14520   1.14974   1.16479   1.17446
 Alpha virt. eigenvalues --    1.18609   1.19252   1.20170   1.20295   1.20849
 Alpha virt. eigenvalues --    1.21761   1.22654   1.23525   1.24068   1.24327
 Alpha virt. eigenvalues --    1.24887   1.27460   1.28031   1.28885   1.29020
 Alpha virt. eigenvalues --    1.29672   1.31786   1.32759   1.33006   1.35614
 Alpha virt. eigenvalues --    1.35941   1.36110   1.38568   1.39241   1.39509
 Alpha virt. eigenvalues --    1.39636   1.41505   1.42831   1.43638   1.46845
 Alpha virt. eigenvalues --    1.48562   1.49029   1.50044   1.51504   1.51717
 Alpha virt. eigenvalues --    1.52029   1.54913   1.56362   1.57579   1.58278
 Alpha virt. eigenvalues --    1.60905   1.63818   1.64285   1.66181   1.66918
 Alpha virt. eigenvalues --    1.67762   1.68704   1.69964   1.72535   1.73652
 Alpha virt. eigenvalues --    1.76191   1.76395   1.77516   1.78918   1.81042
 Alpha virt. eigenvalues --    1.81560   1.83809   1.86038   1.87772   1.89481
 Alpha virt. eigenvalues --    1.90175   1.91041   1.93657   1.94166   1.96725
 Alpha virt. eigenvalues --    1.98485   2.00698   2.03117   2.04787   2.06253
 Alpha virt. eigenvalues --    2.08180   2.09059   2.12037   2.12587   2.13662
 Alpha virt. eigenvalues --    2.14266   2.15504   2.16411   2.18552   2.19010
 Alpha virt. eigenvalues --    2.21099   2.22225   2.23035   2.24128   2.24307
 Alpha virt. eigenvalues --    2.25808   2.28230   2.30680   2.32069   2.33413
 Alpha virt. eigenvalues --    2.34733   2.35144   2.35520   2.36011   2.37060
 Alpha virt. eigenvalues --    2.39244   2.42075   2.43231   2.43870   2.45221
 Alpha virt. eigenvalues --    2.47626   2.49903   2.50348   2.51769   2.53943
 Alpha virt. eigenvalues --    2.55000   2.56136   2.58019   2.59933   2.60959
 Alpha virt. eigenvalues --    2.63391   2.64639   2.65578   2.66968   2.67695
 Alpha virt. eigenvalues --    2.67921   2.69188   2.70074   2.70941   2.72869
 Alpha virt. eigenvalues --    2.73308   2.74217   2.76283   2.76913   2.78579
 Alpha virt. eigenvalues --    2.78996   2.80273   2.80631   2.83092   2.83994
 Alpha virt. eigenvalues --    2.84928   2.85276   2.86669   2.87079   2.87789
 Alpha virt. eigenvalues --    2.88854   2.89618   2.91916   2.92033   2.92716
 Alpha virt. eigenvalues --    2.95370   2.95781   2.96820   2.98407   2.99924
 Alpha virt. eigenvalues --    3.00958   3.01890   3.02293   3.03255   3.05256
 Alpha virt. eigenvalues --    3.07155   3.07286   3.07649   3.09631   3.12578
 Alpha virt. eigenvalues --    3.14565   3.16601   3.17881   3.19003   3.20858
 Alpha virt. eigenvalues --    3.22630   3.25293   3.26348   3.28085   3.28597
 Alpha virt. eigenvalues --    3.31905   3.34836   3.36203   3.37626   3.41977
 Alpha virt. eigenvalues --    3.42878   3.45608   3.50172   3.50845   3.54617
 Alpha virt. eigenvalues --    3.58205   3.59355   3.62515   3.64877   3.69971
 Alpha virt. eigenvalues --    3.70837   3.74226   3.76847   3.85095   3.87108
 Alpha virt. eigenvalues --    3.89028   3.90731   3.94036   3.97120   3.97509
 Alpha virt. eigenvalues --    4.00149   4.08765   4.11067   4.15899   4.23383
 Alpha virt. eigenvalues --    4.32915   4.47855   4.71285   4.81952   4.89556
 Alpha virt. eigenvalues --    4.92254   4.95106   5.00212   5.04086   5.07427
 Alpha virt. eigenvalues --    5.11167   5.11549   5.16822   5.23320   5.30520
 Alpha virt. eigenvalues --    5.31888   5.36064   5.47175   5.53315   5.74509
 Alpha virt. eigenvalues --    5.79508   5.94497  10.17797
          Condensed to atoms (all electrons):
              1          2          3          4          5          6
     1  C   26.134131 -10.741854   4.842856   0.628381  -6.030000   0.254987
     2  C  -10.741854  29.459610 -16.971136   0.342513   1.973964  -0.027816
     3  C    4.842856 -16.971136  28.085866  -3.973190   0.240876   0.065565
     4  C    0.628381   0.342513  -3.973190  16.220910  -2.275694   0.013648
     5  N   -6.030000   1.973964   0.240876  -2.275694  17.508248   0.021948
     6  H    0.254987  -0.027816   0.065565   0.013648   0.021948   0.479418
     7  H    0.118928  -0.159923   0.290149   0.007667   0.006275  -0.002282
     8  H   -0.152997   0.352757  -0.217923   0.048937   0.027681  -0.000092
     9  H    0.207151  -0.219791   0.677431   0.429206   0.189741  -0.000033
    10  C    1.674934  -0.883185   0.274256   0.073538  -0.268756   0.007646
    11  C   -1.605998   2.451375  -1.413525  -0.347963   0.391040  -0.022627
    12  C    8.520703  -9.283209   2.704971   1.014355  -1.802244   0.088305
    13  C  -12.872784   5.044405   2.955772  -2.165559   4.221677  -0.084843
    14  S   -2.143257   0.125715   0.481551  -0.185708   1.037490   0.022359
    15  H    0.004891  -0.017061  -0.003037   0.000152   0.000480  -0.000127
    16  H    0.001779   0.043973   0.006895   0.001851   0.000177   0.000042
    17  H    0.041424   0.235509  -0.122160  -0.014025  -0.005339  -0.000414
    18  H    0.326285  -0.276321   0.076683  -0.010923  -0.087493   0.001310
    19  C   -1.199776   4.076982   1.525269  -8.774869  -4.311797  -0.080914
    20  C    3.490048  -2.214602  -4.915200   2.409296  -5.009582   0.052735
    21  C    0.906298  -1.736093   0.358687   1.199616  -1.925889   0.005429
    22  C   -0.403123   0.004674  -0.539255   0.190594   0.513814   0.001140
    23  O   -0.037629   0.072568   0.096278  -0.228125   0.295880  -0.000050
    24  H    0.306010  -0.197577   0.020603   0.320517  -1.669378  -0.001111
    25  H    0.355803   0.487141   0.469226  -0.362455  -0.163386  -0.000882
    26  H    0.005307   0.006126  -0.016902   0.006418  -0.012432   0.000000
    27  H   -0.000375   0.005487  -0.000366  -0.003045   0.000422   0.000000
    28  C    0.118987   0.231233  -0.234218  -0.106230  -0.925268  -0.005337
    29  C   -8.112669   5.830331  -9.618445   1.292875   4.721608   0.022651
    30  C   -0.265230  -0.078439  -0.026597  -0.235383   1.063334   0.007303
    31  H   -0.051762   0.011449  -0.004089   0.008667   0.040960   0.000031
    32  C    0.760387   0.432215  -1.674977   1.195417  -1.284810   0.001832
    33  H   -0.031711   0.062445   0.341259  -0.062440   0.141370   0.000003
    34  H   -0.003717   0.004088  -0.004365   0.000911  -0.001897  -0.000001
    35  H   -0.003597   0.001719  -0.003139   0.002965   0.000700   0.000000
    36  P    1.901349  -2.463148   2.233935  -0.425989   0.321606  -0.009674
              7          8          9         10         11         12
     1  C    0.118928  -0.152997   0.207151   1.674934  -1.605998   8.520703
     2  C   -0.159923   0.352757  -0.219791  -0.883185   2.451375  -9.283209
     3  C    0.290149  -0.217923   0.677431   0.274256  -1.413525   2.704971
     4  C    0.007667   0.048937   0.429206   0.073538  -0.347963   1.014355
     5  N    0.006275   0.027681   0.189741  -0.268756   0.391040  -1.802244
     6  H   -0.002282  -0.000092  -0.000033   0.007646  -0.022627   0.088305
     7  H    0.514738  -0.008453   0.000552   0.000075  -0.028619   0.119562
     8  H   -0.008453   0.522943  -0.027051   0.001274   0.008414  -0.001676
     9  H    0.000552  -0.027051   0.757339  -0.000492   0.000963  -0.059205
    10  C    0.000075   0.001274  -0.000492   6.817042  -0.874730   2.725485
    11  C   -0.028619   0.008414   0.000963  -0.874730   8.643100  -6.303908
    12  C    0.119562  -0.001676  -0.059205   2.725485  -6.303908  25.898241
    13  C    0.025382  -0.017110   0.136896  -3.049205   4.622228 -18.333133
    14  S    0.002115   0.002068   0.002913  -0.869721   1.161694  -2.865320
    15  H   -0.000001   0.000000   0.000000   0.233293   0.020830   0.015537
    16  H    0.000649  -0.000005   0.000000   0.089268   0.177527   0.091314
    17  H    0.000641   0.000621   0.000003  -0.017483   0.195841  -0.109448
    18  H   -0.000533   0.001779  -0.001197   0.022667   0.001493   0.243585
    19  C   -0.052931   0.044835  -0.199386  -0.077372   0.258043  -2.012417
    20  C    0.008971   0.172307  -0.788130   0.392494  -1.103953   4.788504
    21  C   -0.003246  -0.069995  -0.006289   0.070865  -0.327898   1.254181
    22  C    0.001664  -0.002199  -0.011161  -0.005345   0.001036   0.070980
    23  O    0.000138  -0.000811   0.005832  -0.001295   0.004244  -0.008119
    24  H   -0.000159   0.000044  -0.017275   0.004970  -0.023240   0.102002
    25  H    0.000082  -0.003706   0.029695  -0.023149   0.094367  -0.151326
    26  H   -0.000004   0.000571  -0.005907   0.000076  -0.000492   0.008987
    27  H    0.000000   0.000001  -0.002023  -0.000003   0.000022   0.000221
    28  C   -0.003364  -0.000523  -0.004786   0.006620  -0.000848  -0.077884
    29  C   -0.009478   0.180864  -0.432849  -0.346047   0.455709  -1.601613
    30  C    0.001152   0.003503  -0.010801   0.081165  -0.092999   0.359595
    31  H    0.000000   0.000000   0.000007  -0.014353   0.005758  -0.024438
    32  C   -0.005469   0.016190  -0.006404  -0.004997  -0.097397   0.511705
    33  H    0.000089  -0.004377   0.014177  -0.003241   0.025121  -0.142037
    34  H    0.000000   0.000000   0.000000   0.002996  -0.000252  -0.000362
    35  H    0.000000  -0.000001   0.000004   0.000017   0.000358  -0.016970
    36  P    0.017809  -0.042520   0.167713   0.102652   0.030025   0.322488
             13         14         15         16         17         18
     1  C  -12.872784  -2.143257   0.004891   0.001779   0.041424   0.326285
     2  C    5.044405   0.125715  -0.017061   0.043973   0.235509  -0.276321
     3  C    2.955772   0.481551  -0.003037   0.006895  -0.122160   0.076683
     4  C   -2.165559  -0.185708   0.000152   0.001851  -0.014025  -0.010923
     5  N    4.221677   1.037490   0.000480   0.000177  -0.005339  -0.087493
     6  H   -0.084843   0.022359  -0.000127   0.000042  -0.000414   0.001310
     7  H    0.025382   0.002115  -0.000001   0.000649   0.000641  -0.000533
     8  H   -0.017110   0.002068   0.000000  -0.000005   0.000621   0.001779
     9  H    0.136896   0.002913   0.000000   0.000000   0.000003  -0.001197
    10  C   -3.049205  -0.869721   0.233293   0.089268  -0.017483   0.022667
    11  C    4.622228   1.161694   0.020830   0.177527   0.195841   0.001493
    12  C  -18.333133  -2.865320   0.015537   0.091314  -0.109448   0.243585
    13  C   31.583694   2.443113   0.007731  -0.037304   0.109793  -0.205966
    14  S    2.443113  18.657602   0.081116  -0.032804  -0.002104   0.022748
    15  H    0.007731   0.081116   0.487533  -0.000281  -0.000106  -0.000098
    16  H   -0.037304  -0.032804  -0.000281   0.499326  -0.000047  -0.000163
    17  H    0.109793  -0.002104  -0.000106  -0.000047   0.548934  -0.003252
    18  H   -0.205966   0.022748  -0.000098  -0.000163  -0.003252   0.804307
    19  C    2.660127  -0.243641  -0.000058  -0.000799   0.025563   0.004566
    20  C   -8.383106  -1.182197  -0.000253   0.004736  -0.016577   0.454787
    21  C   -3.208317  -0.196273  -0.000030   0.000279  -0.006915   0.158835
    22  C    0.026123   0.030177   0.000005   0.000005  -0.001089  -0.013845
    23  O    0.071639   0.005505   0.000000   0.000000  -0.000007  -0.003418
    24  H   -0.310799  -0.045093   0.000000   0.000000  -0.000005   0.008847
    25  H    0.262122  -0.089663   0.000002   0.000005   0.000607  -0.113383
    26  H   -0.022020  -0.001321   0.000000   0.000000   0.000000   0.000239
    27  H   -0.000243   0.000030   0.000000   0.000000   0.000000   0.000000
    28  C   -0.107331  -0.545194   0.002608  -0.000202  -0.001729  -0.127856
    29  C    1.828733   1.095135  -0.000351  -0.000425   0.003122  -0.526506
    30  C   -0.043493   0.548203  -0.002155  -0.000057   0.002274   0.066559
    31  H    0.020853   0.023737   0.000006   0.000000   0.000000  -0.000121
    32  C   -1.641159  -0.413605   0.000389  -0.000287  -0.004973   0.226915
    33  H    0.294563   0.042481   0.000000   0.000000   0.000221  -0.012888
    34  H   -0.007237   0.007237   0.000000   0.000000   0.000000  -0.000355
    35  H    0.006531   0.012015   0.000000   0.000000  -0.000001  -0.002175
    36  P   -0.364281  -0.982885   0.006998   0.005562   0.012853  -0.070366
             19         20         21         22         23         24
     1  C   -1.199776   3.490048   0.906298  -0.403123  -0.037629   0.306010
     2  C    4.076982  -2.214602  -1.736093   0.004674   0.072568  -0.197577
     3  C    1.525269  -4.915200   0.358687  -0.539255   0.096278   0.020603
     4  C   -8.774869   2.409296   1.199616   0.190594  -0.228125   0.320517
     5  N   -4.311797  -5.009582  -1.925889   0.513814   0.295880  -1.669378
     6  H   -0.080914   0.052735   0.005429   0.001140  -0.000050  -0.001111
     7  H   -0.052931   0.008971  -0.003246   0.001664   0.000138  -0.000159
     8  H    0.044835   0.172307  -0.069995  -0.002199  -0.000811   0.000044
     9  H   -0.199386  -0.788130  -0.006289  -0.011161   0.005832  -0.017275
    10  C   -0.077372   0.392494   0.070865  -0.005345  -0.001295   0.004970
    11  C    0.258043  -1.103953  -0.327898   0.001036   0.004244  -0.023240
    12  C   -2.012417   4.788504   1.254181   0.070980  -0.008119   0.102002
    13  C    2.660127  -8.383106  -3.208317   0.026123   0.071639  -0.310799
    14  S   -0.243641  -1.182197  -0.196273   0.030177   0.005505  -0.045093
    15  H   -0.000058  -0.000253  -0.000030   0.000005   0.000000   0.000000
    16  H   -0.000799   0.004736   0.000279   0.000005   0.000000   0.000000
    17  H    0.025563  -0.016577  -0.006915  -0.001089  -0.000007  -0.000005
    18  H    0.004566   0.454787   0.158835  -0.013845  -0.003418   0.008847
    19  C   34.106668  -8.188488   2.369169  -3.023899  -0.014074   0.783551
    20  C   -8.188488  33.714080  -5.255089   1.519640  -0.049030   1.086544
    21  C    2.369169  -5.255089  20.420726  -2.117142  -0.681328   0.292081
    22  C   -3.023899   1.519640  -2.117142   7.002199   0.374698  -0.033984
    23  O   -0.014074  -0.049030  -0.681328   0.374698   8.224689  -0.124613
    24  H    0.783551   1.086544   0.292081  -0.033984  -0.124613   1.310811
    25  H    1.879031  -2.379982  -1.596668  -0.176045   0.012072  -0.045149
    26  H   -0.035607  -0.063754   0.374978   0.059924   0.000514   0.000289
    27  H   -0.024726   0.061660  -0.035218   0.304575  -0.020018   0.000049
    28  C    1.835194   0.605630   0.204292  -0.036669  -0.020365   0.065934
    29  C   -8.362663  -0.154460  -4.772333   2.057722   0.290044  -0.472691
    30  C   -1.964351  -0.561334  -0.387299   0.087725   0.026265  -0.063971
    31  H   -0.010426  -0.059114  -0.001355   0.000519   0.000195  -0.005009
    32  C   -0.773579   1.807432   0.164403   0.141098   0.005549   0.197669
    33  H    0.137057  -0.446634  -0.182554   0.003168   0.007189  -0.010067
    34  H    0.005216   0.011004   0.002103  -0.000013   0.000016  -0.000001
    35  H   -0.005243  -0.026567  -0.002906   0.000820  -0.000021  -0.000026
    36  P   -3.848200  -2.796813   1.080236  -0.229050  -0.034852  -0.485569
             25         26         27         28         29         30
     1  C    0.355803   0.005307  -0.000375   0.118987  -8.112669  -0.265230
     2  C    0.487141   0.006126   0.005487   0.231233   5.830331  -0.078439
     3  C    0.469226  -0.016902  -0.000366  -0.234218  -9.618445  -0.026597
     4  C   -0.362455   0.006418  -0.003045  -0.106230   1.292875  -0.235383
     5  N   -0.163386  -0.012432   0.000422  -0.925268   4.721608   1.063334
     6  H   -0.000882   0.000000   0.000000  -0.005337   0.022651   0.007303
     7  H    0.000082  -0.000004   0.000000  -0.003364  -0.009478   0.001152
     8  H   -0.003706   0.000571   0.000001  -0.000523   0.180864   0.003503
     9  H    0.029695  -0.005907  -0.002023  -0.004786  -0.432849  -0.010801
    10  C   -0.023149   0.000076  -0.000003   0.006620  -0.346047   0.081165
    11  C    0.094367  -0.000492   0.000022  -0.000848   0.455709  -0.092999
    12  C   -0.151326   0.008987   0.000221  -0.077884  -1.601613   0.359595
    13  C    0.262122  -0.022020  -0.000243  -0.107331   1.828733  -0.043493
    14  S   -0.089663  -0.001321   0.000030  -0.545194   1.095135   0.548203
    15  H    0.000002   0.000000   0.000000   0.002608  -0.000351  -0.002155
    16  H    0.000005   0.000000   0.000000  -0.000202  -0.000425  -0.000057
    17  H    0.000607   0.000000   0.000000  -0.001729   0.003122   0.002274
    18  H   -0.113383   0.000239   0.000000  -0.127856  -0.526506   0.066559
    19  C    1.879031  -0.035607  -0.024726   1.835194  -8.362663  -1.964351
    20  C   -2.379982  -0.063754   0.061660   0.605630  -0.154460  -0.561334
    21  C   -1.596668   0.374978  -0.035218   0.204292  -4.772333  -0.387299
    22  C   -0.176045   0.059924   0.304575  -0.036669   2.057722   0.087725
    23  O    0.012072   0.000514  -0.020018  -0.020365   0.290044   0.026265
    24  H   -0.045149   0.000289   0.000049   0.065934  -0.472691  -0.063971
    25  H    9.604983  -0.007291  -0.000521   0.637398  -8.476668  -0.658220
    26  H   -0.007291   0.449671   0.001232   0.001316   0.080468  -0.000136
    27  H   -0.000521   0.001232   0.450732  -0.000465   0.009532   0.000952
    28  C    0.637398   0.001316  -0.000465  10.679654  -3.858418  -5.353689
    29  C   -8.476668   0.080468   0.009532  -3.858418  40.078194   5.650646
    30  C   -0.658220  -0.000136   0.000952  -5.353689   5.650646  13.067040
    31  H   -0.000169   0.000000   0.000000   0.243226   0.032273   0.040195
    32  C   -0.123637   0.018151   0.000240   1.129956  -4.460379  -1.737069
    33  H    0.820297  -0.018863  -0.000164   0.069316  -1.037580  -0.086239
    34  H   -0.000213   0.000000   0.000000   0.164382  -0.044061   0.087029
    35  H   -0.013958  -0.000018   0.000000   0.024374  -0.058638  -0.000865
    36  P    1.214281  -0.045242   0.046853   1.929932  -6.916909  -3.486077
             31         32         33         34         35         36
     1  C   -0.051762   0.760387  -0.031711  -0.003717  -0.003597   1.901349
     2  C    0.011449   0.432215   0.062445   0.004088   0.001719  -2.463148
     3  C   -0.004089  -1.674977   0.341259  -0.004365  -0.003139   2.233935
     4  C    0.008667   1.195417  -0.062440   0.000911   0.002965  -0.425989
     5  N    0.040960  -1.284810   0.141370  -0.001897   0.000700   0.321606
     6  H    0.000031   0.001832   0.000003  -0.000001   0.000000  -0.009674
     7  H    0.000000  -0.005469   0.000089   0.000000   0.000000   0.017809
     8  H    0.000000   0.016190  -0.004377   0.000000  -0.000001  -0.042520
     9  H    0.000007  -0.006404   0.014177   0.000000   0.000004   0.167713
    10  C   -0.014353  -0.004997  -0.003241   0.002996   0.000017   0.102652
    11  C    0.005758  -0.097397   0.025121  -0.000252   0.000358   0.030025
    12  C   -0.024438   0.511705  -0.142037  -0.000362  -0.016970   0.322488
    13  C    0.020853  -1.641159   0.294563  -0.007237   0.006531  -0.364281
    14  S    0.023737  -0.413605   0.042481   0.007237   0.012015  -0.982885
    15  H    0.000006   0.000389   0.000000   0.000000   0.000000   0.006998
    16  H    0.000000  -0.000287   0.000000   0.000000   0.000000   0.005562
    17  H    0.000000  -0.004973   0.000221   0.000000  -0.000001   0.012853
    18  H   -0.000121   0.226915  -0.012888  -0.000355  -0.002175  -0.070366
    19  C   -0.010426  -0.773579   0.137057   0.005216  -0.005243  -3.848200
    20  C   -0.059114   1.807432  -0.446634   0.011004  -0.026567  -2.796813
    21  C   -0.001355   0.164403  -0.182554   0.002103  -0.002906   1.080236
    22  C    0.000519   0.141098   0.003168  -0.000013   0.000820  -0.229050
    23  O    0.000195   0.005549   0.007189   0.000016  -0.000021  -0.034852
    24  H   -0.005009   0.197669  -0.010067  -0.000001  -0.000026  -0.485569
    25  H   -0.000169  -0.123637   0.820297  -0.000213  -0.013958   1.214281
    26  H    0.000000   0.018151  -0.018863   0.000000  -0.000018  -0.045242
    27  H    0.000000   0.000240  -0.000164   0.000000   0.000000   0.046853
    28  C    0.243226   1.129956   0.069316   0.164382   0.024374   1.929932
    29  C    0.032273  -4.460379  -1.037580  -0.044061  -0.058638  -6.916909
    30  C    0.040195  -1.737069  -0.086239   0.087029  -0.000865  -3.486077
    31  H    0.491085  -0.011194   0.000075  -0.001495  -0.000034   0.076311
    32  C   -0.011194  12.117620  -0.311984   0.080638   0.385994  -0.372877
    33  H    0.000075  -0.311984   0.657857   0.000061   0.001565   0.505001
    34  H   -0.001495   0.080638   0.000061   0.481127   0.000061   0.046307
    35  H   -0.000034   0.385994   0.001565   0.000061   0.480373   0.052841
    36  P    0.076311  -0.372877   0.505001   0.046307   0.052841  27.142769
 Mulliken atomic charges:
              1
     1  C   -0.944161
     2  C    0.013876
     3  C   -0.009603
     4  C   -0.236837
     5  N    0.054675
     6  H    0.189851
     7  H    0.157827
     8  H    0.164650
     9  H    0.173158
    10  C   -0.141960
    11  C   -0.304738
    12  C   -0.047411
    13  C    0.532507
    14  S   -0.006219
    15  H    0.161987
    16  H    0.148987
    17  H    0.128269
    18  H    0.035254
    19  C   -0.506058
    20  C   -0.985002
    21  C   -0.349341
    22  C    0.200519
    23  O   -0.269560
    24  H    0.005799
    25  H   -0.480640
    26  H    0.215723
    27  H    0.205160
    28  C   -0.539677
    29  C    1.633278
    30  C   -0.038535
    31  H    0.188211
    32  C   -0.269001
    33  H    0.227464
    34  H    0.170794
    35  H    0.163826
    36  P    0.356929
 Sum of Mulliken atomic charges =   0.00000
 Mulliken charges with hydrogens summed into heavy atoms:
              1
     1  C   -0.754310
     2  C    0.171703
     3  C    0.155047
     4  C   -0.063679
     5  N    0.054675
    10  C    0.020027
    11  C   -0.155751
    12  C    0.080858
    13  C    0.567761
    14  S   -0.006219
    19  C   -0.500259
    20  C   -0.985002
    21  C   -0.133618
    22  C    0.405679
    23  O   -0.269560
    28  C   -0.351466
    29  C    1.380102
    30  C    0.132259
    32  C   -0.105175
    36  P    0.356929
 Sum of Mulliken charges with hydrogens summed into heavy atoms =   0.00000
 Electronic spatial extent (au):  <R**2>=           4145.6956
 Charge=              0.0000 electrons
 Dipole moment (field-independent basis, Debye):
    X=             -1.9982    Y=             -2.7213    Z=              3.8257  Tot=              5.1024
 Quadrupole moment (field-independent basis, Debye-Ang):
   XX=           -126.7248   YY=           -140.6930   ZZ=           -136.9458
   XY=              0.2168   XZ=            -15.2934   YZ=             -6.8780
 Traceless Quadrupole moment (field-independent basis, Debye-Ang):
   XX=              8.0630   YY=             -5.9052   ZZ=             -2.1579
   XY=              0.2168   XZ=            -15.2934   YZ=             -6.8780
 Octapole moment (field-independent basis, Debye-Ang**2):
  XXX=            -63.3835  YYY=             -7.8346  ZZZ=             10.0253  XYY=             33.3585
  XXY=            -16.6425  XXZ=             15.0477  XZZ=             -1.5158  YZZ=              2.6759
  YYZ=              9.7138  XYZ=              9.2494
 Hexadecapole moment (field-independent basis, Debye-Ang**3):
 XXXX=          -3052.5164 YYYY=          -1678.0563 ZZZZ=           -749.9259 XXXY=              6.0141
 XXXZ=           -194.5384 YYYX=              4.8882 YYYZ=            -42.3111 ZZZX=            -33.7338
 ZZZY=            -21.9372 XXYY=           -889.4682 XXZZ=           -729.8220 YYZZ=           -422.1629
 XXYZ=            -30.0315 YYXZ=            -20.5508 ZZXY=             -0.2471
 N-N= 2.130901708340D+03 E-N=-7.752104480512D+03  KE= 1.486658388117D+03
 Calling FoFJK, ICntrl=      2127 FMM=F ISym2X=0 I1Cent= 0 IOpClX= 0 NMat=1 NMatS=1 NMatT=0.
 ***** Axes restored to original set *****
 -------------------------------------------------------------------
 Center     Atomic                   Forces (Hartrees/Bohr)
 Number     Number              X              Y              Z
 -------------------------------------------------------------------
      1        6          -0.083229153   -0.035403631    0.017835665
      2        6           0.128674936   -0.004437458   -0.019230182
      3        6           0.027572340   -0.022271164   -0.070730352
      4        6           0.013705121   -0.049973748    0.049492544
      5        7          -0.013616069   -0.256973100    0.079222698
      6        1          -0.015722498   -0.001610195    0.002355330
      7        1           0.005101847   -0.003451418    0.013746674
      8        1           0.006318584    0.038112768    0.003933343
      9        1           0.024947753    0.052884787    0.049381045
     10        6           0.072605508    0.031832750    0.010405269
     11        6          -0.068880936   -0.010024470   -0.025374265
     12        6           0.026882444   -0.032150857    0.020276771
     13        6          -0.010066134   -0.054480933    0.009193259
     14       16           0.005868648   -0.071548220    0.008259360
     15        1          -0.002747862   -0.003115383   -0.003164065
     16        1           0.002941453   -0.002789138    0.001113839
     17        1           0.007581801    0.011966528   -0.010611768
     18        1           0.015970829   -0.069249392    0.006127697
     19        6          -0.002990054    0.281332666   -0.002639100
     20        6           0.189499738    0.158366669    0.172310126
     21        6          -0.041432675    0.039498472    0.015662069
     22        6          -0.032734902   -0.051413275   -0.029317426
     23        8           0.111644000    0.053821430   -0.032405546
     24        1          -0.136451850    0.100182307    0.225593829
     25        1           1.810302924    0.427612409    1.204195496
     26        1           0.006237696    0.003093707    0.008548849
     27        1          -0.011785662    0.002272523    0.007099400
     28        6           0.003343272    0.031458935    0.057696103
     29        6          -1.960268135   -0.450494759   -1.235712369
     30        6           0.112125836    0.088267185   -0.054604300
     31        1           0.001259832    0.002050434    0.001548134
     32        6          -0.124956122   -0.074362657   -0.038151176
     33        1           0.164548981    0.038439919   -0.201958799
     34        1           0.002453938    0.001136413   -0.004725861
     35        1          -0.003312689    0.001333406   -0.003625971
     36       15          -0.231392740   -0.169913509   -0.231746320
 -------------------------------------------------------------------
 Cartesian Forces:  Max     1.960268135 RMS     0.321423175

 GradGradGradGradGradGradGradGradGradGradGradGradGradGradGradGradGradGrad
 Berny optimization.
 Internal  Forces:  Max     1.303979982 RMS     0.097133915
 Search for a local minimum.
 Step number   1 out of a maximum of  216
 All quantities printed in internal units (Hartrees-Bohrs-Radians)
 Mixed Optimization -- RFO/linear search
 Second derivative matrix not updated -- first step.
     Eigenvalues ---    0.00807   0.00813   0.00896   0.01051   0.01125
     Eigenvalues ---    0.01211   0.01295   0.01313   0.01401   0.01533
     Eigenvalues ---    0.01577   0.01769   0.01831   0.01966   0.02035
     Eigenvalues ---    0.02377   0.02487   0.02682   0.02738   0.02833
     Eigenvalues ---    0.02930   0.03405   0.03434   0.03600   0.03816
     Eigenvalues ---    0.04159   0.04332   0.04360   0.04774   0.05314
     Eigenvalues ---    0.05442   0.05494   0.05812   0.06190   0.06542
     Eigenvalues ---    0.06719   0.06906   0.07570   0.08276   0.08430
     Eigenvalues ---    0.09101   0.10302   0.10855   0.11269   0.12513
     Eigenvalues ---    0.12675   0.13397   0.13748   0.15218   0.15384
     Eigenvalues ---    0.15996   0.15997   0.15999   0.15999   0.15999
     Eigenvalues ---    0.15999   0.16000   0.16038   0.16443   0.17184
     Eigenvalues ---    0.17746   0.19060   0.19186   0.20252   0.21595
     Eigenvalues ---    0.22369   0.23767   0.24255   0.24908   0.25657
     Eigenvalues ---    0.26145   0.26660   0.27167   0.27409   0.27899
     Eigenvalues ---    0.28820   0.29862   0.30031   0.31549   0.32438
     Eigenvalues ---    0.32994   0.35132   0.36157   0.37230   0.37230
     Eigenvalues ---    0.37230   0.37230   0.37230   0.37230   0.37230
     Eigenvalues ---    0.37230   0.37230   0.37230   0.37230   0.38836
     Eigenvalues ---    0.39136   0.40784   0.43787   0.45259   0.46127
     Eigenvalues ---    0.49938   3.131371000.000001000.000001000.00000
     Eigenvalues --- 1000.000001000.000001000.000001000.000001000.00000
     Eigenvalues --- 1000.000001000.000001000.000001000.000001000.00000
     Eigenvalues --- 1000.000001000.000001000.000001000.000001000.00000
     Eigenvalues --- 1000.000001000.000001000.000001000.000001000.00000
     Eigenvalues --- 1000.000001000.000001000.000001000.000001000.00000
     Eigenvalues --- 1000.000001000.000001000.000001000.000001000.00000
     Eigenvalues --- 1000.000001000.000001000.000001000.000001000.00000
     Eigenvalues --- 1000.000001000.000001000.000001000.000001000.00000
     Eigenvalues --- 1000.000001000.000001000.000001000.000001000.00000
     Eigenvalues --- 1000.000001000.000001000.000001000.000001000.00000
     Eigenvalues --- 1000.000001000.000001000.000001000.000001000.00000
     Eigenvalues --- 1000.000001000.000001000.000001000.000001000.00000
     Eigenvalues --- 1000.000001000.000001000.000001000.000001000.00000
     Eigenvalues --- 1000.000001000.000001000.000001000.000001000.00000
     Eigenvalues --- 1000.000001000.000001000.000001000.000001000.00000
     Eigenvalues --- 1000.000001000.000001000.000001000.000001000.00000
     Eigenvalues --- 1000.000001000.000001000.000001000.000001000.00000
     Eigenvalues --- 1000.000001000.000001000.000001000.000001000.00000
     Eigenvalues --- 1000.000001000.000001000.000001000.000001000.00000
     Eigenvalues --- 1000.000001000.000001000.000001000.000001000.00000
     Eigenvalues --- 1000.000001000.000001000.000001000.000001000.00000
     Eigenvalues --- 1000.000001000.000001000.000001000.000001000.00000
     Eigenvalues --- 1000.000001000.000001000.000001000.000001000.00000
     Eigenvalues --- 1000.000001000.000001000.000001000.000001000.00000
     Eigenvalues --- 1000.000001000.000001000.000001000.000001000.00000
     Eigenvalues --- 1000.000001000.000001000.000001000.000001000.00000
     Eigenvalues --- 1000.000001000.000001000.000001000.000001000.00000
     Eigenvalues --- 1000.000001000.000001000.000001000.000001000.00000
     Eigenvalues --- 1000.000001000.000001000.000001000.000001000.00000
     Eigenvalues --- 1000.000001000.000001000.000001000.000001000.00000
     Eigenvalues --- 1000.000001000.000001000.000001000.000001000.00000
     Eigenvalues --- 1000.000001000.000001000.000001000.000001000.00000
     Eigenvalues --- 1000.000001000.000001000.000001000.000001000.00000
     Eigenvalues --- 1000.000001000.000001000.000001000.000001000.00000
     Eigenvalues --- 1000.000001000.000001000.000001000.000001000.00000
     Eigenvalues --- 1000.000001000.000001000.000001000.000001000.00000
     Eigenvalues --- 1000.000001000.000001000.000001000.000001000.00000
     Eigenvalues --- 1000.000001000.000001000.000001000.000001000.00000
     Eigenvalues --- 1000.000001000.000001000.000001000.000001000.00000
     Eigenvalues --- 1000.000001000.000001000.000001000.000001000.00000
     Eigenvalues --- 1000.000001000.000001000.000001000.000001000.00000
     Eigenvalues --- 1000.000001000.000001000.000001000.000001000.00000
     Eigenvalues --- 1000.000001000.000001000.000001000.000001000.00000
     Eigenvalues --- 1000.000001000.000001000.000001000.000001000.00000
     Eigenvalues --- 1000.000001000.000001000.000001000.000001000.00000
     Eigenvalues --- 1000.000001000.000001000.000001000.000001000.00000
     Eigenvalues --- 1000.000001000.000001000.000001000.000001000.00000
     Eigenvalues --- 1000.000001000.000001000.000001000.000001000.00000
     Eigenvalues --- 1000.000001000.000001000.000001000.000001000.00000
     Eigenvalues --- 1000.000001000.000001000.000001000.000001000.00000
     Eigenvalues --- 1000.000001000.000001000.000001000.00000
 RFO step:  Lambda=-1.00644631D+00 EMin= 8.06776361D-03
 Linear search not attempted -- first point.
 Maximum step size (   0.300) exceeded in Quadratic search.
    -- Step size scaled by   0.478
 Iteration  1 RMS(Cart)=  0.02777504 RMS(Int)=  0.00052741
 Iteration  2 RMS(Cart)=  0.00029356 RMS(Int)=  0.00024304
 Iteration  3 RMS(Cart)=  0.00000037 RMS(Int)=  0.00024304
 Variable       Old X    -DE/DX   Delta X   Delta X   Delta X     New X
                                 (Linear)    (Quad)   (Total)
    R1        2.56755   0.13269   0.00000   0.04021   0.04028   2.60783
    R2        2.67771   0.06105   0.00000   0.02002   0.02005   2.69776
    R3        2.02201   0.00635   0.00000   0.00220   0.00220   2.02421
    R4        2.94291   0.04403   0.00000   0.01681   0.01683   2.95975
    R5        2.83185   0.04583   0.00000   0.01548   0.01530   2.84715
    R6        2.02201   0.01402   0.00000   0.00485   0.00485   2.02686
    R7        2.92322   0.01873   0.00000   0.00536   0.00531   2.92854
    R8        2.92003   0.02184   0.00000   0.01056   0.01051   2.93054
    R9        2.02201   0.01123   0.00000   0.00389   0.00389   2.02590
   R10        3.11580   0.01408   0.00000   0.00843   0.00844   3.12424
   R11        3.06741  -0.02512   0.00000   0.00275   0.00246   3.06988
   R12        3.03073   0.16062   0.00000   0.05242   0.05254   3.08326
   R13        2.02201   0.02296   0.00000   0.00721   0.00721   2.02922
   R14        2.76250   0.07611   0.00000   0.02628   0.02631   2.78881
   R15        3.30702   0.19337   0.00000   0.05764   0.05767   3.36469
   R16        2.63980  -0.06990   0.00000  -0.02379  -0.02379   2.61601
   R17        3.40401  -0.01138   0.00000  -0.00491  -0.00492   3.39910
   R18        2.02201   0.00323   0.00000   0.00112   0.00112   2.02313
   R19        2.92970  -0.00501   0.00000  -0.00216  -0.00216   2.92754
   R20        2.02201   0.00409   0.00000   0.00142   0.00142   2.02342
   R21        2.78125   0.04240   0.00000   0.01183   0.01190   2.79315
   R22        2.02201   0.01329   0.00000   0.00460   0.00460   2.02661
   R23        3.29639   0.03401   0.00000   0.01332   0.01333   3.30971
   R24        2.02201   0.11183   0.00000   0.03777   0.03797   2.05998
   R25        2.68235   0.18000   0.00000   0.07398   0.07419   2.75654
   R26        3.02622   0.08123   0.00000   0.02795   0.02814   3.05436
   R27        2.68844  -0.00798   0.00000  -0.00069  -0.00072   2.68771
   R28        2.02201   0.14076   0.00000   0.04309   0.04307   2.06508
   R29        2.96006   0.23383   0.00000   0.05502   0.05483   3.01489
   R30        2.87379   0.00554   0.00000   0.00416   0.00419   2.87799
   R31        2.02201  -0.61164   0.00000  -0.04829  -0.04752   1.97449
   R32        2.89875   0.49054   0.00000   0.07327   0.07323   2.97198
   R33        2.53902   0.27544   0.00000   0.06816   0.06689   2.60590
   R34        2.61058  -0.01467   0.00000  -0.00725  -0.00721   2.60337
   R35        2.02201   0.00073   0.00000   0.00025   0.00025   2.02226
   R36        2.77619  -0.03525   0.00000  -0.01696  -0.01696   2.75924
   R37        2.02201   0.00032   0.00000   0.00011   0.00011   2.02212
   R38        2.29293   0.16687   0.00000   0.05652   0.05653   2.34946
   R39        1.03655   1.30398   0.00000   0.15064   0.15107   1.18762
   R40        1.32865  -0.17221   0.00000   0.00070   0.00384   1.33249
   R41        2.58814   0.07426   0.00000   0.01811   0.01807   2.60621
   R42        2.02201  -0.00117   0.00000  -0.00040  -0.00040   2.02160
   R43        3.38801  -0.04461   0.00000  -0.02128  -0.02125   3.36676
   R44        2.58814   0.04054   0.00000   0.01848   0.01849   2.60663
   R45        2.02201   0.43224   0.00000   0.06957   0.06836   2.09037
   R46        3.38801   0.05797   0.00000   0.02829   0.02809   3.41610
   R47        2.97959  -0.10797   0.00000  -0.04038  -0.04042   2.93918
   R48        2.02201   0.00093   0.00000   0.00032   0.00032   2.02233
   R49        2.02201   0.00268   0.00000   0.00093   0.00093   2.02293
    A1        1.85032  -0.00737   0.00000  -0.00391  -0.00382   1.84650
    A2        1.99472  -0.00018   0.00000   0.00166   0.00160   1.99632
    A3        1.49958  -0.01563   0.00000  -0.00576  -0.00573   1.49384
    A4        2.03117   0.00052   0.00000  -0.00073  -0.00073   2.03044
    A5        1.95956   0.02559   0.00000   0.01196   0.01184   1.97139
    A6        2.05135  -0.00812   0.00000  -0.00475  -0.00469   2.04666
    A7        1.74434   0.01710   0.00000   0.00590   0.00586   1.75020
    A8        2.13768   0.00387   0.00000   0.00165   0.00163   2.13931
    A9        1.57852  -0.01069   0.00000  -0.00206  -0.00206   1.57646
   A10        1.84733  -0.02297   0.00000  -0.00694  -0.00687   1.84046
   A11        2.08823   0.02245   0.00000   0.00677   0.00666   2.09489
   A12        2.05247  -0.00157   0.00000  -0.00224  -0.00221   2.05026
   A13        1.94637   0.00118   0.00000  -0.00097  -0.00098   1.94539
   A14        1.75682  -0.00775   0.00000  -0.00402  -0.00394   1.75288
   A15        2.18894   0.03010   0.00000   0.01274   0.01254   2.20149
   A16        2.17578   0.00088   0.00000  -0.00030  -0.00032   2.17546
   A17        1.38725  -0.01287   0.00000  -0.00164  -0.00161   1.38564
   A18        2.03208  -0.00796   0.00000  -0.00381  -0.00375   2.02833
   A19        1.43602   0.02508   0.00000   0.00543   0.00540   1.44141
   A20        1.32208  -0.00681   0.00000  -0.00152  -0.00149   1.32059
   A21        1.76322   0.03535   0.00000   0.00920   0.00914   1.77236
   A22        2.43427   0.02294   0.00000   0.00926   0.00921   2.44348
   A23        1.11062   0.02770   0.00000   0.01506   0.01497   1.12559
   A24        1.52763  -0.00070   0.00000  -0.00349  -0.00349   1.52415
   A25        2.02920  -0.03598   0.00000  -0.00960  -0.00956   2.01963
   A26        1.84847   0.04392   0.00000   0.01877   0.01869   1.86717
   A27        1.82562  -0.00464   0.00000  -0.01275  -0.01266   1.81296
   A28        1.96819   0.01388   0.00000   0.00397   0.00396   1.97215
   A29        2.15740  -0.00379   0.00000  -0.00069  -0.00069   2.15670
   A30        2.15755  -0.01004   0.00000  -0.00325  -0.00325   2.15430
   A31        1.95246   0.02281   0.00000   0.00775   0.00775   1.96021
   A32        2.16528  -0.01165   0.00000  -0.00398  -0.00398   2.16130
   A33        2.16540  -0.01111   0.00000  -0.00375  -0.00375   2.16165
   A34        1.96186   0.00578   0.00000   0.00171   0.00170   1.96356
   A35        1.44111   0.02068   0.00000   0.00691   0.00689   1.44800
   A36        2.15803  -0.01599   0.00000  -0.00507  -0.00506   2.15298
   A37        1.80224  -0.01182   0.00000  -0.00252  -0.00250   1.79974
   A38        1.88270   0.00249   0.00000   0.00010   0.00009   1.88279
   A39        2.16647   0.00172   0.00000   0.00020   0.00020   2.16667
   A40        1.50094   0.01082   0.00000   0.00340   0.00339   1.50433
   A41        2.08375  -0.01119   0.00000  -0.00323  -0.00320   2.08055
   A42        1.94653  -0.00027   0.00000  -0.00054  -0.00058   1.94595
   A43        1.96612  -0.02025   0.00000  -0.00832  -0.00834   1.95777
   A44        1.99719  -0.00305   0.00000  -0.00092  -0.00088   1.99631
   A45        1.93559   0.01940   0.00000   0.00768   0.00768   1.94326
   A46        1.53606  -0.00279   0.00000   0.00004   0.00004   1.53611
   A47        1.44345  -0.06316   0.00000  -0.01445  -0.01441   1.42904
   A48        2.10400   0.02103   0.00000   0.00651   0.00646   2.11047
   A49        1.95091  -0.00073   0.00000  -0.00309  -0.00300   1.94791
   A50        2.13759  -0.00105   0.00000  -0.00657  -0.00653   2.13107
   A51        1.94426  -0.00265   0.00000  -0.00353  -0.00349   1.94077
   A52        2.08212   0.04594   0.00000   0.01665   0.01655   2.09866
   A53        1.24598   0.06446   0.00000   0.01121   0.01120   1.25718
   A54        1.91049  -0.00518   0.00000  -0.00223  -0.00224   1.90824
   A55        2.03554  -0.02032   0.00000  -0.00052  -0.00053   2.03501
   A56        1.60723   0.04667   0.00000   0.01079   0.01076   1.61798
   A57        1.89546   0.01551   0.00000   0.00425   0.00431   1.89977
   A58        2.08335  -0.15179   0.00000  -0.02185  -0.02249   2.06086
   A59        2.20426   0.02700   0.00000   0.00141   0.00163   2.20589
   A60        1.96864   0.03425   0.00000   0.00019   0.00064   1.96928
   A61        1.68460  -0.01215   0.00000  -0.00585  -0.00598   1.67862
   A62        2.21432   0.17148   0.00000   0.01889   0.01974   2.23406
   A63        1.98690  -0.13005   0.00000  -0.01768  -0.01765   1.96925
   A64        2.67161  -0.08941   0.00000  -0.01188  -0.01238   2.65923
   A65        1.92103  -0.04133   0.00000  -0.00246  -0.00260   1.91842
   A66        1.98292   0.02758   0.00000   0.00363   0.00330   1.98622
   A67        1.49232   0.01412   0.00000   0.00416   0.00432   1.49664
   A68        1.91173  -0.00439   0.00000   0.00090   0.00096   1.91269
   A69        2.18588   0.00688   0.00000   0.00146   0.00143   2.18731
   A70        2.18555  -0.00253   0.00000  -0.00237  -0.00240   2.18315
   A71        1.99329   0.03801   0.00000   0.01087   0.01091   2.00420
   A72        2.14502  -0.00489   0.00000   0.00033   0.00031   2.14533
   A73        2.14486  -0.03306   0.00000  -0.01118  -0.01120   2.13365
   A74        1.72960   0.00301   0.00000   0.00423   0.00415   1.73375
   A75        2.19766   0.00068   0.00000   0.00324   0.00320   2.20087
   A76        1.88734   0.00380   0.00000  -0.00438  -0.00431   1.88303
   A77        2.19815  -0.00442   0.00000   0.00116   0.00113   2.19928
   A78        1.16914   0.03094   0.00000   0.00928   0.00922   1.17836
   A79        2.75949   0.05382   0.00000   0.00247   0.00231   2.76181
   A80        1.59303  -0.09424   0.00000   0.00269   0.00299   1.59602
   A81        2.19766   0.01268   0.00000  -0.00442  -0.00375   2.19391
   A82        1.88734   0.04380   0.00000  -0.00490  -0.00502   1.88233
   A83        2.19815  -0.05635   0.00000   0.00937   0.00880   2.20695
   A84        1.97320   0.04212   0.00000   0.01602   0.01600   1.98920
   A85        2.15512  -0.01563   0.00000  -0.00576  -0.00575   2.14937
   A86        2.15474  -0.02656   0.00000  -0.01027  -0.01026   2.14448
   A87        1.97320  -0.05026   0.00000  -0.00552  -0.00547   1.96773
   A88        2.15512   0.02833   0.00000   0.00403   0.00400   2.15912
   A89        2.15474   0.02200   0.00000   0.00150   0.00147   2.15621
   A90        1.01570  -0.00206   0.00000   0.00927   0.00925   1.02495
   A91        0.87091   0.01088   0.00000   0.01361   0.01367   0.88459
   A92        2.02571   0.01730   0.00000  -0.00257  -0.00264   2.02307
   A93        2.02571   0.00821   0.00000  -0.00822  -0.00826   2.01744
   A94        2.82341   0.01691   0.00000   0.00672   0.00670   2.83011
   A95        1.79256   0.02238   0.00000  -0.00415  -0.00419   1.78838
   A96        2.07971   0.02514   0.00000   0.00463   0.00463   2.08435
   A97        2.54046   0.01562   0.00000  -0.00183  -0.00190   2.53856
   A98        1.66286  -0.04043   0.00000  -0.00273  -0.00267   1.66019
    D1       -0.35245   0.00763   0.00000  -0.00035  -0.00038  -0.35283
    D2        1.67415  -0.00644   0.00000  -0.00378  -0.00375   1.67039
    D3       -2.45097  -0.01498   0.00000  -0.00749  -0.00741  -2.45838
    D4       -2.61339   0.01313   0.00000   0.00260   0.00254  -2.61086
    D5       -0.58680  -0.00093   0.00000  -0.00083  -0.00083  -0.58763
    D6        1.57127  -0.00948   0.00000  -0.00454  -0.00449   1.56678
    D7        1.60261   0.02959   0.00000   0.01033   0.01020   1.61280
    D8       -2.65399   0.01553   0.00000   0.00690   0.00683  -2.64715
    D9       -0.49591   0.00698   0.00000   0.00319   0.00317  -0.49275
   D10       -0.17420   0.00217   0.00000   0.00133   0.00138  -0.17282
   D11        1.84435   0.00655   0.00000  -0.00701  -0.00701   1.83734
   D12        2.06538  -0.00402   0.00000  -0.00035  -0.00029   2.06509
   D13       -2.19926   0.00036   0.00000  -0.00869  -0.00868  -2.20794
   D14       -1.78257   0.01507   0.00000   0.00582   0.00591  -1.77667
   D15        0.23598   0.01944   0.00000  -0.00252  -0.00248   0.23350
   D16        0.52514  -0.01299   0.00000  -0.00495  -0.00493   0.52021
   D17        2.51145  -0.03209   0.00000  -0.01317  -0.01317   2.49828
   D18       -1.47700  -0.01402   0.00000  -0.00526  -0.00528  -1.48227
   D19        2.36900  -0.02626   0.00000  -0.01103  -0.01097   2.35803
   D20       -1.92787  -0.04536   0.00000  -0.01925  -0.01922  -1.94709
   D21        0.36686  -0.02729   0.00000  -0.01134  -0.01133   0.35554
   D22       -1.48779  -0.00293   0.00000  -0.00291  -0.00289  -1.49068
   D23        0.49853  -0.02203   0.00000  -0.01114  -0.01114   0.48739
   D24        2.79326  -0.00396   0.00000  -0.00323  -0.00325   2.79002
   D25        0.84423   0.00315   0.00000   0.00504   0.00498   0.84921
   D26       -3.09793  -0.00065   0.00000   0.00110   0.00108  -3.09684
   D27       -0.76621   0.00627   0.00000   0.00249   0.00248  -0.76373
   D28       -1.39082   0.00049   0.00000   0.00334   0.00329  -1.38754
   D29        0.95020  -0.00332   0.00000  -0.00061  -0.00060   0.94960
   D30       -3.00127   0.00361   0.00000   0.00078   0.00079  -3.00047
   D31        2.52405   0.00607   0.00000   0.00773   0.00767   2.53171
   D32       -1.41811   0.00226   0.00000   0.00378   0.00377  -1.41434
   D33        0.91360   0.00918   0.00000   0.00517   0.00517   0.91878
   D34       -1.23744  -0.00505   0.00000  -0.00329  -0.00330  -1.24074
   D35        0.53109  -0.00999   0.00000  -0.00338  -0.00336   0.52773
   D36        2.73651   0.00201   0.00000   0.00026   0.00024   2.73675
   D37       -3.01274  -0.02144   0.00000  -0.00976  -0.00974  -3.02249
   D38       -1.24422  -0.02638   0.00000  -0.00985  -0.00980  -1.25402
   D39        0.96121  -0.01438   0.00000  -0.00621  -0.00620   0.95501
   D40        0.98942  -0.00818   0.00000  -0.00361  -0.00361   0.98581
   D41        2.75795  -0.01311   0.00000  -0.00370  -0.00367   2.75428
   D42       -1.31981  -0.00111   0.00000  -0.00006  -0.00007  -1.31988
   D43       -0.80067  -0.00652   0.00000  -0.00383  -0.00376  -0.80443
   D44        2.94000  -0.02193   0.00000  -0.01235  -0.01222   2.92778
   D45       -1.86737  -0.03384   0.00000  -0.01888  -0.01876  -1.88613
   D46       -2.91172   0.00309   0.00000   0.00347   0.00343  -2.90829
   D47        0.82895  -0.01232   0.00000  -0.00505  -0.00503   0.82392
   D48        2.30477  -0.02423   0.00000  -0.01158  -0.01157   2.29320
   D49        1.36499   0.02141   0.00000   0.00926   0.00913   1.37412
   D50       -1.17752   0.00600   0.00000   0.00075   0.00067  -1.17686
   D51        0.29829  -0.00592   0.00000  -0.00579  -0.00587   0.29242
   D52        1.63598   0.00054   0.00000   0.00375   0.00383   1.63980
   D53       -2.94386   0.00501   0.00000   0.00162   0.00160  -2.94226
   D54       -0.72355  -0.16810   0.00000  -0.01637  -0.01672  -0.74028
   D55       -0.49178   0.11958   0.00000   0.01711   0.01708  -0.47470
   D56       -1.32133   0.04022   0.00000   0.00831   0.00868  -1.31265
   D57       -0.26665   0.00648   0.00000   0.00545   0.00552  -0.26112
   D58        1.43670   0.01095   0.00000   0.00332   0.00330   1.44000
   D59       -2.62618  -0.16216   0.00000  -0.01467  -0.01503  -2.64120
   D60       -2.39440   0.12552   0.00000   0.01882   0.01877  -2.37563
   D61        3.05923   0.04616   0.00000   0.01001   0.01037   3.06961
   D62       -2.42426   0.01244   0.00000   0.00697   0.00703  -2.41723
   D63       -0.72091   0.01692   0.00000   0.00485   0.00480  -0.71611
   D64        1.49940  -0.15620   0.00000  -0.01314  -0.01352   1.48588
   D65        1.73117   0.13148   0.00000   0.02034   0.02028   1.75145
   D66        0.90162   0.05213   0.00000   0.01153   0.01188   0.91350
   D67        0.57874  -0.00025   0.00000   0.00121   0.00114   0.57988
   D68       -1.45258  -0.03215   0.00000  -0.00820  -0.00831  -1.46089
   D69        1.57801   0.00369   0.00000  -0.00195  -0.00197   1.57604
   D70       -0.45331  -0.02822   0.00000  -0.01135  -0.01142  -0.46473
   D71        2.43604   0.01857   0.00000   0.00446   0.00444   2.44049
   D72        0.40472  -0.01334   0.00000  -0.00495  -0.00501   0.39972
   D73       -0.29974   0.01501   0.00000   0.00792   0.00795  -0.29179
   D74       -2.22975   0.05310   0.00000   0.01989   0.01995  -2.20980
   D75        1.77180   0.04020   0.00000   0.02009   0.02012   1.79193
   D76        0.78982   0.04830   0.00000   0.01403   0.01411   0.80393
   D77       -1.61851  -0.00341   0.00000   0.00182   0.00180  -1.61671
   D78        2.73467   0.03467   0.00000   0.01379   0.01380   2.74847
   D79        0.45303   0.02177   0.00000   0.01400   0.01398   0.46701
   D80       -0.52895   0.02988   0.00000   0.00793   0.00796  -0.52098
   D81        1.00861   0.00447   0.00000   0.00473   0.00474   1.01335
   D82       -0.92140   0.04255   0.00000   0.01670   0.01674  -0.90466
   D83        3.08016   0.02965   0.00000   0.01690   0.01691   3.09707
   D84        2.09818   0.03775   0.00000   0.01084   0.01090   2.10908
   D85       -2.55069   0.05034   0.00000   0.01619   0.01625  -2.53444
   D86        2.80921   0.06105   0.00000   0.02088   0.02088   2.83009
   D87        0.93665   0.03749   0.00000   0.00943   0.00947   0.94612
   D88       -0.99511   0.07276   0.00000   0.02066   0.02060  -0.97451
   D89       -0.39784   0.02840   0.00000   0.00795   0.00791  -0.38993
   D90       -1.32113   0.03910   0.00000   0.01264   0.01255  -1.30858
   D91        3.08950   0.01554   0.00000   0.00119   0.00114   3.09064
   D92        1.15774   0.05081   0.00000   0.01242   0.01226   1.17000
   D93        0.00094   0.00149   0.00000   0.00027   0.00027   0.00121
   D94        3.13320   0.00724   0.00000   0.00271   0.00270   3.13590
   D95       -3.13017  -0.00448   0.00000  -0.00178  -0.00179  -3.13196
   D96        0.00209   0.00127   0.00000   0.00065   0.00065   0.00274
   D97       -0.30291  -0.00460   0.00000  -0.00105  -0.00105  -0.30396
   D98        2.82820   0.00141   0.00000   0.00102   0.00102   2.82922
   D99        1.89414   0.01952   0.00000   0.00752   0.00751   1.90165
   D100       0.36992   0.00020   0.00000   0.00054   0.00055   0.37046
   D101      -1.95089   0.00436   0.00000   0.00189   0.00188  -1.94900
   D102      -1.23812   0.01378   0.00000   0.00508   0.00507  -1.23304
   D103      -2.76234  -0.00554   0.00000  -0.00189  -0.00189  -2.76423
   D104       1.20004  -0.00138   0.00000  -0.00054  -0.00055   1.19949
   D105      -0.45888  -0.00941   0.00000  -0.00197  -0.00193  -0.46081
   D106      -2.55775   0.00136   0.00000   0.00142   0.00143  -2.55632
   D107       1.49334  -0.00505   0.00000  -0.00109  -0.00110   1.49225
   D108       1.48469   0.00128   0.00000   0.00130   0.00132   1.48601
   D109      -0.61418   0.01205   0.00000   0.00469   0.00468  -0.60950
   D110      -2.84627   0.00565   0.00000   0.00217   0.00215  -2.84412
   D111      -2.65654  -0.00530   0.00000  -0.00082  -0.00079  -2.65733
   D112       1.52777   0.00546   0.00000   0.00257   0.00257   1.53034
   D113      -0.70432  -0.00094   0.00000   0.00006   0.00004  -0.70428
   D114      -1.17137  -0.00309   0.00000  -0.00077  -0.00079  -1.17216
   D115       0.54821  -0.00798   0.00000  -0.00340  -0.00339   0.54481
   D116       2.81230  -0.01257   0.00000  -0.00508  -0.00507   2.80722
   D117       0.27971  -0.01094   0.00000  -0.00698  -0.00700   0.27272
   D118      -1.62256  -0.03187   0.00000  -0.01226  -0.01228  -1.63484
   D119       2.54600  -0.06398   0.00000  -0.01443  -0.01462   2.53137
   D120       2.57627  -0.00737   0.00000  -0.00639  -0.00623   2.57004
   D121       3.03903  -0.01998   0.00000  -0.00738  -0.00756   3.03147
   D122       2.37435  -0.01241   0.00000  -0.00572  -0.00564   2.36871
   D123       0.47208  -0.03335   0.00000  -0.01099  -0.01093   0.46115
   D124      -1.64255  -0.06545   0.00000  -0.01316  -0.01327  -1.65582
   D125      -1.61228  -0.00884   0.00000  -0.00512  -0.00488  -1.61715
   D126      -1.14951  -0.02145   0.00000  -0.00611  -0.00621  -1.15573
   D127      -1.65621   0.02119   0.00000   0.00326   0.00337  -1.65284
   D128       2.72470   0.00026   0.00000  -0.00202  -0.00191   2.72278
   D129       0.61007  -0.03184   0.00000  -0.00419  -0.00426   0.60581
   D130       0.64034   0.02477   0.00000   0.00385   0.00414   0.64448
   D131       1.10311   0.01216   0.00000   0.00286   0.00280   1.10591
   D132      -1.95258  -0.01564   0.00000  -0.00236  -0.00233  -1.95491
   D133       2.42833  -0.03657   0.00000  -0.00763  -0.00761   2.42072
   D134       0.31370  -0.06867   0.00000  -0.00980  -0.00995   0.30374
   D135       0.34397  -0.01206   0.00000  -0.00176  -0.00156   0.34241
   D136       0.80673  -0.02468   0.00000  -0.00275  -0.00289   0.80384
   D137       1.10615  -0.03066   0.00000  -0.00522  -0.00525   1.10090
   D138      -0.53760   0.04015   0.00000   0.01205   0.01202  -0.52558
   D139      -2.87804  -0.01649   0.00000  -0.00592  -0.00586  -2.88391
   D140      -1.92032  -0.02724   0.00000   0.00075   0.00073  -1.91959
   D141       0.50930  -0.02322   0.00000  -0.00669  -0.00678   0.50251
   D142       1.84786   0.00722   0.00000   0.00555   0.00550   1.85336
   D143      -1.46231  -0.01999   0.00000   0.00074   0.00066  -1.46165
   D144       1.69766  -0.05408   0.00000  -0.01274  -0.01284   1.68482
   D145       3.03622  -0.02364   0.00000  -0.00050  -0.00056   3.03567
   D146      -0.27395  -0.05085   0.00000  -0.00531  -0.00540  -0.27935
   D147      -2.74982  -0.02517   0.00000  -0.01185  -0.01190  -2.76172
   D148      -1.41126   0.00527   0.00000   0.00039   0.00039  -1.41087
   D149       1.56175  -0.02194   0.00000  -0.00441  -0.00445   1.55730
   D150      -1.83799  -0.03522   0.00000  -0.00724  -0.00717  -1.84516
   D151       1.31071  -0.02970   0.00000  -0.00604  -0.00600   1.30471
   D152      -0.18997   0.01243   0.00000   0.00282   0.00280  -0.18717
   D153       2.95873   0.01794   0.00000   0.00402   0.00397   2.96271
   D154       2.13503   0.18606   0.00000   0.02025   0.02107   2.15610
   D155      -0.99945   0.19158   0.00000   0.02145   0.02224  -0.97721
   D156       1.89748  -0.13428   0.00000  -0.01955  -0.01971   1.87778
   D157      -1.23700  -0.12877   0.00000  -0.01835  -0.01853  -1.25553
   D158       2.48073  -0.07693   0.00000  -0.00905  -0.00955   2.47118
   D159      -0.65375  -0.07141   0.00000  -0.00785  -0.00838  -0.66213
   D160       1.64585  -0.04880   0.00000  -0.00193  -0.00194   1.64391
   D161      -0.30822  -0.01171   0.00000  -0.00164  -0.00178  -0.31000
   D162      -2.21392   0.06665   0.00000   0.01435   0.01446  -2.19947
   D163       1.44283  -0.02636   0.00000  -0.00051  -0.00065   1.44218
   D164      -1.69031  -0.02235   0.00000  -0.00306  -0.00315  -1.69346
   D165      -0.47666  -0.02150   0.00000  -0.00323  -0.00328  -0.47995
   D166       2.67339  -0.01748   0.00000  -0.00578  -0.00579   2.66759
   D167      -2.37286   0.04923   0.00000   0.01387   0.01391  -2.35895
   D168       0.77719   0.05325   0.00000   0.01132   0.01140   0.78859
   D169      -0.12601   0.00855   0.00000   0.00355   0.00359  -0.12243
   D170       3.02251  -0.00148   0.00000  -0.00018  -0.00021   3.02230
   D171       3.00847   0.00308   0.00000   0.00237   0.00244   3.01091
   D172      -0.12619  -0.00695   0.00000  -0.00136  -0.00136  -0.12755
   D173       0.41421  -0.02058   0.00000  -0.00629  -0.00637   0.40784
   D174      -2.73431  -0.01043   0.00000  -0.00252  -0.00255  -2.73686
   D175      -2.95709   0.00344   0.00000   0.00175   0.00179  -2.95530
   D176       0.16789  -0.00123   0.00000   0.00060   0.00063   0.16852
   D177       0.17662   0.00985   0.00000   0.00437   0.00436   0.18097
   D178      -2.98159   0.00518   0.00000   0.00323   0.00320  -2.97839
   D179      -2.37922   0.01108   0.00000   0.00958   0.00967  -2.36954
   D180       2.73418  -0.02285   0.00000  -0.00784  -0.00777   2.72642
   D181       2.91339  -0.01311   0.00000  -0.00642  -0.00637   2.90702
   D182      -0.24229   0.00233   0.00000  -0.00302  -0.00291  -0.24520
   D183       0.75449   0.01753   0.00000   0.01221   0.01225   0.76673
   D184      -0.41530  -0.01640   0.00000  -0.00520  -0.00520  -0.42049
   D185      -0.23609  -0.00666   0.00000  -0.00378  -0.00380  -0.23989
   D186       2.89141   0.00878   0.00000  -0.00038  -0.00034   2.89107
   D187       2.46559  -0.01844   0.00000  -0.00205  -0.00165   2.46394
   D188      -0.65939  -0.02308   0.00000  -0.00261  -0.00231  -0.66170
   D189       2.95709   0.01700   0.00000   0.00454   0.00441   2.96149
   D190      -0.16789   0.01236   0.00000   0.00398   0.00375  -0.16414
   D191      -0.17662   0.00058   0.00000  -0.00246  -0.00231  -0.17893
   D192       2.98159  -0.00407   0.00000  -0.00302  -0.00296   2.97862
   D193      -0.76234   0.00703   0.00000  -0.00784  -0.00763  -0.76997
   D194       0.29507   0.01432   0.00000   0.00081   0.00096   0.29603
   D195       0.22058   0.03244   0.00000   0.00577   0.00601   0.22658
   D196      -2.89926   0.00879   0.00000   0.00041   0.00058  -2.89868
   D197      -0.58281  -0.01505   0.00000  -0.00489  -0.00501  -0.58782
   D198       0.47459  -0.00776   0.00000   0.00376   0.00359   0.47818
   D199       0.40010   0.01036   0.00000   0.00872   0.00863   0.40873
   D200      -2.71973  -0.01329   0.00000   0.00336   0.00320  -2.71653
   D201       2.37922   0.00332   0.00000  -0.00365  -0.00376   2.37546
   D202      -2.84657   0.01061   0.00000   0.00501   0.00484  -2.84173
   D203      -2.92106   0.02872   0.00000   0.00996   0.00988  -2.91118
   D204       0.24229   0.00507   0.00000   0.00460   0.00445   0.24674
   D205      -0.75449  -0.01351   0.00000  -0.01058  -0.01046  -0.76495
   D206       0.30291  -0.00622   0.00000  -0.00192  -0.00187   0.30105
   D207       0.22842   0.01190   0.00000   0.00303   0.00318   0.23160
   D208      -2.89141  -0.01175   0.00000  -0.00232  -0.00225  -2.89367
   D209       0.00000  -0.00508   0.00000   0.00051   0.00044   0.00044
   D210       3.12498  -0.00037   0.00000   0.00109   0.00112   3.12611
   D211      -3.12498  -0.00053   0.00000   0.00160   0.00155  -3.12344
   D212       0.00000   0.00418   0.00000   0.00218   0.00223   0.00223
         Item               Value     Threshold  Converged?
 Maximum Force            1.303980     0.000450     NO 
 RMS     Force            0.097134     0.000300     NO 
 Maximum Displacement     0.154947     0.001800     NO 
 RMS     Displacement     0.027667     0.001200     NO 
 Predicted change in Energy=-4.105251D-01
 GradGradGradGradGradGradGradGradGradGradGradGradGradGradGradGradGradGrad

                          Input orientation:                          
 ---------------------------------------------------------------------
 Center     Atomic      Atomic             Coordinates (Angstroms)
 Number     Number       Type             X           Y           Z
 ---------------------------------------------------------------------
      1          6           0       -0.596921    1.029782    0.301123
      2          6           0        0.757924    1.239343    0.143351
      3          6           0        0.777104    2.731940   -0.061019
      4          6           0       -0.062689    3.463268    1.018245
      5          7           0       -1.146600    2.296679    0.662856
      6          1           0       -0.845592    0.204737    0.937407
      7          1           0        1.466643    1.048913    0.925565
      8          1           0        1.823647    2.891257   -0.230352
      9          1           0        0.490376    4.246953    0.535509
     10          6           0       -0.661126   -1.684060   -1.056176
     11          6           0        0.578476   -1.195440   -0.680662
     12          6           0        0.771378    0.288772   -1.080515
     13          6           0       -0.614809    0.774985   -1.244139
     14         16           0       -1.675184   -0.457777   -1.894820
     15          1           0       -0.986765   -2.685085   -0.861044
     16          1           0        1.317111   -1.775490   -0.166402
     17          1           0        1.517764    0.328177   -1.849588
     18          1           0       -0.701660    1.707622   -1.801765
     19          6           0       -1.233919    3.901382    0.234539
     20          6           0       -0.239461    3.583521   -0.999333
     21          6           0        0.297510    5.001073   -1.146413
     22          6           0       -0.457392    5.862669   -0.381116
     23          8           0       -1.641269    5.264065    0.228864
     24          1           0       -2.102728    3.264815    0.419326
     25          1           0       -0.483110    3.195947   -1.938557
     26          1           0        1.128602    5.287700   -1.756592
     27          1           0       -0.202819    6.892776   -0.242922
     28          6           0       -3.217300    1.844446   -1.487649
     29          6           0       -0.996528    3.056246   -2.272999
     30          6           0       -3.051101    1.865149   -2.856588
     31          1           0       -3.947327    1.276757   -0.949846
     32          6           0       -1.749009    2.575642   -3.324405
     33          1           0        0.034793    3.449865   -2.344145
     34          1           0       -3.745536    1.418200   -3.537222
     35          1           0       -1.461474    2.667274   -4.351478
     36         15           0       -1.994513    2.924294   -0.771505
 ---------------------------------------------------------------------
                    Distance matrix (angstroms):
                    1          2          3          4          5
     1  C    0.000000
     2  C    1.380005   0.000000
     3  C    2.217304   1.506645   0.000000
     4  C    2.592590   2.526793   1.550775   0.000000
     5  N    1.427595   2.239432   2.100973   1.631593   0.000000
     6  H    1.071164   2.066930   3.164926   3.352238   2.131245
     7  H    2.156059   1.072569   2.069153   2.859468   2.907744
     8  H    3.099469   2.001059   1.072058   2.333336   3.158119
     9  H    3.404019   3.044846   1.653277   1.073814   2.549408
    10  C    3.035015   3.463936   4.749726   5.581785   4.363145
    11  C    2.701310   2.576698   3.980920   5.000094   4.120173
    12  C    2.080928   1.549714   2.647352   3.895880   3.278670
    13  C    1.566230   2.006278   2.677101   3.556695   2.496995
    14  S    2.863154   3.599219   4.421633   5.143995   3.795805
    15  H    3.911885   4.410656   5.752863   6.495220   5.212080
    16  H    3.428068   3.081860   4.540886   5.545433   4.831160
    17  H    3.096724   2.319350   3.086362   4.533331   4.157669
    18  H    2.211917   2.476519   2.503231   3.382755   2.572803
    19  C    2.942157   3.325989   2.345029   1.475777   1.663175
    20  C    2.888001   2.792073   1.624508   2.028874   2.289484
    21  C    4.320477   4.003259   2.560675   2.679614   3.559868
    22  C    4.882798   4.809074   3.380518   2.805552   3.779043
    23  O    4.361771   4.686345   3.513434   2.521489   3.039479
    24  H    2.697555   3.515968   2.967848   2.135380   1.382308
    25  H    3.117915   3.114933   2.308374   2.998481   2.831299
    26  H    5.034033   4.487357   3.087139   3.528093   4.469506
    27  H    5.901356   5.747481   4.278539   3.656734   4.778626
    28  C    3.275633   4.339207   4.333380   4.341849   3.019434
    29  C    3.300356   3.495424   2.853735   3.445287   3.036233
    30  C    4.085582   4.888757   4.818888   5.147710   4.024901
    31  H    3.584849   4.830721   5.022730   4.872846   3.388970
    32  C    4.106270   4.482828   4.129814   4.742379   4.042149
    33  H    3.640510   3.405431   2.505814   3.363829   3.430391
    34  H    4.979713   5.818914   5.853561   6.204671   5.016657
    35  H    5.007547   5.212312   4.839778   5.605723   5.037860
    36  P    2.587078   3.354390   2.867691   2.688056   1.780520
                    6          7          8          9         10
     6  H    0.000000
     7  H    2.461545   0.000000
     8  H    3.963066   2.204048   0.000000
     9  H    4.276195   3.366408   2.049895   0.000000
    10  C    2.752444   3.990468   5.271585   6.247906   0.000000
    11  C    2.570333   2.899298   4.295850   5.577319   1.384331
    12  C    2.587211   2.255119   2.933083   4.284588   2.438181
    13  C    2.266624   3.019121   3.384145   4.055015   2.466653
    14  S    3.024675   4.482830   5.121358   5.721070   1.798724
    15  H    3.406673   4.811852   6.276286   7.223950   1.070592
    16  H    3.133206   3.031832   4.694592   6.119314   2.171055
    17  H    3.656232   2.867673   3.047107   4.701172   3.070206
    18  H    3.127690   3.545950   3.201172   3.651301   3.472902
    19  C    3.782857   3.988374   3.253488   1.784151   5.761180
    20  C    3.941388   3.611130   2.308024   1.824429   5.284737
    21  C    5.352927   4.612975   2.760360   1.853309   6.754119
    22  C    5.822490   5.346173   3.749021   2.085426   7.579599
    23  O    5.170294   5.283183   4.224541   2.381692   7.133614
    24  H    3.348564   4.231656   3.997255   2.775298   5.361593
    25  H    4.165321   4.076088   2.886508   2.858897   4.962334
    26  H    6.082071   5.027480   2.924968   2.596962   7.231815
    27  H    6.821745   6.188958   4.485408   2.843739   8.627487
    28  C    3.767564   5.328770   5.299788   4.859225   4.378418
    29  C    4.296579   4.508593   3.486118   3.393579   4.905472
    30  C    4.692082   5.948187   5.631446   5.451731   4.642235
    31  H    3.785724   5.734121   6.035596   5.542703   4.424574
    32  C    4.959879   5.543786   4.736734   4.765193   4.947061
    33  H    4.698353   4.301833   2.824918   3.022468   5.338572
    34  H    5.468498   6.871656   6.642371   6.521651   5.029234
    35  H    5.866489   6.248211   5.275023   5.494337   5.516672
    36  P    3.411216   4.286806   3.856460   3.103609   4.805817
                   11         12         13         14         15
    11  C    0.000000
    12  C    1.549187   0.000000
    13  C    2.371499   1.478070   0.000000
    14  S    2.664078   2.684417   1.751424   0.000000
    15  H    2.168307   3.461655   3.501027   2.550199   0.000000
    16  H    1.070749   2.322629   3.376204   3.698328   2.572496
    17  H    2.137770   1.072436   2.261431   3.288569   4.040994
    18  H    3.365024   2.168681   1.090093   2.375997   4.501345
    19  C    5.486344   4.336074   3.513424   4.871463   6.681536
    20  C    4.858914   3.447283   2.844063   4.381243   6.314508
    21  C    6.220341   4.736526   4.324546   5.852408   7.797937
    22  C    7.140004   5.750423   5.162763   6.612288   8.577567
    23  O    6.890553   5.682331   4.834791   6.103333   8.050171
    24  H    5.319089   4.400778   3.343692   4.404062   6.187570
    25  H    4.689728   3.280495   2.522027   3.843521   6.000103
    26  H    6.594799   5.057071   4.864842   6.394594   8.297113
    27  H    8.137646   6.727815   6.212853   7.676409   9.629749
    28  C    4.929508   4.300632   2.824182   2.800740   5.087688
    29  C    4.805519   3.493770   2.531485   3.598882   5.912410
    30  C    5.222613   4.500083   3.118328   2.866031   5.380363
    31  H    5.164020   4.822796   3.382907   3.010684   4.946615
    32  C    5.160196   4.076417   2.975952   3.354221   5.858704
    33  H    4.964033   3.483077   2.964284   4.289007   6.393807
    34  H    5.804148   5.264365   3.933626   3.240853   5.622250
    35  H    5.705860   4.619751   3.735392   3.980801   6.407512
    36  P    4.858059   3.832965   2.597402   3.578018   5.699886
                   16         17         18         19         20
    16  H    0.000000
    17  H    2.701628   0.000000
    18  H    4.345333   2.613617   0.000000
    19  C    6.236617   4.968212   3.040135   0.000000
    20  C    5.642313   3.795792   2.092014   1.616299   0.000000
    21  C    6.922559   4.880515   3.503519   2.337012   1.522965
    22  C    7.844516   6.057082   4.397991   2.197424   2.371540
    23  O    7.646149   6.217913   4.201739   1.422277   2.509534
    24  H    6.119074   5.184571   3.053046   1.092791   2.363458
    25  H    5.576426   3.497931   1.510493   2.404932   1.044854
    26  H    7.242437   4.975637   4.021052   3.386441   2.312847
    27  H    8.800846   6.973933   5.437339   3.199934   3.394800
    28  C    5.950674   4.985068   2.538865   3.336273   3.482867
    29  C    5.756419   3.734073   1.458697   2.656757   1.572703
    30  C    6.290679   4.924516   2.580182   4.123526   3.782528
    31  H    6.135496   5.619302   3.383159   3.956515   4.367137
    32  C    6.189219   4.230601   2.041772   3.832622   2.949664
    33  H    5.804416   3.491235   1.967727   2.909143   1.378985
    34  H    6.869679   5.633701   3.515787   5.167262   4.839635
    35  H    6.706232   4.539458   2.828301   4.754614   3.683708
    36  P    5.781088   4.498686   2.052607   1.595409   1.888570
                   21         22         23         24         25
    21  C    0.000000
    22  C    1.377645   0.000000
    23  O    2.391530   1.460125   0.000000
    24  H    3.350712   3.177527   2.060636   0.000000
    25  H    2.120221   3.088315   3.211878   2.861384   0.000000
    26  H    1.070134   2.176672   3.408046   4.389553   2.646915
    27  H    2.155265   1.070059   2.223605   4.148533   4.076798
    28  C    4.736520   4.998762   4.138126   2.626075   3.083126
    29  C    2.593469   3.427229   3.398452   2.918183   0.628463
    30  C    4.896111   5.369865   4.802111   3.686474   3.034531
    31  H    5.650470   5.790828   4.754565   3.038018   4.081867
    32  C    3.848974   4.597366   4.457011   3.823036   1.976829
    33  H    1.977329   3.149183   3.566635   3.498573   0.705124
    34  H    5.907551   6.366019   5.779448   4.665092   4.044692
    35  H    4.337405   5.194469   5.268319   4.850653   2.656855
    36  P    3.115595   3.339040   2.569056   1.243280   1.928767
                   26         27         28         29         30
    26  H    0.000000
    27  H    2.576848   0.000000
    28  C    5.551143   6.010164   0.000000
    29  C    3.124459   4.412499   2.648973   0.000000
    30  C    5.513054   6.342002   1.379147   2.445518   0.000000
    31  H    6.519475   6.786807   1.069786   3.691142   2.187485
    32  C    4.253697   5.524843   2.462560   1.379370   1.555345
    33  H    2.217944   4.040450   3.726535   1.106174   3.506659
    34  H    6.473090   7.305767   2.159044   3.440712   1.070171
    35  H    4.506502   6.026551   3.458538   2.165075   2.324868
    36  P    4.038555   4.386162   1.781612   1.807724   2.566269
                   31         32         33         34         35
    31  H    0.000000
    32  C    3.486866   0.000000
    33  H    4.745919   2.215203   0.000000
    34  H    2.599084   2.317560   4.454434   0.000000
    35  H    4.436676   1.070490   2.623099   2.727661   0.000000
    36  P    2.561185   2.588267   2.620592   3.603275   3.628552
                   36
    36  P    0.000000
 Stoichiometry    C16H16NOPS
 Framework group  C1[X(C16H16NOPS)]
 Deg. of freedom   102
 Full point group                 C1      NOp   1
 Largest Abelian subgroup         C1      NOp   1
 Largest concise Abelian subgroup C1      NOp   1
                         Standard orientation:                         
 ---------------------------------------------------------------------
 Center     Atomic      Atomic             Coordinates (Angstroms)
 Number     Number       Type             X           Y           Z
 ---------------------------------------------------------------------
      1          6           0        0.851005   -1.099669   -0.882025
      2          6           0        0.662936   -2.040007    0.110350
      3          6           0       -0.769182   -1.755774    0.482144
      4          6           0       -1.675392   -1.671562   -0.773482
      5          7           0       -0.456020   -0.741941   -1.331185
      6          1           0        1.550840   -1.389867   -1.639263
      7          1           0        0.705177   -3.095007   -0.078315
      8          1           0       -0.903453   -2.453450    1.284969
      9          1           0       -2.364252   -1.718373    0.048928
     10          6           0        3.764175   -0.537777   -0.242466
     11          6           0        3.207074   -1.680875    0.304654
     12          6           0        1.816858   -1.414322    0.934120
     13          6           0        1.378070   -0.171857    0.264467
     14         16           0        2.715161    0.911911   -0.059758
     15          1           0        4.716588   -0.518880   -0.731055
     16          1           0        3.680327   -2.641227    0.288525
     17          1           0        1.910015   -1.524698    1.996785
     18          1           0        0.560817    0.345682    0.767013
     19          6           0       -1.957607   -0.224443   -0.837642
     20          6           0       -1.431705   -0.287058    0.689424
     21          6           0       -2.804088   -0.452136    1.328749
     22          6           0       -3.782968   -0.227471    0.385762
     23          8           0       -3.294251    0.257353   -0.901897
     24          1           0       -1.357874    0.268805   -1.606550
     25          1           0       -0.880665    0.431996    1.210036
     26          1           0       -2.983200   -0.696987    2.354982
     27          1           0       -4.823054   -0.390846    0.576960
     28          6           0        0.388788    2.140223   -1.020685
     29          6           0       -0.679605    1.022018    1.129946
     30          6           0        0.611906    2.848384    0.141542
     31          1           0        0.856612    2.317259   -1.966328
     32          6           0       -0.013190    2.197239    1.408176
     33          1           0       -1.061836    0.303695    1.879301
     34          1           0        1.178494    3.755670    0.174374
     35          1           0        0.078125    2.609901    2.391701
     36         15           0       -0.810769    0.871403   -0.666711
 ---------------------------------------------------------------------
 Rotational constants (GHZ):      0.6769343      0.3402403      0.2776042
 Standard basis: 6-31+G(d,p) (6D, 7F)
 There are   468 symmetry adapted basis functions of A   symmetry.
 Integral buffers will be    262144 words long.
 Raffenetti 1 integral format.
 Two-electron integral symmetry is turned on.
   468 basis functions,   800 primitive gaussians,   468 cartesian basis functions
    79 alpha electrons       79 beta electrons
       nuclear repulsion energy      2109.1016045120 Hartrees.
 NAtoms=   36 NActive=   36 NUniq=   36 SFac= 7.50D-01 NAtFMM=   80 NAOKFM=F Big=F
 One-electron integrals computed using PRISM.
 NBasis=   468 RedAO= T  NBF=   468
 NBsUse=   467 1.00D-06 NBFU=   467
 Initial guess read from the read-write file.
 B after Tr=     0.000000    0.000000    0.000000
         Rot=    1.000000    0.000000    0.000000    0.000000 Ang=   0.00 deg.
 Initial guess orbital symmetries:
       Occupied  (A) (A) (A) (A) (A) (A) (A) (A) (A) (A) (A) (A)
                 (A) (A) (A) (A) (A) (A) (A) (A) (A) (A) (A) (A)
                 (A) (A) (A) (A) (A) (A) (A) (A) (A) (A) (A) (A)
                 (A) (A) (A) (A) (A) (A) (A) (A) (A) (A) (A) (A)
                 (A) (A) (A) (A) (A) (A) (A) (A) (A) (A) (A) (A)
                 (A) (A) (A) (A) (A) (A) (A) (A) (A) (A) (A) (A)
                 (A) (A) (A) (A) (A) (A) (A)
       Virtual   (A) (A) (A) (A) (A) (A) (A) (A) (A) (A) (A) (A)
                 (A) (A) (A) (A) (A) (A) (A) (A) (A) (A) (A) (A)
                 (A) (A) (A) (A) (A) (A) (A) (A) (A) (A) (A) (A)
                 (A) (A) (A) (A) (A) (A) (A) (A) (A) (A) (A) (A)
                 (A) (A) (A) (A) (A) (A) (A) (A) (A) (A) (A) (A)
                 (A) (A) (A) (A) (A) (A) (A) (A) (A) (A) (A) (A)
                 (A) (A) (A) (A) (A) (A) (A) (A) (A) (A) (A) (A)
                 (A) (A) (A) (A) (A) (A) (A) (A) (A) (A) (A) (A)
                 (A) (A) (A) (A) (A) (A) (A) (A) (A) (A) (A) (A)
                 (A) (A) (A) (A) (A) (A) (A) (A) (A) (A) (A) (A)
                 (A) (A) (A) (A) (A) (A) (A) (A) (A) (A) (A) (A)
                 (A) (A) (A) (A) (A) (A) (A) (A) (A) (A) (A) (A)
                 (A) (A) (A) (A) (A) (A) (A) (A) (A) (A) (A) (A)
                 (A) (A) (A) (A) (A) (A) (A) (A) (A) (A) (A) (A)
                 (A) (A) (A) (A) (A) (A) (A) (A) (A) (A) (A) (A)
                 (A) (A) (A) (A) (A) (A) (A) (A) (A) (A) (A) (A)
                 (A) (A) (A) (A) (A) (A) (A) (A) (A) (A) (A) (A)
                 (A) (A) (A) (A) (A) (A) (A) (A) (A) (A) (A) (A)
                 (A) (A) (A) (A) (A) (A) (A) (A) (A) (A) (A) (A)
                 (A) (A) (A) (A) (A) (A) (A) (A) (A) (A) (A) (A)
                 (A) (A) (A) (A) (A) (A) (A) (A) (A) (A) (A) (A)
                 (A) (A) (A) (A) (A) (A) (A) (A) (A) (A) (A) (A)
                 (A) (A) (A) (A) (A) (A) (A) (A) (A) (A) (A) (A)
                 (A) (A) (A) (A) (A) (A) (A) (A) (A) (A) (A) (A)
                 (A) (A) (A) (A) (A) (A) (A) (A) (A) (A) (A) (A)
                 (A) (A) (A) (A) (A) (A) (A) (A) (A) (A) (A) (A)
                 (A) (A) (A) (A) (A) (A) (A) (A) (A) (A) (A) (A)
                 (A) (A) (A) (A) (A) (A) (A) (A) (A) (A) (A) (A)
                 (A) (A) (A) (A) (A) (A) (A) (A) (A) (A) (A) (A)
                 (A) (A) (A) (A) (A) (A) (A) (A) (A) (A) (A) (A)
                 (A) (A) (A) (A) (A) (A) (A) (A) (A) (A) (A) (A)
                 (A) (A) (A) (A) (A) (A) (A) (A) (A) (A) (A) (A)
                 (A) (A) (A) (A)
 Harris functional with IExCor=  205 diagonalized for initial guess.
 ExpMin= 3.48D-02 ExpMax= 2.19D+04 ExpMxC= 3.30D+03 IAcc=3 IRadAn=         0 AccDes= 0.00D+00
 HarFok:  IExCor=  205 AccDes= 0.00D+00 IRadAn=         0 IDoV= 1
 ScaDFX=  1.000000  1.000000  1.000000  1.000000
 FoFCou: FMM=F IPFlag=           0 FMFlag=      100000 FMFlg1=           0
         NFxFlg=           0 DoJE=T BraDBF=F KetDBF=T FulRan=T
         Omega=  0.000000  0.000000  1.000000  0.000000  0.000000 ICntrl=     500 IOpCl=  0
         NMat0=    1 NMatS0=    1 NMatT0=    0 NMatD0=    1 NMtDS0=    0 NMtDT0=    0
         I1Cent=           4 NGrid=           0.
 Petite list used in FoFCou.
 Requested convergence on RMS density matrix=1.00D-08 within 128 cycles.
 Requested convergence on MAX density matrix=1.00D-06.
 Requested convergence on             energy=1.00D-06.
 No special actions if energy rises.
 Initial convergence to 1.0D-05 achieved.  Increase integral accuracy.
 SCF Done:  E(RHF) =  -1480.56518822     A.U. after   31 cycles
             Convg  =    0.6656D-08             -V/T =  1.9966
 Calling FoFJK, ICntrl=      2127 FMM=F ISym2X=0 I1Cent= 0 IOpClX= 0 NMat=1 NMatS=1 NMatT=0.
 ***** Axes restored to original set *****
 -------------------------------------------------------------------
 Center     Atomic                   Forces (Hartrees/Bohr)
 Number     Number              X              Y              Z
 -------------------------------------------------------------------
      1        6          -0.063621643   -0.023134383    0.013975623
      2        6           0.104298473   -0.003889309   -0.015524599
      3        6           0.020875963   -0.018643193   -0.069976907
      4        6          -0.006547820   -0.067268694    0.034147845
      5        7          -0.008155115   -0.231026743    0.072360857
      6        1          -0.014530160   -0.000850672    0.002246116
      7        1           0.003224883   -0.003728855    0.012778325
      8        1           0.005082893    0.037198593    0.004905570
      9        1           0.024195431    0.051845066    0.049736465
     10        6           0.061928902    0.028843132    0.008667857
     11        6          -0.058115511   -0.008391717   -0.021591246
     12        6           0.023849811   -0.027416231    0.020066233
     13        6          -0.011008663   -0.036532771    0.003139320
     14       16           0.002033919   -0.054955991    0.007943009
     15        1          -0.002738217   -0.002653792   -0.003324687
     16        1           0.002785254   -0.002505632    0.000785050
     17        1           0.005836238    0.011796248   -0.009370791
     18        1           0.013138445   -0.070520978    0.011328118
     19        6          -0.011358330    0.247524072   -0.011527586
     20        6           0.179221390    0.160928478    0.198691841
     21        6          -0.038994645    0.034450317    0.017760065
     22        6          -0.030547907   -0.045437366   -0.027097928
     23        8           0.109969508    0.042315888   -0.027538449
     24        1          -0.102376821    0.101313068    0.201546377
     25        1           1.083264479    0.199165621    0.720250788
     26        1           0.005137560    0.002969638    0.007665281
     27        1          -0.011656887    0.002383121    0.006415880
     28        6           0.004810589    0.022606396    0.060128676
     29        6          -1.226588611   -0.234896811   -0.746936065
     30        6           0.107843009    0.077091599   -0.049099791
     31        1          -0.000231333   -0.000805963   -0.000854334
     32        6          -0.114981649   -0.063725111   -0.027956876
     33        1           0.153573501    0.027530500   -0.215881574
     34        1           0.001538566    0.001074235   -0.003848496
     35        1          -0.003288753    0.001021840   -0.003937921
     36       15          -0.207866749   -0.153673597   -0.220072047
 -------------------------------------------------------------------
 Cartesian Forces:  Max     1.226588611 RMS     0.202624216

 GradGradGradGradGradGradGradGradGradGradGradGradGradGradGradGradGradGrad
 Berny optimization.
 Using GEDIIS/GDIIS optimizer.
 Internal  Forces:  Max     0.802892257 RMS     0.062487245
 Search for a local minimum.
 Step number   2 out of a maximum of  216
 All quantities printed in internal units (Hartrees-Bohrs-Radians)
 Mixed Optimization -- RFO/linear search
 Update second derivatives using D2CorX and points    1    2
 DE= -3.98D-01 DEPred=-4.11D-01 R= 9.70D-01
 SS=  1.41D+00  RLast= 3.00D-01 DXNew= 5.0454D-01 8.9968D-01
 Trust test= 9.70D-01 RLast= 3.00D-01 DXMaxT set to 5.05D-01
 Use linear search instead of GDIIS.
 Linear search step of   0.600 exceeds DXMaxT=   0.505 but not scaled.
 Quartic linear search produced a step of  2.00000.
 Iteration  1 RMS(Cart)=  0.05354859 RMS(Int)=  0.00451227
 Iteration  2 RMS(Cart)=  0.00316826 RMS(Int)=  0.00142833
 Iteration  3 RMS(Cart)=  0.00004468 RMS(Int)=  0.00142714
 Iteration  4 RMS(Cart)=  0.00000049 RMS(Int)=  0.00142714
 Variable       Old X    -DE/DX   Delta X   Delta X   Delta X     New X
                                 (Linear)    (Quad)   (Total)
    R1        2.60783   0.10287   0.08056   0.00000   0.08097   2.68880
    R2        2.69776   0.03921   0.04010   0.00000   0.04032   2.73808
    R3        2.02421   0.00536   0.00440   0.00000   0.00440   2.02861
    R4        2.95975   0.03171   0.03366   0.00000   0.03378   2.99352
    R5        2.84715   0.04002   0.03059   0.00000   0.02953   2.87667
    R6        2.02686   0.01211   0.00971   0.00000   0.00971   2.03657
    R7        2.92854   0.01358   0.01063   0.00000   0.01036   2.93889
    R8        2.93054   0.01959   0.02102   0.00000   0.02080   2.95134
    R9        2.02590   0.00972   0.00778   0.00000   0.00778   2.03367
   R10        3.12424   0.01594   0.01687   0.00000   0.01689   3.14113
   R11        3.06988  -0.01728   0.00493   0.00000   0.00323   3.07311
   R12        3.08326   0.12761   0.10508   0.00000   0.10572   3.18898
   R13        2.02922   0.02129   0.01442   0.00000   0.01441   2.04362
   R14        2.78881   0.06470   0.05262   0.00000   0.05284   2.84165
   R15        3.36469   0.15740   0.11535   0.00000   0.11557   3.48026
   R16        2.61601  -0.05795  -0.04759   0.00000  -0.04762   2.56838
   R17        3.39910  -0.00860  -0.00984   0.00000  -0.00988   3.38922
   R18        2.02313   0.00271   0.00224   0.00000   0.00224   2.02536
   R19        2.92754  -0.00605  -0.00432   0.00000  -0.00430   2.92324
   R20        2.02342   0.00366   0.00283   0.00000   0.00283   2.02626
   R21        2.79315   0.03492   0.02380   0.00000   0.02421   2.81736
   R22        2.02661   0.01122   0.00921   0.00000   0.00921   2.03582
   R23        3.30971   0.02644   0.02665   0.00000   0.02669   3.33640
   R24        2.05998   0.07618   0.07594   0.00000   0.07707   2.13705
   R25        2.75654   0.14743   0.14837   0.00000   0.14955   2.90609
   R26        3.05436   0.06581   0.05629   0.00000   0.05744   3.11181
   R27        2.68771  -0.01145  -0.00145   0.00000  -0.00161   2.68610
   R28        2.06508   0.10707   0.08614   0.00000   0.08606   2.15114
   R29        3.01489   0.18290   0.10966   0.00000   0.10865   3.12354
   R30        2.87799   0.00653   0.00838   0.00000   0.00853   2.88652
   R31        1.97449  -0.33504  -0.09504   0.00000  -0.08801   1.88648
   R32        2.97198   0.33124   0.14646   0.00000   0.14660   3.11858
   R33        2.60590   0.21623   0.13377   0.00000   0.12484   2.73074
   R34        2.60337  -0.01605  -0.01442   0.00000  -0.01413   2.58924
   R35        2.02226   0.00041   0.00051   0.00000   0.00051   2.02277
   R36        2.75924  -0.03881  -0.03392   0.00000  -0.03386   2.72537
   R37        2.02212   0.00035   0.00022   0.00000   0.00022   2.02234
   R38        2.34946   0.14760   0.11306   0.00000   0.11303   2.46248
   R39        1.18762   0.80289   0.30214   0.00000   0.30298   1.49060
   R40        1.33249  -0.03915   0.00767   0.00000   0.02573   1.35822
   R41        2.60621   0.05869   0.03614   0.00000   0.03579   2.64200
   R42        2.02160   0.00016  -0.00081   0.00000  -0.00081   2.02079
   R43        3.36676  -0.04407  -0.04251   0.00000  -0.04230   3.32445
   R44        2.60663   0.03960   0.03698   0.00000   0.03711   2.64374
   R45        2.09037   0.27410   0.13672   0.00000   0.13052   2.22088
   R46        3.41610   0.05432   0.05618   0.00000   0.05493   3.47104
   R47        2.93918  -0.09914  -0.08083   0.00000  -0.08110   2.85808
   R48        2.02233   0.00100   0.00065   0.00000   0.00065   2.02298
   R49        2.02293   0.00298   0.00185   0.00000   0.00185   2.02479
    A1        1.84650  -0.00625  -0.00764   0.00000  -0.00707   1.83943
    A2        1.99632   0.00126   0.00319   0.00000   0.00285   1.99917
    A3        1.49384  -0.01096  -0.01147   0.00000  -0.01136   1.48248
    A4        2.03044   0.00042  -0.00147   0.00000  -0.00150   2.02894
    A5        1.97139   0.01788   0.02367   0.00000   0.02296   1.99436
    A6        2.04666  -0.00610  -0.00938   0.00000  -0.00904   2.03762
    A7        1.75020   0.01395   0.01172   0.00000   0.01152   1.76172
    A8        2.13931   0.00194   0.00327   0.00000   0.00320   2.14251
    A9        1.57646  -0.00860  -0.00412   0.00000  -0.00410   1.57237
   A10        1.84046  -0.01614  -0.01374   0.00000  -0.01331   1.82714
   A11        2.09489   0.01436   0.01331   0.00000   0.01266   2.10756
   A12        2.05026   0.00007  -0.00441   0.00000  -0.00418   2.04608
   A13        1.94539  -0.00231  -0.00196   0.00000  -0.00200   1.94339
   A14        1.75288  -0.00433  -0.00788   0.00000  -0.00744   1.74544
   A15        2.20149   0.02400   0.02509   0.00000   0.02396   2.22545
   A16        2.17546   0.00039  -0.00064   0.00000  -0.00070   2.17476
   A17        1.38564  -0.00701  -0.00322   0.00000  -0.00309   1.38255
   A18        2.02833  -0.00825  -0.00750   0.00000  -0.00717   2.02117
   A19        1.44141   0.01762   0.01080   0.00000   0.01066   1.45208
   A20        1.32059  -0.00443  -0.00298   0.00000  -0.00285   1.31774
   A21        1.77236   0.02464   0.01828   0.00000   0.01794   1.79029
   A22        2.44348   0.02251   0.01842   0.00000   0.01817   2.46165
   A23        1.12559   0.02920   0.02995   0.00000   0.02940   1.15499
   A24        1.52415  -0.00338  -0.00697   0.00000  -0.00693   1.51722
   A25        2.01963  -0.02346  -0.01913   0.00000  -0.01892   2.00072
   A26        1.86717   0.03241   0.03738   0.00000   0.03687   1.90404
   A27        1.81296  -0.01086  -0.02531   0.00000  -0.02467   1.78829
   A28        1.97215   0.01302   0.00792   0.00000   0.00790   1.98005
   A29        2.15670  -0.00311  -0.00139   0.00000  -0.00138   2.15532
   A30        2.15430  -0.00987  -0.00650   0.00000  -0.00649   2.14781
   A31        1.96021   0.01813   0.01550   0.00000   0.01552   1.97573
   A32        2.16130  -0.00929  -0.00796   0.00000  -0.00798   2.15333
   A33        2.16165  -0.00881  -0.00750   0.00000  -0.00752   2.15413
   A34        1.96356   0.00570   0.00340   0.00000   0.00336   1.96692
   A35        1.44800   0.01575   0.01378   0.00000   0.01367   1.46166
   A36        2.15298  -0.01306  -0.01011   0.00000  -0.01005   2.14293
   A37        1.79974  -0.01024  -0.00500   0.00000  -0.00489   1.79485
   A38        1.88279   0.00238   0.00019   0.00000   0.00014   1.88293
   A39        2.16667   0.00152   0.00041   0.00000   0.00041   2.16708
   A40        1.50433   0.00796   0.00678   0.00000   0.00672   1.51105
   A41        2.08055  -0.00803  -0.00640   0.00000  -0.00625   2.07430
   A42        1.94595  -0.00134  -0.00115   0.00000  -0.00137   1.94458
   A43        1.95777  -0.01446  -0.01669   0.00000  -0.01684   1.94094
   A44        1.99631  -0.00194  -0.00176   0.00000  -0.00153   1.99478
   A45        1.94326   0.01446   0.01535   0.00000   0.01535   1.95861
   A46        1.53611  -0.00427   0.00009   0.00000   0.00014   1.53625
   A47        1.42904  -0.04589  -0.02882   0.00000  -0.02861   1.40042
   A48        2.11047   0.01818   0.01293   0.00000   0.01262   2.12308
   A49        1.94791  -0.00622  -0.00600   0.00000  -0.00536   1.94255
   A50        2.13107  -0.01033  -0.01306   0.00000  -0.01282   2.11825
   A51        1.94077  -0.00300  -0.00698   0.00000  -0.00681   1.93396
   A52        2.09866   0.03724   0.03309   0.00000   0.03255   2.13122
   A53        1.25718   0.04182   0.02239   0.00000   0.02242   1.27959
   A54        1.90824  -0.00335  -0.00449   0.00000  -0.00457   1.90367
   A55        2.03501  -0.00847  -0.00106   0.00000  -0.00105   2.03396
   A56        1.61798   0.03513   0.02151   0.00000   0.02137   1.63936
   A57        1.89977   0.01456   0.00863   0.00000   0.00898   1.90875
   A58        2.06086  -0.10496  -0.04498   0.00000  -0.04837   2.01249
   A59        2.20589   0.01257   0.00326   0.00000   0.00432   2.21021
   A60        1.96928   0.02201   0.00129   0.00000   0.00342   1.97270
   A61        1.67862  -0.01416  -0.01197   0.00000  -0.01272   1.66590
   A62        2.23406   0.11176   0.03947   0.00000   0.04416   2.27822
   A63        1.96925  -0.08031  -0.03530   0.00000  -0.03527   1.93399
   A64        2.65923  -0.06386  -0.02475   0.00000  -0.02712   2.63211
   A65        1.91842  -0.02464  -0.00520   0.00000  -0.00628   1.91215
   A66        1.98622   0.01533   0.00660   0.00000   0.00487   1.99109
   A67        1.49664   0.01461   0.00865   0.00000   0.00944   1.50608
   A68        1.91269  -0.00097   0.00192   0.00000   0.00222   1.91491
   A69        2.18731   0.00493   0.00286   0.00000   0.00271   2.19002
   A70        2.18315  -0.00399  -0.00479   0.00000  -0.00494   2.17821
   A71        2.00420   0.02921   0.02183   0.00000   0.02210   2.02630
   A72        2.14533  -0.00102   0.00061   0.00000   0.00046   2.14578
   A73        2.13365  -0.02816  -0.02241   0.00000  -0.02256   2.11109
   A74        1.73375   0.00634   0.00831   0.00000   0.00787   1.74162
   A75        2.20087   0.00142   0.00640   0.00000   0.00618   2.20704
   A76        1.88303  -0.00510  -0.00863   0.00000  -0.00819   1.87483
   A77        2.19928   0.00370   0.00226   0.00000   0.00203   2.20131
   A78        1.17836   0.02236   0.01844   0.00000   0.01816   1.19652
   A79        2.76181   0.03062   0.00462   0.00000   0.00377   2.76557
   A80        1.59602  -0.04372   0.00597   0.00000   0.00773   1.60375
   A81        2.19391   0.00311  -0.00751   0.00000  -0.00300   2.19091
   A82        1.88233   0.01512  -0.01003   0.00000  -0.01074   1.87158
   A83        2.20695  -0.01822   0.01759   0.00000   0.01370   2.22064
   A84        1.98920   0.03872   0.03199   0.00000   0.03183   2.02103
   A85        2.14937  -0.01513  -0.01150   0.00000  -0.01142   2.13795
   A86        2.14448  -0.02363  -0.02053   0.00000  -0.02045   2.12403
   A87        1.96773  -0.02953  -0.01093   0.00000  -0.01059   1.95714
   A88        2.15912   0.01817   0.00801   0.00000   0.00783   2.16695
   A89        2.15621   0.01141   0.00295   0.00000   0.00279   2.15900
   A90        1.02495   0.00532   0.01849   0.00000   0.01831   1.04325
   A91        0.88459   0.01537   0.02735   0.00000   0.02776   0.91235
   A92        2.02307   0.00599  -0.00527   0.00000  -0.00561   2.01747
   A93        2.01744  -0.00125  -0.01653   0.00000  -0.01683   2.00061
   A94        2.83011   0.01221   0.01339   0.00000   0.01327   2.84338
   A95        1.78838   0.00743  -0.00837   0.00000  -0.00856   1.77982
   A96        2.08435   0.02011   0.00927   0.00000   0.00928   2.09363
   A97        2.53856   0.00043  -0.00379   0.00000  -0.00417   2.53439
   A98        1.66019  -0.02033  -0.00534   0.00000  -0.00503   1.65516
    D1       -0.35283   0.00415  -0.00077   0.00000  -0.00096  -0.35380
    D2        1.67039  -0.00459  -0.00750   0.00000  -0.00732   1.66308
    D3       -2.45838  -0.01028  -0.01483   0.00000  -0.01438  -2.47276
    D4       -2.61086   0.00777   0.00507   0.00000   0.00469  -2.60616
    D5       -0.58763  -0.00097  -0.00166   0.00000  -0.00166  -0.58929
    D6        1.56678  -0.00666  -0.00899   0.00000  -0.00872   1.55806
    D7        1.61280   0.01952   0.02040   0.00000   0.01963   1.63244
    D8       -2.64715   0.01078   0.01366   0.00000   0.01328  -2.63387
    D9       -0.49275   0.00508   0.00634   0.00000   0.00622  -0.48652
   D10       -0.17282   0.00226   0.00276   0.00000   0.00300  -0.16982
   D11        1.83734  -0.00259  -0.01401   0.00000  -0.01399   1.82335
   D12        2.06509  -0.00106  -0.00059   0.00000  -0.00028   2.06480
   D13       -2.20794  -0.00591  -0.01736   0.00000  -0.01728  -2.22521
   D14       -1.77667   0.01199   0.01181   0.00000   0.01228  -1.76439
   D15        0.23350   0.00714  -0.00496   0.00000  -0.00471   0.22878
   D16        0.52021  -0.01021  -0.00985   0.00000  -0.00973   0.51048
   D17        2.49828  -0.02369  -0.02634   0.00000  -0.02635   2.47193
   D18       -1.48227  -0.01117  -0.01056   0.00000  -0.01064  -1.49292
   D19        2.35803  -0.02093  -0.02195   0.00000  -0.02163   2.33640
   D20       -1.94709  -0.03442  -0.03844   0.00000  -0.03825  -1.98534
   D21        0.35554  -0.02190  -0.02265   0.00000  -0.02254   0.33300
   D22       -1.49068  -0.00483  -0.00579   0.00000  -0.00568  -1.49636
   D23        0.48739  -0.01831  -0.02228   0.00000  -0.02230   0.46509
   D24        2.79002  -0.00579  -0.00649   0.00000  -0.00659   2.78343
   D25        0.84921   0.00282   0.00995   0.00000   0.00951   0.85872
   D26       -3.09684  -0.00129   0.00217   0.00000   0.00208  -3.09476
   D27       -0.76373   0.00354   0.00496   0.00000   0.00493  -0.75880
   D28       -1.38754   0.00097   0.00658   0.00000   0.00625  -1.38129
   D29        0.94960  -0.00315  -0.00121   0.00000  -0.00119   0.94841
   D30       -3.00047   0.00169   0.00159   0.00000   0.00166  -2.99881
   D31        2.53171   0.00461   0.01533   0.00000   0.01494   2.54666
   D32       -1.41434   0.00050   0.00755   0.00000   0.00751  -1.40683
   D33        0.91878   0.00533   0.01034   0.00000   0.01035   0.92913
   D34       -1.24074  -0.00312  -0.00661   0.00000  -0.00671  -1.24745
   D35        0.52773  -0.00819  -0.00672   0.00000  -0.00665   0.52108
   D36        2.73675   0.00080   0.00048   0.00000   0.00036   2.73711
   D37       -3.02249  -0.01610  -0.01949   0.00000  -0.01937  -3.04186
   D38       -1.25402  -0.02117  -0.01960   0.00000  -0.01931  -1.27333
   D39        0.95501  -0.01218  -0.01240   0.00000  -0.01231   0.94270
   D40        0.98581  -0.00645  -0.00722   0.00000  -0.00724   0.97857
   D41        2.75428  -0.01151  -0.00734   0.00000  -0.00718   2.74710
   D42       -1.31988  -0.00253  -0.00013   0.00000  -0.00018  -1.32006
   D43       -0.80443  -0.00293  -0.00751   0.00000  -0.00706  -0.81149
   D44        2.92778  -0.02119  -0.02444   0.00000  -0.02367   2.90411
   D45       -1.88613  -0.03264  -0.03751   0.00000  -0.03677  -1.92290
   D46       -2.90829   0.00559   0.00686   0.00000   0.00664  -2.90165
   D47        0.82392  -0.01267  -0.01006   0.00000  -0.00997   0.81395
   D48        2.29320  -0.02412  -0.02314   0.00000  -0.02307   2.27013
   D49        1.37412   0.02034   0.01826   0.00000   0.01754   1.39165
   D50       -1.17686   0.00208   0.00134   0.00000   0.00092  -1.17593
   D51        0.29242  -0.00937  -0.01174   0.00000  -0.01217   0.28025
   D52        1.63980   0.00220   0.00765   0.00000   0.00802   1.64782
   D53       -2.94226   0.00084   0.00320   0.00000   0.00305  -2.93921
   D54       -0.74028  -0.10559  -0.03345   0.00000  -0.03535  -0.77563
   D55       -0.47470   0.07222   0.03415   0.00000   0.03409  -0.44061
   D56       -1.31265   0.03207   0.01735   0.00000   0.01919  -1.29346
   D57       -0.26112   0.00878   0.01105   0.00000   0.01144  -0.24969
   D58        1.44000   0.00741   0.00660   0.00000   0.00647   1.44646
   D59       -2.64120  -0.09902  -0.03005   0.00000  -0.03194  -2.67314
   D60       -2.37563   0.07880   0.03755   0.00000   0.03751  -2.33812
   D61        3.06961   0.03864   0.02075   0.00000   0.02261   3.09222
   D62       -2.41723   0.01245   0.01406   0.00000   0.01433  -2.40290
   D63       -0.71611   0.01108   0.00961   0.00000   0.00936  -0.70675
   D64        1.48588  -0.09535  -0.02704   0.00000  -0.02904   1.45683
   D65        1.75145   0.08247   0.04056   0.00000   0.04040   1.79185
   D66        0.91350   0.04232   0.02376   0.00000   0.02550   0.93901
   D67        0.57988   0.00105   0.00228   0.00000   0.00191   0.58179
   D68       -1.46089  -0.01923  -0.01662   0.00000  -0.01726  -1.47815
   D69        1.57604  -0.00133  -0.00394   0.00000  -0.00408   1.57196
   D70       -0.46473  -0.02161  -0.02284   0.00000  -0.02324  -0.48798
   D71        2.44049   0.01162   0.00889   0.00000   0.00881   2.44929
   D72        0.39972  -0.00865  -0.01002   0.00000  -0.01036   0.38936
   D73       -0.29179   0.01594   0.01590   0.00000   0.01604  -0.27575
   D74       -2.20980   0.04512   0.03990   0.00000   0.04029  -2.16951
   D75        1.79193   0.03852   0.04024   0.00000   0.04042   1.83235
   D76        0.80393   0.03854   0.02822   0.00000   0.02875   0.83269
   D77       -1.61671  -0.00070   0.00361   0.00000   0.00343  -1.61327
   D78        2.74847   0.02849   0.02760   0.00000   0.02769   2.77615
   D79        0.46701   0.02188   0.02795   0.00000   0.02781   0.49482
   D80       -0.52098   0.02190   0.01593   0.00000   0.01615  -0.50484
   D81        1.01335   0.00807   0.00948   0.00000   0.00949   1.02285
   D82       -0.90466   0.03726   0.03348   0.00000   0.03374  -0.87091
   D83        3.09707   0.03065   0.03382   0.00000   0.03387   3.13094
   D84        2.10908   0.03067   0.02180   0.00000   0.02220   2.13128
   D85       -2.53444   0.03628   0.03250   0.00000   0.03287  -2.50157
   D86        2.83009   0.05173   0.04176   0.00000   0.04176   2.87185
   D87        0.94612   0.02572   0.01894   0.00000   0.01919   0.96532
   D88       -0.97451   0.04904   0.04120   0.00000   0.04084  -0.93367
   D89       -0.38993   0.01942   0.01583   0.00000   0.01563  -0.37429
   D90       -1.30858   0.03487   0.02509   0.00000   0.02452  -1.28406
   D91        3.09064   0.00886   0.00227   0.00000   0.00195   3.09259
   D92        1.17000   0.03218   0.02453   0.00000   0.02360   1.19361
   D93        0.00121   0.00029   0.00053   0.00000   0.00050   0.00171
   D94        3.13590   0.00489   0.00540   0.00000   0.00535   3.14125
   D95       -3.13196  -0.00377  -0.00357   0.00000  -0.00358  -3.13553
   D96        0.00274   0.00082   0.00130   0.00000   0.00127   0.00401
   D97       -0.30396  -0.00250  -0.00210   0.00000  -0.00209  -0.30605
   D98        2.82922   0.00160   0.00203   0.00000   0.00200   2.83122
   D99        1.90165   0.01437   0.01501   0.00000   0.01493   1.91658
   D100       0.37046  -0.00010   0.00109   0.00000   0.00110   0.37156
   D101      -1.94900   0.00331   0.00377   0.00000   0.00371  -1.94529
   D102      -1.23304   0.00978   0.01015   0.00000   0.01008  -1.22296
   D103      -2.76423  -0.00469  -0.00378   0.00000  -0.00375  -2.76798
   D104       1.19949  -0.00129  -0.00110   0.00000  -0.00114   1.19836
   D105      -0.46081  -0.00705  -0.00386   0.00000  -0.00365  -0.46446
   D106      -2.55632   0.00057   0.00286   0.00000   0.00292  -2.55340
   D107       1.49225  -0.00507  -0.00220   0.00000  -0.00224   1.49001
   D108       1.48601   0.00239   0.00263   0.00000   0.00271   1.48872
   D109      -0.60950   0.01002   0.00936   0.00000   0.00929  -0.60022
   D110      -2.84412   0.00437   0.00430   0.00000   0.00413  -2.83999
   D111      -2.65733  -0.00296  -0.00159   0.00000  -0.00145  -2.65878
   D112       1.53034   0.00467   0.00513   0.00000   0.00512   1.53546
   D113      -0.70428  -0.00098   0.00008   0.00000  -0.00003  -0.70431
   D114      -1.17216  -0.00447  -0.00157   0.00000  -0.00169  -1.17385
   D115       0.54481  -0.00756  -0.00679   0.00000  -0.00676   0.53805
   D116       2.80722  -0.01011  -0.01015   0.00000  -0.01013   2.79710
   D117       0.27272  -0.01234  -0.01399   0.00000  -0.01404   0.25868
   D118      -1.63484  -0.03040  -0.02455   0.00000  -0.02461  -1.65945
   D119       2.53137  -0.04915  -0.02925   0.00000  -0.03000   2.50138
   D120       2.57004  -0.01150  -0.01245   0.00000  -0.01177   2.55827
   D121       3.03147  -0.02233  -0.01512   0.00000  -0.01608   3.01539
   D122       2.36871  -0.00977  -0.01129   0.00000  -0.01088   2.35783
   D123       0.46115  -0.02783  -0.02185   0.00000  -0.02146   0.43969
   D124      -1.65582  -0.04657  -0.02654   0.00000  -0.02684  -1.68267
   D125      -1.61715  -0.00893  -0.00975   0.00000  -0.00861  -1.62577
   D126      -1.15573  -0.01976  -0.01242   0.00000  -0.01293  -1.16866
   D127      -1.65284   0.01859   0.00674   0.00000   0.00740  -1.64544
   D128       2.72278   0.00053  -0.00382   0.00000  -0.00317   2.71961
   D129       0.60581  -0.01821  -0.00852   0.00000  -0.00856   0.59725
   D130       0.64448   0.01944   0.00828   0.00000   0.00967   0.65415
   D131       1.10591   0.00861   0.00560   0.00000   0.00535   1.11126
   D132      -1.95491  -0.00645  -0.00465   0.00000  -0.00438  -1.95929
   D133       2.42072  -0.02452  -0.01522   0.00000  -0.01496   2.40576
   D134       0.30374  -0.04326  -0.01991   0.00000  -0.02034   0.28340
   D135       0.34241  -0.00561  -0.00311   0.00000  -0.00211   0.34030
   D136       0.80384  -0.01644  -0.00579   0.00000  -0.00643   0.79741
   D137       1.10090  -0.01935  -0.01049   0.00000  -0.01068   1.09022
   D138      -0.52558   0.03174   0.02403   0.00000   0.02388  -0.50171
   D139      -2.88391  -0.01441  -0.01173   0.00000  -0.01139  -2.89529
   D140      -1.91959  -0.01284   0.00146   0.00000   0.00123  -1.91837
   D141       0.50251  -0.01806  -0.01357   0.00000  -0.01412   0.48840
   D142       1.85336   0.00460   0.01100   0.00000   0.01068   1.86405
   D143      -1.46165  -0.01232   0.00132   0.00000   0.00087  -1.46078
   D144       1.68482  -0.03880  -0.02569   0.00000  -0.02627   1.65855
   D145       3.03567  -0.01614  -0.00112   0.00000  -0.00147   3.03420
   D146      -0.27935  -0.03306  -0.01080   0.00000  -0.01128  -0.29063
   D147      -2.76172  -0.02251  -0.02380   0.00000  -0.02408  -2.78580
   D148      -1.41087   0.00016   0.00077   0.00000   0.00072  -1.41015
   D149       1.55730  -0.01677  -0.00890   0.00000  -0.00909   1.54821
   D150      -1.84516  -0.02480  -0.01434   0.00000  -0.01400  -1.85916
   D151       1.30471  -0.02093  -0.01200   0.00000  -0.01183   1.29289
   D152      -0.18717   0.00967   0.00560   0.00000   0.00547  -0.18169
   D153       2.96271   0.01354   0.00794   0.00000   0.00765   2.97036
   D154       2.15610   0.12013   0.04213   0.00000   0.04650   2.20259
   D155      -0.97721   0.12400   0.04448   0.00000   0.04867  -0.92854
   D156       1.87778  -0.08516  -0.03941   0.00000  -0.04028   1.83750
   D157      -1.25553  -0.08129  -0.03707   0.00000  -0.03810  -1.29364
   D158       2.47118  -0.05395  -0.01911   0.00000  -0.02154   2.44964
   D159      -0.66213  -0.05009  -0.01676   0.00000  -0.01936  -0.68150
   D160       1.64391  -0.02769  -0.00388   0.00000  -0.00410   1.63981
   D161      -0.31000  -0.01068  -0.00356   0.00000  -0.00425  -0.31425
   D162      -2.19947   0.04634   0.02892   0.00000   0.02945  -2.17002
   D163       1.44218  -0.01639  -0.00129   0.00000  -0.00211   1.44007
   D164      -1.69346  -0.01572  -0.00631   0.00000  -0.00693  -1.70039
   D165      -0.47995  -0.01572  -0.00657   0.00000  -0.00674  -0.48669
   D166       2.66759  -0.01504  -0.01158   0.00000  -0.01156   2.65603
   D167      -2.35895   0.03740   0.02782   0.00000   0.02805  -2.33090
   D168       0.78859   0.03807   0.02280   0.00000   0.02324   0.81183
   D169      -0.12243   0.00795   0.00717   0.00000   0.00743  -0.11499
   D170       3.02230  -0.00085  -0.00042   0.00000  -0.00061   3.02169
   D171       3.01091   0.00415   0.00488   0.00000   0.00532   3.01623
   D172      -0.12755  -0.00466  -0.00272   0.00000  -0.00272  -0.13027
   D173       0.40784  -0.01719  -0.01274   0.00000  -0.01321   0.39463
   D174      -2.73686  -0.00840  -0.00510   0.00000  -0.00530  -2.74216
   D175      -2.95530   0.00323   0.00358   0.00000   0.00385  -2.95145
   D176       0.16852   0.00057   0.00127   0.00000   0.00147   0.16999
   D177       0.18097   0.00731   0.00871   0.00000   0.00853   0.18950
   D178      -2.97839   0.00465   0.00639   0.00000   0.00615  -2.97224
   D179      -2.36954   0.01273   0.01935   0.00000   0.02002  -2.34952
   D180       2.72642  -0.01505  -0.01554   0.00000  -0.01495   2.71146
   D181       2.90702  -0.01177  -0.01274   0.00000  -0.01242   2.89460
   D182      -0.24520   0.00094  -0.00582   0.00000  -0.00508  -0.25028
   D183       0.76673   0.01680   0.02449   0.00000   0.02471   0.79144
   D184      -0.42049  -0.01098  -0.01039   0.00000  -0.01027  -0.43077
   D185      -0.23989  -0.00771  -0.00759   0.00000  -0.00774  -0.24763
   D186       2.89107   0.00501  -0.00068   0.00000  -0.00040   2.89067
   D187       2.46394  -0.00946  -0.00330   0.00000  -0.00060   2.46334
   D188      -0.66170  -0.01279  -0.00462   0.00000  -0.00259  -0.66428
   D189       2.96149   0.01280   0.00881   0.00000   0.00786   2.96935
   D190      -0.16414   0.00947   0.00750   0.00000   0.00587  -0.15827
   D191      -0.17893  -0.00013  -0.00461   0.00000  -0.00361  -0.18253
   D192       2.97862  -0.00345  -0.00593   0.00000  -0.00560   2.97303
   D193      -0.76997  -0.00002  -0.01527   0.00000  -0.01413  -0.78410
   D194       0.29603   0.00905   0.00192   0.00000   0.00266   0.29868
   D195       0.22658   0.02573   0.01201   0.00000   0.01335   0.23993
   D196      -2.89868   0.00602   0.00116   0.00000   0.00202  -2.89666
   D197      -0.58782  -0.01239  -0.01002   0.00000  -0.01091  -0.59873
   D198       0.47818  -0.00332   0.00717   0.00000   0.00588   0.48406
   D199       0.40873   0.01336   0.01726   0.00000   0.01657   0.42531
   D200      -2.71653  -0.00634   0.00641   0.00000   0.00524  -2.71129
   D201       2.37546  -0.00145  -0.00752   0.00000  -0.00826   2.36719
   D202      -2.84173   0.00762   0.00967   0.00000   0.00852  -2.83321
   D203      -2.91118   0.02430   0.01976   0.00000   0.01922  -2.89196
   D204       0.24674   0.00460   0.00891   0.00000   0.00789   0.25464
   D205      -0.76495  -0.01452  -0.02093   0.00000  -0.01997  -0.78492
   D206       0.30105  -0.00545  -0.00374   0.00000  -0.00318   0.29786
   D207       0.23160   0.01123   0.00635   0.00000   0.00751   0.23911
   D208      -2.89367  -0.00847  -0.00450   0.00000  -0.00382  -2.89748
   D209       0.00044  -0.00210   0.00088   0.00000   0.00048   0.00092
   D210       3.12611   0.00129   0.00225   0.00000   0.00251   3.12862
   D211      -3.12344   0.00045   0.00310   0.00000   0.00274  -3.12069
   D212       0.00223   0.00385   0.00446   0.00000   0.00477   0.00701
         Item               Value     Threshold  Converged?
 Maximum Force            0.802892     0.000450     NO 
 RMS     Force            0.062487     0.000300     NO 
 Maximum Displacement     0.301832     0.001800     NO 
 RMS     Displacement     0.054477     0.001200     NO 
 Predicted change in Energy=-3.529998D-01
 GradGradGradGradGradGradGradGradGradGradGradGradGradGradGradGradGradGrad

                          Input orientation:                          
 ---------------------------------------------------------------------
 Center     Atomic      Atomic             Coordinates (Angstroms)
 Number     Number       Type             X           Y           Z
 ---------------------------------------------------------------------
      1          6           0       -0.624255    0.975953    0.305011
      2          6           0        0.769409    1.217037    0.149815
      3          6           0        0.780150    2.724723   -0.060119
      4          6           0       -0.067781    3.456368    1.028401
      5          7           0       -1.197866    2.255993    0.668142
      6          1           0       -0.865107    0.148871    0.945569
      7          1           0        1.482290    1.046057    0.939764
      8          1           0        1.831863    2.883178   -0.224255
      9          1           0        0.502506    4.243814    0.554889
     10          6           0       -0.547130   -1.771680   -1.017957
     11          6           0        0.645597   -1.236222   -0.646581
     12          6           0        0.804951    0.244881   -1.063562
     13          6           0       -0.605506    0.689311   -1.252830
     14         16           0       -1.606787   -0.617500   -1.890668
     15          1           0       -0.832273   -2.783278   -0.808030
     16          1           0        1.398972   -1.784837   -0.116332
     17          1           0        1.562403    0.293684   -1.828072
     18          1           0       -0.716537    1.643458   -1.849620
     19          6           0       -1.250883    3.951836    0.243539
     20          6           0       -0.222000    3.601647   -0.993545
     21          6           0        0.326628    5.020463   -1.131963
     22          6           0       -0.428018    5.883150   -0.381207
     23          8           0       -1.611643    5.326611    0.226457
     24          1           0       -2.178351    3.326490    0.454603
     25          1           0       -0.401891    3.223037   -1.899558
     26          1           0        1.166432    5.306124   -1.731034
     27          1           0       -0.167781    6.911422   -0.239046
     28          6           0       -3.303668    1.927523   -1.509795
     29          6           0       -1.054276    3.069571   -2.315528
     30          6           0       -3.122682    1.963057   -2.895661
     31          1           0       -4.050930    1.375230   -0.980550
     32          6           0       -1.843853    2.612153   -3.375982
     33          1           0        0.050925    3.458985   -2.405394
     34          1           0       -3.831096    1.542348   -3.579147
     35          1           0       -1.571910    2.697341   -4.408862
     36         15           0       -2.073405    2.959597   -0.791359
 ---------------------------------------------------------------------
                    Distance matrix (angstroms):
                    1          2          3          4          5
     1  C    0.000000
     2  C    1.422852   0.000000
     3  C    2.272416   1.522270   0.000000
     4  C    2.642994   2.547039   1.561783   0.000000
     5  N    1.448930   2.284353   2.159310   1.687537   0.000000
     6  H    1.073493   2.108517   3.217654   3.403253   2.151199
     7  H    2.201218   1.077707   2.076220   2.867085   2.953127
     8  H    3.154386   2.011159   1.076173   2.346559   3.220092
     9  H    3.465682   3.065405   1.662215   1.081439   2.618306
    10  C    3.050521   3.468342   4.785057   5.634700   4.414583
    11  C    2.722456   2.582257   4.006386   5.033376   4.162021
    12  C    2.109523   1.555195   2.675281   3.930855   3.324853
    13  C    1.584103   2.033789   2.735965   3.626260   2.548630
    14  S    2.885389   3.629794   4.496536   5.242700   3.869326
    15  H    3.926060   4.414223   5.787690   6.549054   5.263743
    16  H    3.448614   3.078706   4.552168   5.561655   4.866958
    17  H    3.130017   2.322381   3.106047   4.562840   4.207235
    18  H    2.257547   2.527373   2.571288   3.462735   2.635527
    19  C    3.041764   3.401396   2.392303   1.503738   1.748995
    20  C    2.956743   2.824275   1.626218   2.033016   2.350384
    21  C    4.396264   4.037952   2.573898   2.696130   3.634109
    22  C    4.958829   4.846486   3.396826   2.829494   3.853578
    23  O    4.461988   4.750146   3.545789   2.554297   3.129695
    24  H    2.821811   3.637579   3.062645   2.191031   1.467281
    25  H    3.155782   3.097727   2.242559   2.956182   2.856892
    26  H    5.109053   4.518391   3.099161   3.543918   4.544145
    27  H    5.977806   5.784079   4.296398   3.681551   4.853564
    28  C    3.373168   4.455228   4.406207   4.387570   3.047245
    29  C    3.381624   3.582684   2.927611   3.507798   3.095935
    30  C    4.178614   4.997984   4.883906   5.192366   4.060963
    31  H    3.681601   4.953627   5.099770   4.922651   3.410850
    32  C    4.208834   4.605077   4.230013   4.823455   4.110850
    33  H    3.737327   3.474427   2.563440   3.435847   3.528922
    34  H    5.068661   5.930905   5.919895   6.249441   5.048035
    35  H    5.107038   5.334287   4.944138   5.692307   5.109860
    36  P    2.690150   3.464667   2.955107   2.753332   1.841676
                    6          7          8          9         10
     6  H    0.000000
     7  H    2.513016   0.000000
     8  H    4.014794   2.202760   0.000000
     9  H    4.334923   3.366565   2.055623   0.000000
    10  C    2.764970   3.986334   5.287464   6.305692   0.000000
    11  C    2.595312   2.902644   4.307556   5.612023   1.359130
    12  C    2.614367   2.261412   2.952896   4.324618   2.428317
    13  C    2.278689   3.048545   3.436828   4.138844   2.472863
    14  S    3.030124   4.507900   5.182277   5.836287   1.793497
    15  H    3.416676   4.803727   6.288651   7.281428   1.071777
    16  H    3.161156   3.022622   4.689286   6.131788   2.144857
    17  H    3.688747   2.869390   3.057829   4.733436   3.061395
    18  H    3.173160   3.601721   3.266966   3.745609   3.519024
    19  C    3.886414   4.049509   3.296087   1.804595   5.902989
    20  C    4.011909   3.629508   2.307891   1.826181   5.383210
    21  C    5.428515   4.628554   2.767247   1.865364   6.849062
    22  C    5.901977   5.365791   3.759193   2.104655   7.682191
    23  O    5.280477   5.329575   4.246321   2.397903   7.284744
    24  H    3.473172   4.340052   4.091356   2.835231   5.551636
    25  H    4.214239   4.043653   2.812792   2.807886   5.074004
    26  H    6.155373   5.037966   2.929821   2.606673   7.317109
    27  H    6.900846   6.206032   4.497282   2.862822   8.726218
    28  C    3.890886   5.448185   5.379551   4.910711   4.639452
    29  C    4.381898   4.596271   3.569029   3.470117   5.037718
    30  C    4.810713   6.062767   5.703556   5.500013   4.909939
    31  H    3.919612   5.866215   6.119897   5.596438   4.709677
    32  C    5.069665   5.669352   4.849508   4.859986   5.143906
    33  H    4.798429   4.365903   2.874137   3.095667   5.444494
    34  H    5.586763   6.992777   6.717308   6.570257   5.322303
    35  H    5.971951   6.376730   5.397328   5.597643   5.702680
    36  P    3.518108   4.393335   3.946970   3.177564   4.976530
                   11         12         13         14         15
    11  C    0.000000
    12  C    1.546910   0.000000
    13  C    2.374968   1.490882   0.000000
    14  S    2.646470   2.691521   1.765547   0.000000
    15  H    2.145588   3.451890   3.508296   2.542159   0.000000
    16  H    1.072248   2.317296   3.380971   3.680425   2.540429
    17  H    2.139408   1.077307   2.277554   3.298172   4.030217
    18  H    3.405182   2.211070   1.130877   2.430259   4.549098
    19  C    5.595078   4.435819   3.646876   5.055724   6.829553
    20  C    4.927279   3.511041   2.948899   4.530305   6.416705
    21  C    6.283585   4.799964   4.431970   6.008357   7.895970
    22  C    7.204757   5.811703   5.269458   6.776903   8.686343
    23  O    6.994862   5.773045   4.970427   6.309889   8.212665
    24  H    5.477739   4.549861   3.513386   4.624072   6.382431
    25  H    4.748913   3.320357   2.622877   4.025119   6.119843
    26  H    6.652037   5.117848   4.968239   6.542595   8.383625
    27  H    8.198279   6.787401   6.319337   7.841127   9.734090
    28  C    5.133334   4.462192   2.979812   3.082469   5.365810
    29  C    4.920854   3.605970   2.645063   3.752368   6.047948
    30  C    5.430808   4.662083   3.264583   3.157091   5.668498
    31  H    5.384104   4.986397   3.523573   3.282243   5.261436
    32  C    5.334509   4.238801   3.120673   3.562726   6.060392
    33  H    5.048963   3.563641   3.070896   4.430653   6.503650
    34  H    6.030023   5.431807   4.067414   3.530362   5.948367
    35  H    5.877501   4.780697   3.863504   4.163014   6.599260
    36  P    5.001882   3.965944   2.742605   3.771185   5.875483
                   16         17         18         19         20
    16  H    0.000000
    17  H    2.697594   0.000000
    18  H    4.385530   2.648758   0.000000
    19  C    6.329349   5.058481   3.161559   0.000000
    20  C    5.693089   3.850084   2.193613   1.646697   0.000000
    21  C    6.963730   4.934992   3.606576   2.350002   1.527478
    22  C    7.887083   6.107153   4.496050   2.190294   2.371214
    23  O    7.730071   6.294919   4.321681   1.421423   2.528836
    24  H    6.264892   5.329330   3.206079   1.138333   2.449522
    25  H    5.612647   3.527700   1.611387   2.417602   0.998281
    26  H    7.276199   5.028992   4.120044   3.402418   2.318809
    27  H    8.837121   7.022321   5.535931   3.188283   3.395117
    28  C    6.151275   5.142895   2.624770   3.374307   3.544839
    29  C    5.866870   3.845799   1.537835   2.714014   1.650281
    30  C    6.497441   5.086902   2.643081   4.160944   3.836272
    31  H    6.358799   5.779060   3.456212   3.997193   4.429199
    32  C    6.361977   4.401580   2.130491   3.904779   3.047213
    33  H    5.878326   3.554856   2.047931   2.992399   1.445045
    34  H    7.100342   5.806484   3.563981   5.203466   4.894039
    35  H    6.880543   4.718258   2.896904   4.829250   3.782118
    36  P    5.917999   4.626118   2.166387   1.652905   1.969977
                   21         22         23         24         25
    21  C    0.000000
    22  C    1.370165   0.000000
    23  O    2.386613   1.442206   0.000000
    24  H    3.414916   3.209167   2.091338   0.000000
    25  H    2.085828   3.063049   3.226214   2.951032   0.000000
    26  H    1.070402   2.167317   3.398513   4.459096   2.612908
    27  H    2.148829   1.070177   2.193868   4.168367   4.051702
    28  C    4.784149   5.018969   4.175083   2.661260   3.201653
    29  C    2.667152   3.471314   3.444789   3.000530   0.788790
    30  C    4.935190   5.380597   4.831600   3.738313   3.159506
    31  H    5.698566   5.814296   4.797957   3.061638   4.192189
    32  C    3.942913   4.655393   4.516610   3.910953   2.152270
    33  H    2.033679   3.194259   3.630261   3.628610   0.718737
    34  H    5.947492   6.375760   5.807688   4.710188   4.171952
    35  H    4.442906   5.261166   5.329242   4.941346   2.818140
    36  P    3.181719   3.379746   2.617619   1.303091   2.022738
                   26         27         28         29         30
    26  H    0.000000
    27  H    2.565762   0.000000
    28  C    5.607645   6.023939   0.000000
    29  C    3.205518   4.456172   2.648253   0.000000
    30  C    5.561381   6.346287   1.398085   2.416450   0.000000
    31  H    6.575410   6.802800   1.069359   3.692274   2.207902
    32  C    4.361783   5.579722   2.466259   1.399009   1.512428
    33  H    2.260761   4.081692   3.794834   1.175240   3.542590
    34  H    6.523559   7.307743   2.169968   3.411725   1.070513
    35  H    4.634117   6.092407   3.463552   2.188275   2.287760
    36  P    4.109225   4.421920   1.759225   1.836794   2.553852
                   31         32         33         34         35
    31  H    0.000000
    32  C    3.484144   0.000000
    33  H    4.816370   2.291146   0.000000
    34  H    2.613228   2.266030   4.485675   0.000000
    35  H    4.432475   1.071471   2.688416   2.669523   0.000000
    36  P    2.540987   2.617955   2.714273   3.587455   3.661503
                   36
    36  P    0.000000
 Stoichiometry    C16H16NOPS
 Framework group  C1[X(C16H16NOPS)]
 Deg. of freedom   102
 Full point group                 C1      NOp   1
 Largest Abelian subgroup         C1      NOp   1
 Largest concise Abelian subgroup C1      NOp   1
                         Standard orientation:                         
 ---------------------------------------------------------------------
 Center     Atomic      Atomic             Coordinates (Angstroms)
 Number     Number       Type             X           Y           Z
 ---------------------------------------------------------------------
      1          6           0        0.923573   -1.053946   -0.917566
      2          6           0        0.736406   -2.036296    0.094593
      3          6           0       -0.717155   -1.788230    0.472654
      4          6           0       -1.630419   -1.722464   -0.792570
      5          7           0       -0.408640   -0.714804   -1.375371
      6          1           0        1.631818   -1.325641   -1.677144
      7          1           0        0.790707   -3.094418   -0.102594
      8          1           0       -0.827644   -2.502852    1.269683
      9          1           0       -2.320457   -1.815547    0.034892
     10          6           0        3.849693   -0.541252   -0.224276
     11          6           0        3.283353   -1.661658    0.296475
     12          6           0        1.892185   -1.406533    0.922968
     13          6           0        1.458250   -0.142344    0.262471
     14         16           0        2.832234    0.924222   -0.040449
     15          1           0        4.808707   -0.530956   -0.702703
     16          1           0        3.752944   -2.625332    0.273379
     17          1           0        1.981398   -1.532324    1.989180
     18          1           0        0.611085    0.390591    0.788946
     19          6           0       -2.014375   -0.269483   -0.844063
     20          6           0       -1.450182   -0.354603    0.700623
     21          6           0       -2.817696   -0.581373    1.342238
     22          6           0       -3.804014   -0.371772    0.414554
     23          8           0       -3.374763    0.142144   -0.862784
     24          1           0       -1.448488    0.278885   -1.665565
     25          1           0       -0.933648    0.307785    1.240066
     26          1           0       -2.987386   -0.852822    2.363649
     27          1           0       -4.836781   -0.575918    0.606892
     28          6           0        0.228304    2.244914   -1.028850
     29          6           0       -0.727077    1.062386    1.139586
     30          6           0        0.420310    2.951222    0.162328
     31          1           0        0.674059    2.463388   -1.976004
     32          6           0       -0.119074    2.292489    1.412358
     33          1           0       -1.076462    0.279979    1.943923
     34          1           0        0.932728    3.890459    0.197823
     35          1           0       -0.031374    2.715958    2.392681
     36         15           0       -0.883389    0.925422   -0.685412
 ---------------------------------------------------------------------
 Rotational constants (GHZ):      0.6483281      0.3266344      0.2650374
 Standard basis: 6-31+G(d,p) (6D, 7F)
 There are   468 symmetry adapted basis functions of A   symmetry.
 Integral buffers will be    262144 words long.
 Raffenetti 1 integral format.
 Two-electron integral symmetry is turned on.
   468 basis functions,   800 primitive gaussians,   468 cartesian basis functions
    79 alpha electrons       79 beta electrons
       nuclear repulsion energy      2068.6315510473 Hartrees.
 NAtoms=   36 NActive=   36 NUniq=   36 SFac= 7.50D-01 NAtFMM=   80 NAOKFM=F Big=F
 One-electron integrals computed using PRISM.
 NBasis=   468 RedAO= T  NBF=   468
 NBsUse=   467 1.00D-06 NBFU=   467
 Initial guess read from the read-write file.
 B after Tr=     0.000000    0.000000    0.000000
         Rot=    1.000000    0.000000    0.000000    0.000000 Ang=   0.00 deg.
 Initial guess orbital symmetries:
       Occupied  (A) (A) (A) (A) (A) (A) (A) (A) (A) (A) (A) (A)
                 (A) (A) (A) (A) (A) (A) (A) (A) (A) (A) (A) (A)
                 (A) (A) (A) (A) (A) (A) (A) (A) (A) (A) (A) (A)
                 (A) (A) (A) (A) (A) (A) (A) (A) (A) (A) (A) (A)
                 (A) (A) (A) (A) (A) (A) (A) (A) (A) (A) (A) (A)
                 (A) (A) (A) (A) (A) (A) (A) (A) (A) (A) (A) (A)
                 (A) (A) (A) (A) (A) (A) (A)
       Virtual   (A) (A) (A) (A) (A) (A) (A) (A) (A) (A) (A) (A)
                 (A) (A) (A) (A) (A) (A) (A) (A) (A) (A) (A) (A)
                 (A) (A) (A) (A) (A) (A) (A) (A) (A) (A) (A) (A)
                 (A) (A) (A) (A) (A) (A) (A) (A) (A) (A) (A) (A)
                 (A) (A) (A) (A) (A) (A) (A) (A) (A) (A) (A) (A)
                 (A) (A) (A) (A) (A) (A) (A) (A) (A) (A) (A) (A)
                 (A) (A) (A) (A) (A) (A) (A) (A) (A) (A) (A) (A)
                 (A) (A) (A) (A) (A) (A) (A) (A) (A) (A) (A) (A)
                 (A) (A) (A) (A) (A) (A) (A) (A) (A) (A) (A) (A)
                 (A) (A) (A) (A) (A) (A) (A) (A) (A) (A) (A) (A)
                 (A) (A) (A) (A) (A) (A) (A) (A) (A) (A) (A) (A)
                 (A) (A) (A) (A) (A) (A) (A) (A) (A) (A) (A) (A)
                 (A) (A) (A) (A) (A) (A) (A) (A) (A) (A) (A) (A)
                 (A) (A) (A) (A) (A) (A) (A) (A) (A) (A) (A) (A)
                 (A) (A) (A) (A) (A) (A) (A) (A) (A) (A) (A) (A)
                 (A) (A) (A) (A) (A) (A) (A) (A) (A) (A) (A) (A)
                 (A) (A) (A) (A) (A) (A) (A) (A) (A) (A) (A) (A)
                 (A) (A) (A) (A) (A) (A) (A) (A) (A) (A) (A) (A)
                 (A) (A) (A) (A) (A) (A) (A) (A) (A) (A) (A) (A)
                 (A) (A) (A) (A) (A) (A) (A) (A) (A) (A) (A) (A)
                 (A) (A) (A) (A) (A) (A) (A) (A) (A) (A) (A) (A)
                 (A) (A) (A) (A) (A) (A) (A) (A) (A) (A) (A) (A)
                 (A) (A) (A) (A) (A) (A) (A) (A) (A) (A) (A) (A)
                 (A) (A) (A) (A) (A) (A) (A) (A) (A) (A) (A) (A)
                 (A) (A) (A) (A) (A) (A) (A) (A) (A) (A) (A) (A)
                 (A) (A) (A) (A) (A) (A) (A) (A) (A) (A) (A) (A)
                 (A) (A) (A) (A) (A) (A) (A) (A) (A) (A) (A) (A)
                 (A) (A) (A) (A) (A) (A) (A) (A) (A) (A) (A) (A)
                 (A) (A) (A) (A) (A) (A) (A) (A) (A) (A) (A) (A)
                 (A) (A) (A) (A) (A) (A) (A) (A) (A) (A) (A) (A)
                 (A) (A) (A) (A) (A) (A) (A) (A) (A) (A) (A) (A)
                 (A) (A) (A) (A) (A) (A) (A) (A) (A) (A) (A) (A)
                 (A) (A) (A) (A)
 Harris functional with IExCor=  205 diagonalized for initial guess.
 ExpMin= 3.48D-02 ExpMax= 2.19D+04 ExpMxC= 3.30D+03 IAcc=3 IRadAn=         0 AccDes= 0.00D+00
 HarFok:  IExCor=  205 AccDes= 0.00D+00 IRadAn=         0 IDoV= 1
 ScaDFX=  1.000000  1.000000  1.000000  1.000000
 FoFCou: FMM=F IPFlag=           0 FMFlag=      100000 FMFlg1=           0
         NFxFlg=           0 DoJE=T BraDBF=F KetDBF=T FulRan=T
         Omega=  0.000000  0.000000  1.000000  0.000000  0.000000 ICntrl=     500 IOpCl=  0
         NMat0=    1 NMatS0=    1 NMatT0=    0 NMatD0=    1 NMtDS0=    0 NMtDT0=    0
         I1Cent=           4 NGrid=           0.
 Petite list used in FoFCou.
 Requested convergence on RMS density matrix=1.00D-08 within 128 cycles.
 Requested convergence on MAX density matrix=1.00D-06.
 Requested convergence on             energy=1.00D-06.
 No special actions if energy rises.
 Initial convergence to 1.0D-05 achieved.  Increase integral accuracy.
 SCF Done:  E(RHF) =  -1481.03087060     A.U. after   28 cycles
             Convg  =    0.8710D-08             -V/T =  1.9979
 Calling FoFJK, ICntrl=      2127 FMM=F ISym2X=0 I1Cent= 0 IOpClX= 0 NMat=1 NMatS=1 NMatT=0.
 ***** Axes restored to original set *****
 -------------------------------------------------------------------
 Center     Atomic                   Forces (Hartrees/Bohr)
 Number     Number              X              Y              Z
 -------------------------------------------------------------------
      1        6          -0.031988220   -0.001296446    0.006053888
      2        6           0.063066337   -0.003412564   -0.010829553
      3        6           0.010492713   -0.012015328   -0.065268174
      4        6          -0.030353298   -0.079530455    0.008426011
      5        7          -0.008499009   -0.186623101    0.054530805
      6        1          -0.012453882    0.000675599    0.001868761
      7        1          -0.000501269   -0.004160073    0.010561431
      8        1           0.002681738    0.035413820    0.007207303
      9        1           0.025265267    0.049849600    0.056395579
     10        6           0.039981691    0.020005231    0.004045220
     11        6          -0.034918827   -0.002897867   -0.013465729
     12        6           0.017820782   -0.018516995    0.019848664
     13        6          -0.012869000   -0.006990487   -0.006679607
     14       16          -0.002175189   -0.032385134    0.007962270
     15        1          -0.002828722   -0.001800057   -0.003595856
     16        1           0.002529197   -0.001755601    0.000313389
     17        1           0.002403259    0.011317023   -0.007070661
     18        1           0.009349126   -0.072853739    0.021188271
     19        6          -0.010994992    0.185047156   -0.019929656
     20        6           0.162772160    0.166149619    0.272959564
     21        6          -0.036419604    0.024626399    0.021567312
     22        6          -0.024290608   -0.033368509   -0.023492829
     23        8           0.102324609    0.021626399   -0.021291242
     24        1          -0.047035356    0.096790372    0.156654030
     25        1           0.358405152   -0.006015562    0.241159638
     26        1           0.003398297    0.002304864    0.005890920
     27        1          -0.011443409    0.002660355    0.004927628
     28        6           0.009988057    0.011238329    0.051976685
     29        6          -0.499893261   -0.059302618   -0.289723071
     30        6           0.090170285    0.055510980   -0.038466003
     31        1          -0.003387056   -0.002052680   -0.003603592
     32        6          -0.089141100   -0.042482384   -0.006832305
     33        1           0.110863956    0.009904353   -0.237653280
     34        1          -0.000410004    0.000979412   -0.002245993
     35        1          -0.002731900   -0.000298640   -0.003698183
     36       15          -0.149177922   -0.126341273   -0.199691634
 -------------------------------------------------------------------
 Cartesian Forces:  Max     0.499893261 RMS     0.095591471

 GradGradGradGradGradGradGradGradGradGradGradGradGradGradGradGradGradGrad
 Berny optimization.
 Using GEDIIS/GDIIS optimizer.
 Internal  Forces:  Max     0.295711545 RMS     0.029610767
 Search for a local minimum.
 Step number   3 out of a maximum of  216
 All quantities printed in internal units (Hartrees-Bohrs-Radians)
 Mixed Optimization -- RFO/linear search
 Update second derivatives using D2CorX and points    2    3
 Use linear search instead of GDIIS.
 Linear search step of   1.197 exceeds DXMaxT=   0.505 scaled by   0.843
 Quartic linear search produced a step of  1.68629.
 Iteration  1 RMS(Cart)=  0.08195335 RMS(Int)=  0.01417739
 Iteration  2 RMS(Cart)=  0.01187772 RMS(Int)=  0.00386915
 Iteration  3 RMS(Cart)=  0.00032729 RMS(Int)=  0.00384695
 Iteration  4 RMS(Cart)=  0.00000763 RMS(Int)=  0.00384694
 Iteration  5 RMS(Cart)=  0.00000026 RMS(Int)=  0.00384694
 Variable       Old X    -DE/DX   Delta X   Delta X   Delta X     New X
                                 (Linear)    (Quad)   (Total)
    R1        2.68880   0.06019   0.13654   0.00000   0.13774   2.82654
    R2        2.73808   0.00613   0.06799   0.00000   0.06870   2.80678
    R3        2.02861   0.00339   0.00742   0.00000   0.00742   2.03603
    R4        2.99352   0.01212   0.05696   0.00000   0.05716   3.05068
    R5        2.87667   0.03002   0.04979   0.00000   0.04691   2.92358
    R6        2.03657   0.00807   0.01637   0.00000   0.01637   2.05295
    R7        2.93889   0.00474   0.01746   0.00000   0.01662   2.95551
    R8        2.95134   0.01002   0.03508   0.00000   0.03463   2.98597
    R9        2.03367   0.00674   0.01311   0.00000   0.01311   2.04679
   R10        3.14113   0.01621   0.02848   0.00000   0.02856   3.16969
   R11        3.07311  -0.01340   0.00545   0.00000   0.00069   3.07380
   R12        3.18898   0.08370   0.17827   0.00000   0.17992   3.36890
   R13        2.04362   0.01820   0.02430   0.00000   0.02427   2.06789
   R14        2.84165   0.04378   0.08910   0.00000   0.08991   2.93157
   R15        3.48026   0.10672   0.19488   0.00000   0.19567   3.67593
   R16        2.56838  -0.03431  -0.08031   0.00000  -0.08043   2.48795
   R17        3.38922  -0.00535  -0.01666   0.00000  -0.01680   3.37242
   R18        2.02536   0.00175   0.00377   0.00000   0.00377   2.02914
   R19        2.92324  -0.00711  -0.00725   0.00000  -0.00721   2.91602
   R20        2.02626   0.00283   0.00478   0.00000   0.00478   2.03103
   R21        2.81736   0.02357   0.04083   0.00000   0.04193   2.85929
   R22        2.03582   0.00722   0.01552   0.00000   0.01552   2.05134
   R23        3.33640   0.01582   0.04501   0.00000   0.04514   3.38154
   R24        2.13705   0.02067   0.12996   0.00000   0.13287   2.26991
   R25        2.90609   0.09777   0.25218   0.00000   0.25525   3.16134
   R26        3.11181   0.03277   0.09687   0.00000   0.10023   3.21204
   R27        2.68610  -0.01713  -0.00272   0.00000  -0.00316   2.68294
   R28        2.15114   0.05643   0.14513   0.00000   0.14506   2.29620
   R29        3.12354   0.12518   0.18322   0.00000   0.18097   3.30451
   R30        2.88652   0.00514   0.01438   0.00000   0.01473   2.90125
   R31        1.88648  -0.04889  -0.14841   0.00000  -0.12063   1.76585
   R32        3.11858   0.17875   0.24721   0.00000   0.24889   3.36747
   R33        2.73074   0.17101   0.21051   0.00000   0.18154   2.91228
   R34        2.58924  -0.01891  -0.02383   0.00000  -0.02299   2.56625
   R35        2.02277  -0.00002   0.00085   0.00000   0.00085   2.02362
   R36        2.72537  -0.04070  -0.05710   0.00000  -0.05682   2.66856
   R37        2.02234   0.00043   0.00037   0.00000   0.00037   2.02272
   R38        2.46248   0.11759   0.19059   0.00000   0.19029   2.65277
   R39        1.49060   0.29571   0.51090   0.00000   0.50696   1.99756
   R40        1.35822   0.05554   0.04338   0.00000   0.08981   1.44803
   R41        2.64200   0.03422   0.06035   0.00000   0.05948   2.70148
   R42        2.02079   0.00164  -0.00136   0.00000  -0.00136   2.01943
   R43        3.32445  -0.03691  -0.07134   0.00000  -0.07064   3.25382
   R44        2.64374   0.02584   0.06258   0.00000   0.06285   2.70660
   R45        2.22088   0.12340   0.22009   0.00000   0.20867   2.42955
   R46        3.47104   0.03552   0.09263   0.00000   0.08836   3.55940
   R47        2.85808  -0.08192  -0.13676   0.00000  -0.13748   2.72060
   R48        2.02298   0.00132   0.00109   0.00000   0.00109   2.02407
   R49        2.02479   0.00285   0.00313   0.00000   0.00313   2.02791
    A1        1.83943  -0.00489  -0.01193   0.00000  -0.01029   1.82914
    A2        1.99917   0.00236   0.00481   0.00000   0.00391   2.00307
    A3        1.48248  -0.00358  -0.01915   0.00000  -0.01889   1.46359
    A4        2.02894   0.00086  -0.00253   0.00000  -0.00265   2.02629
    A5        1.99436   0.00770   0.03872   0.00000   0.03673   2.03109
    A6        2.03762  -0.00401  -0.01524   0.00000  -0.01431   2.02331
    A7        1.76172   0.01058   0.01942   0.00000   0.01880   1.78052
    A8        2.14251   0.00000   0.00540   0.00000   0.00522   2.14774
    A9        1.57237  -0.00641  -0.00691   0.00000  -0.00680   1.56556
   A10        1.82714  -0.00925  -0.02245   0.00000  -0.02123   1.80591
   A11        2.10756   0.00602   0.02136   0.00000   0.01953   2.12709
   A12        2.04608   0.00192  -0.00705   0.00000  -0.00641   2.03967
   A13        1.94339  -0.00635  -0.00338   0.00000  -0.00358   1.93981
   A14        1.74544   0.00055  -0.01254   0.00000  -0.01133   1.73411
   A15        2.22545   0.01391   0.04041   0.00000   0.03738   2.26283
   A16        2.17476  -0.00043  -0.00119   0.00000  -0.00114   2.17362
   A17        1.38255  -0.00063  -0.00521   0.00000  -0.00500   1.37755
   A18        2.02117  -0.00651  -0.01209   0.00000  -0.01118   2.00999
   A19        1.45208   0.00801   0.01798   0.00000   0.01764   1.46972
   A20        1.31774   0.00047  -0.00480   0.00000  -0.00447   1.31327
   A21        1.79029   0.00946   0.03025   0.00000   0.02915   1.81944
   A22        2.46165   0.02368   0.03065   0.00000   0.02996   2.49162
   A23        1.15499   0.02623   0.04957   0.00000   0.04789   1.20288
   A24        1.51722  -0.00213  -0.01168   0.00000  -0.01150   1.50572
   A25        2.00072  -0.00842  -0.03190   0.00000  -0.03122   1.96949
   A26        1.90404   0.01515   0.06218   0.00000   0.06046   1.96449
   A27        1.78829  -0.01201  -0.04159   0.00000  -0.03943   1.74887
   A28        1.98005   0.00979   0.01332   0.00000   0.01320   1.99325
   A29        2.15532  -0.00100  -0.00233   0.00000  -0.00229   2.15304
   A30        2.14781  -0.00878  -0.01095   0.00000  -0.01091   2.13690
   A31        1.97573   0.01126   0.02617   0.00000   0.02622   2.00195
   A32        2.15333  -0.00556  -0.01345   0.00000  -0.01350   2.13983
   A33        2.15413  -0.00570  -0.01269   0.00000  -0.01273   2.14139
   A34        1.96692   0.00477   0.00566   0.00000   0.00557   1.97249
   A35        1.46166   0.00964   0.02305   0.00000   0.02264   1.48431
   A36        2.14293  -0.00886  -0.01694   0.00000  -0.01675   2.12618
   A37        1.79485  -0.00743  -0.00825   0.00000  -0.00790   1.78694
   A38        1.88293   0.00186   0.00024   0.00000   0.00009   1.88303
   A39        2.16708   0.00121   0.00069   0.00000   0.00072   2.16781
   A40        1.51105   0.00344   0.01133   0.00000   0.01127   1.52233
   A41        2.07430  -0.00400  -0.01053   0.00000  -0.01005   2.06425
   A42        1.94458  -0.00213  -0.00231   0.00000  -0.00308   1.94151
   A43        1.94094  -0.00622  -0.02839   0.00000  -0.02884   1.91210
   A44        1.99478  -0.00032  -0.00258   0.00000  -0.00192   1.99286
   A45        1.95861   0.00750   0.02589   0.00000   0.02595   1.98457
   A46        1.53625  -0.00469   0.00024   0.00000   0.00041   1.53666
   A47        1.40042  -0.02330  -0.04825   0.00000  -0.04758   1.35284
   A48        2.12308   0.01296   0.02127   0.00000   0.02007   2.14316
   A49        1.94255  -0.01137  -0.00904   0.00000  -0.00679   1.93576
   A50        2.11825  -0.01679  -0.02161   0.00000  -0.02100   2.09725
   A51        1.93396  -0.00285  -0.01148   0.00000  -0.01131   1.92265
   A52        2.13122   0.02313   0.05490   0.00000   0.05359   2.18481
   A53        1.27959   0.01622   0.03781   0.00000   0.03815   1.31774
   A54        1.90367   0.00004  -0.00770   0.00000  -0.00806   1.89562
   A55        2.03396   0.00315  -0.00177   0.00000  -0.00137   2.03259
   A56        1.63936   0.02106   0.03604   0.00000   0.03559   1.67495
   A57        1.90875   0.01275   0.01514   0.00000   0.01618   1.92493
   A58        2.01249  -0.04923  -0.08157   0.00000  -0.08895   1.92353
   A59        2.21021  -0.00297   0.00729   0.00000   0.00898   2.21920
   A60        1.97270   0.00952   0.00577   0.00000   0.00891   1.98161
   A61        1.66590  -0.01381  -0.02144   0.00000  -0.02329   1.64261
   A62        2.27822   0.04428   0.07447   0.00000   0.08526   2.36348
   A63        1.93399  -0.02947  -0.05947   0.00000  -0.05954   1.87445
   A64        2.63211  -0.03550  -0.04573   0.00000  -0.04923   2.58288
   A65        1.91215  -0.00738  -0.01058   0.00000  -0.01416   1.89799
   A66        1.99109   0.00536   0.00821   0.00000   0.00422   1.99531
   A67        1.50608   0.01358   0.01592   0.00000   0.01730   1.52337
   A68        1.91491   0.00321   0.00374   0.00000   0.00448   1.91938
   A69        2.19002   0.00190   0.00456   0.00000   0.00418   2.19419
   A70        2.17821  -0.00513  -0.00833   0.00000  -0.00869   2.16952
   A71        2.02630   0.01393   0.03727   0.00000   0.03808   2.06438
   A72        2.14578   0.00559   0.00077   0.00000   0.00029   2.14607
   A73        2.11109  -0.01954  -0.03805   0.00000  -0.03852   2.07257
   A74        1.74162   0.01090   0.01327   0.00000   0.01206   1.75369
   A75        2.20704  -0.00026   0.01042   0.00000   0.00971   2.21675
   A76        1.87483  -0.00967  -0.01382   0.00000  -0.01243   1.86240
   A77        2.20131   0.00994   0.00342   0.00000   0.00271   2.20402
   A78        1.19652   0.00887   0.03062   0.00000   0.03018   1.22670
   A79        2.76557   0.00749   0.00635   0.00000   0.00567   2.77124
   A80        1.60375  -0.00055   0.01303   0.00000   0.01595   1.61970
   A81        2.19091  -0.00943  -0.00507   0.00000   0.00763   2.19854
   A82        1.87158  -0.00662  -0.01811   0.00000  -0.01966   1.85193
   A83        2.22064   0.01595   0.02309   0.00000   0.01179   2.23244
   A84        2.02103   0.02797   0.05368   0.00000   0.05321   2.07424
   A85        2.13795  -0.01217  -0.01926   0.00000  -0.01903   2.11892
   A86        2.12403  -0.01580  -0.03448   0.00000  -0.03425   2.08978
   A87        1.95714  -0.00804  -0.01786   0.00000  -0.01723   1.93991
   A88        2.16695   0.00747   0.01321   0.00000   0.01289   2.17984
   A89        2.15900   0.00059   0.00470   0.00000   0.00440   2.16340
   A90        1.04325   0.00863   0.03087   0.00000   0.03009   1.07334
   A91        0.91235   0.01318   0.04682   0.00000   0.04822   0.96057
   A92        2.01747  -0.00370  -0.00946   0.00000  -0.01022   2.00724
   A93        2.00061  -0.00260  -0.02838   0.00000  -0.02948   1.97113
   A94        2.84338   0.00409   0.02238   0.00000   0.02222   2.86561
   A95        1.77982  -0.00014  -0.01444   0.00000  -0.01497   1.76485
   A96        2.09363   0.01667   0.01565   0.00000   0.01591   2.10954
   A97        2.53439  -0.01230  -0.00703   0.00000  -0.00821   2.52618
   A98        1.65516  -0.00432  -0.00849   0.00000  -0.00777   1.64739
    D1       -0.35380   0.00180  -0.00163   0.00000  -0.00216  -0.35595
    D2        1.66308  -0.00168  -0.01234   0.00000  -0.01181   1.65127
    D3       -2.47276  -0.00419  -0.02424   0.00000  -0.02296  -2.49572
    D4       -2.60616   0.00292   0.00791   0.00000   0.00683  -2.59934
    D5       -0.58929  -0.00056  -0.00280   0.00000  -0.00283  -0.59212
    D6        1.55806  -0.00306  -0.01470   0.00000  -0.01398   1.54408
    D7        1.63244   0.00873   0.03311   0.00000   0.03097   1.66341
    D8       -2.63387   0.00525   0.02240   0.00000   0.02131  -2.61256
    D9       -0.48652   0.00274   0.01049   0.00000   0.01016  -0.47636
   D10       -0.16982   0.00042   0.00506   0.00000   0.00560  -0.16423
   D11        1.82335  -0.00950  -0.02360   0.00000  -0.02361   1.79973
   D12        2.06480   0.00009  -0.00048   0.00000   0.00030   2.06510
   D13       -2.22521  -0.00983  -0.02913   0.00000  -0.02892  -2.25413
   D14       -1.76439   0.00452   0.02071   0.00000   0.02188  -1.74251
   D15        0.22878  -0.00541  -0.00794   0.00000  -0.00733   0.22145
   D16        0.51048  -0.00679  -0.01641   0.00000  -0.01605   0.49443
   D17        2.47193  -0.01265  -0.04444   0.00000  -0.04442   2.42751
   D18       -1.49292  -0.00760  -0.01795   0.00000  -0.01817  -1.51109
   D19        2.33640  -0.01354  -0.03647   0.00000  -0.03556   2.30084
   D20       -1.98534  -0.01940  -0.06450   0.00000  -0.06392  -2.04926
   D21        0.33300  -0.01434  -0.03801   0.00000  -0.03768   0.29532
   D22       -1.49636  -0.00706  -0.00957   0.00000  -0.00926  -1.50562
   D23        0.46509  -0.01292  -0.03760   0.00000  -0.03763   0.42746
   D24        2.78343  -0.00787  -0.01111   0.00000  -0.01138   2.77204
   D25        0.85872   0.00196   0.01604   0.00000   0.01469   0.87341
   D26       -3.09476  -0.00208   0.00351   0.00000   0.00330  -3.09146
   D27       -0.75880   0.00186   0.00831   0.00000   0.00832  -0.75048
   D28       -1.38129   0.00100   0.01053   0.00000   0.00948  -1.37181
   D29        0.94841  -0.00304  -0.00200   0.00000  -0.00191   0.94650
   D30       -2.99881   0.00090   0.00280   0.00000   0.00311  -2.99570
   D31        2.54666   0.00249   0.02519   0.00000   0.02394   2.57060
   D32       -1.40683  -0.00156   0.01266   0.00000   0.01255  -1.39428
   D33        0.92913   0.00238   0.01746   0.00000   0.01758   0.94671
   D34       -1.24745  -0.00195  -0.01131   0.00000  -0.01161  -1.25906
   D35        0.52108  -0.00624  -0.01121   0.00000  -0.01099   0.51009
   D36        2.73711  -0.00085   0.00060   0.00000   0.00021   2.73732
   D37       -3.04186  -0.01126  -0.03267   0.00000  -0.03233  -3.07419
   D38       -1.27333  -0.01555  -0.03256   0.00000  -0.03170  -1.30503
   D39        0.94270  -0.01016  -0.02076   0.00000  -0.02051   0.92219
   D40        0.97857  -0.00536  -0.01221   0.00000  -0.01227   0.96630
   D41        2.74710  -0.00964  -0.01211   0.00000  -0.01165   2.73545
   D42       -1.32006  -0.00425  -0.00030   0.00000  -0.00045  -1.32051
   D43       -0.81149   0.00151  -0.01190   0.00000  -0.01059  -0.82208
   D44        2.90411  -0.02143  -0.03992   0.00000  -0.03778   2.86633
   D45       -1.92290  -0.02628  -0.06200   0.00000  -0.05984  -1.98274
   D46       -2.90165   0.00752   0.01120   0.00000   0.01062  -2.89103
   D47        0.81395  -0.01542  -0.01682   0.00000  -0.01657   0.79738
   D48        2.27013  -0.02026  -0.03890   0.00000  -0.03863   2.23150
   D49        1.39165   0.01593   0.02957   0.00000   0.02767   1.41932
   D50       -1.17593  -0.00701   0.00155   0.00000   0.00048  -1.17546
   D51        0.28025  -0.01186  -0.02053   0.00000  -0.02159   0.25866
   D52        1.64782   0.00177   0.01352   0.00000   0.01409   1.66192
   D53       -2.93921  -0.00386   0.00514   0.00000   0.00456  -2.93465
   D54       -0.77563  -0.03994  -0.05962   0.00000  -0.06319  -0.83883
   D55       -0.44061   0.02402   0.05748   0.00000   0.05780  -0.38281
   D56       -1.29346   0.02122   0.03236   0.00000   0.03573  -1.25773
   D57       -0.24969   0.00944   0.01929   0.00000   0.02017  -0.22951
   D58        1.44646   0.00380   0.01090   0.00000   0.01064   1.45710
   D59       -2.67314  -0.03228  -0.05385   0.00000  -0.05712  -2.73026
   D60       -2.33812   0.03168   0.06325   0.00000   0.06388  -2.27424
   D61        3.09222   0.02888   0.03813   0.00000   0.04180   3.13402
   D62       -2.40290   0.01079   0.02417   0.00000   0.02456  -2.37834
   D63       -0.70675   0.00516   0.01578   0.00000   0.01503  -0.69172
   D64        1.45683  -0.03092  -0.04897   0.00000  -0.05273   1.40411
   D65        1.79185   0.03304   0.06813   0.00000   0.06827   1.86012
   D66        0.93901   0.03024   0.04301   0.00000   0.04619   0.98520
   D67        0.58179   0.00414   0.00322   0.00000   0.00224   0.58402
   D68       -1.47815  -0.00232  -0.02910   0.00000  -0.03079  -1.50894
   D69        1.57196  -0.00511  -0.00688   0.00000  -0.00724   1.56472
   D70       -0.48798  -0.01157  -0.03920   0.00000  -0.04026  -0.52824
   D71        2.44929   0.00397   0.01485   0.00000   0.01461   2.46390
   D72        0.38936  -0.00249  -0.01747   0.00000  -0.01841   0.37094
   D73       -0.27575   0.01477   0.02705   0.00000   0.02715  -0.24859
   D74       -2.16951   0.03161   0.06794   0.00000   0.06922  -2.10029
   D75        1.83235   0.03106   0.06816   0.00000   0.06875   1.90110
   D76        0.83269   0.02587   0.04849   0.00000   0.05022   0.88290
   D77       -1.61327   0.00165   0.00579   0.00000   0.00489  -1.60839
   D78        2.77615   0.01848   0.04669   0.00000   0.04695   2.82310
   D79        0.49482   0.01794   0.04690   0.00000   0.04648   0.54131
   D80       -0.50484   0.01274   0.02723   0.00000   0.02795  -0.47689
   D81        1.02285   0.01362   0.01601   0.00000   0.01569   1.03854
   D82       -0.87091   0.03045   0.05690   0.00000   0.05775  -0.81316
   D83        3.13094   0.02990   0.05712   0.00000   0.05729  -3.09496
   D84        2.13128   0.02471   0.03744   0.00000   0.03875   2.17003
   D85       -2.50157   0.01860   0.05544   0.00000   0.05654  -2.44504
   D86        2.87185   0.04125   0.07043   0.00000   0.07049   2.94234
   D87        0.96532   0.01426   0.03237   0.00000   0.03299   0.99830
   D88       -0.93367   0.02392   0.06887   0.00000   0.06791  -0.86576
   D89       -0.37429   0.00950   0.02636   0.00000   0.02584  -0.34846
   D90       -1.28406   0.03214   0.04136   0.00000   0.03979  -1.24427
   D91        3.09259   0.00516   0.00329   0.00000   0.00229   3.09488
   D92        1.19361   0.01481   0.03980   0.00000   0.03721   1.23082
   D93        0.00171  -0.00152   0.00084   0.00000   0.00075   0.00246
   D94        3.14125   0.00160   0.00902   0.00000   0.00886  -3.13307
   D95       -3.13553  -0.00272  -0.00603   0.00000  -0.00605  -3.14159
   D96        0.00401   0.00040   0.00214   0.00000   0.00206   0.00606
   D97       -0.30605   0.00076  -0.00352   0.00000  -0.00349  -0.30954
   D98        2.83122   0.00197   0.00337   0.00000   0.00326   2.83448
   D99        1.91658   0.00809   0.02517   0.00000   0.02488   1.94146
   D100       0.37156  -0.00053   0.00186   0.00000   0.00191   0.37348
   D101      -1.94529   0.00169   0.00626   0.00000   0.00608  -1.93921
   D102      -1.22296   0.00497   0.01700   0.00000   0.01676  -1.20620
   D103      -2.76798  -0.00366  -0.00632   0.00000  -0.00621  -2.77418
   D104       1.19836  -0.00143  -0.00192   0.00000  -0.00204   1.19631
   D105      -0.46446  -0.00364  -0.00616   0.00000  -0.00557  -0.47003
   D106      -2.55340   0.00022   0.00492   0.00000   0.00504  -2.54836
   D107       1.49001  -0.00444  -0.00377   0.00000  -0.00397   1.48604
   D108       1.48872   0.00339   0.00458   0.00000   0.00482   1.49354
   D109      -0.60022   0.00725   0.01566   0.00000   0.01543  -0.58479
   D110      -2.83999   0.00259   0.00697   0.00000   0.00642  -2.83357
   D111      -2.65878  -0.00021  -0.00245   0.00000  -0.00200  -2.66079
   D112       1.53546   0.00365   0.00864   0.00000   0.00860   1.54406
   D113      -0.70431  -0.00101  -0.00005   0.00000  -0.00041  -0.70472
   D114      -1.17385  -0.00528  -0.00285   0.00000  -0.00326  -1.17711
   D115       0.53805  -0.00672  -0.01141   0.00000  -0.01130   0.52674
   D116       2.79710  -0.00614  -0.01707   0.00000  -0.01702   2.78008
   D117       0.25868  -0.01194  -0.02367   0.00000  -0.02360   0.23508
   D118      -1.65945  -0.02600  -0.04150   0.00000  -0.04141  -1.70086
   D119       2.50138  -0.02878  -0.05058   0.00000  -0.05085   2.45052
   D120       2.55827  -0.01606  -0.01984   0.00000  -0.01944   2.53884
   D121       3.01539  -0.02335  -0.02712   0.00000  -0.02927   2.98611
   D122       2.35783  -0.00605  -0.01835   0.00000  -0.01719   2.34064
   D123       0.43969  -0.02011  -0.03618   0.00000  -0.03500   0.40469
   D124      -1.68267  -0.02289  -0.04527   0.00000  -0.04444  -1.72711
   D125      -1.62577  -0.01017  -0.01452   0.00000  -0.01303  -1.63879
   D126      -1.16866  -0.01747  -0.02180   0.00000  -0.02286  -1.19152
   D127      -1.64544   0.01476   0.01248   0.00000   0.01430  -1.63114
   D128       2.71961   0.00071  -0.00535   0.00000  -0.00351   2.71610
   D129       0.59725  -0.00208  -0.01443   0.00000  -0.01295   0.58431
   D130       0.65415   0.01065   0.01631   0.00000   0.01847   0.67262
   D131       1.11126   0.00335   0.00903   0.00000   0.00863   1.11989
   D132      -1.95929   0.00248  -0.00739   0.00000  -0.00606  -1.96535
   D133       2.40576  -0.01157  -0.02522   0.00000  -0.02387   2.38189
   D134       0.28340  -0.01435  -0.03431   0.00000  -0.03331   0.25009
   D135       0.34030  -0.00163  -0.00357   0.00000  -0.00189   0.33840
   D136       0.79741  -0.00893  -0.01085   0.00000  -0.01173   0.78568
   D137       1.09022  -0.00570  -0.01801   0.00000  -0.01877   1.07145
   D138      -0.50171   0.01985   0.04026   0.00000   0.03985  -0.46186
   D139      -2.89529  -0.01018  -0.01920   0.00000  -0.01817  -2.91346
   D140      -1.91837   0.00135   0.00207   0.00000   0.00116  -1.91721
   D141       0.48840  -0.01111  -0.02380   0.00000  -0.02537   0.46303
   D142       1.86405   0.00004   0.01802   0.00000   0.01715   1.88119
   D143      -1.46078  -0.00815   0.00147   0.00000   0.00052  -1.46026
   D144       1.65855  -0.01901  -0.04429   0.00000  -0.04566   1.61289
   D145       3.03420  -0.00786  -0.00247   0.00000  -0.00315   3.03105
   D146      -0.29063  -0.01605  -0.01902   0.00000  -0.01978  -0.31041
   D147      -2.78580  -0.01572  -0.04061   0.00000  -0.04142  -2.82722
   D148      -1.41015  -0.00457   0.00121   0.00000   0.00109  -1.40906
   D149       1.54821  -0.01275  -0.01534   0.00000  -0.01554   1.53267
   D150      -1.85916  -0.01270  -0.02361   0.00000  -0.02270  -1.88186
   D151       1.29289  -0.01019  -0.01994   0.00000  -0.01956   1.27333
   D152      -0.18169   0.00648   0.00923   0.00000   0.00879  -0.17290
   D153       2.97036   0.00899   0.01290   0.00000   0.01194   2.98229
   D154       2.20259   0.04636   0.07840   0.00000   0.08758   2.29017
   D155      -0.92854   0.04888   0.08207   0.00000   0.09072  -0.83782
   D156       1.83750  -0.03293  -0.06792   0.00000  -0.06974   1.76776
   D157      -1.29364  -0.03041  -0.06425   0.00000  -0.06659  -1.36023
   D158       2.44964  -0.02865  -0.03632   0.00000  -0.04016   2.40948
   D159      -0.68150  -0.02614  -0.03265   0.00000  -0.03701  -0.71851
   D160       1.63981  -0.00870  -0.00691   0.00000  -0.00811   1.63169
   D161      -0.31425  -0.00865  -0.00717   0.00000  -0.00828  -0.32254
   D162      -2.17002   0.02232   0.04966   0.00000   0.05062  -2.11940
   D163       1.44007  -0.00684  -0.00356   0.00000  -0.00561   1.43447
   D164      -1.70039  -0.00918  -0.01168   0.00000  -0.01337  -1.71376
   D165      -0.48669  -0.00885  -0.01137   0.00000  -0.01110  -0.49780
   D166       2.65603  -0.01118  -0.01949   0.00000  -0.01887   2.63717
   D167      -2.33090   0.02236   0.04730   0.00000   0.04793  -2.28297
   D168       0.81183   0.02002   0.03918   0.00000   0.04017   0.85199
   D169      -0.11499   0.00616   0.01253   0.00000   0.01336  -0.10164
   D170       3.02169   0.00025  -0.00103   0.00000  -0.00157   3.02012
   D171       3.01623   0.00372   0.00897   0.00000   0.01036   3.02659
   D172      -0.13027  -0.00219  -0.00459   0.00000  -0.00457  -0.13485
   D173       0.39463  -0.01243  -0.02228   0.00000  -0.02368   0.37095
   D174      -2.74216  -0.00672  -0.00894   0.00000  -0.00950  -2.75166
   D175      -2.95145   0.00061   0.00648   0.00000   0.00724  -2.94421
   D176       0.16999   0.00089   0.00247   0.00000   0.00310   0.17309
   D177       0.18950   0.00324   0.01438   0.00000   0.01373   0.20324
   D178      -2.97224   0.00352   0.01037   0.00000   0.00959  -2.96265
   D179      -2.34952   0.00799   0.03377   0.00000   0.03601  -2.31351
   D180       2.71146  -0.00703  -0.02522   0.00000  -0.02322   2.68824
   D181       2.89460  -0.00967  -0.02095   0.00000  -0.02012   2.87448
   D182      -0.25028   0.00094  -0.00857   0.00000  -0.00642  -0.25670
   D183       0.79144   0.01060   0.04166   0.00000   0.04245   0.83389
   D184      -0.43077  -0.00442  -0.01732   0.00000  -0.01678  -0.44755
   D185      -0.24763  -0.00706  -0.01305   0.00000  -0.01369  -0.26131
   D186       2.89067   0.00355  -0.00068   0.00000   0.00002   2.89069
   D187       2.46334  -0.00268  -0.00101   0.00000   0.00662   2.46996
   D188      -0.66428  -0.00406  -0.00436   0.00000   0.00137  -0.66292
   D189       2.96935   0.00948   0.01325   0.00000   0.01029   2.97965
   D190      -0.15827   0.00810   0.00990   0.00000   0.00504  -0.15323
   D191      -0.18253  -0.00033  -0.00609   0.00000  -0.00336  -0.18590
   D192       2.97303  -0.00170  -0.00944   0.00000  -0.00862   2.96441
   D193      -0.78410  -0.00691  -0.02383   0.00000  -0.02132  -0.80542
   D194       0.29868   0.00254   0.00448   0.00000   0.00562   0.30431
   D195       0.23993   0.01714   0.02252   0.00000   0.02557   0.26551
   D196      -2.89666   0.00090   0.00341   0.00000   0.00509  -2.89157
   D197      -0.59873  -0.00801  -0.01840   0.00000  -0.02165  -0.62038
   D198       0.48406   0.00143   0.00991   0.00000   0.00529   0.48935
   D199       0.42531   0.01604   0.02795   0.00000   0.02524   0.45055
   D200      -2.71129  -0.00021   0.00884   0.00000   0.00476  -2.70653
   D201       2.36719  -0.00541  -0.01393   0.00000  -0.01597   2.35122
   D202      -2.83321   0.00403   0.01438   0.00000   0.01097  -2.82224
   D203      -2.89196   0.01864   0.03241   0.00000   0.03092  -2.86104
   D204       0.25464   0.00239   0.01331   0.00000   0.01044   0.26507
   D205      -0.78492  -0.01563  -0.03368   0.00000  -0.03002  -0.81494
   D206       0.29786  -0.00619  -0.00537   0.00000  -0.00308   0.29478
   D207       0.23911   0.00842   0.01267   0.00000   0.01687   0.25598
   D208      -2.89748  -0.00783  -0.00644   0.00000  -0.00361  -2.90109
   D209       0.00092   0.00068   0.00081   0.00000  -0.00027   0.00065
   D210       3.12862   0.00212   0.00424   0.00000   0.00501   3.13363
   D211      -3.12069   0.00037   0.00462   0.00000   0.00363  -3.11707
   D212       0.00701   0.00181   0.00805   0.00000   0.00890   0.01591
         Item               Value     Threshold  Converged?
 Maximum Force            0.295712     0.000450     NO 
 RMS     Force            0.029611     0.000300     NO 
 Maximum Displacement     0.484368     0.001800     NO 
 RMS     Displacement     0.089281     0.001200     NO 
 Predicted change in Energy=-9.241265D-02
 GradGradGradGradGradGradGradGradGradGradGradGradGradGradGradGradGradGrad

                          Input orientation:                          
 ---------------------------------------------------------------------
 Center     Atomic      Atomic             Coordinates (Angstroms)
 Number     Number       Type             X           Y           Z
 ---------------------------------------------------------------------
      1          6           0       -0.671814    0.884163    0.307509
      2          6           0        0.787175    1.179096    0.160504
      3          6           0        0.785735    2.710644   -0.058247
      4          6           0       -0.078693    3.442878    1.043269
      5          7           0       -1.287166    2.185767    0.672523
      6          1           0       -0.901484    0.053433    0.954018
      7          1           0        1.504030    1.038983    0.964675
      8          1           0        1.846437    2.867691   -0.211155
      9          1           0        0.521227    4.236163    0.586930
     10          6           0       -0.357276   -1.904601   -0.956208
     11          6           0        0.754282   -1.300100   -0.592388
     12          6           0        0.861433    0.174101   -1.035544
     13          6           0       -0.585784    0.548706   -1.269258
     14         16           0       -1.481044   -0.873817   -1.883272
     15          1           0       -0.576026   -2.929403   -0.721858
     16          1           0        1.528044   -1.796656   -0.035731
     17          1           0        1.638380    0.239627   -1.790803
     18          1           0       -0.736876    1.538040   -1.933516
     19          6           0       -1.277052    4.035663    0.256421
     20          6           0       -0.189487    3.625976   -0.983930
     21          6           0        0.375771    5.047920   -1.108917
     22          6           0       -0.379806    5.912807   -0.384185
     23          8           0       -1.560195    5.426400    0.219327
     24          1           0       -2.303118    3.437748    0.513607
     25          1           0       -0.263654    3.256057   -1.838828
     26          1           0        1.230045    5.332357   -1.688607
     27          1           0       -0.111093    6.938352   -0.236698
     28          6           0       -3.444783    2.066446   -1.543503
     29          6           0       -1.154397    3.093985   -2.384435
     30          6           0       -3.237388    2.121646   -2.956865
     31          1           0       -4.218915    1.541194   -1.026960
     32          6           0       -2.005352    2.673535   -3.457045
     33          1           0        0.070484    3.468704   -2.494794
     34          1           0       -3.967006    1.742501   -3.643262
     35          1           0       -1.761594    2.748160   -4.499451
     36         15           0       -2.206542    3.022229   -0.823790
 ---------------------------------------------------------------------
                    Distance matrix (angstroms):
                    1          2          3          4          5
     1  C    0.000000
     2  C    1.495742   0.000000
     3  C    2.365219   1.547091   0.000000
     4  C    2.727665   2.579478   1.580107   0.000000
     5  N    1.485284   2.361872   2.259743   1.782747   0.000000
     6  H    1.077420   2.179071   3.306381   3.489023   2.185140
     7  H    2.278186   1.086372   2.087287   2.879218   3.031706
     8  H    3.247304   2.027688   1.083113   2.368659   3.326466
     9  H    3.568940   3.098100   1.677327   1.094281   2.735277
    10  C    3.077843   3.473616   4.838729   5.715860   4.499841
    11  C    2.759450   2.591205   4.046278   5.085770   4.233058
    12  C    2.158431   1.563989   2.719355   3.986252   3.403053
    13  C    1.614350   2.080055   2.832241   3.739138   2.634847
    14  S    2.923161   3.679170   4.617073   5.400470   3.991331
    15  H    3.951210   4.417765   5.839941   6.630911   5.349298
    16  H    3.484821   3.072865   4.568072   5.585567   4.928156
    17  H    3.186744   2.326962   3.136029   4.608809   4.291184
    18  H    2.335376   2.614668   2.685140   3.594837   2.741132
    19  C    3.209498   3.525649   2.471797   1.551318   1.896143
    20  C    3.068875   2.872423   1.626585   2.038464   2.454167
    21  C    4.521125   4.092490   2.595156   2.722977   3.759097
    22  C    5.084385   4.905766   3.423239   2.868596   3.978789
    23  O    4.629138   4.853163   3.599412   2.609231   3.283540
    24  H    3.037175   3.843969   3.224393   2.286621   1.620145
    25  H    3.224785   3.068442   2.137560   2.894062   2.915472
    26  H    5.233352   4.567813   3.119113   3.570164   4.670366
    27  H    6.104407   5.842404   4.325467   3.722594   4.979648
    28  C    3.537429   4.647634   4.529709   4.462792   3.095209
    29  C    3.516072   3.730042   3.053230   3.609434   3.191782
    30  C    4.332399   5.177209   4.993438   5.265366   4.120671
    31  H    3.846353   5.157725   5.229966   5.004367   3.449473
    32  C    4.376305   4.808140   4.398110   4.955474   4.219838
    33  H    3.883782   3.578625   2.650094   3.541300   3.677096
    34  H    5.215711   6.114597   6.031433   6.322486   5.099414
    35  H    5.269627   5.538354   5.120018   5.834083   5.224048
    36  P    2.864709   3.650797   3.104330   2.861921   1.945218
                    6          7          8          9         10
     6  H    0.000000
     7  H    2.599600   0.000000
     8  H    4.102286   2.200907   0.000000
     9  H    4.433293   3.366089   2.065390   0.000000
    10  C    2.789091   3.977304   5.309071   6.392342   0.000000
    11  C    2.639126   2.908243   4.325347   5.665273   1.316567
    12  C    2.660977   2.271966   2.984172   4.387313   2.410923
    13  C    2.299548   3.098088   3.523205   4.274137   2.483734
    14  S    3.040707   4.547557   5.278920   6.018545   1.784606
    15  H    3.436830   4.787392   6.303606   7.366291   1.073774
    16  H    3.210147   3.007032   4.678492   6.147869   2.100800
    17  H    3.744279   2.872225   3.073321   4.782672   3.045802
    18  H    3.251001   3.697327   3.377574   3.900684   3.598751
    19  C    4.060277   4.149232   3.367338   1.839359   6.132145
    20  C    4.126214   3.654804   2.305897   1.828946   5.533191
    21  C    5.552655   4.652346   2.778890   1.885737   6.992727
    22  C    6.032843   5.396519   3.776086   2.136834   7.838341
    23  O    5.462823   5.403188   4.282224   2.425719   7.521468
    24  H    3.689461   4.522379   4.250771   2.935944   5.872594
    25  H    4.296931   3.987449   2.693072   2.731473   5.236428
    26  H    6.276458   5.054506   2.938942   2.623382   7.445103
    27  H    7.031687   6.233335   4.516952   2.894826   8.875592
    28  C    4.093679   5.642463   5.514904   4.997565   5.064270
    29  C    4.522631   4.744133   3.712056   3.597401   5.259382
    30  C    5.002895   6.247534   5.825872   5.581832   5.339320
    31  H    4.140418   6.080372   6.262079   5.686514   5.175980
    32  C    5.247946   5.877000   5.040811   5.017882   5.470801
    33  H    4.950061   4.463913   2.954697   3.207676   5.605590
    34  H    5.778007   7.187507   6.844088   6.652602   5.792389
    35  H    6.143425   6.591074   5.605503   5.770329   6.014554
    36  P    3.698314   4.571676   4.101932   3.302195   5.264122
                   11         12         13         14         15
    11  C    0.000000
    12  C    1.543093   0.000000
    13  C    2.381599   1.513072   0.000000
    14  S    2.616253   2.702586   1.789434   0.000000
    15  H    2.107394   3.434592   3.520936   2.528513   0.000000
    16  H    1.074776   2.308219   3.389775   3.649610   2.486161
    17  H    2.142099   1.085522   2.305308   3.313475   4.011109
    18  H    3.475228   2.285011   1.201187   2.524552   4.631635
    19  C    5.772102   4.599343   3.868387   5.359374   7.068283
    20  C    5.030927   3.608675   3.115775   4.767082   6.571993
    21  C    6.380237   4.898506   4.603610   6.254147   8.043222
    22  C    7.304487   5.907427   5.440529   7.036920   8.850831
    23  O    7.159712   5.918245   5.192038   6.642283   8.466042
    24  H    5.746140   4.802671   3.804525   5.001043   6.711918
    25  H    4.832016   3.377802   2.785306   4.305795   6.293260
    26  H    6.739253   5.212482   5.133849   6.775285   8.511943
    27  H    8.291410   6.880339   6.489922   8.100491   9.890609
    28  C    5.465382   4.731014   3.248480   3.552022   5.819225
    29  C    5.114926   3.795893   2.836439   4.012644   6.275339
    30  C    5.764766   4.927955   3.514707   3.634576   6.131167
    31  H    5.744083   5.261079   3.774041   3.749865   5.774944
    32  C    5.622420   4.508801   3.363998   3.916039   6.396651
    33  H    5.179596   3.689095   3.234040   4.651740   6.670611
    34  H    6.391855   5.707355   4.300431   4.015307   6.469934
    35  H    6.163049   5.050218   4.080965   4.476809   6.921742
    36  P    5.244288   4.191557   2.990588   4.102198   6.171783
                   16         17         18         19         20
    16  H    0.000000
    17  H    2.690520   0.000000
    18  H    4.455518   2.710735   0.000000
    19  C    6.478415   5.205839   3.365373   0.000000
    20  C    5.766622   3.931857   2.358140   1.699739   0.000000
    21  C    7.023366   5.017851   3.773221   2.370788   1.535273
    22  C    7.949662   6.183576   4.654729   2.176946   2.371816
    23  O    7.859695   6.416706   4.520169   1.419752   2.562849
    24  H    6.509882   5.574379   3.471371   1.215096   2.597207
    25  H    5.656081   3.566356   1.784513   2.454552   0.934447
    26  H    7.324181   5.110096   4.280841   3.427840   2.328814
    27  H    8.889742   7.095690   5.695100   3.166738   3.396518
    28  C    6.475024   5.407123   2.786411   3.437529   3.652699
    29  C    6.052294   4.037247   1.672907   2.806407   1.781988
    30  C    6.826086   5.354887   2.764128   4.222746   3.930036
    31  H    6.719473   6.048590   3.598118   4.064973   4.537010
    32  C    6.646268   4.687969   2.284627   4.021895   3.212601
    33  H    5.991284   3.657983   2.166639   3.115523   1.541113
    34  H    7.465621   6.091847   3.660435   5.263267   4.988906
    35  H    7.169509   5.018898   3.016366   4.950835   3.949807
    36  P    6.147343   4.843699   2.365212   1.748673   2.111556
                   21         22         23         24         25
    21  C    0.000000
    22  C    1.358000   0.000000
    23  O    2.378118   1.412139   0.000000
    24  H    3.521603   3.260533   2.143192   0.000000
    25  H    2.037745   3.031137   3.259970   3.118714   0.000000
    26  H    1.070854   2.151757   3.381493   4.574116   2.562172
    27  H    2.138116   1.070375   2.143328   4.197876   4.018630
    28  C    4.865664   5.052979   4.236571   2.723155   3.409101
    29  C    2.790380   3.542138   3.519149   3.136300   1.057061
    30  C    5.003290   5.399755   4.880837   3.827422   3.373424
    31  H    5.780569   5.853453   4.869995   3.104922   4.386795
    32  C    4.101360   4.751604   4.614341   4.054474   2.447748
    33  H    2.123152   3.260532   3.722653   3.832157   0.766263
    34  H    6.017343   6.393828   5.855207   4.787687   4.388810
    35  H    4.620924   5.372126   5.429586   5.089158   3.095270
    36  P    3.294399   3.447558   2.699239   1.403785   2.204493
                   26         27         28         29         30
    26  H    0.000000
    27  H    2.546746   0.000000
    28  C    5.704494   6.046214   0.000000
    29  C    3.343658   4.525529   2.647427   0.000000
    30  C    5.645804   6.354029   1.429563   2.368960   0.000000
    31  H    6.670971   6.828472   1.068638   3.693936   2.241618
    32  C    4.545822   5.669878   2.470255   1.432269   1.439678
    33  H    2.338316   4.143721   3.902357   1.285663   3.601402
    34  H    6.611890   7.312292   2.187840   3.364807   1.071091
    35  H    4.850651   6.201042   3.469220   2.227460   2.224873
    36  P    4.230216   4.480134   1.721845   1.883553   2.534503
                   31         32         33         34         35
    31  H    0.000000
    32  C    3.476689   0.000000
    33  H    4.926335   2.422254   0.000000
    34  H    2.636099   2.179355   4.538732   0.000000
    35  H    4.421921   1.073125   2.809687   2.570652   0.000000
    36  P    2.506868   2.663850   2.859448   3.561792   3.712624
                   36
    36  P    0.000000
 Stoichiometry    C16H16NOPS
 Framework group  C1[X(C16H16NOPS)]
 Deg. of freedom   102
 Full point group                 C1      NOp   1
 Largest Abelian subgroup         C1      NOp   1
 Largest concise Abelian subgroup C1      NOp   1
                         Standard orientation:                         
 ---------------------------------------------------------------------
 Center     Atomic      Atomic             Coordinates (Angstroms)
 Number     Number       Type             X           Y           Z
 ---------------------------------------------------------------------
      1          6           0        1.043667   -0.962572   -0.977239
      2          6           0        0.863323   -2.021522    0.063599
      3          6           0       -0.622768   -1.840055    0.453592
      4          6           0       -1.547467   -1.801407   -0.827102
      5          7           0       -0.330983   -0.656120   -1.448933
      6          1           0        1.765293   -1.199127   -1.741524
      7          1           0        0.940555   -3.083499   -0.151910
      8          1           0       -0.691030   -2.583708    1.238101
      9          1           0       -2.233919   -1.975362    0.007148
     10          6           0        3.989489   -0.529898   -0.197466
     11          6           0        3.413365   -1.614252    0.277514
     12          6           0        2.020570   -1.384261    0.900701
     13          6           0        1.589795   -0.082479    0.261028
     14         16           0        3.021862    0.957131   -0.004433
     15          1           0        4.958376   -0.530513   -0.660334
     16          1           0        3.879559   -2.581894    0.239101
     17          1           0        2.104757   -1.539392    1.971778
     18          1           0        0.689640    0.471835    0.831386
     19          6           0       -2.105107   -0.353990   -0.851807
     20          6           0       -1.467015   -0.475277    0.718938
     21          6           0       -2.821403   -0.803779    1.362972
     22          6           0       -3.820548   -0.618294    0.462157
     23          8           0       -3.493724   -0.063844   -0.794788
     24          1           0       -1.612379    0.285160   -1.760193
     25          1           0       -0.992519    0.091928    1.290186
     26          1           0       -2.972145   -1.120240    2.374831
     27          1           0       -4.837607   -0.889458    0.656486
     28          6           0       -0.055331    2.399263   -1.037873
     29          6           0       -0.816044    1.125305    1.154664
     30          6           0        0.090366    3.095790    0.201995
     31          1           0        0.347035    2.683100   -1.986305
     32          6           0       -0.311666    2.439562    1.418716
     33          1           0       -1.094915    0.232260    2.036498
     34          1           0        0.510369    4.080240    0.243120
     35          1           0       -0.232034    2.882294    2.393008
     36         15           0       -1.018101    1.008871   -0.714397
 ---------------------------------------------------------------------
 Rotational constants (GHZ):      0.6056422      0.3054151      0.2459111
 Standard basis: 6-31+G(d,p) (6D, 7F)
 There are   468 symmetry adapted basis functions of A   symmetry.
 Integral buffers will be    262144 words long.
 Raffenetti 1 integral format.
 Two-electron integral symmetry is turned on.
   468 basis functions,   800 primitive gaussians,   468 cartesian basis functions
    79 alpha electrons       79 beta electrons
       nuclear repulsion energy      2008.0741209332 Hartrees.
 NAtoms=   36 NActive=   36 NUniq=   36 SFac= 7.50D-01 NAtFMM=   80 NAOKFM=F Big=F
 One-electron integrals computed using PRISM.
 NBasis=   468 RedAO= T  NBF=   468
 NBsUse=   468 1.00D-06 NBFU=   468
 Initial guess read from the read-write file.
 B after Tr=     0.000000    0.000000    0.000000
         Rot=    1.000000    0.000000    0.000000    0.000000 Ang=   0.00 deg.
 Initial guess orbital symmetries:
       Occupied  (A) (A) (A) (A) (A) (A) (A) (A) (A) (A) (A) (A)
                 (A) (A) (A) (A) (A) (A) (A) (A) (A) (A) (A) (A)
                 (A) (A) (A) (A) (A) (A) (A) (A) (A) (A) (A) (A)
                 (A) (A) (A) (A) (A) (A) (A) (A) (A) (A) (A) (A)
                 (A) (A) (A) (A) (A) (A) (A) (A) (A) (A) (A) (A)
                 (A) (A) (A) (A) (A) (A) (A) (A) (A) (A) (A) (A)
                 (A) (A) (A) (A) (A) (A) (A)
       Virtual   (A) (A) (A) (A) (A) (A) (A) (A) (A) (A) (A) (A)
                 (A) (A) (A) (A) (A) (A) (A) (A) (A) (A) (A) (A)
                 (A) (A) (A) (A) (A) (A) (A) (A) (A) (A) (A) (A)
                 (A) (A) (A) (A) (A) (A) (A) (A) (A) (A) (A) (A)
                 (A) (A) (A) (A) (A) (A) (A) (A) (A) (A) (A) (A)
                 (A) (A) (A) (A) (A) (A) (A) (A) (A) (A) (A) (A)
                 (A) (A) (A) (A) (A) (A) (A) (A) (A) (A) (A) (A)
                 (A) (A) (A) (A) (A) (A) (A) (A) (A) (A) (A) (A)
                 (A) (A) (A) (A) (A) (A) (A) (A) (A) (A) (A) (A)
                 (A) (A) (A) (A) (A) (A) (A) (A) (A) (A) (A) (A)
                 (A) (A) (A) (A) (A) (A) (A) (A) (A) (A) (A) (A)
                 (A) (A) (A) (A) (A) (A) (A) (A) (A) (A) (A) (A)
                 (A) (A) (A) (A) (A) (A) (A) (A) (A) (A) (A) (A)
                 (A) (A) (A) (A) (A) (A) (A) (A) (A) (A) (A) (A)
                 (A) (A) (A) (A) (A) (A) (A) (A) (A) (A) (A) (A)
                 (A) (A) (A) (A) (A) (A) (A) (A) (A) (A) (A) (A)
                 (A) (A) (A) (A) (A) (A) (A) (A) (A) (A) (A) (A)
                 (A) (A) (A) (A) (A) (A) (A) (A) (A) (A) (A) (A)
                 (A) (A) (A) (A) (A) (A) (A) (A) (A) (A) (A) (A)
                 (A) (A) (A) (A) (A) (A) (A) (A) (A) (A) (A) (A)
                 (A) (A) (A) (A) (A) (A) (A) (A) (A) (A) (A) (A)
                 (A) (A) (A) (A) (A) (A) (A) (A) (A) (A) (A) (A)
                 (A) (A) (A) (A) (A) (A) (A) (A) (A) (A) (A) (A)
                 (A) (A) (A) (A) (A) (A) (A) (A) (A) (A) (A) (A)
                 (A) (A) (A) (A) (A) (A) (A) (A) (A) (A) (A) (A)
                 (A) (A) (A) (A) (A) (A) (A) (A) (A) (A) (A) (A)
                 (A) (A) (A) (A) (A) (A) (A) (A) (A) (A) (A) (A)
                 (A) (A) (A) (A) (A) (A) (A) (A) (A) (A) (A) (A)
                 (A) (A) (A) (A) (A) (A) (A) (A) (A) (A) (A) (A)
                 (A) (A) (A) (A) (A) (A) (A) (A) (A) (A) (A) (A)
                 (A) (A) (A) (A) (A) (A) (A) (A) (A) (A) (A) (A)
                 (A) (A) (A) (A) (A) (A) (A) (A) (A) (A) (A) (A)
                 (A) (A) (A) (A) (A)
 Harris functional with IExCor=  205 diagonalized for initial guess.
 ExpMin= 3.48D-02 ExpMax= 2.19D+04 ExpMxC= 3.30D+03 IAcc=3 IRadAn=         0 AccDes= 0.00D+00
 HarFok:  IExCor=  205 AccDes= 0.00D+00 IRadAn=         0 IDoV= 1
 ScaDFX=  1.000000  1.000000  1.000000  1.000000
 FoFCou: FMM=F IPFlag=           0 FMFlag=      100000 FMFlg1=           0
         NFxFlg=           0 DoJE=T BraDBF=F KetDBF=T FulRan=T
         Omega=  0.000000  0.000000  1.000000  0.000000  0.000000 ICntrl=     500 IOpCl=  0
         NMat0=    1 NMatS0=    1 NMatT0=    0 NMatD0=    1 NMtDS0=    0 NMtDT0=    0
         I1Cent=           4 NGrid=           0.
 Petite list used in FoFCou.
 Requested convergence on RMS density matrix=1.00D-08 within 128 cycles.
 Requested convergence on MAX density matrix=1.00D-06.
 Requested convergence on             energy=1.00D-06.
 No special actions if energy rises.
 Initial convergence to 1.0D-05 achieved.  Increase integral accuracy.
 SCF Done:  E(RHF) =  -1481.36380307     A.U. after   27 cycles
             Convg  =    0.6182D-08             -V/T =  1.9994
 Calling FoFJK, ICntrl=      2127 FMM=F ISym2X=0 I1Cent= 0 IOpClX= 0 NMat=1 NMatS=1 NMatT=0.
 ***** Axes restored to original set *****
 -------------------------------------------------------------------
 Center     Atomic                   Forces (Hartrees/Bohr)
 Number     Number              X              Y              Z
 -------------------------------------------------------------------
      1        6           0.006026587    0.027584534   -0.006740123
      2        6           0.012652132   -0.003163418   -0.007384230
      3        6          -0.003759952   -0.002698246   -0.049578046
      4        6          -0.044551602   -0.073826008   -0.010941520
      5        7          -0.010180083   -0.127371766    0.025506294
      6        1          -0.009943377    0.003604557    0.001109824
      7        1          -0.006617506   -0.005125642    0.006625812
      8        1          -0.001400993    0.032961130    0.011216350
      9        1           0.023407389    0.042911902    0.069069012
     10        6          -0.001284744   -0.003198239   -0.006961582
     11        6           0.010179443    0.014589244    0.002827490
     12        6           0.007527622   -0.005328253    0.019298609
     13        6          -0.014980135    0.026274930   -0.017970141
     14       16          -0.004685190   -0.010666163    0.008263687
     15        1          -0.003163884   -0.000587973   -0.004032048
     16        1           0.002181839   -0.000140504   -0.000146460
     17        1          -0.003170495    0.010305139   -0.003692445
     18        1           0.007393484   -0.075617371    0.034583446
     19        6          -0.004777957    0.097253967   -0.020124805
     20        6           0.161619114    0.160539052    0.362031193
     21        6          -0.036981066    0.009361319    0.029611655
     22        6          -0.010439985   -0.011232960   -0.019917366
     23        8           0.083256895   -0.008444157   -0.013752411
     24        1           0.016188540    0.083515312    0.098317418
     25        1           0.006055173   -0.083690218    0.031810152
     26        1           0.001827205    0.000530663    0.003221530
     27        1          -0.011115991    0.003428850    0.002124402
     28        6           0.017507876   -0.000779966    0.012931063
     29        6          -0.154506633   -0.023675713   -0.159240180
     30        6           0.038768512    0.019221009   -0.015796875
     31        1          -0.006650138    0.002026341   -0.004139142
     32        6          -0.035522557   -0.007897462    0.028781096
     33        1           0.001848207   -0.008562733   -0.237924593
     34        1          -0.004433882   -0.000529745    0.001205521
     35        1          -0.001211912   -0.002524385   -0.001492229
     36       15          -0.027061938   -0.079047026   -0.168700357
 -------------------------------------------------------------------
 Cartesian Forces:  Max     0.362031193 RMS     0.062432774

 GradGradGradGradGradGradGradGradGradGradGradGradGradGradGradGradGradGrad
 Berny optimization.
 Using GEDIIS/GDIIS optimizer.
 Internal  Forces:  Max     0.159803404 RMS     0.017527255
 Search for a local minimum.
 Step number   4 out of a maximum of  216
 All quantities printed in internal units (Hartrees-Bohrs-Radians)
 Mixed Optimization -- RFO/linear search
 Update second derivatives using D2CorX and points    3    4
 Use linear search instead of GDIIS.
 Linear search step of   2.007 exceeds DXMaxT=   0.505 scaled by   0.503
 Quartic linear search produced a step of  1.00547.
 Iteration  1 RMS(Cart)=  0.07926627 RMS(Int)=  0.01402519
 Iteration  2 RMS(Cart)=  0.01199399 RMS(Int)=  0.00385013
 Iteration  3 RMS(Cart)=  0.00026455 RMS(Int)=  0.00383433
 Iteration  4 RMS(Cart)=  0.00000507 RMS(Int)=  0.00383432
 Iteration  5 RMS(Cart)=  0.00000014 RMS(Int)=  0.00383432
 Variable       Old X    -DE/DX   Delta X   Delta X   Delta X     New X
                                 (Linear)    (Quad)   (Total)
    R1        2.82654   0.01318   0.13849   0.00000   0.13982   2.96636
    R2        2.80678  -0.03129   0.06908   0.00000   0.06985   2.87663
    R3        2.03603   0.00001   0.00746   0.00000   0.00746   2.04349
    R4        3.05068  -0.00965   0.05747   0.00000   0.05759   3.10827
    R5        2.92358   0.01377   0.04716   0.00000   0.04405   2.96763
    R6        2.05295   0.00120   0.01646   0.00000   0.01646   2.06941
    R7        2.95551  -0.00776   0.01671   0.00000   0.01564   2.97115
    R8        2.98597  -0.00529   0.03482   0.00000   0.03438   3.02035
    R9        2.04679   0.00182   0.01319   0.00000   0.01319   2.05997
   R10        3.16969   0.01342   0.02871   0.00000   0.02886   3.19855
   R11        3.07380  -0.01612   0.00070   0.00000  -0.00439   3.06941
   R12        3.36890   0.03772   0.18091   0.00000   0.18267   3.55158
   R13        2.06789   0.00960   0.02440   0.00000   0.02434   2.09223
   R14        2.93157   0.01642   0.09040   0.00000   0.09132   3.02288
   R15        3.67593   0.05549   0.19674   0.00000   0.19770   3.87362
   R16        2.48795   0.01034  -0.08087   0.00000  -0.08104   2.40691
   R17        3.37242  -0.00365  -0.01689   0.00000  -0.01709   3.35533
   R18        2.02914   0.00033   0.00380   0.00000   0.00380   2.03293
   R19        2.91602  -0.00801  -0.00725   0.00000  -0.00721   2.90881
   R20        2.03103   0.00156   0.00480   0.00000   0.00480   2.03583
   R21        2.85929   0.00989   0.04216   0.00000   0.04331   2.90260
   R22        2.05134   0.00092   0.01561   0.00000   0.01561   2.06695
   R23        3.38154   0.00595   0.04539   0.00000   0.04557   3.42711
   R24        2.26991  -0.03866   0.13359   0.00000   0.13662   2.40654
   R25        3.16134   0.04614   0.25665   0.00000   0.25992   3.42125
   R26        3.21204  -0.01421   0.10078   0.00000   0.10450   3.31654
   R27        2.68294  -0.02466  -0.00318   0.00000  -0.00360   2.67934
   R28        2.29620  -0.00385   0.14586   0.00000   0.14592   2.44212
   R29        3.30451   0.08143   0.18196   0.00000   0.17989   3.48440
   R30        2.90125   0.00015   0.01481   0.00000   0.01519   2.91643
   R31        1.76585   0.08401  -0.12129   0.00000  -0.08834   1.67751
   R32        3.36747   0.12360   0.25025   0.00000   0.25267   3.62014
   R33        2.91228   0.15980   0.18254   0.00000   0.15058   3.06286
   R34        2.56625  -0.02141  -0.02311   0.00000  -0.02219   2.54406
   R35        2.02362  -0.00015   0.00086   0.00000   0.00086   2.02448
   R36        2.66856  -0.03519  -0.05713   0.00000  -0.05678   2.61178
   R37        2.02272   0.00079   0.00038   0.00000   0.00038   2.02309
   R38        2.65277   0.08531   0.19133   0.00000   0.19095   2.84372
   R39        1.99756   0.05906   0.50973   0.00000   0.50221   2.49977
   R40        1.44803   0.06481   0.09030   0.00000   0.13425   1.58227
   R41        2.70148  -0.00162   0.05981   0.00000   0.05958   2.76106
   R42        2.01943   0.00182  -0.00137   0.00000  -0.00137   2.01806
   R43        3.25382  -0.01338  -0.07102   0.00000  -0.07017   3.18364
   R44        2.70660  -0.01007   0.06320   0.00000   0.06309   2.76968
   R45        2.42955   0.02097   0.20981   0.00000   0.20378   2.63334
   R46        3.55940  -0.00339   0.08884   0.00000   0.08309   3.64249
   R47        2.72060  -0.04302  -0.13823   0.00000  -0.13861   2.58199
   R48        2.02407   0.00244   0.00110   0.00000   0.00110   2.02516
   R49        2.02791   0.00100   0.00314   0.00000   0.00314   2.03106
    A1        1.82914  -0.00393  -0.01035   0.00000  -0.00854   1.82059
    A2        2.00307   0.00250   0.00393   0.00000   0.00302   2.00609
    A3        1.46359   0.00467  -0.01900   0.00000  -0.01873   1.44486
    A4        2.02629   0.00123  -0.00267   0.00000  -0.00281   2.02348
    A5        2.03109  -0.00058   0.03693   0.00000   0.03464   2.06573
    A6        2.02331  -0.00283  -0.01439   0.00000  -0.01340   2.00991
    A7        1.78052   0.00783   0.01890   0.00000   0.01811   1.79863
    A8        2.14774  -0.00062   0.00525   0.00000   0.00509   2.15283
    A9        1.56556  -0.00448  -0.00684   0.00000  -0.00668   1.55888
   A10        1.80591  -0.00497  -0.02135   0.00000  -0.01991   1.78600
   A11        2.12709   0.00107   0.01964   0.00000   0.01754   2.14463
   A12        2.03967   0.00248  -0.00645   0.00000  -0.00577   2.03390
   A13        1.93981  -0.00924  -0.00360   0.00000  -0.00389   1.93591
   A14        1.73411   0.00527  -0.01139   0.00000  -0.01007   1.72404
   A15        2.26283   0.00040   0.03758   0.00000   0.03422   2.29705
   A16        2.17362  -0.00185  -0.00114   0.00000  -0.00086   2.17276
   A17        1.37755   0.00509  -0.00502   0.00000  -0.00485   1.37270
   A18        2.00999  -0.00154  -0.01124   0.00000  -0.01022   1.99977
   A19        1.46972  -0.00219   0.01774   0.00000   0.01725   1.48697
   A20        1.31327   0.00720  -0.00450   0.00000  -0.00412   1.30915
   A21        1.81944  -0.00753   0.02931   0.00000   0.02770   1.84714
   A22        2.49162   0.02385   0.03013   0.00000   0.02930   2.52092
   A23        1.20288   0.01582   0.04815   0.00000   0.04602   1.24891
   A24        1.50572   0.00352  -0.01156   0.00000  -0.01133   1.49439
   A25        1.96949   0.00414  -0.03140   0.00000  -0.03036   1.93913
   A26        1.96449  -0.00382   0.06079   0.00000   0.05850   2.02299
   A27        1.74887  -0.00305  -0.03964   0.00000  -0.03690   1.71196
   A28        1.99325   0.00200   0.01327   0.00000   0.01309   2.00633
   A29        2.15304   0.00372  -0.00230   0.00000  -0.00223   2.15081
   A30        2.13690  -0.00571  -0.01097   0.00000  -0.01089   2.12601
   A31        2.00195   0.00242   0.02636   0.00000   0.02638   2.02833
   A32        2.13983  -0.00012  -0.01357   0.00000  -0.01361   2.12622
   A33        2.14139  -0.00231  -0.01280   0.00000  -0.01285   2.12855
   A34        1.97249   0.00175   0.00560   0.00000   0.00548   1.97796
   A35        1.48431   0.00496   0.02277   0.00000   0.02218   1.50649
   A36        2.12618  -0.00419  -0.01684   0.00000  -0.01657   2.10961
   A37        1.78694  -0.00250  -0.00795   0.00000  -0.00746   1.77948
   A38        1.88303   0.00069   0.00009   0.00000  -0.00009   1.88293
   A39        2.16781   0.00006   0.00073   0.00000   0.00076   2.16856
   A40        1.52233  -0.00252   0.01134   0.00000   0.01136   1.53369
   A41        2.06425  -0.00053  -0.01011   0.00000  -0.00948   2.05477
   A42        1.94151  -0.00118  -0.00309   0.00000  -0.00414   1.93736
   A43        1.91210   0.00310  -0.02900   0.00000  -0.02953   1.88256
   A44        1.99286   0.00094  -0.00193   0.00000  -0.00118   1.99168
   A45        1.98457  -0.00001   0.02610   0.00000   0.02623   2.01080
   A46        1.53666  -0.00168   0.00042   0.00000   0.00062   1.53729
   A47        1.35284  -0.00078  -0.04785   0.00000  -0.04657   1.30627
   A48        2.14316   0.00621   0.02018   0.00000   0.01840   2.16156
   A49        1.93576  -0.01465  -0.00682   0.00000  -0.00373   1.93204
   A50        2.09725  -0.01348  -0.02111   0.00000  -0.02041   2.07684
   A51        1.92265  -0.00022  -0.01137   0.00000  -0.01164   1.91102
   A52        2.18481   0.00496   0.05389   0.00000   0.05258   2.23739
   A53        1.31774  -0.00552   0.03836   0.00000   0.03869   1.35643
   A54        1.89562   0.00404  -0.00810   0.00000  -0.00870   1.88691
   A55        2.03259   0.00699  -0.00137   0.00000  -0.00052   2.03207
   A56        1.67495   0.00833   0.03579   0.00000   0.03489   1.70984
   A57        1.92493   0.00881   0.01627   0.00000   0.01763   1.94256
   A58        1.92353  -0.00696  -0.08944   0.00000  -0.09486   1.82868
   A59        2.21920  -0.00812   0.00903   0.00000   0.00927   2.22847
   A60        1.98161   0.01539   0.00896   0.00000   0.00975   1.99137
   A61        1.64261  -0.01088  -0.02342   0.00000  -0.02525   1.61736
   A62        2.36348  -0.00052   0.08573   0.00000   0.09439   2.45787
   A63        1.87445   0.00100  -0.05986   0.00000  -0.05932   1.81512
   A64        2.58288  -0.02939  -0.04950   0.00000  -0.05011   2.53277
   A65        1.89799   0.00405  -0.01423   0.00000  -0.01799   1.88000
   A66        1.99531   0.00007   0.00425   0.00000   0.00041   1.99572
   A67        1.52337   0.01438   0.01739   0.00000   0.01816   1.54153
   A68        1.91938   0.00890   0.00450   0.00000   0.00530   1.92468
   A69        2.19419  -0.00323   0.00420   0.00000   0.00379   2.19798
   A70        2.16952  -0.00571  -0.00874   0.00000  -0.00911   2.16041
   A71        2.06438  -0.00798   0.03829   0.00000   0.03914   2.10352
   A72        2.14607   0.01485   0.00029   0.00000  -0.00026   2.14582
   A73        2.07257  -0.00687  -0.03873   0.00000  -0.03925   2.03331
   A74        1.75369   0.01531   0.01213   0.00000   0.01080   1.76449
   A75        2.21675  -0.00595   0.00976   0.00000   0.00899   2.22574
   A76        1.86240   0.00099  -0.01250   0.00000  -0.01095   1.85145
   A77        2.20402   0.00493   0.00272   0.00000   0.00192   2.20594
   A78        1.22670  -0.01299   0.03035   0.00000   0.02995   1.25665
   A79        2.77124   0.00570   0.00571   0.00000   0.00765   2.77889
   A80        1.61970  -0.00725   0.01604   0.00000   0.01579   1.63549
   A81        2.19854  -0.01643   0.00767   0.00000   0.01877   2.21731
   A82        1.85193   0.00069  -0.01977   0.00000  -0.02067   1.83126
   A83        2.23244   0.01540   0.01186   0.00000   0.00167   2.23411
   A84        2.07424   0.00447   0.05350   0.00000   0.05320   2.12743
   A85        2.11892  -0.00596  -0.01914   0.00000  -0.01899   2.09992
   A86        2.08978   0.00156  -0.03444   0.00000  -0.03429   2.05549
   A87        1.93991   0.00242  -0.01733   0.00000  -0.01757   1.92234
   A88        2.17984   0.00121   0.01296   0.00000   0.01307   2.19291
   A89        2.16340  -0.00364   0.00442   0.00000   0.00453   2.16793
   A90        1.07334   0.00174   0.03025   0.00000   0.02903   1.10238
   A91        0.96057  -0.00148   0.04849   0.00000   0.05025   1.01082
   A92        2.00724  -0.00401  -0.01028   0.00000  -0.01101   1.99623
   A93        1.97113   0.01475  -0.02965   0.00000  -0.03132   1.93981
   A94        2.86561  -0.00753   0.02235   0.00000   0.02245   2.88805
   A95        1.76485   0.01513  -0.01505   0.00000  -0.01564   1.74921
   A96        2.10954   0.01629   0.01599   0.00000   0.01660   2.12613
   A97        2.52618  -0.00829  -0.00826   0.00000  -0.00975   2.51643
   A98        1.64739  -0.00817  -0.00781   0.00000  -0.00724   1.64015
    D1       -0.35595   0.00151  -0.00217   0.00000  -0.00279  -0.35874
    D2        1.65127   0.00107  -0.01188   0.00000  -0.01126   1.64001
    D3       -2.49572   0.00050  -0.02309   0.00000  -0.02162  -2.51734
    D4       -2.59934   0.00128   0.00686   0.00000   0.00557  -2.59377
    D5       -0.59212   0.00084  -0.00284   0.00000  -0.00290  -0.59502
    D6        1.54408   0.00028  -0.01406   0.00000  -0.01326   1.53082
    D7        1.66341   0.00201   0.03114   0.00000   0.02867   1.69208
    D8       -2.61256   0.00156   0.02143   0.00000   0.02020  -2.59236
    D9       -0.47636   0.00100   0.01022   0.00000   0.00984  -0.46652
   D10       -0.16423  -0.00405   0.00563   0.00000   0.00606  -0.15817
   D11        1.79973  -0.00768  -0.02374   0.00000  -0.02403   1.77570
   D12        2.06510  -0.00311   0.00030   0.00000   0.00109   2.06619
   D13       -2.25413  -0.00674  -0.02907   0.00000  -0.02900  -2.28313
   D14       -1.74251  -0.00730   0.02200   0.00000   0.02314  -1.71936
   D15        0.22145  -0.01093  -0.00737   0.00000  -0.00695   0.21451
   D16        0.49443  -0.00427  -0.01614   0.00000  -0.01566   0.47877
   D17        2.42751  -0.00220  -0.04466   0.00000  -0.04454   2.38298
   D18       -1.51109  -0.00411  -0.01827   0.00000  -0.01845  -1.52954
   D19        2.30084  -0.00640  -0.03575   0.00000  -0.03476   2.26609
   D20       -2.04926  -0.00433  -0.06427   0.00000  -0.06364  -2.11290
   D21        0.29532  -0.00624  -0.03788   0.00000  -0.03755   0.25777
   D22       -1.50562  -0.00903  -0.00931   0.00000  -0.00900  -1.51462
   D23        0.42746  -0.00696  -0.03783   0.00000  -0.03788   0.38958
   D24        2.77204  -0.00887  -0.01145   0.00000  -0.01179   2.76025
   D25        0.87341   0.00240   0.01477   0.00000   0.01321   0.88662
   D26       -3.09146  -0.00167   0.00332   0.00000   0.00321  -3.08825
   D27       -0.75048   0.00312   0.00837   0.00000   0.00856  -0.74192
   D28       -1.37181   0.00167   0.00953   0.00000   0.00825  -1.36356
   D29        0.94650  -0.00240  -0.00192   0.00000  -0.00175   0.94475
   D30       -2.99570   0.00239   0.00313   0.00000   0.00360  -2.99211
   D31        2.57060   0.00240   0.02408   0.00000   0.02254   2.59314
   D32       -1.39428  -0.00167   0.01262   0.00000   0.01255  -1.38173
   D33        0.94671   0.00311   0.01767   0.00000   0.01789   0.96460
   D34       -1.25906  -0.00409  -0.01168   0.00000  -0.01205  -1.27112
   D35        0.51009  -0.00475  -0.01105   0.00000  -0.01077   0.49932
   D36        2.73732  -0.00266   0.00021   0.00000  -0.00029   2.73703
   D37       -3.07419  -0.01068  -0.03251   0.00000  -0.03206  -3.10624
   D38       -1.30503  -0.01134  -0.03188   0.00000  -0.03077  -1.33581
   D39        0.92219  -0.00925  -0.02062   0.00000  -0.02029   0.90190
   D40        0.96630  -0.00671  -0.01234   0.00000  -0.01240   0.95390
   D41        2.73545  -0.00737  -0.01171   0.00000  -0.01111   2.72434
   D42       -1.32051  -0.00529  -0.00045   0.00000  -0.00063  -1.32114
   D43       -0.82208   0.00347  -0.01065   0.00000  -0.00913  -0.83121
   D44        2.86633  -0.02233  -0.03798   0.00000  -0.03554   2.83079
   D45       -1.98274  -0.01418  -0.06017   0.00000  -0.05761  -2.04034
   D46       -2.89103   0.00647   0.01068   0.00000   0.01004  -2.88099
   D47        0.79738  -0.01933  -0.01666   0.00000  -0.01637   0.78101
   D48        2.23150  -0.01118  -0.03884   0.00000  -0.03844   2.19305
   D49        1.41932   0.00510   0.02782   0.00000   0.02574   1.44505
   D50       -1.17546  -0.02070   0.00048   0.00000  -0.00067  -1.17613
   D51        0.25866  -0.01255  -0.02170   0.00000  -0.02275   0.23592
   D52        1.66192   0.00021   0.01417   0.00000   0.01436   1.67627
   D53       -2.93465  -0.00699   0.00459   0.00000   0.00374  -2.93091
   D54       -0.83883  -0.00078  -0.06354   0.00000  -0.06500  -0.90383
   D55       -0.38281  -0.00458   0.05811   0.00000   0.05844  -0.32437
   D56       -1.25773   0.02045   0.03592   0.00000   0.03805  -1.21968
   D57       -0.22951   0.00809   0.02028   0.00000   0.02106  -0.20846
   D58        1.45710   0.00089   0.01070   0.00000   0.01044   1.46754
   D59       -2.73026   0.00710  -0.05743   0.00000  -0.05831  -2.78856
   D60       -2.27424   0.00330   0.06423   0.00000   0.06514  -2.20910
   D61        3.13402   0.02833   0.04203   0.00000   0.04475  -3.10441
   D62       -2.37834   0.00804   0.02470   0.00000   0.02473  -2.35361
   D63       -0.69172   0.00084   0.01511   0.00000   0.01411  -0.67761
   D64        1.40411   0.00705  -0.05301   0.00000  -0.05464   1.34947
   D65        1.86012   0.00326   0.06864   0.00000   0.06881   1.92894
   D66        0.98520   0.02829   0.04645   0.00000   0.04842   1.03362
   D67        0.58402   0.00927   0.00225   0.00000   0.00128   0.58530
   D68       -1.50894   0.01370  -0.03095   0.00000  -0.03269  -1.54163
   D69        1.56472  -0.00435  -0.00728   0.00000  -0.00768   1.55704
   D70       -0.52824   0.00008  -0.04048   0.00000  -0.04166  -0.56990
   D71        2.46390  -0.00166   0.01469   0.00000   0.01439   2.47829
   D72        0.37094   0.00276  -0.01851   0.00000  -0.01959   0.35136
   D73       -0.24859   0.01195   0.02730   0.00000   0.02706  -0.22154
   D74       -2.10029   0.01296   0.06960   0.00000   0.07115  -2.02915
   D75        1.90110   0.01723   0.06913   0.00000   0.06990   1.97099
   D76        0.88290   0.01136   0.05049   0.00000   0.05256   0.93546
   D77       -1.60839   0.00562   0.00491   0.00000   0.00347  -1.60492
   D78        2.82310   0.00663   0.04721   0.00000   0.04756   2.87066
   D79        0.54131   0.01090   0.04674   0.00000   0.04631   0.58761
   D80       -0.47689   0.00503   0.02810   0.00000   0.02897  -0.44792
   D81        1.03854   0.02151   0.01578   0.00000   0.01506   1.05360
   D82       -0.81316   0.02253   0.05807   0.00000   0.05915  -0.75401
   D83       -3.09496   0.02679   0.05760   0.00000   0.05790  -3.03705
   D84        2.17003   0.02092   0.03897   0.00000   0.04056   2.21060
   D85       -2.44504   0.00111   0.05684   0.00000   0.05811  -2.38692
   D86        2.94234   0.03093   0.07087   0.00000   0.07096   3.01330
   D87        0.99830   0.00876   0.03317   0.00000   0.03365   1.03196
   D88       -0.86576   0.01223   0.06828   0.00000   0.06721  -0.79855
   D89       -0.34846   0.00246   0.02598   0.00000   0.02542  -0.32303
   D90       -1.24427   0.03228   0.04001   0.00000   0.03827  -1.20600
   D91        3.09488   0.01012   0.00230   0.00000   0.00096   3.09585
   D92        1.23082   0.01358   0.03742   0.00000   0.03452   1.26534
   D93        0.00246  -0.00333   0.00075   0.00000   0.00064   0.00309
   D94       -3.13307  -0.00155   0.00891   0.00000   0.00870  -3.12437
   D95       -3.14159  -0.00140  -0.00609   0.00000  -0.00610   3.13549
   D96        0.00606   0.00039   0.00207   0.00000   0.00196   0.00802
   D97       -0.30954   0.00471  -0.00351   0.00000  -0.00347  -0.31301
   D98        2.83448   0.00278   0.00328   0.00000   0.00316   2.83763
   D99        1.94146   0.00360   0.02502   0.00000   0.02461   1.96607
   D100       0.37348  -0.00122   0.00192   0.00000   0.00200   0.37548
   D101      -1.93921  -0.00010   0.00611   0.00000   0.00587  -1.93334
   D102      -1.20620   0.00182   0.01686   0.00000   0.01653  -1.18967
   D103      -2.77418  -0.00300  -0.00624   0.00000  -0.00608  -2.78026
   D104       1.19631  -0.00187  -0.00205   0.00000  -0.00220   1.19411
   D105      -0.47003   0.00029  -0.00560   0.00000  -0.00487  -0.47490
   D106      -2.54836   0.00137   0.00507   0.00000   0.00516  -2.54321
   D107       1.48604  -0.00207  -0.00399   0.00000  -0.00431   1.48173
   D108       1.49354   0.00309   0.00485   0.00000   0.00515   1.49869
   D109      -0.58479   0.00417   0.01551   0.00000   0.01518  -0.56961
   D110      -2.83357   0.00074   0.00645   0.00000   0.00571  -2.82786
   D111      -2.66079   0.00173  -0.00201   0.00000  -0.00143  -2.66222
   D112       1.54406   0.00281   0.00865   0.00000   0.00860   1.55266
   D113      -0.70472  -0.00062  -0.00041   0.00000  -0.00087  -0.70559
   D114      -1.17711  -0.00361  -0.00328   0.00000  -0.00386  -1.18096
   D115       0.52674  -0.00506  -0.01137   0.00000  -0.01120   0.51554
   D116       2.78008  -0.00114  -0.01712   0.00000  -0.01710   2.76298
   D117       0.23508  -0.00978  -0.02373   0.00000  -0.02347   0.21162
   D118      -1.70086  -0.01815  -0.04164   0.00000  -0.04133  -1.74219
   D119       2.45052  -0.01072  -0.05113   0.00000  -0.05010   2.40042
   D120       2.53884  -0.01424  -0.01955   0.00000  -0.02085   2.51799
   D121       2.98611  -0.02460  -0.02943   0.00000  -0.03153   2.95458
   D122       2.34064  -0.00338  -0.01728   0.00000  -0.01574   2.32490
   D123       0.40469  -0.01175  -0.03519   0.00000  -0.03360   0.37109
   D124      -1.72711  -0.00433  -0.04468   0.00000  -0.04237  -1.76948
   D125      -1.63879  -0.00784  -0.01310   0.00000  -0.01312  -1.65191
   D126      -1.19152  -0.01820  -0.02299   0.00000  -0.02380  -1.21532
   D127      -1.63114   0.00876   0.01438   0.00000   0.01638  -1.61476
   D128       2.71610   0.00039  -0.00353   0.00000  -0.00148   2.71462
   D129       0.58431   0.00782  -0.01302   0.00000  -0.01026   0.57405
   D130       0.67262   0.00430   0.01857   0.00000   0.01900   0.69162
   D131       1.11989  -0.00606   0.00868   0.00000   0.00831   1.12821
   D132      -1.96535   0.00255  -0.00609   0.00000  -0.00391  -1.96925
   D133       2.38189  -0.00582  -0.02400   0.00000  -0.02177   2.36012
   D134       0.25009   0.00160  -0.03349   0.00000  -0.03054   0.21955
   D135       0.33840  -0.00191  -0.00190   0.00000  -0.00129   0.33712
   D136       0.78568  -0.01227  -0.01179   0.00000  -0.01197   0.77371
   D137       1.07145   0.00753  -0.01887   0.00000  -0.01983   1.05162
   D138      -0.46186   0.00651   0.04007   0.00000   0.03938  -0.42248
   D139      -2.91346  -0.00442  -0.01827   0.00000  -0.01698  -2.93044
   D140      -1.91721   0.01082   0.00116   0.00000   0.00007  -1.91714
   D141       0.46303  -0.00423  -0.02551   0.00000  -0.02720   0.43583
   D142       1.88119  -0.00500   0.01724   0.00000   0.01653   1.89772
   D143      -1.46026  -0.01337   0.00052   0.00000   0.00008  -1.46018
   D144       1.61289  -0.00205  -0.04591   0.00000  -0.04696   1.56593
   D145       3.03105  -0.00283  -0.00317   0.00000  -0.00323   3.02782
   D146      -0.31041  -0.01119  -0.01989   0.00000  -0.01968  -0.33008
   D147      -2.82722  -0.00566  -0.04165   0.00000  -0.04256  -2.86978
   D148      -1.40906  -0.00643   0.00110   0.00000   0.00116  -1.40790
   D149       1.53267  -0.01480  -0.01562   0.00000  -0.01528   1.51739
   D150      -1.88186  -0.00123  -0.02283   0.00000  -0.02153  -1.90339
   D151       1.27333   0.00164  -0.01966   0.00000  -0.01901   1.25432
   D152      -0.17290   0.00464   0.00884   0.00000   0.00818  -0.16472
   D153       2.98229   0.00751   0.01200   0.00000   0.01069   2.99299
   D154       2.29017  -0.00066   0.08805   0.00000   0.09428   2.38445
   D155      -0.83782   0.00221   0.09122   0.00000   0.09679  -0.74103
   D156       1.76776   0.00021  -0.07012   0.00000  -0.07071   1.69705
   D157      -1.36023   0.00308  -0.06695   0.00000  -0.06820  -1.42843
   D158       2.40948  -0.02425  -0.04038   0.00000  -0.04165   2.36783
   D159      -0.71851  -0.02139  -0.03722   0.00000  -0.03913  -0.75764
   D160       1.63169  -0.00036  -0.00816   0.00000  -0.00971   1.62199
   D161      -0.32254  -0.00782  -0.00833   0.00000  -0.00856  -0.33110
   D162      -2.11940   0.00441   0.05090   0.00000   0.05128  -2.06812
   D163       1.43447  -0.00221  -0.00564   0.00000  -0.00736   1.42711
   D164      -1.71376  -0.00427  -0.01344   0.00000  -0.01500  -1.72876
   D165      -0.49780  -0.00620  -0.01117   0.00000  -0.01014  -0.50794
   D166       2.63717  -0.00826  -0.01897   0.00000  -0.01778   2.61938
   D167      -2.28297   0.00816   0.04819   0.00000   0.04870  -2.23427
   D168       0.85199   0.00610   0.04039   0.00000   0.04106   0.89305
   D169      -0.10164   0.00227   0.01343   0.00000   0.01447  -0.08716
   D170       3.02012   0.00224  -0.00158   0.00000  -0.00220   3.01791
   D171       3.02659  -0.00053   0.01041   0.00000   0.01214   3.03873
   D172      -0.13485  -0.00056  -0.00460   0.00000  -0.00453  -0.13938
   D173       0.37095  -0.00652  -0.02381   0.00000  -0.02541   0.34554
   D174      -2.75166  -0.00674  -0.00955   0.00000  -0.01016  -2.76181
   D175      -2.94421  -0.00622   0.00728   0.00000   0.00809  -2.93613
   D176       0.17309  -0.00303   0.00312   0.00000   0.00374   0.17683
   D177       0.20324  -0.00134   0.01381   0.00000   0.01325   0.21649
   D178      -2.96265   0.00185   0.00965   0.00000   0.00891  -2.95374
   D179      -2.31351  -0.00849   0.03621   0.00000   0.03874  -2.27477
   D180       2.68824  -0.00498  -0.02334   0.00000  -0.02122   2.66703
   D181       2.87448  -0.00854  -0.02023   0.00000  -0.01973   2.85475
   D182      -0.25670   0.00253  -0.00645   0.00000  -0.00452  -0.26123
   D183       0.83389  -0.00361   0.04268   0.00000   0.04380   0.87769
   D184      -0.44755  -0.00010  -0.01687   0.00000  -0.01616  -0.46370
   D185      -0.26131  -0.00365  -0.01376   0.00000  -0.01466  -0.27598
   D186       2.89069   0.00741   0.00002   0.00000   0.00054   2.89123
   D187       2.46996  -0.00990   0.00666   0.00000   0.01307   2.48303
   D188      -0.66292  -0.00832   0.00137   0.00000   0.00618  -0.65674
   D189       2.97965   0.01332   0.01035   0.00000   0.00742   2.98707
   D190      -0.15323   0.01490   0.00507   0.00000   0.00053  -0.15270
   D191      -0.18590  -0.00087  -0.00338   0.00000  -0.00112  -0.18702
   D192       2.96441   0.00071  -0.00867   0.00000  -0.00801   2.95640
   D193      -0.80542  -0.00864  -0.02143   0.00000  -0.01957  -0.82499
   D194       0.30431  -0.00095   0.00565   0.00000   0.00571   0.31002
   D195       0.26551   0.01152   0.02571   0.00000   0.02772   0.29322
   D196      -2.89157  -0.00460   0.00512   0.00000   0.00600  -2.88557
   D197      -0.62038  -0.00481  -0.02177   0.00000  -0.02527  -0.64565
   D198       0.48935   0.00289   0.00532   0.00000   0.00001   0.48936
   D199       0.45055   0.01536   0.02538   0.00000   0.02202   0.47257
   D200      -2.70653  -0.00076   0.00478   0.00000   0.00030  -2.70622
   D201       2.35122  -0.00516  -0.01606   0.00000  -0.01749   2.33373
   D202      -2.82224   0.00254   0.01103   0.00000   0.00778  -2.81445
   D203      -2.86104   0.01500   0.03109   0.00000   0.02979  -2.83125
   D204       0.26507  -0.00111   0.01049   0.00000   0.00808   0.27315
   D205      -0.81494  -0.02030  -0.03018   0.00000  -0.02584  -0.84078
   D206       0.29478  -0.01260  -0.00310   0.00000  -0.00056   0.29422
   D207       0.25598  -0.00014   0.01696   0.00000   0.02145   0.27743
   D208      -2.90109  -0.01626  -0.00363   0.00000  -0.00027  -2.90136
   D209       0.00065   0.00195  -0.00027   0.00000  -0.00123  -0.00058
   D210       3.13363   0.00041   0.00503   0.00000   0.00559   3.13922
   D211      -3.11707  -0.00108   0.00365   0.00000   0.00283  -3.11423
   D212       0.01591  -0.00262   0.00895   0.00000   0.00965   0.02556
         Item               Value     Threshold  Converged?
 Maximum Force            0.159803     0.000450     NO 
 RMS     Force            0.017527     0.000300     NO 
 Maximum Displacement     0.474328     0.001800     NO 
 RMS     Displacement     0.086662     0.001200     NO 
 Predicted change in Energy=-1.791224D-02
 GradGradGradGradGradGradGradGradGradGradGradGradGradGradGradGradGradGrad

                          Input orientation:                          
 ---------------------------------------------------------------------
 Center     Atomic      Atomic             Coordinates (Angstroms)
 Number     Number       Type             X           Y           Z
 ---------------------------------------------------------------------
      1          6           0       -0.720965    0.790827    0.304806
      2          6           0        0.803392    1.140719    0.170790
      3          6           0        0.792033    2.694580   -0.056250
      4          6           0       -0.092247    3.427302    1.055387
      5          7           0       -1.379848    2.113340    0.670962
      6          1           0       -0.941700   -0.043820    0.955956
      7          1           0        1.520927    1.029394    0.990521
      8          1           0        1.861956    2.850253   -0.195278
      9          1           0        0.537837    4.225957    0.618407
     10          6           0       -0.170400   -2.020987   -0.896446
     11          6           0        0.858096   -1.358893   -0.541358
     12          6           0        0.917797    0.106705   -1.008085
     13          6           0       -0.561307    0.412084   -1.287838
     14         16           0       -1.343400   -1.115375   -1.874488
     15          1           0       -0.325022   -3.053692   -0.637756
     16          1           0        1.647254   -1.804385    0.041204
     17          1           0        1.715010    0.190009   -1.752309
     18          1           0       -0.751568    1.435361   -2.021641
     19          6           0       -1.300330    4.118083    0.266584
     20          6           0       -0.153697    3.643608   -0.974493
     21          6           0        0.424433    5.070087   -1.087295
     22          6           0       -0.333423    5.937126   -0.389936
     23          8           0       -1.506981    5.519602    0.208908
     24          1           0       -2.424467    3.558462    0.571900
     25          1           0       -0.126605    3.276498   -1.782270
     26          1           0        1.292635    5.354168   -1.646959
     27          1           0       -0.057600    6.960405   -0.238439
     28          6           0       -3.580835    2.203608   -1.573609
     29          6           0       -1.257875    3.120015   -2.449798
     30          6           0       -3.345325    2.272403   -3.013951
     31          1           0       -4.379333    1.706343   -1.068073
     32          6           0       -2.168521    2.734904   -3.531717
     33          1           0        0.085200    3.472057   -2.568382
     34          1           0       -4.093603    1.931707   -3.701326
     35          1           0       -1.954854    2.799588   -4.583065
     36         15           0       -2.340167    3.088354   -0.855127
 ---------------------------------------------------------------------
                    Distance matrix (angstroms):
                    1          2          3          4          5
     1  C    0.000000
     2  C    1.569729   0.000000
     3  C    2.458414   1.570401   0.000000
     4  C    2.812412   2.610200   1.598302   0.000000
     5  N    1.522247   2.441864   2.362995   1.879414   0.000000
     6  H    1.081368   2.250548   3.395472   3.574933   2.219579
     7  H    2.356523   1.095084   2.097584   2.890762   3.113126
     8  H    3.341077   2.043788   1.090091   2.390828   3.435506
     9  H    3.671927   3.128830   1.692600   1.107161   2.853669
    10  C    3.106835   3.476154   4.885568   5.787885   4.583905
    11  C    2.798343   2.599655   4.082932   5.134239   4.305173
    12  C    2.208449   1.572266   2.760236   4.037880   3.482091
    13  C    1.644825   2.126243   2.925427   3.847370   2.720511
    14  S    2.961479   3.725834   4.730943   5.548466   4.111599
    15  H    3.978130   4.418161   5.884607   6.702552   5.433564
    16  H    3.523219   3.066355   4.580566   5.605799   4.990842
    17  H    3.244484   2.330924   3.162496   4.650742   4.376024
    18  H    2.414273   2.703973   2.798411   3.724330   2.846841
    19  C    3.377537   3.646851   2.551189   1.599641   2.046666
    20  C    3.177539   2.914128   1.624262   2.042296   2.559822
    21  C    4.643484   4.143226   2.615572   2.748960   3.884489
    22  C    5.207422   4.961077   3.448493   2.906259   4.103883
    23  O    4.794614   4.951151   3.651921   2.663779   3.439808
    24  H    3.260837   4.052832   3.389209   2.385416   1.785895
    25  H    3.299653   3.039884   2.040018   2.841869   2.990302
    26  H    5.356123   4.614837   3.139167   3.596301   4.797697
    27  H    6.228873   5.897247   4.353428   3.762712   5.105820
    28  C    3.701790   4.836746   4.654612   4.536441   3.144932
    29  C    3.647085   3.877359   3.179967   3.706674   3.281374
    30  C    4.482909   5.351181   5.103328   5.336274   4.179353
    31  H    4.013305   5.358671   5.361289   5.084278   3.490960
    32  C    4.538035   5.008219   4.565674   5.082504   4.320980
    33  H    4.011745   3.667970   2.723030   3.628387   3.806025
    34  H    5.359607   6.292814   6.143126   6.393276   5.149211
    35  H    5.426682   5.740985   5.296081   5.971220   5.329763
    36  P    3.040706   3.837676   3.256370   2.969528   2.049834
                    6          7          8          9         10
     6  H    0.000000
     7  H    2.686544   0.000000
     8  H    4.190643   2.199533   0.000000
     9  H    4.531442   3.364960   2.075557   0.000000
    10  C    2.817000   3.965609   5.324574   6.466892   0.000000
    11  C    2.685262   2.913745   4.341015   5.712983   1.273680
    12  C    2.708846   2.282443   3.013162   4.445007   2.392427
    13  C    2.321026   3.147648   3.607015   4.403126   2.495162
    14  S    3.053033   4.583959   5.368450   6.187359   1.775565
    15  H    3.461147   4.767642   6.311515   7.437457   1.075782
    16  H    3.261755   2.991231   4.665584   6.158653   2.056689
    17  H    3.800985   2.874952   3.085910   4.826481   3.029154
    18  H    3.330197   3.795018   3.488271   4.052142   3.681054
    19  C    4.233826   4.245418   3.438133   1.874639   6.349611
    20  C    4.236119   3.674201   2.302052   1.831579   5.665157
    21  C    5.673909   4.674058   2.791027   1.906524   7.118538
    22  C    6.160612   5.424953   3.792937   2.168859   7.975882
    23  O    5.641745   5.471848   4.317236   2.454075   7.737489
    24  H    3.914400   4.705057   4.411750   3.036932   6.194119
    25  H    4.380271   3.930930   2.579652   2.665748   5.371215
    26  H    6.395756   5.070709   2.949762   2.640921   7.556233
    27  H    7.160125   6.259312   4.536509   2.926762   9.006170
    28  C    4.291231   5.829367   5.651719   5.085105   5.471455
    29  C    4.659289   4.891649   3.858624   3.723113   5.479544
    30  C    5.186758   6.423494   5.949336   5.664746   5.744317
    31  H    4.356269   6.285629   6.404997   5.776783   5.624728
    32  C    5.419004   6.080414   5.233534   5.174084   5.792724
    33  H    5.082999   4.549034   3.029047   3.305885   5.747542
    34  H    5.960493   7.372283   6.971713   6.736017   6.235597
    35  H    6.308106   6.802904   5.815779   5.941663   6.325613
    36  P    3.878950   4.749083   4.260274   3.427587   5.551123
                   11         12         13         14         15
    11  C    0.000000
    12  C    1.539277   0.000000
    13  C    2.389204   1.535991   0.000000
    14  S    2.585174   2.712406   1.813549   0.000000
    15  H    2.069156   3.416117   3.534125   2.514691   0.000000
    16  H    1.077317   2.298995   3.399534   3.617820   2.431384
    17  H    2.144714   1.093781   2.333810   3.327585   3.990683
    18  H    3.548254   2.362076   1.273484   2.622627   4.716850
    19  C    5.942124   4.757733   4.086173   5.654655   7.294067
    20  C    5.122142   3.695796   3.272167   4.987314   6.707948
    21  C    6.466675   4.988471   4.765385   6.481115   8.170652
    22  C    7.394223   5.995121   5.602165   7.277481   8.994237
    23  O    7.312330   6.054757   5.405671   6.956308   8.695702
    24  H    6.016223   5.057836   4.102399   5.385004   7.042124
    25  H    4.898607   3.426037   2.939098   4.558250   6.435883
    26  H    6.817357   5.299484   5.290582   6.989667   8.621335
    27  H    8.375021   6.965412   6.650975   8.339555  10.025623
    28  C    5.784554   4.995449   3.522609   4.014012   6.254226
    29  C    5.308492   3.986492   3.027911   4.275140   6.501412
    30  C    6.080195   5.185360   3.767095   4.096720   6.567786
    31  H    6.091286   5.533717   4.037415   4.222474   6.267419
    32  C    5.904391   4.775093   3.607440   4.272222   6.729141
    33  H    5.295684   3.801755   3.379526   4.854577   6.817697
    34  H    6.732962   5.974807   4.539966   4.492846   6.960019
    35  H    6.445234   5.318292   4.301240   4.799708   7.244494
    36  P    5.486834   4.419046   3.242531   4.438917   6.467828
                   16         17         18         19         20
    16  H    0.000000
    17  H    2.683074   0.000000
    18  H    4.528314   2.776229   0.000000
    19  C    6.619265   5.347707   3.568489   0.000000
    20  C    5.827151   4.003050   2.516014   1.755040   0.000000
    21  C    7.072989   5.091463   3.932839   2.390419   1.543309
    22  C    8.002497   6.251520   4.806579   2.162139   2.373655
    23  O    7.976096   6.529331   4.714555   1.417846   2.598302
    24  H    6.754308   5.820970   3.746012   1.292315   2.748632
    25  H    5.682166   3.594282   1.958996   2.506730   0.887698
    26  H    7.363459   5.182474   4.435787   3.451524   2.338826
    27  H    8.933436   7.160462   5.847010   3.142964   3.398846
    28  C    6.782665   5.668553   2.965753   3.500319   3.765345
    29  C    6.236552   4.231958   1.810449   2.894248   1.915694
    30  C    7.133023   5.615611   2.900499   4.283742   4.028161
    31  H    7.062256   6.317314   3.760771   4.132560   4.649489
    32  C    6.923226   4.972383   2.444770   4.134493   3.380038
    33  H    6.090221   3.754211   2.268753   3.220881   1.620798
    34  H    7.805277   6.369628   3.773182   5.322305   5.088132
    35  H    7.453564   5.318927   3.141641   5.068128   4.120477
    36  P    6.375095   5.064564   2.572312   1.843865   2.259028
                   21         22         23         24         25
    21  C    0.000000
    22  C    1.346259   0.000000
    23  O    2.369086   1.382093   0.000000
    24  H    3.626868   3.309930   2.195362   0.000000
    25  H    2.000899   3.010035   3.301779   3.301786   0.000000
    26  H    1.071309   2.136355   3.362955   4.686656   2.519775
    27  H    2.127490   1.070574   2.092066   4.222787   3.994916
    28  C    4.949281   5.087822   4.298146   2.788553   3.623029
    29  C    2.913650   3.610230   3.590096   3.268613   1.322819
    30  C    5.074457   5.420997   4.930581   3.919217   3.589624
    31  H    5.864410   5.893113   4.941864   3.152991   4.589243
    32  C    4.260480   4.846917   4.710038   4.193260   2.742865
    33  H    2.205085   3.316239   3.800108   4.020854   0.837303
    34  H    6.090586   6.414643   5.903688   4.867527   4.607419
    35  H    4.799644   5.482292   5.528298   5.231644   3.378519
    36  P    3.409425   3.515527   2.781606   1.504831   2.407250
                   26         27         28         29         30
    26  H    0.000000
    27  H    2.527264   0.000000
    28  C    5.803631   6.068195   0.000000
    29  C    3.484407   4.591227   2.646442   0.000000
    30  C    5.733814   6.363173   1.461089   2.322534   0.000000
    31  H    6.768527   6.853527   1.067912   3.694744   2.275091
    32  C    4.732067   5.758171   2.472063   1.465652   1.366329
    33  H    2.418525   4.197333   4.004791   1.393501   3.661448
    34  H    6.704120   7.319065   2.205457   3.319601   1.071671
    35  H    5.068805   6.307753   3.472151   2.266999   2.161817
    36  P    4.354098   4.536871   1.684711   1.927520   2.517268
                   31         32         33         34         35
    31  H    0.000000
    32  C    3.466290   0.000000
    33  H    5.029982   2.559427   0.000000
    34  H    2.658281   2.092805   4.595501   0.000000
    35  H    4.407772   1.074788   2.944993   2.470815   0.000000
    36  P    2.472548   2.705277   2.994140   3.537403   3.758906
                   36
    36  P    0.000000
 Stoichiometry    C16H16NOPS
 Framework group  C1[X(C16H16NOPS)]
 Deg. of freedom   102
 Full point group                 C1      NOp   1
 Largest Abelian subgroup         C1      NOp   1
 Largest concise Abelian subgroup C1      NOp   1
                         Standard orientation:                         
 ---------------------------------------------------------------------
 Center     Atomic      Atomic             Coordinates (Angstroms)
 Number     Number       Type             X           Y           Z
 ---------------------------------------------------------------------
      1          6           0        1.158937   -0.854301   -1.035390
      2          6           0        0.991742   -1.996404    0.028423
      3          6           0       -0.522081   -1.886834    0.431529
      4          6           0       -1.457901   -1.870401   -0.864055
      5          7           0       -0.257954   -0.581353   -1.520316
      6          1           0        1.892423   -1.051833   -1.805024
      7          1           0        1.093956   -3.060420   -0.209547
      8          1           0       -0.545857   -2.659202    1.200412
      9          1           0       -2.133871   -2.127518   -0.025746
     10          6           0        4.123552   -0.501817   -0.175597
     11          6           0        3.543135   -1.551347    0.253196
     12          6           0        2.149229   -1.351645    0.874903
     13          6           0        1.716582   -0.011243    0.262199
     14         16           0        3.203316    1.002053    0.034573
     15          1           0        5.100887   -0.510473   -0.625096
     16          1           0        4.008182   -2.521418    0.195709
     17          1           0        2.230580   -1.539664    1.949328
     18          1           0        0.760792    0.559274    0.880857
     19          6           0       -2.189249   -0.447755   -0.856169
     20          6           0       -1.466905   -0.601196    0.735949
     21          6           0       -2.802975   -1.027359    1.380235
     22          6           0       -3.814761   -0.864757    0.507160
     23          8           0       -3.591212   -0.281209   -0.725592
     24          1           0       -1.789289    0.276935   -1.848608
     25          1           0       -1.016866   -0.126546    1.336099
     26          1           0       -2.931681   -1.388079    2.380744
     27          1           0       -4.812414   -1.200071    0.703078
     28          6           0       -0.351243    2.525429   -1.040940
     29          6           0       -0.914886    1.181599    1.168151
     30          6           0       -0.243734    3.205581    0.247709
     31          1           0        0.001405    2.868286   -1.988846
     32          6           0       -0.519847    2.569448    1.424973
     33          1           0       -1.105410    0.174597    2.112340
     34          1           0        0.083837    4.224830    0.295766
     35          1           0       -0.451163    3.032291    2.392562
     36         15           0       -1.166717    1.082222   -0.740262
 ---------------------------------------------------------------------
 Rotational constants (GHZ):      0.5689683      0.2860202      0.2289660
 Standard basis: 6-31+G(d,p) (6D, 7F)
 There are   468 symmetry adapted basis functions of A   symmetry.
 Integral buffers will be    262144 words long.
 Raffenetti 1 integral format.
 Two-electron integral symmetry is turned on.
   468 basis functions,   800 primitive gaussians,   468 cartesian basis functions
    79 alpha electrons       79 beta electrons
       nuclear repulsion energy      1954.9778157607 Hartrees.
 NAtoms=   36 NActive=   36 NUniq=   36 SFac= 7.50D-01 NAtFMM=   80 NAOKFM=F Big=F
 One-electron integrals computed using PRISM.
 NBasis=   468 RedAO= T  NBF=   468
 NBsUse=   468 1.00D-06 NBFU=   468
 Initial guess read from the read-write file.
 B after Tr=     0.000000    0.000000    0.000000
         Rot=    1.000000    0.000000    0.000000    0.000000 Ang=   0.00 deg.
 Initial guess orbital symmetries:
       Occupied  (A) (A) (A) (A) (A) (A) (A) (A) (A) (A) (A) (A)
                 (A) (A) (A) (A) (A) (A) (A) (A) (A) (A) (A) (A)
                 (A) (A) (A) (A) (A) (A) (A) (A) (A) (A) (A) (A)
                 (A) (A) (A) (A) (A) (A) (A) (A) (A) (A) (A) (A)
                 (A) (A) (A) (A) (A) (A) (A) (A) (A) (A) (A) (A)
                 (A) (A) (A) (A) (A) (A) (A) (A) (A) (A) (A) (A)
                 (A) (A) (A) (A) (A) (A) (A)
       Virtual   (A) (A) (A) (A) (A) (A) (A) (A) (A) (A) (A) (A)
                 (A) (A) (A) (A) (A) (A) (A) (A) (A) (A) (A) (A)
                 (A) (A) (A) (A) (A) (A) (A) (A) (A) (A) (A) (A)
                 (A) (A) (A) (A) (A) (A) (A) (A) (A) (A) (A) (A)
                 (A) (A) (A) (A) (A) (A) (A) (A) (A) (A) (A) (A)
                 (A) (A) (A) (A) (A) (A) (A) (A) (A) (A) (A) (A)
                 (A) (A) (A) (A) (A) (A) (A) (A) (A) (A) (A) (A)
                 (A) (A) (A) (A) (A) (A) (A) (A) (A) (A) (A) (A)
                 (A) (A) (A) (A) (A) (A) (A) (A) (A) (A) (A) (A)
                 (A) (A) (A) (A) (A) (A) (A) (A) (A) (A) (A) (A)
                 (A) (A) (A) (A) (A) (A) (A) (A) (A) (A) (A) (A)
                 (A) (A) (A) (A) (A) (A) (A) (A) (A) (A) (A) (A)
                 (A) (A) (A) (A) (A) (A) (A) (A) (A) (A) (A) (A)
                 (A) (A) (A) (A) (A) (A) (A) (A) (A) (A) (A) (A)
                 (A) (A) (A) (A) (A) (A) (A) (A) (A) (A) (A) (A)
                 (A) (A) (A) (A) (A) (A) (A) (A) (A) (A) (A) (A)
                 (A) (A) (A) (A) (A) (A) (A) (A) (A) (A) (A) (A)
                 (A) (A) (A) (A) (A) (A) (A) (A) (A) (A) (A) (A)
                 (A) (A) (A) (A) (A) (A) (A) (A) (A) (A) (A) (A)
                 (A) (A) (A) (A) (A) (A) (A) (A) (A) (A) (A) (A)
                 (A) (A) (A) (A) (A) (A) (A) (A) (A) (A) (A) (A)
                 (A) (A) (A) (A) (A) (A) (A) (A) (A) (A) (A) (A)
                 (A) (A) (A) (A) (A) (A) (A) (A) (A) (A) (A) (A)
                 (A) (A) (A) (A) (A) (A) (A) (A) (A) (A) (A) (A)
                 (A) (A) (A) (A) (A) (A) (A) (A) (A) (A) (A) (A)
                 (A) (A) (A) (A) (A) (A) (A) (A) (A) (A) (A) (A)
                 (A) (A) (A) (A) (A) (A) (A) (A) (A) (A) (A) (A)
                 (A) (A) (A) (A) (A) (A) (A) (A) (A) (A) (A) (A)
                 (A) (A) (A) (A) (A) (A) (A) (A) (A) (A) (A) (A)
                 (A) (A) (A) (A) (A) (A) (A) (A) (A) (A) (A) (A)
                 (A) (A) (A) (A) (A) (A) (A) (A) (A) (A) (A) (A)
                 (A) (A) (A) (A) (A) (A) (A) (A) (A) (A) (A) (A)
                 (A) (A) (A) (A) (A)
 Harris functional with IExCor=  205 diagonalized for initial guess.
 ExpMin= 3.48D-02 ExpMax= 2.19D+04 ExpMxC= 3.30D+03 IAcc=3 IRadAn=         0 AccDes= 0.00D+00
 HarFok:  IExCor=  205 AccDes= 0.00D+00 IRadAn=         0 IDoV= 1
 ScaDFX=  1.000000  1.000000  1.000000  1.000000
 FoFCou: FMM=F IPFlag=           0 FMFlag=      100000 FMFlg1=           0
         NFxFlg=           0 DoJE=T BraDBF=F KetDBF=T FulRan=T
         Omega=  0.000000  0.000000  1.000000  0.000000  0.000000 ICntrl=     500 IOpCl=  0
         NMat0=    1 NMatS0=    1 NMatT0=    0 NMatD0=    1 NMtDS0=    0 NMtDT0=    0
         I1Cent=           4 NGrid=           0.
 Petite list used in FoFCou.
 Requested convergence on RMS density matrix=1.00D-08 within 128 cycles.
 Requested convergence on MAX density matrix=1.00D-06.
 Requested convergence on             energy=1.00D-06.
 No special actions if energy rises.
 Initial convergence to 1.0D-05 achieved.  Increase integral accuracy.
 SCF Done:  E(RHF) =  -1481.47367750     A.U. after   28 cycles
             Convg  =    0.5664D-08             -V/T =  2.0002
 Calling FoFJK, ICntrl=      2127 FMM=F ISym2X=0 I1Cent= 0 IOpClX= 0 NMat=1 NMatS=1 NMatT=0.
 ***** Axes restored to original set *****
 -------------------------------------------------------------------
 Center     Atomic                   Forces (Hartrees/Bohr)
 Number     Number              X              Y              Z
 -------------------------------------------------------------------
      1        6           0.031907247    0.049407282   -0.017461209
      2        6          -0.019582475   -0.003263449   -0.006359342
      3        6          -0.020554334    0.000487551   -0.029700634
      4        6          -0.039996069   -0.057900229   -0.006854478
      5        7          -0.002891607   -0.086398033    0.004682671
      6        1          -0.008485560    0.006880476    0.000267334
      7        1          -0.012216832   -0.006116722    0.002643404
      8        1          -0.006015020    0.031415783    0.013131019
      9        1           0.015369513    0.032403003    0.076258499
     10        6          -0.049641456   -0.038754393   -0.022208480
     11        6           0.063771298    0.045234924    0.023623983
     12        6          -0.002467686    0.005532405    0.018061188
     13        6          -0.014759859    0.044932203   -0.024605982
     14       16          -0.007171480    0.004119002    0.007413957
     15        1          -0.003679437    0.000408217   -0.004527407
     16        1           0.001870056    0.001735536   -0.000432656
     17        1          -0.008509652    0.009131805   -0.000750397
     18        1           0.008065167   -0.077975593    0.045208292
     19        6          -0.008016224    0.031506441   -0.015788385
     20        6           0.158097700    0.144724282    0.361588491
     21        6          -0.040406062   -0.003197652    0.033268844
     22        6           0.003550370    0.011073579   -0.017761974
     23        8           0.061144436   -0.033838911   -0.005860200
     24        1           0.050859928    0.066903167    0.059856999
     25        1          -0.032955305   -0.098443300   -0.040229873
     26        1           0.001053199   -0.001564927    0.001321001
     27        1          -0.009767229    0.004258215   -0.000801158
     28        6           0.011804838   -0.010012893   -0.023429648
     29        6          -0.088700286   -0.030331978   -0.167087253
     30        6          -0.029992727   -0.015295706    0.013305523
     31        1          -0.007606952    0.004152588   -0.004326657
     32        6           0.031877446    0.023710740    0.051187985
     33        1          -0.083461536   -0.012225109   -0.189905780
     34        1          -0.008837932   -0.003359372    0.004873047
     35        1           0.000842498   -0.002765682    0.001493101
     36       15           0.065502026   -0.036573250   -0.140093826
 -------------------------------------------------------------------
 Cartesian Forces:  Max     0.361588491 RMS     0.058561419

 GradGradGradGradGradGradGradGradGradGradGradGradGradGradGradGradGradGrad
 Berny optimization.
 Using GEDIIS/GDIIS optimizer.
 Internal  Forces:  Max     0.142061581 RMS     0.017828798
 Search for a local minimum.
 Step number   5 out of a maximum of  216
 All quantities printed in internal units (Hartrees-Bohrs-Radians)
 Mixed Optimization -- RFO/linear search
 Update second derivatives using D2CorX and points    4    5
 Use linear search instead of GDIIS.
     Eigenvalues ---    0.00803   0.00822   0.00877   0.01053   0.01174
     Eigenvalues ---    0.01235   0.01322   0.01332   0.01447   0.01587
     Eigenvalues ---    0.01654   0.01806   0.01878   0.01961   0.02256
     Eigenvalues ---    0.02273   0.02603   0.02733   0.02763   0.02974
     Eigenvalues ---    0.03094   0.03355   0.03406   0.03626   0.03812
     Eigenvalues ---    0.03924   0.04153   0.04429   0.05076   0.05284
     Eigenvalues ---    0.05321   0.05574   0.05827   0.06401   0.06641
     Eigenvalues ---    0.06893   0.07304   0.07827   0.08162   0.08614
     Eigenvalues ---    0.09313   0.09558   0.10812   0.11235   0.11681
     Eigenvalues ---    0.12731   0.13591   0.14196   0.14625   0.15970
     Eigenvalues ---    0.15994   0.15996   0.15997   0.15998   0.15999
     Eigenvalues ---    0.16038   0.16102   0.16206   0.17151   0.17634
     Eigenvalues ---    0.18392   0.19201   0.20641   0.21647   0.22550
     Eigenvalues ---    0.23097   0.23381   0.23872   0.25408   0.25771
     Eigenvalues ---    0.26428   0.27028   0.27172   0.27971   0.28351
     Eigenvalues ---    0.29038   0.29261   0.30095   0.31729   0.32474
     Eigenvalues ---    0.34160   0.35715   0.36009   0.37208   0.37230
     Eigenvalues ---    0.37230   0.37230   0.37230   0.37230   0.37230
     Eigenvalues ---    0.37230   0.37230   0.37230   0.37234   0.38901
     Eigenvalues ---    0.39306   0.39886   0.44901   0.45057   0.45791
     Eigenvalues ---    0.48478   0.623291000.000001000.000001000.00000
     Eigenvalues --- 1000.000001000.000001000.000001000.000001000.00000
     Eigenvalues --- 1000.000001000.000001000.000001000.000001000.00000
     Eigenvalues --- 1000.000001000.000001000.000001000.000001000.00000
     Eigenvalues --- 1000.000001000.000001000.000001000.000001000.00000
     Eigenvalues --- 1000.000001000.000001000.000001000.000001000.00000
     Eigenvalues --- 1000.000001000.000001000.000001000.000001000.00000
     Eigenvalues --- 1000.000001000.000001000.000001000.000001000.00000
     Eigenvalues --- 1000.000001000.000001000.000001000.000001000.00000
     Eigenvalues --- 1000.000001000.000001000.000001000.000001000.00000
     Eigenvalues --- 1000.000001000.000001000.000001000.000001000.00000
     Eigenvalues --- 1000.000001000.000001000.000001000.000001000.00000
     Eigenvalues --- 1000.000001000.000001000.000001000.000001000.00000
     Eigenvalues --- 1000.000001000.000001000.000001000.000001000.00000
     Eigenvalues --- 1000.000001000.000001000.000001000.000001000.00000
     Eigenvalues --- 1000.000001000.000001000.000001000.000001000.00000
     Eigenvalues --- 1000.000001000.000001000.000001000.000001000.00000
     Eigenvalues --- 1000.000001000.000001000.000001000.000001000.00000
     Eigenvalues --- 1000.000001000.000001000.000001000.000001000.00000
     Eigenvalues --- 1000.000001000.000001000.000001000.000001000.00000
     Eigenvalues --- 1000.000001000.000001000.000001000.000001000.00000
     Eigenvalues --- 1000.000001000.000001000.000001000.000001000.00000
     Eigenvalues --- 1000.000001000.000001000.000001000.000001000.00000
     Eigenvalues --- 1000.000001000.000001000.000001000.000001000.00000
     Eigenvalues --- 1000.000001000.000001000.000001000.000001000.00000
     Eigenvalues --- 1000.000001000.000001000.000001000.000001000.00000
     Eigenvalues --- 1000.000001000.000001000.000001000.000001000.00000
     Eigenvalues --- 1000.000001000.000001000.000001000.000001000.00000
     Eigenvalues --- 1000.000001000.000001000.000001000.000001000.00000
     Eigenvalues --- 1000.000001000.000001000.000001000.000001000.00000
     Eigenvalues --- 1000.000001000.000001000.000001000.000001000.00000
     Eigenvalues --- 1000.000001000.000001000.000001000.000001000.00000
     Eigenvalues --- 1000.000001000.000001000.000001000.000001000.00000
     Eigenvalues --- 1000.000001000.000001000.000001000.000001000.00000
     Eigenvalues --- 1000.000001000.000001000.000001000.000001000.00000
     Eigenvalues --- 1000.000001000.000001000.000001000.000001000.00000
     Eigenvalues --- 1000.000001000.000001000.000001000.000001000.00000
     Eigenvalues --- 1000.000001000.000001000.000001000.000001000.00000
     Eigenvalues --- 1000.000001000.000001000.000001000.000001000.00000
     Eigenvalues --- 1000.000001000.000001000.000001000.000001000.00000
     Eigenvalues --- 1000.000001000.000001000.000001000.000001000.00000
     Eigenvalues --- 1000.000001000.000001000.000001000.000001000.00000
     Eigenvalues --- 1000.000001000.000001000.000001000.000001000.00000
     Eigenvalues --- 1000.000001000.000001000.000001000.000001000.00000
     Eigenvalues --- 1000.000001000.000001000.000001000.000001000.00000
     Eigenvalues --- 1000.000001000.000001000.000001000.000001000.00000
     Eigenvalues --- 1000.000001000.000001000.000001000.000001000.00000
     Eigenvalues --- 1000.000001000.000001000.000001000.000001000.00000
     Eigenvalues --- 1000.000001000.000001000.000001000.000001000.00000
     Eigenvalues --- 1000.000001000.000001000.000001000.000001000.00000
     Eigenvalues --- 1000.000001000.000001000.000001000.000001000.00000
     Eigenvalues --- 1000.000001000.000001000.000001000.00000
 RFO step:  Lambda=-2.59330811D-01 EMin= 8.02620509D-03
 Quartic linear search produced a step of  0.41155.
 Maximum step size (   0.505) exceeded in Quadratic search.
    -- Step size scaled by   0.683
 Iteration  1 RMS(Cart)=  0.04087646 RMS(Int)=  0.00446480
 Iteration  2 RMS(Cart)=  0.00445218 RMS(Int)=  0.00128021
 Iteration  3 RMS(Cart)=  0.00002580 RMS(Int)=  0.00128004
 Iteration  4 RMS(Cart)=  0.00000005 RMS(Int)=  0.00128004
 Variable       Old X    -DE/DX   Delta X   Delta X   Delta X     New X
                                 (Linear)    (Quad)   (Total)
    R1        2.96636  -0.01703   0.05754  -0.01688   0.04146   3.00782
    R2        2.87663  -0.05633   0.02875  -0.05905  -0.03037   2.84626
    R3        2.04349  -0.00342   0.00307  -0.00386  -0.00079   2.04270
    R4        3.10827  -0.02315   0.02370  -0.03154  -0.00793   3.10034
    R5        2.96763  -0.00116   0.01813   0.00033   0.01757   2.98520
    R6        2.06941  -0.00540   0.00678  -0.00605   0.00072   2.07013
    R7        2.97115  -0.01891   0.00644  -0.02337  -0.01722   2.95393
    R8        3.02035  -0.01270   0.01415  -0.00840   0.00555   3.02590
    R9        2.05997  -0.00309   0.00543  -0.00345   0.00197   2.06195
   R10        3.19855   0.00983   0.01188   0.02843   0.04127   3.23982
   R11        3.06941  -0.01915  -0.00181  -0.02746  -0.03122   3.03819
   R12        3.55158   0.00801   0.07518   0.01299   0.08817   3.63975
   R13        2.09223  -0.00201   0.01002  -0.00473   0.00488   2.09712
   R14        3.02288   0.00154   0.03758   0.00863   0.04714   3.07002
   R15        3.87362   0.02431   0.08136   0.02648   0.10740   3.98102
   R16        2.40691   0.06653  -0.03335   0.07132   0.03793   2.44483
   R17        3.35533  -0.00398  -0.00703  -0.00159  -0.00866   3.34668
   R18        2.03293  -0.00095   0.00156  -0.00103   0.00053   2.03346
   R19        2.90881  -0.00920  -0.00297  -0.01188  -0.01486   2.89395
   R20        2.03583   0.00042   0.00198   0.00052   0.00250   2.03833
   R21        2.90260   0.00147   0.01782   0.00134   0.01983   2.92244
   R22        2.06695  -0.00500   0.00642  -0.00554   0.00088   2.06783
   R23        3.42711   0.00075   0.01875  -0.00115   0.01765   3.44476
   R24        2.40654  -0.07382   0.05623  -0.07774  -0.02007   2.38647
   R25        3.42125   0.01738   0.10697   0.03745   0.14596   3.56721
   R26        3.31654  -0.03438   0.04301  -0.04477  -0.00127   3.31528
   R27        2.67934  -0.03037  -0.00148  -0.03034  -0.03165   2.64769
   R28        2.44212  -0.04147   0.06005  -0.05666   0.00209   2.44421
   R29        3.48440   0.05216   0.07403   0.05714   0.13128   3.61569
   R30        2.91643  -0.00541   0.00625  -0.00654  -0.00032   2.91611
   R31        1.67751   0.11531  -0.03636   0.15220   0.12639   1.80390
   R32        3.62014   0.11337   0.10399   0.16348   0.26791   3.88805
   R33        3.06286   0.14206   0.06197   0.19942   0.25299   3.31585
   R34        2.54406  -0.01868  -0.00913  -0.02077  -0.02980   2.51426
   R35        2.02448  -0.00025   0.00035  -0.00024   0.00011   2.02459
   R36        2.61178  -0.02233  -0.02337  -0.02846  -0.05177   2.56001
   R37        2.02309   0.00144   0.00016   0.00169   0.00185   2.02494
   R38        2.84372   0.06127   0.07858   0.07513   0.15392   2.99764
   R39        2.49977   0.01876   0.20669   0.03266   0.23987   2.73964
   R40        1.58227   0.03793   0.05525   0.05934   0.12789   1.71017
   R41        2.76106  -0.03396   0.02452  -0.03344  -0.00937   2.75169
   R42        2.01806   0.00171  -0.00056   0.00173   0.00117   2.01923
   R43        3.18364   0.01606  -0.02888   0.02400  -0.00467   3.17897
   R44        2.76968  -0.04163   0.02596  -0.03677  -0.01060   2.75908
   R45        2.63334  -0.03202   0.08387  -0.05968   0.01827   2.65161
   R46        3.64249  -0.02547   0.03419  -0.03682  -0.00452   3.63797
   R47        2.58199   0.01430  -0.05704   0.02145  -0.03592   2.54607
   R48        2.02516   0.00411   0.00045   0.00479   0.00525   2.03041
   R49        2.03106  -0.00146   0.00129  -0.00184  -0.00054   2.03051
    A1        1.82059  -0.00319  -0.00352  -0.00771  -0.01064   1.80996
    A2        2.00609   0.00255   0.00124   0.00724   0.00822   2.01431
    A3        1.44486   0.00948  -0.00771   0.01457   0.00684   1.45170
    A4        2.02348  -0.00016  -0.00116  -0.00155  -0.00265   2.02082
    A5        2.06573  -0.00347   0.01426  -0.00188   0.01149   2.07721
    A6        2.00991  -0.00186  -0.00551  -0.00486  -0.00987   2.00004
    A7        1.79863   0.00675   0.00745   0.01458   0.02214   1.82078
    A8        2.15283  -0.00082   0.00210  -0.00402  -0.00205   2.15078
    A9        1.55888  -0.00293  -0.00275  -0.00610  -0.00893   1.54995
   A10        1.78600  -0.00297  -0.00819  -0.00553  -0.01334   1.77266
   A11        2.14463  -0.00150   0.00722  -0.00297   0.00331   2.14794
   A12        2.03390   0.00218  -0.00237   0.00507   0.00309   2.03699
   A13        1.93591  -0.01201  -0.00160  -0.02449  -0.02693   1.90899
   A14        1.72404   0.00969  -0.00415   0.01657   0.01299   1.73703
   A15        2.29705  -0.00842   0.01408  -0.01090   0.00232   2.29937
   A16        2.17276  -0.00471  -0.00035  -0.00934  -0.00927   2.16349
   A17        1.37270   0.01209  -0.00200   0.02390   0.02247   1.39517
   A18        1.99977  -0.00045  -0.00421  -0.00221  -0.00652   1.99325
   A19        1.48697  -0.00818   0.00710  -0.00682   0.00112   1.48809
   A20        1.30915   0.01074  -0.00170   0.01932   0.01834   1.32749
   A21        1.84714  -0.01912   0.01140  -0.03505  -0.02486   1.82228
   A22        2.52092   0.02105   0.01206   0.04952   0.06163   2.58254
   A23        1.24891   0.00607   0.01894   0.00987   0.02795   1.27685
   A24        1.49439   0.00673  -0.00466   0.01841   0.01404   1.50843
   A25        1.93913   0.00964  -0.01249   0.00797  -0.00505   1.93408
   A26        2.02299  -0.01358   0.02408  -0.01347   0.00995   2.03295
   A27        1.71196   0.00517  -0.01519   0.00505  -0.00897   1.70299
   A28        2.00633  -0.00716   0.00539  -0.00535   0.00001   2.00635
   A29        2.15081   0.00914  -0.00092   0.01215   0.01124   2.16205
   A30        2.12601  -0.00194  -0.00448  -0.00674  -0.01122   2.11478
   A31        2.02833  -0.00628   0.01086  -0.00738   0.00347   2.03179
   A32        2.12622   0.00565  -0.00560   0.00811   0.00250   2.12872
   A33        2.12855   0.00062  -0.00529  -0.00077  -0.00607   2.12248
   A34        1.97796  -0.00195   0.00225  -0.00302  -0.00081   1.97715
   A35        1.50649   0.00328   0.00913   0.00754   0.01661   1.52310
   A36        2.10961  -0.00112  -0.00682  -0.00294  -0.00976   2.09985
   A37        1.77948   0.00243  -0.00307   0.00280  -0.00020   1.77929
   A38        1.88293  -0.00039  -0.00004   0.00010   0.00001   1.88294
   A39        2.16856  -0.00150   0.00031  -0.00322  -0.00289   2.16568
   A40        1.53369  -0.00731   0.00467  -0.00898  -0.00432   1.52937
   A41        2.05477   0.00098  -0.00390  -0.00016  -0.00385   2.05092
   A42        1.93736   0.00116  -0.00170  -0.00070  -0.00278   1.93458
   A43        1.88256   0.01153  -0.01215   0.01638   0.00394   1.88651
   A44        1.99168   0.00100  -0.00048   0.00241   0.00228   1.99396
   A45        2.01080  -0.00635   0.01080  -0.00741   0.00345   2.01425
   A46        1.53729   0.00319   0.00026   0.00178   0.00213   1.53942
   A47        1.30627   0.01192  -0.01917   0.02310   0.00408   1.31035
   A48        2.16156   0.00256   0.00757   0.00366   0.01088   2.17244
   A49        1.93204  -0.01640  -0.00153  -0.02926  -0.02966   1.90238
   A50        2.07684  -0.00607  -0.00840  -0.00930  -0.01758   2.05926
   A51        1.91102   0.00111  -0.00479  -0.00103  -0.00629   1.90473
   A52        2.23739  -0.00409   0.02164  -0.00189   0.01982   2.25721
   A53        1.35643  -0.01459   0.01592  -0.01757  -0.00082   1.35561
   A54        1.88691   0.00542  -0.00358   0.00787   0.00387   1.89078
   A55        2.03207   0.00374  -0.00021   0.00733   0.00732   2.03939
   A56        1.70984  -0.00144   0.01436  -0.00422   0.00957   1.71941
   A57        1.94256   0.00581   0.00725   0.00827   0.01552   1.95807
   A58        1.82868   0.00828  -0.03904   0.01830  -0.02067   1.80801
   A59        2.22847  -0.00408   0.00381  -0.00218   0.00130   2.22977
   A60        1.99137   0.02781   0.00401   0.04957   0.05003   2.04139
   A61        1.61736  -0.00770  -0.01039  -0.00895  -0.01955   1.59780
   A62        2.45787  -0.00982   0.03885  -0.02075   0.01877   2.47665
   A63        1.81512   0.00984  -0.02441   0.00834  -0.01626   1.79886
   A64        2.53277  -0.03325  -0.02062  -0.05743  -0.07474   2.45803
   A65        1.88000   0.00677  -0.00740   0.01009   0.00248   1.88249
   A66        1.99572  -0.00259   0.00017  -0.00408  -0.00417   1.99156
   A67        1.54153   0.01399   0.00747   0.02162   0.02840   1.56993
   A68        1.92468   0.01323   0.00218   0.02187   0.02396   1.94864
   A69        2.19798  -0.00788   0.00156  -0.01332  -0.01174   2.18623
   A70        2.16041  -0.00540  -0.00375  -0.00868  -0.01238   2.14803
   A71        2.10352  -0.02332   0.01611  -0.03582  -0.01963   2.08389
   A72        2.14582   0.02007  -0.00010   0.03199   0.03181   2.17763
   A73        2.03331   0.00334  -0.01615   0.00399  -0.01224   2.02108
   A74        1.76449   0.01851   0.00445   0.02907   0.03351   1.79799
   A75        2.22574  -0.01091   0.00370  -0.01767  -0.01420   2.21154
   A76        1.85145   0.01080  -0.00451   0.01797   0.01385   1.86530
   A77        2.20594   0.00005   0.00079  -0.00044   0.00010   2.20603
   A78        1.25665  -0.02606   0.01233  -0.03746  -0.02483   1.23182
   A79        2.77889   0.00019   0.00315   0.00815   0.01088   2.78977
   A80        1.63549  -0.01262   0.00650  -0.02254  -0.01499   1.62049
   A81        2.21731  -0.01127   0.00772  -0.01227  -0.00051   2.21680
   A82        1.83126   0.01023  -0.00851   0.01165   0.00274   1.83400
   A83        2.23411   0.00043   0.00069  -0.00037  -0.00380   2.23030
   A84        2.12743  -0.01739   0.02189  -0.02985  -0.00828   2.11916
   A85        2.09992  -0.00129  -0.00782  -0.00244  -0.01011   2.08981
   A86        2.05549   0.01879  -0.01411   0.03251   0.01854   2.07403
   A87        1.92234   0.00951  -0.00723   0.01536   0.00838   1.93072
   A88        2.19291  -0.00493   0.00538  -0.00835  -0.00311   2.18980
   A89        2.16793  -0.00459   0.00187  -0.00702  -0.00528   2.16266
   A90        1.10238  -0.00506   0.01195  -0.00078   0.01061   1.11299
   A91        1.01082  -0.01344   0.02068  -0.01463   0.00722   1.01804
   A92        1.99623  -0.00093  -0.00453  -0.00929  -0.01353   1.98270
   A93        1.93981   0.02733  -0.01289   0.04339   0.02921   1.96902
   A94        2.88805  -0.01816   0.00924  -0.03283  -0.02334   2.86472
   A95        1.74921   0.02922  -0.00643   0.04430   0.03721   1.78642
   A96        2.12613   0.01085   0.00683   0.00357   0.00970   2.13583
   A97        2.51643   0.00072  -0.00401   0.00880   0.00468   2.52111
   A98        1.64015  -0.01195  -0.00298  -0.01306  -0.01576   1.62439
    D1       -0.35874   0.00009  -0.00115  -0.00019  -0.00148  -0.36022
    D2        1.64001   0.00131  -0.00463   0.00238  -0.00187   1.63814
    D3       -2.51734   0.00149  -0.00890   0.00249  -0.00558  -2.52292
    D4       -2.59377   0.00106   0.00229   0.00294   0.00476  -2.58901
    D5       -0.59502   0.00228  -0.00119   0.00550   0.00437  -0.59065
    D6        1.53082   0.00247  -0.00546   0.00562   0.00067   1.53148
    D7        1.69208  -0.00136   0.01180   0.00118   0.01192   1.70400
    D8       -2.59236  -0.00014   0.00831   0.00374   0.01153  -2.58083
    D9       -0.46652   0.00004   0.00405   0.00386   0.00783  -0.45870
   D10       -0.15817  -0.00678   0.00249  -0.01488  -0.01215  -0.17031
   D11        1.77570  -0.00194  -0.00989  -0.01125  -0.02095   1.75476
   D12        2.06619  -0.00612   0.00045  -0.01269  -0.01177   2.05442
   D13       -2.28313  -0.00129  -0.01194  -0.00906  -0.02057  -2.30370
   D14       -1.71936  -0.01523   0.00953  -0.02722  -0.01714  -1.73650
   D15        0.21451  -0.01039  -0.00286  -0.02359  -0.02594   0.18857
   D16        0.47877  -0.00349  -0.00644  -0.00817  -0.01443   0.46435
   D17        2.38298   0.00581  -0.01833   0.00559  -0.01281   2.37016
   D18       -1.52954  -0.00176  -0.00759  -0.00702  -0.01477  -1.54431
   D19        2.26609  -0.00210  -0.01430  -0.00926  -0.02300   2.24309
   D20       -2.11290   0.00720  -0.02619   0.00449  -0.02139  -2.13429
   D21        0.25777  -0.00037  -0.01545  -0.00811  -0.02334   0.23443
   D22       -1.51462  -0.01052  -0.00370  -0.02251  -0.02585  -1.54047
   D23        0.38958  -0.00122  -0.01559  -0.00875  -0.02424   0.36534
   D24        2.76025  -0.00879  -0.00485  -0.02136  -0.02619   2.73406
   D25        0.88662   0.00469   0.00544   0.00924   0.01406   0.90068
   D26       -3.08825  -0.00130   0.00132  -0.00476  -0.00341  -3.09166
   D27       -0.74192   0.00229   0.00352   0.00270   0.00616  -0.73576
   D28       -1.36356   0.00387   0.00339   0.00957   0.01245  -1.35111
   D29        0.94475  -0.00213  -0.00072  -0.00443  -0.00502   0.93973
   D30       -2.99211   0.00147   0.00148   0.00303   0.00455  -2.98756
   D31        2.59314   0.00521   0.00928   0.01073   0.01936   2.61251
   D32       -1.38173  -0.00078   0.00516  -0.00327   0.00189  -1.37983
   D33        0.96460   0.00281   0.00736   0.00419   0.01147   0.97606
   D34       -1.27112  -0.00785  -0.00496  -0.01543  -0.02037  -1.29149
   D35        0.49932  -0.00385  -0.00443  -0.00923  -0.01350   0.48582
   D36        2.73703  -0.00379  -0.00012  -0.00897  -0.00912   2.72790
   D37       -3.10624  -0.01376  -0.01319  -0.02840  -0.04159   3.13535
   D38       -1.33581  -0.00976  -0.01267  -0.02220  -0.03472  -1.37053
   D39        0.90190  -0.00970  -0.00835  -0.02194  -0.03034   0.87155
   D40        0.95390  -0.00983  -0.00510  -0.02208  -0.02718   0.92672
   D41        2.72434  -0.00582  -0.00457  -0.01588  -0.02031   2.70403
   D42       -1.32114  -0.00577  -0.00026  -0.01562  -0.01593  -1.33708
   D43       -0.83121   0.00256  -0.00376  -0.00224  -0.00527  -0.83647
   D44        2.83079  -0.02180  -0.01463  -0.05479  -0.06795   2.76284
   D45       -2.04034  -0.00489  -0.02371  -0.01731  -0.03965  -2.07999
   D46       -2.88099   0.00393   0.00413   0.00497   0.00883  -2.87216
   D47        0.78101  -0.02042  -0.00674  -0.04758  -0.05385   0.72716
   D48        2.19305  -0.00352  -0.01582  -0.01010  -0.02555   2.16750
   D49        1.44505  -0.00321   0.01059  -0.00753   0.00265   1.44771
   D50       -1.17613  -0.02757  -0.00028  -0.06008  -0.06003  -1.23616
   D51        0.23592  -0.01066  -0.00936  -0.02260  -0.03173   0.20419
   D52        1.67627  -0.00026   0.00591   0.00155   0.00722   1.68350
   D53       -2.93091  -0.00817   0.00154  -0.00840  -0.00730  -2.93822
   D54       -0.90383   0.00729  -0.02675   0.01781  -0.00872  -0.91255
   D55       -0.32437  -0.01026   0.02405  -0.00485   0.01997  -0.30440
   D56       -1.21968   0.02409   0.01566   0.04411   0.06021  -1.15947
   D57       -0.20846   0.00598   0.00867   0.01445   0.02352  -0.18494
   D58        1.46754  -0.00194   0.00430   0.00449   0.00899   1.47653
   D59       -2.78856   0.01352  -0.02400   0.03071   0.00758  -2.78098
   D60       -2.20910  -0.00403   0.02681   0.00805   0.03627  -2.17283
   D61       -3.10441   0.03032   0.01842   0.05700   0.07650  -3.02791
   D62       -2.35361   0.00617   0.01018   0.01494   0.02477  -2.32883
   D63       -0.67761  -0.00174   0.00581   0.00498   0.01025  -0.66736
   D64        1.34947   0.01372  -0.02249   0.03120   0.00884   1.35831
   D65        1.92894  -0.00384   0.02832   0.00854   0.03752   1.96646
   D66        1.03362   0.03051   0.01993   0.05749   0.07776   1.11138
   D67        0.58530   0.01283   0.00053   0.02530   0.02584   0.61115
   D68       -1.54163   0.02166  -0.01346   0.03476   0.02131  -1.52032
   D69        1.55704  -0.00208  -0.00316   0.00002  -0.00404   1.55300
   D70       -0.56990   0.00676  -0.01714   0.00948  -0.00857  -0.57847
   D71        2.47829  -0.00579   0.00592  -0.01169  -0.00632   2.47197
   D72        0.35136   0.00305  -0.00806  -0.00223  -0.01085   0.34050
   D73       -0.22154   0.00924   0.01114   0.02048   0.03104  -0.19050
   D74       -2.02915   0.00075   0.02928   0.00772   0.03733  -1.99181
   D75        1.97099   0.00911   0.02877   0.02653   0.05520   2.02620
   D76        0.93546   0.00270   0.02163   0.02002   0.04217   0.97763
   D77       -1.60492   0.00868   0.00143   0.01080   0.01130  -1.59362
   D78        2.87066   0.00019   0.01957  -0.00195   0.01759   2.88825
   D79        0.58761   0.00856   0.01906   0.01686   0.03546   0.62307
   D80       -0.44792   0.00215   0.01192   0.01034   0.02243  -0.42549
   D81        1.05360   0.02588   0.00620   0.05254   0.05821   1.11181
   D82       -0.75401   0.01739   0.02434   0.03978   0.06451  -0.68950
   D83       -3.03705   0.02575   0.02383   0.05860   0.08238  -2.95468
   D84        2.21060   0.01934   0.01669   0.05208   0.06934   2.27994
   D85       -2.38692  -0.00846   0.02392  -0.00162   0.02317  -2.36375
   D86        3.01330   0.02167   0.02920   0.03849   0.06684   3.08013
   D87        1.03196   0.01116   0.01385   0.03291   0.04720   1.07915
   D88       -0.79855   0.01054   0.02766   0.02881   0.05710  -0.74145
   D89       -0.32303   0.00052   0.01046   0.00534   0.01566  -0.30737
   D90       -1.20600   0.03065   0.01575   0.04544   0.05933  -1.14667
   D91        3.09585   0.02014   0.00040   0.03987   0.03969   3.13553
   D92        1.26534   0.01952   0.01421   0.03577   0.04959   1.31493
   D93        0.00309  -0.00456   0.00026  -0.00930  -0.00909  -0.00600
   D94       -3.12437  -0.00366   0.00358  -0.00619  -0.00266  -3.12703
   D95        3.13549  -0.00030  -0.00251  -0.00201  -0.00454   3.13095
   D96        0.00802   0.00061   0.00081   0.00109   0.00189   0.00992
   D97       -0.31301   0.00792  -0.00143   0.01515   0.01368  -0.29933
   D98        2.83763   0.00366   0.00130   0.00787   0.00914   2.84677
   D99        1.96607   0.00209   0.01013   0.00537   0.01545   1.98153
   D100       0.37548  -0.00218   0.00082  -0.00356  -0.00274   0.37274
   D101      -1.93334  -0.00169   0.00242  -0.00151   0.00084  -1.93250
   D102      -1.18967   0.00122   0.00680   0.00234   0.00912  -1.18055
   D103      -2.78026  -0.00305  -0.00250  -0.00659  -0.00908  -2.78934
   D104       1.19411  -0.00255  -0.00091  -0.00455  -0.00550   1.18861
   D105      -0.47490   0.00263  -0.00201   0.00627   0.00444  -0.47046
   D106      -2.54321   0.00259   0.00212   0.00737   0.00951  -2.53370
   D107       1.48173   0.00062  -0.00177   0.00164  -0.00033   1.48140
   D108       1.49869   0.00135   0.00212   0.00477   0.00703   1.50573
   D109      -0.56961   0.00131   0.00625   0.00587   0.01210  -0.55752
   D110      -2.82786  -0.00065   0.00235   0.00014   0.00226  -2.82560
   D111      -2.66222   0.00207  -0.00059   0.00537   0.00494  -2.65728
   D112       1.55266   0.00203   0.00354   0.00647   0.01000   1.56266
   D113      -0.70559   0.00007  -0.00036   0.00073   0.00017  -0.70542
   D114      -1.18096  -0.00105  -0.00159  -0.00808  -0.00978  -1.19074
   D115       0.51554  -0.00282  -0.00461  -0.00953  -0.01420   0.50133
   D116       2.76298   0.00346  -0.00704   0.00201  -0.00489   2.75809
   D117       0.21162  -0.00725  -0.00966  -0.01620  -0.02586   0.18575
   D118      -1.74219  -0.01169  -0.01701  -0.02262  -0.03921  -1.78140
   D119       2.40042  -0.00411  -0.02062  -0.00993  -0.02999   2.37044
   D120       2.51799  -0.00837  -0.00858  -0.01711  -0.02678   2.49121
   D121       2.95458  -0.02282  -0.01298  -0.04365  -0.05540   2.89918
   D122       2.32490  -0.00166  -0.00648  -0.00642  -0.01265   2.31225
   D123       0.37109  -0.00610  -0.01383  -0.01284  -0.02599   0.34510
   D124      -1.76948   0.00148  -0.01744  -0.00015  -0.01677  -1.78625
   D125      -1.65191  -0.00278  -0.00540  -0.00733  -0.01356  -1.66547
   D126      -1.21532  -0.01722  -0.00980  -0.03387  -0.04218  -1.25750
   D127      -1.61476   0.00450   0.00674   0.00381   0.01078  -1.60398
   D128       2.71462   0.00006  -0.00061  -0.00261  -0.00257   2.71205
   D129       0.57405   0.00764  -0.00422   0.01007   0.00666   0.58071
   D130       0.69162   0.00338   0.00782   0.00289   0.00987   0.70148
   D131       1.12821  -0.01106   0.00342  -0.02364  -0.01876   1.10945
   D132      -1.96925  -0.00200  -0.00161  -0.00364  -0.00459  -1.97384
   D133       2.36012  -0.00644  -0.00896  -0.01007  -0.01794   2.34219
   D134       0.21955   0.00114  -0.01257   0.00262  -0.00871   0.21084
   D135       0.33712  -0.00312  -0.00053  -0.00456  -0.00550   0.33162
   D136       0.77371  -0.01757  -0.00493  -0.03110  -0.03413   0.73958
   D137       1.05162   0.01556  -0.00816   0.03340   0.02492   1.07654
   D138      -0.42248  -0.00066   0.01621   0.00438   0.02080  -0.40168
   D139      -2.93044  -0.00140  -0.00699   0.00004  -0.00635  -2.93679
   D140      -1.91714   0.01457   0.00003   0.02293   0.02246  -1.89469
   D141       0.43583  -0.00182  -0.01119  -0.00978  -0.02141   0.41442
   D142       1.89772  -0.00865   0.00680  -0.02032  -0.01378   1.88394
   D143      -1.46018  -0.01853   0.00003  -0.03745  -0.03740  -1.49758
   D144       1.56593   0.00567  -0.01933   0.01116  -0.00827   1.55765
   D145       3.02782  -0.00116  -0.00133   0.00062  -0.00065   3.02717
   D146      -0.33008  -0.01104  -0.00810  -0.01650  -0.02426  -0.35435
   D147      -2.86978  -0.00004  -0.01752   0.00140  -0.01634  -2.88612
   D148      -1.40790  -0.00686   0.00048  -0.00914  -0.00871  -1.41661
   D149       1.51739  -0.01675  -0.00629  -0.02627  -0.03233   1.48506
   D150      -1.90339   0.00707  -0.00886   0.01118   0.00290  -1.90049
   D151       1.25432   0.01017  -0.00783   0.01943   0.01184   1.26616
   D152      -0.16472   0.00306   0.00337   0.00396   0.00686  -0.15786
   D153       2.99299   0.00616   0.00440   0.01220   0.01579   3.00878
   D154       2.38445  -0.00977   0.03880  -0.02083   0.01806   2.40251
   D155      -0.74103  -0.00667   0.03983  -0.01258   0.02699  -0.71403
   D156       1.69705   0.00979  -0.02910   0.00814  -0.02122   1.67583
   D157      -1.42843   0.01289  -0.02807   0.01638  -0.01229  -1.44071
   D158       2.36783  -0.02980  -0.01714  -0.05283  -0.06726   2.30058
   D159      -0.75764  -0.02670  -0.01610  -0.04459  -0.05832  -0.81596
   D160       1.62199  -0.00150  -0.00399  -0.00685  -0.01182   1.61017
   D161      -0.33110  -0.00631  -0.00352  -0.00751  -0.01071  -0.34180
   D162      -2.06812  -0.00156   0.02110  -0.00009   0.02088  -2.04724
   D163       1.42711  -0.00481  -0.00303  -0.01269  -0.01597   1.41113
   D164      -1.72876  -0.00588  -0.00617  -0.01399  -0.02082  -1.74958
   D165      -0.50794  -0.00471  -0.00417  -0.00494  -0.00817  -0.51611
   D166       2.61938  -0.00579  -0.00732  -0.00623  -0.01302   2.60637
   D167      -2.23427   0.00262   0.02004   0.00670   0.02694  -2.20733
   D168       0.89305   0.00155   0.01690   0.00541   0.02209   0.91515
   D169      -0.08716   0.00114   0.00596   0.00517   0.01162  -0.07554
   D170       3.01791   0.00402  -0.00091   0.01062   0.00950   3.02742
   D171       3.03873  -0.00191   0.00500  -0.00292   0.00292   3.04165
   D172      -0.13938   0.00097  -0.00186   0.00253   0.00079  -0.13859
   D173       0.34554  -0.00317  -0.01046  -0.01042  -0.02146   0.32408
   D174      -2.76181  -0.00626  -0.00418  -0.01617  -0.02045  -2.78226
   D175      -2.93613  -0.01129   0.00333  -0.02205  -0.01826  -2.95439
   D176       0.17683  -0.00650   0.00154  -0.01245  -0.01061   0.16622
   D177       0.21649  -0.00486   0.00545  -0.00908  -0.00385   0.21264
   D178      -2.95374  -0.00007   0.00367   0.00053   0.00380  -2.94993
   D179      -2.27477  -0.02137   0.01594  -0.03509  -0.01782  -2.29259
   D180       2.66703  -0.00540  -0.00873  -0.01045  -0.01818   2.64885
   D181       2.85475  -0.00723  -0.00812  -0.01393  -0.02190   2.83285
   D182      -0.26123   0.00302  -0.00186   0.00451   0.00308  -0.25815
   D183       0.87769  -0.01495   0.01803  -0.02217  -0.00336   0.87433
   D184      -0.46370   0.00102  -0.00665   0.00248  -0.00371  -0.46741
   D185      -0.27598  -0.00080  -0.00604  -0.00101  -0.00743  -0.28341
   D186       2.89123   0.00944   0.00022   0.01744   0.01755   2.90878
   D187       2.48303  -0.01661   0.00538  -0.02591  -0.01842   2.46461
   D188      -0.65674  -0.01322   0.00254  -0.02045  -0.01613  -0.67286
   D189       2.98707   0.01734   0.00305   0.02893   0.03087   3.01794
   D190      -0.15270   0.02074   0.00022   0.03439   0.03316  -0.11953
   D191      -0.18702  -0.00153  -0.00046  -0.00211  -0.00203  -0.18905
   D192       2.95640   0.00187  -0.00330   0.00335   0.00026   2.95666
   D193      -0.82499  -0.00644  -0.00805  -0.01585  -0.02419  -0.84918
   D194       0.31002  -0.00134   0.00235  -0.00069   0.00147   0.31149
   D195       0.29322   0.00716   0.01141   0.01546   0.02670   0.31993
   D196      -2.88557  -0.00751   0.00247  -0.01170  -0.00963  -2.89520
   D197      -0.64565   0.00221  -0.01040  -0.00612  -0.01750  -0.66315
   D198       0.48936   0.00731   0.00000   0.00904   0.00817   0.49753
   D199       0.47257   0.01581   0.00906   0.02519   0.03340   0.50596
   D200      -2.70622   0.00113   0.00013  -0.00197  -0.00294  -2.70916
   D201       2.33373  -0.00242  -0.00720  -0.01000  -0.01775   2.31598
   D202      -2.81445   0.00268   0.00320   0.00516   0.00792  -2.80653
   D203      -2.83125   0.01118   0.01226   0.02130   0.03315  -2.79810
   D204       0.27315  -0.00349   0.00332  -0.00585  -0.00318   0.26997
   D205      -0.84078  -0.02183  -0.01063  -0.04175  -0.05091  -0.89169
   D206       0.29422  -0.01673  -0.00023  -0.02659  -0.02524   0.26898
   D207       0.27743  -0.00823   0.00883  -0.01044  -0.00001   0.27742
   D208      -2.90136  -0.02290  -0.00011  -0.03760  -0.03635  -2.93771
   D209      -0.00058   0.00261  -0.00051   0.00519   0.00445   0.00387
   D210       3.13922  -0.00073   0.00230  -0.00018   0.00220   3.14142
   D211      -3.11423  -0.00177   0.00117  -0.00366  -0.00270  -3.11693
   D212       0.02556  -0.00511   0.00397  -0.00903  -0.00494   0.02062
         Item               Value     Threshold  Converged?
 Maximum Force            0.142062     0.000450     NO 
 RMS     Force            0.017829     0.000300     NO 
 Maximum Displacement     0.234165     0.001800     NO 
 RMS     Displacement     0.043691     0.001200     NO 
 Predicted change in Energy=-1.510964D-01
 GradGradGradGradGradGradGradGradGradGradGradGradGradGradGradGradGradGrad

                          Input orientation:                          
 ---------------------------------------------------------------------
 Center     Atomic      Atomic             Coordinates (Angstroms)
 Number     Number       Type             X           Y           Z
 ---------------------------------------------------------------------
      1          6           0       -0.744440    0.755745    0.298560
      2          6           0        0.797251    1.135308    0.186608
      3          6           0        0.799532    2.699323   -0.035442
      4          6           0       -0.093078    3.397796    1.095641
      5          7           0       -1.407419    2.058994    0.659902
      6          1           0       -0.970336   -0.081509    0.943871
      7          1           0        1.503212    1.030429    1.017672
      8          1           0        1.871797    2.863367   -0.153405
      9          1           0        0.574821    4.210577    0.742322
     10          6           0       -0.107391   -2.058452   -0.880561
     11          6           0        0.911284   -1.350057   -0.514136
     12          6           0        0.931680    0.107528   -0.983456
     13          6           0       -0.562636    0.367626   -1.285098
     14         16           0       -1.304478   -1.195281   -1.859491
     15          1           0       -0.238926   -3.095898   -0.626960
     16          1           0        1.714305   -1.765970    0.073771
     17          1           0        1.733348    0.211933   -1.720890
     18          1           0       -0.776049    1.371399   -2.021114
     19          6           0       -1.274704    4.148854    0.271659
     20          6           0       -0.117585    3.652015   -0.949833
     21          6           0        0.450593    5.082998   -1.053496
     22          6           0       -0.291595    5.955983   -0.377293
     23          8           0       -1.438720    5.538971    0.210426
     24          1           0       -2.411240    3.618625    0.588024
     25          1           0       -0.063573    3.252214   -1.814972
     26          1           0        1.318841    5.364617   -1.614449
     27          1           0       -0.036814    6.985522   -0.224460
     28          6           0       -3.618600    2.245097   -1.616429
     29          6           0       -1.315664    3.106915   -2.531173
     30          6           0       -3.416807    2.306200   -3.057213
     31          1           0       -4.428133    1.771639   -1.104325
     32          6           0       -2.256925    2.742361   -3.586089
     33          1           0        0.030886    3.468735   -2.688579
     34          1           0       -4.197967    1.980357   -3.719067
     35          1           0       -2.064926    2.803794   -4.641509
     36         15           0       -2.353048    3.098642   -0.909481
 ---------------------------------------------------------------------
                    Distance matrix (angstroms):
                    1          2          3          4          5
     1  C    0.000000
     2  C    1.591670   0.000000
     3  C    2.504577   1.579701   0.000000
     4  C    2.835497   2.595742   1.601239   0.000000
     5  N    1.506176   2.436755   2.400866   1.926071   0.000000
     6  H    1.080949   2.275622   3.438680   3.591404   2.203051
     7  H    2.375818   1.095466   2.095095   2.856334   3.107686
     8  H    3.389843   2.063115   1.091135   2.388820   3.473001
     9  H    3.724680   3.132982   1.714439   1.109746   2.926666
    10  C    3.117027   3.486736   4.916621   5.803121   4.584371
    11  C    2.799338   2.584779   4.079107   5.112947   4.286767
    12  C    2.207516   1.563154   2.762896   4.024752   3.461246
    13  C    1.640628   2.145822   2.975560   3.882053   2.712455
    14  S    2.962655   3.746389   4.787687   5.594340   4.116824
    15  H    3.993404   4.431552   5.917168   6.719872   5.440064
    16  H    3.529164   3.044853   4.559340   5.565548   4.971826
    17  H    3.242428   2.316776   3.146404   4.628002   4.352496
    18  H    2.400191   2.721223   2.861596   3.779801   2.838884
    19  C    3.434398   3.658100   2.549099   1.624584   2.129756
    20  C    3.215558   2.908993   1.607743   2.061356   2.606268
    21  C    4.688420   4.152384   2.615358   2.784650   3.941135
    22  C    5.263490   4.974182   3.451558   2.958592   4.184180
    23  O    4.834154   4.938865   3.624062   2.679364   3.509024
    24  H    3.325371   4.077060   3.397482   2.383341   1.856145
    25  H    3.341101   3.037867   2.053623   2.914401   3.058545
    26  H    5.399855   4.626329   3.141136   3.634073   4.851011
    27  H    6.291614   5.923652   4.371122   3.823299   5.189541
    28  C    3.761136   4.897175   4.714417   4.594926   3.178937
    29  C    3.723129   3.967113   3.296795   3.838373   3.359988
    30  C    4.561432   5.445333   5.202226   5.430004   4.232693
    31  H    4.070592   5.419970   5.415865   5.126104   3.509955
    32  C    4.617873   5.113107   4.685176   5.199079   4.383730
    33  H    4.109068   3.781389   2.867393   3.786914   3.907482
    34  H    5.437632   6.396922   6.249880   6.483877   5.193141
    35  H    5.508400   5.855478   5.425116   6.095565   5.393701
    36  P    3.088066   3.870463   3.295780   3.036029   2.106668
                    6          7          8          9         10
     6  H    0.000000
     7  H    2.712986   0.000000
     8  H    4.237219   2.206113   0.000000
     9  H    4.566195   3.324315   2.073512   0.000000
    10  C    2.825160   3.967179   5.354459   6.511519   0.000000
    11  C    2.697311   2.891976   4.336548   5.710739   1.293750
    12  C    2.714404   2.276600   3.027779   4.465497   2.404522
    13  C    2.310032   3.163824   3.665503   4.491382   2.501350
    14  S    3.034958   4.595102   5.428818   6.286850   1.770984
    15  H    3.476925   4.771418   6.339735   7.478080   1.076062
    16  H    3.286606   2.958945   4.637582   6.120825   2.077227
    17  H    3.807488   2.867511   3.083225   4.837226   3.041236
    18  H    3.307541   3.813858   3.567267   4.185972   3.675846
    19  C    4.294238   4.242396   3.425437   1.909470   6.420348
    20  C    4.272295   3.656606   2.283397   1.911754   5.710896
    21  C    5.716699   4.671301   2.785094   2.000379   7.165302
    22  C    6.217514   5.424789   3.780829   2.247367   8.032333
    23  O    5.687454   5.443672   4.272090   2.470201   7.789963
    24  H    3.986706   4.712355   4.411863   3.048076   6.300291
    25  H    4.421215   3.926196   2.580245   2.804597   5.392422
    26  H    6.437828   5.074174   2.949010   2.727590   7.594385
    27  H    7.223531   6.275166   4.543128   3.001514   9.068016
    28  C    4.356780   5.886158   5.715518   5.197268   5.602733
    29  C    4.728767   4.985194   3.984094   3.937991   5.555669
    30  C    5.262608   6.514511   6.059031   5.830626   5.894085
    31  H    4.425565   6.342958   6.464150   5.864134   5.778277
    32  C    5.490910   6.185786   5.370689   5.376763   5.915081
    33  H    5.177004   4.674331   3.191007   3.552080   5.817031
    34  H    6.034226   7.472784   7.094764   6.903432   6.411077
    35  H    6.381189   6.921182   5.970294   6.158972   6.451210
    36  P    3.931942   4.781440   4.298409   3.540801   5.624894
                   11         12         13         14         15
    11  C    0.000000
    12  C    1.531415   0.000000
    13  C    2.391078   1.546486   0.000000
    14  S    2.596832   2.732243   1.822891   0.000000
    15  H    2.093722   3.429191   3.540329   2.503373   0.000000
    16  H    1.078639   2.289154   3.403412   3.629909   2.464720
    17  H    2.138190   1.094249   2.342156   3.350798   4.003535
    18  H    3.538982   2.364412   1.262864   2.625491   4.710510
    19  C    5.969425   4.772395   4.150689   5.753473   7.373383
    20  C    5.125342   3.696684   3.331319   5.072718   6.756723
    21  C    6.472043   4.999165   4.828562   6.568613   8.218984
    22  C    7.405664   6.005685   5.668096   7.373155   9.055476
    23  O    7.314794   6.045223   5.454075   7.046469   8.757950
    24  H    6.077970   5.096318   4.182693   5.512616   7.161002
    25  H    4.880924   3.401616   2.975009   4.617578   6.460700
    26  H    6.816424   5.308957   5.349612   7.069236   8.659220
    27  H    8.394324   6.987192   6.722946   8.438355  10.091476
    28  C    5.887277   5.067041   3.601887   4.153364   6.397458
    29  C    5.375159   4.054911   3.102170   4.354328   6.577255
    30  C    6.210300   5.295655   3.878756   4.261084   6.722181
    31  H    6.213106   5.613508   4.116552   4.373798   6.439739
    32  C    6.018499   4.887049   3.715447   4.403785   6.849382
    33  H    5.359483   3.875124   3.455272   4.921750   6.886035
    34  H    6.889679   6.107727   4.662696   4.681343   7.141673
    35  H    6.568677   5.443423   4.411041   4.930569   7.365952
    36  P    5.532005   4.443160   3.287114   4.521039   6.551462
                   16         17         18         19         20
    16  H    0.000000
    17  H    2.670818   0.000000
    18  H    4.520342   2.780570   0.000000
    19  C    6.630118   5.340222   3.635893   0.000000
    20  C    5.810176   3.981790   2.604310   1.754370   0.000000
    21  C    7.055215   5.081156   4.027022   2.367554   1.543141
    22  C    7.990973   6.236967   4.894411   2.157164   2.380409
    23  O    7.957538   6.493792   4.773632   1.401099   2.579186
    24  H    6.802826   5.840740   3.812017   1.293423   2.761696
    25  H    5.648926   3.532858   2.021777   2.573875   0.954581
    26  H    7.338375   5.170426   4.527663   3.429571   2.331960
    27  H    8.929948   7.159210   5.940776   3.134516   3.412471
    28  C    6.883699   5.726082   3.001202   3.561322   3.831563
    29  C    6.301703   4.281817   1.887687   2.990515   2.057465
    30  C    7.260436   5.718025   2.986796   4.366390   4.139702
    31  H    7.185550   6.385663   3.786610   4.181937   4.705370
    32  C    7.034934   5.079795   2.553758   4.221989   3.514839
    33  H    6.153585   3.800205   2.344242   3.306075   1.754672
    34  H    7.960876   6.503886   3.868255   5.401272   5.206977
    35  H    7.576226   5.447444   3.252604   5.154887   4.259119
    36  P    6.416744   5.068541   2.589599   1.913338   2.303290
                   21         22         23         24         25
    21  C    0.000000
    22  C    1.330488   0.000000
    23  O    2.318386   1.354698   0.000000
    24  H    3.609579   3.299692   2.185430   0.000000
    25  H    2.048410   3.070714   3.350004   3.379376   0.000000
    26  H    1.071369   2.115129   3.311300   4.670425   2.532494
    27  H    2.131775   1.071551   2.060819   4.199288   4.058083
    28  C    4.992886   5.135669   4.351882   2.864247   3.700259
    29  C    3.034484   3.715522   3.666934   3.345373   1.449754
    30  C    5.165488   5.501803   5.004108   4.002671   3.698956
    31  H    5.896580   5.928597   4.985775   3.216094   4.663315
    32  C    4.384434   4.948359   4.785813   4.267887   2.864890
    33  H    2.335700   3.410636   3.853550   4.089323   0.904982
    34  H    6.191991   6.498677   5.976461   4.942403   4.726141
    35  H    4.939275   5.591470   5.604873   5.303951   3.492249
    36  P    3.437850   3.563315   2.836440   1.586281   2.466819
                   26         27         28         29         30
    26  H    0.000000
    27  H    2.529269   0.000000
    28  C    5.840354   6.102327   0.000000
    29  C    3.588623   4.690413   2.623547   0.000000
    30  C    5.819092   6.429999   1.456129   2.309256   0.000000
    31  H    6.796869   6.873312   1.068530   3.675095   2.263252
    32  C    4.852802   5.850970   2.445606   1.460041   1.347320
    33  H    2.531195   4.294678   3.995690   1.403170   3.657043
    34  H    6.805718   7.387770   2.197007   3.314799   1.074447
    35  H    5.212560   6.411740   3.446326   2.259822   2.141303
    36  P    4.372001   4.576247   1.682241   1.925128   2.524341
                   31         32         33         34         35
    31  H    0.000000
    32  C    3.437382   0.000000
    33  H    5.027211   2.562659   0.000000
    34  H    2.633138   2.089492   4.600040   0.000000
    35  H    4.377416   1.074500   2.940835   2.465525   0.000000
    36  P    2.470805   2.701926   2.997549   3.542324   3.754728
                   36
    36  P    0.000000
 Stoichiometry    C16H16NOPS
 Framework group  C1[X(C16H16NOPS)]
 Deg. of freedom   102
 Full point group                 C1      NOp   1
 Largest Abelian subgroup         C1      NOp   1
 Largest concise Abelian subgroup C1      NOp   1
                         Standard orientation:                         
 ---------------------------------------------------------------------
 Center     Atomic      Atomic             Coordinates (Angstroms)
 Number     Number       Type             X           Y           Z
 ---------------------------------------------------------------------
      1          6           0        1.193354   -0.828021   -1.044257
      2          6           0        1.003047   -1.991848    0.024716
      3          6           0       -0.521842   -1.906300    0.428266
      4          6           0       -1.422792   -1.911387   -0.895451
      5          7           0       -0.205260   -0.563800   -1.536837
      6          1           0        1.933364   -1.017201   -1.809140
      7          1           0        1.106162   -3.054612   -0.220120
      8          1           0       -0.551489   -2.688209    1.188737
      9          1           0       -2.116894   -2.249538   -0.098324
     10          6           0        4.162264   -0.526180   -0.144079
     11          6           0        3.541420   -1.578005    0.282544
     12          6           0        2.147738   -1.352633    0.875915
     13          6           0        1.750849    0.006381    0.253677
     14         16           0        3.268093    0.992265    0.032467
     15          1           0        5.148783   -0.544867   -0.573427
     16          1           0        3.986593   -2.559653    0.241926
     17          1           0        2.206397   -1.540480    1.952322
     18          1           0        0.805303    0.593557    0.850327
     19          6           0       -2.219334   -0.496282   -0.847773
     20          6           0       -1.479143   -0.651627    0.735198
     21          6           0       -2.819982   -1.082211    1.366097
     22          6           0       -3.832517   -0.934174    0.515770
     23          8           0       -3.606602   -0.371868   -0.695833
     24          1           0       -1.854024    0.226710   -1.856124
     25          1           0       -0.994020   -0.154154    1.389722
     26          1           0       -2.946111   -1.435912    2.369500
     27          1           0       -4.836595   -1.260821    0.698389
     28          6           0       -0.419016    2.569978   -1.047570
     29          6           0       -0.922560    1.278557    1.179912
     30          6           0       -0.317305    3.287543    0.215390
     31          1           0       -0.091824    2.912913   -2.005222
     32          6           0       -0.566405    2.678643    1.391171
     33          1           0       -1.112976    0.297494    2.164871
     34          1           0       -0.019349    4.319843    0.219348
     35          1           0       -0.503393    3.168795    2.345284
     36         15           0       -1.188430    1.110456   -0.719345
 ---------------------------------------------------------------------
 Rotational constants (GHZ):      0.5503050      0.2815829      0.2228460
 Standard basis: 6-31+G(d,p) (6D, 7F)
 There are   468 symmetry adapted basis functions of A   symmetry.
 Integral buffers will be    262144 words long.
 Raffenetti 1 integral format.
 Two-electron integral symmetry is turned on.
   468 basis functions,   800 primitive gaussians,   468 cartesian basis functions
    79 alpha electrons       79 beta electrons
       nuclear repulsion energy      1936.0705262735 Hartrees.
 NAtoms=   36 NActive=   36 NUniq=   36 SFac= 7.50D-01 NAtFMM=   80 NAOKFM=F Big=F
 One-electron integrals computed using PRISM.
 NBasis=   468 RedAO= T  NBF=   468
 NBsUse=   468 1.00D-06 NBFU=   468
 Initial guess read from the read-write file.
 B after Tr=     0.000000    0.000000    0.000000
         Rot=    1.000000    0.000000    0.000000    0.000000 Ang=   0.00 deg.
 Initial guess orbital symmetries:
       Occupied  (A) (A) (A) (A) (A) (A) (A) (A) (A) (A) (A) (A)
                 (A) (A) (A) (A) (A) (A) (A) (A) (A) (A) (A) (A)
                 (A) (A) (A) (A) (A) (A) (A) (A) (A) (A) (A) (A)
                 (A) (A) (A) (A) (A) (A) (A) (A) (A) (A) (A) (A)
                 (A) (A) (A) (A) (A) (A) (A) (A) (A) (A) (A) (A)
                 (A) (A) (A) (A) (A) (A) (A) (A) (A) (A) (A) (A)
                 (A) (A) (A) (A) (A) (A) (A)
       Virtual   (A) (A) (A) (A) (A) (A) (A) (A) (A) (A) (A) (A)
                 (A) (A) (A) (A) (A) (A) (A) (A) (A) (A) (A) (A)
                 (A) (A) (A) (A) (A) (A) (A) (A) (A) (A) (A) (A)
                 (A) (A) (A) (A) (A) (A) (A) (A) (A) (A) (A) (A)
                 (A) (A) (A) (A) (A) (A) (A) (A) (A) (A) (A) (A)
                 (A) (A) (A) (A) (A) (A) (A) (A) (A) (A) (A) (A)
                 (A) (A) (A) (A) (A) (A) (A) (A) (A) (A) (A) (A)
                 (A) (A) (A) (A) (A) (A) (A) (A) (A) (A) (A) (A)
                 (A) (A) (A) (A) (A) (A) (A) (A) (A) (A) (A) (A)
                 (A) (A) (A) (A) (A) (A) (A) (A) (A) (A) (A) (A)
                 (A) (A) (A) (A) (A) (A) (A) (A) (A) (A) (A) (A)
                 (A) (A) (A) (A) (A) (A) (A) (A) (A) (A) (A) (A)
                 (A) (A) (A) (A) (A) (A) (A) (A) (A) (A) (A) (A)
                 (A) (A) (A) (A) (A) (A) (A) (A) (A) (A) (A) (A)
                 (A) (A) (A) (A) (A) (A) (A) (A) (A) (A) (A) (A)
                 (A) (A) (A) (A) (A) (A) (A) (A) (A) (A) (A) (A)
                 (A) (A) (A) (A) (A) (A) (A) (A) (A) (A) (A) (A)
                 (A) (A) (A) (A) (A) (A) (A) (A) (A) (A) (A) (A)
                 (A) (A) (A) (A) (A) (A) (A) (A) (A) (A) (A) (A)
                 (A) (A) (A) (A) (A) (A) (A) (A) (A) (A) (A) (A)
                 (A) (A) (A) (A) (A) (A) (A) (A) (A) (A) (A) (A)
                 (A) (A) (A) (A) (A) (A) (A) (A) (A) (A) (A) (A)
                 (A) (A) (A) (A) (A) (A) (A) (A) (A) (A) (A) (A)
                 (A) (A) (A) (A) (A) (A) (A) (A) (A) (A) (A) (A)
                 (A) (A) (A) (A) (A) (A) (A) (A) (A) (A) (A) (A)
                 (A) (A) (A) (A) (A) (A) (A) (A) (A) (A) (A) (A)
                 (A) (A) (A) (A) (A) (A) (A) (A) (A) (A) (A) (A)
                 (A) (A) (A) (A) (A) (A) (A) (A) (A) (A) (A) (A)
                 (A) (A) (A) (A) (A) (A) (A) (A) (A) (A) (A) (A)
                 (A) (A) (A) (A) (A) (A) (A) (A) (A) (A) (A) (A)
                 (A) (A) (A) (A) (A) (A) (A) (A) (A) (A) (A) (A)
                 (A) (A) (A) (A) (A) (A) (A) (A) (A) (A) (A) (A)
                 (A) (A) (A) (A) (A)
 Harris functional with IExCor=  205 diagonalized for initial guess.
 ExpMin= 3.48D-02 ExpMax= 2.19D+04 ExpMxC= 3.30D+03 IAcc=3 IRadAn=         0 AccDes= 0.00D+00
 HarFok:  IExCor=  205 AccDes= 0.00D+00 IRadAn=         0 IDoV= 1
 ScaDFX=  1.000000  1.000000  1.000000  1.000000
 FoFCou: FMM=F IPFlag=           0 FMFlag=      100000 FMFlg1=           0
         NFxFlg=           0 DoJE=T BraDBF=F KetDBF=T FulRan=T
         Omega=  0.000000  0.000000  1.000000  0.000000  0.000000 ICntrl=     500 IOpCl=  0
         NMat0=    1 NMatS0=    1 NMatT0=    0 NMatD0=    1 NMtDS0=    0 NMtDT0=    0
         I1Cent=           4 NGrid=           0.
 Petite list used in FoFCou.
 Requested convergence on RMS density matrix=1.00D-08 within 128 cycles.
 Requested convergence on MAX density matrix=1.00D-06.
 Requested convergence on             energy=1.00D-06.
 No special actions if energy rises.
 Initial convergence to 1.0D-05 achieved.  Increase integral accuracy.
 SCF Done:  E(RHF) =  -1481.63041419     A.U. after   25 cycles
             Convg  =    0.4239D-08             -V/T =  2.0007
 Calling FoFJK, ICntrl=      2127 FMM=F ISym2X=0 I1Cent= 0 IOpClX= 0 NMat=1 NMatS=1 NMatT=0.
 ***** Axes restored to original set *****
 -------------------------------------------------------------------
 Center     Atomic                   Forces (Hartrees/Bohr)
 Number     Number              X              Y              Z
 -------------------------------------------------------------------
      1        6           0.037500002    0.053802508   -0.015701486
      2        6          -0.023188918   -0.000419694   -0.008769743
      3        6          -0.030863014    0.001309794   -0.015210574
      4        6          -0.034688704   -0.047459945   -0.014692878
      5        7          -0.007739492   -0.062444245    0.000495145
      6        1          -0.006749253    0.006373971    0.000961282
      7        1          -0.012755155   -0.007580081    0.002155757
      8        1          -0.006287867    0.027095054    0.011723501
      9        1           0.006212593    0.023038942    0.076476242
     10        6          -0.023977408   -0.023146538   -0.012748586
     11        6           0.038562042    0.026011017    0.015166362
     12        6          -0.004713060    0.004702926    0.012285685
     13        6          -0.011324070    0.046883666   -0.023270267
     14       16          -0.005509123    0.008676972    0.007120174
     15        1          -0.002158224    0.000874675   -0.003634263
     16        1           0.000412982    0.001269834   -0.001016496
     17        1          -0.008746506    0.008101396   -0.001203535
     18        1           0.009628489   -0.076134507    0.044289134
     19        6          -0.006405874    0.002706783   -0.007771108
     20        6           0.144837590    0.077411245    0.201211540
     21        6          -0.024668734   -0.013218693    0.020896761
     22        6           0.009719169    0.020704626   -0.015139927
     23        8           0.031903623   -0.034872264    0.005325769
     24        1           0.061066958    0.058609745    0.037658905
     25        1          -0.018984166   -0.042355838    0.024942796
     26        1           0.001754818   -0.002716874    0.000381243
     27        1          -0.007335156    0.002952730   -0.002875696
     28        6           0.003500517   -0.016984372   -0.027353852
     29        6          -0.062427908   -0.015006685   -0.134160728
     30        6          -0.053940832   -0.023578649    0.028318301
     31        1          -0.006787717    0.004573321   -0.003462323
     32        6           0.059512724    0.029068095    0.044635708
     33        1          -0.116206001   -0.012542656   -0.130954048
     34        1          -0.006600852   -0.002123276    0.005235471
     35        1           0.001933998   -0.002223264    0.001436621
     36       15           0.075512529   -0.021359717   -0.122750889
 -------------------------------------------------------------------
 Cartesian Forces:  Max     0.201211540 RMS     0.043650634

 GradGradGradGradGradGradGradGradGradGradGradGradGradGradGradGradGradGrad
 Berny optimization.
 Using GEDIIS/GDIIS optimizer.
 Internal  Forces:  Max     0.087395688 RMS     0.014551379
 Search for a local minimum.
 Step number   6 out of a maximum of  216
 All quantities printed in internal units (Hartrees-Bohrs-Radians)
 Mixed Optimization -- RFO/linear search
 Update second derivatives using D2CorX and points    5    6
 DE= -1.57D-01 DEPred=-1.51D-01 R= 1.04D+00
 SS=  1.41D+00  RLast= 7.07D-01 DXNew= 8.4853D-01 2.1199D+00
 Trust test= 1.04D+00 RLast= 7.07D-01 DXMaxT set to 8.49D-01
 Use linear search instead of GDIIS.
 Linear search step of   1.413 exceeds DXMaxT=   0.849 but not scaled.
 Quartic linear search produced a step of  2.00000.
 Iteration  1 RMS(Cart)=  0.06706698 RMS(Int)=  0.02648595
 Iteration  2 RMS(Cart)=  0.02483874 RMS(Int)=  0.00509485
 Iteration  3 RMS(Cart)=  0.00288765 RMS(Int)=  0.00428287
 Iteration  4 RMS(Cart)=  0.00002066 RMS(Int)=  0.00428283
 Iteration  5 RMS(Cart)=  0.00000033 RMS(Int)=  0.00428283
 Variable       Old X    -DE/DX   Delta X   Delta X   Delta X     New X
                                 (Linear)    (Quad)   (Total)
    R1        3.00782  -0.02363   0.08292   0.00000   0.08621   3.09403
    R2        2.84626  -0.05392  -0.06074   0.00000  -0.06144   2.78482
    R3        2.04270  -0.00295  -0.00159   0.00000  -0.00159   2.04111
    R4        3.10034  -0.02176  -0.01586   0.00000  -0.01640   3.08394
    R5        2.98520  -0.00729   0.03515   0.00000   0.03352   3.01873
    R6        2.07013  -0.00586   0.00144   0.00000   0.00144   2.07158
    R7        2.95393  -0.01629  -0.03444   0.00000  -0.03489   2.91904
    R8        3.02590  -0.01000   0.01110   0.00000   0.01028   3.03619
    R9        2.06195  -0.00337   0.00395   0.00000   0.00395   2.06590
   R10        3.23982   0.01061   0.08254   0.00000   0.08869   3.32851
   R11        3.03819  -0.02029  -0.06243   0.00000  -0.06769   2.97050
   R12        3.63975  -0.00238   0.17634   0.00000   0.17357   3.81332
   R13        2.09712  -0.00822   0.00977   0.00000   0.00701   2.10412
   R14        3.07002  -0.00302   0.09427   0.00000   0.09847   3.16849
   R15        3.98102   0.01057   0.21480   0.00000   0.21063   4.19166
   R16        2.44483   0.03570   0.07585   0.00000   0.07582   2.52066
   R17        3.34668  -0.00133  -0.01731   0.00000  -0.01727   3.32941
   R18        2.03346  -0.00144   0.00106   0.00000   0.00106   2.03452
   R19        2.89395  -0.00577  -0.02971   0.00000  -0.02978   2.86417
   R20        2.03833  -0.00074   0.00500   0.00000   0.00500   2.04333
   R21        2.92244  -0.00543   0.03967   0.00000   0.04231   2.96475
   R22        2.06783  -0.00482   0.00177   0.00000   0.00177   2.06960
   R23        3.44476  -0.00516   0.03531   0.00000   0.03536   3.48013
   R24        2.38647  -0.07478  -0.04014   0.00000  -0.03540   2.35106
   R25        3.56721   0.01407   0.29192   0.00000   0.29689   3.86410
   R26        3.31528  -0.02734  -0.00253   0.00000  -0.00444   3.31083
   R27        2.64769  -0.02460  -0.06329   0.00000  -0.06192   2.58577
   R28        2.44421  -0.05141   0.00419   0.00000  -0.00243   2.44179
   R29        3.61569   0.03822   0.26257   0.00000   0.26595   3.88164
   R30        2.91611  -0.00871  -0.00063   0.00000  -0.00121   2.91491
   R31        1.80390   0.04687   0.25278   0.00000   0.27855   2.08244
   R32        3.88805   0.07750   0.53582   0.00000   0.53296   4.42100
   R33        3.31585   0.08740   0.50597   0.00000   0.48708   3.80293
   R34        2.51426  -0.00731  -0.05960   0.00000  -0.06026   2.45400
   R35        2.02459   0.00051   0.00023   0.00000   0.00023   2.02482
   R36        2.56001  -0.00346  -0.10353   0.00000  -0.10367   2.45634
   R37        2.02494   0.00068   0.00369   0.00000   0.00369   2.02863
   R38        2.99764   0.04519   0.30784   0.00000   0.30965   3.30728
   R39        2.73964   0.02466   0.47974   0.00000   0.48602   3.22566
   R40        1.71017   0.04328   0.25579   0.00000   0.29068   2.00084
   R41        2.75169  -0.03940  -0.01875   0.00000  -0.02135   2.73034
   R42        2.01923   0.00146   0.00233   0.00000   0.00233   2.02156
   R43        3.17897   0.02362  -0.00933   0.00000  -0.00907   3.16990
   R44        2.75908  -0.04709  -0.02121   0.00000  -0.01963   2.73945
   R45        2.65161  -0.05940   0.03655   0.00000   0.01536   2.66697
   R46        3.63797  -0.03399  -0.00904   0.00000  -0.01296   3.62501
   R47        2.54607   0.03916  -0.07185   0.00000  -0.07326   2.47281
   R48        2.03041   0.00222   0.01049   0.00000   0.01049   2.04090
   R49        2.03051  -0.00119  -0.00109   0.00000  -0.00109   2.02942
    A1        1.80996  -0.00034  -0.02128   0.00000  -0.01968   1.79028
    A2        2.01431   0.00150   0.01643   0.00000   0.01575   2.03006
    A3        1.45170   0.00729   0.01368   0.00000   0.01315   1.46485
    A4        2.02082  -0.00127  -0.00530   0.00000  -0.00499   2.01584
    A5        2.07721  -0.00298   0.02298   0.00000   0.02068   2.09789
    A6        2.00004  -0.00100  -0.01975   0.00000  -0.01804   1.98199
    A7        1.82078   0.00534   0.04429   0.00000   0.04570   1.86648
    A8        2.15078  -0.00207  -0.00410   0.00000  -0.00467   2.14612
    A9        1.54995  -0.00083  -0.01786   0.00000  -0.01840   1.53154
   A10        1.77266  -0.00069  -0.02669   0.00000  -0.02615   1.74651
   A11        2.14794  -0.00334   0.00662   0.00000   0.00378   2.15172
   A12        2.03699   0.00160   0.00619   0.00000   0.00765   2.04464
   A13        1.90899  -0.01230  -0.05386   0.00000  -0.05831   1.85068
   A14        1.73703   0.00871   0.02598   0.00000   0.02797   1.76500
   A15        2.29937  -0.00883   0.00463   0.00000   0.00351   2.30288
   A16        2.16349  -0.00340  -0.01854   0.00000  -0.01661   2.14688
   A17        1.39517   0.01338   0.04494   0.00000   0.04802   1.44319
   A18        1.99325  -0.00063  -0.01305   0.00000  -0.01497   1.97828
   A19        1.48809  -0.00671   0.00224   0.00000   0.00793   1.49602
   A20        1.32749   0.01150   0.03667   0.00000   0.04104   1.36853
   A21        1.82228  -0.01875  -0.04971   0.00000  -0.05441   1.76787
   A22        2.58254   0.02006   0.12325   0.00000   0.12441   2.70695
   A23        1.27685   0.00255   0.05589   0.00000   0.05384   1.33069
   A24        1.50843   0.00862   0.02808   0.00000   0.02915   1.53757
   A25        1.93408   0.00657  -0.01010   0.00000  -0.01451   1.91958
   A26        2.03295  -0.01346   0.01991   0.00000   0.01897   2.05192
   A27        1.70299   0.00738  -0.01794   0.00000  -0.01467   1.68832
   A28        2.00635  -0.00455   0.00003   0.00000   0.00012   2.00647
   A29        2.16205   0.00603   0.02248   0.00000   0.02240   2.18445
   A30        2.11478  -0.00146  -0.02245   0.00000  -0.02252   2.09226
   A31        2.03179  -0.00519   0.00694   0.00000   0.00691   2.03870
   A32        2.12872   0.00399   0.00500   0.00000   0.00496   2.13368
   A33        2.12248   0.00119  -0.01213   0.00000  -0.01217   2.11031
   A34        1.97715  -0.00183  -0.00162   0.00000  -0.00181   1.97534
   A35        1.52310   0.00074   0.03322   0.00000   0.03355   1.55664
   A36        2.09985   0.00069  -0.01952   0.00000  -0.01983   2.08003
   A37        1.77929   0.00295  -0.00039   0.00000  -0.00052   1.77877
   A38        1.88294  -0.00100   0.00001   0.00000  -0.00014   1.88280
   A39        2.16568  -0.00113  -0.00577   0.00000  -0.00567   2.16000
   A40        1.52937  -0.00487  -0.00863   0.00000  -0.00866   1.52071
   A41        2.05092   0.00111  -0.00770   0.00000  -0.00723   2.04369
   A42        1.93458   0.00095  -0.00556   0.00000  -0.00645   1.92813
   A43        1.88651   0.00765   0.00788   0.00000   0.00676   1.89327
   A44        1.99396   0.00211   0.00456   0.00000   0.00569   1.99965
   A45        2.01425  -0.00573   0.00690   0.00000   0.00707   2.02132
   A46        1.53942   0.00199   0.00426   0.00000   0.00458   1.54400
   A47        1.31035   0.01229   0.00816   0.00000   0.00733   1.31767
   A48        2.17244   0.00206   0.02175   0.00000   0.02200   2.19443
   A49        1.90238  -0.01379  -0.05932   0.00000  -0.05617   1.84621
   A50        2.05926  -0.00363  -0.03517   0.00000  -0.03601   2.02325
   A51        1.90473   0.00227  -0.01258   0.00000  -0.01455   1.89018
   A52        2.25721  -0.00486   0.03964   0.00000   0.04118   2.29838
   A53        1.35561  -0.01334  -0.00165   0.00000   0.00233   1.35794
   A54        1.89078   0.00318   0.00774   0.00000   0.00603   1.89681
   A55        2.03939   0.00214   0.01464   0.00000   0.01526   2.05465
   A56        1.71941  -0.00438   0.01914   0.00000   0.01684   1.73624
   A57        1.95807   0.00245   0.03103   0.00000   0.02906   1.98713
   A58        1.80801   0.01132  -0.04133   0.00000  -0.03507   1.77294
   A59        2.22977  -0.00024   0.00260   0.00000   0.00112   2.23089
   A60        2.04139   0.02701   0.10005   0.00000   0.08098   2.12237
   A61        1.59780  -0.00257  -0.03911   0.00000  -0.03861   1.55919
   A62        2.47665  -0.00899   0.03755   0.00000   0.03197   2.50861
   A63        1.79886   0.00619  -0.03252   0.00000  -0.03366   1.76521
   A64        2.45803  -0.03013  -0.14949   0.00000  -0.13110   2.32693
   A65        1.88249   0.00259   0.00497   0.00000   0.00815   1.89064
   A66        1.99156  -0.00205  -0.00834   0.00000  -0.00583   1.98573
   A67        1.56993   0.01071   0.05681   0.00000   0.05098   1.62092
   A68        1.94864   0.01014   0.04792   0.00000   0.04656   1.99520
   A69        2.18623  -0.00781  -0.02349   0.00000  -0.02297   2.16327
   A70        2.14803  -0.00240  -0.02476   0.00000  -0.02408   2.12394
   A71        2.08389  -0.02221  -0.03926   0.00000  -0.03992   2.04397
   A72        2.17763   0.01619   0.06362   0.00000   0.06392   2.24155
   A73        2.02108   0.00613  -0.02448   0.00000  -0.02418   1.99690
   A74        1.79799   0.01322   0.06701   0.00000   0.06838   1.86638
   A75        2.21154  -0.00850  -0.02839   0.00000  -0.02877   2.18278
   A76        1.86530   0.00780   0.02770   0.00000   0.02823   1.89354
   A77        2.20603   0.00059   0.00019   0.00000  -0.00043   2.20560
   A78        1.23182  -0.01818  -0.04966   0.00000  -0.04770   1.18413
   A79        2.78977   0.00633   0.02175   0.00000   0.01836   2.80813
   A80        1.62049  -0.01953  -0.02999   0.00000  -0.02453   1.59597
   A81        2.21680  -0.00940  -0.00101   0.00000   0.01262   2.22942
   A82        1.83400   0.01199   0.00548   0.00000   0.00404   1.83804
   A83        2.23030  -0.00341  -0.00761   0.00000  -0.02233   2.20797
   A84        2.11916  -0.02045  -0.01655   0.00000  -0.01819   2.10097
   A85        2.08981   0.00164  -0.02023   0.00000  -0.01948   2.07033
   A86        2.07403   0.01888   0.03709   0.00000   0.03784   2.11187
   A87        1.93072   0.00904   0.01676   0.00000   0.01879   1.94951
   A88        2.18980  -0.00596  -0.00621   0.00000  -0.00732   2.18248
   A89        2.16266  -0.00309  -0.01055   0.00000  -0.01150   2.15116
   A90        1.11299  -0.00631   0.02123   0.00000   0.01976   1.13275
   A91        1.01804  -0.01323   0.01444   0.00000   0.01870   1.03675
   A92        1.98270  -0.00043  -0.02706   0.00000  -0.02468   1.95802
   A93        1.96902   0.02415   0.05842   0.00000   0.05271   2.02173
   A94        2.86472  -0.01823  -0.04668   0.00000  -0.04502   2.81970
   A95        1.78642   0.02370   0.07442   0.00000   0.07094   1.85736
   A96        2.13583   0.00863   0.01940   0.00000   0.01512   2.15096
   A97        2.52111  -0.00292   0.00936   0.00000   0.00994   2.53105
   A98        1.62439  -0.00638  -0.03153   0.00000  -0.03056   1.59382
    D1       -0.36022  -0.00077  -0.00296   0.00000  -0.00313  -0.36335
    D2        1.63814   0.00159  -0.00374   0.00000  -0.00237   1.63577
    D3       -2.52292   0.00218  -0.01115   0.00000  -0.00824  -2.53116
    D4       -2.58901   0.00013   0.00952   0.00000   0.00839  -2.58062
    D5       -0.59065   0.00248   0.00874   0.00000   0.00914  -0.58151
    D6        1.53148   0.00308   0.00133   0.00000   0.00327   1.53475
    D7        1.70400  -0.00228   0.02384   0.00000   0.02079   1.72479
    D8       -2.58083   0.00007   0.02307   0.00000   0.02155  -2.55928
    D9       -0.45870   0.00067   0.01566   0.00000   0.01568  -0.44302
   D10       -0.17031  -0.00659  -0.02430   0.00000  -0.02305  -0.19336
   D11        1.75476  -0.00079  -0.04189   0.00000  -0.04040   1.71436
   D12        2.05442  -0.00577  -0.02354   0.00000  -0.02143   2.03298
   D13       -2.30370   0.00004  -0.04113   0.00000  -0.03879  -2.34248
   D14       -1.73650  -0.01420  -0.03429   0.00000  -0.03212  -1.76863
   D15        0.18857  -0.00840  -0.05188   0.00000  -0.04947   0.13909
   D16        0.46435  -0.00242  -0.02885   0.00000  -0.02841   0.43594
   D17        2.37016   0.00381  -0.02563   0.00000  -0.02629   2.34387
   D18       -1.54431  -0.00287  -0.02954   0.00000  -0.03029  -1.57460
   D19        2.24309   0.00115  -0.04600   0.00000  -0.04372   2.19937
   D20       -2.13429   0.00738  -0.04277   0.00000  -0.04161  -2.17589
   D21        0.23443   0.00070  -0.04668   0.00000  -0.04561   0.18882
   D22       -1.54047  -0.00726  -0.05171   0.00000  -0.04993  -1.59040
   D23        0.36534  -0.00104  -0.04848   0.00000  -0.04782   0.31753
   D24        2.73406  -0.00772  -0.05239   0.00000  -0.05182   2.68224
   D25        0.90068   0.00418   0.02812   0.00000   0.02630   0.92698
   D26       -3.09166  -0.00103  -0.00682   0.00000  -0.00679  -3.09845
   D27       -0.73576   0.00034   0.01232   0.00000   0.01159  -0.72418
   D28       -1.35111   0.00436   0.02490   0.00000   0.02347  -1.32765
   D29        0.93973  -0.00086  -0.01004   0.00000  -0.00962   0.93011
   D30       -2.98756   0.00052   0.00910   0.00000   0.00876  -2.97880
   D31        2.61251   0.00568   0.03873   0.00000   0.03675   2.64925
   D32       -1.37983   0.00047   0.00379   0.00000   0.00366  -1.37618
   D33        0.97606   0.00184   0.02293   0.00000   0.02204   0.99810
   D34       -1.29149  -0.00646  -0.04074   0.00000  -0.04022  -1.33171
   D35        0.48582  -0.00300  -0.02699   0.00000  -0.02638   0.45944
   D36        2.72790  -0.00358  -0.01825   0.00000  -0.01789   2.71001
   D37        3.13535  -0.01177  -0.08319   0.00000  -0.08363   3.05172
   D38       -1.37053  -0.00831  -0.06944   0.00000  -0.06979  -1.44032
   D39        0.87155  -0.00890  -0.06069   0.00000  -0.06130   0.81025
   D40        0.92672  -0.00883  -0.05436   0.00000  -0.05433   0.87239
   D41        2.70403  -0.00538  -0.04061   0.00000  -0.04049   2.66354
   D42       -1.33708  -0.00596  -0.03186   0.00000  -0.03200  -1.36908
   D43       -0.83647   0.00153  -0.01053   0.00000  -0.00818  -0.84465
   D44        2.76284  -0.02032  -0.13590   0.00000  -0.12921   2.63363
   D45       -2.07999  -0.00241  -0.07930   0.00000  -0.07436  -2.15435
   D46       -2.87216   0.00317   0.01767   0.00000   0.01648  -2.85567
   D47        0.72716  -0.01867  -0.10770   0.00000  -0.10456   0.62260
   D48        2.16750  -0.00076  -0.05110   0.00000  -0.04970   2.11781
   D49        1.44771  -0.00454   0.00531   0.00000   0.00501   1.45271
   D50       -1.23616  -0.02638  -0.12006   0.00000  -0.11603  -1.35219
   D51        0.20419  -0.00848  -0.06346   0.00000  -0.06118   0.14301
   D52        1.68350  -0.00002   0.01444   0.00000   0.01341   1.69690
   D53       -2.93822  -0.00423  -0.01460   0.00000  -0.01627  -2.95448
   D54       -0.91255   0.00645  -0.01743   0.00000  -0.01380  -0.92635
   D55       -0.30440  -0.00433   0.03994   0.00000   0.04334  -0.26106
   D56       -1.15947   0.02468   0.12041   0.00000   0.11886  -1.04061
   D57       -0.18494   0.00552   0.04703   0.00000   0.04892  -0.13602
   D58        1.47653   0.00131   0.01799   0.00000   0.01925   1.49578
   D59       -2.78098   0.01199   0.01516   0.00000   0.02171  -2.75928
   D60       -2.17283   0.00121   0.07253   0.00000   0.07885  -2.09398
   D61       -3.02791   0.03021   0.15300   0.00000   0.15437  -2.87354
   D62       -2.32883   0.00368   0.04955   0.00000   0.04824  -2.28060
   D63       -0.66736  -0.00053   0.02050   0.00000   0.01857  -0.64879
   D64        1.35831   0.01015   0.01767   0.00000   0.02103   1.37934
   D65        1.96646  -0.00063   0.07505   0.00000   0.07817   2.04463
   D66        1.11138   0.02838   0.15552   0.00000   0.15369   1.26508
   D67        0.61115   0.01190   0.05168   0.00000   0.05264   0.66378
   D68       -1.52032   0.02071   0.04262   0.00000   0.04432  -1.47600
   D69        1.55300  -0.00105  -0.00808   0.00000  -0.01264   1.54036
   D70       -0.57847   0.00777  -0.01715   0.00000  -0.02096  -0.59943
   D71        2.47197  -0.00614  -0.01264   0.00000  -0.01508   2.45690
   D72        0.34050   0.00268  -0.02170   0.00000  -0.02339   0.31711
   D73       -0.19050   0.00776   0.06207   0.00000   0.05912  -0.13138
   D74       -1.99181  -0.00268   0.07466   0.00000   0.07455  -1.91726
   D75        2.02620   0.00646   0.11040   0.00000   0.10871   2.13491
   D76        0.97763   0.00153   0.08433   0.00000   0.08454   1.06217
   D77       -1.59362   0.00772   0.02259   0.00000   0.01910  -1.57452
   D78        2.88825  -0.00272   0.03518   0.00000   0.03454   2.92279
   D79        0.62307   0.00641   0.07092   0.00000   0.06870   0.69177
   D80       -0.42549   0.00148   0.04485   0.00000   0.04453  -0.38097
   D81        1.11181   0.02472   0.11643   0.00000   0.11438   1.22620
   D82       -0.68950   0.01428   0.12902   0.00000   0.12982  -0.55968
   D83       -2.95468   0.02342   0.16475   0.00000   0.16398  -2.79070
   D84        2.27994   0.01849   0.13869   0.00000   0.13981   2.41975
   D85       -2.36375  -0.00690   0.04634   0.00000   0.04986  -2.31389
   D86        3.08013   0.02057   0.13367   0.00000   0.12864  -3.07442
   D87        1.07915   0.01270   0.09439   0.00000   0.09587   1.17502
   D88       -0.74145   0.00724   0.11419   0.00000   0.11864  -0.62281
   D89       -0.30737   0.00004   0.03132   0.00000   0.03085  -0.27652
   D90       -1.14667   0.02751   0.11866   0.00000   0.10963  -1.03704
   D91        3.13553   0.01964   0.07937   0.00000   0.07687  -3.07079
   D92        1.31493   0.01418   0.09918   0.00000   0.09964   1.41457
   D93       -0.00600  -0.00377  -0.01819   0.00000  -0.01839  -0.02439
   D94       -3.12703  -0.00302  -0.00532   0.00000  -0.00534  -3.13237
   D95        3.13095  -0.00041  -0.00909   0.00000  -0.00918   3.12177
   D96        0.00992   0.00035   0.00379   0.00000   0.00387   0.01378
   D97       -0.29933   0.00626   0.02737   0.00000   0.02707  -0.27226
   D98        2.84677   0.00298   0.01828   0.00000   0.01826   2.86503
   D99        1.98153   0.00051   0.03090   0.00000   0.03110   2.01262
   D100       0.37274  -0.00120  -0.00549   0.00000  -0.00560   0.36714
   D101      -1.93250  -0.00111   0.00168   0.00000   0.00159  -1.93091
   D102      -1.18055  -0.00021   0.01823   0.00000   0.01845  -1.16210
   D103      -2.78934  -0.00192  -0.01816   0.00000  -0.01825  -2.80759
   D104       1.18861  -0.00183  -0.01099   0.00000  -0.01106   1.17755
   D105      -0.47046   0.00322   0.00889   0.00000   0.00916  -0.46130
   D106      -2.53370   0.00276   0.01901   0.00000   0.01902  -2.51468
   D107       1.48140   0.00227  -0.00066   0.00000  -0.00131   1.48009
   D108       1.50573   0.00162   0.01407   0.00000   0.01455   1.52028
   D109      -0.55752   0.00117   0.02419   0.00000   0.02441  -0.53310
   D110      -2.82560   0.00068   0.00452   0.00000   0.00409  -2.82151
   D111      -2.65728   0.00222   0.00988   0.00000   0.01016  -2.64712
   D112       1.56266   0.00177   0.02000   0.00000   0.02003   1.58269
   D113      -0.70542   0.00128   0.00033   0.00000  -0.00030  -0.70573
   D114      -1.19074  -0.00189  -0.01956   0.00000  -0.01955  -1.21029
   D115       0.50133  -0.00295  -0.02841   0.00000  -0.02894   0.47239
   D116       2.75809   0.00204  -0.00978   0.00000  -0.00909   2.74899
   D117       0.18575  -0.00615  -0.05173   0.00000  -0.05223   0.13353
   D118      -1.78140  -0.00779  -0.07842   0.00000  -0.07624  -1.85765
   D119       2.37044  -0.00111  -0.05997   0.00000  -0.05756   2.31288
   D120       2.49121  -0.00584  -0.05355   0.00000  -0.05740   2.43381
   D121       2.89918  -0.01961  -0.11080   0.00000  -0.10240   2.79679
   D122       2.31225  -0.00120  -0.02530   0.00000  -0.02581   2.28644
   D123       0.34510  -0.00284  -0.05199   0.00000  -0.04983   0.29527
   D124      -1.78625   0.00384  -0.03354   0.00000  -0.03114  -1.81739
   D125      -1.66547  -0.00088  -0.02712   0.00000  -0.03098  -1.69645
   D126      -1.25750  -0.01466  -0.08437   0.00000  -0.07598  -1.33348
   D127      -1.60398   0.00169   0.02156   0.00000   0.02041  -1.58357
   D128       2.71205   0.00005  -0.00513   0.00000  -0.00360   2.70845
   D129       0.58071   0.00672   0.01331   0.00000   0.01508   0.59579
   D130       0.70148   0.00200   0.01973   0.00000   0.01524   0.71672
   D131       1.10945  -0.01177  -0.03751   0.00000  -0.02976   1.07970
   D132      -1.97384  -0.00287  -0.00918   0.00000  -0.00782  -1.98166
   D133       2.34219  -0.00451  -0.03587   0.00000  -0.03183   2.31035
   D134       0.21084   0.00216  -0.01743   0.00000  -0.01315   0.19769
   D135       0.33162  -0.00256  -0.01101   0.00000  -0.01299   0.31863
   D136       0.73958  -0.01633  -0.06825   0.00000  -0.05798   0.68160
   D137       1.07654   0.01610   0.04983   0.00000   0.04899   1.12553
   D138      -0.40168  -0.00130   0.04159   0.00000   0.04355  -0.35813
   D139      -2.93679   0.00015  -0.01270   0.00000  -0.01050  -2.94729
   D140      -1.89469   0.01246   0.04491   0.00000   0.04341  -1.85128
   D141       0.41442  -0.00119  -0.04281   0.00000  -0.04314   0.37128
   D142       1.88394  -0.00991  -0.02757   0.00000  -0.02841   1.85553
   D143      -1.49758  -0.01724  -0.07479   0.00000  -0.07415  -1.57172
   D144       1.55765   0.00658  -0.01654   0.00000  -0.01614   1.54151
   D145       3.02717  -0.00215  -0.00130   0.00000  -0.00141   3.02576
   D146      -0.35435  -0.00947  -0.04852   0.00000  -0.04715  -0.40149
   D147      -2.88612   0.00274  -0.03268   0.00000  -0.03279  -2.91892
   D148      -1.41661  -0.00598  -0.01743   0.00000  -0.01806  -1.43467
   D149       1.48506  -0.01331  -0.06466   0.00000  -0.06380   1.42126
   D150      -1.90049   0.00788   0.00581   0.00000   0.00792  -1.89257
   D151       1.26616   0.01077   0.02368   0.00000   0.02464   1.29079
   D152      -0.15786   0.00229   0.01372   0.00000   0.01196  -0.14591
   D153       3.00878   0.00518   0.03159   0.00000   0.02867   3.03745
   D154       2.40251  -0.00854   0.03612   0.00000   0.02999   2.43250
   D155      -0.71403  -0.00566   0.05399   0.00000   0.04671  -0.66733
   D156       1.67583   0.00762  -0.04244   0.00000  -0.04345   1.63238
   D157      -1.44071   0.01051  -0.02458   0.00000  -0.02673  -1.46745
   D158       2.30058  -0.02750  -0.13451   0.00000  -0.11911   2.18147
   D159      -0.81596  -0.02461  -0.11665   0.00000  -0.10239  -0.91836
   D160       1.61017  -0.00614  -0.02364   0.00000  -0.02723   1.58294
   D161      -0.34180  -0.00569  -0.02141   0.00000  -0.02005  -0.36185
   D162      -2.04724  -0.00516   0.04176   0.00000   0.04072  -2.00653
   D163       1.41113  -0.00524  -0.03195   0.00000  -0.03164   1.37949
   D164      -1.74958  -0.00497  -0.04164   0.00000  -0.04370  -1.79328
   D165      -0.51611  -0.00305  -0.01635   0.00000  -0.01268  -0.52879
   D166       2.60637  -0.00278  -0.02604   0.00000  -0.02474   2.58163
   D167      -2.20733  -0.00209   0.05388   0.00000   0.05429  -2.15304
   D168       0.91515  -0.00182   0.04419   0.00000   0.04222   0.95737
   D169      -0.07554   0.00059   0.02325   0.00000   0.02456  -0.05098
   D170       3.02742   0.00437   0.01900   0.00000   0.01838   3.04580
   D171       3.04165  -0.00231   0.00583   0.00000   0.00825   3.04989
   D172      -0.13859   0.00147   0.00158   0.00000   0.00207  -0.13651
   D173       0.32408  -0.00181  -0.04292   0.00000  -0.04433   0.27975
   D174      -2.78226  -0.00555  -0.04090   0.00000  -0.04104  -2.82329
   D175      -2.95439  -0.00996  -0.03653   0.00000  -0.03450  -2.98889
   D176       0.16622  -0.00623  -0.02121   0.00000  -0.01990   0.14633
   D177       0.21264  -0.00550  -0.00771   0.00000  -0.00856   0.20407
   D178      -2.94993  -0.00177   0.00761   0.00000   0.00603  -2.94390
   D179      -2.29259  -0.01963  -0.03565   0.00000  -0.03024  -2.32283
   D180       2.64885  -0.00167  -0.03636   0.00000  -0.03222   2.61663
   D181       2.83285  -0.00524  -0.04380   0.00000  -0.04267   2.79018
   D182      -0.25815   0.00416   0.00616   0.00000   0.00696  -0.25119
   D183       0.87433  -0.01502  -0.00671   0.00000  -0.00335   0.87098
   D184      -0.46741   0.00294  -0.00742   0.00000  -0.00533  -0.47275
   D185      -0.28341  -0.00063  -0.01486   0.00000  -0.01578  -0.29919
   D186       2.90878   0.00877   0.03510   0.00000   0.03384   2.94262
   D187       2.46461  -0.01158  -0.03683   0.00000  -0.03028   2.43433
   D188      -0.67286  -0.01027  -0.03225   0.00000  -0.02643  -0.69929
   D189       3.01794   0.01435   0.06175   0.00000   0.05948   3.07743
   D190      -0.11953   0.01566   0.06633   0.00000   0.06334  -0.05620
   D191      -0.18905   0.00154  -0.00407   0.00000  -0.00286  -0.19192
   D192       2.95666   0.00286   0.00051   0.00000   0.00099   2.95764
   D193      -0.84918  -0.00281  -0.04839   0.00000  -0.05152  -0.90070
   D194       0.31149   0.00030   0.00295   0.00000   0.00250   0.31399
   D195       0.31993   0.00716   0.05341   0.00000   0.05126   0.37119
   D196      -2.89520  -0.00581  -0.01926   0.00000  -0.02170  -2.91689
   D197      -0.66315  -0.00159  -0.03500   0.00000  -0.03821  -0.70136
   D198       0.49753   0.00152   0.01633   0.00000   0.01580   0.51333
   D199       0.50596   0.00838   0.06679   0.00000   0.06456   0.57052
   D200      -2.70916  -0.00460  -0.00587   0.00000  -0.00839  -2.71756
   D201       2.31598  -0.00266  -0.03549   0.00000  -0.03782   2.27816
   D202      -2.80653   0.00045   0.01585   0.00000   0.01619  -2.79034
   D203      -2.79810   0.00731   0.06630   0.00000   0.06496  -2.73314
   D204       0.26997  -0.00566  -0.00636   0.00000  -0.00800   0.26196
   D205      -0.89169  -0.01589  -0.10182   0.00000  -0.09742  -0.98911
   D206       0.26898  -0.01278  -0.05049   0.00000  -0.04341   0.22557
   D207       0.27742  -0.00592  -0.00003   0.00000   0.00536   0.28277
   D208      -2.93771  -0.01890  -0.07270   0.00000  -0.06760  -3.00531
   D209       0.00387  -0.00011   0.00890   0.00000   0.00837   0.01224
   D210       3.14142  -0.00140   0.00441   0.00000   0.00461  -3.13715
   D211      -3.11693  -0.00361  -0.00540   0.00000  -0.00589  -3.12282
   D212       0.02062  -0.00490  -0.00988   0.00000  -0.00965   0.01098
         Item               Value     Threshold  Converged?
 Maximum Force            0.087396     0.000450     NO 
 RMS     Force            0.014551     0.000300     NO 
 Maximum Displacement     0.470537     0.001800     NO 
 RMS     Displacement     0.086375     0.001200     NO 
 Predicted change in Energy=-1.629344D-01
 GradGradGradGradGradGradGradGradGradGradGradGradGradGradGradGradGradGrad

                          Input orientation:                          
 ---------------------------------------------------------------------
 Center     Atomic      Atomic             Coordinates (Angstroms)
 Number     Number       Type             X           Y           Z
 ---------------------------------------------------------------------
      1          6           0       -0.791595    0.687110    0.283214
      2          6           0        0.783703    1.128506    0.217512
      3          6           0        0.815103    2.711307    0.004030
      4          6           0       -0.098058    3.334595    1.169822
      5          7           0       -1.464697    1.951014    0.631304
      6          1           0       -1.026834   -0.154977    0.917397
      7          1           0        1.464959    1.036764    1.071441
      8          1           0        1.890530    2.892733   -0.071340
      9          1           0        0.629738    4.158141    0.991320
     10          6           0        0.019510   -2.125071   -0.848616
     11          6           0        1.012670   -1.324121   -0.459599
     12          6           0        0.956880    0.114131   -0.934494
     13          6           0       -0.563969    0.282035   -1.281192
     14         16           0       -1.221047   -1.348623   -1.829562
     15          1           0       -0.065612   -3.170316   -0.605041
     16          1           0        1.839861   -1.679706    0.139137
     17          1           0        1.765836    0.260892   -1.658015
     18          1           0       -0.822083    1.247189   -2.022618
     19          6           0       -1.218555    4.206867    0.278240
     20          6           0       -0.042852    3.666422   -0.902949
     21          6           0        0.506250    5.105355   -0.988220
     22          6           0       -0.205122    5.987609   -0.354230
     23          8           0       -1.298920    5.571193    0.211261
     24          1           0       -2.375502    3.740193    0.614852
     25          1           0        0.070277    3.193236   -1.891716
     26          1           0        1.375879    5.381616   -1.549927
     27          1           0        0.007060    7.028193   -0.197459
     28          6           0       -3.691857    2.327130   -1.701561
     29          6           0       -1.434209    3.080468   -2.690130
     30          6           0       -3.558684    2.372538   -3.139527
     31          1           0       -4.520582    1.903468   -1.174185
     32          6           0       -2.434408    2.756365   -3.688154
     33          1           0       -0.091342    3.458269   -2.903989
     34          1           0       -4.401942    2.078219   -3.746725
     35          1           0       -2.286083    2.811180   -4.750372
     36         15           0       -2.377808    3.116472   -1.020371
 ---------------------------------------------------------------------
                    Distance matrix (angstroms):
                    1          2          3          4          5
     1  C    0.000000
     2  C    1.637288   0.000000
     3  C    2.599383   1.597442   0.000000
     4  C    2.876846   2.559536   1.606681   0.000000
     5  N    1.473664   2.429619   2.483748   2.017920   0.000000
     6  H    1.080109   2.327061   3.527401   3.619870   2.169970
     7  H    2.415698   1.096230   2.089444   2.780779   3.100397
     8  H    3.490598   2.102616   1.093225   2.385416   3.555010
     9  H    3.817021   3.130682   1.761371   1.113453   3.063932
    10  C    3.138040   3.508046   4.974991   5.822017   4.583394
    11  C    2.802177   2.554660   4.066776   5.058890   4.248991
    12  C    2.206418   1.544690   2.765186   3.989039   3.419049
    13  C    1.631952   2.186058   3.074898   3.942419   2.693407
    14  S    2.965209   3.787573   4.898061   5.673619   4.123449
    15  H    4.024399   4.458453   5.978304   6.742779   5.451056
    16  H    3.542194   3.001278   4.511029   5.473670   4.934010
    17  H    3.238902   2.287999   3.109794   4.573665   4.305094
    18  H    2.373073   2.758771   2.988531   3.882416   2.819862
    19  C    3.545561   3.672741   2.539223   1.676690   2.296544
    20  C    3.293007   2.894761   1.571922   2.099890   2.705218
    21  C    4.777220   4.164865   2.609869   2.856208   4.056767
    22  C    5.370807   4.991547   3.450125   3.061483   4.341878
    23  O    4.910888   4.906610   3.562441   2.713536   3.648235
    24  H    3.455439   4.118175   3.407590   2.378919   2.007735
    25  H    3.428383   3.036598   2.093053   3.069420   3.203887
    26  H    5.486049   4.643647   3.140032   3.709423   4.959403
    27  H    6.409229   5.965037   4.396479   3.939945   5.350763
    28  C    3.878210   5.014996   4.834183   4.709058   3.247147
    29  C    3.870644   4.145320   3.529048   4.092568   3.508350
    30  C    4.713024   5.627935   5.396918   5.609989   4.333778
    31  H    4.184361   5.538306   5.523615   5.205882   3.549716
    32  C    4.769949   5.316050   4.918696   5.421514   4.499627
    33  H    4.281114   3.992150   3.136266   4.075694   4.081203
    34  H    5.586609   6.596063   6.456510   6.653896   5.273588
    35  H    5.664111   6.077405   5.677294   6.333255   5.511533
    36  P    3.180755   3.934402   3.377608   3.168878   2.218129
                    6          7          8          9         10
     6  H    0.000000
     7  H    2.766407   0.000000
     8  H    4.333261   2.220739   0.000000
     9  H    4.620896   3.232183   2.078485   0.000000
    10  C    2.845156   3.971542   5.411398   6.575446   0.000000
    11  C    2.724443   2.849987   4.324724   5.683924   1.333875
    12  C    2.727093   2.265651   3.055711   4.491080   2.429004
    13  C    2.288890   3.197038   3.782070   4.649026   2.514305
    14  S    3.001382   4.617415   5.546383   6.458114   1.761848
    15  H    3.511985   4.780456   6.393113   7.532473   1.076620
    16  H    3.338926   2.896368   4.577561   6.022546   2.118415
    17  H    3.821609   2.853495   3.075658   4.847498   3.065550
    18  H    3.263691   3.853316   3.724724   4.434551   3.668610
    19  C    4.412591   4.228472   3.393459   1.981677   6.549507
    20  C    4.345684   3.617570   2.242350   2.069400   5.792084
    21  C    5.801105   4.659910   2.766333   2.197963   7.248136
    22  C    6.326421   5.415956   3.748339   2.419597   8.130833
    23  O    5.775957   5.379590   4.174519   2.514942   7.879980
    24  H    4.133133   4.718702   4.403190   3.057430   6.502242
    25  H    4.506140   3.921200   2.591794   3.091267   5.419873
    26  H    6.520320   5.075160   2.940345   2.917457   7.660413
    27  H    7.342327   6.295459   4.545921   3.168299   9.176404
    28  C    4.485771   5.995610   5.842994   5.411136   5.858656
    29  C    4.862953   5.170234   4.236413   4.355953   5.709826
    30  C    5.408994   6.689808   6.275214   6.147776   6.187102
    31  H    4.562695   6.451412   6.580066   6.024845   6.078451
    32  C    5.627457   6.388727   5.639595   5.766406   6.157362
    33  H    5.341692   4.908136   3.503077   4.022836   5.950675
    34  H    6.175156   7.662890   7.332605   7.217544   6.753956
    35  H    6.519770   7.149292   6.272487   6.579007   6.701197
    36  P    4.035152   4.844350   4.378291   3.765276   5.766317
                   11         12         13         14         15
    11  C    0.000000
    12  C    1.515653   0.000000
    13  C    2.395943   1.568876   0.000000
    14  S    2.620475   2.772032   1.841605   0.000000
    15  H    2.142961   3.455665   3.553065   2.480533   0.000000
    16  H    1.081282   2.269403   3.412354   3.654388   2.531116
    17  H    2.125024   1.095185   2.360177   3.397269   4.029410
    18  H    3.524341   2.373298   1.244129   2.633379   4.700651
    19  C    6.009542   4.791005   4.273712   5.941911   7.518796
    20  C    5.120176   3.690424   3.445099   5.234256   6.843263
    21  C    6.471017   5.011814   4.949305   6.733888   8.304251
    22  C    7.413198   6.015372   5.791511   7.551755   9.162421
    23  O    7.303345   6.015057   5.544615   7.214907   8.865742
    24  H    6.187199   5.162710   4.339988   5.762290   7.387751
    25  H    4.831726   3.344133   3.041397   4.722273   6.493750
    26  H    6.803502   5.319842   5.462688   7.219304   8.723890
    27  H    8.416716   7.017808   6.856471   8.622242  10.206908
    28  C    6.083311   5.205431   3.760692   4.430852   6.676370
    29  C    5.510253   4.195083   3.251715   4.516953   6.730004
    30  C    6.461004   5.509345   4.097795   4.585585   7.024841
    31  H    6.445528   5.767301   4.277298   4.678947   6.775985
    32  C    6.241496   5.105377   3.926107   4.666641   7.088182
    33  H    5.483168   4.020067   3.597958   5.053399   7.015979
    34  H    7.190211   6.362645   4.902567   5.053400   7.498070
    35  H    6.811257   5.687865   4.625739   5.193207   7.608716
    36  P    5.615039   4.487936   3.375214   4.682944   6.711367
                   16         17         18         19         20
    16  H    0.000000
    17  H    2.645969   0.000000
    18  H    4.508419   2.793392   0.000000
    19  C    6.635133   5.312851   3.769725   0.000000
    20  C    5.762954   3.929263   2.777327   1.752018   0.000000
    21  C    7.006176   5.050149   4.209500   2.320809   1.542502
    22  C    7.950665   6.195144   5.063174   2.144320   2.390676
    23  O    7.901435   6.409853   4.890255   1.368331   2.539158
    24  H    6.882652   5.867038   3.947712   1.292137   2.783958
    25  H    5.567886   3.395317   2.144886   2.719788   1.101982
    26  H    7.275334   5.136688   4.706162   3.384276   2.318031
    27  H    8.905052   7.143030   6.118716   3.112604   3.435361
    28  C    7.074094   5.835893   3.083011   3.683782   3.968215
    29  C    6.433004   4.388115   2.044794   3.182216   2.339495
    30  C    7.504305   5.916454   3.162733   4.530132   4.363198
    31  H    7.417492   6.515458   3.850901   4.280019   4.819921
    32  C    7.252328   5.290642   2.766083   4.394830   3.782210
    33  H    6.276061   3.901894   2.489913   3.457975   2.012422
    34  H    8.257241   6.760685   4.059378   5.555667   5.441610
    35  H    7.816570   5.699534   3.468430   5.326772   4.534996
    36  P    6.491264   5.072544   2.630399   2.054074   2.401719
                   21         22         23         24         25
    21  C    0.000000
    22  C    1.298601   0.000000
    23  O    2.216845   1.299837   0.000000
    24  H    3.569034   3.271169   2.162053   0.000000
    25  H    2.159301   3.201285   3.457151   3.544557   0.000000
    26  H    1.071489   2.072796   3.208158   4.631782   2.571075
    27  H    2.138176   1.073505   1.998871   4.140941   4.193018
    28  C    5.084437   5.231800   4.461948   3.015843   3.865224
    29  C    3.280556   3.926646   3.826236   3.499168   1.706945
    30  C    5.349776   5.663302   5.154193   4.167225   3.924275
    31  H    5.962860   5.997976   5.074521   3.342989   4.822275
    32  C    4.631940   5.150310   4.941459   4.414436   3.113116
    33  H    2.596186   3.593296   3.953160   4.204654   1.058801
    34  H    6.392437   6.663756   6.123338   5.088416   4.968406
    35  H    5.216719   5.809144   5.762809   5.445796   3.724287
    36  P    3.503496   3.661657   2.950690   1.750140   2.599664
                   26         27         28         29         30
    26  H    0.000000
    27  H    2.532597   0.000000
    28  C    5.919023   6.168007   0.000000
    29  C    3.806828   4.886225   2.577162   0.000000
    30  C    5.994272   6.560901   1.444833   2.283969   0.000000
    31  H    6.856161   6.907701   1.069766   3.634435   2.237821
    32  C    5.097278   6.032763   2.389973   1.449652   1.308553
    33  H    2.772271   4.480998   3.960937   1.411298   3.640982
    34  H    7.008678   7.519230   2.179191   3.305803   1.079999
    35  H    5.500905   6.615944   3.392014   2.245618   2.099225
    36  P    4.416047   4.654711   1.677441   1.918273   2.537465
                   31         32         33         34         35
    31  H    0.000000
    32  C    3.376328   0.000000
    33  H    5.002778   2.568568   0.000000
    34  H    2.581197   2.081947   4.603913   0.000000
    35  H    4.313472   1.073924   2.940194   2.453854   0.000000
    36  P    2.467087   2.692572   2.982074   3.550788   3.743598
                   36
    36  P    0.000000
 Stoichiometry    C16H16NOPS
 Framework group  C1[X(C16H16NOPS)]
 Deg. of freedom   102
 Full point group                 C1      NOp   1
 Largest Abelian subgroup         C1      NOp   1
 Largest concise Abelian subgroup C1      NOp   1
                         Standard orientation:                         
 ---------------------------------------------------------------------
 Center     Atomic      Atomic             Coordinates (Angstroms)
 Number     Number       Type             X           Y           Z
 ---------------------------------------------------------------------
      1          6           0        1.261113   -0.766298   -1.064809
      2          6           0        1.025048   -1.980239    0.008193
      3          6           0       -0.519209   -1.947599    0.415656
      4          6           0       -1.342954   -1.984810   -0.963287
      5          7           0       -0.100402   -0.514951   -1.569571
      6          1           0        2.013562   -0.935287   -1.821050
      7          1           0        1.131200   -3.038854   -0.255978
      8          1           0       -0.559312   -2.751723    1.155194
      9          1           0       -2.052853   -2.483216   -0.265137
     10          6           0        4.234291   -0.566322   -0.081182
     11          6           0        3.533768   -1.623339    0.332587
     12          6           0        2.142787   -1.353480    0.870688
     13          6           0        1.816315    0.044583    0.238068
     14         16           0        3.391932    0.976571    0.037226
     15          1           0        5.237816   -0.601060   -0.469564
     16          1           0        3.939556   -2.625505    0.319543
     17          1           0        2.156314   -1.545416    1.948839
     18          1           0        0.889694    0.660599    0.794623
     19          6           0       -2.272427   -0.595897   -0.828040
     20          6           0       -1.496843   -0.758688    0.734501
     21          6           0       -2.845032   -1.204159    1.337207
     22          6           0       -3.856933   -1.081980    0.532538
     23          8           0       -3.626294   -0.556188   -0.633621
     24          1           0       -1.981417    0.123641   -1.861093
     25          1           0       -0.934967   -0.211797    1.508819
     26          1           0       -2.965136   -1.550082    2.344184
     27          1           0       -4.872449   -1.394743    0.685245
     28          6           0       -0.559850    2.657804   -1.053334
     29          6           0       -0.945335    1.466835    1.199388
     30          6           0       -0.472093    3.442883    0.156415
     31          1           0       -0.286125    2.999974   -2.029241
     32          6           0       -0.668089    2.884313    1.323418
     33          1           0       -1.135332    0.529802    2.237479
     34          1           0       -0.236433    4.493726    0.075233
     35          1           0       -0.618113    3.424117    2.250470
     36         15           0       -1.232740    1.168881   -0.673682
 ---------------------------------------------------------------------
 Rotational constants (GHZ):      0.5151640      0.2736448      0.2116224
 Standard basis: 6-31+G(d,p) (6D, 7F)
 There are   468 symmetry adapted basis functions of A   symmetry.
 Integral buffers will be    262144 words long.
 Raffenetti 1 integral format.
 Two-electron integral symmetry is turned on.
   468 basis functions,   800 primitive gaussians,   468 cartesian basis functions
    79 alpha electrons       79 beta electrons
       nuclear repulsion energy      1902.1029234245 Hartrees.
 NAtoms=   36 NActive=   36 NUniq=   36 SFac= 7.50D-01 NAtFMM=   80 NAOKFM=F Big=F
 One-electron integrals computed using PRISM.
 NBasis=   468 RedAO= T  NBF=   468
 NBsUse=   468 1.00D-06 NBFU=   468
 Initial guess read from the read-write file.
 B after Tr=     0.000000    0.000000    0.000000
         Rot=    1.000000    0.000000    0.000000    0.000000 Ang=   0.00 deg.
 Initial guess orbital symmetries:
       Occupied  (A) (A) (A) (A) (A) (A) (A) (A) (A) (A) (A) (A)
                 (A) (A) (A) (A) (A) (A) (A) (A) (A) (A) (A) (A)
                 (A) (A) (A) (A) (A) (A) (A) (A) (A) (A) (A) (A)
                 (A) (A) (A) (A) (A) (A) (A) (A) (A) (A) (A) (A)
                 (A) (A) (A) (A) (A) (A) (A) (A) (A) (A) (A) (A)
                 (A) (A) (A) (A) (A) (A) (A) (A) (A) (A) (A) (A)
                 (A) (A) (A) (A) (A) (A) (A)
       Virtual   (A) (A) (A) (A) (A) (A) (A) (A) (A) (A) (A) (A)
                 (A) (A) (A) (A) (A) (A) (A) (A) (A) (A) (A) (A)
                 (A) (A) (A) (A) (A) (A) (A) (A) (A) (A) (A) (A)
                 (A) (A) (A) (A) (A) (A) (A) (A) (A) (A) (A) (A)
                 (A) (A) (A) (A) (A) (A) (A) (A) (A) (A) (A) (A)
                 (A) (A) (A) (A) (A) (A) (A) (A) (A) (A) (A) (A)
                 (A) (A) (A) (A) (A) (A) (A) (A) (A) (A) (A) (A)
                 (A) (A) (A) (A) (A) (A) (A) (A) (A) (A) (A) (A)
                 (A) (A) (A) (A) (A) (A) (A) (A) (A) (A) (A) (A)
                 (A) (A) (A) (A) (A) (A) (A) (A) (A) (A) (A) (A)
                 (A) (A) (A) (A) (A) (A) (A) (A) (A) (A) (A) (A)
                 (A) (A) (A) (A) (A) (A) (A) (A) (A) (A) (A) (A)
                 (A) (A) (A) (A) (A) (A) (A) (A) (A) (A) (A) (A)
                 (A) (A) (A) (A) (A) (A) (A) (A) (A) (A) (A) (A)
                 (A) (A) (A) (A) (A) (A) (A) (A) (A) (A) (A) (A)
                 (A) (A) (A) (A) (A) (A) (A) (A) (A) (A) (A) (A)
                 (A) (A) (A) (A) (A) (A) (A) (A) (A) (A) (A) (A)
                 (A) (A) (A) (A) (A) (A) (A) (A) (A) (A) (A) (A)
                 (A) (A) (A) (A) (A) (A) (A) (A) (A) (A) (A) (A)
                 (A) (A) (A) (A) (A) (A) (A) (A) (A) (A) (A) (A)
                 (A) (A) (A) (A) (A) (A) (A) (A) (A) (A) (A) (A)
                 (A) (A) (A) (A) (A) (A) (A) (A) (A) (A) (A) (A)
                 (A) (A) (A) (A) (A) (A) (A) (A) (A) (A) (A) (A)
                 (A) (A) (A) (A) (A) (A) (A) (A) (A) (A) (A) (A)
                 (A) (A) (A) (A) (A) (A) (A) (A) (A) (A) (A) (A)
                 (A) (A) (A) (A) (A) (A) (A) (A) (A) (A) (A) (A)
                 (A) (A) (A) (A) (A) (A) (A) (A) (A) (A) (A) (A)
                 (A) (A) (A) (A) (A) (A) (A) (A) (A) (A) (A) (A)
                 (A) (A) (A) (A) (A) (A) (A) (A) (A) (A) (A) (A)
                 (A) (A) (A) (A) (A) (A) (A) (A) (A) (A) (A) (A)
                 (A) (A) (A) (A) (A) (A) (A) (A) (A) (A) (A) (A)
                 (A) (A) (A) (A) (A) (A) (A) (A) (A) (A) (A) (A)
                 (A) (A) (A) (A) (A)
 Harris functional with IExCor=  205 diagonalized for initial guess.
 ExpMin= 3.48D-02 ExpMax= 2.19D+04 ExpMxC= 3.30D+03 IAcc=3 IRadAn=         0 AccDes= 0.00D+00
 HarFok:  IExCor=  205 AccDes= 0.00D+00 IRadAn=         0 IDoV= 1
 ScaDFX=  1.000000  1.000000  1.000000  1.000000
 FoFCou: FMM=F IPFlag=           0 FMFlag=      100000 FMFlg1=           0
         NFxFlg=           0 DoJE=T BraDBF=F KetDBF=T FulRan=T
         Omega=  0.000000  0.000000  1.000000  0.000000  0.000000 ICntrl=     500 IOpCl=  0
         NMat0=    1 NMatS0=    1 NMatT0=    0 NMatD0=    1 NMtDS0=    0 NMtDT0=    0
         I1Cent=           4 NGrid=           0.
 Petite list used in FoFCou.
 Requested convergence on RMS density matrix=1.00D-08 within 128 cycles.
 Requested convergence on MAX density matrix=1.00D-06.
 Requested convergence on             energy=1.00D-06.
 No special actions if energy rises.
 Initial convergence to 1.0D-05 achieved.  Increase integral accuracy.
 SCF Done:  E(RHF) =  -1481.80616299     A.U. after   29 cycles
             Convg  =    0.5033D-08             -V/T =  2.0012
