 Entering Link 1 = C:\G09W\l1.exe PID=     14240.
  
 Copyright (c) 1988,1990,1992,1993,1995,1998,2003,2009, Gaussian, Inc.
                  All Rights Reserved.
  
 This is part of the Gaussian(R) 09 program.  It is based on
 the Gaussian(R) 03 system (copyright 2003, Gaussian, Inc.),
 the Gaussian(R) 98 system (copyright 1998, Gaussian, Inc.),
 the Gaussian(R) 94 system (copyright 1995, Gaussian, Inc.),
 the Gaussian 92(TM) system (copyright 1992, Gaussian, Inc.),
 the Gaussian 90(TM) system (copyright 1990, Gaussian, Inc.),
 the Gaussian 88(TM) system (copyright 1988, Gaussian, Inc.),
 the Gaussian 86(TM) system (copyright 1986, Carnegie Mellon
 University), and the Gaussian 82(TM) system (copyright 1983,
 Carnegie Mellon University). Gaussian is a federally registered
 trademark of Gaussian, Inc.
  
 This software contains proprietary and confidential information,
 including trade secrets, belonging to Gaussian, Inc.
  
 This software is provided under written license and may be
 used, copied, transmitted, or stored only in accord with that
 written license.
  
 The following legend is applicable only to US Government
 contracts under FAR:
  
                    RESTRICTED RIGHTS LEGEND
  
 Use, reproduction and disclosure by the US Government is
 subject to restrictions as set forth in subparagraphs (a)
 and (c) of the Commercial Computer Software - Restricted
 Rights clause in FAR 52.227-19.
  
 Gaussian, Inc.
 340 Quinnipiac St., Bldg. 40, Wallingford CT 06492
  
  
 ---------------------------------------------------------------
 Warning -- This program may not be used in any manner that
 competes with the business of Gaussian, Inc. or will provide
 assistance to any competitor of Gaussian, Inc.  The licensee
 of this program is prohibited from giving any competitor of
 Gaussian, Inc. access to this program.  By using this program,
 the user acknowledges that Gaussian, Inc. is engaged in the
 business of creating and licensing software in the field of
 computational chemistry and represents and warrants to the
 licensee that it is not a competitor of Gaussian, Inc. and that
 it will not use this program in any manner prohibited above.
 ---------------------------------------------------------------
  

 Cite this work as:
 Gaussian 09, Revision A.02,
 M. J. Frisch, G. W. Trucks, H. B. Schlegel, G. E. Scuseria, 
 M. A. Robb, J. R. Cheeseman, G. Scalmani, V. Barone, B. Mennucci, 
 G. A. Petersson, H. Nakatsuji, M. Caricato, X. Li, H. P. Hratchian, 
 A. F. Izmaylov, J. Bloino, G. Zheng, J. L. Sonnenberg, M. Hada, 
 M. Ehara, K. Toyota, R. Fukuda, J. Hasegawa, M. Ishida, T. Nakajima, 
 Y. Honda, O. Kitao, H. Nakai, T. Vreven, J. A. Montgomery, Jr., 
 J. E. Peralta, F. Ogliaro, M. Bearpark, J. J. Heyd, E. Brothers, 
 K. N. Kudin, V. N. Staroverov, R. Kobayashi, J. Normand, 
 K. Raghavachari, A. Rendell, J. C. Burant, S. S. Iyengar, J. Tomasi, 
 M. Cossi, N. Rega, J. M. Millam, M. Klene, J. E. Knox, J. B. Cross, 
 V. Bakken, C. Adamo, J. Jaramillo, R. Gomperts, R. E. Stratmann, 
 O. Yazyev, A. J. Austin, R. Cammi, C. Pomelli, J. W. Ochterski, 
 R. L. Martin, K. Morokuma, V. G. Zakrzewski, G. A. Voth, 
 P. Salvador, J. J. Dannenberg, S. Dapprich, A. D. Daniels, 
 O. Farkas, J. B. Foresman, J. V. Ortiz, J. Cioslowski, 
 and D. J. Fox, Gaussian, Inc., Wallingford CT, 2009.
 
 ******************************************
 Gaussian 09:  IA32W-G09RevA.02 11-Jun-2009
                03-May-2025 
 ******************************************
 %chk=JK1-3(DFT6-31)_anion_Opt.chk
 ----------------------------------------------------------------------
 # opt ub3lyp/6-31++g(d,p) scrf=(cpcm,solvent=dichloromethane) geom=con
 nectivity
 ----------------------------------------------------------------------
 1/14=-1,18=20,19=15,26=3,38=1,57=2/1,3;
 2/9=110,12=2,17=6,18=5,40=1/2;
 3/5=1,6=6,7=1111,11=2,16=1,25=1,30=1,70=2101,71=1,72=9,74=-5,116=2/1,2,3;
 4//1;
 5/5=2,38=5,53=9/2;
 6/7=2,8=2,9=2,10=2,28=1/1;
 7//1,2,3,16;
 1/14=-1,18=20,19=15/3(2);
 2/9=110/2;
 99//99;
 2/9=110/2;
 3/5=1,6=6,7=1111,11=2,16=1,25=1,30=1,70=2105,71=1,72=9,74=-5,116=2/1,2,3;
 4/5=5,16=3/1;
 5/5=2,38=5,53=9/2;
 7//1,2,3,16;
 1/14=-1,18=20,19=15/3(-5);
 2/9=110/2;
 6/7=2,8=2,9=2,10=2,19=2,28=1/1;
 99/9=1/99;
 ------------------------
 JK1-3(DFT6-31)_anion_Opt
 ------------------------
 Symbolic Z-matrix:
 Charge = -1 Multiplicity = 2
 C                     3.11416  -2.56306  -0.13437 
 C                     3.44534  -1.18958  -0.16563 
 C                     2.40619  -0.23939  -0.14564 
 C                     1.07533  -0.6581   -0.10941 
 C                     0.76472  -2.03826  -0.07849 
 C                     1.78655  -2.99225  -0.0888 
 H                     3.90863  -3.30387  -0.1686 
 H                     2.65475   0.81886  -0.13535 
 H                     1.56095  -4.05607  -0.07152 
 C                    -1.27379  -0.879    -0.03694 
 C                    -2.66318  -0.75296  -0.09966 
 C                    -3.48324  -1.8993   -0.12594 
 C                    -2.88248  -3.17629  -0.0934 
 C                    -1.49531  -3.31928  -0.06597 
 C                    -0.69086  -2.17671  -0.04723 
 H                    -3.12572   0.22687  -0.10956 
 H                    -3.50583  -4.06557  -0.12975 
 H                    -1.05232  -4.3122   -0.07845 
 C                     4.866    -0.7518   -0.21774 
 C                     5.24574   0.36348  -0.97614 
 C                     5.85821  -1.45523   0.49158 
 C                     6.58053   0.77885  -1.01958 
 H                     4.5219    0.91218  -1.57142 
 C                     7.19728  -1.05528   0.44089 
 H                     5.57483  -2.31213   1.09146 
 C                     7.57354   0.08787  -0.30477 
 C                    -4.95836  -1.76246  -0.18528 
 C                    -5.56187  -0.71118  -0.90813 
 C                    -5.7994   -2.68032   0.47961 
 C                    -6.9445   -0.57484  -0.9677 
 H                    -4.94287  -0.00369  -1.45152 
 C                    -7.18397  -2.56043   0.42951 
 H                    -5.36508  -3.48558   1.06439 
 C                    -7.74413  -1.50451  -0.29591 
 H                    -7.40258   0.22906  -1.53256 
 H                    -7.82467  -3.26288   0.9503 
 C                    -0.18254   0.12988  -0.05296 
 C                    -0.19679   1.4908   -0.07137 
 H                     0.76852   1.96405  -0.25885 
 C                    -1.28652   2.45243   0.12398 
 C                    -1.27187   3.66389  -0.60561 
 C                    -2.30616   2.28504   1.07747 
 C                    -2.25711   4.62684  -0.43382 
 H                    -0.47728   3.84134  -1.32738 
 C                    -3.2952    3.25188   1.27542 
 H                    -2.31366   1.39881   1.70547 
 C                    -3.28343   4.42619   0.50697 
 N                    -9.19922  -1.36936  -0.35318 
 O                    -9.67499  -0.43224  -0.99575 
 O                    -9.88769  -2.19804   0.24408 
 O                    -4.20189   5.42645   0.61009 
 C                    -5.26591   5.28447   1.55631 
 H                    -4.87791   5.21401   2.58012 
 H                    -5.87128   6.18699   1.45705 
 H                    -5.8803    4.40383   1.33138 
 H                    -4.05396   3.08417   2.03195 
 H                    -2.24613   5.54732  -1.01134 
 O                     6.90669   1.82491  -1.85573 
 O                     8.88439   0.47331  -0.43752 
 O                     8.21556  -1.71504   1.06561 
 C                     7.24687   3.06242  -1.21049 
 H                     8.16921   2.96813  -0.62777 
 H                     7.39638   3.79113  -2.01093 
 H                     6.42731   3.39522  -0.56014 
 C                     9.55967   0.90872   0.75934 
 H                     9.69059   0.08188   1.46266 
 H                     10.53399   1.27944   0.43219 
 H                     9.00113   1.72148   1.24129 
 C                     7.91036  -2.89379   1.81528 
 H                     7.23598  -2.66942   2.65114 
 H                     7.46387  -3.6653    1.17574 
 H                     8.86624  -3.24987   2.20362 
 

 GradGradGradGradGradGradGradGradGradGradGradGradGradGradGradGradGradGrad
 Berny optimization.
 Initialization pass.
                           ----------------------------
                           !    Initial Parameters    !
                           ! (Angstroms and Degrees)  !
 --------------------------                            --------------------------
 ! Name  Definition              Value          Derivative Info.                !
 --------------------------------------------------------------------------------
 ! R1    R(1,2)                  1.4132         estimate D2E/DX2                !
 ! R2    R(1,6)                  1.396          estimate D2E/DX2                !
 ! R3    R(1,7)                  1.0868         estimate D2E/DX2                !
 ! R4    R(2,3)                  1.4082         estimate D2E/DX2                !
 ! R5    R(2,19)                 1.4875         estimate D2E/DX2                !
 ! R6    R(3,4)                  1.3956         estimate D2E/DX2                !
 ! R7    R(3,8)                  1.0871         estimate D2E/DX2                !
 ! R8    R(4,5)                  1.415          estimate D2E/DX2                !
 ! R9    R(4,37)                 1.4854         estimate D2E/DX2                !
 ! R10   R(5,6)                  1.398          estimate D2E/DX2                !
 ! R11   R(5,15)                 1.4625         estimate D2E/DX2                !
 ! R12   R(6,9)                  1.0876         estimate D2E/DX2                !
 ! R13   R(10,11)                1.3965         estimate D2E/DX2                !
 ! R14   R(10,15)                1.4227         estimate D2E/DX2                !
 ! R15   R(10,37)                1.4862         estimate D2E/DX2                !
 ! R16   R(11,12)                1.4097         estimate D2E/DX2                !
 ! R17   R(11,16)                1.0836         estimate D2E/DX2                !
 ! R18   R(12,13)                1.4116         estimate D2E/DX2                !
 ! R19   R(12,27)                1.4826         estimate D2E/DX2                !
 ! R20   R(13,14)                1.3948         estimate D2E/DX2                !
 ! R21   R(13,17)                1.0866         estimate D2E/DX2                !
 ! R22   R(14,15)                1.3975         estimate D2E/DX2                !
 ! R23   R(14,18)                1.0873         estimate D2E/DX2                !
 ! R24   R(19,20)                1.4012         estimate D2E/DX2                !
 ! R25   R(19,21)                1.408          estimate D2E/DX2                !
 ! R26   R(20,22)                1.3986         estimate D2E/DX2                !
 ! R27   R(20,23)                1.086          estimate D2E/DX2                !
 ! R28   R(21,24)                1.3984         estimate D2E/DX2                !
 ! R29   R(21,25)                1.0837         estimate D2E/DX2                !
 ! R30   R(22,26)                1.4052         estimate D2E/DX2                !
 ! R31   R(22,58)                1.3783         estimate D2E/DX2                !
 ! R32   R(24,26)                1.4158         estimate D2E/DX2                !
 ! R33   R(24,60)                1.3647         estimate D2E/DX2                !
 ! R34   R(26,59)                1.3728         estimate D2E/DX2                !
 ! R35   R(27,28)                1.4114         estimate D2E/DX2                !
 ! R36   R(27,29)                1.4113         estimate D2E/DX2                !
 ! R37   R(28,30)                1.3906         estimate D2E/DX2                !
 ! R38   R(28,31)                1.0858         estimate D2E/DX2                !
 ! R39   R(29,32)                1.3907         estimate D2E/DX2                !
 ! R40   R(29,33)                1.0858         estimate D2E/DX2                !
 ! R41   R(30,34)                1.3982         estimate D2E/DX2                !
 ! R42   R(30,35)                1.084          estimate D2E/DX2                !
 ! R43   R(32,34)                1.3982         estimate D2E/DX2                !
 ! R44   R(32,36)                1.084          estimate D2E/DX2                !
 ! R45   R(34,48)                1.4625         estimate D2E/DX2                !
 ! R46   R(37,38)                1.3611         estimate D2E/DX2                !
 ! R47   R(38,39)                1.0913         estimate D2E/DX2                !
 ! R48   R(38,40)                1.4664         estimate D2E/DX2                !
 ! R49   R(40,41)                1.4143         estimate D2E/DX2                !
 ! R50   R(40,42)                1.406          estimate D2E/DX2                !
 ! R51   R(41,43)                1.3883         estimate D2E/DX2                !
 ! R52   R(41,44)                1.088          estimate D2E/DX2                !
 ! R53   R(42,45)                1.3972         estimate D2E/DX2                !
 ! R54   R(42,46)                1.0862         estimate D2E/DX2                !
 ! R55   R(43,47)                1.4067         estimate D2E/DX2                !
 ! R56   R(43,57)                1.0867         estimate D2E/DX2                !
 ! R57   R(45,47)                1.4034         estimate D2E/DX2                !
 ! R58   R(45,56)                1.0845         estimate D2E/DX2                !
 ! R59   R(47,51)                1.3619         estimate D2E/DX2                !
 ! R60   R(48,49)                1.2318         estimate D2E/DX2                !
 ! R61   R(48,50)                1.2318         estimate D2E/DX2                !
 ! R62   R(51,52)                1.431          estimate D2E/DX2                !
 ! R63   R(52,53)                1.0971         estimate D2E/DX2                !
 ! R64   R(52,54)                1.0913         estimate D2E/DX2                !
 ! R65   R(52,55)                1.0971         estimate D2E/DX2                !
 ! R66   R(58,61)                1.4365         estimate D2E/DX2                !
 ! R67   R(59,65)                1.4415         estimate D2E/DX2                !
 ! R68   R(60,69)                1.4299         estimate D2E/DX2                !
 ! R69   R(61,62)                1.0951         estimate D2E/DX2                !
 ! R70   R(61,63)                1.0927         estimate D2E/DX2                !
 ! R71   R(61,64)                1.0979         estimate D2E/DX2                !
 ! R72   R(65,66)                1.0934         estimate D2E/DX2                !
 ! R73   R(65,67)                1.0926         estimate D2E/DX2                !
 ! R74   R(65,68)                1.0976         estimate D2E/DX2                !
 ! R75   R(69,70)                1.0972         estimate D2E/DX2                !
 ! R76   R(69,71)                1.0971         estimate D2E/DX2                !
 ! R77   R(69,72)                1.0915         estimate D2E/DX2                !
 ! A1    A(2,1,6)              121.4927         estimate D2E/DX2                !
 ! A2    A(2,1,7)              119.372          estimate D2E/DX2                !
 ! A3    A(6,1,7)              119.1214         estimate D2E/DX2                !
 ! A4    A(1,2,3)              118.8512         estimate D2E/DX2                !
 ! A5    A(1,2,19)             120.7062         estimate D2E/DX2                !
 ! A6    A(3,2,19)             120.4426         estimate D2E/DX2                !
 ! A7    A(2,3,4)              120.1064         estimate D2E/DX2                !
 ! A8    A(2,3,8)              119.2254         estimate D2E/DX2                !
 ! A9    A(4,3,8)              120.653          estimate D2E/DX2                !
 ! A10   A(3,4,5)              120.1661         estimate D2E/DX2                !
 ! A11   A(3,4,37)             130.494          estimate D2E/DX2                !
 ! A12   A(5,4,37)             109.3111         estimate D2E/DX2                !
 ! A13   A(4,5,6)              120.3304         estimate D2E/DX2                !
 ! A14   A(4,5,15)             108.1364         estimate D2E/DX2                !
 ! A15   A(6,5,15)             131.5321         estimate D2E/DX2                !
 ! A16   A(1,6,5)              119.0496         estimate D2E/DX2                !
 ! A17   A(1,6,9)              119.9006         estimate D2E/DX2                !
 ! A18   A(5,6,9)              121.0471         estimate D2E/DX2                !
 ! A19   A(11,10,15)           119.3181         estimate D2E/DX2                !
 ! A20   A(11,10,37)           131.9706         estimate D2E/DX2                !
 ! A21   A(15,10,37)           108.5577         estimate D2E/DX2                !
 ! A22   A(10,11,12)           120.4112         estimate D2E/DX2                !
 ! A23   A(10,11,16)           120.4451         estimate D2E/DX2                !
 ! A24   A(12,11,16)           119.1333         estimate D2E/DX2                !
 ! A25   A(11,12,13)           119.1846         estimate D2E/DX2                !
 ! A26   A(11,12,27)           120.2955         estimate D2E/DX2                !
 ! A27   A(13,12,27)           120.5198         estimate D2E/DX2                !
 ! A28   A(12,13,14)           121.094          estimate D2E/DX2                !
 ! A29   A(12,13,17)           119.6988         estimate D2E/DX2                !
 ! A30   A(14,13,17)           119.1628         estimate D2E/DX2                !
 ! A31   A(13,14,15)           119.2714         estimate D2E/DX2                !
 ! A32   A(13,14,18)           119.9057         estimate D2E/DX2                !
 ! A33   A(15,14,18)           120.8126         estimate D2E/DX2                !
 ! A34   A(5,15,10)            108.7605         estimate D2E/DX2                !
 ! A35   A(5,15,14)            130.5446         estimate D2E/DX2                !
 ! A36   A(10,15,14)           120.6646         estimate D2E/DX2                !
 ! A37   A(2,19,20)            120.8019         estimate D2E/DX2                !
 ! A38   A(2,19,21)            120.5543         estimate D2E/DX2                !
 ! A39   A(20,19,21)           118.6433         estimate D2E/DX2                !
 ! A40   A(19,20,22)           120.7882         estimate D2E/DX2                !
 ! A41   A(19,20,23)           121.2125         estimate D2E/DX2                !
 ! A42   A(22,20,23)           117.972          estimate D2E/DX2                !
 ! A43   A(19,21,24)           120.9066         estimate D2E/DX2                !
 ! A44   A(19,21,25)           119.316          estimate D2E/DX2                !
 ! A45   A(24,21,25)           119.7748         estimate D2E/DX2                !
 ! A46   A(20,22,26)           120.8374         estimate D2E/DX2                !
 ! A47   A(20,22,58)           118.0392         estimate D2E/DX2                !
 ! A48   A(26,22,58)           120.9695         estimate D2E/DX2                !
 ! A49   A(21,24,26)           120.2982         estimate D2E/DX2                !
 ! A50   A(21,24,60)           124.029          estimate D2E/DX2                !
 ! A51   A(26,24,60)           115.6678         estimate D2E/DX2                !
 ! A52   A(22,26,24)           118.5008         estimate D2E/DX2                !
 ! A53   A(22,26,59)           119.1796         estimate D2E/DX2                !
 ! A54   A(24,26,59)           122.1012         estimate D2E/DX2                !
 ! A55   A(12,27,28)           120.977          estimate D2E/DX2                !
 ! A56   A(12,27,29)           120.9314         estimate D2E/DX2                !
 ! A57   A(28,27,29)           118.0916         estimate D2E/DX2                !
 ! A58   A(27,28,30)           121.3411         estimate D2E/DX2                !
 ! A59   A(27,28,31)           119.8596         estimate D2E/DX2                !
 ! A60   A(30,28,31)           118.7828         estimate D2E/DX2                !
 ! A61   A(27,29,32)           121.3504         estimate D2E/DX2                !
 ! A62   A(27,29,33)           119.8448         estimate D2E/DX2                !
 ! A63   A(32,29,33)           118.788          estimate D2E/DX2                !
 ! A64   A(28,30,34)           118.8707         estimate D2E/DX2                !
 ! A65   A(28,30,35)           121.0087         estimate D2E/DX2                !
 ! A66   A(34,30,35)           120.1169         estimate D2E/DX2                !
 ! A67   A(29,32,34)           118.86           estimate D2E/DX2                !
 ! A68   A(29,32,36)           121.0156         estimate D2E/DX2                !
 ! A69   A(34,32,36)           120.1209         estimate D2E/DX2                !
 ! A70   A(30,34,32)           121.4861         estimate D2E/DX2                !
 ! A71   A(30,34,48)           119.2578         estimate D2E/DX2                !
 ! A72   A(32,34,48)           119.2561         estimate D2E/DX2                !
 ! A73   A(4,37,10)            105.1943         estimate D2E/DX2                !
 ! A74   A(4,37,38)            122.5994         estimate D2E/DX2                !
 ! A75   A(10,37,38)           132.1572         estimate D2E/DX2                !
 ! A76   A(37,38,39)           115.2557         estimate D2E/DX2                !
 ! A77   A(37,38,40)           131.4256         estimate D2E/DX2                !
 ! A78   A(39,38,40)           113.318          estimate D2E/DX2                !
 ! A79   A(38,40,41)           119.0323         estimate D2E/DX2                !
 ! A80   A(38,40,42)           123.4484         estimate D2E/DX2                !
 ! A81   A(41,40,42)           117.3449         estimate D2E/DX2                !
 ! A82   A(40,41,43)           121.5305         estimate D2E/DX2                !
 ! A83   A(40,41,44)           119.3075         estimate D2E/DX2                !
 ! A84   A(43,41,44)           119.1578         estimate D2E/DX2                !
 ! A85   A(40,42,45)           121.8063         estimate D2E/DX2                !
 ! A86   A(40,42,46)           119.6191         estimate D2E/DX2                !
 ! A87   A(45,42,46)           118.5407         estimate D2E/DX2                !
 ! A88   A(41,43,47)           120.1054         estimate D2E/DX2                !
 ! A89   A(41,43,57)           120.9691         estimate D2E/DX2                !
 ! A90   A(47,43,57)           118.9229         estimate D2E/DX2                !
 ! A91   A(42,45,47)           119.7027         estimate D2E/DX2                !
 ! A92   A(42,45,56)           119.1484         estimate D2E/DX2                !
 ! A93   A(47,45,56)           121.145          estimate D2E/DX2                !
 ! A94   A(43,47,45)           119.4508         estimate D2E/DX2                !
 ! A95   A(43,47,51)           115.972          estimate D2E/DX2                !
 ! A96   A(45,47,51)           124.5721         estimate D2E/DX2                !
 ! A97   A(34,48,49)           118.36           estimate D2E/DX2                !
 ! A98   A(34,48,50)           118.3541         estimate D2E/DX2                !
 ! A99   A(49,48,50)           123.286          estimate D2E/DX2                !
 ! A100  A(47,51,52)           118.5979         estimate D2E/DX2                !
 ! A101  A(51,52,53)           111.1293         estimate D2E/DX2                !
 ! A102  A(51,52,54)           105.6809         estimate D2E/DX2                !
 ! A103  A(51,52,55)           111.13           estimate D2E/DX2                !
 ! A104  A(53,52,54)           109.5227         estimate D2E/DX2                !
 ! A105  A(53,52,55)           109.7446         estimate D2E/DX2                !
 ! A106  A(54,52,55)           109.545          estimate D2E/DX2                !
 ! A107  A(22,58,61)           115.9352         estimate D2E/DX2                !
 ! A108  A(26,59,65)           116.861          estimate D2E/DX2                !
 ! A109  A(24,60,69)           118.6379         estimate D2E/DX2                !
 ! A110  A(58,61,62)           111.3653         estimate D2E/DX2                !
 ! A111  A(58,61,63)           106.1325         estimate D2E/DX2                !
 ! A112  A(58,61,64)           110.5141         estimate D2E/DX2                !
 ! A113  A(62,61,63)           109.3886         estimate D2E/DX2                !
 ! A114  A(62,61,64)           109.854          estimate D2E/DX2                !
 ! A115  A(63,61,64)           109.5053         estimate D2E/DX2                !
 ! A116  A(59,65,66)           111.2073         estimate D2E/DX2                !
 ! A117  A(59,65,67)           105.7602         estimate D2E/DX2                !
 ! A118  A(59,65,68)           110.4771         estimate D2E/DX2                !
 ! A119  A(66,65,67)           110.0246         estimate D2E/DX2                !
 ! A120  A(66,65,68)           109.7823         estimate D2E/DX2                !
 ! A121  A(67,65,68)           109.5119         estimate D2E/DX2                !
 ! A122  A(60,69,70)           111.2252         estimate D2E/DX2                !
 ! A123  A(60,69,71)           111.1585         estimate D2E/DX2                !
 ! A124  A(60,69,72)           105.5781         estimate D2E/DX2                !
 ! A125  A(70,69,71)           109.7406         estimate D2E/DX2                !
 ! A126  A(70,69,72)           109.5094         estimate D2E/DX2                !
 ! A127  A(71,69,72)           109.5363         estimate D2E/DX2                !
 ! D1    D(6,1,2,3)              0.2108         estimate D2E/DX2                !
 ! D2    D(6,1,2,19)          -179.8352         estimate D2E/DX2                !
 ! D3    D(7,1,2,3)            178.8418         estimate D2E/DX2                !
 ! D4    D(7,1,2,19)            -1.2042         estimate D2E/DX2                !
 ! D5    D(2,1,6,5)              0.215          estimate D2E/DX2                !
 ! D6    D(2,1,6,9)            179.6332         estimate D2E/DX2                !
 ! D7    D(7,1,6,5)           -178.4194         estimate D2E/DX2                !
 ! D8    D(7,1,6,9)              0.9989         estimate D2E/DX2                !
 ! D9    D(1,2,3,4)             -0.6486         estimate D2E/DX2                !
 ! D10   D(1,2,3,8)            177.938          estimate D2E/DX2                !
 ! D11   D(19,2,3,4)           179.3973         estimate D2E/DX2                !
 ! D12   D(19,2,3,8)            -2.0161         estimate D2E/DX2                !
 ! D13   D(1,2,19,20)          142.7186         estimate D2E/DX2                !
 ! D14   D(1,2,19,21)          -37.0225         estimate D2E/DX2                !
 ! D15   D(3,2,19,20)          -37.3282         estimate D2E/DX2                !
 ! D16   D(3,2,19,21)          142.9308         estimate D2E/DX2                !
 ! D17   D(2,3,4,5)              0.6619         estimate D2E/DX2                !
 ! D18   D(2,3,4,37)           178.4844         estimate D2E/DX2                !
 ! D19   D(8,3,4,5)           -177.9043         estimate D2E/DX2                !
 ! D20   D(8,3,4,37)            -0.0818         estimate D2E/DX2                !
 ! D21   D(3,4,5,6)             -0.2291         estimate D2E/DX2                !
 ! D22   D(3,4,5,15)          -179.8861         estimate D2E/DX2                !
 ! D23   D(37,4,5,6)          -178.4746         estimate D2E/DX2                !
 ! D24   D(37,4,5,15)            1.8684         estimate D2E/DX2                !
 ! D25   D(3,4,37,10)          179.9524         estimate D2E/DX2                !
 ! D26   D(3,4,37,38)            2.2176         estimate D2E/DX2                !
 ! D27   D(5,4,37,10)           -2.0424         estimate D2E/DX2                !
 ! D28   D(5,4,37,38)         -179.7772         estimate D2E/DX2                !
 ! D29   D(4,5,6,1)             -0.2076         estimate D2E/DX2                !
 ! D30   D(4,5,6,9)           -179.619          estimate D2E/DX2                !
 ! D31   D(15,5,6,1)           179.357          estimate D2E/DX2                !
 ! D32   D(15,5,6,9)            -0.0544         estimate D2E/DX2                !
 ! D33   D(4,5,15,10)           -0.9382         estimate D2E/DX2                !
 ! D34   D(4,5,15,14)          177.024          estimate D2E/DX2                !
 ! D35   D(6,5,15,10)          179.4573         estimate D2E/DX2                !
 ! D36   D(6,5,15,14)           -2.5806         estimate D2E/DX2                !
 ! D37   D(15,10,11,12)          2.1953         estimate D2E/DX2                !
 ! D38   D(15,10,11,16)       -178.9832         estimate D2E/DX2                !
 ! D39   D(37,10,11,12)        177.1219         estimate D2E/DX2                !
 ! D40   D(37,10,11,16)         -4.0567         estimate D2E/DX2                !
 ! D41   D(11,10,15,5)         175.6613         estimate D2E/DX2                !
 ! D42   D(11,10,15,14)         -2.5384         estimate D2E/DX2                !
 ! D43   D(37,10,15,5)          -0.3618         estimate D2E/DX2                !
 ! D44   D(37,10,15,14)       -178.5615         estimate D2E/DX2                !
 ! D45   D(11,10,37,4)        -173.8906         estimate D2E/DX2                !
 ! D46   D(11,10,37,38)          3.5348         estimate D2E/DX2                !
 ! D47   D(15,10,37,4)           1.4441         estimate D2E/DX2                !
 ! D48   D(15,10,37,38)        178.8696         estimate D2E/DX2                !
 ! D49   D(10,11,12,13)         -0.2483         estimate D2E/DX2                !
 ! D50   D(10,11,12,27)        179.6746         estimate D2E/DX2                !
 ! D51   D(16,11,12,13)       -179.0851         estimate D2E/DX2                !
 ! D52   D(16,11,12,27)          0.8379         estimate D2E/DX2                !
 ! D53   D(11,12,13,14)         -1.442          estimate D2E/DX2                !
 ! D54   D(11,12,13,17)       -179.0002         estimate D2E/DX2                !
 ! D55   D(27,12,13,14)        178.6352         estimate D2E/DX2                !
 ! D56   D(27,12,13,17)          1.077          estimate D2E/DX2                !
 ! D57   D(11,12,27,28)         34.9126         estimate D2E/DX2                !
 ! D58   D(11,12,27,29)       -145.0978         estimate D2E/DX2                !
 ! D59   D(13,12,27,28)       -145.1654         estimate D2E/DX2                !
 ! D60   D(13,12,27,29)         34.8242         estimate D2E/DX2                !
 ! D61   D(12,13,14,15)          1.1118         estimate D2E/DX2                !
 ! D62   D(12,13,14,18)       -177.7303         estimate D2E/DX2                !
 ! D63   D(17,13,14,15)        178.6829         estimate D2E/DX2                !
 ! D64   D(17,13,14,18)         -0.1592         estimate D2E/DX2                !
 ! D65   D(13,14,15,5)        -176.869          estimate D2E/DX2                !
 ! D66   D(13,14,15,10)          0.8876         estimate D2E/DX2                !
 ! D67   D(18,14,15,5)           1.9623         estimate D2E/DX2                !
 ! D68   D(18,14,15,10)        179.719          estimate D2E/DX2                !
 ! D69   D(2,19,20,22)         179.678          estimate D2E/DX2                !
 ! D70   D(2,19,20,23)          -2.2622         estimate D2E/DX2                !
 ! D71   D(21,19,20,22)         -0.5762         estimate D2E/DX2                !
 ! D72   D(21,19,20,23)        177.4837         estimate D2E/DX2                !
 ! D73   D(2,19,21,24)         179.5842         estimate D2E/DX2                !
 ! D74   D(2,19,21,25)          -1.0042         estimate D2E/DX2                !
 ! D75   D(20,19,21,24)         -0.1623         estimate D2E/DX2                !
 ! D76   D(20,19,21,25)        179.2493         estimate D2E/DX2                !
 ! D77   D(19,20,22,26)          0.0396         estimate D2E/DX2                !
 ! D78   D(19,20,22,58)        175.572          estimate D2E/DX2                !
 ! D79   D(23,20,22,26)       -178.0816         estimate D2E/DX2                !
 ! D80   D(23,20,22,58)         -2.5492         estimate D2E/DX2                !
 ! D81   D(19,21,24,26)          1.4341         estimate D2E/DX2                !
 ! D82   D(19,21,24,60)       -177.7187         estimate D2E/DX2                !
 ! D83   D(25,21,24,26)       -177.9748         estimate D2E/DX2                !
 ! D84   D(25,21,24,60)          2.8723         estimate D2E/DX2                !
 ! D85   D(20,22,26,24)          1.2099         estimate D2E/DX2                !
 ! D86   D(20,22,26,59)        175.955          estimate D2E/DX2                !
 ! D87   D(58,22,26,24)       -174.191          estimate D2E/DX2                !
 ! D88   D(58,22,26,59)          0.5541         estimate D2E/DX2                !
 ! D89   D(20,22,58,61)        109.2982         estimate D2E/DX2                !
 ! D90   D(26,22,58,61)        -75.1756         estimate D2E/DX2                !
 ! D91   D(21,24,26,22)         -1.9353         estimate D2E/DX2                !
 ! D92   D(21,24,26,59)       -176.5187         estimate D2E/DX2                !
 ! D93   D(60,24,26,22)        177.2858         estimate D2E/DX2                !
 ! D94   D(60,24,26,59)          2.7024         estimate D2E/DX2                !
 ! D95   D(21,24,60,69)          0.3815         estimate D2E/DX2                !
 ! D96   D(26,24,60,69)       -178.807          estimate D2E/DX2                !
 ! D97   D(22,26,59,65)        119.5879         estimate D2E/DX2                !
 ! D98   D(24,26,59,65)        -65.8643         estimate D2E/DX2                !
 ! D99   D(12,27,28,30)       -179.9322         estimate D2E/DX2                !
 ! D100  D(12,27,28,31)          1.5644         estimate D2E/DX2                !
 ! D101  D(29,27,28,30)          0.0779         estimate D2E/DX2                !
 ! D102  D(29,27,28,31)       -178.4255         estimate D2E/DX2                !
 ! D103  D(12,27,29,32)       -179.984          estimate D2E/DX2                !
 ! D104  D(12,27,29,33)          1.5236         estimate D2E/DX2                !
 ! D105  D(28,27,29,32)          0.0058         estimate D2E/DX2                !
 ! D106  D(28,27,29,33)       -178.4866         estimate D2E/DX2                !
 ! D107  D(27,28,30,34)         -0.0914         estimate D2E/DX2                !
 ! D108  D(27,28,30,35)       -179.3933         estimate D2E/DX2                !
 ! D109  D(31,28,30,34)        178.4277         estimate D2E/DX2                !
 ! D110  D(31,28,30,35)         -0.8742         estimate D2E/DX2                !
 ! D111  D(27,29,32,34)         -0.0729         estimate D2E/DX2                !
 ! D112  D(27,29,32,36)       -179.3936         estimate D2E/DX2                !
 ! D113  D(33,29,32,34)        178.435          estimate D2E/DX2                !
 ! D114  D(33,29,32,36)         -0.8857         estimate D2E/DX2                !
 ! D115  D(28,30,34,32)          0.0215         estimate D2E/DX2                !
 ! D116  D(28,30,34,48)       -179.9849         estimate D2E/DX2                !
 ! D117  D(35,30,34,32)        179.3298         estimate D2E/DX2                !
 ! D118  D(35,30,34,48)         -0.6766         estimate D2E/DX2                !
 ! D119  D(29,32,34,30)          0.0596         estimate D2E/DX2                !
 ! D120  D(29,32,34,48)       -179.934          estimate D2E/DX2                !
 ! D121  D(36,32,34,30)        179.3865         estimate D2E/DX2                !
 ! D122  D(36,32,34,48)         -0.607          estimate D2E/DX2                !
 ! D123  D(30,34,48,49)         -0.071          estimate D2E/DX2                !
 ! D124  D(30,34,48,50)        179.96           estimate D2E/DX2                !
 ! D125  D(32,34,48,49)        179.9228         estimate D2E/DX2                !
 ! D126  D(32,34,48,50)         -0.0463         estimate D2E/DX2                !
 ! D127  D(4,37,38,39)           7.4977         estimate D2E/DX2                !
 ! D128  D(4,37,38,40)        -172.1515         estimate D2E/DX2                !
 ! D129  D(10,37,38,39)       -169.5529         estimate D2E/DX2                !
 ! D130  D(10,37,38,40)         10.7979         estimate D2E/DX2                !
 ! D131  D(37,38,40,41)       -145.8011         estimate D2E/DX2                !
 ! D132  D(37,38,40,42)         39.1313         estimate D2E/DX2                !
 ! D133  D(39,38,40,41)         34.5444         estimate D2E/DX2                !
 ! D134  D(39,38,40,42)       -140.5232         estimate D2E/DX2                !
 ! D135  D(38,40,41,43)       -178.1935         estimate D2E/DX2                !
 ! D136  D(38,40,41,44)          2.5627         estimate D2E/DX2                !
 ! D137  D(42,40,41,43)         -2.826          estimate D2E/DX2                !
 ! D138  D(42,40,41,44)        177.9302         estimate D2E/DX2                !
 ! D139  D(38,40,42,45)        177.1089         estimate D2E/DX2                !
 ! D140  D(38,40,42,46)         -0.7443         estimate D2E/DX2                !
 ! D141  D(41,40,42,45)          1.9638         estimate D2E/DX2                !
 ! D142  D(41,40,42,46)       -175.8894         estimate D2E/DX2                !
 ! D143  D(40,41,43,47)          1.6268         estimate D2E/DX2                !
 ! D144  D(40,41,43,57)       -178.9672         estimate D2E/DX2                !
 ! D145  D(44,41,43,47)       -179.1283         estimate D2E/DX2                !
 ! D146  D(44,41,43,57)          0.2777         estimate D2E/DX2                !
 ! D147  D(40,42,45,47)          0.089          estimate D2E/DX2                !
 ! D148  D(40,42,45,56)       -179.1983         estimate D2E/DX2                !
 ! D149  D(46,42,45,47)        177.9646         estimate D2E/DX2                !
 ! D150  D(46,42,45,56)         -1.3227         estimate D2E/DX2                !
 ! D151  D(41,43,47,45)          0.5236         estimate D2E/DX2                !
 ! D152  D(41,43,47,51)        179.7406         estimate D2E/DX2                !
 ! D153  D(57,43,47,45)       -178.8946         estimate D2E/DX2                !
 ! D154  D(57,43,47,51)          0.3224         estimate D2E/DX2                !
 ! D155  D(42,45,47,43)         -1.3667         estimate D2E/DX2                !
 ! D156  D(42,45,47,51)        179.4882         estimate D2E/DX2                !
 ! D157  D(56,45,47,43)        177.906          estimate D2E/DX2                !
 ! D158  D(56,45,47,51)         -1.2391         estimate D2E/DX2                !
 ! D159  D(43,47,51,52)       -179.6079         estimate D2E/DX2                !
 ! D160  D(45,47,51,52)         -0.4359         estimate D2E/DX2                !
 ! D161  D(47,51,52,53)         61.7563         estimate D2E/DX2                !
 ! D162  D(47,51,52,54)       -179.5187         estimate D2E/DX2                !
 ! D163  D(47,51,52,55)        -60.7667         estimate D2E/DX2                !
 ! D164  D(22,58,61,62)         65.4333         estimate D2E/DX2                !
 ! D165  D(22,58,61,63)       -175.6042         estimate D2E/DX2                !
 ! D166  D(22,58,61,64)        -56.9617         estimate D2E/DX2                !
 ! D167  D(26,59,65,66)         67.0994         estimate D2E/DX2                !
 ! D168  D(26,59,65,67)       -173.4842         estimate D2E/DX2                !
 ! D169  D(26,59,65,68)        -55.0696         estimate D2E/DX2                !
 ! D170  D(24,60,69,70)        -62.1447         estimate D2E/DX2                !
 ! D171  D(24,60,69,71)         60.461          estimate D2E/DX2                !
 ! D172  D(24,60,69,72)        179.1566         estimate D2E/DX2                !
 --------------------------------------------------------------------------------
 Trust Radius=3.00D-01 FncErr=1.00D-07 GrdErr=1.00D-06
 Number of steps in this run= 386 maximum allowed number of steps= 432.
 GradGradGradGradGradGradGradGradGradGradGradGradGradGradGradGradGradGrad

 Stoichiometry    C36H29NO6(1-,2)
 Framework group  C1[X(C36H29NO6)]
 Deg. of freedom   210
 Full point group                 C1      NOp   1
 Largest Abelian subgroup         C1      NOp   1
 Largest concise Abelian subgroup C1      NOp   1
                         Standard orientation:                         
 ---------------------------------------------------------------------
 Center     Atomic      Atomic             Coordinates (Angstroms)
 Number     Number       Type             X           Y           Z
 ---------------------------------------------------------------------
      1          6           0        3.114162   -2.563062   -0.134365
      2          6           0        3.445342   -1.189582   -0.165633
      3          6           0        2.406185   -0.239393   -0.145635
      4          6           0        1.075334   -0.658095   -0.109409
      5          6           0        0.764720   -2.038257   -0.078494
      6          6           0        1.786553   -2.992248   -0.088797
      7          1           0        3.908629   -3.303873   -0.168597
      8          1           0        2.654749    0.818860   -0.135352
      9          1           0        1.560951   -4.056068   -0.071521
     10          6           0       -1.273794   -0.878997   -0.036937
     11          6           0       -2.663181   -0.752961   -0.099658
     12          6           0       -3.483235   -1.899301   -0.125935
     13          6           0       -2.882483   -3.176288   -0.093404
     14          6           0       -1.495312   -3.319275   -0.065973
     15          6           0       -0.690863   -2.176709   -0.047232
     16          1           0       -3.125717    0.226873   -0.109558
     17          1           0       -3.505831   -4.065567   -0.129749
     18          1           0       -1.052318   -4.312201   -0.078453
     19          6           0        4.865995   -0.751797   -0.217738
     20          6           0        5.245743    0.363483   -0.976139
     21          6           0        5.858209   -1.455228    0.491578
     22          6           0        6.580531    0.778847   -1.019582
     23          1           0        4.521900    0.912178   -1.571422
     24          6           0        7.197279   -1.055276    0.440891
     25          1           0        5.574829   -2.312131    1.091457
     26          6           0        7.573538    0.087872   -0.304765
     27          6           0       -4.958356   -1.762456   -0.185276
     28          6           0       -5.561873   -0.711178   -0.908126
     29          6           0       -5.799398   -2.680317    0.479610
     30          6           0       -6.944502   -0.574835   -0.967698
     31          1           0       -4.942870   -0.003689   -1.451515
     32          6           0       -7.183966   -2.560429    0.429511
     33          1           0       -5.365076   -3.485584    1.064391
     34          6           0       -7.744126   -1.504513   -0.295911
     35          1           0       -7.402580    0.229055   -1.532562
     36          1           0       -7.824668   -3.262882    0.950300
     37          6           0       -0.182539    0.129876   -0.052964
     38          6           0       -0.196789    1.490796   -0.071366
     39          1           0        0.768521    1.964050   -0.258851
     40          6           0       -1.286523    2.452428    0.123984
     41          6           0       -1.271868    3.663885   -0.605608
     42          6           0       -2.306160    2.285036    1.077466
     43          6           0       -2.257111    4.626842   -0.433823
     44          1           0       -0.477283    3.841337   -1.327378
     45          6           0       -3.295195    3.251878    1.275420
     46          1           0       -2.313663    1.398807    1.705473
     47          6           0       -3.283430    4.426193    0.506969
     48          7           0       -9.199217   -1.369357   -0.353180
     49          8           0       -9.674990   -0.432243   -0.995749
     50          8           0       -9.887686   -2.198037    0.244077
     51          8           0       -4.201890    5.426453    0.610088
     52          6           0       -5.265905    5.284469    1.556314
     53          1           0       -4.877910    5.214012    2.580115
     54          1           0       -5.871283    6.186990    1.457048
     55          1           0       -5.880295    4.403833    1.331380
     56          1           0       -4.053964    3.084168    2.031948
     57          1           0       -2.246125    5.547322   -1.011338
     58          8           0        6.906689    1.824913   -1.855734
     59          8           0        8.884389    0.473305   -0.437516
     60          8           0        8.215557   -1.715041    1.065605
     61          6           0        7.246871    3.062415   -1.210486
     62          1           0        8.169211    2.968125   -0.627767
     63          1           0        7.396380    3.791130   -2.010933
     64          1           0        6.427310    3.395219   -0.560136
     65          6           0        9.559668    0.908719    0.759341
     66          1           0        9.690587    0.081878    1.462660
     67          1           0       10.533988    1.279438    0.432186
     68          1           0        9.001129    1.721479    1.241291
     69          6           0        7.910359   -2.893786    1.815284
     70          1           0        7.235978   -2.669423    2.651136
     71          1           0        7.463869   -3.665300    1.175737
     72          1           0        8.866241   -3.249869    2.203622
 ---------------------------------------------------------------------
 Rotational constants (GHZ):      0.1342653      0.0267925      0.0230488
 Standard basis: 6-31++G(d,p) (6D, 7F)
 There are   991 symmetry adapted basis functions of A   symmetry.
 Integral buffers will be    262144 words long.
 Raffenetti 2 integral format.
 Two-electron integral symmetry is turned on.
   991 basis functions,  1608 primitive gaussians,   991 cartesian basis functions
   151 alpha electrons      150 beta electrons
       nuclear repulsion energy      4424.2110825999 Hartrees.
 NAtoms=   72 NActive=   72 NUniq=   72 SFac= 7.50D-01 NAtFMM=   80 NAOKFM=F Big=T
 ------------------------------------------------------------------------------
 Polarizable Continuum Model (PCM)
 =================================
 Model                : C-PCM.
 Atomic radii         : UFF (Universal Force Field).
 Polarization charges : Total charges.
 Charge compensation  : None.
 Solution method      : Matrix inversion.
 Cavity type          : Scaled VdW (van der Waals Surface) (Alpha=1.100).
 Cavity algorithm     : GePol (No added spheres)
                        Default sphere list used, NSphG=   72.
                        Lebedev-Laikov grids with approx.  5.0 points / Ang**2.
                        Smoothing algorithm: Karplus/York (Gamma=1.0000).
                        Polarization charges: spherical gaussians, with
                                              point-specific exponents (IZeta= 3).
                        Self-potential: point-specific (ISelfS= 7).
                        Self-field    : sphere-specific E.n sum rule (ISelfD= 2).
 1st derivatives      : Analytical E(r).r(x)/FMM algorithm (CHGder, D1EAlg=3).
                        Cavity 1st derivative terms included.
 Solvent              : Dichloromethane, Eps=   8.930000 Eps(inf)=   2.028346
 ------------------------------------------------------------------------------
 One-electron integrals computed using PRISM.
 NBasis=   991 RedAO= T  NBF=   991
 NBsUse=   973 1.00D-06 NBFU=   973
 Harris functional with IExCor=  402 diagonalized for initial guess.
 ExpMin= 3.60D-02 ExpMax= 5.48D+03 ExpMxC= 8.25D+02 IAcc=3 IRadAn=         0 AccDes= 0.00D+00
 HarFok:  IExCor=  402 AccDes= 0.00D+00 IRadAn=         0 IDoV= 1
 ScaDFX=  1.000000  1.000000  1.000000  1.000000
 FoFCou: FMM=F IPFlag=           0 FMFlag=      100000 FMFlg1=           1
         NFxFlg=           0 DoJE=T BraDBF=F KetDBF=T FulRan=T
         Omega=  0.000000  0.000000  1.000000  0.000000  0.000000 ICntrl=     500 IOpCl=  0
         NMat0=    1 NMatS0=    1 NMatT0=    0 NMatD0=    1 NMtDS0=    0 NMtDT0=    0
         I1Cent=           4 NGrid=           0.
 Petite list used in FoFCou.
 Initial guess orbital symmetries:
 Alpha Orbitals:
       Occupied  (A) (A) (A) (A) (A) (A) (A) (A) (A) (A) (A) (A)
                 (A) (A) (A) (A) (A) (A) (A) (A) (A) (A) (A) (A)
                 (A) (A) (A) (A) (A) (A) (A) (A) (A) (A) (A) (A)
                 (A) (A) (A) (A) (A) (A) (A) (A) (A) (A) (A) (A)
                 (A) (A) (A) (A) (A) (A) (A) (A) (A) (A) (A) (A)
                 (A) (A) (A) (A) (A) (A) (A) (A) (A) (A) (A) (A)
                 (A) (A) (A) (A) (A) (A) (A) (A) (A) (A) (A) (A)
                 (A) (A) (A) (A) (A) (A) (A) (A) (A) (A) (A) (A)
                 (A) (A) (A) (A) (A) (A) (A) (A) (A) (A) (A) (A)
                 (A) (A) (A) (A) (A) (A) (A) (A) (A) (A) (A) (A)
                 (A) (A) (A) (A) (A) (A) (A) (A) (A) (A) (A) (A)
                 (A) (A) (A) (A) (A) (A) (A) (A) (A) (A) (A) (A)
                 (A) (A) (A) (A) (A) (A) (A)
       Virtual   (A) (A) (A) (A) (A) (A) (A) (A) (A) (A) (A) (A)
                 (A) (A) (A) (A) (A) (A) (A) (A) (A) (A) (A) (A)
                 (A) (A) (A) (A) (A) (A) (A) (A) (A) (A) (A) (A)
                 (A) (A) (A) (A) (A) (A) (A) (A) (A) (A) (A) (A)
                 (A) (A) (A) (A) (A) (A) (A) (A) (A) (A) (A) (A)
                 (A) (A) (A) (A) (A) (A) (A) (A) (A) (A) (A) (A)
                 (A) (A) (A) (A) (A) (A) (A) (A) (A) (A) (A) (A)
                 (A) (A) (A) (A) (A) (A) (A) (A) (A) (A) (A) (A)
                 (A) (A) (A) (A) (A) (A) (A) (A) (A) (A) (A) (A)
                 (A) (A) (A) (A) (A) (A) (A) (A) (A) (A) (A) (A)
                 (A) (A) (A) (A) (A) (A) (A) (A) (A) (A) (A) (A)
                 (A) (A) (A) (A) (A) (A) (A) (A) (A) (A) (A) (A)
                 (A) (A) (A) (A) (A) (A) (A) (A) (A) (A) (A) (A)
                 (A) (A) (A) (A) (A) (A) (A) (A) (A) (A) (A) (A)
                 (A) (A) (A) (A) (A) (A) (A) (A) (A) (A) (A) (A)
                 (A) (A) (A) (A) (A) (A) (A) (A) (A) (A) (A) (A)
                 (A) (A) (A) (A) (A) (A) (A) (A) (A) (A) (A) (A)
                 (A) (A) (A) (A) (A) (A) (A) (A) (A) (A) (A) (A)
                 (A) (A) (A) (A) (A) (A) (A) (A) (A) (A) (A) (A)
                 (A) (A) (A) (A) (A) (A) (A) (A) (A) (A) (A) (A)
                 (A) (A) (A) (A) (A) (A) (A) (A) (A) (A) (A) (A)
                 (A) (A) (A) (A) (A) (A) (A) (A) (A) (A) (A) (A)
                 (A) (A) (A) (A) (A) (A) (A) (A) (A) (A) (A) (A)
                 (A) (A) (A) (A) (A) (A) (A) (A) (A) (A) (A) (A)
                 (A) (A) (A) (A) (A) (A) (A) (A) (A) (A) (A) (A)
                 (A) (A) (A) (A) (A) (A) (A) (A) (A) (A) (A) (A)
                 (A) (A) (A) (A) (A) (A) (A) (A) (A) (A) (A) (A)
                 (A) (A) (A) (A) (A) (A) (A) (A) (A) (A) (A) (A)
                 (A) (A) (A) (A) (A) (A) (A) (A) (A) (A) (A) (A)
                 (A) (A) (A) (A) (A) (A) (A) (A) (A) (A) (A) (A)
                 (A) (A) (A) (A) (A) (A) (A) (A) (A) (A) (A) (A)
                 (A) (A) (A) (A) (A) (A) (A) (A) (A) (A) (A) (A)
                 (A) (A) (A) (A) (A) (A) (A) (A) (A) (A) (A) (A)
                 (A) (A) (A) (A) (A) (A) (A) (A) (A) (A) (A) (A)
                 (A) (A) (A) (A) (A) (A) (A) (A) (A) (A) (A) (A)
                 (A) (A) (A) (A) (A) (A) (A) (A) (A) (A) (A) (A)
                 (A) (A) (A) (A) (A) (A) (A) (A) (A) (A) (A) (A)
                 (A) (A) (A) (A) (A) (A) (A) (A) (A) (A) (A) (A)
                 (A) (A) (A) (A) (A) (A) (A) (A) (A) (A) (A) (A)
                 (A) (A) (A) (A) (A) (A) (A) (A) (A) (A) (A) (A)
                 (A) (A) (A) (A) (A) (A) (A) (A) (A) (A) (A) (A)
                 (A) (A) (A) (A) (A) (A) (A) (A) (A) (A) (A) (A)
                 (A) (A) (A) (A) (A) (A) (A) (A) (A) (A) (A) (A)
                 (A) (A) (A) (A) (A) (A) (A) (A) (A) (A) (A) (A)
                 (A) (A) (A) (A) (A) (A) (A) (A) (A) (A) (A) (A)
                 (A) (A) (A) (A) (A) (A) (A) (A) (A) (A) (A) (A)
                 (A) (A) (A) (A) (A) (A) (A) (A) (A) (A) (A) (A)
                 (A) (A) (A) (A) (A) (A) (A) (A) (A) (A) (A) (A)
                 (A) (A) (A) (A) (A) (A) (A) (A) (A) (A) (A) (A)
                 (A) (A) (A) (A) (A) (A) (A) (A) (A) (A) (A) (A)
                 (A) (A) (A) (A) (A) (A) (A) (A) (A) (A) (A) (A)
                 (A) (A) (A) (A) (A) (A) (A) (A) (A) (A) (A) (A)
                 (A) (A) (A) (A) (A) (A) (A) (A) (A) (A) (A) (A)
                 (A) (A) (A) (A) (A) (A) (A) (A) (A) (A) (A) (A)
                 (A) (A) (A) (A) (A) (A) (A) (A) (A) (A) (A) (A)
                 (A) (A) (A) (A) (A) (A) (A) (A) (A) (A) (A) (A)
                 (A) (A) (A) (A) (A) (A) (A) (A) (A) (A) (A) (A)
                 (A) (A) (A) (A) (A) (A) (A) (A) (A) (A) (A) (A)
                 (A) (A) (A) (A) (A) (A) (A) (A) (A) (A) (A) (A)
                 (A) (A) (A) (A) (A) (A) (A) (A) (A) (A) (A) (A)
                 (A) (A) (A) (A) (A) (A) (A) (A) (A) (A) (A) (A)
                 (A) (A) (A) (A) (A) (A) (A) (A) (A) (A) (A) (A)
                 (A) (A) (A) (A) (A) (A) (A) (A) (A) (A) (A) (A)
                 (A) (A) (A) (A) (A) (A) (A) (A) (A) (A) (A) (A)
                 (A) (A) (A) (A) (A) (A) (A) (A) (A) (A) (A) (A)
                 (A) (A) (A) (A) (A) (A) (A) (A) (A) (A) (A) (A)
                 (A) (A) (A) (A) (A) (A) (A) (A) (A) (A) (A) (A)
                 (A) (A) (A) (A) (A) (A) (A) (A) (A) (A) (A) (A)
                 (A) (A) (A) (A) (A) (A)
 Beta  Orbitals:
       Occupied  (A) (A) (A) (A) (A) (A) (A) (A) (A) (A) (A) (A)
                 (A) (A) (A) (A) (A) (A) (A) (A) (A) (A) (A) (A)
                 (A) (A) (A) (A) (A) (A) (A) (A) (A) (A) (A) (A)
                 (A) (A) (A) (A) (A) (A) (A) (A) (A) (A) (A) (A)
                 (A) (A) (A) (A) (A) (A) (A) (A) (A) (A) (A) (A)
                 (A) (A) (A) (A) (A) (A) (A) (A) (A) (A) (A) (A)
                 (A) (A) (A) (A) (A) (A) (A) (A) (A) (A) (A) (A)
                 (A) (A) (A) (A) (A) (A) (A) (A) (A) (A) (A) (A)
                 (A) (A) (A) (A) (A) (A) (A) (A) (A) (A) (A) (A)
                 (A) (A) (A) (A) (A) (A) (A) (A) (A) (A) (A) (A)
                 (A) (A) (A) (A) (A) (A) (A) (A) (A) (A) (A) (A)
                 (A) (A) (A) (A) (A) (A) (A) (A) (A) (A) (A) (A)
                 (A) (A) (A) (A) (A) (A)
       Virtual   (A) (A) (A) (A) (A) (A) (A) (A) (A) (A) (A) (A)
                 (A) (A) (A) (A) (A) (A) (A) (A) (A) (A) (A) (A)
                 (A) (A) (A) (A) (A) (A) (A) (A) (A) (A) (A) (A)
                 (A) (A) (A) (A) (A) (A) (A) (A) (A) (A) (A) (A)
                 (A) (A) (A) (A) (A) (A) (A) (A) (A) (A) (A) (A)
                 (A) (A) (A) (A) (A) (A) (A) (A) (A) (A) (A) (A)
                 (A) (A) (A) (A) (A) (A) (A) (A) (A) (A) (A) (A)
                 (A) (A) (A) (A) (A) (A) (A) (A) (A) (A) (A) (A)
                 (A) (A) (A) (A) (A) (A) (A) (A) (A) (A) (A) (A)
                 (A) (A) (A) (A) (A) (A) (A) (A) (A) (A) (A) (A)
                 (A) (A) (A) (A) (A) (A) (A) (A) (A) (A) (A) (A)
                 (A) (A) (A) (A) (A) (A) (A) (A) (A) (A) (A) (A)
                 (A) (A) (A) (A) (A) (A) (A) (A) (A) (A) (A) (A)
                 (A) (A) (A) (A) (A) (A) (A) (A) (A) (A) (A) (A)
                 (A) (A) (A) (A) (A) (A) (A) (A) (A) (A) (A) (A)
                 (A) (A) (A) (A) (A) (A) (A) (A) (A) (A) (A) (A)
                 (A) (A) (A) (A) (A) (A) (A) (A) (A) (A) (A) (A)
                 (A) (A) (A) (A) (A) (A) (A) (A) (A) (A) (A) (A)
                 (A) (A) (A) (A) (A) (A) (A) (A) (A) (A) (A) (A)
                 (A) (A) (A) (A) (A) (A) (A) (A) (A) (A) (A) (A)
                 (A) (A) (A) (A) (A) (A) (A) (A) (A) (A) (A) (A)
                 (A) (A) (A) (A) (A) (A) (A) (A) (A) (A) (A) (A)
                 (A) (A) (A) (A) (A) (A) (A) (A) (A) (A) (A) (A)
                 (A) (A) (A) (A) (A) (A) (A) (A) (A) (A) (A) (A)
                 (A) (A) (A) (A) (A) (A) (A) (A) (A) (A) (A) (A)
                 (A) (A) (A) (A) (A) (A) (A) (A) (A) (A) (A) (A)
                 (A) (A) (A) (A) (A) (A) (A) (A) (A) (A) (A) (A)
                 (A) (A) (A) (A) (A) (A) (A) (A) (A) (A) (A) (A)
                 (A) (A) (A) (A) (A) (A) (A) (A) (A) (A) (A) (A)
                 (A) (A) (A) (A) (A) (A) (A) (A) (A) (A) (A) (A)
                 (A) (A) (A) (A) (A) (A) (A) (A) (A) (A) (A) (A)
                 (A) (A) (A) (A) (A) (A) (A) (A) (A) (A) (A) (A)
                 (A) (A) (A) (A) (A) (A) (A) (A) (A) (A) (A) (A)
                 (A) (A) (A) (A) (A) (A) (A) (A) (A) (A) (A) (A)
                 (A) (A) (A) (A) (A) (A) (A) (A) (A) (A) (A) (A)
                 (A) (A) (A) (A) (A) (A) (A) (A) (A) (A) (A) (A)
                 (A) (A) (A) (A) (A) (A) (A) (A) (A) (A) (A) (A)
                 (A) (A) (A) (A) (A) (A) (A) (A) (A) (A) (A) (A)
                 (A) (A) (A) (A) (A) (A) (A) (A) (A) (A) (A) (A)
                 (A) (A) (A) (A) (A) (A) (A) (A) (A) (A) (A) (A)
                 (A) (A) (A) (A) (A) (A) (A) (A) (A) (A) (A) (A)
                 (A) (A) (A) (A) (A) (A) (A) (A) (A) (A) (A) (A)
                 (A) (A) (A) (A) (A) (A) (A) (A) (A) (A) (A) (A)
                 (A) (A) (A) (A) (A) (A) (A) (A) (A) (A) (A) (A)
                 (A) (A) (A) (A) (A) (A) (A) (A) (A) (A) (A) (A)
                 (A) (A) (A) (A) (A) (A) (A) (A) (A) (A) (A) (A)
                 (A) (A) (A) (A) (A) (A) (A) (A) (A) (A) (A) (A)
                 (A) (A) (A) (A) (A) (A) (A) (A) (A) (A) (A) (A)
                 (A) (A) (A) (A) (A) (A) (A) (A) (A) (A) (A) (A)
                 (A) (A) (A) (A) (A) (A) (A) (A) (A) (A) (A) (A)
                 (A) (A) (A) (A) (A) (A) (A) (A) (A) (A) (A) (A)
                 (A) (A) (A) (A) (A) (A) (A) (A) (A) (A) (A) (A)
                 (A) (A) (A) (A) (A) (A) (A) (A) (A) (A) (A) (A)
                 (A) (A) (A) (A) (A) (A) (A) (A) (A) (A) (A) (A)
                 (A) (A) (A) (A) (A) (A) (A) (A) (A) (A) (A) (A)
                 (A) (A) (A) (A) (A) (A) (A) (A) (A) (A) (A) (A)
                 (A) (A) (A) (A) (A) (A) (A) (A) (A) (A) (A) (A)
                 (A) (A) (A) (A) (A) (A) (A) (A) (A) (A) (A) (A)
                 (A) (A) (A) (A) (A) (A) (A) (A) (A) (A) (A) (A)
                 (A) (A) (A) (A) (A) (A) (A) (A) (A) (A) (A) (A)
                 (A) (A) (A) (A) (A) (A) (A) (A) (A) (A) (A) (A)
                 (A) (A) (A) (A) (A) (A) (A) (A) (A) (A) (A) (A)
                 (A) (A) (A) (A) (A) (A) (A) (A) (A) (A) (A) (A)
                 (A) (A) (A) (A) (A) (A) (A) (A) (A) (A) (A) (A)
                 (A) (A) (A) (A) (A) (A) (A) (A) (A) (A) (A) (A)
                 (A) (A) (A) (A) (A) (A) (A) (A) (A) (A) (A) (A)
                 (A) (A) (A) (A) (A) (A) (A) (A) (A) (A) (A) (A)
                 (A) (A) (A) (A) (A) (A) (A) (A) (A) (A) (A) (A)
                 (A) (A) (A) (A) (A) (A) (A)
 The electronic state of the initial guess is 2-A.
 Initial guess <Sx>= 0.0000 <Sy>= 0.0000 <Sz>= 0.5000 <S**2>= 0.7500 S= 0.5000
 Requested convergence on RMS density matrix=1.00D-08 within 128 cycles.
 Requested convergence on MAX density matrix=1.00D-06.
 Requested convergence on             energy=1.00D-06.
 No special actions if energy rises.
 Restarting incremental Fock formation.
 Restarting incremental Fock formation.
 Error on total polarization charges =  0.03040
 SCF Done:  E(UB3LYP) =  -1895.49696413     A.U. after   44 cycles
             Convg  =    0.7352D-08             -V/T =  2.0093
 <Sx>= 0.0000 <Sy>= 0.0000 <Sz>= 0.5000 <S**2>= 0.7599 S= 0.5049
 <L.S>= 0.000000000000E+00
 Annihilation of the first spin contaminant:
 S**2 before annihilation     0.7599,   after     0.7501
 DiagDN has N=   991 LTot=  3005 but NE2=     3 cannot use DSYEVD.

 **********************************************************************

            Population analysis using the SCF density.

 **********************************************************************

 Orbital symmetries:
 Alpha Orbitals:
       Occupied  (A) (A) (A) (A) (A) (A) (A) (A) (A) (A) (A) (A)
                 (A) (A) (A) (A) (A) (A) (A) (A) (A) (A) (A) (A)
                 (A) (A) (A) (A) (A) (A) (A) (A) (A) (A) (A) (A)
                 (A) (A) (A) (A) (A) (A) (A) (A) (A) (A) (A) (A)
                 (A) (A) (A) (A) (A) (A) (A) (A) (A) (A) (A) (A)
                 (A) (A) (A) (A) (A) (A) (A) (A) (A) (A) (A) (A)
                 (A) (A) (A) (A) (A) (A) (A) (A) (A) (A) (A) (A)
                 (A) (A) (A) (A) (A) (A) (A) (A) (A) (A) (A) (A)
                 (A) (A) (A) (A) (A) (A) (A) (A) (A) (A) (A) (A)
                 (A) (A) (A) (A) (A) (A) (A) (A) (A) (A) (A) (A)
                 (A) (A) (A) (A) (A) (A) (A) (A) (A) (A) (A) (A)
                 (A) (A) (A) (A) (A) (A) (A) (A) (A) (A) (A) (A)
                 (A) (A) (A) (A) (A) (A) (A)
       Virtual   (A) (A) (A) (A) (A) (A) (A) (A) (A) (A) (A) (A)
                 (A) (A) (A) (A) (A) (A) (A) (A) (A) (A) (A) (A)
                 (A) (A) (A) (A) (A) (A) (A) (A) (A) (A) (A) (A)
                 (A) (A) (A) (A) (A) (A) (A) (A) (A) (A) (A) (A)
                 (A) (A) (A) (A) (A) (A) (A) (A) (A) (A) (A) (A)
                 (A) (A) (A) (A) (A) (A) (A) (A) (A) (A) (A) (A)
                 (A) (A) (A) (A) (A) (A) (A) (A) (A) (A) (A) (A)
                 (A) (A) (A) (A) (A) (A) (A) (A) (A) (A) (A) (A)
                 (A) (A) (A) (A) (A) (A) (A) (A) (A) (A) (A) (A)
                 (A) (A) (A) (A) (A) (A) (A) (A) (A) (A) (A) (A)
                 (A) (A) (A) (A) (A) (A) (A) (A) (A) (A) (A) (A)
                 (A) (A) (A) (A) (A) (A) (A) (A) (A) (A) (A) (A)
                 (A) (A) (A) (A) (A) (A) (A) (A) (A) (A) (A) (A)
                 (A) (A) (A) (A) (A) (A) (A) (A) (A) (A) (A) (A)
                 (A) (A) (A) (A) (A) (A) (A) (A) (A) (A) (A) (A)
                 (A) (A) (A) (A) (A) (A) (A) (A) (A) (A) (A) (A)
                 (A) (A) (A) (A) (A) (A) (A) (A) (A) (A) (A) (A)
                 (A) (A) (A) (A) (A) (A) (A) (A) (A) (A) (A) (A)
                 (A) (A) (A) (A) (A) (A) (A) (A) (A) (A) (A) (A)
                 (A) (A) (A) (A) (A) (A) (A) (A) (A) (A) (A) (A)
                 (A) (A) (A) (A) (A) (A) (A) (A) (A) (A) (A) (A)
                 (A) (A) (A) (A) (A) (A) (A) (A) (A) (A) (A) (A)
                 (A) (A) (A) (A) (A) (A) (A) (A) (A) (A) (A) (A)
                 (A) (A) (A) (A) (A) (A) (A) (A) (A) (A) (A) (A)
                 (A) (A) (A) (A) (A) (A) (A) (A) (A) (A) (A) (A)
                 (A) (A) (A) (A) (A) (A) (A) (A) (A) (A) (A) (A)
                 (A) (A) (A) (A) (A) (A) (A) (A) (A) (A) (A) (A)
                 (A) (A) (A) (A) (A) (A) (A) (A) (A) (A) (A) (A)
                 (A) (A) (A) (A) (A) (A) (A) (A) (A) (A) (A) (A)
                 (A) (A) (A) (A) (A) (A) (A) (A) (A) (A) (A) (A)
                 (A) (A) (A) (A) (A) (A) (A) (A) (A) (A) (A) (A)
                 (A) (A) (A) (A) (A) (A) (A) (A) (A) (A) (A) (A)
                 (A) (A) (A) (A) (A) (A) (A) (A) (A) (A) (A) (A)
                 (A) (A) (A) (A) (A) (A) (A) (A) (A) (A) (A) (A)
                 (A) (A) (A) (A) (A) (A) (A) (A) (A) (A) (A) (A)
                 (A) (A) (A) (A) (A) (A) (A) (A) (A) (A) (A) (A)
                 (A) (A) (A) (A) (A) (A) (A) (A) (A) (A) (A) (A)
                 (A) (A) (A) (A) (A) (A) (A) (A) (A) (A) (A) (A)
                 (A) (A) (A) (A) (A) (A) (A) (A) (A) (A) (A) (A)
                 (A) (A) (A) (A) (A) (A) (A) (A) (A) (A) (A) (A)
                 (A) (A) (A) (A) (A) (A) (A) (A) (A) (A) (A) (A)
                 (A) (A) (A) (A) (A) (A) (A) (A) (A) (A) (A) (A)
                 (A) (A) (A) (A) (A) (A) (A) (A) (A) (A) (A) (A)
                 (A) (A) (A) (A) (A) (A) (A) (A) (A) (A) (A) (A)
                 (A) (A) (A) (A) (A) (A) (A) (A) (A) (A) (A) (A)
                 (A) (A) (A) (A) (A) (A) (A) (A) (A) (A) (A) (A)
                 (A) (A) (A) (A) (A) (A) (A) (A) (A) (A) (A) (A)
                 (A) (A) (A) (A) (A) (A) (A) (A) (A) (A) (A) (A)
                 (A) (A) (A) (A) (A) (A) (A) (A) (A) (A) (A) (A)
                 (A) (A) (A) (A) (A) (A) (A) (A) (A) (A) (A) (A)
                 (A) (A) (A) (A) (A) (A) (A) (A) (A) (A) (A) (A)
                 (A) (A) (A) (A) (A) (A) (A) (A) (A) (A) (A) (A)
                 (A) (A) (A) (A) (A) (A) (A) (A) (A) (A) (A) (A)
                 (A) (A) (A) (A) (A) (A) (A) (A) (A) (A) (A) (A)
                 (A) (A) (A) (A) (A) (A) (A) (A) (A) (A) (A) (A)
                 (A) (A) (A) (A) (A) (A) (A) (A) (A) (A) (A) (A)
                 (A) (A) (A) (A) (A) (A) (A) (A) (A) (A) (A) (A)
                 (A) (A) (A) (A) (A) (A) (A) (A) (A) (A) (A) (A)
                 (A) (A) (A) (A) (A) (A) (A) (A) (A) (A) (A) (A)
                 (A) (A) (A) (A) (A) (A) (A) (A) (A) (A) (A) (A)
                 (A) (A) (A) (A) (A) (A) (A) (A) (A) (A) (A) (A)
                 (A) (A) (A) (A) (A) (A) (A) (A) (A) (A) (A) (A)
                 (A) (A) (A) (A) (A) (A) (A) (A) (A) (A) (A) (A)
                 (A) (A) (A) (A) (A) (A) (A) (A) (A) (A) (A) (A)
                 (A) (A) (A) (A) (A) (A) (A) (A) (A) (A) (A) (A)
                 (A) (A) (A) (A) (A) (A) (A) (A) (A) (A) (A) (A)
                 (A) (A) (A) (A) (A) (A) (A) (A) (A) (A) (A) (A)
                 (A) (A) (A) (A) (A) (A) (A) (A) (A) (A) (A) (A)
                 (A) (A) (A) (A) (A) (A)
 Beta  Orbitals:
       Occupied  (A) (A) (A) (A) (A) (A) (A) (A) (A) (A) (A) (A)
                 (A) (A) (A) (A) (A) (A) (A) (A) (A) (A) (A) (A)
                 (A) (A) (A) (A) (A) (A) (A) (A) (A) (A) (A) (A)
                 (A) (A) (A) (A) (A) (A) (A) (A) (A) (A) (A) (A)
                 (A) (A) (A) (A) (A) (A) (A) (A) (A) (A) (A) (A)
                 (A) (A) (A) (A) (A) (A) (A) (A) (A) (A) (A) (A)
                 (A) (A) (A) (A) (A) (A) (A) (A) (A) (A) (A) (A)
                 (A) (A) (A) (A) (A) (A) (A) (A) (A) (A) (A) (A)
                 (A) (A) (A) (A) (A) (A) (A) (A) (A) (A) (A) (A)
                 (A) (A) (A) (A) (A) (A) (A) (A) (A) (A) (A) (A)
                 (A) (A) (A) (A) (A) (A) (A) (A) (A) (A) (A) (A)
                 (A) (A) (A) (A) (A) (A) (A) (A) (A) (A) (A) (A)
                 (A) (A) (A) (A) (A) (A)
       Virtual   (A) (A) (A) (A) (A) (A) (A) (A) (A) (A) (A) (A)
                 (A) (A) (A) (A) (A) (A) (A) (A) (A) (A) (A) (A)
                 (A) (A) (A) (A) (A) (A) (A) (A) (A) (A) (A) (A)
                 (A) (A) (A) (A) (A) (A) (A) (A) (A) (A) (A) (A)
                 (A) (A) (A) (A) (A) (A) (A) (A) (A) (A) (A) (A)
                 (A) (A) (A) (A) (A) (A) (A) (A) (A) (A) (A) (A)
                 (A) (A) (A) (A) (A) (A) (A) (A) (A) (A) (A) (A)
                 (A) (A) (A) (A) (A) (A) (A) (A) (A) (A) (A) (A)
                 (A) (A) (A) (A) (A) (A) (A) (A) (A) (A) (A) (A)
                 (A) (A) (A) (A) (A) (A) (A) (A) (A) (A) (A) (A)
                 (A) (A) (A) (A) (A) (A) (A) (A) (A) (A) (A) (A)
                 (A) (A) (A) (A) (A) (A) (A) (A) (A) (A) (A) (A)
                 (A) (A) (A) (A) (A) (A) (A) (A) (A) (A) (A) (A)
                 (A) (A) (A) (A) (A) (A) (A) (A) (A) (A) (A) (A)
                 (A) (A) (A) (A) (A) (A) (A) (A) (A) (A) (A) (A)
                 (A) (A) (A) (A) (A) (A) (A) (A) (A) (A) (A) (A)
                 (A) (A) (A) (A) (A) (A) (A) (A) (A) (A) (A) (A)
                 (A) (A) (A) (A) (A) (A) (A) (A) (A) (A) (A) (A)
                 (A) (A) (A) (A) (A) (A) (A) (A) (A) (A) (A) (A)
                 (A) (A) (A) (A) (A) (A) (A) (A) (A) (A) (A) (A)
                 (A) (A) (A) (A) (A) (A) (A) (A) (A) (A) (A) (A)
                 (A) (A) (A) (A) (A) (A) (A) (A) (A) (A) (A) (A)
                 (A) (A) (A) (A) (A) (A) (A) (A) (A) (A) (A) (A)
                 (A) (A) (A) (A) (A) (A) (A) (A) (A) (A) (A) (A)
                 (A) (A) (A) (A) (A) (A) (A) (A) (A) (A) (A) (A)
                 (A) (A) (A) (A) (A) (A) (A) (A) (A) (A) (A) (A)
                 (A) (A) (A) (A) (A) (A) (A) (A) (A) (A) (A) (A)
                 (A) (A) (A) (A) (A) (A) (A) (A) (A) (A) (A) (A)
                 (A) (A) (A) (A) (A) (A) (A) (A) (A) (A) (A) (A)
                 (A) (A) (A) (A) (A) (A) (A) (A) (A) (A) (A) (A)
                 (A) (A) (A) (A) (A) (A) (A) (A) (A) (A) (A) (A)
                 (A) (A) (A) (A) (A) (A) (A) (A) (A) (A) (A) (A)
                 (A) (A) (A) (A) (A) (A) (A) (A) (A) (A) (A) (A)
                 (A) (A) (A) (A) (A) (A) (A) (A) (A) (A) (A) (A)
                 (A) (A) (A) (A) (A) (A) (A) (A) (A) (A) (A) (A)
                 (A) (A) (A) (A) (A) (A) (A) (A) (A) (A) (A) (A)
                 (A) (A) (A) (A) (A) (A) (A) (A) (A) (A) (A) (A)
                 (A) (A) (A) (A) (A) (A) (A) (A) (A) (A) (A) (A)
                 (A) (A) (A) (A) (A) (A) (A) (A) (A) (A) (A) (A)
                 (A) (A) (A) (A) (A) (A) (A) (A) (A) (A) (A) (A)
                 (A) (A) (A) (A) (A) (A) (A) (A) (A) (A) (A) (A)
                 (A) (A) (A) (A) (A) (A) (A) (A) (A) (A) (A) (A)
                 (A) (A) (A) (A) (A) (A) (A) (A) (A) (A) (A) (A)
                 (A) (A) (A) (A) (A) (A) (A) (A) (A) (A) (A) (A)
                 (A) (A) (A) (A) (A) (A) (A) (A) (A) (A) (A) (A)
                 (A) (A) (A) (A) (A) (A) (A) (A) (A) (A) (A) (A)
                 (A) (A) (A) (A) (A) (A) (A) (A) (A) (A) (A) (A)
                 (A) (A) (A) (A) (A) (A) (A) (A) (A) (A) (A) (A)
                 (A) (A) (A) (A) (A) (A) (A) (A) (A) (A) (A) (A)
                 (A) (A) (A) (A) (A) (A) (A) (A) (A) (A) (A) (A)
                 (A) (A) (A) (A) (A) (A) (A) (A) (A) (A) (A) (A)
                 (A) (A) (A) (A) (A) (A) (A) (A) (A) (A) (A) (A)
                 (A) (A) (A) (A) (A) (A) (A) (A) (A) (A) (A) (A)
                 (A) (A) (A) (A) (A) (A) (A) (A) (A) (A) (A) (A)
                 (A) (A) (A) (A) (A) (A) (A) (A) (A) (A) (A) (A)
                 (A) (A) (A) (A) (A) (A) (A) (A) (A) (A) (A) (A)
                 (A) (A) (A) (A) (A) (A) (A) (A) (A) (A) (A) (A)
                 (A) (A) (A) (A) (A) (A) (A) (A) (A) (A) (A) (A)
                 (A) (A) (A) (A) (A) (A) (A) (A) (A) (A) (A) (A)
                 (A) (A) (A) (A) (A) (A) (A) (A) (A) (A) (A) (A)
                 (A) (A) (A) (A) (A) (A) (A) (A) (A) (A) (A) (A)
                 (A) (A) (A) (A) (A) (A) (A) (A) (A) (A) (A) (A)
                 (A) (A) (A) (A) (A) (A) (A) (A) (A) (A) (A) (A)
                 (A) (A) (A) (A) (A) (A) (A) (A) (A) (A) (A) (A)
                 (A) (A) (A) (A) (A) (A) (A) (A) (A) (A) (A) (A)
                 (A) (A) (A) (A) (A) (A) (A) (A) (A) (A) (A) (A)
                 (A) (A) (A) (A) (A) (A) (A) (A) (A) (A) (A) (A)
                 (A) (A) (A) (A) (A) (A) (A) (A) (A) (A) (A) (A)
                 (A) (A) (A) (A) (A) (A) (A)
 The electronic state is 2-A.
 Alpha  occ. eigenvalues --  -19.19207 -19.19071 -19.17821 -19.17417 -19.11165
 Alpha  occ. eigenvalues --  -19.11164 -14.47665 -10.25880 -10.25807 -10.24926
 Alpha  occ. eigenvalues --  -10.24705 -10.24058 -10.23769 -10.23278 -10.23184
 Alpha  occ. eigenvalues --  -10.20733 -10.20468 -10.20359 -10.20264 -10.20258
 Alpha  occ. eigenvalues --  -10.20225 -10.19887 -10.19870 -10.19521 -10.19504
 Alpha  occ. eigenvalues --  -10.19478 -10.19405 -10.19346 -10.19320 -10.19301
 Alpha  occ. eigenvalues --  -10.19253 -10.19235 -10.19180 -10.18916 -10.18823
 Alpha  occ. eigenvalues --  -10.18784 -10.18572 -10.18483 -10.18327 -10.17900
 Alpha  occ. eigenvalues --  -10.17884 -10.17599 -10.17574  -1.16030  -1.07900
 Alpha  occ. eigenvalues --   -1.07169  -1.06110  -1.04380  -0.98669  -0.89041
 Alpha  occ. eigenvalues --   -0.86425  -0.86112  -0.85431  -0.83820  -0.81283
 Alpha  occ. eigenvalues --   -0.79156  -0.77320  -0.76746  -0.75898  -0.75521
 Alpha  occ. eigenvalues --   -0.74826  -0.74278  -0.73478  -0.72568  -0.71531
 Alpha  occ. eigenvalues --   -0.71200  -0.69427  -0.69068  -0.67768  -0.65739
 Alpha  occ. eigenvalues --   -0.64580  -0.62462  -0.61588  -0.60428  -0.59919
 Alpha  occ. eigenvalues --   -0.59483  -0.58643  -0.57646  -0.56978  -0.55626
 Alpha  occ. eigenvalues --   -0.54710  -0.53610  -0.53222  -0.51556  -0.51435
 Alpha  occ. eigenvalues --   -0.50982  -0.50695  -0.49247  -0.49013  -0.48500
 Alpha  occ. eigenvalues --   -0.48202  -0.47832  -0.47659  -0.46851  -0.46529
 Alpha  occ. eigenvalues --   -0.46293  -0.45826  -0.45437  -0.45105  -0.45040
 Alpha  occ. eigenvalues --   -0.44744  -0.44009  -0.43742  -0.43401  -0.43212
 Alpha  occ. eigenvalues --   -0.42883  -0.42750  -0.42528  -0.42072  -0.41788
 Alpha  occ. eigenvalues --   -0.41378  -0.40951  -0.40908  -0.40354  -0.39585
 Alpha  occ. eigenvalues --   -0.38966  -0.38382  -0.38154  -0.37824  -0.36979
 Alpha  occ. eigenvalues --   -0.36441  -0.36165  -0.36014  -0.35662  -0.35108
 Alpha  occ. eigenvalues --   -0.35073  -0.34553  -0.33724  -0.33454  -0.33269
 Alpha  occ. eigenvalues --   -0.33081  -0.32783  -0.32365  -0.31933  -0.30642
 Alpha  occ. eigenvalues --   -0.29569  -0.28524  -0.27852  -0.27401  -0.26046
 Alpha  occ. eigenvalues --   -0.25984  -0.25452  -0.25061  -0.24709  -0.24594
 Alpha  occ. eigenvalues --   -0.23634  -0.23559  -0.22450  -0.20369  -0.19948
 Alpha  occ. eigenvalues --   -0.10518
 Alpha virt. eigenvalues --   -0.06997  -0.04316  -0.01668  -0.01263  -0.00681
 Alpha virt. eigenvalues --   -0.00399  -0.00154  -0.00046   0.00178   0.00391
 Alpha virt. eigenvalues --    0.00517   0.00883   0.01089   0.01741   0.01809
 Alpha virt. eigenvalues --    0.01962   0.02270   0.02342   0.02653   0.02818
 Alpha virt. eigenvalues --    0.03165   0.03336   0.03588   0.03818   0.04085
 Alpha virt. eigenvalues --    0.04266   0.04360   0.04650   0.04824   0.05031
 Alpha virt. eigenvalues --    0.05324   0.05674   0.05721   0.06047   0.06096
 Alpha virt. eigenvalues --    0.06538   0.06741   0.06931   0.07156   0.07337
 Alpha virt. eigenvalues --    0.07451   0.07775   0.08153   0.08392   0.08426
 Alpha virt. eigenvalues --    0.08875   0.09091   0.09195   0.09489   0.09561
 Alpha virt. eigenvalues --    0.09764   0.09981   0.10503   0.10726   0.10784
 Alpha virt. eigenvalues --    0.10958   0.11227   0.11483   0.11598   0.11786
 Alpha virt. eigenvalues --    0.11889   0.12106   0.12266   0.12336   0.12676
 Alpha virt. eigenvalues --    0.12737   0.12874   0.13016   0.13141   0.13426
 Alpha virt. eigenvalues --    0.13456   0.13714   0.13860   0.13893   0.14083
 Alpha virt. eigenvalues --    0.14195   0.14261   0.14414   0.14460   0.14746
 Alpha virt. eigenvalues --    0.14970   0.15068   0.15144   0.15265   0.15403
 Alpha virt. eigenvalues --    0.15556   0.15692   0.15921   0.16074   0.16115
 Alpha virt. eigenvalues --    0.16286   0.16387   0.16454   0.16526   0.16711
 Alpha virt. eigenvalues --    0.16764   0.16887   0.17035   0.17132   0.17305
 Alpha virt. eigenvalues --    0.17465   0.17781   0.17824   0.18063   0.18073
 Alpha virt. eigenvalues --    0.18271   0.18353   0.18550   0.18600   0.18744
 Alpha virt. eigenvalues --    0.18838   0.19087   0.19284   0.19515   0.19563
 Alpha virt. eigenvalues --    0.19655   0.20003   0.20042   0.20302   0.20367
 Alpha virt. eigenvalues --    0.20540   0.20622   0.20829   0.20875   0.21071
 Alpha virt. eigenvalues --    0.21286   0.21456   0.21522   0.21819   0.21880
 Alpha virt. eigenvalues --    0.22198   0.22321   0.22423   0.22520   0.22698
 Alpha virt. eigenvalues --    0.23036   0.23233   0.23374   0.23737   0.23903
 Alpha virt. eigenvalues --    0.24050   0.24111   0.24352   0.24590   0.24689
 Alpha virt. eigenvalues --    0.25042   0.25197   0.25375   0.25452   0.25840
 Alpha virt. eigenvalues --    0.25920   0.26249   0.26460   0.26710   0.26852
 Alpha virt. eigenvalues --    0.27082   0.27244   0.27375   0.27623   0.27665
 Alpha virt. eigenvalues --    0.27912   0.28022   0.28355   0.28418   0.28582
 Alpha virt. eigenvalues --    0.28936   0.29003   0.29099   0.29429   0.29589
 Alpha virt. eigenvalues --    0.29700   0.29770   0.29906   0.30301   0.30464
 Alpha virt. eigenvalues --    0.30502   0.30646   0.30739   0.30876   0.31022
 Alpha virt. eigenvalues --    0.31361   0.31435   0.31640   0.31847   0.32129
 Alpha virt. eigenvalues --    0.32277   0.32475   0.32544   0.32639   0.33032
 Alpha virt. eigenvalues --    0.33177   0.33246   0.33374   0.33530   0.33591
 Alpha virt. eigenvalues --    0.33781   0.34179   0.34233   0.34363   0.34551
 Alpha virt. eigenvalues --    0.34573   0.34703   0.34976   0.35118   0.35286
 Alpha virt. eigenvalues --    0.35563   0.35746   0.35949   0.36067   0.36215
 Alpha virt. eigenvalues --    0.36703   0.36862   0.36923   0.37200   0.37378
 Alpha virt. eigenvalues --    0.37688   0.37872   0.38037   0.38262   0.38482
 Alpha virt. eigenvalues --    0.39000   0.39111   0.39389   0.39528   0.39773
 Alpha virt. eigenvalues --    0.39943   0.40158   0.40268   0.40564   0.40607
 Alpha virt. eigenvalues --    0.40996   0.41100   0.41421   0.41644   0.41955
 Alpha virt. eigenvalues --    0.42470   0.42688   0.42784   0.42885   0.43158
 Alpha virt. eigenvalues --    0.43447   0.43715   0.44155   0.44238   0.44706
 Alpha virt. eigenvalues --    0.44837   0.45382   0.45934   0.46340   0.46821
 Alpha virt. eigenvalues --    0.46991   0.47608   0.47868   0.48020   0.48422
 Alpha virt. eigenvalues --    0.49159   0.49563   0.50265   0.50862   0.51616
 Alpha virt. eigenvalues --    0.52158   0.52177   0.53937   0.54218   0.54824
 Alpha virt. eigenvalues --    0.55465   0.58555   0.59498   0.60541   0.62281
 Alpha virt. eigenvalues --    0.63621   0.63961   0.64683   0.65330   0.65934
 Alpha virt. eigenvalues --    0.67496   0.68772   0.69190   0.69795   0.70329
 Alpha virt. eigenvalues --    0.70502   0.71231   0.71426   0.71797   0.71911
 Alpha virt. eigenvalues --    0.72613   0.72711   0.72836   0.73318   0.73493
 Alpha virt. eigenvalues --    0.73687   0.73860   0.74087   0.74312   0.74649
 Alpha virt. eigenvalues --    0.74825   0.74986   0.75324   0.75539   0.75744
 Alpha virt. eigenvalues --    0.75757   0.76258   0.76663   0.76832   0.77337
 Alpha virt. eigenvalues --    0.77454   0.77770   0.77869   0.78431   0.78874
 Alpha virt. eigenvalues --    0.79215   0.79479   0.79860   0.79933   0.80016
 Alpha virt. eigenvalues --    0.81144   0.81437   0.81661   0.81787   0.82266
 Alpha virt. eigenvalues --    0.82416   0.82622   0.83161   0.83318   0.84255
 Alpha virt. eigenvalues --    0.84902   0.85181   0.85789   0.86045   0.86353
 Alpha virt. eigenvalues --    0.86942   0.87195   0.87806   0.88450   0.89304
 Alpha virt. eigenvalues --    0.89411   0.89723   0.89987   0.90153   0.90250
 Alpha virt. eigenvalues --    0.91008   0.91206   0.91514   0.92570   0.93025
 Alpha virt. eigenvalues --    0.93406   0.93716   0.94296   0.95001   0.95317
 Alpha virt. eigenvalues --    0.96150   0.96444   0.97167   0.97297   0.98097
 Alpha virt. eigenvalues --    0.98656   0.99697   1.00196   1.00517   1.00788
 Alpha virt. eigenvalues --    1.01104   1.01449   1.01831   1.02134   1.02649
 Alpha virt. eigenvalues --    1.02872   1.03100   1.03779   1.04408   1.04968
 Alpha virt. eigenvalues --    1.05170   1.05862   1.06099   1.06494   1.06627
 Alpha virt. eigenvalues --    1.07416   1.08091   1.08305   1.08886   1.09627
 Alpha virt. eigenvalues --    1.10343   1.10359   1.11475   1.11829   1.11861
 Alpha virt. eigenvalues --    1.12877   1.13835   1.14076   1.14508   1.14681
 Alpha virt. eigenvalues --    1.15204   1.15337   1.15997   1.16342   1.16821
 Alpha virt. eigenvalues --    1.17500   1.17926   1.18604   1.19470   1.19875
 Alpha virt. eigenvalues --    1.20355   1.20526   1.20976   1.21019   1.21685
 Alpha virt. eigenvalues --    1.22113   1.22287   1.22581   1.22963   1.23354
 Alpha virt. eigenvalues --    1.23645   1.23796   1.24480   1.24607   1.24785
 Alpha virt. eigenvalues --    1.25125   1.25271   1.25653   1.25862   1.26321
 Alpha virt. eigenvalues --    1.26580   1.27099   1.27329   1.27692   1.28278
 Alpha virt. eigenvalues --    1.28492   1.29451   1.29604   1.30049   1.30124
 Alpha virt. eigenvalues --    1.30782   1.30928   1.31108   1.31473   1.32052
 Alpha virt. eigenvalues --    1.32136   1.32466   1.32900   1.33210   1.33646
 Alpha virt. eigenvalues --    1.33912   1.34737   1.35050   1.35238   1.35559
 Alpha virt. eigenvalues --    1.36002   1.36860   1.36950   1.37162   1.37703
 Alpha virt. eigenvalues --    1.38070   1.38620   1.38982   1.39535   1.40074
 Alpha virt. eigenvalues --    1.40458   1.40887   1.40929   1.41186   1.41460
 Alpha virt. eigenvalues --    1.41972   1.42481   1.42631   1.42929   1.43471
 Alpha virt. eigenvalues --    1.43733   1.44546   1.44766   1.45263   1.46635
 Alpha virt. eigenvalues --    1.46851   1.46948   1.47173   1.47680   1.47997
 Alpha virt. eigenvalues --    1.48724   1.49214   1.49563   1.50319   1.50717
 Alpha virt. eigenvalues --    1.51101   1.51748   1.53206   1.53346   1.53743
 Alpha virt. eigenvalues --    1.53927   1.55201   1.55842   1.56454   1.59143
 Alpha virt. eigenvalues --    1.59910   1.60537   1.61571   1.63633   1.67003
 Alpha virt. eigenvalues --    1.68000   1.68899   1.69515   1.70317   1.71160
 Alpha virt. eigenvalues --    1.71818   1.72202   1.73675   1.74907   1.75873
 Alpha virt. eigenvalues --    1.77037   1.77685   1.78634   1.78831   1.79867
 Alpha virt. eigenvalues --    1.80303   1.80731   1.81011   1.81369   1.81685
 Alpha virt. eigenvalues --    1.81971   1.82407   1.82941   1.83891   1.84649
 Alpha virt. eigenvalues --    1.85166   1.85702   1.85858   1.86079   1.87032
 Alpha virt. eigenvalues --    1.87678   1.88068   1.88617   1.89063   1.89539
 Alpha virt. eigenvalues --    1.89684   1.89895   1.90079   1.91105   1.91708
 Alpha virt. eigenvalues --    1.91953   1.92285   1.93001   1.93192   1.93441
 Alpha virt. eigenvalues --    1.93787   1.93838   1.94542   1.94628   1.94990
 Alpha virt. eigenvalues --    1.95380   1.96359   1.97163   1.97478   1.97636
 Alpha virt. eigenvalues --    1.98262   1.98374   1.98965   1.99538   1.99613
 Alpha virt. eigenvalues --    2.00022   2.00383   2.00967   2.01403   2.01960
 Alpha virt. eigenvalues --    2.02369   2.02548   2.02737   2.02899   2.03336
 Alpha virt. eigenvalues --    2.03694   2.03778   2.04300   2.04536   2.04794
 Alpha virt. eigenvalues --    2.05150   2.05405   2.06249   2.06390   2.07258
 Alpha virt. eigenvalues --    2.07284   2.07926   2.08317   2.08553   2.09431
 Alpha virt. eigenvalues --    2.10168   2.12183   2.12431   2.12812   2.12958
 Alpha virt. eigenvalues --    2.13263   2.13295   2.13726   2.14760   2.15116
 Alpha virt. eigenvalues --    2.15216   2.15977   2.16671   2.17231   2.17351
 Alpha virt. eigenvalues --    2.18618   2.20953   2.21752   2.21916   2.22361
 Alpha virt. eigenvalues --    2.23271   2.23724   2.25075   2.25310   2.26065
 Alpha virt. eigenvalues --    2.26919   2.27192   2.27861   2.28299   2.28715
 Alpha virt. eigenvalues --    2.30103   2.30442   2.30533   2.31086   2.32457
 Alpha virt. eigenvalues --    2.32516   2.33041   2.33615   2.33958   2.35090
 Alpha virt. eigenvalues --    2.35562   2.35967   2.38556   2.39076   2.40752
 Alpha virt. eigenvalues --    2.41474   2.41641   2.41954   2.42483   2.42946
 Alpha virt. eigenvalues --    2.44067   2.44374   2.45965   2.46406   2.47373
 Alpha virt. eigenvalues --    2.47795   2.48079   2.48489   2.49091   2.49195
 Alpha virt. eigenvalues --    2.50195   2.50569   2.51587   2.51965   2.52132
 Alpha virt. eigenvalues --    2.52273   2.53336   2.53527   2.54522   2.55444
 Alpha virt. eigenvalues --    2.55586   2.55728   2.56024   2.56438   2.56622
 Alpha virt. eigenvalues --    2.57071   2.57758   2.58205   2.58516   2.58913
 Alpha virt. eigenvalues --    2.59267   2.59699   2.60139   2.60764   2.61043
 Alpha virt. eigenvalues --    2.61483   2.61861   2.62083   2.62376   2.63014
 Alpha virt. eigenvalues --    2.63799   2.64307   2.64851   2.65625   2.65863
 Alpha virt. eigenvalues --    2.66225   2.66360   2.67104   2.67541   2.68121
 Alpha virt. eigenvalues --    2.68984   2.70201   2.70342   2.70976   2.71622
 Alpha virt. eigenvalues --    2.71875   2.72689   2.74319   2.74945   2.75272
 Alpha virt. eigenvalues --    2.75815   2.75965   2.76533   2.77273   2.78424
 Alpha virt. eigenvalues --    2.79105   2.79834   2.80431   2.81843   2.83139
 Alpha virt. eigenvalues --    2.84180   2.84419   2.85222   2.85409   2.85634
 Alpha virt. eigenvalues --    2.86063   2.86232   2.86503   2.86842   2.87665
 Alpha virt. eigenvalues --    2.88551   2.88731   2.88968   2.89417   2.90345
 Alpha virt. eigenvalues --    2.91784   2.92665   2.93250   2.94932   2.95913
 Alpha virt. eigenvalues --    2.96416   2.96967   2.99810   3.00454   3.02054
 Alpha virt. eigenvalues --    3.04446   3.06113   3.06625   3.07329   3.08340
 Alpha virt. eigenvalues --    3.09286   3.09482   3.12541   3.13562   3.15298
 Alpha virt. eigenvalues --    3.15484   3.16325   3.16891   3.17160   3.19809
 Alpha virt. eigenvalues --    3.21308   3.22273   3.23768   3.25152   3.25361
 Alpha virt. eigenvalues --    3.25794   3.26709   3.27629   3.30249   3.31667
 Alpha virt. eigenvalues --    3.32359   3.33751   3.34873   3.35502   3.35804
 Alpha virt. eigenvalues --    3.37928   3.40535   3.41894   3.42593   3.42896
 Alpha virt. eigenvalues --    3.43084   3.43308   3.45205   3.45302   3.46074
 Alpha virt. eigenvalues --    3.47941   3.48226   3.48999   3.49823   3.50610
 Alpha virt. eigenvalues --    3.52945   3.56449   3.57384   3.59018   3.69060
 Alpha virt. eigenvalues --    3.75476   3.82412   3.83758   3.87744   4.24057
 Alpha virt. eigenvalues --    4.25741   4.31324   4.34580   4.35026   4.35476
 Alpha virt. eigenvalues --    4.36220   4.37239   4.37807   4.38642   4.39622
 Alpha virt. eigenvalues --    4.41085   4.41469   4.41730   4.43409   4.44470
 Alpha virt. eigenvalues --    4.45923   4.46738   4.47550   4.48909   4.50406
 Alpha virt. eigenvalues --    4.51875   4.52982   4.54485   4.55142   4.55296
 Alpha virt. eigenvalues --    4.55717   4.56311   4.56489   4.57728   4.60061
 Alpha virt. eigenvalues --    4.61787   4.62426   4.63725   4.67182   4.73546
 Alpha virt. eigenvalues --    4.78244   4.84227   4.85532   4.89538   4.93683
 Alpha virt. eigenvalues --    4.96007   5.22014
  Beta  occ. eigenvalues --  -19.19207 -19.19070 -19.17820 -19.17417 -19.10708
  Beta  occ. eigenvalues --  -19.10707 -14.46967 -10.25882 -10.25803 -10.24929
  Beta  occ. eigenvalues --  -10.24700 -10.24058 -10.23769 -10.23278 -10.23184
  Beta  occ. eigenvalues --  -10.20737 -10.20473 -10.20345 -10.20252 -10.20230
  Beta  occ. eigenvalues --  -10.20219 -10.19883 -10.19865 -10.19523 -10.19497
  Beta  occ. eigenvalues --  -10.19481 -10.19434 -10.19348 -10.19331 -10.19312
  Beta  occ. eigenvalues --  -10.19248 -10.19233 -10.19176 -10.18875 -10.18813
  Beta  occ. eigenvalues --  -10.18779 -10.18532 -10.18421 -10.18102 -10.17964
  Beta  occ. eigenvalues --  -10.17948 -10.17466 -10.17438  -1.14901  -1.07900
  Beta  occ. eigenvalues --   -1.07166  -1.06110  -1.04379  -0.97750  -0.88997
  Beta  occ. eigenvalues --   -0.86400  -0.86090  -0.85262  -0.83731  -0.81216
  Beta  occ. eigenvalues --   -0.79079  -0.77137  -0.76661  -0.75894  -0.75514
  Beta  occ. eigenvalues --   -0.74664  -0.74195  -0.73314  -0.72536  -0.71416
  Beta  occ. eigenvalues --   -0.71135  -0.69413  -0.69056  -0.67654  -0.65294
  Beta  occ. eigenvalues --   -0.64415  -0.62314  -0.61555  -0.60390  -0.59903
  Beta  occ. eigenvalues --   -0.59435  -0.58525  -0.57613  -0.56914  -0.55404
  Beta  occ. eigenvalues --   -0.54627  -0.53605  -0.53191  -0.51552  -0.51319
  Beta  occ. eigenvalues --   -0.50940  -0.50376  -0.49206  -0.48951  -0.48376
  Beta  occ. eigenvalues --   -0.47809  -0.47592  -0.46846  -0.46397  -0.46278
  Beta  occ. eigenvalues --   -0.45499  -0.45285  -0.45077  -0.45028  -0.44966
  Beta  occ. eigenvalues --   -0.44727  -0.43978  -0.43719  -0.43340  -0.43064
  Beta  occ. eigenvalues --   -0.42837  -0.42743  -0.42465  -0.42042  -0.41756
  Beta  occ. eigenvalues --   -0.41311  -0.40885  -0.40859  -0.40263  -0.39566
  Beta  occ. eigenvalues --   -0.38953  -0.38365  -0.38130  -0.37808  -0.36925
  Beta  occ. eigenvalues --   -0.36233  -0.36144  -0.35912  -0.35635  -0.35086
  Beta  occ. eigenvalues --   -0.34792  -0.34457  -0.33670  -0.33414  -0.33237
  Beta  occ. eigenvalues --   -0.33052  -0.32727  -0.32303  -0.31907  -0.30587
  Beta  occ. eigenvalues --   -0.29542  -0.28285  -0.27796  -0.26032  -0.25540
  Beta  occ. eigenvalues --   -0.25207  -0.24710  -0.24627  -0.24612  -0.23568
  Beta  occ. eigenvalues --   -0.23419  -0.23158  -0.22204  -0.20282  -0.19726
  Beta virt. eigenvalues --   -0.06956  -0.04857  -0.02874  -0.01654  -0.00838
  Beta virt. eigenvalues --   -0.00677  -0.00192  -0.00039   0.00061   0.00265
  Beta virt. eigenvalues --    0.00558   0.00579   0.00896   0.01175   0.01758
  Beta virt. eigenvalues --    0.01964   0.02053   0.02335   0.02462   0.02817
  Beta virt. eigenvalues --    0.03107   0.03324   0.03373   0.03607   0.03829
  Beta virt. eigenvalues --    0.04127   0.04272   0.04409   0.04681   0.05020
  Beta virt. eigenvalues --    0.05245   0.05336   0.05689   0.05730   0.06094
  Beta virt. eigenvalues --    0.06270   0.06586   0.06801   0.06946   0.07269
  Beta virt. eigenvalues --    0.07338   0.07451   0.07815   0.08161   0.08415
  Beta virt. eigenvalues --    0.08438   0.08878   0.09108   0.09207   0.09514
  Beta virt. eigenvalues --    0.09570   0.09787   0.10098   0.10527   0.10731
  Beta virt. eigenvalues --    0.10799   0.10972   0.11237   0.11495   0.11625
  Beta virt. eigenvalues --    0.11801   0.11903   0.12133   0.12297   0.12354
  Beta virt. eigenvalues --    0.12703   0.12759   0.12895   0.13031   0.13177
  Beta virt. eigenvalues --    0.13443   0.13489   0.13727   0.13895   0.13915
  Beta virt. eigenvalues --    0.14104   0.14222   0.14304   0.14442   0.14508
  Beta virt. eigenvalues --    0.14775   0.14977   0.15099   0.15192   0.15276
  Beta virt. eigenvalues --    0.15443   0.15563   0.15712   0.15955   0.16084
  Beta virt. eigenvalues --    0.16132   0.16307   0.16410   0.16468   0.16564
  Beta virt. eigenvalues --    0.16719   0.16776   0.16924   0.17078   0.17146
  Beta virt. eigenvalues --    0.17309   0.17476   0.17844   0.17889   0.18078
  Beta virt. eigenvalues --    0.18127   0.18292   0.18381   0.18602   0.18605
  Beta virt. eigenvalues --    0.18779   0.18853   0.19128   0.19338   0.19543
  Beta virt. eigenvalues --    0.19569   0.19685   0.20019   0.20126   0.20363
  Beta virt. eigenvalues --    0.20397   0.20568   0.20679   0.20846   0.20919
  Beta virt. eigenvalues --    0.21184   0.21347   0.21469   0.21663   0.21854
  Beta virt. eigenvalues --    0.21930   0.22286   0.22366   0.22489   0.22589
  Beta virt. eigenvalues --    0.22734   0.23084   0.23266   0.23405   0.23762
  Beta virt. eigenvalues --    0.23924   0.24094   0.24147   0.24483   0.24706
  Beta virt. eigenvalues --    0.24756   0.25068   0.25229   0.25437   0.25479
  Beta virt. eigenvalues --    0.25857   0.25945   0.26303   0.26467   0.26771
  Beta virt. eigenvalues --    0.26871   0.27101   0.27261   0.27414   0.27640
  Beta virt. eigenvalues --    0.27701   0.27932   0.28091   0.28378   0.28442
  Beta virt. eigenvalues --    0.28620   0.28973   0.29050   0.29112   0.29488
  Beta virt. eigenvalues --    0.29615   0.29728   0.29802   0.29930   0.30333
  Beta virt. eigenvalues --    0.30507   0.30519   0.30678   0.30756   0.30944
  Beta virt. eigenvalues --    0.31058   0.31391   0.31467   0.31650   0.31891
  Beta virt. eigenvalues --    0.32151   0.32309   0.32545   0.32611   0.32692
  Beta virt. eigenvalues --    0.33090   0.33208   0.33304   0.33385   0.33570
  Beta virt. eigenvalues --    0.33623   0.33857   0.34223   0.34263   0.34426
  Beta virt. eigenvalues --    0.34601   0.34621   0.34757   0.34996   0.35134
  Beta virt. eigenvalues --    0.35320   0.35582   0.35773   0.35974   0.36153
  Beta virt. eigenvalues --    0.36275   0.36733   0.36888   0.36950   0.37236
  Beta virt. eigenvalues --    0.37452   0.37714   0.37885   0.38080   0.38330
  Beta virt. eigenvalues --    0.38488   0.39060   0.39132   0.39453   0.39556
  Beta virt. eigenvalues --    0.39828   0.40030   0.40190   0.40298   0.40587
  Beta virt. eigenvalues --    0.40684   0.41006   0.41130   0.41444   0.41690
  Beta virt. eigenvalues --    0.41979   0.42487   0.42729   0.42798   0.42893
  Beta virt. eigenvalues --    0.43188   0.43507   0.43729   0.44164   0.44259
  Beta virt. eigenvalues --    0.44733   0.44872   0.45393   0.45956   0.46354
  Beta virt. eigenvalues --    0.46839   0.46999   0.47629   0.47936   0.48220
  Beta virt. eigenvalues --    0.48576   0.49176   0.49621   0.50300   0.50945
  Beta virt. eigenvalues --    0.51745   0.52188   0.52290   0.53994   0.54289
  Beta virt. eigenvalues --    0.54865   0.55654   0.58567   0.59522   0.60595
  Beta virt. eigenvalues --    0.62385   0.63653   0.64014   0.64765   0.65363
  Beta virt. eigenvalues --    0.65991   0.67540   0.68824   0.69209   0.69820
  Beta virt. eigenvalues --    0.70378   0.70565   0.71249   0.71446   0.71813
  Beta virt. eigenvalues --    0.71941   0.72646   0.72733   0.72854   0.73362
  Beta virt. eigenvalues --    0.73556   0.73712   0.73921   0.74119   0.74407
  Beta virt. eigenvalues --    0.74707   0.74864   0.75017   0.75367   0.75653
  Beta virt. eigenvalues --    0.75768   0.75891   0.76299   0.76744   0.76889
  Beta virt. eigenvalues --    0.77352   0.77470   0.77815   0.77955   0.78467
  Beta virt. eigenvalues --    0.79011   0.79306   0.79484   0.79937   0.79959
  Beta virt. eigenvalues --    0.80060   0.81336   0.81457   0.81724   0.81844
  Beta virt. eigenvalues --    0.82334   0.82457   0.82640   0.83213   0.83461
  Beta virt. eigenvalues --    0.84296   0.84957   0.85278   0.85825   0.86103
  Beta virt. eigenvalues --    0.86414   0.87009   0.87221   0.87904   0.88561
  Beta virt. eigenvalues --    0.89349   0.89457   0.89741   0.90003   0.90194
  Beta virt. eigenvalues --    0.90263   0.91039   0.91232   0.91572   0.92804
  Beta virt. eigenvalues --    0.93074   0.93487   0.93731   0.94304   0.95032
  Beta virt. eigenvalues --    0.95342   0.96164   0.96466   0.97301   0.98105
  Beta virt. eigenvalues --    0.98491   0.98870   0.99705   1.00234   1.00522
  Beta virt. eigenvalues --    1.00801   1.01120   1.01463   1.01848   1.02148
  Beta virt. eigenvalues --    1.02705   1.02888   1.03108   1.03800   1.04424
  Beta virt. eigenvalues --    1.04983   1.05206   1.05906   1.06112   1.06510
  Beta virt. eigenvalues --    1.06650   1.07457   1.08131   1.08350   1.08956
  Beta virt. eigenvalues --    1.09677   1.10361   1.10416   1.11501   1.11837
  Beta virt. eigenvalues --    1.11873   1.12905   1.13864   1.14099   1.14578
  Beta virt. eigenvalues --    1.14767   1.15244   1.15368   1.16031   1.16356
  Beta virt. eigenvalues --    1.16898   1.17511   1.17994   1.18647   1.19515
  Beta virt. eigenvalues --    1.19907   1.20384   1.20576   1.21012   1.21070
  Beta virt. eigenvalues --    1.21726   1.22300   1.22443   1.22664   1.23006
  Beta virt. eigenvalues --    1.23492   1.23708   1.24011   1.24577   1.24941
  Beta virt. eigenvalues --    1.25120   1.25474   1.25757   1.25976   1.26318
  Beta virt. eigenvalues --    1.26488   1.26708   1.27179   1.27373   1.27735
  Beta virt. eigenvalues --    1.28358   1.28510   1.29533   1.29666   1.30082
  Beta virt. eigenvalues --    1.30165   1.30813   1.30964   1.31182   1.31502
  Beta virt. eigenvalues --    1.32123   1.32183   1.32509   1.32927   1.33311
  Beta virt. eigenvalues --    1.33688   1.34032   1.34776   1.35144   1.35283
  Beta virt. eigenvalues --    1.35646   1.36194   1.36925   1.36990   1.37679
  Beta virt. eigenvalues --    1.38001   1.38292   1.38700   1.39135   1.39565
  Beta virt. eigenvalues --    1.40210   1.40610   1.40938   1.41057   1.41247
  Beta virt. eigenvalues --    1.41640   1.42103   1.42587   1.42784   1.42970
  Beta virt. eigenvalues --    1.43571   1.43882   1.44615   1.44853   1.45321
  Beta virt. eigenvalues --    1.46669   1.46918   1.47057   1.47210   1.47746
  Beta virt. eigenvalues --    1.48073   1.48750   1.49344   1.50344   1.50372
  Beta virt. eigenvalues --    1.50822   1.51189   1.51783   1.53257   1.53501
  Beta virt. eigenvalues --    1.53858   1.54033   1.55235   1.55890   1.56488
  Beta virt. eigenvalues --    1.59196   1.59914   1.60594   1.61597   1.63674
  Beta virt. eigenvalues --    1.67021   1.68070   1.68946   1.69532   1.70351
  Beta virt. eigenvalues --    1.71207   1.71828   1.72354   1.73793   1.75047
  Beta virt. eigenvalues --    1.76633   1.77106   1.77723   1.78720   1.78839
  Beta virt. eigenvalues --    1.79895   1.80343   1.80799   1.81085   1.81462
  Beta virt. eigenvalues --    1.81729   1.82098   1.82486   1.83010   1.83976
  Beta virt. eigenvalues --    1.84787   1.85378   1.85838   1.85914   1.87050
  Beta virt. eigenvalues --    1.87069   1.87712   1.88079   1.88695   1.89214
  Beta virt. eigenvalues --    1.89559   1.89710   1.90034   1.90118   1.91181
  Beta virt. eigenvalues --    1.91717   1.91960   1.92310   1.93043   1.93285
  Beta virt. eigenvalues --    1.93475   1.93804   1.93920   1.94641   1.94999
  Beta virt. eigenvalues --    1.95399   1.95449   1.96384   1.97405   1.97593
  Beta virt. eigenvalues --    1.97672   1.98292   1.98391   1.99004   1.99588
  Beta virt. eigenvalues --    1.99977   2.00211   2.00688   2.01007   2.01442
  Beta virt. eigenvalues --    2.02007   2.02480   2.02584   2.02748   2.02911
  Beta virt. eigenvalues --    2.03352   2.03729   2.03799   2.04416   2.04731
  Beta virt. eigenvalues --    2.04800   2.05162   2.05452   2.06338   2.06432
  Beta virt. eigenvalues --    2.07266   2.07322   2.07929   2.08322   2.08556
  Beta virt. eigenvalues --    2.09468   2.10169   2.12186   2.12491   2.12848
  Beta virt. eigenvalues --    2.13112   2.13271   2.13467   2.13844   2.14836
  Beta virt. eigenvalues --    2.15133   2.15246   2.15988   2.16690   2.17387
  Beta virt. eigenvalues --    2.17848   2.18680   2.21082   2.21921   2.22107
  Beta virt. eigenvalues --    2.22437   2.23424   2.23997   2.25219   2.25523
  Beta virt. eigenvalues --    2.26319   2.27010   2.27290   2.27913   2.28357
  Beta virt. eigenvalues --    2.28736   2.30228   2.30505   2.30783   2.31161
  Beta virt. eigenvalues --    2.32486   2.32526   2.33263   2.33644   2.33968
  Beta virt. eigenvalues --    2.35140   2.35611   2.36056   2.38609   2.39142
  Beta virt. eigenvalues --    2.40785   2.41478   2.41693   2.42034   2.42502
  Beta virt. eigenvalues --    2.43033   2.44160   2.44407   2.46053   2.46677
  Beta virt. eigenvalues --    2.47403   2.47851   2.48207   2.48556   2.49156
  Beta virt. eigenvalues --    2.49588   2.50296   2.50713   2.51627   2.52082
  Beta virt. eigenvalues --    2.52173   2.52283   2.53349   2.53553   2.54567
  Beta virt. eigenvalues --    2.55505   2.55608   2.55820   2.56389   2.56634
  Beta virt. eigenvalues --    2.56688   2.57217   2.57808   2.58234   2.58557
  Beta virt. eigenvalues --    2.58947   2.59345   2.59715   2.60186   2.60841
  Beta virt. eigenvalues --    2.61093   2.61584   2.61888   2.62290   2.62511
  Beta virt. eigenvalues --    2.63233   2.63964   2.64388   2.64965   2.65639
  Beta virt. eigenvalues --    2.65868   2.66309   2.66386   2.67185   2.67548
  Beta virt. eigenvalues --    2.68174   2.69000   2.70225   2.70477   2.71060
  Beta virt. eigenvalues --    2.71637   2.71989   2.72744   2.74342   2.74978
  Beta virt. eigenvalues --    2.75447   2.75836   2.76517   2.77278   2.77526
  Beta virt. eigenvalues --    2.78646   2.79169   2.79861   2.80524   2.81871
  Beta virt. eigenvalues --    2.83150   2.84194   2.84447   2.85236   2.85440
  Beta virt. eigenvalues --    2.85658   2.86111   2.86292   2.86641   2.86852
  Beta virt. eigenvalues --    2.87735   2.88565   2.88815   2.88978   2.89442
  Beta virt. eigenvalues --    2.90353   2.91803   2.92682   2.93301   2.94956
  Beta virt. eigenvalues --    2.95985   2.96428   2.97021   2.99819   3.00500
  Beta virt. eigenvalues --    3.02076   3.04449   3.06182   3.07166   3.07381
  Beta virt. eigenvalues --    3.08344   3.09372   3.09528   3.12720   3.13622
  Beta virt. eigenvalues --    3.15337   3.15565   3.16483   3.16915   3.17376
  Beta virt. eigenvalues --    3.19851   3.21311   3.22355   3.23984   3.25152
  Beta virt. eigenvalues --    3.25362   3.25794   3.26710   3.27654   3.30275
  Beta virt. eigenvalues --    3.31668   3.32365   3.33764   3.34879   3.35519
  Beta virt. eigenvalues --    3.35818   3.37936   3.40551   3.41912   3.42628
  Beta virt. eigenvalues --    3.42897   3.43093   3.43358   3.45205   3.45303
  Beta virt. eigenvalues --    3.46076   3.47942   3.48226   3.49000   3.49824
  Beta virt. eigenvalues --    3.50611   3.52958   3.56452   3.57390   3.59049
  Beta virt. eigenvalues --    3.69065   3.75498   3.82435   3.83767   3.87808
  Beta virt. eigenvalues --    4.25035   4.25753   4.31380   4.34606   4.35034
  Beta virt. eigenvalues --    4.35610   4.36348   4.37288   4.37880   4.38674
  Beta virt. eigenvalues --    4.39693   4.41123   4.41529   4.41799   4.43432
  Beta virt. eigenvalues --    4.44542   4.45927   4.46799   4.47567   4.48919
  Beta virt. eigenvalues --    4.50422   4.51977   4.53000   4.54541   4.55212
  Beta virt. eigenvalues --    4.55659   4.55765   4.56466   4.56533   4.57730
  Beta virt. eigenvalues --    4.60133   4.61803   4.62448   4.63743   4.67233
  Beta virt. eigenvalues --    4.73553   4.78246   4.84339   4.86094   4.89598
  Beta virt. eigenvalues --    4.93701   4.96096   5.22018
          Condensed to atoms (all electrons):
 Mulliken atomic charges:
              1
     1  C   -0.647166
     2  C    0.455379
     3  C   -0.508758
     4  C    0.157172
     5  C    0.421098
     6  C   -0.454158
     7  H    0.125267
     8  H    0.120182
     9  H    0.102991
    10  C    0.178971
    11  C   -0.670836
    12  C    0.946598
    13  C   -0.639529
    14  C   -0.278718
    15  C    0.209945
    16  H   -0.079928
    17  H    0.114956
    18  H    0.100172
    19  C    0.906211
    20  C   -0.905723
    21  C   -0.136930
    22  C   -0.177201
    23  H    0.186340
    24  C   -0.039237
    25  H    0.130175
    26  C    0.224901
    27  C    0.735936
    28  C   -0.172750
    29  C   -0.116375
    30  C   -0.333139
    31  H    0.168526
    32  C   -0.120156
    33  H    0.141625
    34  C   -0.547329
    35  H    0.176249
    36  H    0.179959
    37  C    0.016438
    38  C   -0.097880
    39  H    0.096203
    40  C    0.014570
    41  C   -0.195852
    42  C   -0.020294
    43  C    0.007304
    44  H    0.157479
    45  C    0.106129
    46  H    0.192663
    47  C   -0.355239
    48  N   -0.281311
    49  O   -0.290195
    50  O   -0.308262
    51  O   -0.363646
    52  C   -0.194035
    53  H    0.171978
    54  H    0.163434
    55  H    0.176509
    56  H    0.154215
    57  H    0.147787
    58  O   -0.374183
    59  O   -0.417855
    60  O   -0.399671
    61  C   -0.179173
    62  H    0.140295
    63  H    0.180811
    64  H    0.159280
    65  C   -0.186194
    66  H    0.168901
    67  H    0.180355
    68  H    0.153637
    69  C   -0.187946
    70  H    0.174035
    71  H    0.174960
    72  H    0.160032
 Sum of Mulliken atomic charges =  -1.00000
 Mulliken charges with hydrogens summed into heavy atoms:
              1
     1  C   -0.521899
     2  C    0.455379
     3  C   -0.388576
     4  C    0.157172
     5  C    0.421098
     6  C   -0.351168
    10  C    0.178971
    11  C   -0.750763
    12  C    0.946598
    13  C   -0.524573
    14  C   -0.178546
    15  C    0.209945
    19  C    0.906211
    20  C   -0.719383
    21  C   -0.006754
    22  C   -0.177201
    24  C   -0.039237
    26  C    0.224901
    27  C    0.735936
    28  C   -0.004224
    29  C    0.025250
    30  C   -0.156890
    32  C    0.059803
    34  C   -0.547329
    37  C    0.016438
    38  C   -0.001677
    40  C    0.014570
    41  C   -0.038373
    42  C    0.172369
    43  C    0.155091
    45  C    0.260344
    47  C   -0.355239
    48  N   -0.281311
    49  O   -0.290195
    50  O   -0.308262
    51  O   -0.363646
    52  C    0.317886
    58  O   -0.374183
    59  O   -0.417855
    60  O   -0.399671
    61  C    0.301213
    65  C    0.316698
    69  C    0.321081
 Sum of Mulliken charges with hydrogens summed into heavy atoms =  -1.00000
          Atomic-Atomic Spin Densities.
              1          2          3          4          5          6
     1  C   -0.013855   0.024877  -0.008806  -0.021387   0.010288   0.012924
     2  C    0.024877   0.038625  -0.002204  -0.042312   0.014031   0.028466
     3  C   -0.008806  -0.002204  -0.020924   0.021325   0.017480  -0.000813
     4  C   -0.021387  -0.042312   0.021325   0.045812  -0.003538  -0.043579
     5  C    0.010288   0.014031   0.017480  -0.003538  -0.010847   0.020948
     6  C    0.012924   0.028466  -0.000813  -0.043579   0.020948   0.089763
     7  H   -0.001248   0.001918  -0.000344  -0.001097   0.001222  -0.000182
     8  H    0.000340   0.003159  -0.000832  -0.003522   0.001078   0.001174
     9  H    0.000311   0.000051  -0.000063  -0.000232  -0.000257   0.002776
    10  C    0.002814  -0.007376  -0.015157  -0.005904  -0.046807  -0.031858
    11  C   -0.000487   0.001085   0.012127   0.000552   0.008460   0.016580
    12  C    0.000610  -0.000997  -0.002286   0.006815  -0.017937  -0.024834
    13  C   -0.001715  -0.000867  -0.001552   0.029339   0.004659  -0.035696
    14  C   -0.010986   0.010632   0.003261   0.056726   0.034014   0.023301
    15  C   -0.009161  -0.001057   0.006048   0.005386  -0.004108   0.004300
    16  H   -0.000367  -0.000258   0.001140  -0.000650  -0.001815  -0.000673
    17  H   -0.000263   0.000188   0.000349   0.001572   0.002407   0.001752
    18  H    0.000582  -0.000084  -0.000401  -0.000621  -0.000958  -0.003411
    19  C    0.000990  -0.022949   0.002157   0.018921  -0.003235  -0.002641
    20  C   -0.013106  -0.013711   0.017384   0.008122  -0.000873  -0.001437
    21  C    0.020470  -0.003009  -0.008823  -0.008774   0.001108   0.004829
    22  C    0.004097   0.015399   0.000136  -0.008127   0.001796   0.002559
    23  H    0.000046   0.000025   0.000660  -0.000101   0.000100   0.000033
    24  C   -0.014789   0.006208   0.001761   0.004483   0.000077  -0.007922
    25  H   -0.003487  -0.000456   0.002550   0.003663  -0.000274  -0.003041
    26  C   -0.000450   0.010508  -0.003459  -0.001455   0.000583  -0.000185
    27  C   -0.000242  -0.001645  -0.000069  -0.011155  -0.010993  -0.003192
    28  C    0.000042   0.000667  -0.000174   0.005004   0.003135   0.001560
    29  C   -0.000071  -0.000423  -0.000045  -0.002369  -0.004215  -0.002781
    30  C   -0.000005   0.000072   0.000132   0.002052   0.002122   0.000453
    31  H    0.000001   0.000234   0.000077   0.001478   0.001449   0.000390
    32  C    0.000032  -0.000065  -0.000180  -0.002000  -0.002697  -0.000726
    33  H    0.000036  -0.000048  -0.000059  -0.000795  -0.000928  -0.000425
    34  C   -0.000010  -0.000010  -0.000020  -0.000094  -0.000059  -0.000010
    35  H    0.000001  -0.000005  -0.000004  -0.000095  -0.000060  -0.000007
    36  H    0.000000   0.000000   0.000000   0.000005   0.000011   0.000002
    37  C    0.007349  -0.024760  -0.011817  -0.031532  -0.038158  -0.028336
    38  C   -0.000891  -0.013670  -0.019934  -0.000755  -0.000668  -0.009479
    39  H    0.000367   0.001900   0.000752  -0.000351   0.000603   0.000670
    40  C    0.001589  -0.002280  -0.001091  -0.006175  -0.000690   0.000954
    41  C    0.000628   0.002059  -0.000950  -0.002992   0.004816   0.001142
    42  C    0.000263   0.000006   0.001422   0.005371   0.002503   0.000415
    43  C    0.000063   0.001105   0.000603   0.001788   0.002030   0.000264
    44  H   -0.000039  -0.000632  -0.000357   0.000143  -0.000400  -0.000119
    45  C    0.000213  -0.000542   0.000068  -0.002848   0.000701   0.000229
    46  H    0.000153   0.000705   0.000312   0.001841   0.002747   0.000897
    47  C    0.000049   0.000094  -0.000025  -0.000564   0.000396   0.000066
    48  N    0.000000   0.000000   0.000000   0.000000   0.000001   0.000000
    49  O    0.000000   0.000000   0.000000   0.000000   0.000000   0.000000
    50  O    0.000000   0.000000   0.000000   0.000001   0.000000   0.000000
    51  O    0.000000   0.000002   0.000005   0.000038   0.000009   0.000000
    52  C    0.000001  -0.000003  -0.000008  -0.000069  -0.000010   0.000000
    53  H    0.000000  -0.000003  -0.000005  -0.000032  -0.000012  -0.000001
    54  H    0.000000  -0.000001  -0.000001  -0.000007  -0.000002   0.000000
    55  H    0.000000   0.000015   0.000033   0.000209   0.000086   0.000007
    56  H   -0.000005  -0.000054  -0.000085  -0.000322  -0.000271  -0.000052
    57  H    0.000000   0.000007   0.000028  -0.000024  -0.000002   0.000001
    58  O   -0.000029  -0.000083   0.000076   0.000058  -0.000001  -0.000006
    59  O    0.000061   0.000002  -0.000056  -0.000020   0.000000   0.000005
    60  O    0.000191  -0.000128  -0.000056  -0.000031  -0.000003   0.000025
    61  C   -0.000201  -0.000478   0.000446   0.000271  -0.000033  -0.000039
    62  H   -0.000076  -0.000124   0.000094   0.000063  -0.000004  -0.000012
    63  H    0.000003   0.000006  -0.000007  -0.000012   0.000000   0.000001
    64  H    0.000042   0.000119  -0.000049  -0.000018   0.000011   0.000008
    65  C    0.000324   0.000019  -0.000270  -0.000122   0.000006   0.000033
    66  H   -0.000003  -0.000006  -0.000004   0.000001   0.000000  -0.000001
    67  H   -0.000001   0.000006   0.000001   0.000001   0.000000   0.000000
    68  H   -0.000005  -0.000007   0.000007   0.000001  -0.000001   0.000000
    69  C    0.000449  -0.000109  -0.000154  -0.000261   0.000004   0.000184
    70  H    0.000070  -0.000069  -0.000078  -0.000084   0.000007   0.000048
    71  H    0.000194  -0.000111  -0.000045  -0.000034  -0.000032   0.000060
    72  H   -0.000027   0.000037   0.000005   0.000002   0.000003  -0.000004
              7          8          9         10         11         12
     1  C   -0.001248   0.000340   0.000311   0.002814  -0.000487   0.000610
     2  C    0.001918   0.003159   0.000051  -0.007376   0.001085  -0.000997
     3  C   -0.000344  -0.000832  -0.000063  -0.015157   0.012127  -0.002286
     4  C   -0.001097  -0.003522  -0.000232  -0.005904   0.000552   0.006815
     5  C    0.001222   0.001078  -0.000257  -0.046807   0.008460  -0.017937
     6  C   -0.000182   0.001174   0.002776  -0.031858   0.016580  -0.024834
     7  H    0.000228  -0.000104   0.000158  -0.000231   0.000192  -0.000095
     8  H   -0.000104  -0.000223   0.000067  -0.001335   0.000677  -0.000310
     9  H    0.000158   0.000067  -0.001437  -0.000700   0.000290  -0.001108
    10  C   -0.000231  -0.001335  -0.000700   0.020793  -0.016859   0.094266
    11  C    0.000192   0.000677   0.000290  -0.016859   0.011309  -0.000566
    12  C   -0.000095  -0.000310  -0.001108   0.094266  -0.000566   0.094583
    13  C   -0.000264  -0.000113  -0.001466   0.067225  -0.010501  -0.037999
    14  C   -0.000089   0.000040   0.000885  -0.093088   0.020335  -0.217452
    15  C    0.000170  -0.000181   0.000169  -0.059998  -0.011042  -0.047021
    16  H   -0.000002  -0.000012   0.000026   0.007396   0.008909  -0.011637
    17  H    0.000013   0.000023   0.000005  -0.004546   0.002663  -0.023968
    18  H   -0.000054  -0.000046   0.000082   0.003260  -0.001677   0.009067
    19  C    0.001062  -0.001255  -0.000239   0.002357  -0.000651   0.000208
    20  C   -0.000252  -0.000114  -0.000055  -0.001380   0.000275  -0.000219
    21  C    0.000447   0.000791   0.000249   0.000527  -0.000054   0.000100
    22  C    0.000249   0.003613   0.000023  -0.000689   0.000161  -0.000047
    23  H    0.000027   0.000312  -0.000007  -0.000067   0.000045   0.000000
    24  C   -0.001179  -0.001613  -0.000062   0.000342  -0.000106   0.000047
    25  H    0.000281   0.000006  -0.000139   0.000413  -0.000184   0.000082
    26  C   -0.000058   0.000966   0.000005  -0.000038   0.000014  -0.000002
    27  C    0.000010  -0.000062  -0.000110   0.043568   0.059561  -0.077625
    28  C   -0.000005   0.000022   0.000057  -0.021440  -0.038171   0.053694
    29  C    0.000001  -0.000012  -0.000130   0.013575   0.021943   0.001578
    30  C    0.000000   0.000010   0.000020  -0.012565  -0.075236   0.057326
    31  H    0.000000   0.000005   0.000009  -0.006422  -0.015114   0.010225
    32  C   -0.000001  -0.000003  -0.000042   0.007871   0.039954   0.042628
    33  H   -0.000001  -0.000005  -0.000011   0.000834   0.000246   0.013089
    34  C    0.000000   0.000000   0.000001   0.001205   0.014156  -0.016096
    35  H    0.000000   0.000000   0.000000   0.000164   0.002336  -0.001734
    36  H    0.000000   0.000000   0.000000  -0.000020   0.000073  -0.000560
    37  C   -0.000041  -0.001254  -0.000474   0.045452  -0.026538   0.049477
    38  C   -0.000204  -0.001934   0.000063   0.004378   0.007935   0.007194
    39  H    0.000023   0.000578  -0.000007  -0.001267   0.000020   0.000121
    40  C    0.000045  -0.000240   0.000010   0.002159   0.001702   0.001023
    41  C   -0.000001   0.000092   0.000028  -0.000227   0.004291   0.001250
    42  C    0.000011   0.000318  -0.000012  -0.002869  -0.003483  -0.000591
    43  C    0.000001   0.000647   0.000004  -0.002741   0.000601   0.000972
    44  H   -0.000001  -0.000061  -0.000001   0.000661   0.000057  -0.000252
    45  C    0.000002  -0.000069   0.000004   0.002673  -0.005749   0.006512
    46  H    0.000003   0.000102   0.000017  -0.004664  -0.001147   0.003546
    47  C    0.000000   0.000052   0.000002   0.001693   0.001053  -0.002163
    48  N    0.000000   0.000000   0.000000   0.000022   0.000109  -0.001166
    49  O    0.000000   0.000000   0.000000  -0.000024  -0.000223   0.000081
    50  O    0.000000   0.000000   0.000000   0.000023  -0.000107   0.000888
    51  O    0.000000   0.000001   0.000000  -0.000012  -0.000234   0.000203
    52  C    0.000000   0.000000   0.000000   0.000034   0.000515  -0.000448
    53  H    0.000000  -0.000001   0.000000   0.000024   0.000132  -0.000142
    54  H    0.000000   0.000000   0.000000   0.000003   0.000037  -0.000033
    55  H    0.000000   0.000002   0.000000  -0.000138  -0.001822   0.001612
    56  H    0.000000  -0.000008  -0.000001   0.000405   0.001017  -0.001250
    57  H    0.000000   0.000005   0.000000   0.000007  -0.000060  -0.000004
    58  O   -0.000001   0.000011   0.000000   0.000001   0.000000   0.000000
    59  O    0.000002   0.000002   0.000000   0.000000   0.000000   0.000000
    60  O    0.000012   0.000007   0.000000   0.000000   0.000000   0.000000
    61  C   -0.000002  -0.000034  -0.000001   0.000003  -0.000003   0.000000
    62  H   -0.000003  -0.000028   0.000000   0.000001   0.000000   0.000000
    63  H    0.000000  -0.000004   0.000000  -0.000001   0.000000   0.000000
    64  H    0.000002   0.000050   0.000000   0.000001   0.000000   0.000000
    65  C    0.000011   0.000023   0.000001  -0.000001   0.000000   0.000000
    66  H    0.000001  -0.000002   0.000000   0.000000   0.000000   0.000000
    67  H    0.000000   0.000001   0.000000   0.000000   0.000000   0.000000
    68  H    0.000000  -0.000001   0.000000   0.000000   0.000000   0.000000
    69  C   -0.000034   0.000011   0.000011  -0.000008   0.000003  -0.000001
    70  H   -0.000032  -0.000006   0.000005  -0.000004   0.000002  -0.000001
    71  H    0.000022   0.000004  -0.000001  -0.000003   0.000000   0.000000
    72  H   -0.000004   0.000000   0.000000   0.000000   0.000000   0.000000
             13         14         15         16         17         18
     1  C   -0.001715  -0.010986  -0.009161  -0.000367  -0.000263   0.000582
     2  C   -0.000867   0.010632  -0.001057  -0.000258   0.000188  -0.000084
     3  C   -0.001552   0.003261   0.006048   0.001140   0.000349  -0.000401
     4  C    0.029339   0.056726   0.005386  -0.000650   0.001572  -0.000621
     5  C    0.004659   0.034014  -0.004108  -0.001815   0.002407  -0.000958
     6  C   -0.035696   0.023301   0.004300  -0.000673   0.001752  -0.003411
     7  H   -0.000264  -0.000089   0.000170  -0.000002   0.000013  -0.000054
     8  H   -0.000113   0.000040  -0.000181  -0.000012   0.000023  -0.000046
     9  H   -0.001466   0.000885   0.000169   0.000026   0.000005   0.000082
    10  C    0.067225  -0.093088  -0.059998   0.007396  -0.004546   0.003260
    11  C   -0.010501   0.020335  -0.011042   0.008909   0.002663  -0.001677
    12  C   -0.037999  -0.217452  -0.047021  -0.011637  -0.023968   0.009067
    13  C    0.115117  -0.046561   0.018172  -0.001622  -0.000251   0.006700
    14  C   -0.046561   0.188783   0.071911  -0.000557   0.026460  -0.011853
    15  C    0.018172   0.071911   0.056736  -0.000412   0.008381  -0.004228
    16  H   -0.001622  -0.000557  -0.000412  -0.008916   0.000366  -0.000095
    17  H   -0.000251   0.026460   0.008381   0.000366  -0.001992  -0.000331
    18  H    0.006700  -0.011853  -0.004228  -0.000095  -0.000331   0.001510
    19  C    0.000237  -0.000561   0.001690   0.000027  -0.000022   0.000069
    20  C   -0.000346  -0.000889  -0.001859   0.000020   0.000004  -0.000004
    21  C    0.000165   0.000541   0.000275  -0.000012   0.000000  -0.000031
    22  C   -0.000112  -0.000183  -0.000561   0.000005   0.000003  -0.000013
    23  H   -0.000019  -0.000043  -0.000101   0.000004   0.000000   0.000001
    24  C    0.000125   0.000152   0.000349  -0.000002  -0.000004   0.000029
    25  H    0.000181   0.000088   0.000224  -0.000001  -0.000008   0.000043
    26  C    0.000001   0.000047   0.000098   0.000001   0.000000  -0.000001
    27  C   -0.075328  -0.003906  -0.000358  -0.011747   0.001066   0.000296
    28  C   -0.007812   0.000379   0.002192   0.009564  -0.001339  -0.000265
    29  C    0.015490  -0.036332  -0.008708  -0.005504  -0.003476   0.001684
    30  C    0.057800   0.024087   0.007911   0.001545   0.005616  -0.000476
    31  H    0.005748   0.005003   0.002064   0.002901   0.000491  -0.000113
    32  C   -0.102732  -0.057236  -0.010636   0.000345  -0.016032   0.001385
    33  H   -0.006937  -0.012873  -0.003625  -0.000080  -0.001451   0.000232
    34  C    0.001970   0.007138   0.003239  -0.002945   0.000370  -0.000033
    35  H   -0.001457  -0.000589  -0.000229  -0.000285  -0.000077   0.000008
    36  H    0.000840   0.000382   0.000063   0.000002   0.000038  -0.000002
    37  C    0.048628  -0.014114   0.000958   0.005828  -0.001199   0.001447
    38  C    0.007540   0.001557   0.017483   0.004015  -0.000161   0.000023
    39  H   -0.000451  -0.000204  -0.001297  -0.000007  -0.000008   0.000006
    40  C    0.001901   0.002531   0.004517   0.001764   0.000070  -0.000026
    41  C    0.000855   0.002189   0.005897   0.001080   0.000094  -0.000054
    42  C    0.000819   0.000411  -0.003981  -0.001361  -0.000139   0.000024
    43  C    0.000535   0.000357  -0.000878  -0.001146   0.000027  -0.000013
    44  H   -0.000001  -0.000038   0.000265  -0.000010  -0.000006   0.000004
    45  C    0.000310   0.000647   0.003456   0.001382   0.000095  -0.000015
    46  H    0.002950   0.002790   0.000618   0.000918   0.000228  -0.000084
    47  C   -0.001003  -0.000210   0.001065   0.000233  -0.000013  -0.000001
    48  N    0.000877   0.000168   0.000002   0.000082   0.000213  -0.000004
    49  O   -0.000334  -0.000057  -0.000010  -0.000013  -0.000055   0.000001
    50  O   -0.000104  -0.000020   0.000004   0.000009  -0.000061   0.000001
    51  O    0.000023   0.000004  -0.000005   0.000024   0.000001   0.000000
    52  C   -0.000177  -0.000031   0.000052   0.000069  -0.000003   0.000000
    53  H   -0.000034  -0.000010   0.000006  -0.000007  -0.000001   0.000000
    54  H   -0.000011  -0.000002   0.000004   0.000001   0.000000   0.000000
    55  H    0.000547   0.000148  -0.000015   0.000074   0.000019  -0.000002
    56  H   -0.000724  -0.000321  -0.000089  -0.000150  -0.000042   0.000009
    57  H    0.000004   0.000001  -0.000023  -0.000039   0.000000   0.000000
    58  O    0.000000   0.000000   0.000001   0.000000   0.000000   0.000000
    59  O    0.000000   0.000000   0.000000   0.000000   0.000000   0.000000
    60  O    0.000000   0.000000   0.000000   0.000000   0.000000   0.000000
    61  C    0.000000   0.000000   0.000001   0.000000   0.000000   0.000000
    62  H    0.000000   0.000000   0.000001   0.000000   0.000000   0.000000
    63  H    0.000000   0.000000  -0.000001   0.000000   0.000000   0.000000
    64  H    0.000000   0.000000   0.000001   0.000000   0.000000   0.000000
    65  C    0.000000   0.000000  -0.000001   0.000000   0.000000   0.000000
    66  H    0.000000   0.000000   0.000000   0.000000   0.000000   0.000000
    67  H    0.000000   0.000000   0.000000   0.000000   0.000000   0.000000
    68  H    0.000000   0.000000   0.000000   0.000000   0.000000   0.000000
    69  C   -0.000004  -0.000009  -0.000016   0.000000   0.000000  -0.000001
    70  H   -0.000002  -0.000002  -0.000004   0.000000   0.000000  -0.000001
    71  H   -0.000001  -0.000001  -0.000002   0.000000   0.000000   0.000000
    72  H    0.000000   0.000000   0.000000   0.000000   0.000000   0.000000
             19         20         21         22         23         24
     1  C    0.000990  -0.013106   0.020470   0.004097   0.000046  -0.014789
     2  C   -0.022949  -0.013711  -0.003009   0.015399   0.000025   0.006208
     3  C    0.002157   0.017384  -0.008823   0.000136   0.000660   0.001761
     4  C    0.018921   0.008122  -0.008774  -0.008127  -0.000101   0.004483
     5  C   -0.003235  -0.000873   0.001108   0.001796   0.000100   0.000077
     6  C   -0.002641  -0.001437   0.004829   0.002559   0.000033  -0.007922
     7  H    0.001062  -0.000252   0.000447   0.000249   0.000027  -0.001179
     8  H   -0.001255  -0.000114   0.000791   0.003613   0.000312  -0.001613
     9  H   -0.000239  -0.000055   0.000249   0.000023  -0.000007  -0.000062
    10  C    0.002357  -0.001380   0.000527  -0.000689  -0.000067   0.000342
    11  C   -0.000651   0.000275  -0.000054   0.000161   0.000045  -0.000106
    12  C    0.000208  -0.000219   0.000100  -0.000047   0.000000   0.000047
    13  C    0.000237  -0.000346   0.000165  -0.000112  -0.000019   0.000125
    14  C   -0.000561  -0.000889   0.000541  -0.000183  -0.000043   0.000152
    15  C    0.001690  -0.001859   0.000275  -0.000561  -0.000101   0.000349
    16  H    0.000027   0.000020  -0.000012   0.000005   0.000004  -0.000002
    17  H   -0.000022   0.000004   0.000000   0.000003   0.000000  -0.000004
    18  H    0.000069  -0.000004  -0.000031  -0.000013   0.000001   0.000029
    19  C   -0.016402   0.016577   0.005501  -0.002281   0.000708   0.000667
    20  C    0.016577   0.055450  -0.021810  -0.003887  -0.000706  -0.012932
    21  C    0.005501  -0.021810   0.062770  -0.026134  -0.000184  -0.002612
    22  C   -0.002281  -0.003887  -0.026134   0.023145  -0.001119  -0.011800
    23  H    0.000708  -0.000706  -0.000184  -0.001119  -0.000615   0.000452
    24  C    0.000667  -0.012932  -0.002612  -0.011800   0.000452   0.023964
    25  H   -0.001456   0.002096  -0.009598  -0.000204  -0.000076   0.006175
    26  C   -0.009486  -0.023360  -0.019219   0.010678   0.000303   0.003412
    27  C    0.000060  -0.000019  -0.000002  -0.000008   0.000001   0.000003
    28  C   -0.000021   0.000000   0.000003   0.000002   0.000000  -0.000001
    29  C    0.000014  -0.000006   0.000001  -0.000001   0.000000   0.000001
    30  C   -0.000002   0.000001   0.000000   0.000000   0.000000   0.000000
    31  H   -0.000010   0.000003   0.000001   0.000002   0.000000   0.000000
    32  C    0.000001  -0.000001   0.000000   0.000000   0.000000   0.000000
    33  H    0.000003   0.000000   0.000000   0.000000   0.000000   0.000000
    34  C    0.000000   0.000000   0.000000   0.000000   0.000000   0.000000
    35  H    0.000000   0.000000   0.000000   0.000000   0.000000   0.000000
    36  H    0.000000   0.000000   0.000000   0.000000   0.000000   0.000000
    37  C    0.003362   0.002083  -0.001166  -0.000807   0.000216   0.001158
    38  C    0.002289   0.000566  -0.001279  -0.001193  -0.000041   0.000140
    39  H   -0.000077  -0.000463   0.000319  -0.000384  -0.000056   0.000137
    40  C   -0.000441   0.000343  -0.000181   0.000075   0.000032  -0.000002
    41  C   -0.000544   0.000043  -0.000059   0.000313   0.000045  -0.000031
    42  C   -0.000395   0.000272  -0.000139   0.000238  -0.000003  -0.000038
    43  C   -0.000206  -0.000090  -0.000005   0.000143  -0.000039  -0.000005
    44  H    0.000071   0.000079  -0.000026  -0.000090   0.000002   0.000002
    45  C   -0.000039   0.000112  -0.000038   0.000022   0.000015  -0.000004
    46  H   -0.000114   0.000032   0.000002   0.000032   0.000001  -0.000011
    47  C   -0.000031   0.000014  -0.000003   0.000015   0.000004   0.000000
    48  N    0.000000   0.000000   0.000000   0.000000   0.000000   0.000000
    49  O    0.000000   0.000000   0.000000   0.000000   0.000000   0.000000
    50  O    0.000000   0.000000   0.000000   0.000000   0.000000   0.000000
    51  O    0.000000   0.000000   0.000000   0.000000   0.000000   0.000000
    52  C    0.000000   0.000000   0.000000   0.000000   0.000000   0.000000
    53  H    0.000000   0.000000   0.000000   0.000000   0.000000   0.000000
    54  H    0.000000   0.000000   0.000000   0.000000   0.000000   0.000000
    55  H   -0.000001   0.000000   0.000000   0.000000   0.000000   0.000000
    56  H    0.000005  -0.000002   0.000000  -0.000001   0.000000   0.000000
    57  H   -0.000001  -0.000001   0.000000   0.000002   0.000000   0.000000
    58  O    0.000096  -0.000182   0.000115  -0.000694  -0.000022   0.000277
    59  O   -0.000007  -0.000485   0.000469   0.000029   0.000001  -0.000179
    60  O    0.000027  -0.000244   0.000940  -0.000337   0.000000   0.000234
    61  C    0.000921   0.001584  -0.000573  -0.000595  -0.000043  -0.000340
    62  H    0.000073   0.001004  -0.000403   0.000649   0.000013  -0.000546
    63  H   -0.000003  -0.000084   0.000036   0.000014   0.000003   0.000005
    64  H   -0.000041  -0.000269   0.000028  -0.000265  -0.000019   0.000199
    65  C   -0.000205  -0.003134   0.004005  -0.004375   0.000016   0.003741
    66  H   -0.000029  -0.000030   0.000157  -0.000092   0.000003   0.000134
    67  H    0.000015   0.000049  -0.000054   0.000154  -0.000002  -0.000175
    68  H    0.000017   0.000117  -0.000152   0.000296  -0.000002  -0.000247
    69  C    0.000452  -0.000447   0.002077  -0.000505  -0.000002  -0.000670
    70  H    0.000090  -0.000054   0.000689  -0.000034   0.000004  -0.000335
    71  H    0.000018  -0.000092   0.000443  -0.000054  -0.000001  -0.000198
    72  H   -0.000002   0.000038  -0.000113   0.000021   0.000000   0.000034
             25         26         27         28         29         30
     1  C   -0.003487  -0.000450  -0.000242   0.000042  -0.000071  -0.000005
     2  C   -0.000456   0.010508  -0.001645   0.000667  -0.000423   0.000072
     3  C    0.002550  -0.003459  -0.000069  -0.000174  -0.000045   0.000132
     4  C    0.003663  -0.001455  -0.011155   0.005004  -0.002369   0.002052
     5  C   -0.000274   0.000583  -0.010993   0.003135  -0.004215   0.002122
     6  C   -0.003041  -0.000185  -0.003192   0.001560  -0.002781   0.000453
     7  H    0.000281  -0.000058   0.000010  -0.000005   0.000001   0.000000
     8  H    0.000006   0.000966  -0.000062   0.000022  -0.000012   0.000010
     9  H   -0.000139   0.000005  -0.000110   0.000057  -0.000130   0.000020
    10  C    0.000413  -0.000038   0.043568  -0.021440   0.013575  -0.012565
    11  C   -0.000184   0.000014   0.059561  -0.038171   0.021943  -0.075236
    12  C    0.000082  -0.000002  -0.077625   0.053694   0.001578   0.057326
    13  C    0.000181   0.000001  -0.075328  -0.007812   0.015490   0.057800
    14  C    0.000088   0.000047  -0.003906   0.000379  -0.036332   0.024087
    15  C    0.000224   0.000098  -0.000358   0.002192  -0.008708   0.007911
    16  H   -0.000001   0.000001  -0.011747   0.009564  -0.005504   0.001545
    17  H   -0.000008   0.000000   0.001066  -0.001339  -0.003476   0.005616
    18  H    0.000043  -0.000001   0.000296  -0.000265   0.001684  -0.000476
    19  C   -0.001456  -0.009486   0.000060  -0.000021   0.000014  -0.000002
    20  C    0.002096  -0.023360  -0.000019   0.000000  -0.000006   0.000001
    21  C   -0.009598  -0.019219  -0.000002   0.000003   0.000001   0.000000
    22  C   -0.000204   0.010678  -0.000008   0.000002  -0.000001   0.000000
    23  H   -0.000076   0.000303   0.000001   0.000000   0.000000   0.000000
    24  C    0.006175   0.003412   0.000003  -0.000001   0.000001   0.000000
    25  H    0.000241   0.002685   0.000004  -0.000001   0.000002   0.000000
    26  C    0.002685   0.037844  -0.000001   0.000000   0.000000   0.000000
    27  C    0.000004  -0.000001   0.279723  -0.008175  -0.079179  -0.049152
    28  C   -0.000001   0.000000  -0.008175  -0.034261  -0.004791  -0.101890
    29  C    0.000002   0.000000  -0.079179  -0.004791   0.038960   0.117475
    30  C    0.000000   0.000000  -0.049152  -0.101890   0.117475   0.234326
    31  H   -0.000001   0.000000   0.004974  -0.014580   0.008580   0.010368
    32  C    0.000000   0.000000   0.010273   0.122430  -0.119080  -0.060466
    33  H    0.000001   0.000000   0.001846   0.001895  -0.004160  -0.009886
    34  C    0.000000   0.000000   0.026861   0.015427   0.000937  -0.062008
    35  H    0.000000   0.000000  -0.001657   0.006822  -0.002533   0.001257
    36  H    0.000000   0.000000   0.000158  -0.000358   0.003272   0.000872
    37  C    0.000594  -0.000457   0.034127  -0.019236   0.010841  -0.007050
    38  C    0.000328  -0.000332   0.014693  -0.007282   0.001807  -0.002619
    39  H   -0.000043  -0.000069  -0.000296   0.000169  -0.000047   0.000066
    40  C   -0.000023  -0.000012   0.009352  -0.005574   0.000313  -0.005449
    41  C   -0.000016   0.000059   0.003188  -0.001163   0.000258  -0.002048
    42  C   -0.000008   0.000034  -0.009645   0.003230  -0.000361   0.007751
    43  C   -0.000006   0.000025  -0.002645   0.001068  -0.000360   0.000808
    44  H    0.000004  -0.000023   0.000239  -0.000091   0.000014  -0.000124
    45  C    0.000001   0.000000  -0.003120   0.004263   0.000951   0.001465
    46  H   -0.000010   0.000004  -0.003502  -0.000072   0.001204   0.002170
    47  C    0.000000   0.000001   0.001506   0.001702  -0.001056  -0.002849
    48  N    0.000000   0.000000   0.014749  -0.016718  -0.006720  -0.028672
    49  O    0.000000   0.000000  -0.004480   0.008883   0.001691   0.020569
    50  O    0.000000   0.000000  -0.003609   0.003113   0.006133  -0.000261
    51  O    0.000000   0.000000  -0.000127   0.000048   0.000019   0.000207
    52  C    0.000000   0.000000   0.000795   0.000251  -0.000206  -0.001882
    53  H    0.000000   0.000000   0.000147  -0.000015  -0.000055  -0.000233
    54  H    0.000000   0.000000   0.000047   0.000032  -0.000012  -0.000128
    55  H    0.000000   0.000000  -0.002211  -0.000494   0.000818   0.004794
    56  H    0.000000   0.000000   0.001767  -0.000152  -0.000363  -0.001455
    57  H    0.000000   0.000000  -0.000082   0.000037  -0.000006   0.000039
    58  O    0.000000   0.000402   0.000000   0.000000   0.000000   0.000000
    59  O   -0.000037  -0.000048   0.000000   0.000000   0.000000   0.000000
    60  O   -0.000133  -0.000406   0.000000   0.000000   0.000000   0.000000
    61  C    0.000029  -0.000828   0.000000   0.000000   0.000000   0.000000
    62  H    0.000037  -0.000603   0.000000   0.000000   0.000000   0.000000
    63  H   -0.000001   0.000025   0.000000   0.000000   0.000000   0.000000
    64  H   -0.000014   0.000218   0.000000   0.000000   0.000000   0.000000
    65  C   -0.000256  -0.001299   0.000000   0.000000   0.000000   0.000000
    66  H   -0.000001  -0.000193   0.000000   0.000000   0.000000   0.000000
    67  H    0.000001   0.000074   0.000000   0.000000   0.000000   0.000000
    68  H    0.000009   0.000121   0.000000   0.000000   0.000000   0.000000
    69  C   -0.000257  -0.000994   0.000000   0.000000   0.000000   0.000000
    70  H    0.000046  -0.000310   0.000000   0.000000   0.000000   0.000000
    71  H   -0.000099  -0.000146   0.000000   0.000000   0.000000   0.000000
    72  H    0.000015   0.000007   0.000000   0.000000   0.000000   0.000000
             31         32         33         34         35         36
     1  C    0.000001   0.000032   0.000036  -0.000010   0.000001   0.000000
     2  C    0.000234  -0.000065  -0.000048  -0.000010  -0.000005   0.000000
     3  C    0.000077  -0.000180  -0.000059  -0.000020  -0.000004   0.000000
     4  C    0.001478  -0.002000  -0.000795  -0.000094  -0.000095   0.000005
     5  C    0.001449  -0.002697  -0.000928  -0.000059  -0.000060   0.000011
     6  C    0.000390  -0.000726  -0.000425  -0.000010  -0.000007   0.000002
     7  H    0.000000  -0.000001  -0.000001   0.000000   0.000000   0.000000
     8  H    0.000005  -0.000003  -0.000005   0.000000   0.000000   0.000000
     9  H    0.000009  -0.000042  -0.000011   0.000001   0.000000   0.000000
    10  C   -0.006422   0.007871   0.000834   0.001205   0.000164  -0.000020
    11  C   -0.015114   0.039954   0.000246   0.014156   0.002336   0.000073
    12  C    0.010225   0.042628   0.013089  -0.016096  -0.001734  -0.000560
    13  C    0.005748  -0.102732  -0.006937   0.001970  -0.001457   0.000840
    14  C    0.005003  -0.057236  -0.012873   0.007138  -0.000589   0.000382
    15  C    0.002064  -0.010636  -0.003625   0.003239  -0.000229   0.000063
    16  H    0.002901   0.000345  -0.000080  -0.002945  -0.000285   0.000002
    17  H    0.000491  -0.016032  -0.001451   0.000370  -0.000077   0.000038
    18  H   -0.000113   0.001385   0.000232  -0.000033   0.000008  -0.000002
    19  C   -0.000010   0.000001   0.000003   0.000000   0.000000   0.000000
    20  C    0.000003  -0.000001   0.000000   0.000000   0.000000   0.000000
    21  C    0.000001   0.000000   0.000000   0.000000   0.000000   0.000000
    22  C    0.000002   0.000000   0.000000   0.000000   0.000000   0.000000
    23  H    0.000000   0.000000   0.000000   0.000000   0.000000   0.000000
    24  C    0.000000   0.000000   0.000000   0.000000   0.000000   0.000000
    25  H   -0.000001   0.000000   0.000001   0.000000   0.000000   0.000000
    26  C    0.000000   0.000000   0.000000   0.000000   0.000000   0.000000
    27  C    0.004974   0.010273   0.001846   0.026861  -0.001657   0.000158
    28  C   -0.014580   0.122430   0.001895   0.015427   0.006822  -0.000358
    29  C    0.008580  -0.119080  -0.004160   0.000937  -0.002533   0.003272
    30  C    0.010368  -0.060466  -0.009886  -0.062008   0.001257   0.000872
    31  H    0.001037  -0.010804  -0.000661   0.001314   0.000469   0.000091
    32  C   -0.010804   0.328606   0.022033  -0.043461   0.002630   0.000820
    33  H   -0.000661   0.022033   0.004192  -0.000254   0.000152  -0.000030
    34  C    0.001314  -0.043461  -0.000254  -0.057840  -0.002760  -0.003218
    35  H    0.000469   0.002630   0.000152  -0.002760  -0.009440  -0.000119
    36  H    0.000091   0.000820  -0.000030  -0.003218  -0.000119  -0.009120
    37  C   -0.004361   0.004504   0.000713   0.001121   0.000184  -0.000001
    38  C   -0.002248   0.000455   0.000120   0.000211   0.000089  -0.000005
    39  H    0.000040  -0.000030   0.000000  -0.000007  -0.000002   0.000000
    40  C   -0.001774   0.001074  -0.000035   0.000542   0.000143   0.000008
    41  C   -0.000480   0.000336  -0.000038   0.000585   0.000000   0.000003
    42  C    0.001576  -0.002583   0.000169  -0.002034  -0.000017  -0.000032
    43  C    0.000828  -0.000180  -0.000006  -0.000309  -0.000002  -0.000002
    44  H   -0.000059   0.000027   0.000003   0.000020   0.000003   0.000000
    45  C    0.000558   0.000544  -0.000166   0.000478  -0.000142   0.000022
    46  H    0.000241  -0.001381  -0.000227  -0.000172  -0.000037   0.000011
    47  C    0.000044   0.000958   0.000045   0.000765  -0.000026  -0.000002
    48  N    0.000020  -0.046057  -0.000058   0.108373   0.000778   0.000991
    49  O   -0.000084   0.003588   0.000135  -0.024362  -0.000720  -0.000306
    50  O    0.000039   0.027475  -0.000126  -0.028576  -0.000248  -0.000835
    51  O    0.000039  -0.000017  -0.000001  -0.000033  -0.000005   0.000000
    52  C   -0.000140   0.000267   0.000009   0.000397   0.000042   0.000000
    53  H   -0.000023   0.000045   0.000003   0.000052   0.000005   0.000000
    54  H   -0.000008   0.000012   0.000000   0.000018   0.000002   0.000000
    55  H    0.000330  -0.000950  -0.000051  -0.001101  -0.000134   0.000006
    56  H   -0.000121   0.000579   0.000077   0.000291   0.000046  -0.000007
    57  H    0.000029  -0.000005   0.000000  -0.000014  -0.000002   0.000000
    58  O    0.000000   0.000000   0.000000   0.000000   0.000000   0.000000
    59  O    0.000000   0.000000   0.000000   0.000000   0.000000   0.000000
    60  O    0.000000   0.000000   0.000000   0.000000   0.000000   0.000000
    61  C    0.000000   0.000000   0.000000   0.000000   0.000000   0.000000
    62  H    0.000000   0.000000   0.000000   0.000000   0.000000   0.000000
    63  H    0.000000   0.000000   0.000000   0.000000   0.000000   0.000000
    64  H    0.000000   0.000000   0.000000   0.000000   0.000000   0.000000
    65  C    0.000000   0.000000   0.000000   0.000000   0.000000   0.000000
    66  H    0.000000   0.000000   0.000000   0.000000   0.000000   0.000000
    67  H    0.000000   0.000000   0.000000   0.000000   0.000000   0.000000
    68  H    0.000000   0.000000   0.000000   0.000000   0.000000   0.000000
    69  C    0.000000   0.000000   0.000000   0.000000   0.000000   0.000000
    70  H    0.000000   0.000000   0.000000   0.000000   0.000000   0.000000
    71  H    0.000000   0.000000   0.000000   0.000000   0.000000   0.000000
    72  H    0.000000   0.000000   0.000000   0.000000   0.000000   0.000000
             37         38         39         40         41         42
     1  C    0.007349  -0.000891   0.000367   0.001589   0.000628   0.000263
     2  C   -0.024760  -0.013670   0.001900  -0.002280   0.002059   0.000006
     3  C   -0.011817  -0.019934   0.000752  -0.001091  -0.000950   0.001422
     4  C   -0.031532  -0.000755  -0.000351  -0.006175  -0.002992   0.005371
     5  C   -0.038158  -0.000668   0.000603  -0.000690   0.004816   0.002503
     6  C   -0.028336  -0.009479   0.000670   0.000954   0.001142   0.000415
     7  H   -0.000041  -0.000204   0.000023   0.000045  -0.000001   0.000011
     8  H   -0.001254  -0.001934   0.000578  -0.000240   0.000092   0.000318
     9  H   -0.000474   0.000063  -0.000007   0.000010   0.000028  -0.000012
    10  C    0.045452   0.004378  -0.001267   0.002159  -0.000227  -0.002869
    11  C   -0.026538   0.007935   0.000020   0.001702   0.004291  -0.003483
    12  C    0.049477   0.007194   0.000121   0.001023   0.001250  -0.000591
    13  C    0.048628   0.007540  -0.000451   0.001901   0.000855   0.000819
    14  C   -0.014114   0.001557  -0.000204   0.002531   0.002189   0.000411
    15  C    0.000958   0.017483  -0.001297   0.004517   0.005897  -0.003981
    16  H    0.005828   0.004015  -0.000007   0.001764   0.001080  -0.001361
    17  H   -0.001199  -0.000161  -0.000008   0.000070   0.000094  -0.000139
    18  H    0.001447   0.000023   0.000006  -0.000026  -0.000054   0.000024
    19  C    0.003362   0.002289  -0.000077  -0.000441  -0.000544  -0.000395
    20  C    0.002083   0.000566  -0.000463   0.000343   0.000043   0.000272
    21  C   -0.001166  -0.001279   0.000319  -0.000181  -0.000059  -0.000139
    22  C   -0.000807  -0.001193  -0.000384   0.000075   0.000313   0.000238
    23  H    0.000216  -0.000041  -0.000056   0.000032   0.000045  -0.000003
    24  C    0.001158   0.000140   0.000137  -0.000002  -0.000031  -0.000038
    25  H    0.000594   0.000328  -0.000043  -0.000023  -0.000016  -0.000008
    26  C   -0.000457  -0.000332  -0.000069  -0.000012   0.000059   0.000034
    27  C    0.034127   0.014693  -0.000296   0.009352   0.003188  -0.009645
    28  C   -0.019236  -0.007282   0.000169  -0.005574  -0.001163   0.003230
    29  C    0.010841   0.001807  -0.000047   0.000313   0.000258  -0.000361
    30  C   -0.007050  -0.002619   0.000066  -0.005449  -0.002048   0.007751
    31  H   -0.004361  -0.002248   0.000040  -0.001774  -0.000480   0.001576
    32  C    0.004504   0.000455  -0.000030   0.001074   0.000336  -0.002583
    33  H    0.000713   0.000120   0.000000  -0.000035  -0.000038   0.000169
    34  C    0.001121   0.000211  -0.000007   0.000542   0.000585  -0.002034
    35  H    0.000184   0.000089  -0.000002   0.000143   0.000000  -0.000017
    36  H   -0.000001  -0.000005   0.000000   0.000008   0.000003  -0.000032
    37  C   -0.008219   0.008123  -0.001161  -0.004648  -0.001311  -0.003817
    38  C    0.008123   0.020018  -0.000958   0.016629   0.001060  -0.017003
    39  H   -0.001161  -0.000958  -0.002000   0.000133   0.002067  -0.000614
    40  C   -0.004648   0.016629   0.000133   0.005260   0.026540  -0.019065
    41  C   -0.001311   0.001060   0.002067   0.026540  -0.013614   0.019745
    42  C   -0.003817  -0.017003  -0.000614  -0.019065   0.019745  -0.034985
    43  C   -0.001291  -0.015445  -0.000565  -0.018002   0.005912  -0.011589
    44  H    0.000649   0.001994   0.000032   0.001584   0.000200  -0.000387
    45  C    0.002361  -0.002025   0.000798  -0.014717  -0.027088   0.044542
    46  H   -0.004480  -0.006144   0.000141  -0.002776  -0.002000   0.004397
    47  C    0.004303   0.000965   0.000169   0.000881  -0.027322   0.023764
    48  N    0.000000   0.000007   0.000000   0.000019   0.000002  -0.000001
    49  O   -0.000002  -0.000001   0.000000  -0.000009  -0.000006   0.000026
    50  O   -0.000001   0.000000   0.000000  -0.000003  -0.000001   0.000005
    51  O   -0.000053  -0.000406   0.000011  -0.001357  -0.001622   0.000999
    52  C    0.000266   0.000311   0.000001   0.001133  -0.000871   0.002291
    53  H    0.000055   0.000198  -0.000004   0.000495   0.000420  -0.000247
    54  H    0.000024   0.000059  -0.000001   0.000220   0.000002   0.000201
    55  H   -0.000381  -0.000926   0.000023  -0.002393  -0.002147   0.001254
    56  H    0.000286   0.000967  -0.000027   0.000664   0.001712  -0.002719
    57  H   -0.000024  -0.000086  -0.000025  -0.000350   0.000022  -0.000282
    58  O    0.000001   0.000004  -0.000002   0.000000  -0.000001   0.000000
    59  O    0.000000  -0.000001   0.000000   0.000000   0.000000   0.000000
    60  O   -0.000001  -0.000001   0.000000   0.000000   0.000000   0.000000
    61  C    0.000012   0.000064  -0.000007   0.000000  -0.000008  -0.000004
    62  H    0.000002   0.000010   0.000001   0.000000  -0.000002  -0.000001
    63  H    0.000001  -0.000002   0.000001   0.000000   0.000001   0.000000
    64  H   -0.000004  -0.000015  -0.000004  -0.000002   0.000000   0.000004
    65  C   -0.000003  -0.000009   0.000001   0.000000   0.000000   0.000000
    66  H    0.000000   0.000000   0.000000   0.000000   0.000000   0.000000
    67  H    0.000000   0.000000   0.000000   0.000000   0.000000   0.000000
    68  H    0.000000   0.000000   0.000000   0.000000   0.000000   0.000000
    69  C   -0.000009  -0.000012   0.000002   0.000001   0.000000   0.000000
    70  H   -0.000005  -0.000005   0.000001   0.000000   0.000000   0.000000
    71  H   -0.000006   0.000000   0.000000   0.000000   0.000000   0.000000
    72  H    0.000000   0.000000   0.000000   0.000000   0.000000   0.000000
             43         44         45         46         47         48
     1  C    0.000063  -0.000039   0.000213   0.000153   0.000049   0.000000
     2  C    0.001105  -0.000632  -0.000542   0.000705   0.000094   0.000000
     3  C    0.000603  -0.000357   0.000068   0.000312  -0.000025   0.000000
     4  C    0.001788   0.000143  -0.002848   0.001841  -0.000564   0.000000
     5  C    0.002030  -0.000400   0.000701   0.002747   0.000396   0.000001
     6  C    0.000264  -0.000119   0.000229   0.000897   0.000066   0.000000
     7  H    0.000001  -0.000001   0.000002   0.000003   0.000000   0.000000
     8  H    0.000647  -0.000061  -0.000069   0.000102   0.000052   0.000000
     9  H    0.000004  -0.000001   0.000004   0.000017   0.000002   0.000000
    10  C   -0.002741   0.000661   0.002673  -0.004664   0.001693   0.000022
    11  C    0.000601   0.000057  -0.005749  -0.001147   0.001053   0.000109
    12  C    0.000972  -0.000252   0.006512   0.003546  -0.002163  -0.001166
    13  C    0.000535  -0.000001   0.000310   0.002950  -0.001003   0.000877
    14  C    0.000357  -0.000038   0.000647   0.002790  -0.000210   0.000168
    15  C   -0.000878   0.000265   0.003456   0.000618   0.001065   0.000002
    16  H   -0.001146  -0.000010   0.001382   0.000918   0.000233   0.000082
    17  H    0.000027  -0.000006   0.000095   0.000228  -0.000013   0.000213
    18  H   -0.000013   0.000004  -0.000015  -0.000084  -0.000001  -0.000004
    19  C   -0.000206   0.000071  -0.000039  -0.000114  -0.000031   0.000000
    20  C   -0.000090   0.000079   0.000112   0.000032   0.000014   0.000000
    21  C   -0.000005  -0.000026  -0.000038   0.000002  -0.000003   0.000000
    22  C    0.000143  -0.000090   0.000022   0.000032   0.000015   0.000000
    23  H   -0.000039   0.000002   0.000015   0.000001   0.000004   0.000000
    24  C   -0.000005   0.000002  -0.000004  -0.000011   0.000000   0.000000
    25  H   -0.000006   0.000004   0.000001  -0.000010   0.000000   0.000000
    26  C    0.000025  -0.000023   0.000000   0.000004   0.000001   0.000000
    27  C   -0.002645   0.000239  -0.003120  -0.003502   0.001506   0.014749
    28  C    0.001068  -0.000091   0.004263  -0.000072   0.001702  -0.016718
    29  C   -0.000360   0.000014   0.000951   0.001204  -0.001056  -0.006720
    30  C    0.000808  -0.000124   0.001465   0.002170  -0.002849  -0.028672
    31  H    0.000828  -0.000059   0.000558   0.000241   0.000044   0.000020
    32  C   -0.000180   0.000027   0.000544  -0.001381   0.000958  -0.046057
    33  H   -0.000006   0.000003  -0.000166  -0.000227   0.000045  -0.000058
    34  C   -0.000309   0.000020   0.000478  -0.000172   0.000765   0.108373
    35  H   -0.000002   0.000003  -0.000142  -0.000037  -0.000026   0.000778
    36  H   -0.000002   0.000000   0.000022   0.000011  -0.000002   0.000991
    37  C   -0.001291   0.000649   0.002361  -0.004480   0.004303   0.000000
    38  C   -0.015445   0.001994  -0.002025  -0.006144   0.000965   0.000007
    39  H   -0.000565   0.000032   0.000798   0.000141   0.000169   0.000000
    40  C   -0.018002   0.001584  -0.014717  -0.002776   0.000881   0.000019
    41  C    0.005912   0.000200  -0.027088  -0.002000  -0.027322   0.000002
    42  C   -0.011589  -0.000387   0.044542   0.004397   0.023764  -0.000001
    43  C   -0.009480  -0.001164   0.018104   0.001918   0.027470   0.000013
    44  H   -0.001164  -0.000065  -0.000840  -0.000188  -0.001216   0.000000
    45  C    0.018104  -0.000840  -0.018068  -0.000022  -0.017463  -0.000084
    46  H    0.001918  -0.000188  -0.000022   0.000546  -0.001427  -0.000049
    47  C    0.027470  -0.001216  -0.017463  -0.001427  -0.008832   0.000088
    48  N    0.000013   0.000000  -0.000084  -0.000049   0.000088   0.571780
    49  O   -0.000005   0.000000   0.000025   0.000014  -0.000056  -0.176977
    50  O    0.000000   0.000000   0.000006   0.000011  -0.000010  -0.174525
    51  O   -0.000650  -0.000054   0.002097   0.000178  -0.000583  -0.000002
    52  C    0.002808  -0.000007  -0.003306  -0.000298  -0.001306   0.000105
    53  H    0.000296   0.000016  -0.001085  -0.000102   0.000496   0.000013
    54  H    0.000478   0.000003  -0.000384  -0.000037  -0.000325   0.000008
    55  H   -0.001828  -0.000086   0.005056   0.000610  -0.001634  -0.000414
    56  H   -0.000931   0.000072  -0.000111  -0.000374   0.001491   0.000083
    57  H   -0.000491   0.000016   0.000499   0.000037   0.000776   0.000000
    58  O    0.000000   0.000000   0.000000   0.000000   0.000000   0.000000
    59  O    0.000000   0.000000   0.000000   0.000000   0.000000   0.000000
    60  O    0.000000   0.000000   0.000000   0.000000   0.000000   0.000000
    61  C   -0.000008   0.000006   0.000000  -0.000001  -0.000001   0.000000
    62  H   -0.000001   0.000001   0.000000   0.000000   0.000000   0.000000
    63  H    0.000001   0.000000   0.000000   0.000000   0.000000   0.000000
    64  H    0.000002  -0.000002   0.000000   0.000000   0.000000   0.000000
    65  C    0.000000   0.000000   0.000000   0.000000   0.000000   0.000000
    66  H    0.000000   0.000000   0.000000   0.000000   0.000000   0.000000
    67  H    0.000000   0.000000   0.000000   0.000000   0.000000   0.000000
    68  H    0.000000   0.000000   0.000000   0.000000   0.000000   0.000000
    69  C    0.000000   0.000000   0.000000   0.000000   0.000000   0.000000
    70  H    0.000000   0.000000   0.000000   0.000000   0.000000   0.000000
    71  H    0.000000   0.000000   0.000000   0.000000   0.000000   0.000000
    72  H    0.000000   0.000000   0.000000   0.000000   0.000000   0.000000
             49         50         51         52         53         54
     1  C    0.000000   0.000000   0.000000   0.000001   0.000000   0.000000
     2  C    0.000000   0.000000   0.000002  -0.000003  -0.000003  -0.000001
     3  C    0.000000   0.000000   0.000005  -0.000008  -0.000005  -0.000001
     4  C    0.000000   0.000001   0.000038  -0.000069  -0.000032  -0.000007
     5  C    0.000000   0.000000   0.000009  -0.000010  -0.000012  -0.000002
     6  C    0.000000   0.000000   0.000000   0.000000  -0.000001   0.000000
     7  H    0.000000   0.000000   0.000000   0.000000   0.000000   0.000000
     8  H    0.000000   0.000000   0.000001   0.000000  -0.000001   0.000000
     9  H    0.000000   0.000000   0.000000   0.000000   0.000000   0.000000
    10  C   -0.000024   0.000023  -0.000012   0.000034   0.000024   0.000003
    11  C   -0.000223  -0.000107  -0.000234   0.000515   0.000132   0.000037
    12  C    0.000081   0.000888   0.000203  -0.000448  -0.000142  -0.000033
    13  C   -0.000334  -0.000104   0.000023  -0.000177  -0.000034  -0.000011
    14  C   -0.000057  -0.000020   0.000004  -0.000031  -0.000010  -0.000002
    15  C   -0.000010   0.000004  -0.000005   0.000052   0.000006   0.000004
    16  H   -0.000013   0.000009   0.000024   0.000069  -0.000007   0.000001
    17  H   -0.000055  -0.000061   0.000001  -0.000003  -0.000001   0.000000
    18  H    0.000001   0.000001   0.000000   0.000000   0.000000   0.000000
    19  C    0.000000   0.000000   0.000000   0.000000   0.000000   0.000000
    20  C    0.000000   0.000000   0.000000   0.000000   0.000000   0.000000
    21  C    0.000000   0.000000   0.000000   0.000000   0.000000   0.000000
    22  C    0.000000   0.000000   0.000000   0.000000   0.000000   0.000000
    23  H    0.000000   0.000000   0.000000   0.000000   0.000000   0.000000
    24  C    0.000000   0.000000   0.000000   0.000000   0.000000   0.000000
    25  H    0.000000   0.000000   0.000000   0.000000   0.000000   0.000000
    26  C    0.000000   0.000000   0.000000   0.000000   0.000000   0.000000
    27  C   -0.004480  -0.003609  -0.000127   0.000795   0.000147   0.000047
    28  C    0.008883   0.003113   0.000048   0.000251  -0.000015   0.000032
    29  C    0.001691   0.006133   0.000019  -0.000206  -0.000055  -0.000012
    30  C    0.020569  -0.000261   0.000207  -0.001882  -0.000233  -0.000128
    31  H   -0.000084   0.000039   0.000039  -0.000140  -0.000023  -0.000008
    32  C    0.003588   0.027475  -0.000017   0.000267   0.000045   0.000012
    33  H    0.000135  -0.000126  -0.000001   0.000009   0.000003   0.000000
    34  C   -0.024362  -0.028576  -0.000033   0.000397   0.000052   0.000018
    35  H   -0.000720  -0.000248  -0.000005   0.000042   0.000005   0.000002
    36  H   -0.000306  -0.000835   0.000000   0.000000   0.000000   0.000000
    37  C   -0.000002  -0.000001  -0.000053   0.000266   0.000055   0.000024
    38  C   -0.000001   0.000000  -0.000406   0.000311   0.000198   0.000059
    39  H    0.000000   0.000000   0.000011   0.000001  -0.000004  -0.000001
    40  C   -0.000009  -0.000003  -0.001357   0.001133   0.000495   0.000220
    41  C   -0.000006  -0.000001  -0.001622  -0.000871   0.000420   0.000002
    42  C    0.000026   0.000005   0.000999   0.002291  -0.000247   0.000201
    43  C   -0.000005   0.000000  -0.000650   0.002808   0.000296   0.000478
    44  H    0.000000   0.000000  -0.000054  -0.000007   0.000016   0.000003
    45  C    0.000025   0.000006   0.002097  -0.003306  -0.001085  -0.000384
    46  H    0.000014   0.000011   0.000178  -0.000298  -0.000102  -0.000037
    47  C   -0.000056  -0.000010  -0.000583  -0.001306   0.000496  -0.000325
    48  N   -0.176977  -0.174525  -0.000002   0.000105   0.000013   0.000008
    49  O    0.304996   0.051197   0.000001  -0.000101  -0.000009  -0.000009
    50  O    0.051197   0.302674   0.000000  -0.000013  -0.000002  -0.000001
    51  O    0.000001   0.000000   0.001324  -0.000260  -0.000277  -0.000050
    52  C   -0.000101  -0.000013  -0.000260   0.000402   0.000193  -0.000106
    53  H   -0.000009  -0.000002  -0.000277   0.000193   0.000221   0.000026
    54  H   -0.000009  -0.000001  -0.000050  -0.000106   0.000026  -0.000079
    55  H    0.000386   0.000078   0.001147  -0.002015  -0.000729  -0.000135
    56  H   -0.000046  -0.000020  -0.000281   0.000641   0.000140   0.000099
    57  H    0.000000   0.000000   0.000033   0.000020  -0.000012   0.000000
    58  O    0.000000   0.000000   0.000000   0.000000   0.000000   0.000000
    59  O    0.000000   0.000000   0.000000   0.000000   0.000000   0.000000
    60  O    0.000000   0.000000   0.000000   0.000000   0.000000   0.000000
    61  C    0.000000   0.000000   0.000000   0.000000   0.000000   0.000000
    62  H    0.000000   0.000000   0.000000   0.000000   0.000000   0.000000
    63  H    0.000000   0.000000   0.000000   0.000000   0.000000   0.000000
    64  H    0.000000   0.000000   0.000000   0.000000   0.000000   0.000000
    65  C    0.000000   0.000000   0.000000   0.000000   0.000000   0.000000
    66  H    0.000000   0.000000   0.000000   0.000000   0.000000   0.000000
    67  H    0.000000   0.000000   0.000000   0.000000   0.000000   0.000000
    68  H    0.000000   0.000000   0.000000   0.000000   0.000000   0.000000
    69  C    0.000000   0.000000   0.000000   0.000000   0.000000   0.000000
    70  H    0.000000   0.000000   0.000000   0.000000   0.000000   0.000000
    71  H    0.000000   0.000000   0.000000   0.000000   0.000000   0.000000
    72  H    0.000000   0.000000   0.000000   0.000000   0.000000   0.000000
             55         56         57         58         59         60
     1  C    0.000000  -0.000005   0.000000  -0.000029   0.000061   0.000191
     2  C    0.000015  -0.000054   0.000007  -0.000083   0.000002  -0.000128
     3  C    0.000033  -0.000085   0.000028   0.000076  -0.000056  -0.000056
     4  C    0.000209  -0.000322  -0.000024   0.000058  -0.000020  -0.000031
     5  C    0.000086  -0.000271  -0.000002  -0.000001   0.000000  -0.000003
     6  C    0.000007  -0.000052   0.000001  -0.000006   0.000005   0.000025
     7  H    0.000000   0.000000   0.000000  -0.000001   0.000002   0.000012
     8  H    0.000002  -0.000008   0.000005   0.000011   0.000002   0.000007
     9  H    0.000000  -0.000001   0.000000   0.000000   0.000000   0.000000
    10  C   -0.000138   0.000405   0.000007   0.000001   0.000000   0.000000
    11  C   -0.001822   0.001017  -0.000060   0.000000   0.000000   0.000000
    12  C    0.001612  -0.001250  -0.000004   0.000000   0.000000   0.000000
    13  C    0.000547  -0.000724   0.000004   0.000000   0.000000   0.000000
    14  C    0.000148  -0.000321   0.000001   0.000000   0.000000   0.000000
    15  C   -0.000015  -0.000089  -0.000023   0.000001   0.000000   0.000000
    16  H    0.000074  -0.000150  -0.000039   0.000000   0.000000   0.000000
    17  H    0.000019  -0.000042   0.000000   0.000000   0.000000   0.000000
    18  H   -0.000002   0.000009   0.000000   0.000000   0.000000   0.000000
    19  C   -0.000001   0.000005  -0.000001   0.000096  -0.000007   0.000027
    20  C    0.000000  -0.000002  -0.000001  -0.000182  -0.000485  -0.000244
    21  C    0.000000   0.000000   0.000000   0.000115   0.000469   0.000940
    22  C    0.000000  -0.000001   0.000002  -0.000694   0.000029  -0.000337
    23  H    0.000000   0.000000   0.000000  -0.000022   0.000001   0.000000
    24  C    0.000000   0.000000   0.000000   0.000277  -0.000179   0.000234
    25  H    0.000000   0.000000   0.000000   0.000000  -0.000037  -0.000133
    26  C    0.000000   0.000000   0.000000   0.000402  -0.000048  -0.000406
    27  C   -0.002211   0.001767  -0.000082   0.000000   0.000000   0.000000
    28  C   -0.000494  -0.000152   0.000037   0.000000   0.000000   0.000000
    29  C    0.000818  -0.000363  -0.000006   0.000000   0.000000   0.000000
    30  C    0.004794  -0.001455   0.000039   0.000000   0.000000   0.000000
    31  H    0.000330  -0.000121   0.000029   0.000000   0.000000   0.000000
    32  C   -0.000950   0.000579  -0.000005   0.000000   0.000000   0.000000
    33  H   -0.000051   0.000077   0.000000   0.000000   0.000000   0.000000
    34  C   -0.001101   0.000291  -0.000014   0.000000   0.000000   0.000000
    35  H   -0.000134   0.000046  -0.000002   0.000000   0.000000   0.000000
    36  H    0.000006  -0.000007   0.000000   0.000000   0.000000   0.000000
    37  C   -0.000381   0.000286  -0.000024   0.000001   0.000000  -0.000001
    38  C   -0.000926   0.000967  -0.000086   0.000004  -0.000001  -0.000001
    39  H    0.000023  -0.000027  -0.000025  -0.000002   0.000000   0.000000
    40  C   -0.002393   0.000664  -0.000350   0.000000   0.000000   0.000000
    41  C   -0.002147   0.001712   0.000022  -0.000001   0.000000   0.000000
    42  C    0.001254  -0.002719  -0.000282   0.000000   0.000000   0.000000
    43  C   -0.001828  -0.000931  -0.000491   0.000000   0.000000   0.000000
    44  H   -0.000086   0.000072   0.000016   0.000000   0.000000   0.000000
    45  C    0.005056  -0.000111   0.000499   0.000000   0.000000   0.000000
    46  H    0.000610  -0.000374   0.000037   0.000000   0.000000   0.000000
    47  C   -0.001634   0.001491   0.000776   0.000000   0.000000   0.000000
    48  N   -0.000414   0.000083   0.000000   0.000000   0.000000   0.000000
    49  O    0.000386  -0.000046   0.000000   0.000000   0.000000   0.000000
    50  O    0.000078  -0.000020   0.000000   0.000000   0.000000   0.000000
    51  O    0.001147  -0.000281   0.000033   0.000000   0.000000   0.000000
    52  C   -0.002015   0.000641   0.000020   0.000000   0.000000   0.000000
    53  H   -0.000729   0.000140  -0.000012   0.000000   0.000000   0.000000
    54  H   -0.000135   0.000099   0.000000   0.000000   0.000000   0.000000
    55  H    0.005000  -0.001036   0.000057   0.000000   0.000000   0.000000
    56  H   -0.001036   0.000554  -0.000029   0.000000   0.000000   0.000000
    57  H    0.000057  -0.000029   0.000014   0.000000   0.000000   0.000000
    58  O    0.000000   0.000000   0.000000  -0.000054   0.000021   0.000001
    59  O    0.000000   0.000000   0.000000   0.000021   0.000317   0.000012
    60  O    0.000000   0.000000   0.000000   0.000001   0.000012  -0.000353
    61  C    0.000000   0.000000   0.000000  -0.000032  -0.000016  -0.000002
    62  H    0.000000   0.000000   0.000000  -0.000027  -0.000005  -0.000003
    63  H    0.000000   0.000000   0.000000  -0.000004   0.000000   0.000000
    64  H    0.000000   0.000000   0.000000   0.000012   0.000007   0.000000
    65  C    0.000000   0.000000   0.000000   0.000080   0.000030   0.000042
    66  H    0.000000   0.000000   0.000000   0.000001  -0.000002  -0.000003
    67  H    0.000000   0.000000   0.000000  -0.000002   0.000002   0.000000
    68  H    0.000000   0.000000   0.000000  -0.000005  -0.000009  -0.000004
    69  C    0.000000   0.000000   0.000000  -0.000001   0.000012   0.000047
    70  H    0.000000   0.000000   0.000000   0.000000   0.000003   0.000023
    71  H    0.000000   0.000000   0.000000   0.000000   0.000001   0.000012
    72  H    0.000000   0.000000   0.000000   0.000000   0.000000   0.000004
             61         62         63         64         65         66
     1  C   -0.000201  -0.000076   0.000003   0.000042   0.000324  -0.000003
     2  C   -0.000478  -0.000124   0.000006   0.000119   0.000019  -0.000006
     3  C    0.000446   0.000094  -0.000007  -0.000049  -0.000270  -0.000004
     4  C    0.000271   0.000063  -0.000012  -0.000018  -0.000122   0.000001
     5  C   -0.000033  -0.000004   0.000000   0.000011   0.000006   0.000000
     6  C   -0.000039  -0.000012   0.000001   0.000008   0.000033  -0.000001
     7  H   -0.000002  -0.000003   0.000000   0.000002   0.000011   0.000001
     8  H   -0.000034  -0.000028  -0.000004   0.000050   0.000023  -0.000002
     9  H   -0.000001   0.000000   0.000000   0.000000   0.000001   0.000000
    10  C    0.000003   0.000001  -0.000001   0.000001  -0.000001   0.000000
    11  C   -0.000003   0.000000   0.000000   0.000000   0.000000   0.000000
    12  C    0.000000   0.000000   0.000000   0.000000   0.000000   0.000000
    13  C    0.000000   0.000000   0.000000   0.000000   0.000000   0.000000
    14  C    0.000000   0.000000   0.000000   0.000000   0.000000   0.000000
    15  C    0.000001   0.000001  -0.000001   0.000001  -0.000001   0.000000
    16  H    0.000000   0.000000   0.000000   0.000000   0.000000   0.000000
    17  H    0.000000   0.000000   0.000000   0.000000   0.000000   0.000000
    18  H    0.000000   0.000000   0.000000   0.000000   0.000000   0.000000
    19  C    0.000921   0.000073  -0.000003  -0.000041  -0.000205  -0.000029
    20  C    0.001584   0.001004  -0.000084  -0.000269  -0.003134  -0.000030
    21  C   -0.000573  -0.000403   0.000036   0.000028   0.004005   0.000157
    22  C   -0.000595   0.000649   0.000014  -0.000265  -0.004375  -0.000092
    23  H   -0.000043   0.000013   0.000003  -0.000019   0.000016   0.000003
    24  C   -0.000340  -0.000546   0.000005   0.000199   0.003741   0.000134
    25  H    0.000029   0.000037  -0.000001  -0.000014  -0.000256  -0.000001
    26  C   -0.000828  -0.000603   0.000025   0.000218  -0.001299  -0.000193
    27  C    0.000000   0.000000   0.000000   0.000000   0.000000   0.000000
    28  C    0.000000   0.000000   0.000000   0.000000   0.000000   0.000000
    29  C    0.000000   0.000000   0.000000   0.000000   0.000000   0.000000
    30  C    0.000000   0.000000   0.000000   0.000000   0.000000   0.000000
    31  H    0.000000   0.000000   0.000000   0.000000   0.000000   0.000000
    32  C    0.000000   0.000000   0.000000   0.000000   0.000000   0.000000
    33  H    0.000000   0.000000   0.000000   0.000000   0.000000   0.000000
    34  C    0.000000   0.000000   0.000000   0.000000   0.000000   0.000000
    35  H    0.000000   0.000000   0.000000   0.000000   0.000000   0.000000
    36  H    0.000000   0.000000   0.000000   0.000000   0.000000   0.000000
    37  C    0.000012   0.000002   0.000001  -0.000004  -0.000003   0.000000
    38  C    0.000064   0.000010  -0.000002  -0.000015  -0.000009   0.000000
    39  H   -0.000007   0.000001   0.000001  -0.000004   0.000001   0.000000
    40  C    0.000000   0.000000   0.000000  -0.000002   0.000000   0.000000
    41  C   -0.000008  -0.000002   0.000001   0.000000   0.000000   0.000000
    42  C   -0.000004  -0.000001   0.000000   0.000004   0.000000   0.000000
    43  C   -0.000008  -0.000001   0.000001   0.000002   0.000000   0.000000
    44  H    0.000006   0.000001   0.000000  -0.000002   0.000000   0.000000
    45  C    0.000000   0.000000   0.000000   0.000000   0.000000   0.000000
    46  H   -0.000001   0.000000   0.000000   0.000000   0.000000   0.000000
    47  C   -0.000001   0.000000   0.000000   0.000000   0.000000   0.000000
    48  N    0.000000   0.000000   0.000000   0.000000   0.000000   0.000000
    49  O    0.000000   0.000000   0.000000   0.000000   0.000000   0.000000
    50  O    0.000000   0.000000   0.000000   0.000000   0.000000   0.000000
    51  O    0.000000   0.000000   0.000000   0.000000   0.000000   0.000000
    52  C    0.000000   0.000000   0.000000   0.000000   0.000000   0.000000
    53  H    0.000000   0.000000   0.000000   0.000000   0.000000   0.000000
    54  H    0.000000   0.000000   0.000000   0.000000   0.000000   0.000000
    55  H    0.000000   0.000000   0.000000   0.000000   0.000000   0.000000
    56  H    0.000000   0.000000   0.000000   0.000000   0.000000   0.000000
    57  H    0.000000   0.000000   0.000000   0.000000   0.000000   0.000000
    58  O   -0.000032  -0.000027  -0.000004   0.000012   0.000080   0.000001
    59  O   -0.000016  -0.000005   0.000000   0.000007   0.000030  -0.000002
    60  O   -0.000002  -0.000003   0.000000   0.000000   0.000042  -0.000003
    61  C   -0.000163   0.000020   0.000014  -0.000016   0.000031   0.000008
    62  H    0.000020   0.000053  -0.000001  -0.000014  -0.000163  -0.000003
    63  H    0.000014  -0.000001  -0.000002   0.000003   0.000004   0.000000
    64  H   -0.000016  -0.000014   0.000003  -0.000006   0.000037   0.000001
    65  C    0.000031  -0.000163   0.000004   0.000037   0.001409   0.000058
    66  H    0.000008  -0.000003   0.000000   0.000001   0.000058   0.000004
    67  H   -0.000004   0.000010   0.000000  -0.000002  -0.000074  -0.000006
    68  H   -0.000007   0.000019  -0.000001  -0.000003  -0.000133  -0.000006
    69  C   -0.000011  -0.000006   0.000000   0.000000   0.000078   0.000002
    70  H    0.000000  -0.000003   0.000000   0.000001   0.000025   0.000001
    71  H    0.000000  -0.000001   0.000000   0.000000   0.000013  -0.000001
    72  H   -0.000001   0.000000   0.000000   0.000000  -0.000005   0.000001
             67         68         69         70         71         72
     1  C   -0.000001  -0.000005   0.000449   0.000070   0.000194  -0.000027
     2  C    0.000006  -0.000007  -0.000109  -0.000069  -0.000111   0.000037
     3  C    0.000001   0.000007  -0.000154  -0.000078  -0.000045   0.000005
     4  C    0.000001   0.000001  -0.000261  -0.000084  -0.000034   0.000002
     5  C    0.000000  -0.000001   0.000004   0.000007  -0.000032   0.000003
     6  C    0.000000   0.000000   0.000184   0.000048   0.000060  -0.000004
     7  H    0.000000   0.000000  -0.000034  -0.000032   0.000022  -0.000004
     8  H    0.000001  -0.000001   0.000011  -0.000006   0.000004   0.000000
     9  H    0.000000   0.000000   0.000011   0.000005  -0.000001   0.000000
    10  C    0.000000   0.000000  -0.000008  -0.000004  -0.000003   0.000000
    11  C    0.000000   0.000000   0.000003   0.000002   0.000000   0.000000
    12  C    0.000000   0.000000  -0.000001  -0.000001   0.000000   0.000000
    13  C    0.000000   0.000000  -0.000004  -0.000002  -0.000001   0.000000
    14  C    0.000000   0.000000  -0.000009  -0.000002  -0.000001   0.000000
    15  C    0.000000   0.000000  -0.000016  -0.000004  -0.000002   0.000000
    16  H    0.000000   0.000000   0.000000   0.000000   0.000000   0.000000
    17  H    0.000000   0.000000   0.000000   0.000000   0.000000   0.000000
    18  H    0.000000   0.000000  -0.000001  -0.000001   0.000000   0.000000
    19  C    0.000015   0.000017   0.000452   0.000090   0.000018  -0.000002
    20  C    0.000049   0.000117  -0.000447  -0.000054  -0.000092   0.000038
    21  C   -0.000054  -0.000152   0.002077   0.000689   0.000443  -0.000113
    22  C    0.000154   0.000296  -0.000505  -0.000034  -0.000054   0.000021
    23  H   -0.000002  -0.000002  -0.000002   0.000004  -0.000001   0.000000
    24  C   -0.000175  -0.000247  -0.000670  -0.000335  -0.000198   0.000034
    25  H    0.000001   0.000009  -0.000257   0.000046  -0.000099   0.000015
    26  C    0.000074   0.000121  -0.000994  -0.000310  -0.000146   0.000007
    27  C    0.000000   0.000000   0.000000   0.000000   0.000000   0.000000
    28  C    0.000000   0.000000   0.000000   0.000000   0.000000   0.000000
    29  C    0.000000   0.000000   0.000000   0.000000   0.000000   0.000000
    30  C    0.000000   0.000000   0.000000   0.000000   0.000000   0.000000
    31  H    0.000000   0.000000   0.000000   0.000000   0.000000   0.000000
    32  C    0.000000   0.000000   0.000000   0.000000   0.000000   0.000000
    33  H    0.000000   0.000000   0.000000   0.000000   0.000000   0.000000
    34  C    0.000000   0.000000   0.000000   0.000000   0.000000   0.000000
    35  H    0.000000   0.000000   0.000000   0.000000   0.000000   0.000000
    36  H    0.000000   0.000000   0.000000   0.000000   0.000000   0.000000
    37  C    0.000000   0.000000  -0.000009  -0.000005  -0.000006   0.000000
    38  C    0.000000   0.000000  -0.000012  -0.000005   0.000000   0.000000
    39  H    0.000000   0.000000   0.000002   0.000001   0.000000   0.000000
    40  C    0.000000   0.000000   0.000001   0.000000   0.000000   0.000000
    41  C    0.000000   0.000000   0.000000   0.000000   0.000000   0.000000
    42  C    0.000000   0.000000   0.000000   0.000000   0.000000   0.000000
    43  C    0.000000   0.000000   0.000000   0.000000   0.000000   0.000000
    44  H    0.000000   0.000000   0.000000   0.000000   0.000000   0.000000
    45  C    0.000000   0.000000   0.000000   0.000000   0.000000   0.000000
    46  H    0.000000   0.000000   0.000000   0.000000   0.000000   0.000000
    47  C    0.000000   0.000000   0.000000   0.000000   0.000000   0.000000
    48  N    0.000000   0.000000   0.000000   0.000000   0.000000   0.000000
    49  O    0.000000   0.000000   0.000000   0.000000   0.000000   0.000000
    50  O    0.000000   0.000000   0.000000   0.000000   0.000000   0.000000
    51  O    0.000000   0.000000   0.000000   0.000000   0.000000   0.000000
    52  C    0.000000   0.000000   0.000000   0.000000   0.000000   0.000000
    53  H    0.000000   0.000000   0.000000   0.000000   0.000000   0.000000
    54  H    0.000000   0.000000   0.000000   0.000000   0.000000   0.000000
    55  H    0.000000   0.000000   0.000000   0.000000   0.000000   0.000000
    56  H    0.000000   0.000000   0.000000   0.000000   0.000000   0.000000
    57  H    0.000000   0.000000   0.000000   0.000000   0.000000   0.000000
    58  O   -0.000002  -0.000005  -0.000001   0.000000   0.000000   0.000000
    59  O    0.000002  -0.000009   0.000012   0.000003   0.000001   0.000000
    60  O    0.000000  -0.000004   0.000047   0.000023   0.000012   0.000004
    61  C   -0.000004  -0.000007  -0.000011   0.000000   0.000000  -0.000001
    62  H    0.000010   0.000019  -0.000006  -0.000003  -0.000001   0.000000
    63  H    0.000000  -0.000001   0.000000   0.000000   0.000000   0.000000
    64  H   -0.000002  -0.000003   0.000000   0.000001   0.000000   0.000000
    65  C   -0.000074  -0.000133   0.000078   0.000025   0.000013  -0.000005
    66  H   -0.000006  -0.000006   0.000002   0.000001  -0.000001   0.000001
    67  H    0.000012   0.000009  -0.000001   0.000000   0.000000   0.000000
    68  H    0.000009   0.000014  -0.000002  -0.000001   0.000000   0.000001
    69  C   -0.000001  -0.000002   0.000075   0.000028   0.000046  -0.000007
    70  H    0.000000  -0.000001   0.000028  -0.000064   0.000029   0.000002
    71  H    0.000000   0.000000   0.000046   0.000029  -0.000040   0.000002
    72  H    0.000000   0.000001  -0.000007   0.000002   0.000002  -0.000007
 Mulliken atomic spin densities:
              1
     1  C   -0.011241
     2  C    0.021692
     3  C   -0.010767
     4  C    0.016984
     5  C   -0.010994
     6  C    0.015359
     7  H    0.000587
     8  H    0.000807
     9  H   -0.001224
    10  C   -0.014288
    11  C    0.029407
    12  C   -0.031348
    13  C    0.052562
    14  C   -0.023249
    15  C    0.054109
    16  H   -0.002594
    17  H   -0.002932
    18  H    0.001564
    19  C   -0.004659
    20  C    0.003728
    21  C    0.002605
    22  C   -0.000720
    23  H   -0.000193
    24  C   -0.001497
    25  H   -0.000031
    26  C    0.004678
    27  C    0.144672
    28  C   -0.038390
    29  C   -0.035442
    30  C    0.136857
    31  H    0.003658
    32  C    0.141510
    33  H    0.002895
    34  C   -0.059955
    35  H   -0.007255
    36  H   -0.006946
    37  C   -0.002594
    38  C    0.015563
    39  H   -0.001278
    40  C   -0.003606
    41  C    0.002342
    42  C    0.003658
    43  C   -0.001217
    44  H   -0.000171
    45  C    0.000286
    46  H    0.000060
    47  C    0.002040
    48  N    0.247055
    49  O    0.183705
    50  O    0.183134
    51  O    0.000382
    52  C   -0.000658
    53  H   -0.000059
    54  H   -0.000054
    55  H    0.001668
    56  H   -0.000145
    57  H    0.000073
    58  O    0.000013
    59  O    0.000113
    60  O   -0.000127
    61  C   -0.000042
    62  H    0.000024
    63  H   -0.000004
    64  H    0.000004
    65  C   -0.000058
    66  H   -0.000012
    67  H    0.000016
    68  H    0.000026
    69  C   -0.000037
    70  H   -0.000019
    71  H   -0.000025
    72  H   -0.000001
 Sum of Mulliken atomic spin densities =   1.00000
 Electronic spatial extent (au):  <R**2>=          43080.8899
 Charge=             -1.0000 electrons
 Dipole moment (field-independent basis, Debye):
    X=             38.1041    Y=              6.9364    Z=              7.1681  Tot=             39.3880
 Quadrupole moment (field-independent basis, Debye-Ang):
   XX=           -635.1411   YY=           -238.4104   ZZ=           -259.8863
   XY=            -63.9135   XZ=              7.1055   YZ=             -1.9334
 Traceless Quadrupole moment (field-independent basis, Debye-Ang):
   XX=           -257.3285   YY=            139.4022   ZZ=            117.9263
   XY=            -63.9135   XZ=              7.1055   YZ=             -1.9334
 Octapole moment (field-independent basis, Debye-Ang**2):
  XXX=           3895.4554  YYY=             12.4130  ZZZ=             35.3698  XYY=            207.3279
  XXY=            623.8849  XXZ=            480.8791  XZZ=             22.2031  YZZ=             29.5090
  YYZ=             39.1594  XYZ=            -71.1337
 Hexadecapole moment (field-independent basis, Debye-Ang**3):
 XXXX=         -85826.4407 YYYY=          -9082.2986 ZZZZ=          -1270.6832 XXXY=          -5561.5890
 XXXZ=            539.8399 YYYX=           -504.8926 YYYZ=            -38.2018 ZZZX=             62.5173
 ZZZY=             -4.3115 XXYY=          -9262.5340 XXZZ=          -8430.7905 YYZZ=          -1687.3104
 XXYZ=             21.7451 YYXZ=           -137.2805 ZZXY=           -261.1476
 N-N= 4.424211082600D+03 E-N=-1.990466008350D+04  KE= 2.815839254744D+03
                          Isotropic Fermi Contact Couplings
        Atom                 a.u.       MegaHertz       Gauss      10(-4) cm-1
     1  C(13)             -0.00147      -1.65679      -0.59118      -0.55265
     2  C(13)              0.00229       2.57345       0.91827       0.85841
     3  C(13)             -0.00152      -1.70701      -0.60910      -0.56940
     4  C(13)              0.00197       2.21917       0.79185       0.74023
     5  C(13)             -0.00234      -2.62880      -0.93802      -0.87687
     6  C(13)              0.00175       1.96228       0.70019       0.65455
     7  H(1)               0.00011       0.51124       0.18242       0.17053
     8  H(1)               0.00012       0.52063       0.18577       0.17366
     9  H(1)              -0.00024      -1.08951      -0.38876      -0.36342
    10  C(13)             -0.00237      -2.66140      -0.94966      -0.88775
    11  C(13)              0.00532       5.97712       2.13279       1.99375
    12  C(13)             -0.00636      -7.14941      -2.55109      -2.38479
    13  C(13)              0.00656       7.37830       2.63276       2.46114
    14  C(13)             -0.00338      -3.79751      -1.35504      -1.26671
    15  C(13)              0.00611       6.86657       2.45016       2.29044
    16  H(1)              -0.00043      -1.94136      -0.69272      -0.64757
    17  H(1)              -0.00070      -3.11262      -1.11066      -1.03826
    18  H(1)               0.00027       1.19182       0.42527       0.39755
    19  C(13)             -0.00080      -0.90360      -0.32243      -0.30141
    20  C(13)              0.00069       0.77152       0.27530       0.25735
    21  C(13)              0.00066       0.74272       0.26502       0.24774
    22  C(13)             -0.00029      -0.32450      -0.11579      -0.10824
    23  H(1)              -0.00006      -0.25912      -0.09246      -0.08643
    24  C(13)             -0.00027      -0.30597      -0.10918      -0.10206
    25  H(1)              -0.00005      -0.23607      -0.08424      -0.07875
    26  C(13)              0.00044       0.49995       0.17839       0.16676
    27  C(13)              0.01786      20.08230       7.16586       6.69873
    28  C(13)             -0.00954     -10.72063      -3.82539      -3.57602
    29  C(13)             -0.00949     -10.67389      -3.80871      -3.56042
    30  C(13)              0.00966      10.86523       3.87698       3.62425
    31  H(1)               0.00054       2.42027       0.86361       0.80731
    32  C(13)              0.00947      10.64732       3.79923       3.55156
    33  H(1)               0.00053       2.38696       0.85172       0.79620
    34  C(13)             -0.00708      -7.95828      -2.83971      -2.65460
    35  H(1)              -0.00183      -8.20095      -2.92630      -2.73554
    36  H(1)              -0.00181      -8.07430      -2.88111      -2.69330
    37  C(13)             -0.00070      -0.78330      -0.27950      -0.26128
    38  C(13)              0.00159       1.78809       0.63803       0.59644
    39  H(1)              -0.00022      -1.00278      -0.35782      -0.33449
    40  C(13)             -0.00061      -0.68652      -0.24497      -0.22900
    41  C(13)              0.00062       0.69384       0.24758       0.23144
    42  C(13)              0.00043       0.48064       0.17150       0.16032
    43  C(13)             -0.00017      -0.19322      -0.06894      -0.06445
    44  H(1)              -0.00004      -0.17133      -0.06113      -0.05715
    45  C(13)             -0.00020      -0.22036      -0.07863      -0.07351
    46  H(1)              -0.00005      -0.21421      -0.07643      -0.07145
    47  C(13)              0.00030       0.34041       0.12147       0.11355
    48  N(14)              0.05175      16.72170       5.96672       5.57776
    49  O(17)              0.03040     -18.42664      -6.57508      -6.14646
    50  O(17)              0.03055     -18.51653      -6.60716      -6.17645
    51  O(17)              0.00011      -0.06653      -0.02374      -0.02219
    52  C(13)              0.00001       0.00879       0.00314       0.00293
    53  H(1)               0.00001       0.03352       0.01196       0.01118
    54  H(1)               0.00000      -0.00318      -0.00113      -0.00106
    55  H(1)               0.00000       0.01676       0.00598       0.00559
    56  H(1)               0.00002       0.10278       0.03667       0.03428
    57  H(1)               0.00002       0.07780       0.02776       0.02595
    58  O(17)             -0.00009       0.05609       0.02002       0.01871
    59  O(17)              0.00024      -0.14606      -0.05212      -0.04872
    60  O(17)             -0.00006       0.03600       0.01285       0.01201
    61  C(13)             -0.00008      -0.08660      -0.03090      -0.02889
    62  H(1)               0.00000       0.00651       0.00232       0.00217
    63  H(1)               0.00000       0.00110       0.00039       0.00037
    64  H(1)               0.00000       0.00395       0.00141       0.00132
    65  C(13)              0.00024       0.26671       0.09517       0.08897
    66  H(1)               0.00000       0.00207       0.00074       0.00069
    67  H(1)               0.00000       0.00287       0.00102       0.00096
    68  H(1)               0.00000       0.00263       0.00094       0.00088
    69  C(13)              0.00000       0.00348       0.00124       0.00116
    70  H(1)               0.00000      -0.01354      -0.00483      -0.00452
    71  H(1)               0.00000      -0.01431      -0.00511      -0.00477
    72  H(1)               0.00000       0.00044       0.00016       0.00015
 --------------------------------------------------------
       Center         ----  Spin Dipole Couplings  ----
                      3XX-RR        3YY-RR        3ZZ-RR
 --------------------------------------------------------
     1   Atom        0.004251      0.003866     -0.008117
     2   Atom       -0.009928     -0.010974      0.020902
     3   Atom        0.004788      0.003408     -0.008196
     4   Atom       -0.008682     -0.009114      0.017796
     5   Atom        0.004507      0.002148     -0.006655
     6   Atom       -0.007245     -0.007864      0.015109
     7   Atom        0.000377      0.000010     -0.000387
     8   Atom        0.000818     -0.000339     -0.000479
     9   Atom       -0.000505      0.000843     -0.000338
    10   Atom        0.007413      0.005499     -0.012912
    11   Atom       -0.009956     -0.014207      0.024163
    12   Atom        0.008465      0.003415     -0.011879
    13   Atom       -0.020957     -0.021862      0.042819
    14   Atom        0.010601      0.007487     -0.018088
    15   Atom       -0.028066     -0.030788      0.058854
    16   Atom        0.000069      0.001430     -0.001499
    17   Atom       -0.000318      0.001577     -0.001259
    18   Atom        0.001409     -0.000322     -0.001087
    19   Atom        0.001286     -0.000048     -0.001238
    20   Atom       -0.001675      0.001041      0.000634
    21   Atom       -0.000895      0.000285      0.000610
    22   Atom        0.001007     -0.000177     -0.000829
    23   Atom        0.000113      0.000041     -0.000154
    24   Atom        0.000856     -0.000003     -0.000853
    25   Atom        0.000041      0.000096     -0.000137
    26   Atom       -0.001906      0.000014      0.001892
    27   Atom       -0.083461      0.000761      0.082700
    28   Atom        0.023680     -0.001106     -0.022573
    29   Atom        0.024484     -0.001482     -0.023001
    30   Atom       -0.047953     -0.002745      0.050698
    31   Atom        0.003333     -0.001282     -0.002052
    32   Atom       -0.048299     -0.001695      0.049994
    33   Atom        0.003591     -0.001531     -0.002060
    34   Atom       -0.007789     -0.007532      0.015320
    35   Atom       -0.001353      0.002071     -0.000718
    36   Atom       -0.000592      0.001530     -0.000938
    37   Atom        0.001836      0.002354     -0.004189
    38   Atom       -0.006706     -0.008076      0.014782
    39   Atom        0.000900     -0.000545     -0.000354
    40   Atom        0.000522      0.000485     -0.001006
    41   Atom       -0.000386      0.000426     -0.000041
    42   Atom        0.001067      0.000131     -0.001198
    43   Atom        0.000137      0.000437     -0.000574
    44   Atom        0.000130      0.000119     -0.000249
    45   Atom        0.000069      0.000571     -0.000640
    46   Atom        0.000111      0.000230     -0.000342
    47   Atom       -0.000045     -0.000396      0.000441
    48   Atom       -0.385875     -0.005982      0.391856
    49   Atom       -0.351876     -0.007615      0.359491
    50   Atom       -0.354492     -0.005969      0.360462
    51   Atom       -0.000009     -0.000328      0.000337
    52   Atom       -0.000108      0.000355     -0.000248
    53   Atom       -0.000097      0.000238     -0.000141
    54   Atom       -0.000125      0.000340     -0.000216
    55   Atom       -0.000166      0.000539     -0.000373
    56   Atom        0.000030      0.000299     -0.000329
    57   Atom        0.000045      0.000161     -0.000206
    58   Atom        0.000115      0.000108     -0.000223
    59   Atom       -0.000180      0.000348     -0.000167
    60   Atom        0.000666     -0.000062     -0.000604
    61   Atom        0.000100     -0.000063     -0.000037
    62   Atom        0.000054      0.000007     -0.000061
    63   Atom        0.000062     -0.000014     -0.000048
    64   Atom        0.000078      0.000002     -0.000080
    65   Atom        0.000121     -0.000134      0.000013
    66   Atom        0.000080     -0.000063     -0.000017
    67   Atom        0.000092     -0.000044     -0.000048
    68   Atom        0.000069     -0.000031     -0.000039
    69   Atom        0.000103     -0.000063     -0.000040
    70   Atom        0.000103     -0.000064     -0.000039
    71   Atom        0.000109     -0.000039     -0.000069
    72   Atom        0.000083     -0.000042     -0.000041
 --------------------------------------------------------
                        XY            XZ            YZ
 --------------------------------------------------------
     1   Atom        0.000384     -0.000378     -0.000090
     2   Atom        0.000218      0.000903      0.000320
     3   Atom       -0.000059     -0.000493      0.000089
     4   Atom        0.000388      0.000827      0.000973
     5   Atom       -0.000248      0.000057      0.000286
     6   Atom       -0.000138      0.000352      0.000329
     7   Atom        0.000325     -0.000021     -0.000011
     8   Atom       -0.000040     -0.000033     -0.000002
     9   Atom        0.000066      0.000029      0.000009
    10   Atom       -0.000731      0.002777     -0.000337
    11   Atom        0.001904     -0.008110     -0.003989
    12   Atom       -0.000673      0.000761     -0.003683
    13   Atom       -0.001716      0.003853     -0.008698
    14   Atom        0.000683     -0.000999      0.000479
    15   Atom       -0.000380      0.001280     -0.001080
    16   Atom       -0.000064     -0.000022     -0.000747
    17   Atom        0.001478      0.000048     -0.000608
    18   Atom        0.000167      0.000033     -0.000005
    19   Atom        0.000341      0.000328     -0.001313
    20   Atom       -0.000061     -0.000300      0.002770
    21   Atom       -0.001106     -0.001054      0.002308
    22   Atom        0.000237      0.000254     -0.001128
    23   Atom       -0.000081      0.000053     -0.000119
    24   Atom        0.000278      0.000248     -0.001004
    25   Atom       -0.000053      0.000015     -0.000136
    26   Atom       -0.000570     -0.000842      0.003135
    27   Atom        0.002725      0.005203      0.126648
    28   Atom       -0.003423      0.000438     -0.028814
    29   Atom        0.000852     -0.002038     -0.028102
    30   Atom        0.004667      0.002553      0.075064
    31   Atom       -0.000777      0.000334     -0.001161
    32   Atom       -0.001681      0.003917      0.073316
    33   Atom        0.000014     -0.000102     -0.001105
    34   Atom       -0.001136      0.001702      0.028878
    35   Atom       -0.001042      0.000753     -0.003646
    36   Atom        0.001765     -0.001333     -0.003313
    37   Atom        0.000218     -0.000641     -0.000495
    38   Atom        0.000247      0.004442     -0.000230
    39   Atom        0.000940     -0.000052     -0.000144
    40   Atom       -0.000244     -0.000921     -0.000622
    41   Atom        0.001193      0.001055      0.001357
    42   Atom        0.002401      0.001556      0.001337
    43   Atom       -0.000226     -0.000695     -0.000509
    44   Atom        0.000296     -0.000130     -0.000157
    45   Atom       -0.000110     -0.000505     -0.000278
    46   Atom        0.000499      0.000322      0.000281
    47   Atom        0.001253      0.001756      0.001348
    48   Atom        0.013518      0.019414      0.544848
    49   Atom        0.016682      0.017835      0.510301
    50   Atom        0.007207      0.020339      0.510550
    51   Atom        0.000990      0.001340      0.000967
    52   Atom        0.000243      0.000046      0.000202
    53   Atom        0.000197      0.000075      0.000236
    54   Atom        0.000144      0.000032      0.000155
    55   Atom        0.000360      0.000104      0.000307
    56   Atom        0.000344      0.000227      0.000357
    57   Atom        0.000166     -0.000061     -0.000032
    58   Atom        0.000181      0.000106     -0.000242
    59   Atom       -0.000842     -0.000579      0.000835
    60   Atom        0.000098      0.000281     -0.000736
    61   Atom        0.000022     -0.000023     -0.000048
    62   Atom        0.000048     -0.000012     -0.000015
    63   Atom        0.000050     -0.000018     -0.000016
    64   Atom        0.000077      0.000001     -0.000013
    65   Atom        0.000089      0.000176      0.000061
    66   Atom        0.000001      0.000052     -0.000015
    67   Atom        0.000040      0.000015      0.000008
    68   Atom        0.000053      0.000032      0.000047
    69   Atom       -0.000047      0.000047      0.000004
    70   Atom       -0.000037      0.000069     -0.000025
    71   Atom       -0.000062      0.000037     -0.000019
    72   Atom       -0.000023      0.000030     -0.000007
 --------------------------------------------------------


 ---------------------------------------------------------------------------------
              Anisotropic Spin Dipole Couplings in Principal Axis System
 ---------------------------------------------------------------------------------

       Atom             a.u.   MegaHertz   Gauss  10(-4) cm-1        Axes

              Baa    -0.0081    -1.091    -0.389    -0.364  0.0303  0.0065  0.9995
     1 C(13)  Bbb     0.0036     0.487     0.174     0.163 -0.5217  0.8531  0.0103
              Bcc     0.0045     0.604     0.215     0.201  0.8526  0.5218 -0.0292
 
              Baa    -0.0110    -1.479    -0.528    -0.493 -0.1927  0.9812 -0.0044
     2 C(13)  Bbb    -0.0099    -1.330    -0.475    -0.444  0.9808  0.1925 -0.0307
              Bcc     0.0209     2.809     1.002     0.937  0.0293  0.0102  0.9995
 
              Baa    -0.0082    -1.102    -0.393    -0.368  0.0379 -0.0074  0.9993
     3 C(13)  Bbb     0.0034     0.457     0.163     0.152  0.0447  0.9990  0.0057
              Bcc     0.0048     0.645     0.230     0.215  0.9983 -0.0444 -0.0382
 
              Baa    -0.0093    -1.255    -0.448    -0.418 -0.4879  0.8728 -0.0164
     4 C(13)  Bbb    -0.0085    -1.142    -0.407    -0.381  0.8723  0.4868 -0.0454
              Bcc     0.0179     2.396     0.855     0.799  0.0317  0.0365  0.9988
 
              Baa    -0.0067    -0.894    -0.319    -0.298 -0.0058 -0.0326  0.9995
     5 C(13)  Bbb     0.0021     0.286     0.102     0.095  0.1031  0.9941  0.0330
              Bcc     0.0045     0.608     0.217     0.203  0.9947 -0.1032  0.0024
 
              Baa    -0.0079    -1.060    -0.378    -0.354  0.2143  0.9766 -0.0172
     6 C(13)  Bbb    -0.0072    -0.969    -0.346    -0.323  0.9766 -0.2145 -0.0123
              Bcc     0.0151     2.029     0.724     0.677  0.0157  0.0142  0.9998
 
              Baa    -0.0004    -0.207    -0.074    -0.069  0.0242  0.0066  0.9997
     7 H(1)   Bbb    -0.0002    -0.096    -0.034    -0.032 -0.5039  0.8637  0.0065
              Bcc     0.0006     0.303     0.108     0.101  0.8634  0.5039 -0.0243
 
              Baa    -0.0005    -0.256    -0.091    -0.085  0.0258  0.0220  0.9994
     8 H(1)   Bbb    -0.0003    -0.182    -0.065    -0.061  0.0341  0.9992 -0.0229
              Bcc     0.0008     0.438     0.156     0.146  0.9991 -0.0347 -0.0250
 
              Baa    -0.0005    -0.274    -0.098    -0.091  0.9858 -0.0466 -0.1613
     9 H(1)   Bbb    -0.0003    -0.178    -0.064    -0.059  0.1607 -0.0164  0.9869
              Bcc     0.0008     0.452     0.161     0.151  0.0486  0.9988  0.0087
 
              Baa    -0.0133    -1.783    -0.636    -0.595 -0.1325  0.0126  0.9911
    10 C(13)  Bbb     0.0053     0.707     0.252     0.236  0.2912  0.9563  0.0267
              Bcc     0.0080     1.076     0.384     0.359  0.9474 -0.2921  0.1304
 
              Baa    -0.0150    -2.008    -0.716    -0.670 -0.3081  0.9508  0.0331
    11 C(13)  Bbb    -0.0115    -1.541    -0.550    -0.514  0.9252  0.2913  0.2431
              Bcc     0.0265     3.549     1.266     1.184 -0.2215 -0.1055  0.9694
 
              Baa    -0.0127    -1.709    -0.610    -0.570 -0.0280  0.2211  0.9748
    12 C(13)  Bbb     0.0041     0.550     0.196     0.184  0.1850  0.9595 -0.2124
              Bcc     0.0086     1.159     0.414     0.387  0.9823 -0.1744  0.0677
 
              Baa    -0.0236    -3.168    -1.130    -1.057  0.4449  0.8910  0.0909
    13 C(13)  Bbb    -0.0206    -2.766    -0.987    -0.923  0.8935 -0.4345 -0.1138
              Bcc     0.0442     5.934     2.117     1.979  0.0620 -0.1318  0.9893
 
              Baa    -0.0181    -2.433    -0.868    -0.812  0.0352 -0.0196  0.9992
    14 C(13)  Bbb     0.0074     0.988     0.352     0.329 -0.1985  0.9797  0.0262
              Bcc     0.0108     1.445     0.516     0.482  0.9795  0.1993 -0.0306
 
              Baa    -0.0308    -4.140    -1.477    -1.381  0.1308  0.9914  0.0101
    15 C(13)  Bbb    -0.0280    -3.762    -1.342    -1.255  0.9913 -0.1307 -0.0162
              Bcc     0.0589     7.902     2.820     2.636  0.0148 -0.0121  0.9998
 
              Baa    -0.0017    -0.896    -0.320    -0.299  0.0208  0.2339  0.9720
    16 H(1)   Bbb     0.0001     0.036     0.013     0.012  0.9991  0.0311 -0.0289
              Bcc     0.0016     0.860     0.307     0.287 -0.0370  0.9718 -0.2331
 
              Baa    -0.0016    -0.840    -0.300    -0.280 -0.4727  0.3756  0.7972
    17 H(1)   Bbb    -0.0009    -0.470    -0.168    -0.157  0.7493 -0.3049  0.5879
              Bcc     0.0025     1.310     0.467     0.437  0.4638  0.8752 -0.1373
 
              Baa    -0.0011    -0.580    -0.207    -0.194 -0.0139  0.0102  0.9999
    18 H(1)   Bbb    -0.0003    -0.181    -0.064    -0.060 -0.0950  0.9954 -0.0115
              Bcc     0.0014     0.761     0.271     0.254  0.9954  0.0952  0.0129
 
              Baa    -0.0021    -0.288    -0.103    -0.096 -0.1332  0.5411  0.8304
    19 C(13)  Bbb     0.0008     0.104     0.037     0.035 -0.1831  0.8100 -0.5571
              Bcc     0.0014     0.184     0.065     0.061  0.9740  0.2262  0.0088
 
              Baa    -0.0020    -0.273    -0.097    -0.091  0.4585 -0.5900  0.6646
    20 C(13)  Bbb    -0.0016    -0.214    -0.076    -0.071  0.8875  0.3434 -0.3074
              Bcc     0.0036     0.487     0.174     0.162 -0.0469  0.7307  0.6811
 
              Baa    -0.0019    -0.253    -0.090    -0.084  0.1831  0.7588 -0.6250
    21 C(13)  Bbb    -0.0014    -0.192    -0.069    -0.064  0.9221  0.0878  0.3768
              Bcc     0.0033     0.445     0.159     0.148 -0.3408  0.6454  0.6837
 
              Baa    -0.0017    -0.231    -0.082    -0.077 -0.1255  0.5978  0.7918
    22 C(13)  Bbb     0.0007     0.090     0.032     0.030 -0.0940  0.7873 -0.6093
              Bcc     0.0011     0.141     0.050     0.047  0.9876  0.1509  0.0426
 
              Baa    -0.0002    -0.112    -0.040    -0.038 -0.0445  0.4149  0.9088
    23 H(1)   Bbb     0.0000     0.005     0.002     0.002  0.6741  0.6839 -0.2792
              Bcc     0.0002     0.107     0.038     0.036  0.7373 -0.6002  0.3101
 
              Baa    -0.0016    -0.211    -0.075    -0.070 -0.1469  0.5516  0.8210
    24 C(13)  Bbb     0.0006     0.085     0.030     0.028 -0.3141  0.7611 -0.5676
              Bcc     0.0009     0.126     0.045     0.042  0.9379  0.3413 -0.0614
 
              Baa    -0.0002    -0.107    -0.038    -0.036  0.0361  0.4227  0.9055
    25 H(1)   Bbb     0.0000     0.010     0.004     0.003  0.9299  0.3177 -0.1854
              Bcc     0.0002     0.096     0.034     0.032 -0.3661  0.8488 -0.3816
 
              Baa    -0.0023    -0.312    -0.111    -0.104 -0.1696  0.7746 -0.6093
    26 C(13)  Bbb    -0.0021    -0.277    -0.099    -0.092  0.9725  0.2315  0.0236
              Bcc     0.0044     0.589     0.210     0.196 -0.1593  0.5886  0.7926
 
              Baa    -0.0915   -12.275    -4.380    -4.094  0.1080  0.8025 -0.5868
    27 C(13)  Bbb    -0.0835   -11.205    -3.998    -3.737  0.9939 -0.1005  0.0455
              Bcc     0.1750    23.479     8.378     7.832  0.0225  0.5881  0.8085
 
              Baa    -0.0426    -5.720    -2.041    -1.908  0.0241  0.5713  0.8204
    28 C(13)  Bbb     0.0174     2.338     0.834     0.780  0.4370  0.7320 -0.5226
              Bcc     0.0252     3.382     1.207     1.128  0.8991 -0.3711  0.2320
 
              Baa    -0.0424    -5.684    -2.028    -1.896  0.0179  0.5662  0.8241
    29 C(13)  Bbb     0.0174     2.330     0.832     0.777 -0.2517  0.8002 -0.5444
              Bcc     0.0250     3.353     1.196     1.118  0.9676  0.1976 -0.1568
 
              Baa    -0.0564    -7.564    -2.699    -2.523 -0.2724  0.7909 -0.5480
    30 C(13)  Bbb    -0.0474    -6.366    -2.272    -2.123  0.9617  0.2052 -0.1819
              Bcc     0.1038    13.930     4.970     4.646  0.0315  0.5766  0.8164
 
              Baa    -0.0029    -1.545    -0.551    -0.515  0.0309  0.5934  0.8043
    31 H(1)   Bbb    -0.0006    -0.328    -0.117    -0.110  0.2038  0.7840 -0.5863
              Bcc     0.0035     1.873     0.668     0.625  0.9785 -0.1820  0.0967
 
              Baa    -0.0554    -7.440    -2.655    -2.482  0.4550  0.7231 -0.5197
    32 C(13)  Bbb    -0.0465    -6.236    -2.225    -2.080  0.8904 -0.3791  0.2520
              Bcc     0.1019    13.677     4.880     4.562  0.0148  0.5774  0.8163
 
              Baa    -0.0029    -1.565    -0.558    -0.522  0.0109  0.6189  0.7854
    33 H(1)   Bbb    -0.0007    -0.352    -0.126    -0.118 -0.0174  0.7855 -0.6187
              Bcc     0.0036     1.917     0.684     0.639  0.9998  0.0069 -0.0194
 
              Baa    -0.0273    -3.670    -1.309    -1.224  0.0965  0.8225 -0.5605
    34 C(13)  Bbb    -0.0076    -1.022    -0.365    -0.341  0.9952 -0.0900  0.0394
              Bcc     0.0350     4.692     1.674     1.565  0.0180  0.5616  0.8272
 
              Baa    -0.0032    -1.722    -0.614    -0.574 -0.0179  0.5644  0.8253
    35 H(1)   Bbb    -0.0016    -0.864    -0.308    -0.288  0.9790  0.1774 -0.1001
              Bcc     0.0048     2.586     0.923     0.863 -0.2029  0.8062 -0.5557
 
              Baa    -0.0032    -1.731    -0.618    -0.577  0.0448  0.5584  0.8283
    36 H(1)   Bbb    -0.0015    -0.802    -0.286    -0.267  0.9229 -0.3406  0.1797
              Bcc     0.0047     2.532     0.904     0.845  0.3825  0.7564 -0.5306
 
              Baa    -0.0043    -0.576    -0.205    -0.192  0.1013  0.0706  0.9924
    37 C(13)  Bbb     0.0018     0.239     0.085     0.080  0.9121 -0.4048 -0.0643
              Bcc     0.0025     0.336     0.120     0.112  0.3972  0.9117 -0.1054
 
              Baa    -0.0082    -1.102    -0.393    -0.367 -0.4099  0.9078  0.0883
    38 C(13)  Bbb    -0.0075    -1.001    -0.357    -0.334  0.8911  0.4193 -0.1737
              Bcc     0.0157     2.102     0.750     0.701  0.1947 -0.0075  0.9808
 
              Baa    -0.0010    -0.547    -0.195    -0.182 -0.4298  0.8890  0.1577
    39 H(1)   Bbb    -0.0003    -0.184    -0.066    -0.061  0.1269 -0.1134  0.9854
              Bcc     0.0014     0.731     0.261     0.244  0.8940  0.4435 -0.0641
 
              Baa    -0.0016    -0.221    -0.079    -0.074  0.4012  0.2986  0.8659
    40 C(13)  Bbb     0.0007     0.092     0.033     0.031 -0.2653  0.9427 -0.2021
              Bcc     0.0010     0.129     0.046     0.043  0.8767  0.1487 -0.4575
 
              Baa    -0.0013    -0.173    -0.062    -0.058  0.8308 -0.1551 -0.5345
    41 C(13)  Bbb    -0.0012    -0.157    -0.056    -0.052 -0.2671  0.7314 -0.6274
              Bcc     0.0025     0.330     0.118     0.110  0.4882  0.6640  0.5663
 
              Baa    -0.0020    -0.273    -0.097    -0.091 -0.1518 -0.3917  0.9075
    42 C(13)  Bbb    -0.0018    -0.247    -0.088    -0.082 -0.6837  0.7046  0.1898
              Bcc     0.0039     0.520     0.186     0.173  0.7138  0.5917  0.3748
 
              Baa    -0.0012    -0.159    -0.057    -0.053  0.4824  0.3223  0.8145
    43 C(13)  Bbb     0.0005     0.070     0.025     0.023  0.8133 -0.5102 -0.2798
              Bcc     0.0007     0.090     0.032     0.030  0.3254  0.7974 -0.5082
 
              Baa    -0.0003    -0.165    -0.059    -0.055  0.0900  0.2868  0.9538
    44 H(1)   Bbb    -0.0002    -0.090    -0.032    -0.030  0.7263 -0.6741  0.1342
              Bcc     0.0005     0.255     0.091     0.085  0.6814  0.6807 -0.2690
 
              Baa    -0.0010    -0.129    -0.046    -0.043  0.4487  0.1906  0.8731
    45 C(13)  Bbb     0.0003     0.044     0.016     0.015  0.8937 -0.0965 -0.4382
              Bcc     0.0006     0.085     0.030     0.028  0.0007  0.9769 -0.2137
 
              Baa    -0.0005    -0.272    -0.097    -0.091 -0.4216 -0.0593  0.9049
    46 H(1)   Bbb    -0.0003    -0.170    -0.060    -0.057 -0.6466  0.7193 -0.2541
              Bcc     0.0008     0.442     0.158     0.147  0.6358  0.6922  0.3416
 
              Baa    -0.0016    -0.213    -0.076    -0.071  0.8069 -0.2353 -0.5417
    47 C(13)  Bbb    -0.0014    -0.186    -0.066    -0.062 -0.1048  0.8456 -0.5234
              Bcc     0.0030     0.399     0.142     0.133  0.5813  0.4791  0.6577
 
              Baa    -0.3871   -14.929    -5.327    -4.980  0.0682  0.8167 -0.5730
    48 N(14)  Bbb    -0.3864   -14.901    -5.317    -4.970  0.9975 -0.0676  0.0224
              Bcc     0.7734    29.830    10.644     9.950  0.0204  0.5731  0.8193
 
              Baa    -0.3672    26.567     9.480     8.862 -0.2242  0.8001 -0.5564
    49 O(17)  Bbb    -0.3516    25.445     9.079     8.487  0.9743  0.1708 -0.1470
              Bcc     0.7188   -52.011   -18.559   -17.349  0.0226  0.5750  0.8178
 
              Baa    -0.3678    26.614     9.496     8.877  0.4104  0.7413 -0.5311
    50 O(17)  Bbb    -0.3523    25.491     9.096     8.503  0.9117 -0.3459  0.2217
              Bcc     0.7201   -52.104   -18.592   -17.380  0.0193  0.5752  0.8178
 
              Baa    -0.0012     0.090     0.032     0.030  0.8015 -0.4246 -0.4212
    51 O(17)  Bbb    -0.0010     0.074     0.026     0.025  0.0784  0.7728 -0.6298
              Bcc     0.0023    -0.163    -0.058    -0.054  0.5929  0.4717  0.6526
 
              Baa    -0.0003    -0.042    -0.015    -0.014  0.2096 -0.3513  0.9125
    52 C(13)  Bbb    -0.0002    -0.027    -0.010    -0.009  0.9060 -0.2812 -0.3164
              Bcc     0.0005     0.069     0.025     0.023  0.3677  0.8931  0.2593
 
              Baa    -0.0003    -0.137    -0.049    -0.046  0.1976 -0.4838  0.8526
    53 H(1)   Bbb    -0.0002    -0.094    -0.034    -0.031  0.9088 -0.2356 -0.3443
              Bcc     0.0004     0.232     0.083     0.077  0.3674  0.8429  0.3931
 
              Baa    -0.0003    -0.137    -0.049    -0.046  0.0565 -0.2637  0.9630
    54 H(1)   Bbb    -0.0002    -0.088    -0.031    -0.029  0.9638 -0.2372 -0.1215
              Bcc     0.0004     0.224     0.080     0.075  0.2604  0.9350  0.2407
 
              Baa    -0.0005    -0.249    -0.089    -0.083  0.0286 -0.3007  0.9533
    55 H(1)   Bbb    -0.0003    -0.168    -0.060    -0.056  0.9294 -0.3430 -0.1361
              Bcc     0.0008     0.417     0.149     0.139  0.3679  0.8899  0.2697
 
              Baa    -0.0005    -0.268    -0.096    -0.089 -0.1761 -0.3371  0.9249
    56 H(1)   Bbb    -0.0002    -0.109    -0.039    -0.036  0.8376 -0.5449 -0.0391
              Bcc     0.0007     0.377     0.134     0.126  0.5171  0.7678  0.3783
 
              Baa    -0.0002    -0.118    -0.042    -0.039  0.2373 -0.0218  0.9712
    57 H(1)   Bbb    -0.0001    -0.036    -0.013    -0.012  0.7765 -0.5965 -0.2031
              Bcc     0.0003     0.153     0.055     0.051  0.5838  0.8023 -0.1247
 
              Baa    -0.0004     0.030     0.011     0.010 -0.3303  0.4894  0.8071
    58 O(17)  Bbb     0.0001    -0.007    -0.003    -0.002  0.7460 -0.3886  0.5409
              Bcc     0.0003    -0.023    -0.008    -0.008  0.5783  0.7807 -0.2367
 
              Baa    -0.0008     0.059     0.021     0.020  0.5856  0.7089 -0.3930
    59 O(17)  Bbb    -0.0008     0.054     0.019     0.018  0.6335 -0.0978  0.7676
              Bcc     0.0016    -0.113    -0.040    -0.038 -0.5057  0.6985  0.5064
 
              Baa    -0.0012     0.084     0.030     0.028 -0.1550  0.5588  0.8147
    60 O(17)  Bbb     0.0004    -0.031    -0.011    -0.010  0.2670  0.8177 -0.5100
              Bcc     0.0007    -0.053    -0.019    -0.018  0.9512 -0.1385  0.2759
 
              Baa    -0.0001    -0.013    -0.005    -0.004 -0.0171  0.7989  0.6013
    61 C(13)  Bbb     0.0000    -0.001     0.000     0.000  0.2778 -0.5739  0.7704
              Bcc     0.0001     0.015     0.005     0.005  0.9605  0.1802 -0.2121
 
              Baa    -0.0001    -0.034    -0.012    -0.011  0.0142  0.1997  0.9797
    62 H(1)   Bbb     0.0000    -0.012    -0.004    -0.004 -0.5459  0.8225 -0.1598
              Bcc     0.0001     0.046     0.016     0.015  0.8377  0.5326 -0.1207
 
              Baa    -0.0001    -0.029    -0.010    -0.010 -0.0277  0.3916  0.9197
    63 H(1)   Bbb     0.0000    -0.019    -0.007    -0.006 -0.4749  0.8045 -0.3568
              Bcc     0.0001     0.048     0.017     0.016  0.8796  0.4466 -0.1637
 
              Baa    -0.0001    -0.045    -0.016    -0.015 -0.1235  0.2498  0.9604
    64 H(1)   Bbb     0.0000    -0.022    -0.008    -0.007 -0.5156  0.8107 -0.2772
              Bcc     0.0001     0.067     0.024     0.022  0.8479  0.5294 -0.0287
 
              Baa    -0.0002    -0.022    -0.008    -0.007 -0.2505  0.9643 -0.0858
    65 C(13)  Bbb    -0.0001    -0.016    -0.006    -0.005 -0.5740 -0.0765  0.8153
              Bcc     0.0003     0.038     0.013     0.013  0.7796  0.2535  0.5727
 
              Baa    -0.0001    -0.037    -0.013    -0.012 -0.1445  0.9057  0.3986
    66 H(1)   Bbb     0.0000    -0.018    -0.006    -0.006 -0.3775 -0.4228  0.8238
              Bcc     0.0001     0.055     0.020     0.018  0.9146 -0.0314  0.4030
 
              Baa    -0.0001    -0.030    -0.011    -0.010 -0.1858  0.8632 -0.4694
    67 H(1)   Bbb     0.0000    -0.026    -0.009    -0.009 -0.2144  0.4306  0.8767
              Bcc     0.0001     0.056     0.020     0.019  0.9589  0.2635  0.1051
 
              Baa    -0.0001    -0.044    -0.016    -0.015 -0.1078  0.7217 -0.6838
    68 H(1)   Bbb     0.0000    -0.014    -0.005    -0.005 -0.5262  0.5421  0.6551
              Bcc     0.0001     0.058     0.021     0.019  0.8435  0.4305  0.3213
 
              Baa    -0.0001    -0.011    -0.004    -0.004  0.3238  0.8399 -0.4356
    69 C(13)  Bbb     0.0000    -0.006    -0.002    -0.002 -0.1190  0.4929  0.8619
              Bcc     0.0001     0.017     0.006     0.006  0.9386 -0.2273  0.2595
 
              Baa    -0.0001    -0.042    -0.015    -0.014 -0.0650  0.7977  0.5995
    70 H(1)   Bbb    -0.0001    -0.033    -0.012    -0.011 -0.4280 -0.5650  0.7054
              Bcc     0.0001     0.075     0.027     0.025  0.9015 -0.2107  0.3781
 
              Baa    -0.0001    -0.042    -0.015    -0.014 -0.0640  0.3540  0.9331
    71 H(1)   Bbb    -0.0001    -0.032    -0.011    -0.011  0.3868  0.8707 -0.3038
              Bcc     0.0001     0.074     0.027     0.025  0.9200 -0.3414  0.1926
 
              Baa     0.0000    -0.026    -0.009    -0.009 -0.0801  0.5948  0.7999
    72 H(1)   Bbb     0.0000    -0.024    -0.009    -0.008  0.2727  0.7849 -0.5564
              Bcc     0.0001     0.050     0.018     0.017  0.9588 -0.1735  0.2251
 

 ---------------------------------------------------------------------------------

 D1PCM: C-PCM CHGder 1st derivatives, ID1Alg=3 FixD1E=F DoIter=F DoCFld=F I1PDM=0.
 Calling FoFJK, ICntrl=      2127 FMM=T ISym2X=0 I1Cent= 0 IOpClX= 1 NMat=1 NMatS=1 NMatT=0.
 ***** Axes restored to original set *****
 -------------------------------------------------------------------
 Center     Atomic                   Forces (Hartrees/Bohr)
 Number     Number              X              Y              Z
 -------------------------------------------------------------------
      1        6           0.000177062   -0.000116635    0.000037330
      2        6           0.000869690   -0.000312808    0.000040240
      3        6          -0.001153697   -0.000013554    0.000217847
      4        6           0.002257095    0.001298129   -0.000275518
      5        6          -0.002975425   -0.001127484   -0.000036284
      6        6           0.000735185   -0.000027166   -0.000061034
      7        1          -0.000522529    0.000538879   -0.000014711
      8        1          -0.000201860   -0.000740155   -0.000031412
      9        1           0.000110693    0.000812667   -0.000041857
     10        6          -0.001810315    0.000015938   -0.000865912
     11        6           0.004150820    0.001132849    0.000049485
     12        6          -0.009530778    0.001082443   -0.000637653
     13        6           0.003895088   -0.002118373    0.000285662
     14        6          -0.000955235    0.000038351    0.000670982
     15        6           0.003383515   -0.001114464    0.000380008
     16        1           0.000050474   -0.001224415    0.000114699
     17        1           0.000242376    0.000937624   -0.000092984
     18        1          -0.000018448    0.000457677   -0.000038067
     19        6          -0.000578347   -0.000222429    0.000010491
     20        6           0.000320310    0.000493278   -0.000549267
     21        6           0.000514304   -0.000244671    0.000424666
     22        6          -0.000650006   -0.001371541    0.001062324
     23        1           0.000569022   -0.000559725    0.000540315
     24        6          -0.001230589    0.000988774   -0.001180665
     25        1           0.000145663    0.000854978   -0.000592912
     26        6          -0.001726138   -0.000305851   -0.000155327
     27        6           0.011385341   -0.000762387    0.000757720
     28        6          -0.005388864    0.002684649   -0.000705135
     29        6          -0.005826515   -0.001719276    0.000215896
     30        6           0.011867342    0.005584631   -0.004204107
     31        1           0.000470961    0.000033640    0.000008206
     32        6           0.010307665   -0.007523471    0.005057828
     33        1           0.000405152   -0.000127342   -0.000001837
     34        6          -0.047207788    0.004343918   -0.001890985
     35        1          -0.000278182   -0.001171921    0.000586605
     36        1          -0.000088005    0.001216479   -0.000530601
     37        6          -0.000417977    0.000842040    0.000087070
     38        6           0.001344238   -0.000480918   -0.000132654
     39        1          -0.000798525   -0.000210457    0.000173025
     40        6           0.000004738    0.000000780   -0.000037392
     41        6          -0.000068913   -0.000090959   -0.000082696
     42        6           0.000099343    0.000237507    0.000493604
     43        6          -0.000248262    0.000573564    0.000039790
     44        1          -0.000610397   -0.000184389    0.000540985
     45        6          -0.000172828    0.000188969    0.000170577
     46        1          -0.000049829    0.000672811   -0.000797060
     47        6           0.001701604   -0.001583768   -0.000427853
     48        7           0.097645470   -0.009146654    0.003720308
     49        8          -0.030121708    0.052777009   -0.035948758
     50        8          -0.041862798   -0.046007839    0.033219771
     51        8          -0.001233209    0.000921349    0.000538430
     52        6          -0.000883789    0.000041208    0.000440429
     53        1          -0.000301777    0.000062256   -0.000952112
     54        1           0.000494841   -0.000795457    0.000108335
     55        1           0.000657575    0.000811713    0.000191966
     56        1           0.000562691    0.000037261   -0.000731008
     57        1          -0.000037170   -0.000723542    0.000424203
     58        8           0.000432310    0.000724598    0.000016394
     59        8           0.001363833    0.000283204    0.000490838
     60        8           0.000500229   -0.000771306    0.000649334
     61        6           0.000310572    0.001043146    0.000128774
     62        1          -0.000909467   -0.000046678   -0.000547987
     63        1          -0.000158346   -0.000629699    0.000701163
     64        1           0.000738634   -0.000373764   -0.000599615
     65        6           0.000568354    0.000351600    0.000407424
     66        1          -0.000242924    0.000681794   -0.000720392
     67        1          -0.000818785   -0.000307999    0.000317710
     68        1           0.000472393   -0.000761531   -0.000421935
     69        6           0.000135425   -0.000722196    0.000528999
     70        1           0.000623317   -0.000183052   -0.000793402
     71        1           0.000403251    0.000780298    0.000570172
     72        1          -0.000837152    0.000277867   -0.000320476
 -------------------------------------------------------------------
 Cartesian Forces:  Max     0.097645470 RMS     0.010240307

 GradGradGradGradGradGradGradGradGradGradGradGradGradGradGradGradGradGrad
 Berny optimization.
 Internal  Forces:  Max     0.070534407 RMS     0.005451286
 Search for a local minimum.
 Step number   1 out of a maximum of  386
 All quantities printed in internal units (Hartrees-Bohrs-Radians)
 Mixed Optimization -- RFO/linear search
 Second derivative matrix not updated -- first step.
     Eigenvalues ---    0.00865   0.00865   0.00931   0.00996   0.01142
     Eigenvalues ---    0.01184   0.01209   0.01210   0.01282   0.01296
     Eigenvalues ---    0.01536   0.01631   0.01641   0.01653   0.01683
     Eigenvalues ---    0.01685   0.01708   0.01738   0.01740   0.01753
     Eigenvalues ---    0.01763   0.01856   0.01917   0.01950   0.01969
     Eigenvalues ---    0.01977   0.01977   0.01978   0.01982   0.02000
     Eigenvalues ---    0.02025   0.02030   0.02037   0.02042   0.02044
     Eigenvalues ---    0.02052   0.02053   0.02054   0.02058   0.02062
     Eigenvalues ---    0.02064   0.02066   0.02071   0.02079   0.02082
     Eigenvalues ---    0.02083   0.02091   0.02092   0.02106   0.02109
     Eigenvalues ---    0.02111   0.02129   0.02132   0.02132   0.02140
     Eigenvalues ---    0.02150   0.02159   0.02167   0.02171   0.02196
     Eigenvalues ---    0.02603   0.10034   0.10039   0.10041   0.10042
     Eigenvalues ---    0.10591   0.10603   0.10646   0.10657   0.15986
     Eigenvalues ---    0.15990   0.15992   0.15994   0.15995   0.15995
     Eigenvalues ---    0.15996   0.15997   0.15997   0.15999   0.15999
     Eigenvalues ---    0.15999   0.15999   0.15999   0.15999   0.15999
     Eigenvalues ---    0.16000   0.16000   0.16000   0.16000   0.16000
     Eigenvalues ---    0.16000   0.16000   0.16000   0.16000   0.16000
     Eigenvalues ---    0.16000   0.16000   0.16000   0.21996   0.22000
     Eigenvalues ---    0.22000   0.22436   0.22446   0.22947   0.22972
     Eigenvalues ---    0.23461   0.23484   0.23497   0.23516   0.23983
     Eigenvalues ---    0.24000   0.24534   0.24626   0.24867   0.24903
     Eigenvalues ---    0.24903   0.24936   0.24952   0.24972   0.24988
     Eigenvalues ---    0.24997   0.24998   0.25000   0.25000   0.25000
     Eigenvalues ---    0.25000   0.25000   0.25000   0.25000   0.25000
     Eigenvalues ---    0.25000   0.25000   0.25000   0.32454   0.32716
     Eigenvalues ---    0.33726   0.33915   0.33944   0.33997   0.34003
     Eigenvalues ---    0.34006   0.34007   0.34234   0.34269   0.34426
     Eigenvalues ---    0.34497   0.34515   0.34643   0.34662   0.34666
     Eigenvalues ---    0.35041   0.35090   0.35122   0.35150   0.35184
     Eigenvalues ---    0.35196   0.35208   0.35254   0.35280   0.35297
     Eigenvalues ---    0.35302   0.35453   0.35510   0.35510   0.35549
     Eigenvalues ---    0.35567   0.35910   0.36171   0.36656   0.37376
     Eigenvalues ---    0.39374   0.39668   0.40072   0.40735   0.40742
     Eigenvalues ---    0.40852   0.40963   0.41004   0.41336   0.41365
     Eigenvalues ---    0.41453   0.41554   0.41636   0.42688   0.43091
     Eigenvalues ---    0.44158   0.44228   0.44562   0.44588   0.44672
     Eigenvalues ---    0.44709   0.44760   0.45077   0.45383   0.45434
     Eigenvalues ---    0.45654   0.45705   0.45867   0.46274   0.46321
     Eigenvalues ---    0.46360   0.47095   0.47209   0.49410   0.50447
     Eigenvalues ---    0.52006   0.52569   0.52722   0.90323   0.90326
     Eigenvalues --- 1000.000001000.000001000.000001000.000001000.00000
     Eigenvalues --- 1000.000001000.000001000.000001000.000001000.00000
     Eigenvalues --- 1000.000001000.000001000.000001000.000001000.00000
     Eigenvalues --- 1000.000001000.000001000.000001000.000001000.00000
     Eigenvalues --- 1000.000001000.000001000.000001000.000001000.00000
     Eigenvalues --- 1000.000001000.000001000.000001000.000001000.00000
     Eigenvalues --- 1000.000001000.000001000.000001000.000001000.00000
     Eigenvalues --- 1000.000001000.000001000.000001000.000001000.00000
     Eigenvalues --- 1000.000001000.000001000.000001000.000001000.00000
     Eigenvalues --- 1000.000001000.000001000.000001000.000001000.00000
     Eigenvalues --- 1000.000001000.000001000.000001000.000001000.00000
     Eigenvalues --- 1000.000001000.000001000.000001000.000001000.00000
     Eigenvalues --- 1000.000001000.000001000.000001000.000001000.00000
     Eigenvalues --- 1000.000001000.000001000.000001000.000001000.00000
     Eigenvalues --- 1000.000001000.000001000.000001000.000001000.00000
     Eigenvalues --- 1000.000001000.000001000.000001000.000001000.00000
     Eigenvalues --- 1000.000001000.000001000.000001000.000001000.00000
     Eigenvalues --- 1000.000001000.000001000.000001000.000001000.00000
     Eigenvalues --- 1000.000001000.000001000.000001000.000001000.00000
     Eigenvalues --- 1000.000001000.000001000.000001000.000001000.00000
     Eigenvalues --- 1000.000001000.000001000.000001000.000001000.00000
     Eigenvalues --- 1000.000001000.000001000.000001000.000001000.00000
     Eigenvalues --- 1000.000001000.000001000.000001000.000001000.00000
     Eigenvalues --- 1000.000001000.000001000.000001000.000001000.00000
     Eigenvalues --- 1000.000001000.000001000.000001000.000001000.00000
     Eigenvalues --- 1000.000001000.000001000.000001000.000001000.00000
     Eigenvalues --- 1000.000001000.000001000.000001000.000001000.00000
     Eigenvalues --- 1000.000001000.000001000.000001000.000001000.00000
     Eigenvalues --- 1000.000001000.000001000.000001000.000001000.00000
     Eigenvalues --- 1000.000001000.000001000.000001000.000001000.00000
     Eigenvalues --- 1000.000001000.000001000.000001000.000001000.00000
     Eigenvalues --- 1000.000001000.000001000.000001000.000001000.00000
     Eigenvalues --- 1000.000001000.000001000.000001000.000001000.00000
     Eigenvalues --- 1000.00000
 RFO step:  Lambda=-1.43088812D-02 EMin= 8.65339655D-03
 Linear search not attempted -- first point.
 Iteration  1 RMS(Cart)=  0.02664410 RMS(Int)=  0.00022416
 Iteration  2 RMS(Cart)=  0.00040367 RMS(Int)=  0.00000844
 Iteration  3 RMS(Cart)=  0.00000021 RMS(Int)=  0.00000844
 Variable       Old X    -DE/DX   Delta X   Delta X   Delta X     New X
                                 (Linear)    (Quad)   (Total)
    R1        2.67054  -0.00053   0.00000  -0.00125  -0.00125   2.66929
    R2        2.63806  -0.00013   0.00000  -0.00029  -0.00029   2.63777
    R3        2.05377  -0.00075   0.00000  -0.00205  -0.00205   2.05172
    R4        2.66117   0.00021   0.00000   0.00041   0.00041   2.66158
    R5        2.81095  -0.00005   0.00000  -0.00015  -0.00015   2.81080
    R6        2.63736  -0.00091   0.00000  -0.00190  -0.00190   2.63546
    R7        2.05432  -0.00077   0.00000  -0.00210  -0.00210   2.05223
    R8        2.67400   0.00089   0.00000   0.00214   0.00214   2.67614
    R9        2.80695   0.00026   0.00000   0.00091   0.00091   2.80786
   R10        2.64180   0.00016   0.00000   0.00038   0.00038   2.64218
   R11        2.76370  -0.00113   0.00000  -0.00309  -0.00309   2.76061
   R12        2.05530  -0.00082   0.00000  -0.00224  -0.00224   2.05305
   R13        2.63900  -0.00034   0.00000  -0.00075  -0.00075   2.63826
   R14        2.68844   0.00058   0.00000   0.00095   0.00094   2.68938
   R15        2.80859   0.00065   0.00000   0.00184   0.00184   2.81043
   R16        2.66396   0.00248   0.00000   0.00563   0.00564   2.66960
   R17        2.04764  -0.00113   0.00000  -0.00305  -0.00305   2.04459
   R18        2.66757   0.00321   0.00000   0.00734   0.00734   2.67491
   R19        2.80179  -0.00130   0.00000  -0.00364  -0.00364   2.79815
   R20        2.63577   0.00021   0.00000   0.00048   0.00048   2.63625
   R21        2.05338  -0.00090   0.00000  -0.00247  -0.00247   2.05091
   R22        2.64085  -0.00002   0.00000  -0.00021  -0.00022   2.64063
   R23        2.05477  -0.00042   0.00000  -0.00116  -0.00116   2.05361
   R24        2.64780  -0.00008   0.00000  -0.00013  -0.00013   2.64767
   R25        2.66071  -0.00018   0.00000  -0.00035  -0.00035   2.66036
   R26        2.64297  -0.00050   0.00000  -0.00105  -0.00105   2.64192
   R27        2.05223  -0.00096   0.00000  -0.00261  -0.00261   2.04962
   R28        2.64267  -0.00058   0.00000  -0.00123  -0.00123   2.64144
   R29        2.04793  -0.00104   0.00000  -0.00282  -0.00282   2.04511
   R30        2.65537  -0.00078   0.00000  -0.00172  -0.00172   2.65365
   R31        2.60466   0.00083   0.00000   0.00163   0.00163   2.60629
   R32        2.67539  -0.00082   0.00000  -0.00189  -0.00189   2.67350
   R33        2.57894   0.00121   0.00000   0.00226   0.00226   2.58119
   R34        2.59417   0.00135   0.00000   0.00259   0.00259   2.59676
   R35        2.66708   0.00452   0.00000   0.00938   0.00935   2.67643
   R36        2.66705   0.00452   0.00000   0.00937   0.00935   2.67640
   R37        2.62788  -0.00013   0.00000  -0.00028  -0.00028   2.62759
   R38        2.05188   0.00029   0.00000   0.00078   0.00078   2.05266
   R39        2.62795  -0.00012   0.00000  -0.00025  -0.00025   2.62770
   R40        2.05195   0.00026   0.00000   0.00070   0.00070   2.05265
   R41        2.64224   0.01112   0.00000   0.02409   0.02412   2.66636
   R42        2.04854  -0.00106   0.00000  -0.00286  -0.00286   2.04568
   R43        2.64222   0.01110   0.00000   0.02405   0.02408   2.66630
   R44        2.04855  -0.00099   0.00000  -0.00268  -0.00268   2.04587
   R45        2.76368  -0.02579   0.00000  -0.06771  -0.06771   2.69596
   R46        2.57214  -0.00052   0.00000  -0.00097  -0.00097   2.57117
   R47        2.06226  -0.00083   0.00000  -0.00229  -0.00229   2.05997
   R48        2.77115   0.00016   0.00000   0.00043   0.00043   2.77159
   R49        2.67257  -0.00041   0.00000  -0.00089  -0.00089   2.67169
   R50        2.65694  -0.00064   0.00000  -0.00141  -0.00141   2.65553
   R51        2.62359  -0.00013   0.00000  -0.00021  -0.00021   2.62338
   R52        2.05608  -0.00083   0.00000  -0.00229  -0.00229   2.05379
   R53        2.64032  -0.00061   0.00000  -0.00132  -0.00132   2.63900
   R54        2.05264  -0.00101   0.00000  -0.00275  -0.00275   2.04988
   R55        2.65819  -0.00073   0.00000  -0.00157  -0.00158   2.65662
   R56        2.05357  -0.00084   0.00000  -0.00229  -0.00229   2.05129
   R57        2.65214  -0.00083   0.00000  -0.00182  -0.00182   2.65031
   R58        2.04945  -0.00091   0.00000  -0.00247  -0.00247   2.04698
   R59        2.57358   0.00164   0.00000   0.00305   0.00305   2.57663
   R60        2.32785   0.07053   0.00000   0.07687   0.07687   2.40472
   R61        2.32783   0.07046   0.00000   0.07678   0.07678   2.40461
   R62        2.70411  -0.00013   0.00000  -0.00031  -0.00031   2.70380
   R63        2.07326  -0.00100   0.00000  -0.00283  -0.00283   2.07043
   R64        2.06221  -0.00094   0.00000  -0.00261  -0.00261   2.05960
   R65        2.07319  -0.00106   0.00000  -0.00299  -0.00299   2.07020
   R66        2.71456  -0.00016   0.00000  -0.00038  -0.00038   2.71418
   R67        2.72413  -0.00037   0.00000  -0.00090  -0.00090   2.72322
   R68        2.70211  -0.00020   0.00000  -0.00048  -0.00048   2.70163
   R69        2.06937  -0.00105   0.00000  -0.00296  -0.00296   2.06641
   R70        2.06499  -0.00095   0.00000  -0.00266  -0.00266   2.06233
   R71        2.07474  -0.00102   0.00000  -0.00289  -0.00289   2.07185
   R72        2.06617  -0.00101   0.00000  -0.00281  -0.00281   2.06336
   R73        2.06470  -0.00093   0.00000  -0.00259  -0.00259   2.06212
   R74        2.07424  -0.00099   0.00000  -0.00280  -0.00280   2.07145
   R75        2.07335  -0.00102   0.00000  -0.00289  -0.00289   2.07046
   R76        2.07320  -0.00105   0.00000  -0.00295  -0.00295   2.07025
   R77        2.06258  -0.00094   0.00000  -0.00260  -0.00260   2.05998
    A1        2.12045   0.00025   0.00000   0.00081   0.00081   2.12125
    A2        2.08343  -0.00016   0.00000  -0.00063  -0.00063   2.08280
    A3        2.07906  -0.00008   0.00000  -0.00017  -0.00017   2.07889
    A4        2.07434  -0.00052   0.00000  -0.00225  -0.00225   2.07210
    A5        2.10672   0.00015   0.00000   0.00071   0.00071   2.10743
    A6        2.10212   0.00037   0.00000   0.00154   0.00154   2.10366
    A7        2.09625   0.00046   0.00000   0.00178   0.00178   2.09803
    A8        2.08087  -0.00020   0.00000  -0.00073  -0.00073   2.08015
    A9        2.10579  -0.00026   0.00000  -0.00105  -0.00105   2.10474
   A10        2.09729   0.00034   0.00000   0.00121   0.00121   2.09850
   A11        2.27755   0.00015   0.00000   0.00046   0.00046   2.27801
   A12        1.90784  -0.00049   0.00000  -0.00171  -0.00171   1.90613
   A13        2.10016  -0.00106   0.00000  -0.00382  -0.00381   2.09635
   A14        1.88734   0.00045   0.00000   0.00146   0.00145   1.88879
   A15        2.29567   0.00061   0.00000   0.00237   0.00237   2.29804
   A16        2.07781   0.00054   0.00000   0.00226   0.00226   2.08007
   A17        2.09266  -0.00021   0.00000  -0.00077  -0.00077   2.09189
   A18        2.11267  -0.00033   0.00000  -0.00148  -0.00148   2.11119
   A19        2.08249   0.00082   0.00000   0.00262   0.00261   2.08510
   A20        2.30332  -0.00050   0.00000  -0.00116  -0.00116   2.30216
   A21        1.89469  -0.00030   0.00000  -0.00098  -0.00098   1.89371
   A22        2.10157   0.00178   0.00000   0.00743   0.00743   2.10900
   A23        2.10216  -0.00040   0.00000  -0.00093  -0.00093   2.10123
   A24        2.07927  -0.00137   0.00000  -0.00648  -0.00648   2.07279
   A25        2.08016  -0.00368   0.00000  -0.01360  -0.01359   2.06657
   A26        2.09955   0.00122   0.00000   0.00446   0.00446   2.10401
   A27        2.10347   0.00246   0.00000   0.00913   0.00912   2.11259
   A28        2.11349   0.00150   0.00000   0.00655   0.00655   2.12004
   A29        2.08914  -0.00110   0.00000  -0.00521  -0.00521   2.08393
   A30        2.07978  -0.00040   0.00000  -0.00116  -0.00117   2.07862
   A31        2.08168   0.00083   0.00000   0.00283   0.00282   2.08449
   A32        2.09275  -0.00024   0.00000  -0.00046  -0.00045   2.09230
   A33        2.10858  -0.00059   0.00000  -0.00246  -0.00246   2.10612
   A34        1.89823   0.00019   0.00000   0.00067   0.00067   1.89890
   A35        2.27843   0.00104   0.00000   0.00477   0.00479   2.28322
   A36        2.10600  -0.00123   0.00000  -0.00548  -0.00550   2.10049
   A37        2.10839   0.00042   0.00000   0.00152   0.00152   2.10991
   A38        2.10407   0.00008   0.00000   0.00024   0.00024   2.10431
   A39        2.07072  -0.00050   0.00000  -0.00176  -0.00176   2.06895
   A40        2.10815   0.00007   0.00000   0.00042   0.00042   2.10858
   A41        2.11556  -0.00014   0.00000  -0.00080  -0.00080   2.11476
   A42        2.05900   0.00007   0.00000   0.00040   0.00040   2.05940
   A43        2.11022   0.00020   0.00000   0.00087   0.00087   2.11109
   A44        2.08246  -0.00023   0.00000  -0.00119  -0.00119   2.08127
   A45        2.09046   0.00003   0.00000   0.00033   0.00033   2.09079
   A46        2.10901   0.00021   0.00000   0.00070   0.00070   2.10971
   A47        2.06017   0.00015   0.00000   0.00056   0.00056   2.06073
   A48        2.11132  -0.00036   0.00000  -0.00139  -0.00139   2.10993
   A49        2.09960   0.00014   0.00000   0.00040   0.00040   2.10000
   A50        2.16471   0.00011   0.00000   0.00050   0.00050   2.16522
   A51        2.01878  -0.00025   0.00000  -0.00087  -0.00088   2.01791
   A52        2.06823  -0.00012   0.00000  -0.00066  -0.00066   2.06757
   A53        2.08008   0.00034   0.00000   0.00140   0.00140   2.08148
   A54        2.13107  -0.00022   0.00000  -0.00075  -0.00075   2.13032
   A55        2.11145   0.00126   0.00000   0.00626   0.00629   2.11774
   A56        2.11065   0.00163   0.00000   0.00766   0.00769   2.11834
   A57        2.06109  -0.00290   0.00000  -0.01392  -0.01398   2.04710
   A58        2.11780   0.00259   0.00000   0.00898   0.00895   2.12675
   A59        2.09195  -0.00168   0.00000  -0.00671  -0.00670   2.08525
   A60        2.07315  -0.00091   0.00000  -0.00230  -0.00229   2.07087
   A61        2.11796   0.00250   0.00000   0.00858   0.00855   2.12651
   A62        2.09169  -0.00159   0.00000  -0.00628  -0.00626   2.08542
   A63        2.07324  -0.00091   0.00000  -0.00237  -0.00235   2.07089
   A64        2.07468   0.00267   0.00000   0.01173   0.01176   2.08644
   A65        2.11200  -0.00052   0.00000  -0.00118  -0.00120   2.11080
   A66        2.09644  -0.00215   0.00000  -0.01054  -0.01056   2.08588
   A67        2.07450   0.00276   0.00000   0.01212   0.01215   2.08665
   A68        2.11212  -0.00052   0.00000  -0.00111  -0.00112   2.11100
   A69        2.09650  -0.00224   0.00000  -0.01102  -0.01103   2.08547
   A70        2.12033  -0.00762   0.00000  -0.02747  -0.02741   2.09292
   A71        2.08144   0.00394   0.00000   0.01424   0.01421   2.09565
   A72        2.08141   0.00368   0.00000   0.01324   0.01321   2.09462
   A73        1.83599   0.00014   0.00000   0.00061   0.00061   1.83660
   A74        2.13976  -0.00019   0.00000  -0.00074  -0.00074   2.13902
   A75        2.30658   0.00005   0.00000   0.00018   0.00018   2.30676
   A76        2.01159   0.00043   0.00000   0.00207   0.00207   2.01366
   A77        2.29381  -0.00051   0.00000  -0.00220  -0.00220   2.29161
   A78        1.97777   0.00009   0.00000   0.00013   0.00013   1.97790
   A79        2.07751   0.00055   0.00000   0.00219   0.00218   2.07969
   A80        2.15458  -0.00009   0.00000  -0.00023  -0.00024   2.15434
   A81        2.04806  -0.00046   0.00000  -0.00170  -0.00170   2.04635
   A82        2.12111   0.00021   0.00000   0.00097   0.00097   2.12208
   A83        2.08231  -0.00014   0.00000  -0.00072  -0.00072   2.08158
   A84        2.07970  -0.00006   0.00000  -0.00026  -0.00026   2.07944
   A85        2.12592   0.00028   0.00000   0.00105   0.00105   2.12697
   A86        2.08775  -0.00024   0.00000  -0.00102  -0.00103   2.08672
   A87        2.06893  -0.00003   0.00000   0.00020   0.00019   2.06911
   A88        2.09623  -0.00008   0.00000  -0.00026  -0.00026   2.09597
   A89        2.11131   0.00005   0.00000   0.00020   0.00020   2.11150
   A90        2.07560   0.00003   0.00000   0.00009   0.00009   2.07569
   A91        2.08921   0.00013   0.00000   0.00030   0.00030   2.08951
   A92        2.07953  -0.00010   0.00000  -0.00036  -0.00036   2.07917
   A93        2.11438  -0.00002   0.00000   0.00009   0.00009   2.11447
   A94        2.08481  -0.00008   0.00000  -0.00038  -0.00038   2.08443
   A95        2.02409   0.00029   0.00000   0.00116   0.00116   2.02525
   A96        2.17419  -0.00021   0.00000  -0.00075  -0.00075   2.17344
   A97        2.06577   0.00252   0.00000   0.00955   0.00955   2.07532
   A98        2.06567   0.00223   0.00000   0.00843   0.00842   2.07409
   A99        2.15175  -0.00475   0.00000  -0.01798  -0.01798   2.13377
   A100       2.06992   0.00026   0.00000   0.00098   0.00098   2.07091
   A101       1.93957  -0.00009   0.00000  -0.00055  -0.00055   1.93902
   A102       1.84448   0.00011   0.00000   0.00070   0.00070   1.84518
   A103       1.93959  -0.00010   0.00000  -0.00065  -0.00065   1.93894
   A104       1.91153   0.00002   0.00000   0.00022   0.00022   1.91176
   A105       1.91541   0.00003   0.00000   0.00001   0.00001   1.91542
   A106       1.91192   0.00004   0.00000   0.00031   0.00031   1.91223
   A107       2.02345   0.00054   0.00000   0.00203   0.00203   2.02548
   A108       2.03961   0.00026   0.00000   0.00097   0.00097   2.04058
   A109       2.07062   0.00062   0.00000   0.00235   0.00235   2.07297
   A110       1.94369  -0.00019   0.00000  -0.00112  -0.00112   1.94257
   A111       1.85236   0.00007   0.00000   0.00053   0.00053   1.85289
   A112       1.92884  -0.00008   0.00000  -0.00055  -0.00055   1.92828
   A113       1.90919   0.00011   0.00000   0.00075   0.00075   1.90994
   A114       1.91731   0.00005   0.00000   0.00009   0.00009   1.91741
   A115       1.91123   0.00004   0.00000   0.00035   0.00035   1.91158
   A116       1.94093  -0.00026   0.00000  -0.00162  -0.00162   1.93932
   A117       1.84586   0.00014   0.00000   0.00093   0.00093   1.84680
   A118       1.92819   0.00000   0.00000  -0.00006  -0.00006   1.92813
   A119       1.92029   0.00008   0.00000   0.00052   0.00052   1.92081
   A120       1.91606   0.00003   0.00000  -0.00011  -0.00011   1.91595
   A121       1.91134   0.00003   0.00000   0.00040   0.00040   1.91174
   A122       1.94125  -0.00005   0.00000  -0.00031  -0.00031   1.94094
   A123       1.94008  -0.00009   0.00000  -0.00058  -0.00058   1.93951
   A124       1.84269   0.00009   0.00000   0.00058   0.00058   1.84326
   A125       1.91533   0.00002   0.00000  -0.00001  -0.00001   1.91533
   A126       1.91130   0.00001   0.00000   0.00013   0.00013   1.91143
   A127       1.91177   0.00003   0.00000   0.00022   0.00022   1.91199
    D1        0.00368  -0.00003   0.00000  -0.00082  -0.00082   0.00286
    D2       -3.13872  -0.00003   0.00000  -0.00108  -0.00108  -3.13980
    D3        3.12138  -0.00002   0.00000  -0.00061  -0.00062   3.12076
    D4       -0.02102  -0.00003   0.00000  -0.00087  -0.00087  -0.02189
    D5        0.00375  -0.00001   0.00000  -0.00007  -0.00007   0.00368
    D6        3.13519   0.00002   0.00000   0.00082   0.00082   3.13601
    D7       -3.11401  -0.00001   0.00000  -0.00027  -0.00027  -3.11428
    D8        0.01743   0.00002   0.00000   0.00062   0.00062   0.01805
    D9       -0.01132   0.00001   0.00000   0.00033   0.00033  -0.01099
   D10        3.10560   0.00002   0.00000   0.00062   0.00062   3.10623
   D11        3.13107   0.00002   0.00000   0.00059   0.00059   3.13167
   D12       -0.03519   0.00003   0.00000   0.00088   0.00088  -0.03430
   D13        2.49091   0.00000   0.00000  -0.00019  -0.00019   2.49071
   D14       -0.64616  -0.00001   0.00000  -0.00062  -0.00062  -0.64679
   D15       -0.65150  -0.00001   0.00000  -0.00046  -0.00046  -0.65196
   D16        2.49461  -0.00002   0.00000  -0.00089  -0.00089   2.49373
   D17        0.01155   0.00004   0.00000   0.00103   0.00103   0.01258
   D18        3.11514  -0.00002   0.00000  -0.00036  -0.00035   3.11479
   D19       -3.10502   0.00003   0.00000   0.00073   0.00073  -3.10428
   D20       -0.00143  -0.00003   0.00000  -0.00065  -0.00065  -0.00208
   D21       -0.00400  -0.00007   0.00000  -0.00192  -0.00193  -0.00592
   D22       -3.13960  -0.00010   0.00000  -0.00329  -0.00329   3.14029
   D23       -3.11497  -0.00003   0.00000  -0.00084  -0.00084  -3.11581
   D24        0.03261  -0.00006   0.00000  -0.00220  -0.00221   0.03041
   D25        3.14076   0.00008   0.00000   0.00241   0.00241  -3.14002
   D26        0.03871   0.00003   0.00000   0.00130   0.00130   0.04000
   D27       -0.03565   0.00004   0.00000   0.00119   0.00118  -0.03446
   D28       -3.13770  -0.00001   0.00000   0.00008   0.00008  -3.13762
   D29       -0.00362   0.00005   0.00000   0.00144   0.00144  -0.00218
   D30       -3.13494   0.00002   0.00000   0.00053   0.00053  -3.13441
   D31        3.13037   0.00009   0.00000   0.00316   0.00316   3.13353
   D32       -0.00095   0.00006   0.00000   0.00225   0.00225   0.00130
   D33       -0.01637   0.00006   0.00000   0.00241   0.00242  -0.01395
   D34        3.08965  -0.00002   0.00000   0.00098   0.00098   3.09063
   D35        3.13212   0.00003   0.00000   0.00087   0.00087   3.13299
   D36       -0.04504  -0.00005   0.00000  -0.00057  -0.00057  -0.04561
   D37        0.03832  -0.00023   0.00000  -0.00791  -0.00792   0.03040
   D38       -3.12385  -0.00021   0.00000  -0.00690  -0.00691  -3.13075
   D39        3.09136   0.00002   0.00000   0.00016   0.00015   3.09151
   D40       -0.07080   0.00004   0.00000   0.00116   0.00116  -0.06964
   D41        3.06587   0.00013   0.00000   0.00459   0.00459   3.07045
   D42       -0.04430   0.00015   0.00000   0.00563   0.00562  -0.03868
   D43       -0.00631  -0.00004   0.00000  -0.00168  -0.00169  -0.00800
   D44       -3.11649  -0.00002   0.00000  -0.00064  -0.00065  -3.11714
   D45       -3.03496  -0.00027   0.00000  -0.00720  -0.00718  -3.04215
   D46        0.06169  -0.00021   0.00000  -0.00597  -0.00595   0.05574
   D47        0.02520   0.00001   0.00000   0.00036   0.00036   0.02557
   D48        3.12186   0.00007   0.00000   0.00160   0.00159   3.12346
   D49       -0.00433   0.00008   0.00000   0.00254   0.00253  -0.00180
   D50        3.13591  -0.00001   0.00000  -0.00045  -0.00045   3.13547
   D51       -3.12562   0.00006   0.00000   0.00148   0.00147  -3.12415
   D52        0.01462  -0.00004   0.00000  -0.00151  -0.00150   0.01312
   D53       -0.02517   0.00019   0.00000   0.00557   0.00557  -0.01960
   D54       -3.12414   0.00002   0.00000   0.00054   0.00054  -3.12360
   D55        3.11777   0.00028   0.00000   0.00857   0.00856   3.12633
   D56        0.01880   0.00011   0.00000   0.00354   0.00353   0.02233
   D57        0.60934  -0.00066   0.00000  -0.02770  -0.02770   0.58164
   D58       -2.53243  -0.00064   0.00000  -0.02696  -0.02694  -2.55938
   D59       -2.53361  -0.00076   0.00000  -0.03075  -0.03077  -2.56438
   D60        0.60780  -0.00074   0.00000  -0.03001  -0.03002   0.57778
   D61        0.01941  -0.00027   0.00000  -0.00790  -0.00791   0.01149
   D62       -3.10198  -0.00008   0.00000  -0.00312  -0.00314  -3.10512
   D63        3.11861  -0.00012   0.00000  -0.00300  -0.00300   3.11561
   D64       -0.00278   0.00007   0.00000   0.00178   0.00177  -0.00100
   D65       -3.08695   0.00018   0.00000   0.00382   0.00380  -3.08315
   D66        0.01549   0.00012   0.00000   0.00237   0.00235   0.01784
   D67        0.03425  -0.00001   0.00000  -0.00098  -0.00099   0.03326
   D68        3.13669  -0.00007   0.00000  -0.00242  -0.00244   3.13425
   D69        3.13597  -0.00005   0.00000  -0.00149  -0.00149   3.13448
   D70       -0.03948  -0.00001   0.00000  -0.00039  -0.00039  -0.03987
   D71       -0.01006  -0.00004   0.00000  -0.00107  -0.00107  -0.01112
   D72        3.09767   0.00000   0.00000   0.00003   0.00003   3.09771
   D73        3.13434  -0.00002   0.00000  -0.00065  -0.00065   3.13368
   D74       -0.01753   0.00000   0.00000  -0.00008  -0.00008  -0.01761
   D75       -0.00283  -0.00003   0.00000  -0.00108  -0.00108  -0.00391
   D76        3.12849  -0.00002   0.00000  -0.00051  -0.00051   3.12798
   D77        0.00069   0.00008   0.00000   0.00237   0.00237   0.00306
   D78        3.06431   0.00000   0.00000   0.00047   0.00047   3.06478
   D79       -3.10811   0.00005   0.00000   0.00132   0.00132  -3.10679
   D80       -0.04449  -0.00003   0.00000  -0.00057  -0.00057  -0.04506
   D81        0.02503   0.00007   0.00000   0.00197   0.00197   0.02700
   D82       -3.10178  -0.00001   0.00000  -0.00013  -0.00013  -3.10191
   D83       -3.10625   0.00005   0.00000   0.00140   0.00140  -3.10485
   D84        0.05013  -0.00002   0.00000  -0.00070  -0.00070   0.04943
   D85        0.02112  -0.00005   0.00000  -0.00147  -0.00147   0.01965
   D86        3.07099  -0.00007   0.00000  -0.00161  -0.00161   3.06939
   D87       -3.04021   0.00001   0.00000   0.00039   0.00039  -3.03982
   D88        0.00967  -0.00001   0.00000   0.00025   0.00025   0.00992
   D89        1.90761   0.00004   0.00000   0.00134   0.00134   1.90895
   D90       -1.31206  -0.00001   0.00000  -0.00046  -0.00046  -1.31252
   D91       -0.03378  -0.00002   0.00000  -0.00067  -0.00067  -0.03444
   D92       -3.08083  -0.00004   0.00000  -0.00064  -0.00064  -3.08148
   D93        3.09422   0.00005   0.00000   0.00128   0.00127   3.09550
   D94        0.04717   0.00003   0.00000   0.00130   0.00130   0.04846
   D95        0.00666   0.00000   0.00000   0.00003   0.00003   0.00669
   D96       -3.12077  -0.00007   0.00000  -0.00199  -0.00199  -3.12277
   D97        2.08720   0.00006   0.00000   0.00157   0.00157   2.08878
   D98       -1.14955   0.00005   0.00000   0.00144   0.00144  -1.14811
   D99       -3.14041  -0.00003   0.00000  -0.00072  -0.00072  -3.14113
   D100       0.02730   0.00003   0.00000   0.00104   0.00104   0.02835
   D101       0.00136  -0.00005   0.00000  -0.00145  -0.00144  -0.00008
   D102      -3.11411   0.00000   0.00000   0.00031   0.00032  -3.11379
   D103      -3.14131  -0.00012   0.00000  -0.00356  -0.00355   3.13832
   D104       0.02659  -0.00002   0.00000  -0.00044  -0.00043   0.02616
   D105       0.00010  -0.00010   0.00000  -0.00283  -0.00283  -0.00272
   D106      -3.11518   0.00000   0.00000   0.00028   0.00029  -3.11489
   D107      -0.00159   0.00013   0.00000   0.00375   0.00375   0.00216
   D108      -3.13100   0.00014   0.00000   0.00371   0.00372  -3.12729
   D109       3.11415   0.00007   0.00000   0.00194   0.00194   3.11609
   D110      -0.01526   0.00007   0.00000   0.00190   0.00190  -0.01335
   D111      -0.00127   0.00016   0.00000   0.00464   0.00465   0.00338
   D112      -3.13101   0.00020   0.00000   0.00546   0.00548  -3.12553
   D113       3.11428   0.00005   0.00000   0.00149   0.00150   3.11578
   D114      -0.01546   0.00009   0.00000   0.00232   0.00233  -0.01313
   D115       0.00037  -0.00007   0.00000  -0.00189  -0.00189  -0.00151
   D116      -3.14133  -0.00009   0.00000  -0.00265  -0.00264   3.13922
   D117       3.12990  -0.00006   0.00000  -0.00179  -0.00179   3.12811
   D118      -0.01181  -0.00009   0.00000  -0.00255  -0.00254  -0.01435
   D119       0.00104  -0.00008   0.00000  -0.00225  -0.00224  -0.00120
   D120      -3.14044  -0.00005   0.00000  -0.00149  -0.00149   3.14126
   D121       3.13089  -0.00010   0.00000  -0.00301  -0.00299   3.12789
   D122      -0.01059  -0.00008   0.00000  -0.00225  -0.00224  -0.01284
   D123      -0.00124  -0.00012   0.00000  -0.00523  -0.00523  -0.00647
   D124       3.14089  -0.00002   0.00000  -0.00084  -0.00083   3.14006
   D125       3.14024  -0.00014   0.00000  -0.00598  -0.00598   3.13426
   D126      -0.00081  -0.00004   0.00000  -0.00158  -0.00159  -0.00240
   D127       0.13086  -0.00007   0.00000  -0.00190  -0.00190   0.12896
   D128      -3.00461  -0.00011   0.00000  -0.00306  -0.00306  -3.00767
   D129      -2.95926  -0.00015   0.00000  -0.00334  -0.00334  -2.96260
   D130       0.18846  -0.00019   0.00000  -0.00451  -0.00450   0.18395
   D131      -2.54471  -0.00001   0.00000  -0.00049  -0.00049  -2.54520
   D132       0.68297  -0.00010   0.00000  -0.00393  -0.00394   0.67903
   D133       0.60291  -0.00005   0.00000  -0.00164  -0.00164   0.60127
   D134      -2.45259  -0.00014   0.00000  -0.00509  -0.00509  -2.45768
   D135      -3.11006  -0.00010   0.00000  -0.00321  -0.00321  -3.11327
   D136       0.04473  -0.00007   0.00000  -0.00234  -0.00234   0.04239
   D137      -0.04932   0.00000   0.00000   0.00008   0.00008  -0.04924
   D138       3.10547   0.00003   0.00000   0.00096   0.00096   3.10642
   D139       3.09113   0.00022   0.00000   0.00588   0.00588   3.09701
   D140      -0.01299  -0.00004   0.00000  -0.00139  -0.00139  -0.01438
   D141       0.03428   0.00008   0.00000   0.00231   0.00231   0.03659
   D142      -3.06985  -0.00018   0.00000  -0.00496  -0.00496  -3.07481
   D143       0.02839  -0.00008   0.00000  -0.00231  -0.00231   0.02608
   D144      -3.12357   0.00005   0.00000   0.00127   0.00127  -3.12230
   D145      -3.12638  -0.00011   0.00000  -0.00319  -0.00319  -3.12956
   D146       0.00485   0.00002   0.00000   0.00039   0.00039   0.00524
   D147       0.00155  -0.00009   0.00000  -0.00245  -0.00245  -0.00089
   D148      -3.12760  -0.00020   0.00000  -0.00553  -0.00553  -3.13313
   D149       3.10607   0.00017   0.00000   0.00473   0.00473   3.11080
   D150      -0.02309   0.00006   0.00000   0.00165   0.00165  -0.02144
   D151       0.00914   0.00008   0.00000   0.00223   0.00223   0.01137
   D152       3.13706   0.00016   0.00000   0.00454   0.00454  -3.14158
   D153      -3.12230  -0.00004   0.00000  -0.00127  -0.00127  -3.12357
   D154       0.00563   0.00004   0.00000   0.00104   0.00104   0.00667
   D155      -0.02385   0.00000   0.00000   0.00011   0.00011  -0.02375
   D156       3.13266  -0.00009   0.00000  -0.00243  -0.00243   3.13023
   D157       3.10505   0.00011   0.00000   0.00325   0.00325   3.10829
   D158      -0.02163   0.00002   0.00000   0.00071   0.00071  -0.02092
   D159      -3.13475  -0.00016   0.00000  -0.00464  -0.00464  -3.13938
   D160      -0.00761  -0.00008   0.00000  -0.00219  -0.00219  -0.00980
   D161       1.07785  -0.00002   0.00000   0.00072   0.00072   1.07857
   D162      -3.13319   0.00003   0.00000   0.00111   0.00111  -3.13209
   D163      -1.06058   0.00008   0.00000   0.00154   0.00154  -1.05904
   D164       1.14203  -0.00006   0.00000  -0.00061  -0.00061   1.14142
   D165      -3.06487   0.00001   0.00000   0.00000   0.00000  -3.06487
   D166      -0.99417   0.00005   0.00000   0.00043   0.00043  -0.99374
   D167       1.17110  -0.00007   0.00000  -0.00103  -0.00103   1.17007
   D168      -3.02787  -0.00004   0.00000  -0.00072  -0.00072  -3.02860
   D169      -0.96115   0.00007   0.00000   0.00025   0.00025  -0.96089
   D170      -1.08463   0.00002   0.00000  -0.00022  -0.00022  -1.08485
   D171       1.05524  -0.00005   0.00000  -0.00086  -0.00086   1.05439
   D172       3.12687  -0.00002   0.00000  -0.00056  -0.00056   3.12632
         Item               Value     Threshold  Converged?
 Maximum Force            0.070534     0.000450     NO 
 RMS     Force            0.005451     0.000300     NO 
 Maximum Displacement     0.157022     0.001800     NO 
 RMS     Displacement     0.026847     0.001200     NO 
 Predicted change in Energy=-7.339528D-03
 GradGradGradGradGradGradGradGradGradGradGradGradGradGradGradGradGradGrad

 Stoichiometry    C36H29NO6(1-,2)
 Framework group  C1[X(C36H29NO6)]
 Deg. of freedom   210
 Full point group                 C1      NOp   1
 Largest Abelian subgroup         C1      NOp   1
 Largest concise Abelian subgroup C1      NOp   1
                         Standard orientation:                         
 ---------------------------------------------------------------------
 Center     Atomic      Atomic             Coordinates (Angstroms)
 Number     Number       Type             X           Y           Z
 ---------------------------------------------------------------------
      1          6           0        3.126781   -2.559517   -0.152287
      2          6           0        3.456407   -1.186172   -0.174910
      3          6           0        2.413907   -0.239406   -0.151470
      4          6           0        1.084597   -0.660031   -0.120025
      5          6           0        0.774154   -2.041529   -0.096054
      6          6           0        1.800061   -2.991371   -0.110975
      7          1           0        3.921751   -3.298042   -0.189734
      8          1           0        2.659457    0.818334   -0.135098
      9          1           0        1.577500   -4.054699   -0.099633
     10          6           0       -1.265841   -0.885828   -0.049412
     11          6           0       -2.655124   -0.759618   -0.104871
     12          6           0       -3.485282   -1.902164   -0.138302
     13          6           0       -2.874712   -3.179023   -0.116470
     14          6           0       -1.487382   -3.322462   -0.086611
     15          6           0       -0.679523   -2.182518   -0.063994
     16          1           0       -3.116265    0.219137   -0.104788
     17          1           0       -3.496369   -4.067638   -0.158568
     18          1           0       -1.045219   -4.314998   -0.104683
     19          6           0        4.876317   -0.745608   -0.221210
     20          6           0        5.257867    0.374212   -0.971853
     21          6           0        5.868135   -1.450603    0.486738
     22          6           0        6.591579    0.791905   -1.007455
     23          1           0        4.536016    0.924486   -1.565576
     24          6           0        7.206313   -1.049312    0.441385
     25          1           0        5.584207   -2.309731    1.080451
     26          6           0        7.583269    0.098231   -0.295214
     27          6           0       -4.958370   -1.760961   -0.189288
     28          6           0       -5.571738   -0.682011   -0.871610
     29          6           0       -5.811247   -2.698605    0.442616
     30          6           0       -6.953730   -0.538680   -0.925824
     31          1           0       -4.952106    0.043523   -1.390768
     32          6           0       -7.195581   -2.573378    0.404158
     33          1           0       -5.378345   -3.526222    0.997151
     34          6           0       -7.777349   -1.487831   -0.284246
     35          1           0       -7.407259    0.284664   -1.462741
     36          1           0       -7.833658   -3.290534    0.904790
     37          6           0       -0.175346    0.125358   -0.061072
     38          6           0       -0.191332    1.485818   -0.072979
     39          1           0        0.771855    1.962727   -0.254987
     40          6           0       -1.285375    2.442776    0.122963
     41          6           0       -1.274328    3.658765   -0.598193
     42          6           0       -2.310135    2.264422    1.067828
     43          6           0       -2.266353    4.614687   -0.427054
     44          1           0       -0.477529    3.845079   -1.313436
     45          6           0       -3.307526    3.222116    1.263368
     46          1           0       -2.318732    1.373211    1.686179
     47          6           0       -3.298422    4.400686    0.503200
     48          7           0       -9.196583   -1.350102   -0.330254
     49          8           0       -9.698604   -0.358631   -0.950153
     50          8           0       -9.916960   -2.220551    0.255022
     51          8           0       -4.228489    5.392614    0.604050
     52          6           0       -5.302424    5.233996    1.536069
     53          1           0       -4.926183    5.159676    2.562379
     54          1           0       -5.914740    6.130097    1.436366
     55          1           0       -5.904140    4.350158    1.297550
     56          1           0       -4.071958    3.042501    2.009521
     57          1           0       -2.257901    5.537284   -0.998930
     58          8           0        6.920275    1.843941   -1.836515
     59          8           0        8.895721    0.485302   -0.421423
     60          8           0        8.224965   -1.711111    1.065948
     61          6           0        7.258047    3.078659   -1.185142
     62          1           0        8.177212    2.981071   -0.600890
     63          1           0        7.409442    3.810294   -1.980637
     64          1           0        6.437499    3.407183   -0.536440
     65          6           0        9.568591    0.911326    0.779587
     66          1           0        9.696326    0.079364    1.475095
     67          1           0       10.542814    1.283598    0.458530
     68          1           0        9.009746    1.719081    1.266206
     69          6           0        7.922997   -2.893847    1.810143
     70          1           0        7.248160   -2.675242    2.645146
     71          1           0        7.479588   -3.662299    1.167453
     72          1           0        8.878249   -3.248768    2.197228
 ---------------------------------------------------------------------
 Rotational constants (GHZ):      0.1352595      0.0267067      0.0229956
 Standard basis: 6-31++G(d,p) (6D, 7F)
 There are   991 symmetry adapted basis functions of A   symmetry.
 Integral buffers will be    262144 words long.
 Raffenetti 2 integral format.
 Two-electron integral symmetry is turned on.
   991 basis functions,  1608 primitive gaussians,   991 cartesian basis functions
   151 alpha electrons      150 beta electrons
       nuclear repulsion energy      4421.2300479288 Hartrees.
 NAtoms=   72 NActive=   72 NUniq=   72 SFac= 7.50D-01 NAtFMM=   80 NAOKFM=F Big=T
 ------------------------------------------------------------------------------
 Polarizable Continuum Model (PCM)
 =================================
 Model                : C-PCM.
 Atomic radii         : UFF (Universal Force Field).
 Polarization charges : Total charges.
 Charge compensation  : None.
 Solution method      : Matrix inversion.
 Cavity type          : Scaled VdW (van der Waals Surface) (Alpha=1.100).
 Cavity algorithm     : GePol (No added spheres)
                        Default sphere list used, NSphG=   72.
                        Lebedev-Laikov grids with approx.  5.0 points / Ang**2.
                        Smoothing algorithm: Karplus/York (Gamma=1.0000).
                        Polarization charges: spherical gaussians, with
                                              point-specific exponents (IZeta= 3).
                        Self-potential: point-specific (ISelfS= 7).
                        Self-field    : sphere-specific E.n sum rule (ISelfD= 2).
 1st derivatives      : Analytical E(r).r(x)/FMM algorithm (CHGder, D1EAlg=3).
                        Cavity 1st derivative terms included.
 Solvent              : Dichloromethane, Eps=   8.930000 Eps(inf)=   2.028346
 ------------------------------------------------------------------------------
 One-electron integrals computed using PRISM.
 NBasis=   991 RedAO= T  NBF=   991
 NBsUse=   973 1.00D-06 NBFU=   973
 Initial guess read from the read-write file.
 B after Tr=     0.000000    0.000000    0.000000
         Rot=    1.000000    0.000000    0.000000    0.000000 Ang=   0.00 deg.
 Initial guess orbital symmetries:
 Alpha Orbitals:
       Occupied  (A) (A) (A) (A) (A) (A) (A) (A) (A) (A) (A) (A)
                 (A) (A) (A) (A) (A) (A) (A) (A) (A) (A) (A) (A)
                 (A) (A) (A) (A) (A) (A) (A) (A) (A) (A) (A) (A)
                 (A) (A) (A) (A) (A) (A) (A) (A) (A) (A) (A) (A)
                 (A) (A) (A) (A) (A) (A) (A) (A) (A) (A) (A) (A)
                 (A) (A) (A) (A) (A) (A) (A) (A) (A) (A) (A) (A)
                 (A) (A) (A) (A) (A) (A) (A) (A) (A) (A) (A) (A)
                 (A) (A) (A) (A) (A) (A) (A) (A) (A) (A) (A) (A)
                 (A) (A) (A) (A) (A) (A) (A) (A) (A) (A) (A) (A)
                 (A) (A) (A) (A) (A) (A) (A) (A) (A) (A) (A) (A)
                 (A) (A) (A) (A) (A) (A) (A) (A) (A) (A) (A) (A)
                 (A) (A) (A) (A) (A) (A) (A) (A) (A) (A) (A) (A)
                 (A) (A) (A) (A) (A) (A) (A)
       Virtual   (A) (A) (A) (A) (A) (A) (A) (A) (A) (A) (A) (A)
                 (A) (A) (A) (A) (A) (A) (A) (A) (A) (A) (A) (A)
                 (A) (A) (A) (A) (A) (A) (A) (A) (A) (A) (A) (A)
                 (A) (A) (A) (A) (A) (A) (A) (A) (A) (A) (A) (A)
                 (A) (A) (A) (A) (A) (A) (A) (A) (A) (A) (A) (A)
                 (A) (A) (A) (A) (A) (A) (A) (A) (A) (A) (A) (A)
                 (A) (A) (A) (A) (A) (A) (A) (A) (A) (A) (A) (A)
                 (A) (A) (A) (A) (A) (A) (A) (A) (A) (A) (A) (A)
                 (A) (A) (A) (A) (A) (A) (A) (A) (A) (A) (A) (A)
                 (A) (A) (A) (A) (A) (A) (A) (A) (A) (A) (A) (A)
                 (A) (A) (A) (A) (A) (A) (A) (A) (A) (A) (A) (A)
                 (A) (A) (A) (A) (A) (A) (A) (A) (A) (A) (A) (A)
                 (A) (A) (A) (A) (A) (A) (A) (A) (A) (A) (A) (A)
                 (A) (A) (A) (A) (A) (A) (A) (A) (A) (A) (A) (A)
                 (A) (A) (A) (A) (A) (A) (A) (A) (A) (A) (A) (A)
                 (A) (A) (A) (A) (A) (A) (A) (A) (A) (A) (A) (A)
                 (A) (A) (A) (A) (A) (A) (A) (A) (A) (A) (A) (A)
                 (A) (A) (A) (A) (A) (A) (A) (A) (A) (A) (A) (A)
                 (A) (A) (A) (A) (A) (A) (A) (A) (A) (A) (A) (A)
                 (A) (A) (A) (A) (A) (A) (A) (A) (A) (A) (A) (A)
                 (A) (A) (A) (A) (A) (A) (A) (A) (A) (A) (A) (A)
                 (A) (A) (A) (A) (A) (A) (A) (A) (A) (A) (A) (A)
                 (A) (A) (A) (A) (A) (A) (A) (A) (A) (A) (A) (A)
                 (A) (A) (A) (A) (A) (A) (A) (A) (A) (A) (A) (A)
                 (A) (A) (A) (A) (A) (A) (A) (A) (A) (A) (A) (A)
                 (A) (A) (A) (A) (A) (A) (A) (A) (A) (A) (A) (A)
                 (A) (A) (A) (A) (A) (A) (A) (A) (A) (A) (A) (A)
                 (A) (A) (A) (A) (A) (A) (A) (A) (A) (A) (A) (A)
                 (A) (A) (A) (A) (A) (A) (A) (A) (A) (A) (A) (A)
                 (A) (A) (A) (A) (A) (A) (A) (A) (A) (A) (A) (A)
                 (A) (A) (A) (A) (A) (A) (A) (A) (A) (A) (A) (A)
                 (A) (A) (A) (A) (A) (A) (A) (A) (A) (A) (A) (A)
                 (A) (A) (A) (A) (A) (A) (A) (A) (A) (A) (A) (A)
                 (A) (A) (A) (A) (A) (A) (A) (A) (A) (A) (A) (A)
                 (A) (A) (A) (A) (A) (A) (A) (A) (A) (A) (A) (A)
                 (A) (A) (A) (A) (A) (A) (A) (A) (A) (A) (A) (A)
                 (A) (A) (A) (A) (A) (A) (A) (A) (A) (A) (A) (A)
                 (A) (A) (A) (A) (A) (A) (A) (A) (A) (A) (A) (A)
                 (A) (A) (A) (A) (A) (A) (A) (A) (A) (A) (A) (A)
                 (A) (A) (A) (A) (A) (A) (A) (A) (A) (A) (A) (A)
                 (A) (A) (A) (A) (A) (A) (A) (A) (A) (A) (A) (A)
                 (A) (A) (A) (A) (A) (A) (A) (A) (A) (A) (A) (A)
                 (A) (A) (A) (A) (A) (A) (A) (A) (A) (A) (A) (A)
                 (A) (A) (A) (A) (A) (A) (A) (A) (A) (A) (A) (A)
                 (A) (A) (A) (A) (A) (A) (A) (A) (A) (A) (A) (A)
                 (A) (A) (A) (A) (A) (A) (A) (A) (A) (A) (A) (A)
                 (A) (A) (A) (A) (A) (A) (A) (A) (A) (A) (A) (A)
                 (A) (A) (A) (A) (A) (A) (A) (A) (A) (A) (A) (A)
                 (A) (A) (A) (A) (A) (A) (A) (A) (A) (A) (A) (A)
                 (A) (A) (A) (A) (A) (A) (A) (A) (A) (A) (A) (A)
                 (A) (A) (A) (A) (A) (A) (A) (A) (A) (A) (A) (A)
                 (A) (A) (A) (A) (A) (A) (A) (A) (A) (A) (A) (A)
                 (A) (A) (A) (A) (A) (A) (A) (A) (A) (A) (A) (A)
                 (A) (A) (A) (A) (A) (A) (A) (A) (A) (A) (A) (A)
                 (A) (A) (A) (A) (A) (A) (A) (A) (A) (A) (A) (A)
                 (A) (A) (A) (A) (A) (A) (A) (A) (A) (A) (A) (A)
                 (A) (A) (A) (A) (A) (A) (A) (A) (A) (A) (A) (A)
                 (A) (A) (A) (A) (A) (A) (A) (A) (A) (A) (A) (A)
                 (A) (A) (A) (A) (A) (A) (A) (A) (A) (A) (A) (A)
                 (A) (A) (A) (A) (A) (A) (A) (A) (A) (A) (A) (A)
                 (A) (A) (A) (A) (A) (A) (A) (A) (A) (A) (A) (A)
                 (A) (A) (A) (A) (A) (A) (A) (A) (A) (A) (A) (A)
                 (A) (A) (A) (A) (A) (A) (A) (A) (A) (A) (A) (A)
                 (A) (A) (A) (A) (A) (A) (A) (A) (A) (A) (A) (A)
                 (A) (A) (A) (A) (A) (A) (A) (A) (A) (A) (A) (A)
                 (A) (A) (A) (A) (A) (A) (A) (A) (A) (A) (A) (A)
                 (A) (A) (A) (A) (A) (A) (A) (A) (A) (A) (A) (A)
                 (A) (A) (A) (A) (A) (A) (A) (A) (A) (A) (A) (A)
                 (A) (A) (A) (A) (A) (A)
 Beta  Orbitals:
       Occupied  (A) (A) (A) (A) (A) (A) (A) (A) (A) (A) (A) (A)
                 (A) (A) (A) (A) (A) (A) (A) (A) (A) (A) (A) (A)
                 (A) (A) (A) (A) (A) (A) (A) (A) (A) (A) (A) (A)
                 (A) (A) (A) (A) (A) (A) (A) (A) (A) (A) (A) (A)
                 (A) (A) (A) (A) (A) (A) (A) (A) (A) (A) (A) (A)
                 (A) (A) (A) (A) (A) (A) (A) (A) (A) (A) (A) (A)
                 (A) (A) (A) (A) (A) (A) (A) (A) (A) (A) (A) (A)
                 (A) (A) (A) (A) (A) (A) (A) (A) (A) (A) (A) (A)
                 (A) (A) (A) (A) (A) (A) (A) (A) (A) (A) (A) (A)
                 (A) (A) (A) (A) (A) (A) (A) (A) (A) (A) (A) (A)
                 (A) (A) (A) (A) (A) (A) (A) (A) (A) (A) (A) (A)
                 (A) (A) (A) (A) (A) (A) (A) (A) (A) (A) (A) (A)
                 (A) (A) (A) (A) (A) (A)
       Virtual   (A) (A) (A) (A) (A) (A) (A) (A) (A) (A) (A) (A)
                 (A) (A) (A) (A) (A) (A) (A) (A) (A) (A) (A) (A)
                 (A) (A) (A) (A) (A) (A) (A) (A) (A) (A) (A) (A)
                 (A) (A) (A) (A) (A) (A) (A) (A) (A) (A) (A) (A)
                 (A) (A) (A) (A) (A) (A) (A) (A) (A) (A) (A) (A)
                 (A) (A) (A) (A) (A) (A) (A) (A) (A) (A) (A) (A)
                 (A) (A) (A) (A) (A) (A) (A) (A) (A) (A) (A) (A)
                 (A) (A) (A) (A) (A) (A) (A) (A) (A) (A) (A) (A)
                 (A) (A) (A) (A) (A) (A) (A) (A) (A) (A) (A) (A)
                 (A) (A) (A) (A) (A) (A) (A) (A) (A) (A) (A) (A)
                 (A) (A) (A) (A) (A) (A) (A) (A) (A) (A) (A) (A)
                 (A) (A) (A) (A) (A) (A) (A) (A) (A) (A) (A) (A)
                 (A) (A) (A) (A) (A) (A) (A) (A) (A) (A) (A) (A)
                 (A) (A) (A) (A) (A) (A) (A) (A) (A) (A) (A) (A)
                 (A) (A) (A) (A) (A) (A) (A) (A) (A) (A) (A) (A)
                 (A) (A) (A) (A) (A) (A) (A) (A) (A) (A) (A) (A)
                 (A) (A) (A) (A) (A) (A) (A) (A) (A) (A) (A) (A)
                 (A) (A) (A) (A) (A) (A) (A) (A) (A) (A) (A) (A)
                 (A) (A) (A) (A) (A) (A) (A) (A) (A) (A) (A) (A)
                 (A) (A) (A) (A) (A) (A) (A) (A) (A) (A) (A) (A)
                 (A) (A) (A) (A) (A) (A) (A) (A) (A) (A) (A) (A)
                 (A) (A) (A) (A) (A) (A) (A) (A) (A) (A) (A) (A)
                 (A) (A) (A) (A) (A) (A) (A) (A) (A) (A) (A) (A)
                 (A) (A) (A) (A) (A) (A) (A) (A) (A) (A) (A) (A)
                 (A) (A) (A) (A) (A) (A) (A) (A) (A) (A) (A) (A)
                 (A) (A) (A) (A) (A) (A) (A) (A) (A) (A) (A) (A)
                 (A) (A) (A) (A) (A) (A) (A) (A) (A) (A) (A) (A)
                 (A) (A) (A) (A) (A) (A) (A) (A) (A) (A) (A) (A)
                 (A) (A) (A) (A) (A) (A) (A) (A) (A) (A) (A) (A)
                 (A) (A) (A) (A) (A) (A) (A) (A) (A) (A) (A) (A)
                 (A) (A) (A) (A) (A) (A) (A) (A) (A) (A) (A) (A)
                 (A) (A) (A) (A) (A) (A) (A) (A) (A) (A) (A) (A)
                 (A) (A) (A) (A) (A) (A) (A) (A) (A) (A) (A) (A)
                 (A) (A) (A) (A) (A) (A) (A) (A) (A) (A) (A) (A)
                 (A) (A) (A) (A) (A) (A) (A) (A) (A) (A) (A) (A)
                 (A) (A) (A) (A) (A) (A) (A) (A) (A) (A) (A) (A)
                 (A) (A) (A) (A) (A) (A) (A) (A) (A) (A) (A) (A)
                 (A) (A) (A) (A) (A) (A) (A) (A) (A) (A) (A) (A)
                 (A) (A) (A) (A) (A) (A) (A) (A) (A) (A) (A) (A)
                 (A) (A) (A) (A) (A) (A) (A) (A) (A) (A) (A) (A)
                 (A) (A) (A) (A) (A) (A) (A) (A) (A) (A) (A) (A)
                 (A) (A) (A) (A) (A) (A) (A) (A) (A) (A) (A) (A)
                 (A) (A) (A) (A) (A) (A) (A) (A) (A) (A) (A) (A)
                 (A) (A) (A) (A) (A) (A) (A) (A) (A) (A) (A) (A)
                 (A) (A) (A) (A) (A) (A) (A) (A) (A) (A) (A) (A)
                 (A) (A) (A) (A) (A) (A) (A) (A) (A) (A) (A) (A)
                 (A) (A) (A) (A) (A) (A) (A) (A) (A) (A) (A) (A)
                 (A) (A) (A) (A) (A) (A) (A) (A) (A) (A) (A) (A)
                 (A) (A) (A) (A) (A) (A) (A) (A) (A) (A) (A) (A)
                 (A) (A) (A) (A) (A) (A) (A) (A) (A) (A) (A) (A)
                 (A) (A) (A) (A) (A) (A) (A) (A) (A) (A) (A) (A)
                 (A) (A) (A) (A) (A) (A) (A) (A) (A) (A) (A) (A)
                 (A) (A) (A) (A) (A) (A) (A) (A) (A) (A) (A) (A)
                 (A) (A) (A) (A) (A) (A) (A) (A) (A) (A) (A) (A)
                 (A) (A) (A) (A) (A) (A) (A) (A) (A) (A) (A) (A)
                 (A) (A) (A) (A) (A) (A) (A) (A) (A) (A) (A) (A)
                 (A) (A) (A) (A) (A) (A) (A) (A) (A) (A) (A) (A)
                 (A) (A) (A) (A) (A) (A) (A) (A) (A) (A) (A) (A)
                 (A) (A) (A) (A) (A) (A) (A) (A) (A) (A) (A) (A)
                 (A) (A) (A) (A) (A) (A) (A) (A) (A) (A) (A) (A)
                 (A) (A) (A) (A) (A) (A) (A) (A) (A) (A) (A) (A)
                 (A) (A) (A) (A) (A) (A) (A) (A) (A) (A) (A) (A)
                 (A) (A) (A) (A) (A) (A) (A) (A) (A) (A) (A) (A)
                 (A) (A) (A) (A) (A) (A) (A) (A) (A) (A) (A) (A)
                 (A) (A) (A) (A) (A) (A) (A) (A) (A) (A) (A) (A)
                 (A) (A) (A) (A) (A) (A) (A) (A) (A) (A) (A) (A)
                 (A) (A) (A) (A) (A) (A) (A) (A) (A) (A) (A) (A)
                 (A) (A) (A) (A) (A) (A) (A) (A) (A) (A) (A) (A)
                 (A) (A) (A) (A) (A) (A) (A)
 Initial guess <Sx>= 0.0000 <Sy>= 0.0000 <Sz>= 0.5000 <S**2>= 0.7599 S= 0.5049
 Harris functional with IExCor=  402 diagonalized for initial guess.
 ExpMin= 3.60D-02 ExpMax= 5.48D+03 ExpMxC= 8.25D+02 IAcc=3 IRadAn=         0 AccDes= 0.00D+00
 HarFok:  IExCor=  402 AccDes= 0.00D+00 IRadAn=         0 IDoV= 1
 ScaDFX=  1.000000  1.000000  1.000000  1.000000
 FoFCou: FMM=F IPFlag=           0 FMFlag=      100000 FMFlg1=           1
         NFxFlg=           0 DoJE=T BraDBF=F KetDBF=T FulRan=T
         Omega=  0.000000  0.000000  1.000000  0.000000  0.000000 ICntrl=     500 IOpCl=  0
         NMat0=    1 NMatS0=    1 NMatT0=    0 NMatD0=    1 NMtDS0=    0 NMtDT0=    0
         I1Cent=           4 NGrid=           0.
 Petite list used in FoFCou.
 Requested convergence on RMS density matrix=1.00D-08 within 128 cycles.
 Requested convergence on MAX density matrix=1.00D-06.
 Requested convergence on             energy=1.00D-06.
 No special actions if energy rises.
 Restarting incremental Fock formation.
 Restarting incremental Fock formation.
 Error on total polarization charges =  0.03045
 SCF Done:  E(UB3LYP) =  -1895.50658431     A.U. after   53 cycles
             Convg  =    0.7661D-08             -V/T =  2.0094
 <Sx>= 0.0000 <Sy>= 0.0000 <Sz>= 0.5000 <S**2>= 0.7624 S= 0.5062
 <L.S>= 0.000000000000E+00
 Annihilation of the first spin contaminant:
 S**2 before annihilation     0.7624,   after     0.7501
 DiagDN has N=   991 LTot=  3005 but NE2=     3 cannot use DSYEVD.
 D1PCM: C-PCM CHGder 1st derivatives, ID1Alg=3 FixD1E=F DoIter=F DoCFld=F I1PDM=0.
 Calling FoFJK, ICntrl=      2127 FMM=T ISym2X=0 I1Cent= 0 IOpClX= 1 NMat=1 NMatS=1 NMatT=0.
 ***** Axes restored to original set *****
 -------------------------------------------------------------------
 Center     Atomic                   Forces (Hartrees/Bohr)
 Number     Number              X              Y              Z
 -------------------------------------------------------------------
      1        6           0.000259693    0.000379934   -0.000006142
      2        6           0.000076301   -0.000457509    0.000006445
      3        6          -0.000408033    0.000024763    0.000066065
      4        6           0.000650134   -0.000222033   -0.000151546
      5        6           0.000524880   -0.000101004    0.000023104
      6        6          -0.000384327    0.000339057    0.000044583
      7        1          -0.000061262   -0.000021233   -0.000026283
      8        1          -0.000024032    0.000012522   -0.000021805
      9        1           0.000006113   -0.000009214   -0.000019319
     10        6          -0.000540605   -0.000731095   -0.000298235
     11        6           0.000729977   -0.000324884   -0.000147798
     12        6          -0.001411354   -0.000305555   -0.000059759
     13        6           0.000533852    0.000794568    0.000328908
     14        6          -0.000365447    0.000411403    0.000021568
     15        6          -0.000298172    0.000272385    0.000027043
     16        1          -0.000033160   -0.000186195   -0.000055754
     17        1          -0.000021688   -0.000084448   -0.000066526
     18        1          -0.000136451   -0.000001642    0.000038728
     19        6           0.000004355    0.000046713   -0.000018903
     20        6           0.000035119    0.000097009   -0.000097684
     21        6           0.000155064   -0.000091629    0.000113670
     22        6          -0.000019612   -0.000224055    0.000163380
     23        1          -0.000027170    0.000003885    0.000002185
     24        6          -0.000224558    0.000195493   -0.000129125
     25        1           0.000004413   -0.000067548    0.000064082
     26        6          -0.000185502   -0.000075928   -0.000007270
     27        6           0.001681412   -0.000332421    0.000024197
     28        6          -0.001888469   -0.000541968    0.000775909
     29        6          -0.001611590    0.000952806   -0.000958746
     30        6           0.005284249   -0.000024084   -0.000111304
     31        1          -0.000085933    0.000118647   -0.000068192
     32        6           0.005210742   -0.001092341    0.000492361
     33        1          -0.000106490   -0.000118858    0.000050857
     34        6          -0.022208084    0.002178605   -0.000760788
     35        1          -0.000351250   -0.000171269    0.000068655
     36        1          -0.000315815    0.000290725   -0.000085280
     37        6          -0.000375314    0.000830958    0.000078812
     38        6           0.000248082   -0.000636318   -0.000039443
     39        1          -0.000063664   -0.000019291    0.000032776
     40        6          -0.000148599    0.000224253   -0.000082472
     41        6           0.000073673   -0.000124986    0.000042497
     42        6          -0.000003311    0.000121046    0.000242420
     43        6          -0.000150168    0.000180073   -0.000010947
     44        1          -0.000006680    0.000043464   -0.000011269
     45        6          -0.000039875    0.000069854    0.000165834
     46        1           0.000024988    0.000153684    0.000060330
     47        6           0.000271837   -0.000371051   -0.000202040
     48        7           0.042316859   -0.004091185    0.001478151
     49        8          -0.011421901    0.017368102   -0.010837394
     50        8          -0.015271877   -0.014765071    0.009907726
     51        8           0.000120776    0.000241117   -0.000004644
     52        6          -0.000144551   -0.000199370    0.000100283
     53        1          -0.000014435    0.000025828   -0.000032608
     54        1           0.000044725   -0.000020498   -0.000035297
     55        1           0.000031936    0.000031770    0.000015303
     56        1          -0.000018895   -0.000039411   -0.000014733
     57        1           0.000048253   -0.000049847   -0.000016543
     58        8          -0.000040126    0.000052676   -0.000122974
     59        8           0.000056972    0.000110314   -0.000094378
     60        8           0.000130844   -0.000122978    0.000077345
     61        6           0.000047303    0.000127042    0.000103443
     62        1          -0.000010022   -0.000021532   -0.000000412
     63        1          -0.000029598   -0.000075304    0.000002081
     64        1           0.000030919   -0.000003444   -0.000024989
     65        6           0.000033730   -0.000016611    0.000133022
     66        1          -0.000000025    0.000056970   -0.000019285
     67        1          -0.000058576   -0.000016201   -0.000039746
     68        1           0.000030371   -0.000012120   -0.000023180
     69        6          -0.000151464   -0.000031994   -0.000014300
     70        1           0.000004530    0.000002938   -0.000018326
     71        1          -0.000002232    0.000012202    0.000015865
     72        1          -0.000011788    0.000031320   -0.000032190
 -------------------------------------------------------------------
 Cartesian Forces:  Max     0.042316859 RMS     0.004016890

 GradGradGradGradGradGradGradGradGradGradGradGradGradGradGradGradGradGrad
 Berny optimization.
 Using GEDIIS/GDIIS optimizer.
 Internal  Forces:  Max     0.023314675 RMS     0.001932997
 Search for a local minimum.
 Step number   2 out of a maximum of  386
 All quantities printed in internal units (Hartrees-Bohrs-Radians)
 Mixed Optimization -- RFO/linear search
 Update second derivatives using D2CorX and points    1    2
 DE= -9.62D-03 DEPred=-7.34D-03 R= 1.31D+00
 SS=  1.41D+00  RLast= 1.61D-01 DXNew= 5.0454D-01 4.8280D-01
 Trust test= 1.31D+00 RLast= 1.61D-01 DXMaxT set to 4.83D-01
 Use linear search instead of GDIIS.
     Eigenvalues ---    0.00865   0.00866   0.00931   0.00997   0.01142
     Eigenvalues ---    0.01184   0.01209   0.01211   0.01282   0.01296
     Eigenvalues ---    0.01535   0.01630   0.01635   0.01650   0.01683
     Eigenvalues ---    0.01684   0.01708   0.01738   0.01740   0.01743
     Eigenvalues ---    0.01762   0.01856   0.01918   0.01950   0.01969
     Eigenvalues ---    0.01977   0.01978   0.01978   0.01983   0.02000
     Eigenvalues ---    0.02025   0.02030   0.02037   0.02042   0.02044
     Eigenvalues ---    0.02052   0.02053   0.02054   0.02058   0.02062
     Eigenvalues ---    0.02065   0.02066   0.02071   0.02079   0.02082
     Eigenvalues ---    0.02084   0.02091   0.02092   0.02107   0.02109
     Eigenvalues ---    0.02112   0.02129   0.02132   0.02133   0.02141
     Eigenvalues ---    0.02150   0.02159   0.02168   0.02171   0.02196
     Eigenvalues ---    0.02605   0.10039   0.10048   0.10049   0.10053
     Eigenvalues ---    0.10590   0.10600   0.10643   0.10655   0.15971
     Eigenvalues ---    0.15989   0.15992   0.15993   0.15994   0.15995
     Eigenvalues ---    0.15995   0.15996   0.15997   0.15998   0.15999
     Eigenvalues ---    0.15999   0.15999   0.15999   0.15999   0.16000
     Eigenvalues ---    0.16000   0.16000   0.16000   0.16000   0.16000
     Eigenvalues ---    0.16000   0.16000   0.16000   0.16000   0.16000
     Eigenvalues ---    0.16000   0.16000   0.16010   0.21930   0.21995
     Eigenvalues ---    0.22001   0.22437   0.22440   0.22489   0.22947
     Eigenvalues ---    0.23166   0.23462   0.23487   0.23516   0.23550
     Eigenvalues ---    0.23991   0.24530   0.24615   0.24773   0.24869
     Eigenvalues ---    0.24913   0.24915   0.24934   0.24966   0.24974
     Eigenvalues ---    0.24988   0.24998   0.24999   0.25000   0.25000
     Eigenvalues ---    0.25000   0.25000   0.25000   0.25000   0.25000
     Eigenvalues ---    0.25000   0.25000   0.25049   0.31174   0.32475
     Eigenvalues ---    0.32722   0.33727   0.33918   0.33947   0.33999
     Eigenvalues ---    0.34004   0.34006   0.34022   0.34239   0.34293
     Eigenvalues ---    0.34429   0.34500   0.34518   0.34646   0.34663
     Eigenvalues ---    0.34672   0.35044   0.35092   0.35123   0.35152
     Eigenvalues ---    0.35186   0.35198   0.35214   0.35258   0.35285
     Eigenvalues ---    0.35297   0.35302   0.35456   0.35510   0.35517
     Eigenvalues ---    0.35555   0.35574   0.35918   0.36171   0.37394
     Eigenvalues ---    0.39375   0.39681   0.40072   0.40735   0.40745
     Eigenvalues ---    0.40853   0.40963   0.41004   0.41329   0.41358
     Eigenvalues ---    0.41449   0.41547   0.41592   0.42726   0.43126
     Eigenvalues ---    0.44159   0.44229   0.44562   0.44589   0.44679
     Eigenvalues ---    0.44705   0.44761   0.45383   0.45433   0.45579
     Eigenvalues ---    0.45672   0.45818   0.45866   0.46285   0.46320
     Eigenvalues ---    0.46375   0.47095   0.47276   0.49412   0.50453
     Eigenvalues ---    0.52012   0.52581   0.52719   0.72834   0.90325
     Eigenvalues --- 1000.000001000.000001000.000001000.000001000.00000
     Eigenvalues --- 1000.000001000.000001000.000001000.000001000.00000
     Eigenvalues --- 1000.000001000.000001000.000001000.000001000.00000
     Eigenvalues --- 1000.000001000.000001000.000001000.000001000.00000
     Eigenvalues --- 1000.000001000.000001000.000001000.000001000.00000
     Eigenvalues --- 1000.000001000.000001000.000001000.000001000.00000
     Eigenvalues --- 1000.000001000.000001000.000001000.000001000.00000
     Eigenvalues --- 1000.000001000.000001000.000001000.000001000.00000
     Eigenvalues --- 1000.000001000.000001000.000001000.000001000.00000
     Eigenvalues --- 1000.000001000.000001000.000001000.000001000.00000
     Eigenvalues --- 1000.000001000.000001000.000001000.000001000.00000
     Eigenvalues --- 1000.000001000.000001000.000001000.000001000.00000
     Eigenvalues --- 1000.000001000.000001000.000001000.000001000.00000
     Eigenvalues --- 1000.000001000.000001000.000001000.000001000.00000
     Eigenvalues --- 1000.000001000.000001000.000001000.000001000.00000
     Eigenvalues --- 1000.000001000.000001000.000001000.000001000.00000
     Eigenvalues --- 1000.000001000.000001000.000001000.000001000.00000
     Eigenvalues --- 1000.000001000.000001000.000001000.000001000.00000
     Eigenvalues --- 1000.000001000.000001000.000001000.000001000.00000
     Eigenvalues --- 1000.000001000.000001000.000001000.000001000.00000
     Eigenvalues --- 1000.000001000.000001000.000001000.000001000.00000
     Eigenvalues --- 1000.000001000.000001000.000001000.000001000.00000
     Eigenvalues --- 1000.000001000.000001000.000001000.000001000.00000
     Eigenvalues --- 1000.000001000.000001000.000001000.000001000.00000
     Eigenvalues --- 1000.000001000.000001000.000001000.000001000.00000
     Eigenvalues --- 1000.000001000.000001000.000001000.000001000.00000
     Eigenvalues --- 1000.000001000.000001000.000001000.000001000.00000
     Eigenvalues --- 1000.000001000.000001000.000001000.000001000.00000
     Eigenvalues --- 1000.000001000.000001000.000001000.000001000.00000
     Eigenvalues --- 1000.000001000.000001000.000001000.000001000.00000
     Eigenvalues --- 1000.000001000.000001000.000001000.000001000.00000
     Eigenvalues --- 1000.000001000.000001000.000001000.000001000.00000
     Eigenvalues --- 1000.000001000.000001000.000001000.000001000.00000
     Eigenvalues --- 1000.00000
 RFO step:  Lambda=-1.08570354D-03 EMin= 8.65156912D-03
 Quartic linear search produced a step of  0.60899.
 Iteration  1 RMS(Cart)=  0.05635731 RMS(Int)=  0.00151852
 Iteration  2 RMS(Cart)=  0.00278647 RMS(Int)=  0.00001440
 Iteration  3 RMS(Cart)=  0.00000894 RMS(Int)=  0.00001378
 Iteration  4 RMS(Cart)=  0.00000000 RMS(Int)=  0.00001378
 Variable       Old X    -DE/DX   Delta X   Delta X   Delta X     New X
                                 (Linear)    (Quad)   (Total)
    R1        2.66929  -0.00041  -0.00076  -0.00079  -0.00155   2.66774
    R2        2.63777   0.00005  -0.00018   0.00035   0.00017   2.63794
    R3        2.05172  -0.00003  -0.00125   0.00094  -0.00031   2.05142
    R4        2.66158   0.00004   0.00025  -0.00003   0.00023   2.66180
    R5        2.81080  -0.00022  -0.00009  -0.00097  -0.00106   2.80973
    R6        2.63546  -0.00044  -0.00116  -0.00053  -0.00169   2.63377
    R7        2.05223   0.00001  -0.00128   0.00113  -0.00015   2.05208
    R8        2.67614  -0.00033   0.00130  -0.00244  -0.00114   2.67500
    R9        2.80786   0.00022   0.00056   0.00065   0.00121   2.80907
   R10        2.64218  -0.00044   0.00023  -0.00175  -0.00153   2.64065
   R11        2.76061   0.00011  -0.00188   0.00199   0.00011   2.76072
   R12        2.05305   0.00001  -0.00136   0.00121  -0.00016   2.05290
   R13        2.63826  -0.00042  -0.00045  -0.00100  -0.00145   2.63680
   R14        2.68938  -0.00045   0.00057  -0.00220  -0.00164   2.68774
   R15        2.81043   0.00049   0.00112   0.00143   0.00255   2.81298
   R16        2.66960  -0.00003   0.00343  -0.00308   0.00036   2.66996
   R17        2.04459  -0.00015  -0.00186   0.00091  -0.00095   2.04363
   R18        2.67491  -0.00077   0.00447  -0.00674  -0.00226   2.67265
   R19        2.79815  -0.00125  -0.00221  -0.00394  -0.00615   2.79200
   R20        2.63625  -0.00064   0.00029  -0.00252  -0.00223   2.63402
   R21        2.05091   0.00008  -0.00150   0.00167   0.00017   2.05109
   R22        2.64063  -0.00034  -0.00013  -0.00110  -0.00124   2.63940
   R23        2.05361  -0.00005  -0.00071   0.00036  -0.00035   2.05326
   R24        2.64767  -0.00002  -0.00008   0.00001  -0.00007   2.64760
   R25        2.66036  -0.00001  -0.00021   0.00016  -0.00006   2.66031
   R26        2.64192  -0.00016  -0.00064   0.00001  -0.00063   2.64128
   R27        2.04962   0.00002  -0.00159   0.00145  -0.00014   2.04948
   R28        2.64144  -0.00022  -0.00075  -0.00013  -0.00088   2.64056
   R29        2.04511   0.00009  -0.00172   0.00187   0.00016   2.04527
   R30        2.65365  -0.00012  -0.00105   0.00047  -0.00057   2.65307
   R31        2.60629   0.00009   0.00099  -0.00058   0.00042   2.60671
   R32        2.67350   0.00001  -0.00115   0.00102  -0.00013   2.67337
   R33        2.58119   0.00004   0.00137  -0.00107   0.00030   2.58150
   R34        2.59676   0.00010   0.00158  -0.00107   0.00051   2.59728
   R35        2.67643  -0.00077   0.00569  -0.00819  -0.00254   2.67389
   R36        2.67640  -0.00083   0.00569  -0.00838  -0.00273   2.67368
   R37        2.62759  -0.00166  -0.00017  -0.00551  -0.00568   2.62191
   R38        2.05266   0.00006   0.00047  -0.00013   0.00035   2.05300
   R39        2.62770  -0.00160  -0.00015  -0.00530  -0.00546   2.62224
   R40        2.05265   0.00008   0.00043  -0.00002   0.00040   2.05305
   R41        2.66636   0.00203   0.01469  -0.00533   0.00939   2.67575
   R42        2.04568  -0.00002  -0.00174   0.00142  -0.00033   2.04535
   R43        2.66630   0.00211   0.01466  -0.00505   0.00965   2.67595
   R44        2.04587  -0.00004  -0.00163   0.00121  -0.00043   2.04545
   R45        2.69596  -0.01570  -0.04124  -0.03310  -0.07434   2.62163
   R46        2.57117  -0.00037  -0.00059  -0.00062  -0.00121   2.56996
   R47        2.05997  -0.00007  -0.00140   0.00088  -0.00052   2.05945
   R48        2.77159   0.00015   0.00026   0.00043   0.00069   2.77228
   R49        2.67169  -0.00007  -0.00054   0.00023  -0.00031   2.67137
   R50        2.65553   0.00012  -0.00086   0.00120   0.00034   2.65587
   R51        2.62338  -0.00008  -0.00013  -0.00016  -0.00029   2.62309
   R52        2.05379   0.00001  -0.00139   0.00125  -0.00014   2.05365
   R53        2.63900  -0.00012  -0.00081   0.00029  -0.00052   2.63848
   R54        2.04988  -0.00009  -0.00168   0.00102  -0.00065   2.04923
   R55        2.65662  -0.00013  -0.00096   0.00034  -0.00062   2.65600
   R56        2.05129  -0.00003  -0.00139   0.00105  -0.00034   2.05095
   R57        2.65031  -0.00004  -0.00111   0.00082  -0.00029   2.65002
   R58        2.04698   0.00001  -0.00150   0.00133  -0.00017   2.04681
   R59        2.57663   0.00004   0.00185  -0.00152   0.00034   2.57697
   R60        2.40472   0.02331   0.04682  -0.00033   0.04649   2.45121
   R61        2.40461   0.02331   0.04676  -0.00030   0.04647   2.45108
   R62        2.70380   0.00010  -0.00019   0.00057   0.00038   2.70418
   R63        2.07043  -0.00004  -0.00172   0.00129  -0.00043   2.07000
   R64        2.05960  -0.00004  -0.00159   0.00119  -0.00040   2.05920
   R65        2.07020  -0.00005  -0.00182   0.00135  -0.00047   2.06972
   R66        2.71418   0.00006  -0.00023   0.00045   0.00022   2.71440
   R67        2.72322   0.00005  -0.00055   0.00067   0.00012   2.72334
   R68        2.70163  -0.00001  -0.00029   0.00023  -0.00006   2.70157
   R69        2.06641  -0.00001  -0.00180   0.00151  -0.00029   2.06612
   R70        2.06233  -0.00005  -0.00162   0.00114  -0.00048   2.06185
   R71        2.07185  -0.00004  -0.00176   0.00132  -0.00044   2.07141
   R72        2.06336  -0.00006  -0.00171   0.00121  -0.00051   2.06285
   R73        2.06212  -0.00005  -0.00157   0.00114  -0.00043   2.06169
   R74        2.07145  -0.00003  -0.00170   0.00130  -0.00040   2.07105
   R75        2.07046  -0.00001  -0.00176   0.00144  -0.00032   2.07014
   R76        2.07025  -0.00002  -0.00180   0.00146  -0.00034   2.06990
   R77        2.05998  -0.00003  -0.00158   0.00121  -0.00037   2.05962
    A1        2.12125  -0.00009   0.00049  -0.00091  -0.00042   2.12084
    A2        2.08280   0.00010  -0.00039   0.00113   0.00075   2.08355
    A3        2.07889  -0.00001  -0.00010  -0.00025  -0.00035   2.07854
    A4        2.07210   0.00001  -0.00137   0.00134  -0.00003   2.07206
    A5        2.10743   0.00008   0.00043   0.00010   0.00053   2.10796
    A6        2.10366  -0.00009   0.00094  -0.00144  -0.00050   2.10316
    A7        2.09803  -0.00004   0.00109  -0.00120  -0.00011   2.09792
    A8        2.08015   0.00005  -0.00044   0.00078   0.00034   2.08048
    A9        2.10474   0.00000  -0.00064   0.00042  -0.00022   2.10452
   A10        2.09850   0.00007   0.00074  -0.00032   0.00041   2.09891
   A11        2.27801  -0.00013   0.00028  -0.00105  -0.00077   2.27724
   A12        1.90613   0.00005  -0.00104   0.00124   0.00019   1.90633
   A13        2.09635   0.00003  -0.00232   0.00207  -0.00025   2.09610
   A14        1.88879  -0.00004   0.00088  -0.00115  -0.00027   1.88852
   A15        2.29804   0.00001   0.00144  -0.00094   0.00051   2.29855
   A16        2.08007   0.00003   0.00138  -0.00099   0.00039   2.08046
   A17        2.09189  -0.00002  -0.00047   0.00023  -0.00024   2.09164
   A18        2.11119   0.00000  -0.00090   0.00075  -0.00015   2.11104
   A19        2.08510  -0.00011   0.00159  -0.00187  -0.00030   2.08480
   A20        2.30216   0.00024  -0.00071   0.00218   0.00147   2.30363
   A21        1.89371  -0.00014  -0.00060  -0.00032  -0.00092   1.89279
   A22        2.10900   0.00023   0.00453  -0.00201   0.00251   2.11151
   A23        2.10123   0.00000  -0.00057   0.00084   0.00026   2.10149
   A24        2.07279  -0.00023  -0.00394   0.00127  -0.00268   2.07011
   A25        2.06657  -0.00032  -0.00828   0.00478  -0.00349   2.06308
   A26        2.10401   0.00026   0.00272  -0.00058   0.00213   2.10614
   A27        2.11259   0.00006   0.00556  -0.00420   0.00135   2.11394
   A28        2.12004   0.00019   0.00399  -0.00217   0.00181   2.12185
   A29        2.08393  -0.00007  -0.00317   0.00237  -0.00080   2.08312
   A30        2.07862  -0.00013  -0.00071  -0.00022  -0.00093   2.07769
   A31        2.08449   0.00016   0.00172  -0.00052   0.00118   2.08567
   A32        2.09230  -0.00021  -0.00028  -0.00153  -0.00181   2.09049
   A33        2.10612   0.00005  -0.00150   0.00199   0.00050   2.10662
   A34        1.89890   0.00024   0.00041   0.00095   0.00136   1.90026
   A35        2.28322  -0.00008   0.00292  -0.00286   0.00007   2.28329
   A36        2.10049  -0.00015  -0.00335   0.00185  -0.00152   2.09897
   A37        2.10991  -0.00008   0.00093  -0.00135  -0.00042   2.10949
   A38        2.10431  -0.00004   0.00015  -0.00039  -0.00025   2.10406
   A39        2.06895   0.00012  -0.00107   0.00175   0.00067   2.06963
   A40        2.10858  -0.00010   0.00026  -0.00086  -0.00060   2.10798
   A41        2.11476   0.00003  -0.00048   0.00053   0.00004   2.11481
   A42        2.05940   0.00007   0.00025   0.00032   0.00056   2.05996
   A43        2.11109  -0.00011   0.00053  -0.00121  -0.00068   2.11040
   A44        2.08127   0.00009  -0.00072   0.00129   0.00056   2.08183
   A45        2.09079   0.00003   0.00020  -0.00007   0.00013   2.09091
   A46        2.10971   0.00004   0.00043  -0.00009   0.00034   2.11005
   A47        2.06073  -0.00002   0.00034  -0.00045  -0.00011   2.06062
   A48        2.10993  -0.00002  -0.00085   0.00056  -0.00028   2.10965
   A49        2.10000   0.00006   0.00024   0.00018   0.00042   2.10041
   A50        2.16522  -0.00035   0.00031  -0.00253  -0.00222   2.16300
   A51        2.01791   0.00030  -0.00053   0.00234   0.00180   2.01971
   A52        2.06757  -0.00001  -0.00040   0.00026  -0.00014   2.06743
   A53        2.08148  -0.00016   0.00085  -0.00173  -0.00088   2.08059
   A54        2.13032   0.00017  -0.00046   0.00151   0.00105   2.13137
   A55        2.11774   0.00035   0.00383   0.00004   0.00390   2.12165
   A56        2.11834   0.00039   0.00468  -0.00047   0.00425   2.12259
   A57        2.04710  -0.00074  -0.00852   0.00043  -0.00816   2.03894
   A58        2.12675   0.00071   0.00545  -0.00080   0.00462   2.13136
   A59        2.08525  -0.00020  -0.00408   0.00301  -0.00106   2.08419
   A60        2.07087  -0.00051  -0.00139  -0.00217  -0.00354   2.06733
   A61        2.12651   0.00071   0.00520  -0.00057   0.00459   2.13110
   A62        2.08542  -0.00020  -0.00382   0.00275  -0.00105   2.08438
   A63        2.07089  -0.00051  -0.00143  -0.00218  -0.00360   2.06729
   A64        2.08644   0.00125   0.00716   0.00330   0.01050   2.09694
   A65        2.11080  -0.00022  -0.00073   0.00009  -0.00066   2.11015
   A66        2.08588  -0.00103  -0.00643  -0.00341  -0.00986   2.07602
   A67        2.08665   0.00122   0.00740   0.00298   0.01041   2.09705
   A68        2.11100  -0.00018  -0.00068   0.00044  -0.00026   2.11074
   A69        2.08547  -0.00105  -0.00672  -0.00345  -0.01019   2.07528
   A70        2.09292  -0.00316  -0.01670  -0.00534  -0.02196   2.07096
   A71        2.09565   0.00148   0.00865   0.00182   0.01043   2.10608
   A72        2.09462   0.00167   0.00804   0.00352   0.01153   2.10615
   A73        1.83660  -0.00012   0.00037  -0.00093  -0.00056   1.83604
   A74        2.13902  -0.00085  -0.00045  -0.00524  -0.00570   2.13332
   A75        2.30676   0.00097   0.00011   0.00599   0.00609   2.31285
   A76        2.01366  -0.00041   0.00126  -0.00400  -0.00274   2.01092
   A77        2.29161   0.00086  -0.00134   0.00733   0.00600   2.29761
   A78        1.97790  -0.00044   0.00008  -0.00333  -0.00325   1.97465
   A79        2.07969  -0.00034   0.00133  -0.00341  -0.00208   2.07760
   A80        2.15434   0.00028  -0.00014   0.00176   0.00161   2.15596
   A81        2.04635   0.00006  -0.00104   0.00117   0.00012   2.04648
   A82        2.12208   0.00001   0.00059  -0.00045   0.00014   2.12222
   A83        2.08158   0.00004  -0.00044   0.00077   0.00032   2.08191
   A84        2.07944  -0.00005  -0.00016  -0.00035  -0.00051   2.07892
   A85        2.12697  -0.00006   0.00064  -0.00088  -0.00026   2.12671
   A86        2.08672   0.00009  -0.00062   0.00130   0.00067   2.08739
   A87        2.06911  -0.00003   0.00011  -0.00047  -0.00036   2.06875
   A88        2.09597  -0.00012  -0.00016  -0.00082  -0.00098   2.09499
   A89        2.11150   0.00000   0.00012  -0.00027  -0.00015   2.11135
   A90        2.07569   0.00013   0.00006   0.00109   0.00115   2.07683
   A91        2.08951  -0.00010   0.00019  -0.00089  -0.00070   2.08881
   A92        2.07917   0.00003  -0.00022   0.00033   0.00011   2.07928
   A93        2.11447   0.00007   0.00005   0.00056   0.00061   2.11508
   A94        2.08443   0.00022  -0.00023   0.00155   0.00132   2.08575
   A95        2.02525  -0.00005   0.00071  -0.00089  -0.00019   2.02506
   A96        2.17344  -0.00017  -0.00046  -0.00069  -0.00114   2.17230
   A97        2.07532   0.00189   0.00581   0.00729   0.01300   2.08831
   A98        2.07409   0.00207   0.00513   0.00896   0.01399   2.08808
   A99        2.13377  -0.00396  -0.01095  -0.01612  -0.02717   2.10659
   A100       2.07091  -0.00022   0.00060  -0.00193  -0.00133   2.06958
   A101       1.93902   0.00001  -0.00034   0.00044   0.00010   1.93912
   A102       1.84518  -0.00008   0.00043  -0.00121  -0.00078   1.84440
   A103       1.93894   0.00001  -0.00039   0.00048   0.00008   1.93902
   A104       1.91176   0.00002   0.00014  -0.00002   0.00012   1.91187
   A105       1.91542   0.00002   0.00001   0.00025   0.00026   1.91568
   A106       1.91223   0.00002   0.00019   0.00000   0.00019   1.91241
   A107       2.02548  -0.00002   0.00123  -0.00115   0.00009   2.02556
   A108       2.04058   0.00010   0.00059   0.00013   0.00071   2.04129
   A109       2.07297  -0.00039   0.00143  -0.00372  -0.00229   2.07068
   A110       1.94257  -0.00001  -0.00068   0.00042  -0.00026   1.94231
   A111       1.85289  -0.00009   0.00032  -0.00122  -0.00089   1.85200
   A112       1.92828   0.00003  -0.00034   0.00057   0.00023   1.92852
   A113       1.90994   0.00004   0.00045   0.00006   0.00051   1.91045
   A114       1.91741   0.00001   0.00006   0.00016   0.00021   1.91762
   A115       1.91158   0.00002   0.00021  -0.00004   0.00017   1.91175
   A116       1.93932   0.00006  -0.00098   0.00146   0.00048   1.93980
   A117       1.84680  -0.00010   0.00057  -0.00155  -0.00098   1.84582
   A118       1.92813   0.00001  -0.00004   0.00012   0.00008   1.92822
   A119       1.92081   0.00002   0.00031  -0.00002   0.00030   1.92111
   A120       1.91595   0.00000  -0.00007   0.00023   0.00016   1.91611
   A121       1.91174   0.00000   0.00024  -0.00032  -0.00008   1.91166
   A122       1.94094  -0.00001  -0.00019   0.00005  -0.00013   1.94081
   A123       1.93951   0.00002  -0.00035   0.00048   0.00013   1.93963
   A124       1.84326  -0.00005   0.00035  -0.00077  -0.00042   1.84284
   A125       1.91533   0.00000   0.00000   0.00000  -0.00001   1.91532
   A126       1.91143   0.00002   0.00008   0.00016   0.00024   1.91166
   A127       1.91199   0.00002   0.00013   0.00007   0.00020   1.91219
    D1        0.00286   0.00000  -0.00050  -0.00020  -0.00070   0.00216
    D2       -3.13980   0.00000  -0.00066   0.00015  -0.00051  -3.14031
    D3        3.12076  -0.00002  -0.00037  -0.00144  -0.00181   3.11895
    D4       -0.02189  -0.00001  -0.00053  -0.00109  -0.00162  -0.02351
    D5        0.00368   0.00000  -0.00004  -0.00004  -0.00009   0.00359
    D6        3.13601  -0.00001   0.00050  -0.00120  -0.00070   3.13532
    D7       -3.11428   0.00001  -0.00017   0.00118   0.00101  -3.11327
    D8        0.01805   0.00000   0.00038   0.00002   0.00040   0.01845
    D9       -0.01099   0.00000   0.00020  -0.00008   0.00012  -0.01087
   D10        3.10623   0.00000   0.00038  -0.00018   0.00021   3.10644
   D11        3.13167  -0.00001   0.00036  -0.00043  -0.00007   3.13160
   D12       -0.03430   0.00000   0.00054  -0.00052   0.00002  -0.03429
   D13        2.49071  -0.00003  -0.00012  -0.00447  -0.00459   2.48612
   D14       -0.64679  -0.00003  -0.00038  -0.00474  -0.00512  -0.65190
   D15       -0.65196  -0.00002  -0.00028  -0.00412  -0.00440  -0.65636
   D16        2.49373  -0.00003  -0.00054  -0.00438  -0.00492   2.48880
   D17        0.01258   0.00001   0.00063   0.00059   0.00123   0.01381
   D18        3.11479  -0.00005  -0.00021  -0.00426  -0.00447   3.11032
   D19       -3.10428   0.00001   0.00045   0.00068   0.00113  -3.10315
   D20       -0.00208  -0.00005  -0.00040  -0.00417  -0.00456  -0.00664
   D21       -0.00592  -0.00001  -0.00117  -0.00085  -0.00203  -0.00795
   D22        3.14029   0.00001  -0.00200   0.00118  -0.00083   3.13946
   D23       -3.11581   0.00004  -0.00051   0.00310   0.00258  -3.11323
   D24        0.03041   0.00006  -0.00134   0.00513   0.00378   0.03418
   D25       -3.14002  -0.00001   0.00146  -0.00111   0.00035  -3.13967
   D26        0.04000   0.00001   0.00079   0.00313   0.00390   0.04390
   D27       -0.03446  -0.00006   0.00072  -0.00557  -0.00485  -0.03931
   D28       -3.13762  -0.00004   0.00005  -0.00133  -0.00130  -3.13893
   D29       -0.00218   0.00001   0.00088   0.00056   0.00144  -0.00074
   D30       -3.13441   0.00002   0.00032   0.00173   0.00206  -3.13235
   D31        3.13353  -0.00002   0.00193  -0.00202  -0.00009   3.13345
   D32        0.00130   0.00000   0.00137  -0.00084   0.00053   0.00184
   D33       -0.01395  -0.00003   0.00147  -0.00261  -0.00113  -0.01508
   D34        3.09063  -0.00005   0.00060  -0.00467  -0.00408   3.08655
   D35        3.13299   0.00000   0.00053  -0.00027   0.00026   3.13325
   D36       -0.04561  -0.00003  -0.00035  -0.00233  -0.00269  -0.04830
   D37        0.03040  -0.00005  -0.00482  -0.00442  -0.00925   0.02115
   D38       -3.13075   0.00002  -0.00421   0.00152  -0.00268  -3.13344
   D39        3.09151  -0.00007   0.00009  -0.00455  -0.00447   3.08704
   D40       -0.06964   0.00001   0.00071   0.00139   0.00210  -0.06754
   D41        3.07045  -0.00001   0.00279  -0.00090   0.00188   3.07234
   D42       -0.03868   0.00001   0.00342   0.00102   0.00443  -0.03425
   D43       -0.00800  -0.00001  -0.00103  -0.00093  -0.00196  -0.00996
   D44       -3.11714   0.00001  -0.00040   0.00099   0.00059  -3.11655
   D45       -3.04215   0.00006  -0.00438   0.00407  -0.00030  -3.04245
   D46        0.05574  -0.00002  -0.00363  -0.00114  -0.00477   0.05097
   D47        0.02557   0.00004   0.00022   0.00388   0.00410   0.02967
   D48        3.12346  -0.00004   0.00097  -0.00133  -0.00038   3.12308
   D49       -0.00180   0.00005   0.00154   0.00376   0.00529   0.00349
   D50        3.13547   0.00005  -0.00027   0.00338   0.00311   3.13858
   D51       -3.12415  -0.00003   0.00090  -0.00208  -0.00119  -3.12534
   D52        0.01312  -0.00003  -0.00092  -0.00246  -0.00337   0.00975
   D53       -0.01960   0.00001   0.00339   0.00026   0.00365  -0.01595
   D54       -3.12360   0.00001   0.00033   0.00087   0.00119  -3.12241
   D55        3.12633   0.00001   0.00521   0.00063   0.00584   3.13218
   D56        0.02233   0.00001   0.00215   0.00124   0.00338   0.02571
   D57        0.58164  -0.00043  -0.01687  -0.07439  -0.09125   0.49039
   D58       -2.55938  -0.00039  -0.01641  -0.07147  -0.08786  -2.64724
   D59       -2.56438  -0.00043  -0.01874  -0.07475  -0.09351  -2.65789
   D60        0.57778  -0.00040  -0.01828  -0.07184  -0.09012   0.48766
   D61        0.01149  -0.00005  -0.00482  -0.00357  -0.00841   0.00309
   D62       -3.10512  -0.00002  -0.00191  -0.00107  -0.00300  -3.10812
   D63        3.11561  -0.00006  -0.00183  -0.00412  -0.00595   3.10966
   D64       -0.00100  -0.00002   0.00108  -0.00162  -0.00055  -0.00155
   D65       -3.08315   0.00007   0.00231   0.00522   0.00751  -3.07563
   D66        0.01784   0.00005   0.00143   0.00292   0.00434   0.02218
   D67        0.03326   0.00003  -0.00060   0.00264   0.00202   0.03529
   D68        3.13425   0.00001  -0.00148   0.00034  -0.00115   3.13310
   D69        3.13448   0.00001  -0.00091   0.00089  -0.00002   3.13446
   D70       -0.03987   0.00001  -0.00024   0.00050   0.00026  -0.03961
   D71       -0.01112   0.00001  -0.00065   0.00114   0.00049  -0.01063
   D72        3.09771   0.00001   0.00002   0.00076   0.00078   3.09848
   D73        3.13368  -0.00001  -0.00040  -0.00065  -0.00105   3.13263
   D74       -0.01761   0.00000  -0.00005  -0.00031  -0.00035  -0.01796
   D75       -0.00391  -0.00001  -0.00066  -0.00090  -0.00156  -0.00547
   D76        3.12798  -0.00001  -0.00031  -0.00055  -0.00086   3.12712
   D77        0.00306   0.00000   0.00144  -0.00044   0.00100   0.00406
   D78        3.06478   0.00000   0.00029  -0.00006   0.00023   3.06501
   D79       -3.10679   0.00000   0.00081  -0.00007   0.00073  -3.10605
   D80       -0.04506   0.00000  -0.00035   0.00031  -0.00003  -0.04510
   D81        0.02700   0.00000   0.00120  -0.00005   0.00115   0.02815
   D82       -3.10191   0.00002  -0.00008   0.00134   0.00126  -3.10065
   D83       -3.10485   0.00000   0.00085  -0.00041   0.00045  -3.10440
   D84        0.04943   0.00001  -0.00043   0.00099   0.00056   0.04999
   D85        0.01965  -0.00001  -0.00089  -0.00052  -0.00142   0.01823
   D86        3.06939   0.00001  -0.00098   0.00001  -0.00097   3.06842
   D87       -3.03982  -0.00001   0.00024  -0.00087  -0.00064  -3.04045
   D88        0.00992   0.00000   0.00015  -0.00034  -0.00019   0.00973
   D89        1.90895   0.00004   0.00081   0.00353   0.00435   1.91330
   D90       -1.31252   0.00005  -0.00028   0.00389   0.00361  -1.30891
   D91       -0.03444   0.00001  -0.00041   0.00075   0.00034  -0.03410
   D92       -3.08148   0.00001  -0.00039   0.00038  -0.00001  -3.08149
   D93        3.09550  -0.00001   0.00078  -0.00057   0.00021   3.09571
   D94        0.04846  -0.00001   0.00079  -0.00093  -0.00014   0.04832
   D95        0.00669  -0.00002   0.00002  -0.00172  -0.00171   0.00498
   D96       -3.12277  -0.00001  -0.00121  -0.00038  -0.00159  -3.12436
   D97        2.08878  -0.00005   0.00096  -0.00354  -0.00258   2.08619
   D98       -1.14811  -0.00004   0.00088  -0.00307  -0.00219  -1.15030
   D99       -3.14113   0.00005  -0.00044   0.00424   0.00380  -3.13732
   D100       0.02835   0.00003   0.00064   0.00237   0.00301   0.03135
   D101      -0.00008   0.00002  -0.00088   0.00143   0.00057   0.00048
   D102      -3.11379   0.00000   0.00019  -0.00043  -0.00023  -3.11402
   D103       3.13832  -0.00003  -0.00216  -0.00289  -0.00505   3.13327
   D104       0.02616  -0.00003  -0.00026  -0.00272  -0.00297   0.02319
   D105      -0.00272   0.00000  -0.00172  -0.00009  -0.00181  -0.00453
   D106      -3.11489   0.00000   0.00018   0.00009   0.00027  -3.11462
   D107       0.00216  -0.00002   0.00228  -0.00150   0.00079   0.00294
   D108      -3.12729   0.00001   0.00226   0.00025   0.00252  -3.12477
   D109       3.11609   0.00001   0.00118   0.00043   0.00161   3.11770
   D110      -0.01335   0.00004   0.00116   0.00218   0.00334  -0.01001
   D111       0.00338  -0.00001   0.00283  -0.00113   0.00171   0.00508
   D112      -3.12553   0.00004   0.00334   0.00217   0.00552  -3.12001
   D113       3.11578  -0.00001   0.00091  -0.00123  -0.00031   3.11546
   D114      -0.01313   0.00004   0.00142   0.00207   0.00350  -0.00963
   D115      -0.00151   0.00000  -0.00115   0.00022  -0.00093  -0.00244
   D116       3.13922   0.00001  -0.00161   0.00078  -0.00081   3.13840
   D117       3.12811  -0.00002  -0.00109  -0.00148  -0.00257   3.12554
   D118      -0.01435  -0.00001  -0.00155  -0.00091  -0.00245  -0.01680
   D119      -0.00120   0.00001  -0.00137   0.00107  -0.00028  -0.00148
   D120       3.14126   0.00001  -0.00091   0.00051  -0.00040   3.14086
   D121       3.12789  -0.00003  -0.00182  -0.00215  -0.00395   3.12394
   D122      -0.01284  -0.00004  -0.00136  -0.00272  -0.00406  -0.01690
   D123      -0.00647  -0.00002  -0.00318  -0.00564  -0.00882  -0.01529
   D124       3.14006  -0.00021  -0.00051  -0.03476  -0.03526   3.10480
   D125       3.13426  -0.00001  -0.00364  -0.00508  -0.00873   3.12554
   D126      -0.00240  -0.00020  -0.00097  -0.03419  -0.03516  -0.03756
   D127       0.12896   0.00018  -0.00116   0.01070   0.00954   0.13850
   D128      -3.00767   0.00017  -0.00187   0.00947   0.00761  -3.00007
   D129      -2.96260   0.00025  -0.00203   0.01650   0.01447  -2.94813
   D130       0.18395   0.00024  -0.00274   0.01528   0.01254   0.19649
   D131      -2.54520   0.00021  -0.00030   0.02646   0.02616  -2.51904
   D132       0.67903   0.00030  -0.00240   0.03354   0.03114   0.71017
   D133       0.60127   0.00020  -0.00100   0.02526   0.02426   0.62553
   D134      -2.45768   0.00028  -0.00310   0.03234   0.02924  -2.42844
   D135      -3.11327  -0.00002  -0.00195  -0.00038  -0.00234  -3.11561
   D136       0.04239   0.00002  -0.00142   0.00260   0.00118   0.04357
   D137      -0.04924  -0.00009   0.00005  -0.00698  -0.00693  -0.05617
   D138       3.10642  -0.00004   0.00058  -0.00400  -0.00341   3.10301
   D139       3.09701  -0.00002   0.00358  -0.00089   0.00268   3.09969
   D140      -0.01438   0.00001  -0.00085   0.00129   0.00043  -0.01395
   D141       0.03659   0.00008   0.00141   0.00627   0.00768   0.04427
   D142      -3.07481   0.00011  -0.00302   0.00845   0.00543  -3.06938
   D143       0.02608   0.00003  -0.00141   0.00247   0.00106   0.02715
   D144      -3.12230   0.00004   0.00077   0.00310   0.00387  -3.11843
   D145      -3.12956  -0.00001  -0.00194  -0.00050  -0.00244  -3.13201
   D146       0.00524   0.00000   0.00024   0.00013   0.00037   0.00561
   D147      -0.00089  -0.00002  -0.00149  -0.00108  -0.00257  -0.00346
   D148      -3.13313  -0.00003  -0.00337  -0.00238  -0.00574  -3.13887
   D149       3.11080  -0.00004   0.00288  -0.00320  -0.00033   3.11047
   D150      -0.02144  -0.00006   0.00100  -0.00451  -0.00350  -0.02494
   D151       0.01137   0.00004   0.00136   0.00296   0.00432   0.01569
   D152      -3.14158   0.00001   0.00277   0.00075   0.00352  -3.13806
   D153      -3.12357   0.00003  -0.00077   0.00235   0.00157  -3.12200
   D154       0.00667   0.00000   0.00063   0.00013   0.00077   0.00743
   D155      -0.02375  -0.00005   0.00006  -0.00365  -0.00358  -0.02733
   D156       3.13023  -0.00002  -0.00148  -0.00124  -0.00272   3.12751
   D157       3.10829  -0.00003   0.00198  -0.00232  -0.00035   3.10795
   D158      -0.02092   0.00000   0.00043   0.00009   0.00052  -0.02039
   D159      -3.13938  -0.00007  -0.00282  -0.00468  -0.00750   3.13630
   D160      -0.00980  -0.00010  -0.00133  -0.00700  -0.00833  -0.01813
   D161       1.07857   0.00005   0.00044   0.00414   0.00458   1.08315
   D162      -3.13209   0.00003   0.00067   0.00364   0.00431  -3.12778
   D163      -1.05904   0.00001   0.00094   0.00317   0.00411  -1.05492
   D164       1.14142   0.00001  -0.00037  -0.00002  -0.00039   1.14103
   D165      -3.06487   0.00000   0.00000  -0.00045  -0.00045  -3.06532
   D166      -0.99374  -0.00002   0.00026  -0.00090  -0.00064  -0.99438
   D167       1.17007   0.00001  -0.00063  -0.00069  -0.00131   1.16876
   D168      -3.02860   0.00001  -0.00044  -0.00084  -0.00129  -3.02988
   D169      -0.96089  -0.00004   0.00015  -0.00206  -0.00190  -0.96280
   D170      -1.08485  -0.00001  -0.00014  -0.00108  -0.00122  -1.08607
   D171       1.05439   0.00000  -0.00052  -0.00071  -0.00124   1.05315
   D172       3.12632   0.00000  -0.00034  -0.00084  -0.00118   3.12514
         Item               Value     Threshold  Converged?
 Maximum Force            0.023315     0.000450     NO 
 RMS     Force            0.001933     0.000300     NO 
 Maximum Displacement     0.338646     0.001800     NO 
 RMS     Displacement     0.057907     0.001200     NO 
 Predicted change in Energy=-1.764680D-03
 GradGradGradGradGradGradGradGradGradGradGradGradGradGradGradGradGradGrad

 Stoichiometry    C36H29NO6(1-,2)
 Framework group  C1[X(C36H29NO6)]
 Deg. of freedom   210
 Full point group                 C1      NOp   1
 Largest Abelian subgroup         C1      NOp   1
 Largest concise Abelian subgroup C1      NOp   1
                         Standard orientation:                         
 ---------------------------------------------------------------------
 Center     Atomic      Atomic             Coordinates (Angstroms)
 Number     Number       Type             X           Y           Z
 ---------------------------------------------------------------------
      1          6           0        3.115942   -2.570536   -0.138104
      2          6           0        3.446541   -1.198459   -0.170222
      3          6           0        2.404709   -0.250630   -0.153988
      4          6           0        1.075946   -0.669826   -0.120132
      5          6           0        0.764123   -2.050154   -0.084942
      6          6           0        1.788593   -3.000435   -0.093594
      7          1           0        3.909552   -3.310472   -0.171609
      8          1           0        2.650735    0.807009   -0.145141
      9          1           0        1.564937   -4.063356   -0.075545
     10          6           0       -1.275727   -0.892916   -0.046151
     11          6           0       -2.664379   -0.767592   -0.100029
     12          6           0       -3.496809   -1.908692   -0.134390
     13          6           0       -2.884917   -3.183513   -0.108368
     14          6           0       -1.499024   -3.327166   -0.069376
     15          6           0       -0.689804   -2.188902   -0.051739
     16          1           0       -3.125945    0.210395   -0.104221
     17          1           0       -3.505800   -4.072700   -0.152145
     18          1           0       -1.058949   -4.320519   -0.081680
     19          6           0        4.866067   -0.758839   -0.219132
     20          6           0        5.248498    0.352358   -0.981974
     21          6           0        5.856213   -1.455720    0.499057
     22          6           0        6.582079    0.769141   -1.019911
     23          1           0        4.527439    0.895815   -1.582767
     24          6           0        7.194131   -1.055609    0.450041
     25          1           0        5.571322   -2.307606    1.102809
     26          6           0        7.572589    0.083053   -0.299330
     27          6           0       -4.966605   -1.768106   -0.187572
     28          6           0       -5.581646   -0.636922   -0.774313
     29          6           0       -5.826022   -2.755309    0.349667
     30          6           0       -6.960405   -0.490704   -0.826080
     31          1           0       -4.962176    0.134692   -1.222796
     32          6           0       -7.207437   -2.629084    0.313895
     33          1           0       -5.398568   -3.629472    0.832829
     34          6           0       -7.802385   -1.488833   -0.278617
     35          1           0       -7.410359    0.375632   -1.293512
     36          1           0       -7.846866   -3.386683    0.748374
     37          6           0       -0.183247    0.118054   -0.062255
     38          6           0       -0.189605    1.477848   -0.082982
     39          1           0        0.775656    1.943727   -0.280278
     40          6           0       -1.269221    2.450799    0.116924
     41          6           0       -1.264571    3.645741   -0.638349
     42          6           0       -2.266659    2.313014    1.097410
     43          6           0       -2.242711    4.616160   -0.470156
     44          1           0       -0.486183    3.802608   -1.380316
     45          6           0       -3.250080    3.285290    1.289769
     46          1           0       -2.265326    1.442609    1.744195
     47          6           0       -3.251854    4.438492    0.491861
     48          7           0       -9.182269   -1.351967   -0.321068
     49          8           0       -9.705842   -0.290893   -0.852599
     50          8           0       -9.935380   -2.297326    0.149543
     51          8           0       -4.172709    5.439959    0.585084
     52          6           0       -5.228445    5.312169    1.542593
     53          1           0       -4.832184    5.265901    2.562755
     54          1           0       -5.838971    6.207579    1.428968
     55          1           0       -5.837828    4.424609    1.341441
     56          1           0       -3.996463    3.135188    2.060189
     57          1           0       -2.241512    5.520316   -1.070494
     58          8           0        6.912436    1.811966   -1.860238
     59          8           0        8.885284    0.468926   -0.429562
     60          8           0        8.210242   -1.712687    1.084006
     61          6           0        7.254844    3.052389   -1.221999
     62          1           0        8.174392    2.957769   -0.638151
     63          1           0        7.407197    3.774467   -2.025655
     64          1           0        6.436378    3.390322   -0.575898
     65          6           0        9.557699    0.911802    0.765667
     66          1           0        9.684437    0.090448    1.473438
     67          1           0       10.532002    1.278260    0.438992
     68          1           0        8.999686    1.727262    1.239750
     69          6           0        7.900784   -2.884825    1.841706
     70          1           0        7.226131   -2.652546    2.672937
     71          1           0        7.454079   -3.658347    1.207750
     72          1           0        8.853589   -3.239924    2.234075
 ---------------------------------------------------------------------
 Rotational constants (GHZ):      0.1337842      0.0267708      0.0229958
 Standard basis: 6-31++G(d,p) (6D, 7F)
 There are   991 symmetry adapted basis functions of A   symmetry.
 Integral buffers will be    262144 words long.
 Raffenetti 2 integral format.
 Two-electron integral symmetry is turned on.
   991 basis functions,  1608 primitive gaussians,   991 cartesian basis functions
   151 alpha electrons      150 beta electrons
       nuclear repulsion energy      4419.2791851282 Hartrees.
 NAtoms=   72 NActive=   72 NUniq=   72 SFac= 7.50D-01 NAtFMM=   80 NAOKFM=F Big=T
 ------------------------------------------------------------------------------
 Polarizable Continuum Model (PCM)
 =================================
 Model                : C-PCM.
 Atomic radii         : UFF (Universal Force Field).
 Polarization charges : Total charges.
 Charge compensation  : None.
 Solution method      : Matrix inversion.
 Cavity type          : Scaled VdW (van der Waals Surface) (Alpha=1.100).
 Cavity algorithm     : GePol (No added spheres)
                        Default sphere list used, NSphG=   72.
                        Lebedev-Laikov grids with approx.  5.0 points / Ang**2.
                        Smoothing algorithm: Karplus/York (Gamma=1.0000).
                        Polarization charges: spherical gaussians, with
                                              point-specific exponents (IZeta= 3).
                        Self-potential: point-specific (ISelfS= 7).
                        Self-field    : sphere-specific E.n sum rule (ISelfD= 2).
 1st derivatives      : Analytical E(r).r(x)/FMM algorithm (CHGder, D1EAlg=3).
                        Cavity 1st derivative terms included.
 Solvent              : Dichloromethane, Eps=   8.930000 Eps(inf)=   2.028346
 ------------------------------------------------------------------------------
 One-electron integrals computed using PRISM.
 NBasis=   991 RedAO= T  NBF=   991
 NBsUse=   973 1.00D-06 NBFU=   973
 Initial guess read from the read-write file.
 B after Tr=     0.000000    0.000000    0.000000
         Rot=    1.000000    0.000000    0.000000    0.000000 Ang=   0.00 deg.
 Initial guess orbital symmetries:
 Alpha Orbitals:
       Occupied  (A) (A) (A) (A) (A) (A) (A) (A) (A) (A) (A) (A)
                 (A) (A) (A) (A) (A) (A) (A) (A) (A) (A) (A) (A)
                 (A) (A) (A) (A) (A) (A) (A) (A) (A) (A) (A) (A)
                 (A) (A) (A) (A) (A) (A) (A) (A) (A) (A) (A) (A)
                 (A) (A) (A) (A) (A) (A) (A) (A) (A) (A) (A) (A)
                 (A) (A) (A) (A) (A) (A) (A) (A) (A) (A) (A) (A)
                 (A) (A) (A) (A) (A) (A) (A) (A) (A) (A) (A) (A)
                 (A) (A) (A) (A) (A) (A) (A) (A) (A) (A) (A) (A)
                 (A) (A) (A) (A) (A) (A) (A) (A) (A) (A) (A) (A)
                 (A) (A) (A) (A) (A) (A) (A) (A) (A) (A) (A) (A)
                 (A) (A) (A) (A) (A) (A) (A) (A) (A) (A) (A) (A)
                 (A) (A) (A) (A) (A) (A) (A) (A) (A) (A) (A) (A)
                 (A) (A) (A) (A) (A) (A) (A)
       Virtual   (A) (A) (A) (A) (A) (A) (A) (A) (A) (A) (A) (A)
                 (A) (A) (A) (A) (A) (A) (A) (A) (A) (A) (A) (A)
                 (A) (A) (A) (A) (A) (A) (A) (A) (A) (A) (A) (A)
                 (A) (A) (A) (A) (A) (A) (A) (A) (A) (A) (A) (A)
                 (A) (A) (A) (A) (A) (A) (A) (A) (A) (A) (A) (A)
                 (A) (A) (A) (A) (A) (A) (A) (A) (A) (A) (A) (A)
                 (A) (A) (A) (A) (A) (A) (A) (A) (A) (A) (A) (A)
                 (A) (A) (A) (A) (A) (A) (A) (A) (A) (A) (A) (A)
                 (A) (A) (A) (A) (A) (A) (A) (A) (A) (A) (A) (A)
                 (A) (A) (A) (A) (A) (A) (A) (A) (A) (A) (A) (A)
                 (A) (A) (A) (A) (A) (A) (A) (A) (A) (A) (A) (A)
                 (A) (A) (A) (A) (A) (A) (A) (A) (A) (A) (A) (A)
                 (A) (A) (A) (A) (A) (A) (A) (A) (A) (A) (A) (A)
                 (A) (A) (A) (A) (A) (A) (A) (A) (A) (A) (A) (A)
                 (A) (A) (A) (A) (A) (A) (A) (A) (A) (A) (A) (A)
                 (A) (A) (A) (A) (A) (A) (A) (A) (A) (A) (A) (A)
                 (A) (A) (A) (A) (A) (A) (A) (A) (A) (A) (A) (A)
                 (A) (A) (A) (A) (A) (A) (A) (A) (A) (A) (A) (A)
                 (A) (A) (A) (A) (A) (A) (A) (A) (A) (A) (A) (A)
                 (A) (A) (A) (A) (A) (A) (A) (A) (A) (A) (A) (A)
                 (A) (A) (A) (A) (A) (A) (A) (A) (A) (A) (A) (A)
                 (A) (A) (A) (A) (A) (A) (A) (A) (A) (A) (A) (A)
                 (A) (A) (A) (A) (A) (A) (A) (A) (A) (A) (A) (A)
                 (A) (A) (A) (A) (A) (A) (A) (A) (A) (A) (A) (A)
                 (A) (A) (A) (A) (A) (A) (A) (A) (A) (A) (A) (A)
                 (A) (A) (A) (A) (A) (A) (A) (A) (A) (A) (A) (A)
                 (A) (A) (A) (A) (A) (A) (A) (A) (A) (A) (A) (A)
                 (A) (A) (A) (A) (A) (A) (A) (A) (A) (A) (A) (A)
                 (A) (A) (A) (A) (A) (A) (A) (A) (A) (A) (A) (A)
                 (A) (A) (A) (A) (A) (A) (A) (A) (A) (A) (A) (A)
                 (A) (A) (A) (A) (A) (A) (A) (A) (A) (A) (A) (A)
                 (A) (A) (A) (A) (A) (A) (A) (A) (A) (A) (A) (A)
                 (A) (A) (A) (A) (A) (A) (A) (A) (A) (A) (A) (A)
                 (A) (A) (A) (A) (A) (A) (A) (A) (A) (A) (A) (A)
                 (A) (A) (A) (A) (A) (A) (A) (A) (A) (A) (A) (A)
                 (A) (A) (A) (A) (A) (A) (A) (A) (A) (A) (A) (A)
                 (A) (A) (A) (A) (A) (A) (A) (A) (A) (A) (A) (A)
                 (A) (A) (A) (A) (A) (A) (A) (A) (A) (A) (A) (A)
                 (A) (A) (A) (A) (A) (A) (A) (A) (A) (A) (A) (A)
                 (A) (A) (A) (A) (A) (A) (A) (A) (A) (A) (A) (A)
                 (A) (A) (A) (A) (A) (A) (A) (A) (A) (A) (A) (A)
                 (A) (A) (A) (A) (A) (A) (A) (A) (A) (A) (A) (A)
                 (A) (A) (A) (A) (A) (A) (A) (A) (A) (A) (A) (A)
                 (A) (A) (A) (A) (A) (A) (A) (A) (A) (A) (A) (A)
                 (A) (A) (A) (A) (A) (A) (A) (A) (A) (A) (A) (A)
                 (A) (A) (A) (A) (A) (A) (A) (A) (A) (A) (A) (A)
                 (A) (A) (A) (A) (A) (A) (A) (A) (A) (A) (A) (A)
                 (A) (A) (A) (A) (A) (A) (A) (A) (A) (A) (A) (A)
                 (A) (A) (A) (A) (A) (A) (A) (A) (A) (A) (A) (A)
                 (A) (A) (A) (A) (A) (A) (A) (A) (A) (A) (A) (A)
                 (A) (A) (A) (A) (A) (A) (A) (A) (A) (A) (A) (A)
                 (A) (A) (A) (A) (A) (A) (A) (A) (A) (A) (A) (A)
                 (A) (A) (A) (A) (A) (A) (A) (A) (A) (A) (A) (A)
                 (A) (A) (A) (A) (A) (A) (A) (A) (A) (A) (A) (A)
                 (A) (A) (A) (A) (A) (A) (A) (A) (A) (A) (A) (A)
                 (A) (A) (A) (A) (A) (A) (A) (A) (A) (A) (A) (A)
                 (A) (A) (A) (A) (A) (A) (A) (A) (A) (A) (A) (A)
                 (A) (A) (A) (A) (A) (A) (A) (A) (A) (A) (A) (A)
                 (A) (A) (A) (A) (A) (A) (A) (A) (A) (A) (A) (A)
                 (A) (A) (A) (A) (A) (A) (A) (A) (A) (A) (A) (A)
                 (A) (A) (A) (A) (A) (A) (A) (A) (A) (A) (A) (A)
                 (A) (A) (A) (A) (A) (A) (A) (A) (A) (A) (A) (A)
                 (A) (A) (A) (A) (A) (A) (A) (A) (A) (A) (A) (A)
                 (A) (A) (A) (A) (A) (A) (A) (A) (A) (A) (A) (A)
                 (A) (A) (A) (A) (A) (A) (A) (A) (A) (A) (A) (A)
                 (A) (A) (A) (A) (A) (A) (A) (A) (A) (A) (A) (A)
                 (A) (A) (A) (A) (A) (A) (A) (A) (A) (A) (A) (A)
                 (A) (A) (A) (A) (A) (A) (A) (A) (A) (A) (A) (A)
                 (A) (A) (A) (A) (A) (A)
 Beta  Orbitals:
       Occupied  (A) (A) (A) (A) (A) (A) (A) (A) (A) (A) (A) (A)
                 (A) (A) (A) (A) (A) (A) (A) (A) (A) (A) (A) (A)
                 (A) (A) (A) (A) (A) (A) (A) (A) (A) (A) (A) (A)
                 (A) (A) (A) (A) (A) (A) (A) (A) (A) (A) (A) (A)
                 (A) (A) (A) (A) (A) (A) (A) (A) (A) (A) (A) (A)
                 (A) (A) (A) (A) (A) (A) (A) (A) (A) (A) (A) (A)
                 (A) (A) (A) (A) (A) (A) (A) (A) (A) (A) (A) (A)
                 (A) (A) (A) (A) (A) (A) (A) (A) (A) (A) (A) (A)
                 (A) (A) (A) (A) (A) (A) (A) (A) (A) (A) (A) (A)
                 (A) (A) (A) (A) (A) (A) (A) (A) (A) (A) (A) (A)
                 (A) (A) (A) (A) (A) (A) (A) (A) (A) (A) (A) (A)
                 (A) (A) (A) (A) (A) (A) (A) (A) (A) (A) (A) (A)
                 (A) (A) (A) (A) (A) (A)
       Virtual   (A) (A) (A) (A) (A) (A) (A) (A) (A) (A) (A) (A)
                 (A) (A) (A) (A) (A) (A) (A) (A) (A) (A) (A) (A)
                 (A) (A) (A) (A) (A) (A) (A) (A) (A) (A) (A) (A)
                 (A) (A) (A) (A) (A) (A) (A) (A) (A) (A) (A) (A)
                 (A) (A) (A) (A) (A) (A) (A) (A) (A) (A) (A) (A)
                 (A) (A) (A) (A) (A) (A) (A) (A) (A) (A) (A) (A)
                 (A) (A) (A) (A) (A) (A) (A) (A) (A) (A) (A) (A)
                 (A) (A) (A) (A) (A) (A) (A) (A) (A) (A) (A) (A)
                 (A) (A) (A) (A) (A) (A) (A) (A) (A) (A) (A) (A)
                 (A) (A) (A) (A) (A) (A) (A) (A) (A) (A) (A) (A)
                 (A) (A) (A) (A) (A) (A) (A) (A) (A) (A) (A) (A)
                 (A) (A) (A) (A) (A) (A) (A) (A) (A) (A) (A) (A)
                 (A) (A) (A) (A) (A) (A) (A) (A) (A) (A) (A) (A)
                 (A) (A) (A) (A) (A) (A) (A) (A) (A) (A) (A) (A)
                 (A) (A) (A) (A) (A) (A) (A) (A) (A) (A) (A) (A)
                 (A) (A) (A) (A) (A) (A) (A) (A) (A) (A) (A) (A)
                 (A) (A) (A) (A) (A) (A) (A) (A) (A) (A) (A) (A)
                 (A) (A) (A) (A) (A) (A) (A) (A) (A) (A) (A) (A)
                 (A) (A) (A) (A) (A) (A) (A) (A) (A) (A) (A) (A)
                 (A) (A) (A) (A) (A) (A) (A) (A) (A) (A) (A) (A)
                 (A) (A) (A) (A) (A) (A) (A) (A) (A) (A) (A) (A)
                 (A) (A) (A) (A) (A) (A) (A) (A) (A) (A) (A) (A)
                 (A) (A) (A) (A) (A) (A) (A) (A) (A) (A) (A) (A)
                 (A) (A) (A) (A) (A) (A) (A) (A) (A) (A) (A) (A)
                 (A) (A) (A) (A) (A) (A) (A) (A) (A) (A) (A) (A)
                 (A) (A) (A) (A) (A) (A) (A) (A) (A) (A) (A) (A)
                 (A) (A) (A) (A) (A) (A) (A) (A) (A) (A) (A) (A)
                 (A) (A) (A) (A) (A) (A) (A) (A) (A) (A) (A) (A)
                 (A) (A) (A) (A) (A) (A) (A) (A) (A) (A) (A) (A)
                 (A) (A) (A) (A) (A) (A) (A) (A) (A) (A) (A) (A)
                 (A) (A) (A) (A) (A) (A) (A) (A) (A) (A) (A) (A)
                 (A) (A) (A) (A) (A) (A) (A) (A) (A) (A) (A) (A)
                 (A) (A) (A) (A) (A) (A) (A) (A) (A) (A) (A) (A)
                 (A) (A) (A) (A) (A) (A) (A) (A) (A) (A) (A) (A)
                 (A) (A) (A) (A) (A) (A) (A) (A) (A) (A) (A) (A)
                 (A) (A) (A) (A) (A) (A) (A) (A) (A) (A) (A) (A)
                 (A) (A) (A) (A) (A) (A) (A) (A) (A) (A) (A) (A)
                 (A) (A) (A) (A) (A) (A) (A) (A) (A) (A) (A) (A)
                 (A) (A) (A) (A) (A) (A) (A) (A) (A) (A) (A) (A)
                 (A) (A) (A) (A) (A) (A) (A) (A) (A) (A) (A) (A)
                 (A) (A) (A) (A) (A) (A) (A) (A) (A) (A) (A) (A)
                 (A) (A) (A) (A) (A) (A) (A) (A) (A) (A) (A) (A)
                 (A) (A) (A) (A) (A) (A) (A) (A) (A) (A) (A) (A)
                 (A) (A) (A) (A) (A) (A) (A) (A) (A) (A) (A) (A)
                 (A) (A) (A) (A) (A) (A) (A) (A) (A) (A) (A) (A)
                 (A) (A) (A) (A) (A) (A) (A) (A) (A) (A) (A) (A)
                 (A) (A) (A) (A) (A) (A) (A) (A) (A) (A) (A) (A)
                 (A) (A) (A) (A) (A) (A) (A) (A) (A) (A) (A) (A)
                 (A) (A) (A) (A) (A) (A) (A) (A) (A) (A) (A) (A)
                 (A) (A) (A) (A) (A) (A) (A) (A) (A) (A) (A) (A)
                 (A) (A) (A) (A) (A) (A) (A) (A) (A) (A) (A) (A)
                 (A) (A) (A) (A) (A) (A) (A) (A) (A) (A) (A) (A)
                 (A) (A) (A) (A) (A) (A) (A) (A) (A) (A) (A) (A)
                 (A) (A) (A) (A) (A) (A) (A) (A) (A) (A) (A) (A)
                 (A) (A) (A) (A) (A) (A) (A) (A) (A) (A) (A) (A)
                 (A) (A) (A) (A) (A) (A) (A) (A) (A) (A) (A) (A)
                 (A) (A) (A) (A) (A) (A) (A) (A) (A) (A) (A) (A)
                 (A) (A) (A) (A) (A) (A) (A) (A) (A) (A) (A) (A)
                 (A) (A) (A) (A) (A) (A) (A) (A) (A) (A) (A) (A)
                 (A) (A) (A) (A) (A) (A) (A) (A) (A) (A) (A) (A)
                 (A) (A) (A) (A) (A) (A) (A) (A) (A) (A) (A) (A)
                 (A) (A) (A) (A) (A) (A) (A) (A) (A) (A) (A) (A)
                 (A) (A) (A) (A) (A) (A) (A) (A) (A) (A) (A) (A)
                 (A) (A) (A) (A) (A) (A) (A) (A) (A) (A) (A) (A)
                 (A) (A) (A) (A) (A) (A) (A) (A) (A) (A) (A) (A)
                 (A) (A) (A) (A) (A) (A) (A) (A) (A) (A) (A) (A)
                 (A) (A) (A) (A) (A) (A) (A) (A) (A) (A) (A) (A)
                 (A) (A) (A) (A) (A) (A) (A) (A) (A) (A) (A) (A)
                 (A) (A) (A) (A) (A) (A) (A)
 Initial guess <Sx>= 0.0000 <Sy>= 0.0000 <Sz>= 0.5000 <S**2>= 0.7624 S= 0.5062
 Harris functional with IExCor=  402 diagonalized for initial guess.
 ExpMin= 3.60D-02 ExpMax= 5.48D+03 ExpMxC= 8.25D+02 IAcc=3 IRadAn=         0 AccDes= 0.00D+00
 HarFok:  IExCor=  402 AccDes= 0.00D+00 IRadAn=         0 IDoV= 1
 ScaDFX=  1.000000  1.000000  1.000000  1.000000
 FoFCou: FMM=F IPFlag=           0 FMFlag=      100000 FMFlg1=           1
         NFxFlg=           0 DoJE=T BraDBF=F KetDBF=T FulRan=T
         Omega=  0.000000  0.000000  1.000000  0.000000  0.000000 ICntrl=     500 IOpCl=  0
         NMat0=    1 NMatS0=    1 NMatT0=    0 NMatD0=    1 NMtDS0=    0 NMtDT0=    0
         I1Cent=           4 NGrid=           0.
 Petite list used in FoFCou.
 Requested convergence on RMS density matrix=1.00D-08 within 128 cycles.
 Requested convergence on MAX density matrix=1.00D-06.
 Requested convergence on             energy=1.00D-06.
 No special actions if energy rises.
 Restarting incremental Fock formation.
 Restarting incremental Fock formation.
 Error on total polarization charges =  0.03047
 SCF Done:  E(UB3LYP) =  -1895.50819486     A.U. after   44 cycles
             Convg  =    0.6683D-08             -V/T =  2.0095
 <Sx>= 0.0000 <Sy>= 0.0000 <Sz>= 0.5000 <S**2>= 0.7647 S= 0.5073
 <L.S>= 0.000000000000E+00
 Annihilation of the first spin contaminant:
 S**2 before annihilation     0.7647,   after     0.7502
 DiagDN has N=   991 LTot=  3005 but NE2=     3 cannot use DSYEVD.
 D1PCM: C-PCM CHGder 1st derivatives, ID1Alg=3 FixD1E=F DoIter=F DoCFld=F I1PDM=0.
 Calling FoFJK, ICntrl=      2127 FMM=T ISym2X=0 I1Cent= 0 IOpClX= 1 NMat=1 NMatS=1 NMatT=0.
 ***** Axes restored to original set *****
 -------------------------------------------------------------------
 Center     Atomic                   Forces (Hartrees/Bohr)
 Number     Number              X              Y              Z
 -------------------------------------------------------------------
      1        6           0.000091495    0.000035803   -0.000042938
      2        6          -0.000117138   -0.000061421   -0.000038108
      3        6           0.000088213    0.000143030   -0.000009581
      4        6          -0.000092399   -0.000223307    0.000133082
      5        6           0.000329407    0.000020647   -0.000056629
      6        6          -0.000199706   -0.000182089    0.000014987
      7        1           0.000065995   -0.000050436    0.000040447
      8        1           0.000095168    0.000006337    0.000002000
      9        1           0.000011506   -0.000078254    0.000025822
     10        6           0.000020773    0.000054985    0.000803399
     11        6           0.000330123    0.000585945   -0.000039567
     12        6           0.000233260    0.000074737    0.000205767
     13        6          -0.000213071   -0.000181902    0.000227780
     14        6           0.000163843   -0.000272101   -0.000574909
     15        6          -0.000130189    0.000160171   -0.000109897
     16        1           0.000606279    0.000956690    0.000570275
     17        1           0.000567552   -0.000095193   -0.000083661
     18        1           0.000016916   -0.000068046    0.000081296
     19        6           0.000141166    0.000087857    0.000026579
     20        6          -0.000104169   -0.000054441    0.000023022
     21        6          -0.000278529   -0.000006795   -0.000145164
     22        6           0.000127513    0.000101297   -0.000177040
     23        1          -0.000055888    0.000031915   -0.000017971
     24        6           0.000182890    0.000064375    0.000061345
     25        1          -0.000066679    0.000042378   -0.000065427
     26        6           0.000149398   -0.000028456    0.000147050
     27        6          -0.000013195    0.000112583   -0.000113658
     28        6          -0.000253588    0.000286911   -0.000267581
     29        6          -0.000267368   -0.000222528    0.000396429
     30        6           0.000960245    0.000426994   -0.000085456
     31        1          -0.000756773   -0.000044094   -0.000239465
     32        6           0.000807416   -0.000433883    0.000211877
     33        1          -0.000713466    0.000174890    0.000134484
     34        6           0.003472709   -0.000324709    0.000335691
     35        1          -0.000001516    0.000228713   -0.000051503
     36        1          -0.000030676   -0.000287281   -0.000074558
     37        6          -0.000353682    0.000346940   -0.000401914
     38        6           0.000105863   -0.000404729    0.000034452
     39        1           0.000218449    0.000057329    0.000284402
     40        6          -0.000381783    0.000375146    0.000001943
     41        6          -0.000061817   -0.000186270   -0.000220366
     42        6           0.000044576   -0.000863884   -0.000750729
     43        6          -0.000082835   -0.000082322    0.000006052
     44        1           0.000061813    0.000011633   -0.000033323
     45        6          -0.000087340    0.000182393   -0.000104985
     46        1          -0.000115985   -0.000747934   -0.000055509
     47        6          -0.000119341   -0.000045376    0.000069534
     48        7          -0.004365933   -0.000159377   -0.001426254
     49        8           0.000013439    0.000401201    0.000164262
     50        8          -0.000056973    0.000013435    0.000854890
     51        8           0.000012363    0.000113046    0.000112764
     52        6          -0.000018736    0.000085846   -0.000077926
     53        1           0.000018850    0.000023214    0.000101495
     54        1          -0.000085708    0.000078578    0.000016042
     55        1          -0.000023252   -0.000090473   -0.000024003
     56        1           0.000052882    0.000024072    0.000064420
     57        1           0.000008739    0.000083858   -0.000002665
     58        8          -0.000157104   -0.000062809    0.000026916
     59        8          -0.000086700   -0.000115331   -0.000002277
     60        8           0.000101019    0.000153950   -0.000047155
     61        6           0.000071601   -0.000075111   -0.000013646
     62        1           0.000026564    0.000034059    0.000009209
     63        1           0.000025044    0.000093547   -0.000060113
     64        1          -0.000084917    0.000025507    0.000049973
     65        6          -0.000095831   -0.000041093   -0.000105769
     66        1           0.000002751   -0.000158241    0.000104366
     67        1           0.000110724    0.000020812    0.000010054
     68        1          -0.000044087    0.000054628    0.000058384
     69        6           0.000139884   -0.000008258    0.000029950
     70        1          -0.000036992    0.000015991    0.000071987
     71        1          -0.000001187   -0.000079149   -0.000038797
     72        1           0.000078127   -0.000056152    0.000046119
 -------------------------------------------------------------------
 Cartesian Forces:  Max     0.004365933 RMS     0.000461495

 GradGradGradGradGradGradGradGradGradGradGradGradGradGradGradGradGradGrad
 Berny optimization.
 Using GEDIIS/GDIIS optimizer.
 Internal  Forces:  Max     0.004423992 RMS     0.000545810
 Search for a local minimum.
 Step number   3 out of a maximum of  386
 All quantities printed in internal units (Hartrees-Bohrs-Radians)
 Mixed Optimization -- En-DIIS/RFO-DIIS
 Update second derivatives using D2CorX and points    1    2    3
 DE= -1.61D-03 DEPred=-1.76D-03 R= 9.13D-01
 SS=  1.41D+00  RLast= 2.31D-01 DXNew= 8.1196D-01 6.9345D-01
 Trust test= 9.13D-01 RLast= 2.31D-01 DXMaxT set to 6.93D-01
 Use linear search instead of GDIIS.
     Eigenvalues ---    0.00861   0.00874   0.00932   0.00991   0.01142
     Eigenvalues ---    0.01185   0.01209   0.01260   0.01282   0.01296
     Eigenvalues ---    0.01535   0.01629   0.01631   0.01650   0.01684
     Eigenvalues ---    0.01686   0.01707   0.01736   0.01737   0.01746
     Eigenvalues ---    0.01763   0.01855   0.01918   0.01950   0.01971
     Eigenvalues ---    0.01977   0.01978   0.01979   0.01983   0.02000
     Eigenvalues ---    0.02025   0.02030   0.02037   0.02042   0.02044
     Eigenvalues ---    0.02052   0.02053   0.02055   0.02058   0.02062
     Eigenvalues ---    0.02065   0.02066   0.02071   0.02079   0.02082
     Eigenvalues ---    0.02083   0.02091   0.02092   0.02107   0.02109
     Eigenvalues ---    0.02115   0.02129   0.02133   0.02133   0.02141
     Eigenvalues ---    0.02150   0.02158   0.02168   0.02172   0.02195
     Eigenvalues ---    0.02652   0.10040   0.10047   0.10049   0.10050
     Eigenvalues ---    0.10595   0.10605   0.10648   0.10657   0.15806
     Eigenvalues ---    0.15990   0.15992   0.15994   0.15994   0.15995
     Eigenvalues ---    0.15995   0.15996   0.15998   0.15998   0.15999
     Eigenvalues ---    0.15999   0.15999   0.16000   0.16000   0.16000
     Eigenvalues ---    0.16000   0.16000   0.16000   0.16000   0.16000
     Eigenvalues ---    0.16000   0.16000   0.16000   0.16000   0.16000
     Eigenvalues ---    0.16000   0.16005   0.16046   0.19899   0.21994
     Eigenvalues ---    0.22001   0.22408   0.22443   0.22784   0.22963
     Eigenvalues ---    0.23045   0.23462   0.23485   0.23515   0.23550
     Eigenvalues ---    0.23994   0.24471   0.24617   0.24743   0.24868
     Eigenvalues ---    0.24907   0.24914   0.24934   0.24973   0.24984
     Eigenvalues ---    0.24997   0.24998   0.24999   0.25000   0.25000
     Eigenvalues ---    0.25000   0.25000   0.25000   0.25000   0.25000
     Eigenvalues ---    0.25000   0.25023   0.25792   0.32159   0.32528
     Eigenvalues ---    0.33726   0.33918   0.33947   0.33999   0.34004
     Eigenvalues ---    0.34006   0.34019   0.34126   0.34239   0.34428
     Eigenvalues ---    0.34500   0.34518   0.34646   0.34658   0.34670
     Eigenvalues ---    0.34734   0.35044   0.35092   0.35123   0.35152
     Eigenvalues ---    0.35186   0.35198   0.35225   0.35276   0.35285
     Eigenvalues ---    0.35300   0.35401   0.35460   0.35510   0.35520
     Eigenvalues ---    0.35559   0.35686   0.35919   0.36180   0.37491
     Eigenvalues ---    0.39375   0.39731   0.40072   0.40738   0.40743
     Eigenvalues ---    0.40853   0.40999   0.41010   0.41330   0.41364
     Eigenvalues ---    0.41440   0.41541   0.41544   0.42755   0.43165
     Eigenvalues ---    0.44160   0.44230   0.44565   0.44588   0.44689
     Eigenvalues ---    0.44697   0.44760   0.45384   0.45401   0.45451
     Eigenvalues ---    0.45673   0.45780   0.45874   0.46293   0.46326
     Eigenvalues ---    0.46380   0.47099   0.47267   0.49411   0.50455
     Eigenvalues ---    0.52011   0.52580   0.52712   0.67791   0.90325
     Eigenvalues --- 1000.000001000.000001000.000001000.000001000.00000
     Eigenvalues --- 1000.000001000.000001000.000001000.000001000.00000
     Eigenvalues --- 1000.000001000.000001000.000001000.000001000.00000
     Eigenvalues --- 1000.000001000.000001000.000001000.000001000.00000
     Eigenvalues --- 1000.000001000.000001000.000001000.000001000.00000
     Eigenvalues --- 1000.000001000.000001000.000001000.000001000.00000
     Eigenvalues --- 1000.000001000.000001000.000001000.000001000.00000
     Eigenvalues --- 1000.000001000.000001000.000001000.000001000.00000
     Eigenvalues --- 1000.000001000.000001000.000001000.000001000.00000
     Eigenvalues --- 1000.000001000.000001000.000001000.000001000.00000
     Eigenvalues --- 1000.000001000.000001000.000001000.000001000.00000
     Eigenvalues --- 1000.000001000.000001000.000001000.000001000.00000
     Eigenvalues --- 1000.000001000.000001000.000001000.000001000.00000
     Eigenvalues --- 1000.000001000.000001000.000001000.000001000.00000
     Eigenvalues --- 1000.000001000.000001000.000001000.000001000.00000
     Eigenvalues --- 1000.000001000.000001000.000001000.000001000.00000
     Eigenvalues --- 1000.000001000.000001000.000001000.000001000.00000
     Eigenvalues --- 1000.000001000.000001000.000001000.000001000.00000
     Eigenvalues --- 1000.000001000.000001000.000001000.000001000.00000
     Eigenvalues --- 1000.000001000.000001000.000001000.000001000.00000
     Eigenvalues --- 1000.000001000.000001000.000001000.000001000.00000
     Eigenvalues --- 1000.000001000.000001000.000001000.000001000.00000
     Eigenvalues --- 1000.000001000.000001000.000001000.000001000.00000
     Eigenvalues --- 1000.000001000.000001000.000001000.000001000.00000
     Eigenvalues --- 1000.000001000.000001000.000001000.000001000.00000
     Eigenvalues --- 1000.000001000.000001000.000001000.000001000.00000
     Eigenvalues --- 1000.000001000.000001000.000001000.000001000.00000
     Eigenvalues --- 1000.000001000.000001000.000001000.000001000.00000
     Eigenvalues --- 1000.000001000.000001000.000001000.000001000.00000
     Eigenvalues --- 1000.000001000.000001000.000001000.000001000.00000
     Eigenvalues --- 1000.000001000.000001000.000001000.000001000.00000
     Eigenvalues --- 1000.000001000.000001000.000001000.000001000.00000
     Eigenvalues --- 1000.000001000.000001000.000001000.000001000.00000
     Eigenvalues --- 1000.00000
 RFO step:  Lambda=-7.53398260D-04 EMin= 8.61152501D-03
 Quartic linear search produced a step of -0.16327.
 Iteration  1 RMS(Cart)=  0.09310542 RMS(Int)=  0.00127795
 Iteration  2 RMS(Cart)=  0.00312036 RMS(Int)=  0.00013726
 Iteration  3 RMS(Cart)=  0.00000454 RMS(Int)=  0.00013725
 Iteration  4 RMS(Cart)=  0.00000000 RMS(Int)=  0.00013725
 Variable       Old X    -DE/DX   Delta X   Delta X   Delta X     New X
                                 (Linear)    (Quad)   (Total)
    R1        2.66774   0.00015   0.00025  -0.00020   0.00005   2.66780
    R2        2.63794   0.00016  -0.00003   0.00032   0.00029   2.63824
    R3        2.05142   0.00008   0.00005   0.00011   0.00016   2.05158
    R4        2.66180   0.00017  -0.00004   0.00039   0.00036   2.66216
    R5        2.80973   0.00015   0.00017   0.00007   0.00024   2.80997
    R6        2.63377   0.00023   0.00028  -0.00005   0.00023   2.63400
    R7        2.05208   0.00003   0.00002   0.00003   0.00005   2.05213
    R8        2.67500   0.00042   0.00019   0.00075   0.00093   2.67593
    R9        2.80907   0.00031  -0.00020   0.00124   0.00103   2.81010
   R10        2.64065   0.00003   0.00025  -0.00038  -0.00014   2.64052
   R11        2.76072   0.00049  -0.00002   0.00125   0.00124   2.76196
   R12        2.05290   0.00007   0.00003   0.00014   0.00017   2.05307
   R13        2.63680  -0.00063   0.00024  -0.00169  -0.00145   2.63535
   R14        2.68774  -0.00056   0.00027  -0.00198  -0.00171   2.68603
   R15        2.81298  -0.00176  -0.00042  -0.00396  -0.00438   2.80860
   R16        2.66996   0.00062  -0.00006   0.00138   0.00132   2.67128
   R17        2.04363   0.00060   0.00016   0.00119   0.00134   2.04497
   R18        2.67265   0.00108   0.00037   0.00161   0.00198   2.67463
   R19        2.79200   0.00122   0.00100   0.00128   0.00229   2.79429
   R20        2.63402   0.00043   0.00036   0.00023   0.00060   2.63462
   R21        2.05109  -0.00024  -0.00003  -0.00054  -0.00057   2.05052
   R22        2.63940  -0.00006   0.00020  -0.00054  -0.00034   2.63906
   R23        2.05326   0.00007   0.00006   0.00007   0.00012   2.05339
   R24        2.64760  -0.00001   0.00001  -0.00005  -0.00004   2.64756
   R25        2.66031  -0.00001   0.00001  -0.00004  -0.00003   2.66028
   R26        2.64128   0.00016   0.00010   0.00013   0.00023   2.64152
   R27        2.04948   0.00006   0.00002   0.00012   0.00014   2.04962
   R28        2.64056   0.00030   0.00014   0.00030   0.00044   2.64100
   R29        2.04527  -0.00005  -0.00003  -0.00008  -0.00010   2.04516
   R30        2.65307   0.00025   0.00009   0.00033   0.00042   2.65350
   R31        2.60671  -0.00002  -0.00007   0.00008   0.00001   2.60672
   R32        2.67337  -0.00019   0.00002  -0.00041  -0.00039   2.67298
   R33        2.58150   0.00023  -0.00005   0.00047   0.00042   2.58191
   R34        2.59728  -0.00018  -0.00008  -0.00016  -0.00025   2.59703
   R35        2.67389   0.00088   0.00041   0.00102   0.00144   2.67533
   R36        2.67368   0.00082   0.00044   0.00082   0.00127   2.67494
   R37        2.62191  -0.00035   0.00093  -0.00229  -0.00136   2.62055
   R38        2.05300  -0.00036  -0.00006  -0.00079  -0.00084   2.05216
   R39        2.62224  -0.00045   0.00089  -0.00244  -0.00155   2.62069
   R40        2.05305  -0.00036  -0.00007  -0.00077  -0.00084   2.05221
   R41        2.67575   0.00068  -0.00153   0.00401   0.00248   2.67823
   R42        2.04535   0.00021   0.00005   0.00041   0.00046   2.04581
   R43        2.67595   0.00050  -0.00158   0.00374   0.00216   2.67812
   R44        2.04545   0.00019   0.00007   0.00034   0.00041   2.04586
   R45        2.62163   0.00442   0.01214  -0.01126   0.00088   2.62250
   R46        2.56996  -0.00137   0.00020  -0.00260  -0.00240   2.56756
   R47        2.05945   0.00017   0.00008   0.00027   0.00035   2.05980
   R48        2.77228  -0.00024  -0.00011  -0.00036  -0.00048   2.77180
   R49        2.67137  -0.00008   0.00005  -0.00028  -0.00022   2.67115
   R50        2.65587  -0.00036  -0.00006  -0.00064  -0.00070   2.65517
   R51        2.62309   0.00022   0.00005   0.00033   0.00038   2.62346
   R52        2.05365   0.00007   0.00002   0.00013   0.00016   2.05380
   R53        2.63848   0.00029   0.00008   0.00037   0.00046   2.63894
   R54        2.04923   0.00057   0.00011   0.00120   0.00131   2.05054
   R55        2.65600   0.00025   0.00010   0.00034   0.00044   2.65644
   R56        2.05095   0.00007   0.00006   0.00008   0.00014   2.05108
   R57        2.65002   0.00011   0.00005   0.00016   0.00020   2.65022
   R58        2.04681   0.00001   0.00003  -0.00003   0.00000   2.04681
   R59        2.57697   0.00023  -0.00005   0.00048   0.00042   2.57739
   R60        2.45121   0.00025  -0.00759   0.01401   0.00642   2.45763
   R61        2.45108   0.00033  -0.00759   0.01408   0.00649   2.45757
   R62        2.70418   0.00008  -0.00006   0.00027   0.00021   2.70439
   R63        2.07000   0.00010   0.00007   0.00013   0.00020   2.07020
   R64        2.05920   0.00011   0.00006   0.00017   0.00023   2.05944
   R65        2.06972   0.00009   0.00008   0.00010   0.00017   2.06990
   R66        2.71440   0.00007  -0.00004   0.00021   0.00017   2.71457
   R67        2.72334   0.00000  -0.00002   0.00005   0.00003   2.72337
   R68        2.70157   0.00013   0.00001   0.00025   0.00026   2.70183
   R69        2.06612   0.00002   0.00005  -0.00002   0.00003   2.06615
   R70        2.06185   0.00011   0.00008   0.00014   0.00022   2.06207
   R71        2.07141   0.00010   0.00007   0.00013   0.00020   2.07162
   R72        2.06285   0.00019   0.00008   0.00033   0.00041   2.06326
   R73        2.06169   0.00010   0.00007   0.00014   0.00021   2.06189
   R74        2.07105   0.00009   0.00007   0.00011   0.00018   2.07122
   R75        2.07014   0.00008   0.00005   0.00012   0.00017   2.07031
   R76        2.06990   0.00008   0.00006   0.00010   0.00016   2.07006
   R77        2.05962   0.00010   0.00006   0.00015   0.00022   2.05983
    A1        2.12084   0.00006   0.00007   0.00009   0.00016   2.12099
    A2        2.08355  -0.00004  -0.00012   0.00010  -0.00002   2.08353
    A3        2.07854  -0.00003   0.00006  -0.00015  -0.00010   2.07844
    A4        2.07206   0.00013   0.00000   0.00045   0.00046   2.07252
    A5        2.10796  -0.00017  -0.00009  -0.00042  -0.00050   2.10746
    A6        2.10316   0.00003   0.00008  -0.00003   0.00005   2.10321
    A7        2.09792  -0.00016   0.00002  -0.00055  -0.00053   2.09739
    A8        2.08048  -0.00001  -0.00005  -0.00013  -0.00019   2.08029
    A9        2.10452   0.00017   0.00004   0.00070   0.00073   2.10526
   A10        2.09891  -0.00003  -0.00007   0.00006  -0.00001   2.09891
   A11        2.27724   0.00060   0.00013   0.00159   0.00173   2.27896
   A12        1.90633  -0.00056  -0.00003  -0.00143  -0.00150   1.90483
   A13        2.09610   0.00013   0.00004   0.00033   0.00037   2.09647
   A14        1.88852  -0.00013   0.00004  -0.00015  -0.00012   1.88840
   A15        2.29855   0.00000  -0.00008  -0.00015  -0.00023   2.29832
   A16        2.08046  -0.00013  -0.00006  -0.00037  -0.00043   2.08003
   A17        2.09164   0.00004   0.00004   0.00003   0.00007   2.09171
   A18        2.11104   0.00009   0.00002   0.00035   0.00038   2.11141
   A19        2.08480   0.00129   0.00005   0.00427   0.00433   2.08913
   A20        2.30363  -0.00173  -0.00024  -0.00497  -0.00520   2.29843
   A21        1.89279   0.00045   0.00015   0.00106   0.00118   1.89397
   A22        2.11151  -0.00041  -0.00041  -0.00103  -0.00145   2.11006
   A23        2.10149  -0.00080  -0.00004  -0.00452  -0.00458   2.09691
   A24        2.07011   0.00120   0.00044   0.00543   0.00584   2.07595
   A25        2.06308  -0.00064   0.00057  -0.00285  -0.00227   2.06081
   A26        2.10614   0.00054  -0.00035   0.00232   0.00197   2.10811
   A27        2.11394   0.00010  -0.00022   0.00052   0.00030   2.11424
   A28        2.12185   0.00039  -0.00030   0.00241   0.00212   2.12396
   A29        2.08312   0.00033   0.00013   0.00166   0.00179   2.08491
   A30        2.07769  -0.00073   0.00015  -0.00413  -0.00397   2.07371
   A31        2.08567  -0.00017  -0.00019  -0.00034  -0.00055   2.08512
   A32        2.09049   0.00008   0.00029  -0.00008   0.00020   2.09069
   A33        2.10662   0.00010  -0.00008   0.00069   0.00059   2.10721
   A34        1.90026  -0.00019  -0.00022  -0.00016  -0.00041   1.89986
   A35        2.28329   0.00065  -0.00001   0.00271   0.00270   2.28599
   A36        2.09897  -0.00046   0.00025  -0.00228  -0.00204   2.09694
   A37        2.10949   0.00010   0.00007   0.00022   0.00029   2.10978
   A38        2.10406  -0.00014   0.00004  -0.00056  -0.00052   2.10354
   A39        2.06963   0.00004  -0.00011   0.00034   0.00023   2.06986
   A40        2.10798  -0.00002   0.00010  -0.00025  -0.00016   2.10782
   A41        2.11481  -0.00001  -0.00001  -0.00002  -0.00003   2.11477
   A42        2.05996   0.00003  -0.00009   0.00029   0.00020   2.06016
   A43        2.11040   0.00004   0.00011  -0.00007   0.00004   2.11045
   A44        2.08183  -0.00011  -0.00009  -0.00037  -0.00047   2.08137
   A45        2.09091   0.00007  -0.00002   0.00044   0.00042   2.09133
   A46        2.11005  -0.00008  -0.00006  -0.00015  -0.00020   2.10985
   A47        2.06062  -0.00013   0.00002  -0.00050  -0.00049   2.06013
   A48        2.10965   0.00021   0.00005   0.00065   0.00069   2.11034
   A49        2.10041  -0.00010  -0.00007  -0.00023  -0.00030   2.10011
   A50        2.16300   0.00057   0.00036   0.00131   0.00167   2.16467
   A51        2.01971  -0.00047  -0.00029  -0.00107  -0.00137   2.01835
   A52        2.06743   0.00011   0.00002   0.00037   0.00039   2.06782
   A53        2.08059   0.00035   0.00014   0.00093   0.00107   2.08167
   A54        2.13137  -0.00046  -0.00017  -0.00131  -0.00148   2.12989
   A55        2.12165   0.00059  -0.00064   0.00315   0.00250   2.12415
   A56        2.12259  -0.00008  -0.00069   0.00095   0.00025   2.12284
   A57        2.03894  -0.00051   0.00133  -0.00409  -0.00276   2.03619
   A58        2.13136   0.00021  -0.00075   0.00212   0.00137   2.13273
   A59        2.08419   0.00057   0.00017   0.00294   0.00311   2.08729
   A60        2.06733  -0.00078   0.00058  -0.00514  -0.00457   2.06276
   A61        2.13110   0.00028  -0.00075   0.00232   0.00157   2.13267
   A62        2.08438   0.00050   0.00017   0.00265   0.00281   2.08719
   A63        2.06729  -0.00078   0.00059  -0.00503  -0.00445   2.06284
   A64        2.09694   0.00013  -0.00171   0.00350   0.00178   2.09872
   A65        2.11015  -0.00016   0.00011  -0.00094  -0.00084   2.10931
   A66        2.07602   0.00003   0.00161  -0.00255  -0.00094   2.07508
   A67        2.09705   0.00016  -0.00170   0.00348   0.00178   2.09883
   A68        2.11074  -0.00019   0.00004  -0.00091  -0.00087   2.10987
   A69        2.07528   0.00003   0.00166  -0.00256  -0.00089   2.07439
   A70        2.07096  -0.00026   0.00359  -0.00731  -0.00373   2.06722
   A71        2.10608   0.00022  -0.00170   0.00382   0.00211   2.10819
   A72        2.10615   0.00004  -0.00188   0.00349   0.00161   2.10776
   A73        1.83604   0.00045   0.00009   0.00130   0.00135   1.83738
   A74        2.13332   0.00315   0.00093   0.00944   0.01038   2.14370
   A75        2.31285  -0.00359  -0.00100  -0.01043  -0.01142   2.30144
   A76        2.01092   0.00198   0.00045   0.00692   0.00737   2.01828
   A77        2.29761  -0.00402  -0.00098  -0.01397  -0.01495   2.28266
   A78        1.97465   0.00203   0.00053   0.00705   0.00758   1.98224
   A79        2.07760   0.00116   0.00034   0.00386   0.00416   2.08176
   A80        2.15596  -0.00160  -0.00026  -0.00463  -0.00494   2.15102
   A81        2.04648   0.00047  -0.00002   0.00203   0.00196   2.04844
   A82        2.12222  -0.00030  -0.00002  -0.00110  -0.00113   2.12109
   A83        2.08191   0.00014  -0.00005   0.00067   0.00062   2.08253
   A84        2.07892   0.00016   0.00008   0.00050   0.00058   2.07951
   A85        2.12671  -0.00018   0.00004  -0.00081  -0.00077   2.12594
   A86        2.08739  -0.00011  -0.00011  -0.00047  -0.00058   2.08681
   A87        2.06875   0.00029   0.00006   0.00135   0.00141   2.07017
   A88        2.09499   0.00007   0.00016   0.00019   0.00034   2.09533
   A89        2.11135  -0.00002   0.00002  -0.00019  -0.00017   2.11119
   A90        2.07683  -0.00005  -0.00019   0.00000  -0.00018   2.07665
   A91        2.08881   0.00001   0.00012  -0.00005   0.00006   2.08886
   A92        2.07928  -0.00002  -0.00002  -0.00014  -0.00015   2.07913
   A93        2.11508   0.00001  -0.00010   0.00019   0.00010   2.11518
   A94        2.08575  -0.00007  -0.00022   0.00036   0.00014   2.08589
   A95        2.02506  -0.00006   0.00003  -0.00037  -0.00033   2.02473
   A96        2.17230   0.00013   0.00019   0.00003   0.00022   2.17252
   A97        2.08831  -0.00007  -0.00212   0.00416   0.00051   2.08882
   A98        2.08808  -0.00014  -0.00228   0.00418   0.00037   2.08845
   A99        2.10659   0.00023   0.00444  -0.00648  -0.00357   2.10302
   A100       2.06958   0.00026   0.00022   0.00050   0.00072   2.07030
   A101       1.93912   0.00002  -0.00002   0.00014   0.00012   1.93924
   A102       1.84440   0.00006   0.00013   0.00010   0.00023   1.84462
   A103       1.93902  -0.00005  -0.00001  -0.00025  -0.00027   1.93876
   A104       1.91187  -0.00003  -0.00002  -0.00014  -0.00016   1.91172
   A105       1.91568   0.00000  -0.00004   0.00008   0.00003   1.91572
   A106       1.91241   0.00000  -0.00003   0.00008   0.00005   1.91246
   A107       2.02556   0.00011  -0.00001   0.00041   0.00040   2.02596
   A108       2.04129  -0.00031  -0.00012  -0.00087  -0.00099   2.04030
   A109       2.07068   0.00057   0.00037   0.00130   0.00168   2.07236
   A110       1.94231   0.00005   0.00004   0.00022   0.00026   1.94257
   A111       1.85200   0.00004   0.00015  -0.00009   0.00006   1.85206
   A112       1.92852  -0.00003  -0.00004  -0.00011  -0.00015   1.92837
   A113       1.91045  -0.00004  -0.00008  -0.00004  -0.00013   1.91033
   A114       1.91762   0.00000  -0.00003   0.00007   0.00004   1.91766
   A115       1.91175  -0.00002  -0.00003  -0.00006  -0.00009   1.91166
   A116       1.93980  -0.00007  -0.00008  -0.00030  -0.00038   1.93942
   A117       1.84582   0.00007   0.00016   0.00015   0.00031   1.84613
   A118       1.92822   0.00003  -0.00001   0.00018   0.00016   1.92838
   A119       1.92111  -0.00002  -0.00005  -0.00003  -0.00008   1.92102
   A120       1.91611  -0.00001  -0.00003  -0.00008  -0.00010   1.91601
   A121       1.91166   0.00000   0.00001   0.00010   0.00011   1.91177
   A122       1.94081   0.00000   0.00002   0.00000   0.00002   1.94083
   A123       1.93963   0.00003  -0.00002   0.00020   0.00017   1.93981
   A124       1.84284   0.00002   0.00007  -0.00003   0.00004   1.84288
   A125       1.91532   0.00001   0.00000   0.00011   0.00011   1.91543
   A126       1.91166  -0.00002  -0.00004  -0.00009  -0.00013   1.91154
   A127       1.91219  -0.00004  -0.00003  -0.00020  -0.00023   1.91196
    D1        0.00216  -0.00001   0.00011  -0.00057  -0.00046   0.00170
    D2       -3.14031  -0.00003   0.00008  -0.00165  -0.00157   3.14130
    D3        3.11895   0.00003   0.00030   0.00121   0.00151   3.12046
    D4       -0.02351   0.00001   0.00026   0.00013   0.00039  -0.02312
    D5        0.00359   0.00001   0.00001   0.00060   0.00062   0.00421
    D6        3.13532   0.00004   0.00011   0.00221   0.00233   3.13765
    D7       -3.11327  -0.00003  -0.00016  -0.00118  -0.00134  -3.11461
    D8        0.01845   0.00000  -0.00006   0.00043   0.00037   0.01882
    D9       -0.01087   0.00002  -0.00002   0.00077   0.00075  -0.01012
   D10        3.10644   0.00002  -0.00003   0.00157   0.00153   3.10797
   D11        3.13160   0.00005   0.00001   0.00185   0.00186   3.13346
   D12       -0.03429   0.00005   0.00000   0.00265   0.00265  -0.03164
   D13        2.48612   0.00006   0.00075   0.00302   0.00377   2.48989
   D14       -0.65190   0.00006   0.00084   0.00304   0.00387  -0.64803
   D15       -0.65636   0.00003   0.00072   0.00191   0.00263  -0.65373
   D16        2.48880   0.00003   0.00080   0.00193   0.00274   2.49154
   D17        0.01381  -0.00004  -0.00020  -0.00101  -0.00121   0.01260
   D18        3.11032   0.00012   0.00073   0.00579   0.00651   3.11683
   D19       -3.10315  -0.00004  -0.00018  -0.00181  -0.00199  -3.10514
   D20       -0.00664   0.00012   0.00075   0.00499   0.00573  -0.00091
   D21       -0.00795   0.00004   0.00033   0.00104   0.00137  -0.00658
   D22        3.13946  -0.00003   0.00014  -0.00403  -0.00391   3.13555
   D23       -3.11323  -0.00011  -0.00042  -0.00451  -0.00491  -3.11814
   D24        0.03418  -0.00018  -0.00062  -0.00957  -0.01019   0.02400
   D25       -3.13967   0.00014  -0.00006   0.00856   0.00852  -3.13115
   D26        0.04390   0.00005  -0.00064   0.00223   0.00154   0.04544
   D27       -0.03931   0.00029   0.00079   0.01481   0.01560  -0.02371
   D28       -3.13893   0.00020   0.00021   0.00848   0.00862  -3.13031
   D29       -0.00074  -0.00002  -0.00023  -0.00082  -0.00106  -0.00180
   D30       -3.13235  -0.00005  -0.00034  -0.00245  -0.00279  -3.13514
   D31        3.13345   0.00007   0.00001   0.00562   0.00565   3.13909
   D32        0.00184   0.00004  -0.00009   0.00400   0.00392   0.00576
   D33       -0.01508  -0.00003   0.00018   0.00010   0.00030  -0.01478
   D34        3.08655   0.00011   0.00067   0.00809   0.00879   3.09534
   D35        3.13325  -0.00011  -0.00004  -0.00577  -0.00581   3.12745
   D36       -0.04830   0.00003   0.00044   0.00222   0.00267  -0.04562
   D37        0.02115   0.00005   0.00151  -0.00218  -0.00067   0.02047
   D38       -3.13344  -0.00030   0.00044  -0.01331  -0.01284   3.13691
   D39        3.08704   0.00023   0.00073   0.00486   0.00555   3.09260
   D40       -0.06754  -0.00012  -0.00034  -0.00627  -0.00661  -0.07415
   D41        3.07234   0.00024  -0.00031   0.01452   0.01421   3.08655
   D42       -0.03425   0.00010  -0.00072   0.00739   0.00668  -0.02757
   D43       -0.00996   0.00020   0.00032   0.00930   0.00961  -0.00035
   D44       -3.11655   0.00005  -0.00010   0.00216   0.00208  -3.11447
   D45       -3.04245  -0.00049   0.00005  -0.02118  -0.02111  -3.06355
   D46        0.05097  -0.00014   0.00078  -0.01316  -0.01241   0.03856
   D47        0.02967  -0.00028  -0.00067  -0.01458  -0.01526   0.01441
   D48        3.12308   0.00006   0.00006  -0.00656  -0.00657   3.11652
   D49        0.00349  -0.00008  -0.00086  -0.00167  -0.00254   0.00094
   D50        3.13858  -0.00010  -0.00051  -0.00255  -0.00306   3.13552
   D51       -3.12534   0.00028   0.00019   0.00933   0.00955  -3.11579
   D52        0.00975   0.00026   0.00055   0.00846   0.00903   0.01878
   D53       -0.01595  -0.00002  -0.00060   0.00049  -0.00009  -0.01604
   D54       -3.12241   0.00006  -0.00019   0.00248   0.00230  -3.12011
   D55        3.13218   0.00000  -0.00095   0.00137   0.00042   3.13260
   D56        0.02571   0.00008  -0.00055   0.00335   0.00281   0.02852
   D57        0.49039   0.00055   0.01490   0.02172   0.03662   0.52701
   D58       -2.64724   0.00053   0.01435   0.02147   0.03581  -2.61142
   D59       -2.65789   0.00052   0.01527   0.02080   0.03607  -2.62182
   D60        0.48766   0.00050   0.01471   0.02056   0.03527   0.52293
   D61        0.00309   0.00017   0.00137   0.00464   0.00602   0.00911
   D62       -3.10812  -0.00009   0.00049  -0.00547  -0.00497  -3.11309
   D63        3.10966   0.00011   0.00097   0.00278   0.00376   3.11342
   D64       -0.00155  -0.00015   0.00009  -0.00733  -0.00724  -0.00879
   D65       -3.07563  -0.00037  -0.00123  -0.01743  -0.01866  -3.09429
   D66        0.02218  -0.00022  -0.00071  -0.00861  -0.00933   0.01285
   D67        0.03529  -0.00012  -0.00033  -0.00724  -0.00756   0.02772
   D68        3.13310   0.00004   0.00019   0.00158   0.00177   3.13487
   D69        3.13446  -0.00001   0.00000  -0.00018  -0.00017   3.13429
   D70       -0.03961   0.00000  -0.00004   0.00020   0.00016  -0.03945
   D71       -0.01063  -0.00001  -0.00008  -0.00020  -0.00028  -0.01091
   D72        3.09848   0.00000  -0.00013   0.00018   0.00005   3.09854
   D73        3.13263   0.00002   0.00017   0.00059   0.00076   3.13340
   D74       -0.01796   0.00000   0.00006  -0.00002   0.00004  -0.01792
   D75       -0.00547   0.00003   0.00025   0.00061   0.00087  -0.00460
   D76        3.12712   0.00000   0.00014   0.00000   0.00014   3.12726
   D77        0.00406  -0.00001  -0.00016  -0.00010  -0.00026   0.00380
   D78        3.06501   0.00000  -0.00004  -0.00009  -0.00013   3.06488
   D79       -3.10605  -0.00002  -0.00012  -0.00046  -0.00058  -3.10663
   D80       -0.04510  -0.00001   0.00001  -0.00046  -0.00045  -0.04555
   D81        0.02815  -0.00003  -0.00019  -0.00073  -0.00092   0.02723
   D82       -3.10065  -0.00004  -0.00021  -0.00106  -0.00127  -3.10192
   D83       -3.10440   0.00000  -0.00007  -0.00011  -0.00018  -3.10458
   D84        0.04999  -0.00002  -0.00009  -0.00044  -0.00053   0.04945
   D85        0.01823   0.00001   0.00023   0.00000   0.00023   0.01846
   D86        3.06842  -0.00002   0.00016  -0.00019  -0.00003   3.06838
   D87       -3.04045   0.00002   0.00010   0.00005   0.00015  -3.04030
   D88        0.00973  -0.00001   0.00003  -0.00014  -0.00011   0.00962
   D89        1.91330  -0.00001  -0.00071   0.00061  -0.00010   1.91320
   D90       -1.30891  -0.00002  -0.00059   0.00058  -0.00001  -1.30892
   D91       -0.03410   0.00001  -0.00006   0.00041   0.00035  -0.03375
   D92       -3.08149  -0.00001   0.00000   0.00048   0.00048  -3.08101
   D93        3.09571   0.00003  -0.00003   0.00073   0.00070   3.09640
   D94        0.04832   0.00001   0.00002   0.00080   0.00083   0.04915
   D95        0.00498   0.00001   0.00028  -0.00007   0.00021   0.00519
   D96       -3.12436   0.00000   0.00026  -0.00039  -0.00013  -3.12449
   D97        2.08619   0.00019   0.00042   0.00693   0.00735   2.09354
   D98       -1.15030   0.00019   0.00036   0.00683   0.00718  -1.14311
   D99       -3.13732  -0.00001  -0.00062   0.00065   0.00003  -3.13730
   D100       0.03135   0.00010  -0.00049   0.00433   0.00385   0.03520
   D101       0.00048   0.00001  -0.00009   0.00089   0.00080   0.00128
   D102      -3.11402   0.00012   0.00004   0.00457   0.00462  -3.10940
   D103       3.13327   0.00003   0.00082   0.00024   0.00107   3.13434
   D104       0.02319   0.00010   0.00048   0.00298   0.00347   0.02666
   D105      -0.00453   0.00001   0.00030  -0.00001   0.00029  -0.00424
   D106      -3.11462   0.00007  -0.00004   0.00273   0.00269  -3.11193
   D107       0.00294  -0.00002  -0.00013  -0.00092  -0.00105   0.00189
   D108      -3.12477  -0.00003  -0.00041  -0.00080  -0.00122  -3.12599
   D109       3.11770  -0.00011  -0.00026  -0.00445  -0.00471   3.11299
   D110      -0.01001  -0.00012  -0.00055  -0.00433  -0.00487  -0.01488
   D111       0.00508  -0.00003  -0.00028  -0.00082  -0.00110   0.00398
   D112      -3.12001  -0.00007  -0.00090  -0.00110  -0.00201  -3.12201
   D113       3.11546  -0.00007   0.00005  -0.00340  -0.00334   3.11212
   D114      -0.00963  -0.00011  -0.00057  -0.00368  -0.00425  -0.01388
   D115      -0.00244   0.00000   0.00015   0.00007   0.00022  -0.00222
   D116       3.13840  -0.00007   0.00013  -0.00312  -0.00299   3.13541
   D117       3.12554   0.00001   0.00042  -0.00004   0.00038   3.12592
   D118      -0.01680  -0.00006   0.00040  -0.00323  -0.00283  -0.01963
   D119      -0.00148   0.00002   0.00005   0.00079   0.00084  -0.00065
   D120       3.14086   0.00009   0.00006   0.00398   0.00404  -3.13828
   D121       3.12394   0.00006   0.00065   0.00108   0.00173   3.12567
   D122      -0.01690   0.00013   0.00066   0.00427   0.00493  -0.01197
   D123      -0.01529  -0.00031   0.00144  -0.03165  -0.03015  -0.04544
   D124       3.10480   0.00086   0.00576   0.06697   0.07267  -3.10571
   D125       3.12554  -0.00038   0.00142  -0.03491  -0.03343   3.09210
   D126      -0.03756   0.00079   0.00574   0.06371   0.06939   0.03184
   D127       0.13850  -0.00090  -0.00156  -0.02603  -0.02759   0.11090
   D128      -3.00007  -0.00088  -0.00124  -0.02535  -0.02660  -3.02667
   D129      -2.94813  -0.00120  -0.00236  -0.03487  -0.03723  -2.98536
   D130       0.19649  -0.00117  -0.00205  -0.03419  -0.03623   0.16026
   D131      -2.51904  -0.00057  -0.00427  -0.03517  -0.03944  -2.55848
   D132       0.71017  -0.00100  -0.00508  -0.05279  -0.05786   0.65231
   D133       0.62553  -0.00055  -0.00396  -0.03450  -0.03847   0.58707
   D134      -2.42844  -0.00098  -0.00477  -0.05212  -0.05688  -2.48533
   D135      -3.11561   0.00001   0.00038  -0.00384  -0.00351  -3.11912
   D136       0.04357  -0.00014  -0.00019  -0.00870  -0.00893   0.03464
   D137      -0.05617   0.00031   0.00113   0.01234   0.01348  -0.04269
   D138       3.10301   0.00016   0.00056   0.00748   0.00806   3.11107
   D139       3.09969   0.00014  -0.00044   0.00484   0.00437   3.10406
   D140      -0.01395   0.00003  -0.00007   0.00152   0.00141  -0.01254
   D141       0.04427  -0.00032  -0.00125  -0.01258  -0.01384   0.03043
   D142      -3.06938  -0.00042  -0.00089  -0.01591  -0.01679  -3.08616
   D143       0.02715  -0.00010  -0.00017  -0.00434  -0.00452   0.02263
   D144      -3.11843  -0.00015  -0.00063  -0.00529  -0.00592  -3.12435
   D145      -3.13201   0.00005   0.00040   0.00051   0.00090  -3.13111
   D146       0.00561   0.00000  -0.00006  -0.00044  -0.00051   0.00510
   D147      -0.00346   0.00013   0.00042   0.00483   0.00523   0.00177
   D148      -3.13887   0.00012   0.00094   0.00388   0.00481  -3.13406
   D149       3.11047   0.00023   0.00005   0.00809   0.00813   3.11859
   D150      -0.02494   0.00021   0.00057   0.00714   0.00770  -0.01724
   D151       0.01569  -0.00012  -0.00071  -0.00396  -0.00466   0.01103
   D152      -3.13806  -0.00007  -0.00057  -0.00198  -0.00255  -3.14061
   D153      -3.12200  -0.00007  -0.00026  -0.00303  -0.00328  -3.12528
   D154       0.00743  -0.00002  -0.00013  -0.00105  -0.00118   0.00626
   D155      -0.02733   0.00010   0.00059   0.00373   0.00431  -0.02302
   D156       3.12751   0.00005   0.00044   0.00157   0.00202   3.12953
   D157       3.10795   0.00012   0.00006   0.00470   0.00474   3.11269
   D158      -0.02039   0.00006  -0.00009   0.00254   0.00245  -0.01794
   D159       3.13630  -0.00004   0.00123  -0.00360  -0.00237   3.13392
   D160      -0.01813   0.00001   0.00136  -0.00151  -0.00015  -0.01828
   D161       1.08315   0.00003  -0.00075   0.00321   0.00246   1.08561
   D162      -3.12778   0.00003  -0.00070   0.00317   0.00247  -3.12531
   D163      -1.05492   0.00004  -0.00067   0.00319   0.00252  -1.05240
   D164       1.14103   0.00000   0.00006   0.00006   0.00013   1.14116
   D165      -3.06532   0.00001   0.00007   0.00008   0.00016  -3.06517
   D166      -0.99438  -0.00001   0.00010  -0.00010   0.00000  -0.99438
   D167       1.16876  -0.00002   0.00021  -0.00104  -0.00083   1.16793
   D168      -3.02988  -0.00003   0.00021  -0.00115  -0.00094  -3.03083
   D169      -0.96280   0.00003   0.00031  -0.00086  -0.00055  -0.96335
   D170      -1.08607   0.00000   0.00020   0.00021   0.00041  -1.08566
   D171       1.05315   0.00003   0.00020   0.00049   0.00069   1.05384
   D172       3.12514   0.00001   0.00019   0.00034   0.00053   3.12567
         Item               Value     Threshold  Converged?
 Maximum Force            0.004424     0.000450     NO 
 RMS     Force            0.000546     0.000300     NO 
 Maximum Displacement     0.445825     0.001800     NO 
 RMS     Displacement     0.094948     0.001200     NO 
 Predicted change in Energy=-4.550116D-04
 GradGradGradGradGradGradGradGradGradGradGradGradGradGradGradGradGradGrad

 Stoichiometry    C36H29NO6(1-,2)
 Framework group  C1[X(C36H29NO6)]
 Deg. of freedom   210
 Full point group                 C1      NOp   1
 Largest Abelian subgroup         C1      NOp   1
 Largest concise Abelian subgroup C1      NOp   1
                         Standard orientation:                         
 ---------------------------------------------------------------------
 Center     Atomic      Atomic             Coordinates (Angstroms)
 Number     Number       Type             X           Y           Z
 ---------------------------------------------------------------------
      1          6           0        3.148067   -2.541872   -0.210985
      2          6           0        3.475272   -1.168619   -0.200290
      3          6           0        2.431174   -0.223628   -0.162315
      4          6           0        1.103262   -0.647034   -0.148213
      5          6           0        0.794854   -2.029059   -0.156526
      6          6           0        1.821535   -2.976399   -0.186897
      7          1           0        3.943942   -3.278622   -0.260149
      8          1           0        2.675060    0.833803   -0.122000
      9          1           0        1.600681   -4.040074   -0.199634
     10          6           0       -1.247660   -0.879175   -0.085136
     11          6           0       -2.635804   -0.749996   -0.119648
     12          6           0       -3.469788   -1.890060   -0.173810
     13          6           0       -2.855090   -3.164845   -0.190771
     14          6           0       -1.468553   -3.309723   -0.174638
     15          6           0       -0.659426   -2.172360   -0.129804
     16          1           0       -3.091420    0.230835   -0.081660
     17          1           0       -3.473212   -4.054530   -0.252423
     18          1           0       -1.029043   -4.302643   -0.215268
     19          6           0        4.894293   -0.724983   -0.225968
     20          6           0        5.279450    0.411441   -0.949208
     21          6           0        5.880989   -1.443940    0.474972
     22          6           0        6.612623    0.831374   -0.964663
     23          1           0        4.561060    0.973428   -1.536126
     24          6           0        7.218636   -1.039993    0.448580
     25          1           0        5.593200   -2.315726    1.048069
     26          6           0        7.599587    0.123265   -0.260266
     27          6           0       -4.941573   -1.750450   -0.202606
     28          6           0       -5.570917   -0.625542   -0.788078
     29          6           0       -5.791639   -2.733911    0.357648
     30          6           0       -6.949895   -0.481805   -0.816291
     31          1           0       -4.965304    0.143317   -1.258593
     32          6           0       -7.172917   -2.610860    0.344631
     33          1           0       -5.358547   -3.603120    0.843724
     34          6           0       -7.783174   -1.476391   -0.246145
     35          1           0       -7.408793    0.380760   -1.282569
     36          1           0       -7.802547   -3.367474    0.795375
     37          6           0       -0.160362    0.134091   -0.081909
     38          6           0       -0.186889    1.492496   -0.072510
     39          1           0        0.773896    1.984063   -0.225335
     40          6           0       -1.301109    2.427806    0.114932
     41          6           0       -1.288795    3.663874   -0.570629
     42          6           0       -2.357971    2.197032    1.011575
     43          6           0       -2.305683    4.594779   -0.407323
     44          1           0       -0.470626    3.887416   -1.250202
     45          6           0       -3.381258    3.128706    1.198602
     46          1           0       -2.374871    1.282448    1.595258
     47          6           0       -3.366601    4.330751    0.476309
     48          7           0       -9.164190   -1.340530   -0.261621
     49          8           0       -9.699946   -0.265251   -0.759714
     50          8           0       -9.906359   -2.246821    0.303267
     51          8           0       -4.320641    5.300717    0.572130
     52          6           0       -5.431238    5.085635    1.448696
     53          1           0       -5.099978    4.986200    2.488170
     54          1           0       -6.060348    5.970004    1.349758
     55          1           0       -5.999120    4.196472    1.154291
     56          1           0       -4.171253    2.909145    1.906316
     57          1           0       -2.295056    5.534423   -0.950480
     58          8           0        6.945937    1.901885   -1.768214
     59          8           0        8.912771    0.513904   -0.368059
     60          8           0        8.233197   -1.714108    1.067437
     61          6           0        7.281733    3.121697   -1.087919
     62          1           0        8.197944    3.010311   -0.501757
     63          1           0        7.437314    3.869937   -1.866797
     64          1           0        6.458413    3.436765   -0.436270
     65          6           0        9.577646    0.908360    0.848182
     66          1           0        9.699361    0.058947    1.523298
     67          1           0       10.554388    1.286930    0.542940
     68          1           0        9.016817    1.704495    1.351127
     69          6           0        7.925351   -2.911603    1.785356
     70          1           0        7.244795   -2.709454    2.619761
     71          1           0        7.486357   -3.666788    1.124336
     72          1           0        8.877768   -3.274499    2.171806
 ---------------------------------------------------------------------
 Rotational constants (GHZ):      0.1383350      0.0266511      0.0229796
 Standard basis: 6-31++G(d,p) (6D, 7F)
 There are   991 symmetry adapted basis functions of A   symmetry.
 Integral buffers will be    262144 words long.
 Raffenetti 2 integral format.
 Two-electron integral symmetry is turned on.
   991 basis functions,  1608 primitive gaussians,   991 cartesian basis functions
   151 alpha electrons      150 beta electrons
       nuclear repulsion energy      4426.8744704056 Hartrees.
 NAtoms=   72 NActive=   72 NUniq=   72 SFac= 7.50D-01 NAtFMM=   80 NAOKFM=F Big=T
 ------------------------------------------------------------------------------
 Polarizable Continuum Model (PCM)
 =================================
 Model                : C-PCM.
 Atomic radii         : UFF (Universal Force Field).
 Polarization charges : Total charges.
 Charge compensation  : None.
 Solution method      : Matrix inversion.
 Cavity type          : Scaled VdW (van der Waals Surface) (Alpha=1.100).
 Cavity algorithm     : GePol (No added spheres)
                        Default sphere list used, NSphG=   72.
                        Lebedev-Laikov grids with approx.  5.0 points / Ang**2.
                        Smoothing algorithm: Karplus/York (Gamma=1.0000).
                        Polarization charges: spherical gaussians, with
                                              point-specific exponents (IZeta= 3).
                        Self-potential: point-specific (ISelfS= 7).
                        Self-field    : sphere-specific E.n sum rule (ISelfD= 2).
 1st derivatives      : Analytical E(r).r(x)/FMM algorithm (CHGder, D1EAlg=3).
                        Cavity 1st derivative terms included.
 Solvent              : Dichloromethane, Eps=   8.930000 Eps(inf)=   2.028346
 ------------------------------------------------------------------------------
 One-electron integrals computed using PRISM.
 NBasis=   991 RedAO= T  NBF=   991
 NBsUse=   973 1.00D-06 NBFU=   973
 Initial guess read from the read-write file.
 B after Tr=     0.000000    0.000000    0.000000
         Rot=    1.000000    0.000000    0.000000    0.000000 Ang=   0.00 deg.
 Initial guess orbital symmetries:
 Alpha Orbitals:
       Occupied  (A) (A) (A) (A) (A) (A) (A) (A) (A) (A) (A) (A)
                 (A) (A) (A) (A) (A) (A) (A) (A) (A) (A) (A) (A)
                 (A) (A) (A) (A) (A) (A) (A) (A) (A) (A) (A) (A)
                 (A) (A) (A) (A) (A) (A) (A) (A) (A) (A) (A) (A)
                 (A) (A) (A) (A) (A) (A) (A) (A) (A) (A) (A) (A)
                 (A) (A) (A) (A) (A) (A) (A) (A) (A) (A) (A) (A)
                 (A) (A) (A) (A) (A) (A) (A) (A) (A) (A) (A) (A)
                 (A) (A) (A) (A) (A) (A) (A) (A) (A) (A) (A) (A)
                 (A) (A) (A) (A) (A) (A) (A) (A) (A) (A) (A) (A)
                 (A) (A) (A) (A) (A) (A) (A) (A) (A) (A) (A) (A)
                 (A) (A) (A) (A) (A) (A) (A) (A) (A) (A) (A) (A)
                 (A) (A) (A) (A) (A) (A) (A) (A) (A) (A) (A) (A)
                 (A) (A) (A) (A) (A) (A) (A)
       Virtual   (A) (A) (A) (A) (A) (A) (A) (A) (A) (A) (A) (A)
                 (A) (A) (A) (A) (A) (A) (A) (A) (A) (A) (A) (A)
                 (A) (A) (A) (A) (A) (A) (A) (A) (A) (A) (A) (A)
                 (A) (A) (A) (A) (A) (A) (A) (A) (A) (A) (A) (A)
                 (A) (A) (A) (A) (A) (A) (A) (A) (A) (A) (A) (A)
                 (A) (A) (A) (A) (A) (A) (A) (A) (A) (A) (A) (A)
                 (A) (A) (A) (A) (A) (A) (A) (A) (A) (A) (A) (A)
                 (A) (A) (A) (A) (A) (A) (A) (A) (A) (A) (A) (A)
                 (A) (A) (A) (A) (A) (A) (A) (A) (A) (A) (A) (A)
                 (A) (A) (A) (A) (A) (A) (A) (A) (A) (A) (A) (A)
                 (A) (A) (A) (A) (A) (A) (A) (A) (A) (A) (A) (A)
                 (A) (A) (A) (A) (A) (A) (A) (A) (A) (A) (A) (A)
                 (A) (A) (A) (A) (A) (A) (A) (A) (A) (A) (A) (A)
                 (A) (A) (A) (A) (A) (A) (A) (A) (A) (A) (A) (A)
                 (A) (A) (A) (A) (A) (A) (A) (A) (A) (A) (A) (A)
                 (A) (A) (A) (A) (A) (A) (A) (A) (A) (A) (A) (A)
                 (A) (A) (A) (A) (A) (A) (A) (A) (A) (A) (A) (A)
                 (A) (A) (A) (A) (A) (A) (A) (A) (A) (A) (A) (A)
                 (A) (A) (A) (A) (A) (A) (A) (A) (A) (A) (A) (A)
                 (A) (A) (A) (A) (A) (A) (A) (A) (A) (A) (A) (A)
                 (A) (A) (A) (A) (A) (A) (A) (A) (A) (A) (A) (A)
                 (A) (A) (A) (A) (A) (A) (A) (A) (A) (A) (A) (A)
                 (A) (A) (A) (A) (A) (A) (A) (A) (A) (A) (A) (A)
                 (A) (A) (A) (A) (A) (A) (A) (A) (A) (A) (A) (A)
                 (A) (A) (A) (A) (A) (A) (A) (A) (A) (A) (A) (A)
                 (A) (A) (A) (A) (A) (A) (A) (A) (A) (A) (A) (A)
                 (A) (A) (A) (A) (A) (A) (A) (A) (A) (A) (A) (A)
                 (A) (A) (A) (A) (A) (A) (A) (A) (A) (A) (A) (A)
                 (A) (A) (A) (A) (A) (A) (A) (A) (A) (A) (A) (A)
                 (A) (A) (A) (A) (A) (A) (A) (A) (A) (A) (A) (A)
                 (A) (A) (A) (A) (A) (A) (A) (A) (A) (A) (A) (A)
                 (A) (A) (A) (A) (A) (A) (A) (A) (A) (A) (A) (A)
                 (A) (A) (A) (A) (A) (A) (A) (A) (A) (A) (A) (A)
                 (A) (A) (A) (A) (A) (A) (A) (A) (A) (A) (A) (A)
                 (A) (A) (A) (A) (A) (A) (A) (A) (A) (A) (A) (A)
                 (A) (A) (A) (A) (A) (A) (A) (A) (A) (A) (A) (A)
                 (A) (A) (A) (A) (A) (A) (A) (A) (A) (A) (A) (A)
                 (A) (A) (A) (A) (A) (A) (A) (A) (A) (A) (A) (A)
                 (A) (A) (A) (A) (A) (A) (A) (A) (A) (A) (A) (A)
                 (A) (A) (A) (A) (A) (A) (A) (A) (A) (A) (A) (A)
                 (A) (A) (A) (A) (A) (A) (A) (A) (A) (A) (A) (A)
                 (A) (A) (A) (A) (A) (A) (A) (A) (A) (A) (A) (A)
                 (A) (A) (A) (A) (A) (A) (A) (A) (A) (A) (A) (A)
                 (A) (A) (A) (A) (A) (A) (A) (A) (A) (A) (A) (A)
                 (A) (A) (A) (A) (A) (A) (A) (A) (A) (A) (A) (A)
                 (A) (A) (A) (A) (A) (A) (A) (A) (A) (A) (A) (A)
                 (A) (A) (A) (A) (A) (A) (A) (A) (A) (A) (A) (A)
                 (A) (A) (A) (A) (A) (A) (A) (A) (A) (A) (A) (A)
                 (A) (A) (A) (A) (A) (A) (A) (A) (A) (A) (A) (A)
                 (A) (A) (A) (A) (A) (A) (A) (A) (A) (A) (A) (A)
                 (A) (A) (A) (A) (A) (A) (A) (A) (A) (A) (A) (A)
                 (A) (A) (A) (A) (A) (A) (A) (A) (A) (A) (A) (A)
                 (A) (A) (A) (A) (A) (A) (A) (A) (A) (A) (A) (A)
                 (A) (A) (A) (A) (A) (A) (A) (A) (A) (A) (A) (A)
                 (A) (A) (A) (A) (A) (A) (A) (A) (A) (A) (A) (A)
                 (A) (A) (A) (A) (A) (A) (A) (A) (A) (A) (A) (A)
                 (A) (A) (A) (A) (A) (A) (A) (A) (A) (A) (A) (A)
                 (A) (A) (A) (A) (A) (A) (A) (A) (A) (A) (A) (A)
                 (A) (A) (A) (A) (A) (A) (A) (A) (A) (A) (A) (A)
                 (A) (A) (A) (A) (A) (A) (A) (A) (A) (A) (A) (A)
                 (A) (A) (A) (A) (A) (A) (A) (A) (A) (A) (A) (A)
                 (A) (A) (A) (A) (A) (A) (A) (A) (A) (A) (A) (A)
                 (A) (A) (A) (A) (A) (A) (A) (A) (A) (A) (A) (A)
                 (A) (A) (A) (A) (A) (A) (A) (A) (A) (A) (A) (A)
                 (A) (A) (A) (A) (A) (A) (A) (A) (A) (A) (A) (A)
                 (A) (A) (A) (A) (A) (A) (A) (A) (A) (A) (A) (A)
                 (A) (A) (A) (A) (A) (A) (A) (A) (A) (A) (A) (A)
                 (A) (A) (A) (A) (A) (A) (A) (A) (A) (A) (A) (A)
                 (A) (A) (A) (A) (A) (A)
 Beta  Orbitals:
       Occupied  (A) (A) (A) (A) (A) (A) (A) (A) (A) (A) (A) (A)
                 (A) (A) (A) (A) (A) (A) (A) (A) (A) (A) (A) (A)
                 (A) (A) (A) (A) (A) (A) (A) (A) (A) (A) (A) (A)
                 (A) (A) (A) (A) (A) (A) (A) (A) (A) (A) (A) (A)
                 (A) (A) (A) (A) (A) (A) (A) (A) (A) (A) (A) (A)
                 (A) (A) (A) (A) (A) (A) (A) (A) (A) (A) (A) (A)
                 (A) (A) (A) (A) (A) (A) (A) (A) (A) (A) (A) (A)
                 (A) (A) (A) (A) (A) (A) (A) (A) (A) (A) (A) (A)
                 (A) (A) (A) (A) (A) (A) (A) (A) (A) (A) (A) (A)
                 (A) (A) (A) (A) (A) (A) (A) (A) (A) (A) (A) (A)
                 (A) (A) (A) (A) (A) (A) (A) (A) (A) (A) (A) (A)
                 (A) (A) (A) (A) (A) (A) (A) (A) (A) (A) (A) (A)
                 (A) (A) (A) (A) (A) (A)
       Virtual   (A) (A) (A) (A) (A) (A) (A) (A) (A) (A) (A) (A)
                 (A) (A) (A) (A) (A) (A) (A) (A) (A) (A) (A) (A)
                 (A) (A) (A) (A) (A) (A) (A) (A) (A) (A) (A) (A)
                 (A) (A) (A) (A) (A) (A) (A) (A) (A) (A) (A) (A)
                 (A) (A) (A) (A) (A) (A) (A) (A) (A) (A) (A) (A)
                 (A) (A) (A) (A) (A) (A) (A) (A) (A) (A) (A) (A)
                 (A) (A) (A) (A) (A) (A) (A) (A) (A) (A) (A) (A)
                 (A) (A) (A) (A) (A) (A) (A) (A) (A) (A) (A) (A)
                 (A) (A) (A) (A) (A) (A) (A) (A) (A) (A) (A) (A)
                 (A) (A) (A) (A) (A) (A) (A) (A) (A) (A) (A) (A)
                 (A) (A) (A) (A) (A) (A) (A) (A) (A) (A) (A) (A)
                 (A) (A) (A) (A) (A) (A) (A) (A) (A) (A) (A) (A)
                 (A) (A) (A) (A) (A) (A) (A) (A) (A) (A) (A) (A)
                 (A) (A) (A) (A) (A) (A) (A) (A) (A) (A) (A) (A)
                 (A) (A) (A) (A) (A) (A) (A) (A) (A) (A) (A) (A)
                 (A) (A) (A) (A) (A) (A) (A) (A) (A) (A) (A) (A)
                 (A) (A) (A) (A) (A) (A) (A) (A) (A) (A) (A) (A)
                 (A) (A) (A) (A) (A) (A) (A) (A) (A) (A) (A) (A)
                 (A) (A) (A) (A) (A) (A) (A) (A) (A) (A) (A) (A)
                 (A) (A) (A) (A) (A) (A) (A) (A) (A) (A) (A) (A)
                 (A) (A) (A) (A) (A) (A) (A) (A) (A) (A) (A) (A)
                 (A) (A) (A) (A) (A) (A) (A) (A) (A) (A) (A) (A)
                 (A) (A) (A) (A) (A) (A) (A) (A) (A) (A) (A) (A)
                 (A) (A) (A) (A) (A) (A) (A) (A) (A) (A) (A) (A)
                 (A) (A) (A) (A) (A) (A) (A) (A) (A) (A) (A) (A)
                 (A) (A) (A) (A) (A) (A) (A) (A) (A) (A) (A) (A)
                 (A) (A) (A) (A) (A) (A) (A) (A) (A) (A) (A) (A)
                 (A) (A) (A) (A) (A) (A) (A) (A) (A) (A) (A) (A)
                 (A) (A) (A) (A) (A) (A) (A) (A) (A) (A) (A) (A)
                 (A) (A) (A) (A) (A) (A) (A) (A) (A) (A) (A) (A)
                 (A) (A) (A) (A) (A) (A) (A) (A) (A) (A) (A) (A)
                 (A) (A) (A) (A) (A) (A) (A) (A) (A) (A) (A) (A)
                 (A) (A) (A) (A) (A) (A) (A) (A) (A) (A) (A) (A)
                 (A) (A) (A) (A) (A) (A) (A) (A) (A) (A) (A) (A)
                 (A) (A) (A) (A) (A) (A) (A) (A) (A) (A) (A) (A)
                 (A) (A) (A) (A) (A) (A) (A) (A) (A) (A) (A) (A)
                 (A) (A) (A) (A) (A) (A) (A) (A) (A) (A) (A) (A)
                 (A) (A) (A) (A) (A) (A) (A) (A) (A) (A) (A) (A)
                 (A) (A) (A) (A) (A) (A) (A) (A) (A) (A) (A) (A)
                 (A) (A) (A) (A) (A) (A) (A) (A) (A) (A) (A) (A)
                 (A) (A) (A) (A) (A) (A) (A) (A) (A) (A) (A) (A)
                 (A) (A) (A) (A) (A) (A) (A) (A) (A) (A) (A) (A)
                 (A) (A) (A) (A) (A) (A) (A) (A) (A) (A) (A) (A)
                 (A) (A) (A) (A) (A) (A) (A) (A) (A) (A) (A) (A)
                 (A) (A) (A) (A) (A) (A) (A) (A) (A) (A) (A) (A)
                 (A) (A) (A) (A) (A) (A) (A) (A) (A) (A) (A) (A)
                 (A) (A) (A) (A) (A) (A) (A) (A) (A) (A) (A) (A)
                 (A) (A) (A) (A) (A) (A) (A) (A) (A) (A) (A) (A)
                 (A) (A) (A) (A) (A) (A) (A) (A) (A) (A) (A) (A)
                 (A) (A) (A) (A) (A) (A) (A) (A) (A) (A) (A) (A)
                 (A) (A) (A) (A) (A) (A) (A) (A) (A) (A) (A) (A)
                 (A) (A) (A) (A) (A) (A) (A) (A) (A) (A) (A) (A)
                 (A) (A) (A) (A) (A) (A) (A) (A) (A) (A) (A) (A)
                 (A) (A) (A) (A) (A) (A) (A) (A) (A) (A) (A) (A)
                 (A) (A) (A) (A) (A) (A) (A) (A) (A) (A) (A) (A)
                 (A) (A) (A) (A) (A) (A) (A) (A) (A) (A) (A) (A)
                 (A) (A) (A) (A) (A) (A) (A) (A) (A) (A) (A) (A)
                 (A) (A) (A) (A) (A) (A) (A) (A) (A) (A) (A) (A)
                 (A) (A) (A) (A) (A) (A) (A) (A) (A) (A) (A) (A)
                 (A) (A) (A) (A) (A) (A) (A) (A) (A) (A) (A) (A)
                 (A) (A) (A) (A) (A) (A) (A) (A) (A) (A) (A) (A)
                 (A) (A) (A) (A) (A) (A) (A) (A) (A) (A) (A) (A)
                 (A) (A) (A) (A) (A) (A) (A) (A) (A) (A) (A) (A)
                 (A) (A) (A) (A) (A) (A) (A) (A) (A) (A) (A) (A)
                 (A) (A) (A) (A) (A) (A) (A) (A) (A) (A) (A) (A)
                 (A) (A) (A) (A) (A) (A) (A) (A) (A) (A) (A) (A)
                 (A) (A) (A) (A) (A) (A) (A) (A) (A) (A) (A) (A)
                 (A) (A) (A) (A) (A) (A) (A) (A) (A) (A) (A) (A)
                 (A) (A) (A) (A) (A) (A) (A)
 Initial guess <Sx>= 0.0000 <Sy>= 0.0000 <Sz>= 0.5000 <S**2>= 0.7647 S= 0.5073
 Harris functional with IExCor=  402 diagonalized for initial guess.
 ExpMin= 3.60D-02 ExpMax= 5.48D+03 ExpMxC= 8.25D+02 IAcc=3 IRadAn=         0 AccDes= 0.00D+00
 HarFok:  IExCor=  402 AccDes= 0.00D+00 IRadAn=         0 IDoV= 1
 ScaDFX=  1.000000  1.000000  1.000000  1.000000
 FoFCou: FMM=F IPFlag=           0 FMFlag=      100000 FMFlg1=           1
         NFxFlg=           0 DoJE=T BraDBF=F KetDBF=T FulRan=T
         Omega=  0.000000  0.000000  1.000000  0.000000  0.000000 ICntrl=     500 IOpCl=  0
         NMat0=    1 NMatS0=    1 NMatT0=    0 NMatD0=    1 NMtDS0=    0 NMtDT0=    0
         I1Cent=           4 NGrid=           0.
 Petite list used in FoFCou.
 Requested convergence on RMS density matrix=1.00D-08 within 128 cycles.
 Requested convergence on MAX density matrix=1.00D-06.
 Requested convergence on             energy=1.00D-06.
 No special actions if energy rises.
 Out-of-memory error in routine FoFCou-ConvLn (IEnd=       2127441 MxCore=       2120301)
 Use %mem=33MW to provide the minimum amount of memory required to complete this step.
 Error termination via Lnk1e in C:\G09W\l502.exe at Thu May 08 18:51:04 2025.
 Job cpu time:  4 days 23 hours 21 minutes 18.0 seconds.
 File lengths (MBytes):  RWF=   1280 Int=      0 D2E=      0 Chk=     68 Scr=      1
