 Entering Link 1 = C:\G09W\l1.exe PID=     23456.
  
 Copyright (c) 1988,1990,1992,1993,1995,1998,2003,2009, Gaussian, Inc.
                  All Rights Reserved.
  
 This is part of the Gaussian(R) 09 program.  It is based on
 the Gaussian(R) 03 system (copyright 2003, Gaussian, Inc.),
 the Gaussian(R) 98 system (copyright 1998, Gaussian, Inc.),
 the Gaussian(R) 94 system (copyright 1995, Gaussian, Inc.),
 the Gaussian 92(TM) system (copyright 1992, Gaussian, Inc.),
 the Gaussian 90(TM) system (copyright 1990, Gaussian, Inc.),
 the Gaussian 88(TM) system (copyright 1988, Gaussian, Inc.),
 the Gaussian 86(TM) system (copyright 1986, Carnegie Mellon
 University), and the Gaussian 82(TM) system (copyright 1983,
 Carnegie Mellon University). Gaussian is a federally registered
 trademark of Gaussian, Inc.
  
 This software contains proprietary and confidential information,
 including trade secrets, belonging to Gaussian, Inc.
  
 This software is provided under written license and may be
 used, copied, transmitted, or stored only in accord with that
 written license.
  
 The following legend is applicable only to US Government
 contracts under FAR:
  
                    RESTRICTED RIGHTS LEGEND
  
 Use, reproduction and disclosure by the US Government is
 subject to restrictions as set forth in subparagraphs (a)
 and (c) of the Commercial Computer Software - Restricted
 Rights clause in FAR 52.227-19.
  
 Gaussian, Inc.
 340 Quinnipiac St., Bldg. 40, Wallingford CT 06492
  
  
 ---------------------------------------------------------------
 Warning -- This program may not be used in any manner that
 competes with the business of Gaussian, Inc. or will provide
 assistance to any competitor of Gaussian, Inc.  The licensee
 of this program is prohibited from giving any competitor of
 Gaussian, Inc. access to this program.  By using this program,
 the user acknowledges that Gaussian, Inc. is engaged in the
 business of creating and licensing software in the field of
 computational chemistry and represents and warrants to the
 licensee that it is not a competitor of Gaussian, Inc. and that
 it will not use this program in any manner prohibited above.
 ---------------------------------------------------------------
  

 Cite this work as:
 Gaussian 09, Revision A.02,
 M. J. Frisch, G. W. Trucks, H. B. Schlegel, G. E. Scuseria, 
 M. A. Robb, J. R. Cheeseman, G. Scalmani, V. Barone, B. Mennucci, 
 G. A. Petersson, H. Nakatsuji, M. Caricato, X. Li, H. P. Hratchian, 
 A. F. Izmaylov, J. Bloino, G. Zheng, J. L. Sonnenberg, M. Hada, 
 M. Ehara, K. Toyota, R. Fukuda, J. Hasegawa, M. Ishida, T. Nakajima, 
 Y. Honda, O. Kitao, H. Nakai, T. Vreven, J. A. Montgomery, Jr., 
 J. E. Peralta, F. Ogliaro, M. Bearpark, J. J. Heyd, E. Brothers, 
 K. N. Kudin, V. N. Staroverov, R. Kobayashi, J. Normand, 
 K. Raghavachari, A. Rendell, J. C. Burant, S. S. Iyengar, J. Tomasi, 
 M. Cossi, N. Rega, J. M. Millam, M. Klene, J. E. Knox, J. B. Cross, 
 V. Bakken, C. Adamo, J. Jaramillo, R. Gomperts, R. E. Stratmann, 
 O. Yazyev, A. J. Austin, R. Cammi, C. Pomelli, J. W. Ochterski, 
 R. L. Martin, K. Morokuma, V. G. Zakrzewski, G. A. Voth, 
 P. Salvador, J. J. Dannenberg, S. Dapprich, A. D. Daniels, 
 O. Farkas, J. B. Foresman, J. V. Ortiz, J. Cioslowski, 
 and D. J. Fox, Gaussian, Inc., Wallingford CT, 2009.
 
 ******************************************
 Gaussian 09:  IA32W-G09RevA.02 11-Jun-2009
                10-Jul-2025 
 ******************************************
 %chk=N-BAP-point-1chg-10states.chk
 ----------------------------------------------------------------------
 # td=(singlets,nstates=10) ub3lyp/6-311++g(d,p) scrf=(cpcm,solvent=wat
 er) geom=connectivity
 ----------------------------------------------------------------------
 1/38=1,57=2/1;
 2/12=2,17=6,18=5,40=1/2;
 3/5=4,6=6,7=1111,11=2,16=1,25=1,30=1,70=2101,72=1,74=-5,116=2/1,2,8,3;
 4//1;
 5/5=2,38=5,53=1/2;
 8/6=1,10=2,108=10/1;
 9/41=10,42=1,48=1/14;
 6/7=2,8=2,9=2,10=2/1;
 99/5=1,9=1/99;
 --------------------------
 N-BAP Opt+Freq (DFT B3lyp)
 --------------------------
 Symbolic Z-matrix:
 Charge =  1 Multiplicity = 1
 C                     2.35943  -0.80329   0.1419 
 C                    -0.01178  -0.63699   0.09987 
 C                     0.0092    0.73245  -0.14765 
 C                     1.27809   1.36538  -0.23737 
 C                     2.46196   0.54458  -0.09808 
 C                    -1.24332   1.39759  -0.26313 
 C                    -2.45916   0.61208  -0.13979 
 C                    -2.39135  -0.73285   0.12485 
 C                    -1.18542   2.78676  -0.47342 
 C                     0.05087   3.42934  -0.55464 
 C                     1.26656   2.75421  -0.43918 
 H                    -2.08982   3.37272  -0.55912 
 H                     0.06758   4.50286  -0.70766 
 H                     2.18979   3.31483  -0.49537 
 C                     3.53247  -1.74696   0.25575 
 H                     4.37784  -1.21595   0.69042 
 H                     3.2948   -2.54806   0.95886 
 C                     3.94274  -2.35295  -1.0992 
 H                     4.25061  -1.57224  -1.79868 
 H                     4.7814   -3.03899  -0.95965 
 H                     3.12242  -2.9111   -1.55614 
 C                     3.81191   1.24194  -0.19794 
 H                     4.61048   0.51419  -0.44102 
 H                     3.79714   1.92     -1.07022 
 C                     4.43956   1.92372   1.08336 
 H                     4.98525   2.82996   0.82461 
 H                     3.71358   2.18213   1.86382 
 H                     5.16047   1.23459   1.53455 
 C                    -3.84049   1.32671  -0.25133 
 H                    -3.73511   2.09964  -1.03918 
 H                    -4.54416   0.63195  -0.74736 
 C                    -4.3605    1.89357   1.10336 
 H                    -4.36076   1.10397   1.86198 
 H                    -3.73614   2.71733   1.46664 
 H                    -5.37937   2.28392   1.03855 
 C                    -3.58565  -1.64387   0.26774 
 H                    -4.43264  -1.0723    0.64651 
 H                    -3.3759   -2.40232   1.02459 
 C                    -3.97561  -2.32476  -1.0583 
 H                    -4.82692  -2.99028  -0.89785 
 H                    -4.25666  -1.58409  -1.81082 
 H                    -3.15452  -2.91922  -1.46518 
 N                     1.0991   -1.37179   0.26142 
 N                    -1.14639  -1.3429    0.23127 
 C                    -0.8148   -2.73302   0.63827 
 H                    -1.30767  -3.45676  -0.00536 
 H                    -1.12878  -2.89141   1.66941 
 C                     0.72739  -2.79005   0.49311 
 H                     1.03397  -3.3951   -0.3593 
 H                     1.20161  -3.16894   1.39493 
 
                          Input orientation:                          
 ---------------------------------------------------------------------
 Center     Atomic      Atomic             Coordinates (Angstroms)
 Number     Number       Type             X           Y           Z
 ---------------------------------------------------------------------
      1          6           0        2.359425   -0.803294    0.141902
      2          6           0       -0.011782   -0.636988    0.099873
      3          6           0        0.009203    0.732446   -0.147645
      4          6           0        1.278094    1.365377   -0.237366
      5          6           0        2.461956    0.544584   -0.098082
      6          6           0       -1.243316    1.397586   -0.263129
      7          6           0       -2.459162    0.612080   -0.139787
      8          6           0       -2.391345   -0.732853    0.124845
      9          6           0       -1.185417    2.786762   -0.473418
     10          6           0        0.050868    3.429338   -0.554637
     11          6           0        1.266563    2.754212   -0.439179
     12          1           0       -2.089816    3.372718   -0.559117
     13          1           0        0.067579    4.502864   -0.707660
     14          1           0        2.189794    3.314829   -0.495366
     15          6           0        3.532470   -1.746962    0.255754
     16          1           0        4.377842   -1.215947    0.690416
     17          1           0        3.294796   -2.548061    0.958862
     18          6           0        3.942739   -2.352948   -1.099197
     19          1           0        4.250609   -1.572240   -1.798684
     20          1           0        4.781395   -3.038991   -0.959648
     21          1           0        3.122416   -2.911101   -1.556137
     22          6           0        3.811909    1.241941   -0.197943
     23          1           0        4.610475    0.514185   -0.441015
     24          1           0        3.797139    1.920001   -1.070216
     25          6           0        4.439557    1.923716    1.083360
     26          1           0        4.985254    2.829960    0.824612
     27          1           0        3.713575    2.182126    1.863816
     28          1           0        5.160470    1.234590    1.534546
     29          6           0       -3.840491    1.326705   -0.251330
     30          1           0       -3.735114    2.099639   -1.039178
     31          1           0       -4.544156    0.631952   -0.747364
     32          6           0       -4.360502    1.893573    1.103359
     33          1           0       -4.360759    1.103969    1.861982
     34          1           0       -3.736143    2.717325    1.466641
     35          1           0       -5.379369    2.283917    1.038548
     36          6           0       -3.585654   -1.643868    0.267739
     37          1           0       -4.432635   -1.072295    0.646508
     38          1           0       -3.375899   -2.402315    1.024594
     39          6           0       -3.975610   -2.324759   -1.058301
     40          1           0       -4.826918   -2.990284   -0.897850
     41          1           0       -4.256662   -1.584093   -1.810818
     42          1           0       -3.154520   -2.919215   -1.465176
     43          7           0        1.099096   -1.371786    0.261420
     44          7           0       -1.146386   -1.342895    0.231269
     45          6           0       -0.814801   -2.733020    0.638267
     46          1           0       -1.307673   -3.456763   -0.005364
     47          1           0       -1.128778   -2.891407    1.669406
     48          6           0        0.727387   -2.790054    0.493112
     49          1           0        1.033967   -3.395095   -0.359296
     50          1           0        1.201608   -3.168938    1.394932
 ---------------------------------------------------------------------
                    Distance matrix (angstroms):
                    1          2          3          4          5
     1  C    0.000000
     2  C    2.377403   0.000000
     3  C    2.822389   1.391781   0.000000
     4  C    2.452806   2.405613   1.420822   0.000000
     5  C    1.372909   2.748577   2.460436   1.447284   0.000000
     6  C    4.241187   2.405813   1.422867   2.521747   3.805771
     7  C    5.030051   2.758129   2.471310   3.813668   4.921758
     8  C    4.751323   2.381624   2.825594   4.242470   5.023552
     9  C    5.082620   3.664443   2.398637   2.853935   4.297856
    10  C    4.871322   4.119140   2.727747   2.422123   3.787294
    11  C    3.766676   3.664012   2.398642   1.403469   2.535304
    12  H    6.142170   4.564015   3.397974   3.933924   5.378617
    13  H    5.842057   5.203507   3.812227   3.395637   4.666113
    14  H    4.170590   4.562686   3.397733   2.167516   2.811790
    15  C    1.509803   3.717266   4.327078   3.874536   2.553896
    16  H    2.131937   4.466848   4.856294   4.139136   2.718790
    17  H    2.141624   3.914527   4.772966   4.562132   3.372715
    18  C    2.539417   4.474430   5.088989   4.655000   3.404503
    19  H    2.816688   4.758907   5.101670   4.461295   3.251503
    20  H    3.475297   5.465048   6.136522   5.673911   4.354779
    21  H    2.812177   4.211550   4.995136   4.840346   3.808397
    22  C    2.531440   4.270794   3.837016   2.537126   1.522712
    23  H    2.672596   4.794061   4.615778   3.445397   2.175928
    24  H    3.309469   4.734467   4.075522   2.710504   2.149309
    25  C    3.556666   5.228659   4.750004   3.471442   2.684905
    26  H    4.534491   6.124977   5.486887   4.125026   3.527228
    27  H    3.702897   4.993714   4.457569   3.318676   2.845547
    28  H    3.733401   5.684477   5.442193   4.269616   3.228554
    29  C    6.567380   4.317227   3.896670   5.118750   6.352640
    30  H    6.853129   4.759177   4.084600   5.129746   6.458137
    31  H    7.107050   4.782304   4.593783   5.890382   7.036676
    32  C    7.304445   5.130506   4.691220   5.819820   7.057561
    33  H    7.194248   5.004954   4.824230   6.022646   7.120688
    34  H    7.162796   5.195222   4.535778   5.465709   6.751710
    35  H    8.379963   6.182539   5.731564   6.840576   8.111941
    36  C    6.005528   3.716793   4.329250   5.741666   6.441796
    37  H    6.816089   4.475739   4.859804   6.271834   7.120681
    38  H    6.019132   3.910086   4.760230   6.119452   6.635146
    39  C    6.624803   4.461151   5.104364   6.472437   7.113185
    40  H    7.583372   5.451512   6.148951   7.528559   8.140185
    41  H    6.942289   4.750448   5.131287   6.465961   7.252900
    42  H    6.120736   4.187450   5.007960   6.285962   6.738817
    43  N    1.387767   1.341669   2.404785   2.787990   2.378887
    44  N    3.548220   1.342720   2.405411   3.665032   4.085484
    45  C    3.747790   2.308259   3.647752   4.684421   4.692764
    46  H    4.528818   3.105083   4.393618   5.476591   5.498134
    47  H    4.342930   2.965387   4.210580   5.248716   5.274791
    48  C    2.595017   2.310130   3.651625   4.254936   3.805003
    49  H    2.953891   2.985227   4.258114   4.768287   4.198625
    50  H    2.916658   3.091968   4.361441   4.819778   4.196167
                    6          7          8          9         10
     6  C    0.000000
     7  C    1.452761   0.000000
     8  C    2.450972   1.372397   0.000000
     9  C    1.406195   2.542239   3.768272   0.000000
    10  C    2.426501   3.795958   4.873390   1.395672   0.000000
    11  C    2.858482   4.308061   5.085080   2.452435   1.395364
    12  H    2.169174   2.816625   4.173061   1.081030   2.141437
    13  H    3.399824   4.673874   5.843980   2.137726   1.084506
    14  H    3.939035   5.389256   6.144528   3.416341   2.142809
    15  C    5.741564   6.451448   6.011417   6.583677   6.290657
    16  H    6.271939   7.125696   6.809930   6.951693   6.469276
    17  H    6.136436   6.655941   6.026837   7.112248   6.967284
    18  C    6.454509   7.120126   6.651587   7.287400   6.991283
    19  H    6.431252   7.248739   6.965636   7.092786   6.648403
    20  H    7.514353   8.150347   7.612003   8.353362   8.023790
    21  H    6.268674   6.750768   6.162145   7.224635   7.116079
    22  C    5.058041   6.302891   6.518003   5.237903   4.365474
    23  H    5.922745   7.076729   7.134479   6.225594   5.413044
    24  H    5.131325   6.458921   6.838358   5.092476   4.071666
    25  C    5.863863   7.128029   7.391707   5.899893   4.920419
    26  H    6.483052   7.827413   8.221771   6.305865   5.158464
    27  H    5.450703   6.676987   6.985068   5.461536   4.562880
    28  H    6.653321   7.826219   7.930195   6.834577   5.940508
    29  C    2.598169   1.559231   2.546235   3.038175   4.433479
    30  H    2.702626   2.156337   3.344200   2.700588   4.041848
    31  H    3.422897   2.171807   2.694074   3.999923   5.383006
    32  C    3.439497   2.608204   3.425373   3.655841   4.956583
    33  H    3.784278   2.804479   3.204708   4.285870   5.541646
    34  H    3.308776   2.939957   3.938607   3.205441   4.351319
    35  H    4.425707   3.565266   4.343275   4.486438   5.773881
    36  C    3.875411   2.554283   1.508887   5.093224   6.295873
    37  H    4.135155   2.711084   2.134061   5.166331   6.466007
    38  H    4.543720   3.358983   2.136820   5.828273   6.945853
    39  C    4.685465   3.430496   2.538483   5.852770   7.041011
    40  H    5.700744   4.376980   3.474754   6.842144   8.069829
    41  H    4.512871   3.293407   2.819718   5.506865   6.728097
    42  H    4.871590   3.835391   2.809054   6.117117   7.169918
    43  N    3.664897   4.093640   3.551066   4.801303   4.981518
    44  N    2.786406   2.383902   1.390468   4.189531   4.982497
    45  C    4.249476   3.807753   2.598030   5.642800   6.336171
    46  H    4.861614   4.230778   2.934448   6.262238   7.040293
    47  H    4.705664   4.161433   2.939235   6.069309   6.803657
    48  C    4.689552   4.704165   3.754222   5.974435   6.343208
    49  H    5.307076   5.320487   4.365167   6.569174   6.897647
    50  H    5.438746   5.482034   4.522935   6.682738   6.975835
                   11         12         13         14         15
    11  C    0.000000
    12  H    3.414999   0.000000
    13  H    2.137154   2.440010   0.000000
    14  H    1.081575   4.280476   2.441371   0.000000
    15  C    5.087026   7.647564   7.210684   5.290434   0.000000
    16  H    5.168966   8.027937   7.296423   5.169290   1.088835
    17  H    5.846567   8.145792   7.931442   6.140789   1.092067
    18  C    5.803501   8.334666   7.884943   5.963315   1.539945
    19  H    5.428717   8.135731   7.456203   5.461597   2.183338
    20  H    6.796038   9.406592   8.897367   6.877716   2.169413
    21  H    6.065275   8.224828   8.063425   6.384138   2.192330
    22  C    2.970513   6.284983   4.991336   2.648883   3.036028
    23  H    4.024857   7.285538   6.051327   3.702196   2.600071
    24  H    2.738235   6.085051   4.551071   2.204440   3.908307
    25  C    3.616039   6.886948   5.382745   3.080423   3.870609
    26  H    3.928303   7.229516   5.415717   3.129223   4.835535
    27  H    3.408656   6.400583   5.029076   3.028310   4.249282
    28  H    4.622483   7.843575   6.453421   4.156062   3.629786
    29  C    5.306135   2.710307   5.056603   6.354253   8.004069
    30  H    5.079886   2.134993   4.510639   6.072640   8.324119
    31  H    6.193821   3.683887   6.021099   7.253097   8.479231
    32  C    5.897795   3.179263   5.449412   6.890738   8.733323
    33  H    6.299635   4.020712   6.145382   7.304433   8.544638
    34  H    5.353557   2.691399   4.731177   6.270822   8.615616
    35  H    6.824461   3.815649   6.135325   7.791527   9.812320
    36  C    6.586870   5.299751   7.216636   7.650281   7.118881
    37  H    6.949945   5.167250   7.291646   8.025416   8.003172
    38  H    7.091182   6.124798   7.908207   8.122374   6.981845
    39  C    7.325274   6.022180   7.942718   8.374608   7.644073
    40  H    8.386902   6.935003   8.952069   9.441964   8.529714
    41  H    7.155997   5.552653   7.547653   8.202844   8.060262
    42  H    7.265426   6.445383   8.126685   8.268345   7.003686
    43  N    4.188406   5.775185   6.042736   4.871007   2.462133
    44  N    4.801886   4.873579   6.043856   5.775161   4.696335
    45  C    5.966798   6.351333   7.412701   6.847568   4.474080
    46  H    6.737292   6.896390   8.108033   7.637201   5.139901
    47  H    6.485122   6.717825   7.858559   7.363187   5.003539
    48  C    5.647899   6.857374   7.420502   6.354944   3.002144
    49  H    6.154223   7.456624   7.964485   6.810105   3.055674
    50  H    6.200959   7.579251   8.035139   6.825612   2.958489
                   16         17         18         19         20
    16  H    0.000000
    17  H    1.737694   0.000000
    18  C    2.164440   2.166450   0.000000
    19  H    2.517688   3.077315   1.092507   0.000000
    20  H    2.491798   2.476221   1.092462   1.771179   0.000000
    21  H    3.081662   2.546907   1.092364   1.767540   1.767588
    22  C    2.674075   3.996213   3.708450   3.267177   4.454938
    23  H    2.080291   3.614971   3.016542   2.515142   3.594893
    24  H    3.642967   4.932858   4.275527   3.596116   5.056935
    25  C    3.164759   4.617658   4.827032   4.534709   5.377657
    26  H    4.093449   5.639041   5.625870   5.176944   6.137567
    27  H    3.655820   4.834148   5.422071   5.272341   6.030941
    28  H    2.707433   4.256830   4.614098   4.451580   4.962680
    29  C    8.654072   8.209184   8.650861   8.732931   9.690095
    30  H    8.933345   8.661000   8.875729   8.822206   9.946998
    31  H    9.224098   8.629766   9.003377   9.127520  10.024310
    32  C    9.284304   8.851699   9.582693   9.725479  10.590584
    33  H    9.116892   8.529975   9.469263   9.732329  10.426154
    34  H    9.050409   8.798649   9.552823   9.635918  10.562694
    35  H   10.371760   9.929527  10.628837  10.754362  11.643336
    36  C    7.986178   6.973938   7.684270   8.104459   8.570902
    37  H    8.811757   7.873286   8.650691   9.034801   9.557509
    38  H    7.851092   6.672611   7.620721   8.174567   8.419265
    39  C    8.606256   7.548352   7.918505   8.293680   8.786637
    40  H    9.507811   8.342972   8.795091   9.231676   9.608635
    41  H    8.997020   8.100918   8.266058   8.507288   9.193894
    42  H    8.017741   6.899811   7.129213   7.534023   7.952902
    43  N    3.310362   2.586725   3.301555   3.770444   4.222547
    44  N    5.544730   4.658961   5.356262   5.770690   6.279619
    45  C    5.409970   4.126231   5.079116   5.739732   5.827895
    46  H    6.150646   4.789383   5.475555   6.136931   6.177535
    47  H    5.838532   4.493414   5.803050   6.534956   6.470228
    48  C    3.980272   2.620510   3.614554   4.375899   4.313637
    49  H    4.126994   2.750701   3.177181   3.967546   3.811883
    50  H    3.794599   2.226450   3.794775   4.695214   4.286701
                   21         22         23         24         25
    21  H    0.000000
    22  C    4.423556   0.000000
    23  H    3.897486   1.107439   0.000000
    24  H    4.902134   1.104918   1.741760   0.000000
    25  C    5.663679   1.581296   2.083197   2.247355   0.000000
    26  H    6.488290   2.223547   2.665537   2.414543   1.089043
    27  H    6.163320   2.268142   2.983069   2.946903   1.096785
    28  H    5.558124   2.195493   2.173550   3.018815   1.094614
    29  C    8.254913   7.653056   8.492055   7.704282   8.408152
    30  H    8.508847   7.642047   8.515886   7.534459   8.447565
    31  H    8.484319   8.396295   9.160512   8.446331   9.258904
    32  C    9.281803   8.300983   9.206858   8.442288   8.800133
    33  H    9.154356   8.429403   9.280877   8.707181   8.872643
    34  H    9.373164   7.868970   8.840758   7.988849   8.223065
    35  H   10.295676   9.332428  10.252709   9.422718   9.825633
    36  C    7.066159   7.954162   8.505061   8.306438   8.820255
    37  H    8.081562   8.604725   9.245402   8.923573   9.374578
    38  H    7.010502   8.151060   8.627639   8.632677   8.933048
    39  C    7.139581   8.608543   9.064298   8.856283   9.667021
    40  H    7.976937   9.645254  10.077420   9.925471  10.674275
    41  H    7.501773   8.699981   9.214404   8.814243   9.813522
    42  H    6.277600   8.212931   8.551742   8.479361   9.360503
    43  N    3.125192   3.794988   4.047232   4.459658   4.763885
    44  N    4.886385   5.608056   6.086227   6.064552   6.526834
    45  C    4.510964   6.156785   6.414266   6.770488   7.035025
    46  H    4.725286   6.951620   7.140217   7.490167   7.947674
    47  H    5.336400   6.706858   6.999354   7.410792   7.384796
    48  C    3.154400   5.123360   5.183528   5.835408   6.028949
    49  H    2.455259   5.407874   5.299109   6.032476   6.478352
    50  H    3.530551   5.367194   5.343825   6.221819   6.042890
                   26         27         28         29         30
    26  H    0.000000
    27  H    1.765446   0.000000
    28  H    1.754968   1.760610   0.000000
    29  C    9.017272   7.891103   9.176881   0.000000
    30  H    8.947173   7.994820   9.300741   1.108709   0.000000
    31  H    9.905150   8.798376   9.987495   1.106289   1.701120
    32  C    9.396684   8.114942   9.553486   1.557862   2.241437
    33  H    9.560499   8.145999   9.527753   2.187779   3.130418
    34  H    8.745722   7.479471   9.019581   2.212722   2.580827
    35  H   10.381201   9.130885  10.603552   2.224452   2.656027
    36  C    9.684302   8.394310   9.294353   3.026331   3.967898
    37  H   10.195879   8.856288   9.906462   2.629058   3.659131
    38  H    9.865372   8.484223   9.292832   3.968554   4.965459
    39  C   10.507786   9.379464  10.141981   3.742011   4.430971
    40  H   11.537800  10.359568  11.113687   4.475201   5.207622
    41  H   10.575555   9.550498  10.383584   3.328355   3.799648
    42  H   10.225070   9.180229   9.766857   4.468984   5.070252
    43  N    5.751007   4.693982   4.990872   5.651928   6.091956
    44  N    7.440550   6.221752   6.936742   3.823332   4.490723
    45  C    8.038788   6.794617   7.228354   5.140773   5.890386
    46  H    8.933794   7.778421   8.137382   5.418231   6.151004
    47  H    8.416003   7.016189   7.523076   5.369831   6.248196
    48  C    7.058603   5.959759   6.077382   6.194143   6.794919
    49  H    7.467638   6.574794   6.484493   6.787296   7.307426
    50  H    7.115337   5.929900   5.923102   6.952967   7.619319
                   31         32         33         34         35
    31  H    0.000000
    32  C    2.247352   0.000000
    33  H    2.658030   1.094981   0.000000
    34  H    3.146980   1.095612   1.774643   0.000000
    35  H    2.572168   1.093005   1.762920   1.752512   0.000000
    36  C    2.669928   3.716469   3.270016   4.525485   4.386235
    37  H    2.204489   3.001714   2.493726   3.939408   3.509154
    38  H    3.702896   4.407981   3.737004   5.151300   5.096553
    39  C    3.026891   4.755548   4.520240   5.644049   5.254256
    40  H    3.636371   5.298532   4.959525   6.273548   5.645532
    41  H    2.474761   4.538433   4.552579   5.432759   4.933646
    42  H    3.880352   5.587011   5.358265   6.380002   6.187986
    43  N    6.072800   6.417059   6.204932   6.446156   7.479211
    44  N    4.050010   4.643900   4.356439   4.971757   5.632372
    45  C    5.210672   5.847535   5.365984   6.239127   6.794495
    46  H    5.267160   6.259004   5.797292   6.795854   7.115045
    47  H    5.469885   5.801765   5.142550   6.188485   6.726774
    48  C    6.406096   6.942289   6.551828   7.155563   7.958338
    49  H    6.890803   7.694782   7.367409   7.965530   8.679633
    50  H    7.214569   7.526693   7.029637   7.683399   8.553940
                   36         37         38         39         40
    36  C    0.000000
    37  H    1.089742   0.000000
    38  H    1.091819   1.740285   0.000000
    39  C    1.540799   2.164235   2.168898   0.000000
    40  H    2.170753   2.493829   2.479305   1.092425   0.000000
    41  H    2.185000   2.516218   3.079739   1.092638   1.770897
    42  H    2.194398   3.082840   2.552479   1.092298   1.767434
    43  N    4.692649   5.553200   4.655105   5.329396   6.251487
    44  N    2.458036   3.323414   2.592771   3.260607   4.187495
    45  C    3.000195   3.980804   2.611099   3.610503   4.303827
    46  H    2.924102   3.984471   2.539731   3.083504   3.660494
    47  H    3.091482   3.907808   2.388419   3.983206   4.502979
    48  C    4.468429   5.440593   4.155691   4.974089   5.729326
    49  H    4.980047   6.024183   4.727333   5.170115   5.899482
    50  H    5.149202   6.058114   4.656010   5.790905   6.452278
                   41         42         43         44         45
    41  H    0.000000
    42  H    1.765428   0.000000
    43  N    5.746598   4.844473   0.000000
    44  N    3.728554   3.065177   2.245870   0.000000
    45  C    4.377723   3.151734   2.378649   1.485949   0.000000
    46  H    3.932314   2.414716   3.195440   2.133178   1.086733
    47  H    4.858466   3.732293   3.042219   2.113395   1.089457
    48  C    5.621671   4.349802   1.484363   2.381986   1.550054
    49  H    5.777318   4.358079   2.117383   3.051923   2.202594
    50  H    6.525433   5.217129   2.127231   3.193998   2.197378
                   46         47         48         49         50
    46  H    0.000000
    47  H    1.776650   0.000000
    48  C    2.198738   2.199838   0.000000
    49  H    2.369040   3.007790   1.089342   0.000000
    50  H    2.887934   2.362850   1.087069   1.776673   0.000000
 Stoichiometry    C21H27N2(1+)
 Framework group  C1[X(C21H27N2)]
 Deg. of freedom   144
 Full point group                 C1      NOp   1
 Largest Abelian subgroup         C1      NOp   1
 Largest concise Abelian subgroup C1      NOp   1
                         Standard orientation:                         
 ---------------------------------------------------------------------
 Center     Atomic      Atomic             Coordinates (Angstroms)
 Number     Number       Type             X           Y           Z
 ---------------------------------------------------------------------
      1          6           0        2.359425   -0.803294    0.141902
      2          6           0       -0.011782   -0.636988    0.099873
      3          6           0        0.009203    0.732446   -0.147645
      4          6           0        1.278094    1.365377   -0.237366
      5          6           0        2.461956    0.544584   -0.098082
      6          6           0       -1.243316    1.397586   -0.263129
      7          6           0       -2.459162    0.612080   -0.139787
      8          6           0       -2.391345   -0.732853    0.124845
      9          6           0       -1.185417    2.786762   -0.473418
     10          6           0        0.050868    3.429338   -0.554637
     11          6           0        1.266563    2.754212   -0.439179
     12          1           0       -2.089816    3.372718   -0.559117
     13          1           0        0.067579    4.502864   -0.707660
     14          1           0        2.189794    3.314829   -0.495366
     15          6           0        3.532470   -1.746962    0.255754
     16          1           0        4.377842   -1.215947    0.690416
     17          1           0        3.294796   -2.548061    0.958862
     18          6           0        3.942739   -2.352948   -1.099197
     19          1           0        4.250609   -1.572240   -1.798684
     20          1           0        4.781395   -3.038991   -0.959648
     21          1           0        3.122416   -2.911101   -1.556137
     22          6           0        3.811909    1.241941   -0.197943
     23          1           0        4.610475    0.514185   -0.441015
     24          1           0        3.797139    1.920001   -1.070216
     25          6           0        4.439557    1.923716    1.083360
     26          1           0        4.985254    2.829960    0.824612
     27          1           0        3.713575    2.182126    1.863816
     28          1           0        5.160470    1.234590    1.534546
     29          6           0       -3.840491    1.326705   -0.251330
     30          1           0       -3.735114    2.099639   -1.039178
     31          1           0       -4.544156    0.631952   -0.747364
     32          6           0       -4.360502    1.893573    1.103359
     33          1           0       -4.360759    1.103969    1.861982
     34          1           0       -3.736143    2.717325    1.466641
     35          1           0       -5.379369    2.283917    1.038548
     36          6           0       -3.585654   -1.643868    0.267739
     37          1           0       -4.432635   -1.072295    0.646508
     38          1           0       -3.375899   -2.402315    1.024594
     39          6           0       -3.975610   -2.324759   -1.058301
     40          1           0       -4.826918   -2.990284   -0.897850
     41          1           0       -4.256662   -1.584093   -1.810818
     42          1           0       -3.154520   -2.919215   -1.465176
     43          7           0        1.099096   -1.371786    0.261420
     44          7           0       -1.146386   -1.342895    0.231269
     45          6           0       -0.814801   -2.733020    0.638267
     46          1           0       -1.307673   -3.456763   -0.005364
     47          1           0       -1.128778   -2.891407    1.669406
     48          6           0        0.727387   -2.790054    0.493112
     49          1           0        1.033967   -3.395095   -0.359296
     50          1           0        1.201608   -3.168938    1.394932
 ---------------------------------------------------------------------
 Rotational constants (GHZ):      0.4001754      0.2107982      0.1476133
 Standard basis: 6-311++G(d,p) (5D, 7F)
 There are   695 symmetry adapted basis functions of A   symmetry.
 Integral buffers will be    262144 words long.
 Raffenetti 2 integral format.
 Two-electron integral symmetry is turned on.
   695 basis functions,  1071 primitive gaussians,   718 cartesian basis functions
    83 alpha electrons       83 beta electrons
       nuclear repulsion energy      1988.7409963921 Hartrees.
 NAtoms=   50 NActive=   50 NUniq=   50 SFac= 7.50D-01 NAtFMM=   80 NAOKFM=F Big=F
 ------------------------------------------------------------------------------
 Polarizable Continuum Model (PCM)
 =================================
 Model                : C-PCM.
 Atomic radii         : UFF (Universal Force Field).
 Polarization charges : Total charges.
 Charge compensation  : None.
 Solution method      : Matrix inversion.
 Cavity type          : Scaled VdW (van der Waals Surface) (Alpha=1.100).
 Cavity algorithm     : GePol (No added spheres)
                        Default sphere list used, NSphG=   50.
                        Lebedev-Laikov grids with approx.  5.0 points / Ang**2.
                        Smoothing algorithm: Karplus/York (Gamma=1.0000).
                        Polarization charges: spherical gaussians, with
                                              point-specific exponents (IZeta= 3).
                        Self-potential: point-specific (ISelfS= 7).
                        Self-field    : sphere-specific E.n sum rule (ISelfD= 2).
 Solvent              : Water, Eps=  78.355300 Eps(inf)=   1.777849
 ------------------------------------------------------------------------------
 One-electron integrals computed using PRISM.
 NBasis=   695 RedAO= T  NBF=   695
 NBsUse=   685 1.00D-06 NBFU=   685
 Harris functional with IExCor=  402 diagonalized for initial guess.
 ExpMin= 3.60D-02 ExpMax= 6.29D+03 ExpMxC= 9.49D+02 IAcc=3 IRadAn=         0 AccDes= 0.00D+00
 HarFok:  IExCor=  402 AccDes= 0.00D+00 IRadAn=         0 IDoV= 1
 ScaDFX=  1.000000  1.000000  1.000000  1.000000
 FoFCou: FMM=F IPFlag=           0 FMFlag=      100000 FMFlg1=           0
         NFxFlg=           0 DoJE=T BraDBF=F KetDBF=T FulRan=T
         Omega=  0.000000  0.000000  1.000000  0.000000  0.000000 ICntrl=     500 IOpCl=  0
         NMat0=    1 NMatS0=    1 NMatT0=    0 NMatD0=    1 NMtDS0=    0 NMtDT0=    0
         I1Cent=           4 NGrid=           0.
 Petite list used in FoFCou.
 Initial guess orbital symmetries:
 Alpha Orbitals:
       Occupied  (A) (A) (A) (A) (A) (A) (A) (A) (A) (A) (A) (A)
                 (A) (A) (A) (A) (A) (A) (A) (A) (A) (A) (A) (A)
                 (A) (A) (A) (A) (A) (A) (A) (A) (A) (A) (A) (A)
                 (A) (A) (A) (A) (A) (A) (A) (A) (A) (A) (A) (A)
                 (A) (A) (A) (A) (A) (A) (A) (A) (A) (A) (A) (A)
                 (A) (A) (A) (A) (A) (A) (A) (A) (A) (A) (A) (A)
                 (A) (A) (A) (A) (A) (A) (A) (A) (A) (A) (A)
       Virtual   (A) (A) (A) (A) (A) (A) (A) (A) (A) (A) (A) (A)
                 (A) (A) (A) (A) (A) (A) (A) (A) (A) (A) (A) (A)
                 (A) (A) (A) (A) (A) (A) (A) (A) (A) (A) (A) (A)
                 (A) (A) (A) (A) (A) (A) (A) (A) (A) (A) (A) (A)
                 (A) (A) (A) (A) (A) (A) (A) (A) (A) (A) (A) (A)
                 (A) (A) (A) (A) (A) (A) (A) (A) (A) (A) (A) (A)
                 (A) (A) (A) (A) (A) (A) (A) (A) (A) (A) (A) (A)
                 (A) (A) (A) (A) (A) (A) (A) (A) (A) (A) (A) (A)
                 (A) (A) (A) (A) (A) (A) (A) (A) (A) (A) (A) (A)
                 (A) (A) (A) (A) (A) (A) (A) (A) (A) (A) (A) (A)
                 (A) (A) (A) (A) (A) (A) (A) (A) (A) (A) (A) (A)
                 (A) (A) (A) (A) (A) (A) (A) (A) (A) (A) (A) (A)
                 (A) (A) (A) (A) (A) (A) (A) (A) (A) (A) (A) (A)
                 (A) (A) (A) (A) (A) (A) (A) (A) (A) (A) (A) (A)
                 (A) (A) (A) (A) (A) (A) (A) (A) (A) (A) (A) (A)
                 (A) (A) (A) (A) (A) (A) (A) (A) (A) (A) (A) (A)
                 (A) (A) (A) (A) (A) (A) (A) (A) (A) (A) (A) (A)
                 (A) (A) (A) (A) (A) (A) (A) (A) (A) (A) (A) (A)
                 (A) (A) (A) (A) (A) (A) (A) (A) (A) (A) (A) (A)
                 (A) (A) (A) (A) (A) (A) (A) (A) (A) (A) (A) (A)
                 (A) (A) (A) (A) (A) (A) (A) (A) (A) (A) (A) (A)
                 (A) (A) (A) (A) (A) (A) (A) (A) (A) (A) (A) (A)
                 (A) (A) (A) (A) (A) (A) (A) (A) (A) (A) (A) (A)
                 (A) (A) (A) (A) (A) (A) (A) (A) (A) (A) (A) (A)
                 (A) (A) (A) (A) (A) (A) (A) (A) (A) (A) (A) (A)
                 (A) (A) (A) (A) (A) (A) (A) (A) (A) (A) (A) (A)
                 (A) (A) (A) (A) (A) (A) (A) (A) (A) (A) (A) (A)
                 (A) (A) (A) (A) (A) (A) (A) (A) (A) (A) (A) (A)
                 (A) (A) (A) (A) (A) (A) (A) (A) (A) (A) (A) (A)
                 (A) (A) (A) (A) (A) (A) (A) (A) (A) (A) (A) (A)
                 (A) (A) (A) (A) (A) (A) (A) (A) (A) (A) (A) (A)
                 (A) (A) (A) (A) (A) (A) (A) (A) (A) (A) (A) (A)
                 (A) (A) (A) (A) (A) (A) (A) (A) (A) (A) (A) (A)
                 (A) (A) (A) (A) (A) (A) (A) (A) (A) (A) (A) (A)
                 (A) (A) (A) (A) (A) (A) (A) (A) (A) (A) (A) (A)
                 (A) (A) (A) (A) (A) (A) (A) (A) (A) (A) (A) (A)
                 (A) (A) (A) (A) (A) (A) (A) (A) (A) (A) (A) (A)
                 (A) (A) (A) (A) (A) (A) (A) (A) (A) (A) (A) (A)
                 (A) (A) (A) (A) (A) (A) (A) (A) (A) (A) (A) (A)
                 (A) (A) (A) (A) (A) (A) (A) (A) (A) (A) (A) (A)
                 (A) (A) (A) (A) (A) (A) (A) (A) (A) (A) (A) (A)
                 (A) (A) (A) (A) (A) (A) (A) (A) (A) (A) (A) (A)
                 (A) (A) (A) (A) (A) (A) (A) (A) (A) (A) (A) (A)
                 (A) (A) (A) (A) (A) (A) (A) (A) (A) (A) (A) (A)
                 (A) (A) (A) (A) (A) (A) (A) (A) (A) (A) (A) (A)
                 (A) (A) (A) (A) (A) (A) (A) (A) (A) (A) (A) (A)
                 (A) (A) (A) (A) (A) (A) (A) (A) (A) (A) (A) (A)
                 (A) (A) (A) (A) (A) (A) (A) (A) (A) (A) (A) (A)
                 (A) (A) (A) (A) (A) (A) (A) (A) (A) (A) (A) (A)
                 (A) (A) (A) (A) (A) (A) (A) (A) (A) (A) (A) (A)
                 (A) (A)
 Beta  Orbitals:
       Occupied  (A) (A) (A) (A) (A) (A) (A) (A) (A) (A) (A) (A)
                 (A) (A) (A) (A) (A) (A) (A) (A) (A) (A) (A) (A)
                 (A) (A) (A) (A) (A) (A) (A) (A) (A) (A) (A) (A)
                 (A) (A) (A) (A) (A) (A) (A) (A) (A) (A) (A) (A)
                 (A) (A) (A) (A) (A) (A) (A) (A) (A) (A) (A) (A)
                 (A) (A) (A) (A) (A) (A) (A) (A) (A) (A) (A) (A)
                 (A) (A) (A) (A) (A) (A) (A) (A) (A) (A) (A)
       Virtual   (A) (A) (A) (A) (A) (A) (A) (A) (A) (A) (A) (A)
                 (A) (A) (A) (A) (A) (A) (A) (A) (A) (A) (A) (A)
                 (A) (A) (A) (A) (A) (A) (A) (A) (A) (A) (A) (A)
                 (A) (A) (A) (A) (A) (A) (A) (A) (A) (A) (A) (A)
                 (A) (A) (A) (A) (A) (A) (A) (A) (A) (A) (A) (A)
                 (A) (A) (A) (A) (A) (A) (A) (A) (A) (A) (A) (A)
                 (A) (A) (A) (A) (A) (A) (A) (A) (A) (A) (A) (A)
                 (A) (A) (A) (A) (A) (A) (A) (A) (A) (A) (A) (A)
                 (A) (A) (A) (A) (A) (A) (A) (A) (A) (A) (A) (A)
                 (A) (A) (A) (A) (A) (A) (A) (A) (A) (A) (A) (A)
                 (A) (A) (A) (A) (A) (A) (A) (A) (A) (A) (A) (A)
                 (A) (A) (A) (A) (A) (A) (A) (A) (A) (A) (A) (A)
                 (A) (A) (A) (A) (A) (A) (A) (A) (A) (A) (A) (A)
                 (A) (A) (A) (A) (A) (A) (A) (A) (A) (A) (A) (A)
                 (A) (A) (A) (A) (A) (A) (A) (A) (A) (A) (A) (A)
                 (A) (A) (A) (A) (A) (A) (A) (A) (A) (A) (A) (A)
                 (A) (A) (A) (A) (A) (A) (A) (A) (A) (A) (A) (A)
                 (A) (A) (A) (A) (A) (A) (A) (A) (A) (A) (A) (A)
                 (A) (A) (A) (A) (A) (A) (A) (A) (A) (A) (A) (A)
                 (A) (A) (A) (A) (A) (A) (A) (A) (A) (A) (A) (A)
                 (A) (A) (A) (A) (A) (A) (A) (A) (A) (A) (A) (A)
                 (A) (A) (A) (A) (A) (A) (A) (A) (A) (A) (A) (A)
                 (A) (A) (A) (A) (A) (A) (A) (A) (A) (A) (A) (A)
                 (A) (A) (A) (A) (A) (A) (A) (A) (A) (A) (A) (A)
                 (A) (A) (A) (A) (A) (A) (A) (A) (A) (A) (A) (A)
                 (A) (A) (A) (A) (A) (A) (A) (A) (A) (A) (A) (A)
                 (A) (A) (A) (A) (A) (A) (A) (A) (A) (A) (A) (A)
                 (A) (A) (A) (A) (A) (A) (A) (A) (A) (A) (A) (A)
                 (A) (A) (A) (A) (A) (A) (A) (A) (A) (A) (A) (A)
                 (A) (A) (A) (A) (A) (A) (A) (A) (A) (A) (A) (A)
                 (A) (A) (A) (A) (A) (A) (A) (A) (A) (A) (A) (A)
                 (A) (A) (A) (A) (A) (A) (A) (A) (A) (A) (A) (A)
                 (A) (A) (A) (A) (A) (A) (A) (A) (A) (A) (A) (A)
                 (A) (A) (A) (A) (A) (A) (A) (A) (A) (A) (A) (A)
                 (A) (A) (A) (A) (A) (A) (A) (A) (A) (A) (A) (A)
                 (A) (A) (A) (A) (A) (A) (A) (A) (A) (A) (A) (A)
                 (A) (A) (A) (A) (A) (A) (A) (A) (A) (A) (A) (A)
                 (A) (A) (A) (A) (A) (A) (A) (A) (A) (A) (A) (A)
                 (A) (A) (A) (A) (A) (A) (A) (A) (A) (A) (A) (A)
                 (A) (A) (A) (A) (A) (A) (A) (A) (A) (A) (A) (A)
                 (A) (A) (A) (A) (A) (A) (A) (A) (A) (A) (A) (A)
                 (A) (A) (A) (A) (A) (A) (A) (A) (A) (A) (A) (A)
                 (A) (A) (A) (A) (A) (A) (A) (A) (A) (A) (A) (A)
                 (A) (A) (A) (A) (A) (A) (A) (A) (A) (A) (A) (A)
                 (A) (A) (A) (A) (A) (A) (A) (A) (A) (A) (A) (A)
                 (A) (A) (A) (A) (A) (A) (A) (A) (A) (A) (A) (A)
                 (A) (A) (A) (A) (A) (A) (A) (A) (A) (A) (A) (A)
                 (A) (A) (A) (A) (A) (A) (A) (A) (A) (A) (A) (A)
                 (A) (A) (A) (A) (A) (A) (A) (A) (A) (A) (A) (A)
                 (A) (A) (A) (A) (A) (A) (A) (A) (A) (A) (A) (A)
                 (A) (A)
 The electronic state of the initial guess is 1-A.
 Initial guess <Sx>= 0.0000 <Sy>= 0.0000 <Sz>= 0.0000 <S**2>= 0.0000 S= 0.0000
 Requested convergence on RMS density matrix=1.00D-08 within 128 cycles.
 Requested convergence on MAX density matrix=1.00D-06.
 Requested convergence on             energy=1.00D-06.
 No special actions if energy rises.
 Error on total polarization charges =  0.01803
 SCF Done:  E(UB3LYP) =  -926.120442887     A.U. after   15 cycles
             Convg  =    0.1923D-08             -V/T =  2.0050
 <Sx>= 0.0000 <Sy>= 0.0000 <Sz>= 0.0000 <S**2>= 0.0000 S= 0.0000
 <L.S>= 0.000000000000E+00
 Annihilation of the first spin contaminant:
 S**2 before annihilation     0.0000,   after     0.0000
 DiagDN has N=   695 LTot=  2117 but NE2=     3 cannot use DSYEVD.
 ExpMin= 3.60D-02 ExpMax= 6.29D+03 ExpMxC= 9.49D+02 IAcc=3 IRadAn=         5 AccDes= 0.00D+00
 HarFok:  IExCor=  205 AccDes= 0.00D+00 IRadAn=         5 IDoV=-2
 ScaDFX=  1.000000  1.000000  1.000000  1.000000
 Range of M.O.s used for correlation:    24   685
 NBasis=   695 NAE=    83 NBE=    83 NFC=    23 NFV=     0
 NROrb=    662 NOA=    60 NOB=    60 NVA=   602 NVB=   602

 **** Warning!!: The largest alpha MO coefficient is  0.14388176D+03


 **** Warning!!: The largest beta MO coefficient is  0.14388176D+03

 Ignoring spin specification with unrestricted ground state.
 NEqPCM:  Using non-equilibrium solvation (IEInf=1, Eps=  78.3553, EpsInf=   1.7778)
 Orbital symmetries:
 Alpha Orbitals:
       Occupied  (A) (A) (A) (A) (A) (A) (A) (A) (A) (A) (A) (A)
                 (A) (A) (A) (A) (A) (A) (A) (A) (A) (A) (A) (A)
                 (A) (A) (A) (A) (A) (A) (A) (A) (A) (A) (A) (A)
                 (A) (A) (A) (A) (A) (A) (A) (A) (A) (A) (A) (A)
                 (A) (A) (A) (A) (A) (A) (A) (A) (A) (A) (A) (A)
                 (A) (A) (A) (A) (A) (A) (A) (A) (A) (A) (A) (A)
                 (A) (A) (A) (A) (A) (A) (A) (A) (A) (A) (A)
       Virtual   (A) (A) (A) (A) (A) (A) (A) (A) (A) (A) (A) (A)
                 (A) (A) (A) (A) (A) (A) (A) (A) (A) (A) (A) (A)
                 (A) (A) (A) (A) (A) (A) (A) (A) (A) (A) (A) (A)
                 (A) (A) (A) (A) (A) (A) (A) (A) (A) (A) (A) (A)
                 (A) (A) (A) (A) (A) (A) (A) (A) (A) (A) (A) (A)
                 (A) (A) (A) (A) (A) (A) (A) (A) (A) (A) (A) (A)
                 (A) (A) (A) (A) (A) (A) (A) (A) (A) (A) (A) (A)
                 (A) (A) (A) (A) (A) (A) (A) (A) (A) (A) (A) (A)
                 (A) (A) (A) (A) (A) (A) (A) (A) (A) (A) (A) (A)
                 (A) (A) (A) (A) (A) (A) (A) (A) (A) (A) (A) (A)
                 (A) (A) (A) (A) (A) (A) (A) (A) (A) (A) (A) (A)
                 (A) (A) (A) (A) (A) (A) (A) (A) (A) (A) (A) (A)
                 (A) (A) (A) (A) (A) (A) (A) (A) (A) (A) (A) (A)
                 (A) (A) (A) (A) (A) (A) (A) (A) (A) (A) (A) (A)
                 (A) (A) (A) (A) (A) (A) (A) (A) (A) (A) (A) (A)
                 (A) (A) (A) (A) (A) (A) (A) (A) (A) (A) (A) (A)
                 (A) (A) (A) (A) (A) (A) (A) (A) (A) (A) (A) (A)
                 (A) (A) (A) (A) (A) (A) (A) (A) (A) (A) (A) (A)
                 (A) (A) (A) (A) (A) (A) (A) (A) (A) (A) (A) (A)
                 (A) (A) (A) (A) (A) (A) (A) (A) (A) (A) (A) (A)
                 (A) (A) (A) (A) (A) (A) (A) (A) (A) (A) (A) (A)
                 (A) (A) (A) (A) (A) (A) (A) (A) (A) (A) (A) (A)
                 (A) (A) (A) (A) (A) (A) (A) (A) (A) (A) (A) (A)
                 (A) (A) (A) (A) (A) (A) (A) (A) (A) (A) (A) (A)
                 (A) (A) (A) (A) (A) (A) (A) (A) (A) (A) (A) (A)
                 (A) (A) (A) (A) (A) (A) (A) (A) (A) (A) (A) (A)
                 (A) (A) (A) (A) (A) (A) (A) (A) (A) (A) (A) (A)
                 (A) (A) (A) (A) (A) (A) (A) (A) (A) (A) (A) (A)
                 (A) (A) (A) (A) (A) (A) (A) (A) (A) (A) (A) (A)
                 (A) (A) (A) (A) (A) (A) (A) (A) (A) (A) (A) (A)
                 (A) (A) (A) (A) (A) (A) (A) (A) (A) (A) (A) (A)
                 (A) (A) (A) (A) (A) (A) (A) (A) (A) (A) (A) (A)
                 (A) (A) (A) (A) (A) (A) (A) (A) (A) (A) (A) (A)
                 (A) (A) (A) (A) (A) (A) (A) (A) (A) (A) (A) (A)
                 (A) (A) (A) (A) (A) (A) (A) (A) (A) (A) (A) (A)
                 (A) (A) (A) (A) (A) (A) (A) (A) (A) (A) (A) (A)
                 (A) (A) (A) (A) (A) (A) (A) (A) (A) (A) (A) (A)
                 (A) (A) (A) (A) (A) (A) (A) (A) (A) (A) (A) (A)
                 (A) (A) (A) (A) (A) (A) (A) (A) (A) (A) (A) (A)
                 (A) (A) (A) (A) (A) (A) (A) (A) (A) (A) (A) (A)
                 (A) (A) (A) (A) (A) (A) (A) (A) (A) (A) (A) (A)
                 (A) (A) (A) (A) (A) (A) (A) (A) (A) (A) (A) (A)
                 (A) (A) (A) (A) (A) (A) (A) (A) (A) (A) (A) (A)
                 (A) (A) (A) (A) (A) (A) (A) (A) (A) (A) (A) (A)
                 (A) (A) (A) (A) (A) (A) (A) (A) (A) (A) (A) (A)
                 (A) (A) (A) (A) (A) (A) (A) (A) (A) (A) (A) (A)
                 (A) (A) (A) (A) (A) (A) (A) (A) (A) (A) (A) (A)
                 (A) (A) (A) (A) (A) (A) (A) (A) (A) (A) (A) (A)
                 (A) (A) (A) (A) (A) (A) (A) (A) (A) (A) (A) (A)
                 (A) (A) (A) (A) (A) (A) (A) (A) (A) (A) (A) (A)
                 (A) (A)
 Beta  Orbitals:
       Occupied  (A) (A) (A) (A) (A) (A) (A) (A) (A) (A) (A) (A)
                 (A) (A) (A) (A) (A) (A) (A) (A) (A) (A) (A) (A)
                 (A) (A) (A) (A) (A) (A) (A) (A) (A) (A) (A) (A)
                 (A) (A) (A) (A) (A) (A) (A) (A) (A) (A) (A) (A)
                 (A) (A) (A) (A) (A) (A) (A) (A) (A) (A) (A) (A)
                 (A) (A) (A) (A) (A) (A) (A) (A) (A) (A) (A) (A)
                 (A) (A) (A) (A) (A) (A) (A) (A) (A) (A) (A)
       Virtual   (A) (A) (A) (A) (A) (A) (A) (A) (A) (A) (A) (A)
                 (A) (A) (A) (A) (A) (A) (A) (A) (A) (A) (A) (A)
                 (A) (A) (A) (A) (A) (A) (A) (A) (A) (A) (A) (A)
                 (A) (A) (A) (A) (A) (A) (A) (A) (A) (A) (A) (A)
                 (A) (A) (A) (A) (A) (A) (A) (A) (A) (A) (A) (A)
                 (A) (A) (A) (A) (A) (A) (A) (A) (A) (A) (A) (A)
                 (A) (A) (A) (A) (A) (A) (A) (A) (A) (A) (A) (A)
                 (A) (A) (A) (A) (A) (A) (A) (A) (A) (A) (A) (A)
                 (A) (A) (A) (A) (A) (A) (A) (A) (A) (A) (A) (A)
                 (A) (A) (A) (A) (A) (A) (A) (A) (A) (A) (A) (A)
                 (A) (A) (A) (A) (A) (A) (A) (A) (A) (A) (A) (A)
                 (A) (A) (A) (A) (A) (A) (A) (A) (A) (A) (A) (A)
                 (A) (A) (A) (A) (A) (A) (A) (A) (A) (A) (A) (A)
                 (A) (A) (A) (A) (A) (A) (A) (A) (A) (A) (A) (A)
                 (A) (A) (A) (A) (A) (A) (A) (A) (A) (A) (A) (A)
                 (A) (A) (A) (A) (A) (A) (A) (A) (A) (A) (A) (A)
                 (A) (A) (A) (A) (A) (A) (A) (A) (A) (A) (A) (A)
                 (A) (A) (A) (A) (A) (A) (A) (A) (A) (A) (A) (A)
                 (A) (A) (A) (A) (A) (A) (A) (A) (A) (A) (A) (A)
                 (A) (A) (A) (A) (A) (A) (A) (A) (A) (A) (A) (A)
                 (A) (A) (A) (A) (A) (A) (A) (A) (A) (A) (A) (A)
                 (A) (A) (A) (A) (A) (A) (A) (A) (A) (A) (A) (A)
                 (A) (A) (A) (A) (A) (A) (A) (A) (A) (A) (A) (A)
                 (A) (A) (A) (A) (A) (A) (A) (A) (A) (A) (A) (A)
                 (A) (A) (A) (A) (A) (A) (A) (A) (A) (A) (A) (A)
                 (A) (A) (A) (A) (A) (A) (A) (A) (A) (A) (A) (A)
                 (A) (A) (A) (A) (A) (A) (A) (A) (A) (A) (A) (A)
                 (A) (A) (A) (A) (A) (A) (A) (A) (A) (A) (A) (A)
                 (A) (A) (A) (A) (A) (A) (A) (A) (A) (A) (A) (A)
                 (A) (A) (A) (A) (A) (A) (A) (A) (A) (A) (A) (A)
                 (A) (A) (A) (A) (A) (A) (A) (A) (A) (A) (A) (A)
                 (A) (A) (A) (A) (A) (A) (A) (A) (A) (A) (A) (A)
                 (A) (A) (A) (A) (A) (A) (A) (A) (A) (A) (A) (A)
                 (A) (A) (A) (A) (A) (A) (A) (A) (A) (A) (A) (A)
                 (A) (A) (A) (A) (A) (A) (A) (A) (A) (A) (A) (A)
                 (A) (A) (A) (A) (A) (A) (A) (A) (A) (A) (A) (A)
                 (A) (A) (A) (A) (A) (A) (A) (A) (A) (A) (A) (A)
                 (A) (A) (A) (A) (A) (A) (A) (A) (A) (A) (A) (A)
                 (A) (A) (A) (A) (A) (A) (A) (A) (A) (A) (A) (A)
                 (A) (A) (A) (A) (A) (A) (A) (A) (A) (A) (A) (A)
                 (A) (A) (A) (A) (A) (A) (A) (A) (A) (A) (A) (A)
                 (A) (A) (A) (A) (A) (A) (A) (A) (A) (A) (A) (A)
                 (A) (A) (A) (A) (A) (A) (A) (A) (A) (A) (A) (A)
                 (A) (A) (A) (A) (A) (A) (A) (A) (A) (A) (A) (A)
                 (A) (A) (A) (A) (A) (A) (A) (A) (A) (A) (A) (A)
                 (A) (A) (A) (A) (A) (A) (A) (A) (A) (A) (A) (A)
                 (A) (A) (A) (A) (A) (A) (A) (A) (A) (A) (A) (A)
                 (A) (A) (A) (A) (A) (A) (A) (A) (A) (A) (A) (A)
                 (A) (A) (A) (A) (A) (A) (A) (A) (A) (A) (A) (A)
                 (A) (A) (A) (A) (A) (A) (A) (A) (A) (A) (A) (A)
                 (A) (A)
    40 initial guesses have been made.
 Convergence on wavefunction:    0.001000000000000
 Iteration     1 Dimension    40 NMult    40
 CISAX will form     3 AO SS matrices at one time.
 New state      2 was old state      4
 New state      3 was old state      6
 New state      4 was old state      2
 New state      6 was old state      3
 No map to state      7
 No map to state      8
 New state      9 was old state      7
 New state     10 was old state      8
 Iteration     2 Dimension    60 NMult    60
 Iteration     3 Dimension    80 NMult    80
 No map to state     10
 Iteration     4 Dimension   100 NMult   100
 Iteration     5 Dimension   118 NMult   118
 Iteration     6 Dimension   128 NMult   128
 Iteration     7 Dimension   134 NMult   134
 Iteration     8 Dimension   138 NMult   138
 ***********************************************************************
 Excited states from <AA,BB:AA,BB> singles matrix:
 ***********************************************************************
 
 ExtSpn:  IState=     1 X2= 1.007 Y2= 0.007 X2-Y2-1= 0.00D+00
          S2Grnd=  0.000 Ra=  0.500 Rb=  0.500 T=  1.000 S2Ext=  2.000 S2=  2.000
 ExtSpn:  IState=     2 X2= 1.027 Y2= 0.027 X2-Y2-1= 4.44D-16
          S2Grnd=  0.000 Ra=  0.500 Rb=  0.500 T=  1.000 S2Ext=  2.000 S2=  2.000
 ExtSpn:  IState=     3 X2= 1.016 Y2= 0.016 X2-Y2-1=-1.11D-15
          S2Grnd=  0.000 Ra=  0.500 Rb=  0.500 T=  1.000 S2Ext=  2.000 S2=  2.000
 ExtSpn:  IState=     4 X2= 1.008 Y2= 0.008 X2-Y2-1=-1.44D-15
          S2Grnd=  0.000 Ra=  0.500 Rb=  0.500 T= -1.000 S2Ext=  0.000 S2=  0.000
 ExtSpn:  IState=     5 X2= 1.005 Y2= 0.005 X2-Y2-1=-2.22D-15
          S2Grnd=  0.000 Ra=  0.500 Rb=  0.500 T= -1.000 S2Ext=  0.000 S2=  0.000
 ExtSpn:  IState=     6 X2= 1.010 Y2= 0.010 X2-Y2-1=-2.22D-16
          S2Grnd=  0.000 Ra=  0.500 Rb=  0.500 T= -1.000 S2Ext=  0.000 S2=  0.000
 ExtSpn:  IState=     7 X2= 1.014 Y2= 0.014 X2-Y2-1= 8.88D-16
          S2Grnd=  0.000 Ra=  0.500 Rb=  0.500 T=  1.000 S2Ext=  2.000 S2=  2.000
 ExtSpn:  IState=     8 X2= 1.003 Y2= 0.003 X2-Y2-1=-1.44D-15
          S2Grnd=  0.000 Ra=  0.500 Rb=  0.500 T=  1.000 S2Ext=  2.000 S2=  2.000
 ExtSpn:  IState=     9 X2= 1.013 Y2= 0.013 X2-Y2-1= 1.33D-15
          S2Grnd=  0.000 Ra=  0.500 Rb=  0.500 T=  1.000 S2Ext=  2.000 S2=  2.000
 ExtSpn:  IState=    10 X2= 1.005 Y2= 0.005 X2-Y2-1= 1.33D-15
          S2Grnd=  0.000 Ra=  0.500 Rb=  0.500 T=  1.000 S2Ext=  2.000 S2=  2.000
 Ground to excited state transition electric dipole moments (Au):
       state          X           Y           Z        Dip. S.      Osc.
         1         0.0000      0.0000      0.0000      0.0000      0.0000
         2         0.0000      0.0000      0.0000      0.0000      0.0000
         3         0.0000      0.0000      0.0000      0.0000      0.0000
         4         1.5828      0.0072     -0.0133      2.5054      0.1955
         5         0.8173      0.5446     -0.0615      0.9685      0.0892
         6         0.2671     -1.6155      0.2155      2.7276      0.2543
         7         0.0000      0.0000      0.0000      0.0000      0.0000
         8         0.0000      0.0000      0.0000      0.0000      0.0000
         9         0.0000      0.0000      0.0000      0.0000      0.0000
        10         0.0000      0.0000      0.0000      0.0000      0.0000
 Ground to excited state transition velocity dipole moments (Au):
       state          X           Y           Z        Dip. S.      Osc.
         1         0.0000      0.0000      0.0000      0.0000      0.0000
         2         0.0000      0.0000      0.0000      0.0000      0.0000
         3         0.0000      0.0000      0.0000      0.0000      0.0000
         4        -0.1932     -0.0008      0.0015      0.0373      0.2125
         5        -0.1147     -0.0750      0.0084      0.0189      0.0910
         6        -0.0380      0.2262     -0.0302      0.0535      0.2550
         7         0.0000      0.0000      0.0000      0.0000      0.0000
         8         0.0000      0.0000      0.0000      0.0000      0.0000
         9         0.0000      0.0000      0.0000      0.0000      0.0000
        10         0.0000      0.0000      0.0000      0.0000      0.0000
 Ground to excited state transition magnetic dipole moments (Au):
       state          X           Y           Z
         1         0.0000      0.0000      0.0000
         2         0.0000      0.0000      0.0000
         3         0.0000      0.0000      0.0000
         4        -0.0119      0.2768      1.7734
         5         0.0164     -0.1799     -1.5247
         6        -0.0304     -0.0590     -0.4581
         7         0.0000      0.0000      0.0000
         8         0.0000      0.0000      0.0000
         9         0.0000      0.0000      0.0000
        10         0.0000      0.0000      0.0000
 <0|del|b> * <b|rxdel|0> + <0|del|b> * <b|delr+rdel|0>
 Rotatory Strengths (R) in cgs (10**-40 erg-esu-cm/Gauss)
       state          XX          YY          ZZ    R(velocity)
         1         0.0000      0.0000      0.0000      0.0000
 Total R(velocity) tensor for State=          1
                 1             2             3 
      1   0.000000D+00  0.000000D+00  0.000000D+00
      2   0.000000D+00  0.000000D+00  0.000000D+00
      3   0.000000D+00  0.000000D+00  0.000000D+00
 R(velocity) tensor in inp. orien. for State=          1
                 1             2             3 
      1   0.000000D+00  0.000000D+00  0.000000D+00
      2   0.000000D+00  0.000000D+00  0.000000D+00
      3   0.000000D+00  0.000000D+00  0.000000D+00
         2         0.0000      0.0000      0.0000      0.0000
 Total R(velocity) tensor for State=          2
                 1             2             3 
      1   0.000000D+00  0.000000D+00  0.000000D+00
      2   0.000000D+00  0.000000D+00  0.000000D+00
      3   0.000000D+00  0.000000D+00  0.000000D+00
 R(velocity) tensor in inp. orien. for State=          2
                 1             2             3 
      1   0.000000D+00  0.000000D+00  0.000000D+00
      2   0.000000D+00  0.000000D+00  0.000000D+00
      3   0.000000D+00  0.000000D+00  0.000000D+00
         3         0.0000      0.0000      0.0000      0.0000
 Total R(velocity) tensor for State=          3
                 1             2             3 
      1   0.000000D+00  0.000000D+00  0.000000D+00
      2   0.000000D+00  0.000000D+00  0.000000D+00
      3   0.000000D+00  0.000000D+00  0.000000D+00
 R(velocity) tensor in inp. orien. for State=          3
                 1             2             3 
      1   0.000000D+00  0.000000D+00  0.000000D+00
      2   0.000000D+00  0.000000D+00  0.000000D+00
      3   0.000000D+00  0.000000D+00  0.000000D+00
         4         8.0065     22.2503     -1.5696      9.5624
 Total R(velocity) tensor for State=          4
                 1             2             3 
      1   0.800653D+01  0.154693D+03  0.110904D+04
      2  -0.136517D+00  0.222503D+02 -0.537871D+01
      3   0.592906D-02 -0.428300D+01 -0.156961D+01
 R(velocity) tensor in inp. orien. for State=          4
                 1             2             3 
      1   0.800654D+01  0.154693D+03  0.110904D+04
      2  -0.136517D+00  0.222503D+02 -0.537875D+01
      3   0.592889D-02 -0.428300D+01 -0.156961D+01
         5       -19.5618    -39.8959     53.0680     -2.1299
 Total R(velocity) tensor for State=          5
                 1             2             3 
      1  -0.195618D+02 -0.392013D+02 -0.614906D+03
      2   0.808460D+01 -0.398959D+02 -0.244888D+03
      3   0.280400D+00  0.553672D+01  0.530680D+02
 R(velocity) tensor in inp. orien. for State=          5
                 1             2             3 
      1  -0.195618D+02 -0.392013D+02 -0.614906D+03
      2   0.808460D+01 -0.398959D+02 -0.244888D+03
      3   0.280400D+00  0.553672D+01  0.530680D+02
         6        19.4040     42.6904    -53.8413      2.7510
 Total R(velocity) tensor for State=          6
                 1             2             3 
      1   0.194040D+02 -0.400250D+02 -0.324606D+03
      2   0.696120D+02  0.426904D+02  0.232303D+03
      3   0.820939D+01 -0.579921D+01 -0.538413D+02
 R(velocity) tensor in inp. orien. for State=          6
                 1             2             3 
      1   0.194040D+02 -0.400250D+02 -0.324606D+03
      2   0.696120D+02  0.426904D+02  0.232303D+03
      3   0.820939D+01 -0.579921D+01 -0.538413D+02
         7         0.0000      0.0000      0.0000      0.0000
 Total R(velocity) tensor for State=          7
                 1             2             3 
      1   0.000000D+00  0.000000D+00  0.000000D+00
      2   0.000000D+00  0.000000D+00  0.000000D+00
      3   0.000000D+00  0.000000D+00  0.000000D+00
 R(velocity) tensor in inp. orien. for State=          7
                 1             2             3 
      1   0.000000D+00  0.000000D+00  0.000000D+00
      2   0.000000D+00  0.000000D+00  0.000000D+00
      3   0.000000D+00  0.000000D+00  0.000000D+00
         8         0.0000      0.0000      0.0000      0.0000
 Total R(velocity) tensor for State=          8
                 1             2             3 
      1   0.000000D+00  0.000000D+00  0.000000D+00
      2   0.000000D+00  0.000000D+00  0.000000D+00
      3   0.000000D+00  0.000000D+00  0.000000D+00
 R(velocity) tensor in inp. orien. for State=          8
                 1             2             3 
      1   0.000000D+00  0.000000D+00  0.000000D+00
      2   0.000000D+00  0.000000D+00  0.000000D+00
      3   0.000000D+00  0.000000D+00  0.000000D+00
         9         0.0000      0.0000      0.0000      0.0000
 Total R(velocity) tensor for State=          9
                 1             2             3 
      1   0.000000D+00  0.000000D+00  0.000000D+00
      2   0.000000D+00  0.000000D+00  0.000000D+00
      3   0.000000D+00  0.000000D+00  0.000000D+00
 R(velocity) tensor in inp. orien. for State=          9
                 1             2             3 
      1   0.000000D+00  0.000000D+00  0.000000D+00
      2   0.000000D+00  0.000000D+00  0.000000D+00
      3   0.000000D+00  0.000000D+00  0.000000D+00
        10         0.0000      0.0000      0.0000      0.0000
 Total R(velocity) tensor for State=         10
                 1             2             3 
      1   0.000000D+00  0.000000D+00  0.000000D+00
      2   0.000000D+00  0.000000D+00  0.000000D+00
      3   0.000000D+00  0.000000D+00  0.000000D+00
 R(velocity) tensor in inp. orien. for State=         10
                 1             2             3 
      1   0.000000D+00  0.000000D+00  0.000000D+00
      2   0.000000D+00  0.000000D+00  0.000000D+00
      3   0.000000D+00  0.000000D+00  0.000000D+00
 1/2[<0|r|b>*<b|rxdel|0> + (<0|rxdel|b>*<b|r|0>)*]
 Rotatory Strengths (R) in cgs (10**-40 erg-esu-cm/Gauss)
       state          XX          YY          ZZ     R(length)     R(au)
         1         0.0000      0.0000      0.0000      0.0000      0.0000
         2         0.0000      0.0000      0.0000      0.0000      0.0000
         3         0.0000      0.0000      0.0000      0.0000      0.0000
         4        13.3255     -1.4187     16.6932      9.5333      0.0202
         5        -9.5047     69.2905    -66.3006     -2.1716     -0.0046
         6         5.7372    -67.3887     69.8204      2.7230      0.0058
         7         0.0000      0.0000      0.0000      0.0000      0.0000
         8         0.0000      0.0000      0.0000      0.0000      0.0000
         9         0.0000      0.0000      0.0000      0.0000      0.0000
        10         0.0000      0.0000      0.0000      0.0000      0.0000
  1/2[<0|del|b>*<b|r|0> + (<0|r|b>*<b|del|0>)*] (Au)
       state          X           Y           Z        Dip. S.   Osc.(frdel)
         1         0.0000      0.0000      0.0000      0.0000      0.0000
         2         0.0000      0.0000      0.0000      0.0000      0.0000
         3         0.0000      0.0000      0.0000      0.0000      0.0000
         4        -0.3058      0.0000      0.0000      0.3058      0.2039
         5        -0.0938     -0.0408     -0.0005      0.1351      0.0901
         6        -0.0102     -0.3654     -0.0065      0.3820      0.2547
         7         0.0000      0.0000      0.0000      0.0000      0.0000
         8         0.0000      0.0000      0.0000      0.0000      0.0000
         9         0.0000      0.0000      0.0000      0.0000      0.0000
        10         0.0000      0.0000      0.0000      0.0000      0.0000
 Ground to excited state transition densities written to RWF  633

 Excitation energies and oscillator strengths:
 
 Excited State   1:  3.000-A      2.4926 eV  497.42 nm  f=0.0000  <S**2>=2.000
     83A -> 84A        0.70291
     83B -> 84B       -0.70291
 This state for optimization and/or second-order correction.
 Copying the excited state density for this state as the 1-particle RhoCI density.
 
 Excited State   2:  3.000-A      2.5963 eV  477.54 nm  f=0.0000  <S**2>=2.000
     82A -> 86A        0.11559
     83A -> 85A       -0.68170
     82B -> 86B       -0.11559
     83B -> 85B        0.68170
 
 Excited State   3:  3.000-A      3.0252 eV  409.83 nm  f=0.0000  <S**2>=2.000
     82A -> 85A        0.15621
     83A -> 86A       -0.67195
     82B -> 85B       -0.15621
     83B -> 86B        0.67195
 
 Excited State   4:  1.000-A      3.1855 eV  389.21 nm  f=0.1955  <S**2>=0.000
     83A -> 84A        0.69270
     83A -> 86A       -0.10802
     83B -> 84B        0.69270
     83B -> 86B       -0.10802
 
 Excited State   5:  1.000-A      3.7606 eV  329.69 nm  f=0.0892  <S**2>=0.000
     83A -> 84A        0.10276
     83A -> 85A       -0.23854
     83A -> 86A        0.65113
     83B -> 84B        0.10276
     83B -> 85B       -0.23854
     83B -> 86B        0.65113
 
 Excited State   6:  1.000-A      3.8061 eV  325.75 nm  f=0.2543  <S**2>=0.000
     81A -> 84A        0.12609
     83A -> 85A        0.64502
     83A -> 86A        0.24130
     81B -> 84B        0.12609
     83B -> 85B        0.64502
     83B -> 86B        0.24130
 
 Excited State   7:  3.000-A      4.1610 eV  297.97 nm  f=0.0000  <S**2>=2.000
     80A -> 85A       -0.16595
     81A -> 84A        0.65311
     83A -> 85A       -0.10787
     80B -> 85B        0.16595
     81B -> 84B       -0.65311
     83B -> 85B        0.10787
 
 Excited State   8:  3.000-A      4.4512 eV  278.54 nm  f=0.0000  <S**2>=2.000
     82A -> 84A        0.68386
     82B -> 84B       -0.68386
 
 Excited State   9:  3.000-A      4.4722 eV  277.23 nm  f=0.0000  <S**2>=2.000
     80A -> 85A        0.14951
     82A -> 86A       -0.57013
     83A -> 88A        0.17581
     83A ->106A       -0.19134
     80B -> 85B       -0.14951
     82B -> 86B        0.57013
     83B -> 88B       -0.17581
     83B ->106B        0.19134
 
 Excited State  10:  3.000-A      4.6146 eV  268.68 nm  f=0.0000  <S**2>=2.000
     80A -> 84A        0.50242
     81A -> 85A       -0.32953
     82A -> 85A        0.18039
     83A -> 87A        0.14080
     83A -> 90A        0.11451
     83A ->100A        0.13514
     83A ->101A        0.11567
     80B -> 84B       -0.50242
     81B -> 85B        0.32953
     82B -> 85B       -0.18039
     83B -> 87B       -0.14080
     83B -> 90B       -0.11451
     83B ->100B       -0.13514
     83B ->101B       -0.11567
 SavETr:  write IOETrn=   770 NScale= 10 NData=  16 NLR=1 LETran=     180.

 **********************************************************************

            Population analysis using the SCF density.

 **********************************************************************

 Orbital symmetries:
 Alpha Orbitals:
       Occupied  (A) (A) (A) (A) (A) (A) (A) (A) (A) (A) (A) (A)
                 (A) (A) (A) (A) (A) (A) (A) (A) (A) (A) (A) (A)
                 (A) (A) (A) (A) (A) (A) (A) (A) (A) (A) (A) (A)
                 (A) (A) (A) (A) (A) (A) (A) (A) (A) (A) (A) (A)
                 (A) (A) (A) (A) (A) (A) (A) (A) (A) (A) (A) (A)
                 (A) (A) (A) (A) (A) (A) (A) (A) (A) (A) (A) (A)
                 (A) (A) (A) (A) (A) (A) (A) (A) (A) (A) (A)
       Virtual   (A) (A) (A) (A) (A) (A) (A) (A) (A) (A) (A) (A)
                 (A) (A) (A) (A) (A) (A) (A) (A) (A) (A) (A) (A)
                 (A) (A) (A) (A) (A) (A) (A) (A) (A) (A) (A) (A)
                 (A) (A) (A) (A) (A) (A) (A) (A) (A) (A) (A) (A)
                 (A) (A) (A) (A) (A) (A) (A) (A) (A) (A) (A) (A)
                 (A) (A) (A) (A) (A) (A) (A) (A) (A) (A) (A) (A)
                 (A) (A) (A) (A) (A) (A) (A) (A) (A) (A) (A) (A)
                 (A) (A) (A) (A) (A) (A) (A) (A) (A) (A) (A) (A)
                 (A) (A) (A) (A) (A) (A) (A) (A) (A) (A) (A) (A)
                 (A) (A) (A) (A) (A) (A) (A) (A) (A) (A) (A) (A)
                 (A) (A) (A) (A) (A) (A) (A) (A) (A) (A) (A) (A)
                 (A) (A) (A) (A) (A) (A) (A) (A) (A) (A) (A) (A)
                 (A) (A) (A) (A) (A) (A) (A) (A) (A) (A) (A) (A)
                 (A) (A) (A) (A) (A) (A) (A) (A) (A) (A) (A) (A)
                 (A) (A) (A) (A) (A) (A) (A) (A) (A) (A) (A) (A)
                 (A) (A) (A) (A) (A) (A) (A) (A) (A) (A) (A) (A)
                 (A) (A) (A) (A) (A) (A) (A) (A) (A) (A) (A) (A)
                 (A) (A) (A) (A) (A) (A) (A) (A) (A) (A) (A) (A)
                 (A) (A) (A) (A) (A) (A) (A) (A) (A) (A) (A) (A)
                 (A) (A) (A) (A) (A) (A) (A) (A) (A) (A) (A) (A)
                 (A) (A) (A) (A) (A) (A) (A) (A) (A) (A) (A) (A)
                 (A) (A) (A) (A) (A) (A) (A) (A) (A) (A) (A) (A)
                 (A) (A) (A) (A) (A) (A) (A) (A) (A) (A) (A) (A)
                 (A) (A) (A) (A) (A) (A) (A) (A) (A) (A) (A) (A)
                 (A) (A) (A) (A) (A) (A) (A) (A) (A) (A) (A) (A)
                 (A) (A) (A) (A) (A) (A) (A) (A) (A) (A) (A) (A)
                 (A) (A) (A) (A) (A) (A) (A) (A) (A) (A) (A) (A)
                 (A) (A) (A) (A) (A) (A) (A) (A) (A) (A) (A) (A)
                 (A) (A) (A) (A) (A) (A) (A) (A) (A) (A) (A) (A)
                 (A) (A) (A) (A) (A) (A) (A) (A) (A) (A) (A) (A)
                 (A) (A) (A) (A) (A) (A) (A) (A) (A) (A) (A) (A)
                 (A) (A) (A) (A) (A) (A) (A) (A) (A) (A) (A) (A)
                 (A) (A) (A) (A) (A) (A) (A) (A) (A) (A) (A) (A)
                 (A) (A) (A) (A) (A) (A) (A) (A) (A) (A) (A) (A)
                 (A) (A) (A) (A) (A) (A) (A) (A) (A) (A) (A) (A)
                 (A) (A) (A) (A) (A) (A) (A) (A) (A) (A) (A) (A)
                 (A) (A) (A) (A) (A) (A) (A) (A) (A) (A) (A) (A)
                 (A) (A) (A) (A) (A) (A) (A) (A) (A) (A) (A) (A)
                 (A) (A) (A) (A) (A) (A) (A) (A) (A) (A) (A) (A)
                 (A) (A) (A) (A) (A) (A) (A) (A) (A) (A) (A) (A)
                 (A) (A) (A) (A) (A) (A) (A) (A) (A) (A) (A) (A)
                 (A) (A) (A) (A) (A) (A) (A) (A) (A) (A) (A) (A)
                 (A) (A) (A) (A) (A) (A) (A) (A) (A) (A) (A) (A)
                 (A) (A) (A) (A) (A) (A) (A) (A) (A) (A) (A) (A)
                 (A) (A) (A) (A) (A) (A) (A) (A) (A) (A) (A) (A)
                 (A) (A) (A) (A) (A) (A) (A) (A) (A) (A) (A) (A)
                 (A) (A) (A) (A) (A) (A) (A) (A) (A) (A) (A) (A)
                 (A) (A) (A) (A) (A) (A) (A) (A) (A) (A) (A) (A)
                 (A) (A) (A) (A) (A) (A) (A) (A) (A) (A) (A) (A)
                 (A) (A) (A) (A) (A) (A) (A) (A) (A) (A) (A) (A)
                 (A) (A)
 Beta  Orbitals:
       Occupied  (A) (A) (A) (A) (A) (A) (A) (A) (A) (A) (A) (A)
                 (A) (A) (A) (A) (A) (A) (A) (A) (A) (A) (A) (A)
                 (A) (A) (A) (A) (A) (A) (A) (A) (A) (A) (A) (A)
                 (A) (A) (A) (A) (A) (A) (A) (A) (A) (A) (A) (A)
                 (A) (A) (A) (A) (A) (A) (A) (A) (A) (A) (A) (A)
                 (A) (A) (A) (A) (A) (A) (A) (A) (A) (A) (A) (A)
                 (A) (A) (A) (A) (A) (A) (A) (A) (A) (A) (A)
       Virtual   (A) (A) (A) (A) (A) (A) (A) (A) (A) (A) (A) (A)
                 (A) (A) (A) (A) (A) (A) (A) (A) (A) (A) (A) (A)
                 (A) (A) (A) (A) (A) (A) (A) (A) (A) (A) (A) (A)
                 (A) (A) (A) (A) (A) (A) (A) (A) (A) (A) (A) (A)
                 (A) (A) (A) (A) (A) (A) (A) (A) (A) (A) (A) (A)
                 (A) (A) (A) (A) (A) (A) (A) (A) (A) (A) (A) (A)
                 (A) (A) (A) (A) (A) (A) (A) (A) (A) (A) (A) (A)
                 (A) (A) (A) (A) (A) (A) (A) (A) (A) (A) (A) (A)
                 (A) (A) (A) (A) (A) (A) (A) (A) (A) (A) (A) (A)
                 (A) (A) (A) (A) (A) (A) (A) (A) (A) (A) (A) (A)
                 (A) (A) (A) (A) (A) (A) (A) (A) (A) (A) (A) (A)
                 (A) (A) (A) (A) (A) (A) (A) (A) (A) (A) (A) (A)
                 (A) (A) (A) (A) (A) (A) (A) (A) (A) (A) (A) (A)
                 (A) (A) (A) (A) (A) (A) (A) (A) (A) (A) (A) (A)
                 (A) (A) (A) (A) (A) (A) (A) (A) (A) (A) (A) (A)
                 (A) (A) (A) (A) (A) (A) (A) (A) (A) (A) (A) (A)
                 (A) (A) (A) (A) (A) (A) (A) (A) (A) (A) (A) (A)
                 (A) (A) (A) (A) (A) (A) (A) (A) (A) (A) (A) (A)
                 (A) (A) (A) (A) (A) (A) (A) (A) (A) (A) (A) (A)
                 (A) (A) (A) (A) (A) (A) (A) (A) (A) (A) (A) (A)
                 (A) (A) (A) (A) (A) (A) (A) (A) (A) (A) (A) (A)
                 (A) (A) (A) (A) (A) (A) (A) (A) (A) (A) (A) (A)
                 (A) (A) (A) (A) (A) (A) (A) (A) (A) (A) (A) (A)
                 (A) (A) (A) (A) (A) (A) (A) (A) (A) (A) (A) (A)
                 (A) (A) (A) (A) (A) (A) (A) (A) (A) (A) (A) (A)
                 (A) (A) (A) (A) (A) (A) (A) (A) (A) (A) (A) (A)
                 (A) (A) (A) (A) (A) (A) (A) (A) (A) (A) (A) (A)
                 (A) (A) (A) (A) (A) (A) (A) (A) (A) (A) (A) (A)
                 (A) (A) (A) (A) (A) (A) (A) (A) (A) (A) (A) (A)
                 (A) (A) (A) (A) (A) (A) (A) (A) (A) (A) (A) (A)
                 (A) (A) (A) (A) (A) (A) (A) (A) (A) (A) (A) (A)
                 (A) (A) (A) (A) (A) (A) (A) (A) (A) (A) (A) (A)
                 (A) (A) (A) (A) (A) (A) (A) (A) (A) (A) (A) (A)
                 (A) (A) (A) (A) (A) (A) (A) (A) (A) (A) (A) (A)
                 (A) (A) (A) (A) (A) (A) (A) (A) (A) (A) (A) (A)
                 (A) (A) (A) (A) (A) (A) (A) (A) (A) (A) (A) (A)
                 (A) (A) (A) (A) (A) (A) (A) (A) (A) (A) (A) (A)
                 (A) (A) (A) (A) (A) (A) (A) (A) (A) (A) (A) (A)
                 (A) (A) (A) (A) (A) (A) (A) (A) (A) (A) (A) (A)
                 (A) (A) (A) (A) (A) (A) (A) (A) (A) (A) (A) (A)
                 (A) (A) (A) (A) (A) (A) (A) (A) (A) (A) (A) (A)
                 (A) (A) (A) (A) (A) (A) (A) (A) (A) (A) (A) (A)
                 (A) (A) (A) (A) (A) (A) (A) (A) (A) (A) (A) (A)
                 (A) (A) (A) (A) (A) (A) (A) (A) (A) (A) (A) (A)
                 (A) (A) (A) (A) (A) (A) (A) (A) (A) (A) (A) (A)
                 (A) (A) (A) (A) (A) (A) (A) (A) (A) (A) (A) (A)
                 (A) (A) (A) (A) (A) (A) (A) (A) (A) (A) (A) (A)
                 (A) (A) (A) (A) (A) (A) (A) (A) (A) (A) (A) (A)
                 (A) (A) (A) (A) (A) (A) (A) (A) (A) (A) (A) (A)
                 (A) (A) (A) (A) (A) (A) (A) (A) (A) (A) (A) (A)
                 (A) (A)
 The electronic state is 1-A.
 Alpha  occ. eigenvalues --  -14.41086 -14.41015 -10.29648 -10.25320 -10.25234
 Alpha  occ. eigenvalues --  -10.25143 -10.25121 -10.22180 -10.22134 -10.21999
 Alpha  occ. eigenvalues --  -10.20726 -10.20638 -10.19970 -10.19544 -10.19516
 Alpha  occ. eigenvalues --  -10.19224 -10.19064 -10.19028 -10.18865 -10.17413
 Alpha  occ. eigenvalues --  -10.17382 -10.17092 -10.16947  -1.07893  -0.99172
 Alpha  occ. eigenvalues --   -0.90846  -0.85405  -0.84376  -0.83195  -0.80028
 Alpha  occ. eigenvalues --   -0.78784  -0.76985  -0.75961  -0.74983  -0.73859
 Alpha  occ. eigenvalues --   -0.69302  -0.68552  -0.67099  -0.66659  -0.64150
 Alpha  occ. eigenvalues --   -0.63603  -0.61387  -0.60982  -0.57885  -0.56816
 Alpha  occ. eigenvalues --   -0.54934  -0.54532  -0.52155  -0.50495  -0.50151
 Alpha  occ. eigenvalues --   -0.47337  -0.47008  -0.46937  -0.46583  -0.45649
 Alpha  occ. eigenvalues --   -0.45159  -0.44783  -0.44552  -0.44041  -0.43495
 Alpha  occ. eigenvalues --   -0.43229  -0.42551  -0.42132  -0.40817  -0.40572
 Alpha  occ. eigenvalues --   -0.39744  -0.39407  -0.38861  -0.38787  -0.37965
 Alpha  occ. eigenvalues --   -0.37360  -0.36958  -0.36358  -0.36217  -0.36084
 Alpha  occ. eigenvalues --   -0.35186  -0.35057  -0.34604  -0.33892  -0.30440
 Alpha  occ. eigenvalues --   -0.29237  -0.28192  -0.21141
 Alpha virt. eigenvalues --   -0.07331  -0.05821  -0.04583  -0.01439  -0.00605
 Alpha virt. eigenvalues --   -0.00344   0.00280   0.00928   0.01075   0.01437
 Alpha virt. eigenvalues --    0.01728   0.02166   0.02615   0.02747   0.03182
 Alpha virt. eigenvalues --    0.03572   0.03870   0.04061   0.04415   0.04724
 Alpha virt. eigenvalues --    0.04863   0.05198   0.05311   0.06055   0.06236
 Alpha virt. eigenvalues --    0.06410   0.06625   0.06798   0.07180   0.07258
 Alpha virt. eigenvalues --    0.07466   0.07814   0.08071   0.08408   0.09101
 Alpha virt. eigenvalues --    0.09319   0.09680   0.09835   0.09907   0.10368
 Alpha virt. eigenvalues --    0.10426   0.10908   0.11049   0.11193   0.11560
 Alpha virt. eigenvalues --    0.11759   0.11989   0.12149   0.12294   0.12516
 Alpha virt. eigenvalues --    0.12761   0.12910   0.13031   0.13182   0.13396
 Alpha virt. eigenvalues --    0.13678   0.13842   0.14015   0.14189   0.14385
 Alpha virt. eigenvalues --    0.14707   0.14802   0.14999   0.15132   0.15405
 Alpha virt. eigenvalues --    0.15468   0.15752   0.15852   0.16051   0.16194
 Alpha virt. eigenvalues --    0.16448   0.16687   0.16707   0.16854   0.17206
 Alpha virt. eigenvalues --    0.17347   0.17628   0.17811   0.17999   0.18182
 Alpha virt. eigenvalues --    0.18424   0.18515   0.18936   0.19289   0.19361
 Alpha virt. eigenvalues --    0.19422   0.19646   0.19829   0.19882   0.20508
 Alpha virt. eigenvalues --    0.20679   0.20953   0.21165   0.21328   0.21532
 Alpha virt. eigenvalues --    0.21687   0.22100   0.22349   0.22452   0.22896
 Alpha virt. eigenvalues --    0.23127   0.23487   0.23829   0.24316   0.24377
 Alpha virt. eigenvalues --    0.24671   0.25247   0.25271   0.25838   0.26008
 Alpha virt. eigenvalues --    0.26352   0.26389   0.26727   0.27038   0.27223
 Alpha virt. eigenvalues --    0.27343   0.27738   0.27942   0.28403   0.28752
 Alpha virt. eigenvalues --    0.28987   0.29235   0.29579   0.29789   0.30021
 Alpha virt. eigenvalues --    0.30273   0.30910   0.31072   0.31458   0.31660
 Alpha virt. eigenvalues --    0.31812   0.32184   0.32481   0.32497   0.32606
 Alpha virt. eigenvalues --    0.33238   0.33442   0.33645   0.34044   0.34344
 Alpha virt. eigenvalues --    0.34350   0.34884   0.34899   0.35045   0.35886
 Alpha virt. eigenvalues --    0.35896   0.36507   0.36770   0.37012   0.37278
 Alpha virt. eigenvalues --    0.37930   0.38217   0.38950   0.39252   0.39699
 Alpha virt. eigenvalues --    0.41356   0.41637   0.42470   0.43329   0.43969
 Alpha virt. eigenvalues --    0.44508   0.45259   0.46337   0.47181   0.48092
 Alpha virt. eigenvalues --    0.48294   0.49174   0.49820   0.50066   0.50773
 Alpha virt. eigenvalues --    0.50872   0.51221   0.52513   0.52763   0.53125
 Alpha virt. eigenvalues --    0.53158   0.54245   0.54697   0.55436   0.55577
 Alpha virt. eigenvalues --    0.56395   0.56631   0.56748   0.56840   0.57620
 Alpha virt. eigenvalues --    0.58105   0.58733   0.59029   0.59546   0.60379
 Alpha virt. eigenvalues --    0.61117   0.61586   0.61919   0.62429   0.62731
 Alpha virt. eigenvalues --    0.63521   0.63565   0.63856   0.64132   0.64295
 Alpha virt. eigenvalues --    0.65563   0.65954   0.66209   0.66455   0.66760
 Alpha virt. eigenvalues --    0.67175   0.67444   0.67666   0.67999   0.68401
 Alpha virt. eigenvalues --    0.68541   0.69271   0.69404   0.69579   0.70245
 Alpha virt. eigenvalues --    0.70498   0.70699   0.71269   0.71438   0.72176
 Alpha virt. eigenvalues --    0.72336   0.72661   0.73207   0.73523   0.74123
 Alpha virt. eigenvalues --    0.74182   0.74432   0.74786   0.75273   0.75641
 Alpha virt. eigenvalues --    0.76261   0.76739   0.77103   0.77177   0.77949
 Alpha virt. eigenvalues --    0.78060   0.78328   0.79040   0.79623   0.79883
 Alpha virt. eigenvalues --    0.80690   0.81153   0.81802   0.82576   0.83107
 Alpha virt. eigenvalues --    0.84381   0.85904   0.86540   0.87746   0.88143
 Alpha virt. eigenvalues --    0.89069   0.89505   0.90100   0.91537   0.92103
 Alpha virt. eigenvalues --    0.92570   0.93556   0.94018   0.94863   0.95948
 Alpha virt. eigenvalues --    0.95954   0.97170   0.97375   0.98185   0.98420
 Alpha virt. eigenvalues --    0.99045   1.00026   1.00477   1.00853   1.01567
 Alpha virt. eigenvalues --    1.03060   1.03695   1.04157   1.05894   1.06625
 Alpha virt. eigenvalues --    1.07190   1.08117   1.08920   1.09564   1.10096
 Alpha virt. eigenvalues --    1.11057   1.11867   1.11959   1.13968   1.14646
 Alpha virt. eigenvalues --    1.17455   1.18959   1.19931   1.20508   1.21872
 Alpha virt. eigenvalues --    1.23048   1.24333   1.25871   1.26771   1.27332
 Alpha virt. eigenvalues --    1.28631   1.29271   1.31300   1.31588   1.32258
 Alpha virt. eigenvalues --    1.33283   1.34251   1.37816   1.38784   1.39447
 Alpha virt. eigenvalues --    1.40386   1.42138   1.42985   1.43680   1.44715
 Alpha virt. eigenvalues --    1.45553   1.45748   1.46684   1.47073   1.48278
 Alpha virt. eigenvalues --    1.48587   1.49254   1.49822   1.50057   1.50189
 Alpha virt. eigenvalues --    1.50644   1.51105   1.52200   1.52888   1.53504
 Alpha virt. eigenvalues --    1.54454   1.54831   1.55377   1.56561   1.56902
 Alpha virt. eigenvalues --    1.57470   1.57837   1.58481   1.58870   1.59160
 Alpha virt. eigenvalues --    1.59658   1.60145   1.60579   1.61195   1.61598
 Alpha virt. eigenvalues --    1.61772   1.62199   1.62691   1.63327   1.63483
 Alpha virt. eigenvalues --    1.64316   1.64965   1.65448   1.66181   1.66485
 Alpha virt. eigenvalues --    1.66896   1.67618   1.68214   1.68575   1.68991
 Alpha virt. eigenvalues --    1.69271   1.70426   1.70921   1.72030   1.72838
 Alpha virt. eigenvalues --    1.73785   1.75043   1.75264   1.75799   1.76363
 Alpha virt. eigenvalues --    1.77158   1.77241   1.77821   1.78684   1.79457
 Alpha virt. eigenvalues --    1.80262   1.81117   1.82351   1.82619   1.83573
 Alpha virt. eigenvalues --    1.83905   1.85225   1.86084   1.87504   1.87687
 Alpha virt. eigenvalues --    1.88197   1.90097   1.90782   1.92173   1.92551
 Alpha virt. eigenvalues --    1.93200   1.94014   1.94406   1.94850   1.95294
 Alpha virt. eigenvalues --    1.96715   1.97290   1.99850   2.00155   2.00511
 Alpha virt. eigenvalues --    2.01390   2.02306   2.03235   2.03786   2.04093
 Alpha virt. eigenvalues --    2.04549   2.05446   2.06783   2.07253   2.08540
 Alpha virt. eigenvalues --    2.10633   2.11218   2.11989   2.12618   2.13157
 Alpha virt. eigenvalues --    2.14277   2.15049   2.15696   2.16532   2.16728
 Alpha virt. eigenvalues --    2.18067   2.18764   2.20624   2.21868   2.22369
 Alpha virt. eigenvalues --    2.23886   2.24466   2.25471   2.26772   2.27386
 Alpha virt. eigenvalues --    2.28303   2.28826   2.29001   2.31020   2.32175
 Alpha virt. eigenvalues --    2.33158   2.34253   2.34860   2.36055   2.37900
 Alpha virt. eigenvalues --    2.38288   2.39928   2.40638   2.41304   2.42250
 Alpha virt. eigenvalues --    2.45380   2.47463   2.48212   2.48762   2.49426
 Alpha virt. eigenvalues --    2.49905   2.50176   2.50950   2.52051   2.52621
 Alpha virt. eigenvalues --    2.53504   2.54077   2.54388   2.55480   2.57029
 Alpha virt. eigenvalues --    2.57145   2.57620   2.58500   2.59170   2.59575
 Alpha virt. eigenvalues --    2.59842   2.60838   2.61345   2.61792   2.62492
 Alpha virt. eigenvalues --    2.63325   2.64234   2.64870   2.65453   2.65883
 Alpha virt. eigenvalues --    2.66466   2.67127   2.68243   2.69086   2.69439
 Alpha virt. eigenvalues --    2.70598   2.70985   2.72342   2.73137   2.73440
 Alpha virt. eigenvalues --    2.74805   2.75400   2.76556   2.77368   2.77687
 Alpha virt. eigenvalues --    2.78146   2.78844   2.79424   2.80020   2.80558
 Alpha virt. eigenvalues --    2.80952   2.81733   2.82241   2.83091   2.84087
 Alpha virt. eigenvalues --    2.85061   2.85939   2.87034   2.87997   2.88904
 Alpha virt. eigenvalues --    2.89588   2.90354   2.90899   2.91850   2.92856
 Alpha virt. eigenvalues --    2.93225   2.95068   2.97058   2.97994   2.99580
 Alpha virt. eigenvalues --    3.00180   3.00554   3.01513   3.03796   3.07061
 Alpha virt. eigenvalues --    3.08717   3.10004   3.11796   3.13563   3.15117
 Alpha virt. eigenvalues --    3.17151   3.20456   3.22036   3.24341   3.24992
 Alpha virt. eigenvalues --    3.27391   3.28698   3.29714   3.32250   3.33342
 Alpha virt. eigenvalues --    3.37047   3.38627   3.42016   3.43010   3.46273
 Alpha virt. eigenvalues --    3.53544   3.56918   3.58223   3.59081   3.65779
 Alpha virt. eigenvalues --    3.67528   3.70721   3.71119   3.73925   3.77508
 Alpha virt. eigenvalues --    3.78528   3.79328   3.80673   3.81340   3.81652
 Alpha virt. eigenvalues --    3.81819   3.82838   3.84579   3.86610   3.89166
 Alpha virt. eigenvalues --    3.91040   3.92805   3.93688   3.96586   3.98928
 Alpha virt. eigenvalues --    4.02366   4.03983   4.05125   4.13947   4.15035
 Alpha virt. eigenvalues --    4.20034   4.21154   4.22071   4.25837   4.29945
 Alpha virt. eigenvalues --    4.33569   4.39777   4.43105   4.61258   4.78934
 Alpha virt. eigenvalues --    4.81287   5.04144   5.18000   5.34102  23.54149
 Alpha virt. eigenvalues --   23.73678  23.78106  23.84195  23.85371  23.87060
 Alpha virt. eigenvalues --   23.88854  23.89768  23.90765  23.92705  23.94712
 Alpha virt. eigenvalues --   23.97830  23.99181  23.99456  24.00714  24.00776
 Alpha virt. eigenvalues --   24.05132  24.05645  24.10786  24.10952  24.15449
 Alpha virt. eigenvalues --   35.54292  35.71208
  Beta  occ. eigenvalues --  -14.41086 -14.41015 -10.29648 -10.25320 -10.25234
  Beta  occ. eigenvalues --  -10.25143 -10.25121 -10.22180 -10.22134 -10.21999
  Beta  occ. eigenvalues --  -10.20726 -10.20638 -10.19970 -10.19544 -10.19516
  Beta  occ. eigenvalues --  -10.19224 -10.19064 -10.19028 -10.18865 -10.17413
  Beta  occ. eigenvalues --  -10.17382 -10.17092 -10.16947  -1.07893  -0.99172
  Beta  occ. eigenvalues --   -0.90846  -0.85405  -0.84376  -0.83195  -0.80028
  Beta  occ. eigenvalues --   -0.78784  -0.76985  -0.75961  -0.74983  -0.73859
  Beta  occ. eigenvalues --   -0.69302  -0.68552  -0.67099  -0.66659  -0.64150
  Beta  occ. eigenvalues --   -0.63603  -0.61387  -0.60982  -0.57885  -0.56816
  Beta  occ. eigenvalues --   -0.54934  -0.54532  -0.52155  -0.50495  -0.50151
  Beta  occ. eigenvalues --   -0.47337  -0.47008  -0.46937  -0.46583  -0.45649
  Beta  occ. eigenvalues --   -0.45159  -0.44783  -0.44552  -0.44041  -0.43495
  Beta  occ. eigenvalues --   -0.43229  -0.42551  -0.42132  -0.40817  -0.40572
  Beta  occ. eigenvalues --   -0.39744  -0.39407  -0.38861  -0.38787  -0.37965
  Beta  occ. eigenvalues --   -0.37360  -0.36958  -0.36358  -0.36217  -0.36084
  Beta  occ. eigenvalues --   -0.35186  -0.35057  -0.34604  -0.33892  -0.30440
  Beta  occ. eigenvalues --   -0.29237  -0.28192  -0.21141
  Beta virt. eigenvalues --   -0.07331  -0.05821  -0.04583  -0.01439  -0.00605
  Beta virt. eigenvalues --   -0.00344   0.00280   0.00928   0.01075   0.01437
  Beta virt. eigenvalues --    0.01728   0.02166   0.02615   0.02747   0.03182
  Beta virt. eigenvalues --    0.03572   0.03870   0.04061   0.04415   0.04724
  Beta virt. eigenvalues --    0.04863   0.05198   0.05311   0.06055   0.06236
  Beta virt. eigenvalues --    0.06410   0.06625   0.06798   0.07180   0.07258
  Beta virt. eigenvalues --    0.07466   0.07814   0.08071   0.08408   0.09101
  Beta virt. eigenvalues --    0.09319   0.09680   0.09835   0.09907   0.10368
  Beta virt. eigenvalues --    0.10426   0.10908   0.11049   0.11193   0.11560
  Beta virt. eigenvalues --    0.11759   0.11989   0.12149   0.12294   0.12516
  Beta virt. eigenvalues --    0.12761   0.12910   0.13031   0.13182   0.13396
  Beta virt. eigenvalues --    0.13678   0.13842   0.14015   0.14189   0.14385
  Beta virt. eigenvalues --    0.14707   0.14802   0.14999   0.15132   0.15405
  Beta virt. eigenvalues --    0.15468   0.15752   0.15852   0.16051   0.16194
  Beta virt. eigenvalues --    0.16448   0.16687   0.16707   0.16854   0.17206
  Beta virt. eigenvalues --    0.17347   0.17628   0.17811   0.17999   0.18182
  Beta virt. eigenvalues --    0.18424   0.18515   0.18936   0.19289   0.19361
  Beta virt. eigenvalues --    0.19422   0.19646   0.19829   0.19882   0.20508
  Beta virt. eigenvalues --    0.20679   0.20953   0.21165   0.21328   0.21532
  Beta virt. eigenvalues --    0.21687   0.22100   0.22349   0.22452   0.22896
  Beta virt. eigenvalues --    0.23127   0.23487   0.23829   0.24316   0.24377
  Beta virt. eigenvalues --    0.24671   0.25247   0.25271   0.25838   0.26008
  Beta virt. eigenvalues --    0.26352   0.26389   0.26727   0.27038   0.27223
  Beta virt. eigenvalues --    0.27343   0.27738   0.27942   0.28403   0.28752
  Beta virt. eigenvalues --    0.28987   0.29235   0.29579   0.29789   0.30021
  Beta virt. eigenvalues --    0.30273   0.30910   0.31072   0.31458   0.31660
  Beta virt. eigenvalues --    0.31812   0.32184   0.32481   0.32497   0.32606
  Beta virt. eigenvalues --    0.33238   0.33442   0.33645   0.34044   0.34344
  Beta virt. eigenvalues --    0.34350   0.34884   0.34899   0.35045   0.35886
  Beta virt. eigenvalues --    0.35896   0.36507   0.36770   0.37012   0.37278
  Beta virt. eigenvalues --    0.37930   0.38217   0.38950   0.39252   0.39699
  Beta virt. eigenvalues --    0.41356   0.41637   0.42470   0.43329   0.43969
  Beta virt. eigenvalues --    0.44508   0.45259   0.46337   0.47181   0.48092
  Beta virt. eigenvalues --    0.48294   0.49174   0.49820   0.50066   0.50773
  Beta virt. eigenvalues --    0.50872   0.51221   0.52513   0.52763   0.53125
  Beta virt. eigenvalues --    0.53158   0.54245   0.54697   0.55436   0.55577
  Beta virt. eigenvalues --    0.56395   0.56631   0.56748   0.56840   0.57620
  Beta virt. eigenvalues --    0.58105   0.58733   0.59029   0.59546   0.60379
  Beta virt. eigenvalues --    0.61117   0.61586   0.61919   0.62429   0.62731
  Beta virt. eigenvalues --    0.63521   0.63565   0.63856   0.64132   0.64295
  Beta virt. eigenvalues --    0.65563   0.65954   0.66209   0.66455   0.66760
  Beta virt. eigenvalues --    0.67175   0.67444   0.67666   0.67999   0.68401
  Beta virt. eigenvalues --    0.68541   0.69271   0.69404   0.69579   0.70245
  Beta virt. eigenvalues --    0.70498   0.70699   0.71269   0.71438   0.72176
  Beta virt. eigenvalues --    0.72336   0.72661   0.73207   0.73523   0.74123
  Beta virt. eigenvalues --    0.74182   0.74432   0.74786   0.75273   0.75641
  Beta virt. eigenvalues --    0.76261   0.76739   0.77103   0.77177   0.77949
  Beta virt. eigenvalues --    0.78060   0.78328   0.79040   0.79623   0.79883
  Beta virt. eigenvalues --    0.80690   0.81153   0.81802   0.82576   0.83107
  Beta virt. eigenvalues --    0.84381   0.85904   0.86540   0.87746   0.88143
  Beta virt. eigenvalues --    0.89069   0.89505   0.90100   0.91537   0.92103
  Beta virt. eigenvalues --    0.92570   0.93556   0.94018   0.94863   0.95948
  Beta virt. eigenvalues --    0.95954   0.97170   0.97375   0.98185   0.98420
  Beta virt. eigenvalues --    0.99045   1.00026   1.00477   1.00853   1.01567
  Beta virt. eigenvalues --    1.03060   1.03695   1.04157   1.05894   1.06625
  Beta virt. eigenvalues --    1.07190   1.08117   1.08920   1.09564   1.10096
  Beta virt. eigenvalues --    1.11057   1.11867   1.11959   1.13968   1.14646
  Beta virt. eigenvalues --    1.17455   1.18959   1.19931   1.20508   1.21872
  Beta virt. eigenvalues --    1.23048   1.24333   1.25871   1.26771   1.27332
  Beta virt. eigenvalues --    1.28631   1.29271   1.31300   1.31588   1.32258
  Beta virt. eigenvalues --    1.33283   1.34251   1.37816   1.38784   1.39447
  Beta virt. eigenvalues --    1.40386   1.42138   1.42985   1.43680   1.44715
  Beta virt. eigenvalues --    1.45553   1.45748   1.46684   1.47073   1.48278
  Beta virt. eigenvalues --    1.48587   1.49254   1.49822   1.50057   1.50189
  Beta virt. eigenvalues --    1.50644   1.51105   1.52200   1.52888   1.53504
  Beta virt. eigenvalues --    1.54454   1.54831   1.55377   1.56561   1.56902
  Beta virt. eigenvalues --    1.57470   1.57837   1.58481   1.58870   1.59160
  Beta virt. eigenvalues --    1.59658   1.60145   1.60579   1.61195   1.61598
  Beta virt. eigenvalues --    1.61772   1.62199   1.62691   1.63327   1.63483
  Beta virt. eigenvalues --    1.64316   1.64965   1.65448   1.66181   1.66485
  Beta virt. eigenvalues --    1.66896   1.67618   1.68214   1.68575   1.68991
  Beta virt. eigenvalues --    1.69271   1.70426   1.70921   1.72030   1.72838
  Beta virt. eigenvalues --    1.73785   1.75043   1.75264   1.75799   1.76363
  Beta virt. eigenvalues --    1.77158   1.77241   1.77821   1.78684   1.79457
  Beta virt. eigenvalues --    1.80262   1.81117   1.82351   1.82619   1.83573
  Beta virt. eigenvalues --    1.83905   1.85225   1.86084   1.87504   1.87687
  Beta virt. eigenvalues --    1.88197   1.90097   1.90782   1.92173   1.92551
  Beta virt. eigenvalues --    1.93200   1.94014   1.94406   1.94850   1.95294
  Beta virt. eigenvalues --    1.96715   1.97290   1.99850   2.00155   2.00511
  Beta virt. eigenvalues --    2.01390   2.02306   2.03235   2.03786   2.04093
  Beta virt. eigenvalues --    2.04549   2.05446   2.06783   2.07253   2.08540
  Beta virt. eigenvalues --    2.10633   2.11218   2.11989   2.12618   2.13157
  Beta virt. eigenvalues --    2.14277   2.15049   2.15696   2.16532   2.16728
  Beta virt. eigenvalues --    2.18067   2.18764   2.20624   2.21868   2.22369
  Beta virt. eigenvalues --    2.23886   2.24466   2.25471   2.26772   2.27386
  Beta virt. eigenvalues --    2.28303   2.28826   2.29001   2.31020   2.32175
  Beta virt. eigenvalues --    2.33158   2.34253   2.34860   2.36055   2.37900
  Beta virt. eigenvalues --    2.38288   2.39928   2.40638   2.41304   2.42250
  Beta virt. eigenvalues --    2.45380   2.47463   2.48212   2.48762   2.49426
  Beta virt. eigenvalues --    2.49905   2.50176   2.50950   2.52051   2.52621
  Beta virt. eigenvalues --    2.53504   2.54077   2.54388   2.55480   2.57029
  Beta virt. eigenvalues --    2.57145   2.57620   2.58500   2.59170   2.59575
  Beta virt. eigenvalues --    2.59842   2.60838   2.61345   2.61792   2.62492
  Beta virt. eigenvalues --    2.63325   2.64234   2.64870   2.65453   2.65883
  Beta virt. eigenvalues --    2.66466   2.67127   2.68243   2.69086   2.69439
  Beta virt. eigenvalues --    2.70598   2.70985   2.72342   2.73137   2.73440
  Beta virt. eigenvalues --    2.74805   2.75400   2.76556   2.77368   2.77687
  Beta virt. eigenvalues --    2.78146   2.78844   2.79424   2.80020   2.80558
  Beta virt. eigenvalues --    2.80952   2.81733   2.82241   2.83091   2.84087
  Beta virt. eigenvalues --    2.85061   2.85939   2.87034   2.87997   2.88904
  Beta virt. eigenvalues --    2.89588   2.90354   2.90899   2.91850   2.92856
  Beta virt. eigenvalues --    2.93225   2.95068   2.97058   2.97994   2.99580
  Beta virt. eigenvalues --    3.00180   3.00554   3.01513   3.03796   3.07061
  Beta virt. eigenvalues --    3.08717   3.10004   3.11796   3.13563   3.15117
  Beta virt. eigenvalues --    3.17151   3.20456   3.22036   3.24341   3.24992
  Beta virt. eigenvalues --    3.27391   3.28698   3.29714   3.32250   3.33342
  Beta virt. eigenvalues --    3.37047   3.38627   3.42016   3.43010   3.46273
  Beta virt. eigenvalues --    3.53544   3.56918   3.58223   3.59081   3.65779
  Beta virt. eigenvalues --    3.67528   3.70721   3.71119   3.73925   3.77508
  Beta virt. eigenvalues --    3.78528   3.79328   3.80673   3.81340   3.81652
  Beta virt. eigenvalues --    3.81819   3.82838   3.84579   3.86610   3.89166
  Beta virt. eigenvalues --    3.91040   3.92805   3.93688   3.96586   3.98928
  Beta virt. eigenvalues --    4.02366   4.03983   4.05125   4.13947   4.15035
  Beta virt. eigenvalues --    4.20034   4.21154   4.22071   4.25837   4.29945
  Beta virt. eigenvalues --    4.33569   4.39777   4.43105   4.61258   4.78934
  Beta virt. eigenvalues --    4.81287   5.04144   5.18000   5.34102  23.54149
  Beta virt. eigenvalues --   23.73678  23.78106  23.84195  23.85371  23.87060
  Beta virt. eigenvalues --   23.88854  23.89768  23.90765  23.92705  23.94712
  Beta virt. eigenvalues --   23.97830  23.99181  23.99456  24.00714  24.00776
  Beta virt. eigenvalues --   24.05132  24.05645  24.10786  24.10952  24.15449
  Beta virt. eigenvalues --   35.54292  35.71208
          Condensed to atoms (all electrons):
              1          2          3          4          5          6
     1  C    9.407422  -0.072843  -0.086432   0.209494   0.677330  -0.189871
     2  C   -0.072843   8.882709   0.405202   0.283954  -0.103582   0.258118
     3  C   -0.086432   0.405202   5.981944   0.261256   0.266367   0.042975
     4  C    0.209494   0.283954   0.261256   6.313739   0.525685   0.441895
     5  C    0.677330  -0.103582   0.266367   0.525685   8.608139  -0.025189
     6  C   -0.189871   0.258118   0.042975   0.441895  -0.025189   6.924797
     7  C   -0.267617  -0.473975   0.301608  -0.007703  -0.140837  -0.018053
     8  C    0.266910  -0.083921  -0.202893  -0.180243  -0.404935   0.306540
     9  C   -0.095284  -0.348455  -0.139623  -0.146181  -0.401171   0.207257
    10  C   -0.087403  -0.741101   0.674347  -1.252694  -0.395051  -1.581668
    11  C   -0.187377  -0.236731  -0.220506   0.546149  -0.017061   0.148048
    12  H   -0.008878   0.016457  -0.007201   0.019554  -0.003068  -0.018734
    13  H   -0.004247  -0.022957   0.038581  -0.035799  -0.000537  -0.052773
    14  H    0.012099   0.015216  -0.012716  -0.004085  -0.041318   0.028813
    15  C   -2.433207   0.294589  -0.700990  -0.887626  -0.068214  -0.006791
    16  H   -0.241547   0.028649  -0.014665  -0.034345  -0.099660   0.000790
    17  H    0.067782   0.033698   0.004909   0.002614   0.019399   0.001825
    18  C    0.008914   0.049734   0.025020  -0.045932  -0.011289  -0.005475
    19  H    0.007697   0.014979   0.001498   0.008202   0.000130   0.001010
    20  H   -0.016189  -0.006494  -0.004209  -0.008238   0.006440  -0.000187
    21  H   -0.135899   0.014735  -0.004046  -0.008587  -0.039822  -0.000068
    22  C   -0.005567  -1.030466  -0.300932  -0.142864  -2.447212  -0.028767
    23  H   -0.026531  -0.002419   0.000566   0.002494  -0.099499  -0.000510
    24  H    0.007159   0.005510  -0.007864  -0.060700  -0.121186  -0.002132
    25  C    0.013506  -0.077854  -0.012648   0.054685  -0.045584  -0.004358
    26  H    0.000049  -0.004644   0.000739  -0.005460  -0.004979  -0.000753
    27  H   -0.011850  -0.010217   0.003282   0.019319  -0.025212  -0.000229
    28  H   -0.008400  -0.001714  -0.003808  -0.014007  -0.054229   0.000184
    29  C   -0.218330  -0.455261  -0.359442   0.016723   0.162692   0.470825
    30  H    0.001369  -0.009101  -0.009356  -0.001376   0.000035  -0.093098
    31  H   -0.001158   0.028327   0.008810   0.000627   0.004366   0.026347
    32  C   -0.004378  -0.037294   0.008792  -0.009165  -0.003619   0.011814
    33  H   -0.001210  -0.004645  -0.002901  -0.000198   0.000807  -0.001155
    34  H    0.001646   0.003002   0.011377  -0.001817   0.000130  -0.000311
    35  H   -0.000820  -0.008508  -0.006680  -0.000152   0.000393   0.001879
    36  C    0.306613  -0.211415  -0.764598  -0.069888  -0.218098  -0.914030
    37  H    0.001656   0.033655  -0.012664   0.000682  -0.001233  -0.038486
    38  H    0.006882  -0.018838  -0.006550  -0.000176  -0.005050   0.001451
    39  C   -0.003036   0.115120   0.039003  -0.000029   0.017483  -0.051098
    40  H    0.000491  -0.008886  -0.002623  -0.000686  -0.000554  -0.007768
    41  H    0.000886  -0.010981  -0.000930   0.000547  -0.001736   0.016573
    42  H   -0.000175   0.026645  -0.000644   0.000176   0.001507  -0.009521
    43  N   -0.156443   0.157392   0.073333  -0.075871   0.135702  -0.101008
    44  N   -0.255878   0.318879   0.028243  -0.046516  -0.246494  -0.084943
    45  C    0.569008  -0.304717  -0.051672  -0.165813  -0.104368  -0.138716
    46  H    0.012431  -0.027234  -0.011011  -0.008470  -0.001034  -0.014401
    47  H   -0.022731  -0.031278   0.000067   0.002675  -0.000235   0.013785
    48  C   -0.764871  -0.128243   0.131281  -0.031633   0.132700  -0.093413
    49  H   -0.031993  -0.040628  -0.003196   0.004644   0.015243  -0.004340
    50  H   -0.023829  -0.010343  -0.013392  -0.003014   0.003658  -0.000624
              7          8          9         10         11         12
     1  C   -0.267617   0.266910  -0.095284  -0.087403  -0.187377  -0.008878
     2  C   -0.473975  -0.083921  -0.348455  -0.741101  -0.236731   0.016457
     3  C    0.301608  -0.202893  -0.139623   0.674347  -0.220506  -0.007201
     4  C   -0.007703  -0.180243  -0.146181  -1.252694   0.546149   0.019554
     5  C   -0.140837  -0.404935  -0.401171  -0.395051  -0.017061  -0.003068
     6  C   -0.018053   0.306540   0.207257  -1.581668   0.148048  -0.018734
     7  C    9.534705   0.175240   0.507111  -0.110184  -0.291878  -0.019969
     8  C    0.175240  10.018888  -0.058618  -0.012077  -0.257938   0.008177
     9  C    0.507111  -0.058618   7.149137   0.550762  -1.178101   0.421342
    10  C   -0.110184  -0.012077   0.550762   9.949796  -0.022545  -0.101881
    11  C   -0.291878  -0.257938  -1.178101  -0.022545   7.261723   0.008469
    12  H   -0.019969   0.008177   0.421342  -0.101881   0.008469   0.528887
    13  H   -0.002781  -0.002194  -0.090844   0.563726  -0.073445  -0.023608
    14  H    0.003090  -0.011410   0.020289  -0.118277   0.413176   0.005559
    15  C   -0.201613   0.349752  -0.094390  -0.013567  -0.086669  -0.003828
    16  H   -0.003080   0.005292  -0.001456   0.006249   0.007597  -0.000056
    17  H    0.000402   0.000504  -0.001355  -0.004595  -0.012717  -0.000064
    18  C    0.013403  -0.002645   0.002493   0.001954   0.012223   0.000096
    19  H    0.000622   0.000433  -0.000190  -0.001552  -0.008214  -0.000009
    20  H   -0.000936   0.000624  -0.000320   0.000039   0.000253  -0.000007
    21  H    0.000942   0.002167  -0.000179   0.000412  -0.000995  -0.000005
    22  C    0.174711  -0.288486   0.090267  -0.434058   0.482143   0.000251
    23  H    0.003749  -0.003735  -0.001233  -0.028608  -0.029652   0.000031
    24  H   -0.002397   0.003232   0.006444   0.043689   0.085091  -0.000204
    25  C   -0.002114  -0.006283  -0.009151   0.009993   0.050659   0.000085
    26  H    0.000113  -0.000437   0.001947   0.009122   0.013816  -0.000038
    27  H    0.002472  -0.001708  -0.003466  -0.021645  -0.003586  -0.000124
    28  H   -0.000054  -0.000088   0.000411   0.000785   0.001352  -0.000026
    29  C   -3.368059   0.422254  -0.277370  -0.558179   0.184182   0.059503
    30  H   -0.144586   0.024672   0.088892   0.047638   0.007506  -0.014527
    31  H   -0.082009   0.000290  -0.056589  -0.038053  -0.000216   0.006209
    32  C    0.247397  -0.027112   0.086586   0.060449   0.002086  -0.008225
    33  H   -0.147358   0.057001  -0.013481  -0.002421   0.001269  -0.000773
    34  H    0.009888  -0.022070  -0.000407  -0.013048  -0.005081  -0.008363
    35  H   -0.048748  -0.001550   0.012284   0.003597   0.001806  -0.000862
    36  C    0.437159  -2.672580   0.213284   0.040770  -0.163252  -0.004679
    37  H   -0.123954  -0.214088   0.011548   0.004890  -0.001451  -0.000670
    38  H    0.061843   0.075630  -0.004682  -0.000833  -0.002022   0.000386
    39  C   -0.063645  -0.042556  -0.002299  -0.000299   0.003830  -0.001944
    40  H    0.013358  -0.004044   0.000202  -0.000161  -0.000442  -0.000067
    41  H    0.050629   0.026541   0.000143   0.002625  -0.000167  -0.000189
    42  H   -0.056801  -0.200615   0.000632   0.000207  -0.000317  -0.000122
    43  N   -0.192761  -0.421006  -0.035892   0.014390   0.042710   0.001104
    44  N    0.007830  -0.114753   0.034422   0.062782  -0.014920  -0.007491
    45  C    0.046047  -0.533669   0.038580  -0.042886  -0.066206   0.001859
    46  H   -0.008625  -0.057443  -0.000883  -0.001988  -0.000997   0.000011
    47  H    0.026834  -0.002183   0.002945   0.001068  -0.000053  -0.000092
    48  C   -0.060348   0.364702  -0.059774  -0.032137   0.088627   0.000300
    49  H   -0.010060  -0.010431  -0.001755  -0.000634   0.002391   0.000045
    50  H    0.004002   0.001041   0.001000   0.001675   0.001718   0.000035
             13         14         15         16         17         18
     1  C   -0.004247   0.012099  -2.433207  -0.241547   0.067782   0.008914
     2  C   -0.022957   0.015216   0.294589   0.028649   0.033698   0.049734
     3  C    0.038581  -0.012716  -0.700990  -0.014665   0.004909   0.025020
     4  C   -0.035799  -0.004085  -0.887626  -0.034345   0.002614  -0.045932
     5  C   -0.000537  -0.041318  -0.068214  -0.099660   0.019399  -0.011289
     6  C   -0.052773   0.028813  -0.006791   0.000790   0.001825  -0.005475
     7  C   -0.002781   0.003090  -0.201613  -0.003080   0.000402   0.013403
     8  C   -0.002194  -0.011410   0.349752   0.005292   0.000504  -0.002645
     9  C   -0.090844   0.020289  -0.094390  -0.001456  -0.001355   0.002493
    10  C    0.563726  -0.118277  -0.013567   0.006249  -0.004595   0.001954
    11  C   -0.073445   0.413176  -0.086669   0.007597  -0.012717   0.012223
    12  H   -0.023608   0.005559  -0.003828  -0.000056  -0.000064   0.000096
    13  H    0.501059  -0.024410   0.000219   0.000158   0.000000  -0.000089
    14  H   -0.024410   0.521341  -0.010916  -0.001738   0.000345  -0.000266
    15  C    0.000219  -0.010916  10.253852   0.679221   0.358949  -0.319234
    16  H    0.000158  -0.001738   0.679221   0.525236  -0.043788  -0.048998
    17  H    0.000000   0.000345   0.358949  -0.043788   0.600768  -0.096345
    18  C   -0.000089  -0.000266  -0.319234  -0.048998  -0.096345   5.617317
    19  H    0.000011   0.000015   0.019921   0.002719   0.012186   0.351477
    20  H   -0.000002  -0.000011  -0.020823  -0.000968  -0.001708   0.397720
    21  H    0.000031  -0.000354   0.078413   0.005370  -0.012679   0.422055
    22  C   -0.004773   0.062775  -0.839504  -0.006299  -0.030978   0.051487
    23  H   -0.000655   0.007512   0.031324  -0.014437   0.009612  -0.012194
    24  H    0.001515  -0.011589  -0.015701   0.006964  -0.002841   0.013658
    25  C    0.001169  -0.006504   0.003815  -0.008151   0.001824  -0.035921
    26  H    0.000526  -0.005621  -0.007787   0.002253  -0.000497  -0.000308
    27  H   -0.000012  -0.002184  -0.008339   0.003354  -0.000404  -0.000454
    28  H   -0.000014   0.000906   0.005897  -0.008818   0.000413   0.006796
    29  C   -0.005338   0.003038  -0.045141  -0.000724   0.000203   0.001186
    30  H    0.002628  -0.000595   0.000397  -0.000012   0.000066  -0.000073
    31  H   -0.000731   0.000047  -0.000537  -0.000006  -0.000012   0.000001
    32  C    0.001312   0.000299  -0.000737  -0.000014  -0.000025   0.000037
    33  H    0.000243  -0.000085  -0.000150  -0.000005   0.000024  -0.000009
    34  H   -0.000177  -0.000072   0.000291   0.000008  -0.000020   0.000007
    35  H    0.000144  -0.000011  -0.000127  -0.000004   0.000002   0.000001
    36  C    0.000123  -0.003836   0.092948   0.000041  -0.000811   0.002793
    37  H    0.000077   0.000003  -0.000441  -0.000038   0.000060   0.000114
    38  H   -0.000022  -0.000053   0.002606   0.000073  -0.000656   0.000087
    39  C    0.000039   0.000047   0.004525   0.000177   0.000066  -0.001435
    40  H   -0.000001  -0.000003   0.000606   0.000007  -0.000039   0.000006
    41  H    0.000028  -0.000022   0.000635   0.000021  -0.000037  -0.000024
    42  H    0.000023   0.000021  -0.002202  -0.000034   0.000143  -0.000008
    43  N    0.001328  -0.007408  -0.177920   0.034248  -0.050654   0.094946
    44  N    0.001475   0.001608  -0.012807   0.001693  -0.000660   0.027126
    45  C   -0.000758   0.000358  -0.302054  -0.026003  -0.007568   0.078232
    46  H   -0.000030  -0.000021   0.000010  -0.000582  -0.000809   0.003726
    47  H    0.000034   0.000053  -0.003086  -0.000092   0.003570  -0.001322
    48  C   -0.000441   0.002554   0.301560   0.017380   0.014862  -0.030040
    49  H   -0.000018   0.000011   0.063072   0.001182   0.004635  -0.021691
    50  H    0.000000  -0.000011  -0.005583   0.001978  -0.015153   0.012605
             19         20         21         22         23         24
     1  C    0.007697  -0.016189  -0.135899  -0.005567  -0.026531   0.007159
     2  C    0.014979  -0.006494   0.014735  -1.030466  -0.002419   0.005510
     3  C    0.001498  -0.004209  -0.004046  -0.300932   0.000566  -0.007864
     4  C    0.008202  -0.008238  -0.008587  -0.142864   0.002494  -0.060700
     5  C    0.000130   0.006440  -0.039822  -2.447212  -0.099499  -0.121186
     6  C    0.001010  -0.000187  -0.000068  -0.028767  -0.000510  -0.002132
     7  C    0.000622  -0.000936   0.000942   0.174711   0.003749  -0.002397
     8  C    0.000433   0.000624   0.002167  -0.288486  -0.003735   0.003232
     9  C   -0.000190  -0.000320  -0.000179   0.090267  -0.001233   0.006444
    10  C   -0.001552   0.000039   0.000412  -0.434058  -0.028608   0.043689
    11  C   -0.008214   0.000253  -0.000995   0.482143  -0.029652   0.085091
    12  H   -0.000009  -0.000007  -0.000005   0.000251   0.000031  -0.000204
    13  H    0.000011  -0.000002   0.000031  -0.004773  -0.000655   0.001515
    14  H    0.000015  -0.000011  -0.000354   0.062775   0.007512  -0.011589
    15  C    0.019921  -0.020823   0.078413  -0.839504   0.031324  -0.015701
    16  H    0.002719  -0.000968   0.005370  -0.006299  -0.014437   0.006964
    17  H    0.012186  -0.001708  -0.012679  -0.030978   0.009612  -0.002841
    18  C    0.351477   0.397720   0.422055   0.051487  -0.012194   0.013658
    19  H    0.567898  -0.023913  -0.062523  -0.017869   0.002303  -0.008340
    20  H   -0.023913   0.524672  -0.021622   0.000509  -0.002582  -0.000305
    21  H   -0.062523  -0.021622   0.585989  -0.004519  -0.002474   0.003279
    22  C   -0.017869   0.000509  -0.004519   9.896216   0.523520   0.441621
    23  H    0.002303  -0.002582  -0.002474   0.523520   0.560606  -0.035492
    24  H   -0.008340  -0.000305   0.003279   0.441621  -0.035492   0.576088
    25  C    0.002137   0.000754  -0.000677   0.234759  -0.053502  -0.099974
    26  H   -0.000002  -0.000242   0.000157  -0.018741  -0.004819   0.004295
    27  H    0.000554  -0.000182   0.000062  -0.000862   0.005611   0.000595
    28  H   -0.002553   0.000846   0.000245   0.030210  -0.003219   0.004250
    29  C    0.000078  -0.000154   0.000210   0.076947   0.000918  -0.000153
    30  H    0.000017  -0.000001  -0.000020   0.000549   0.000024  -0.000100
    31  H   -0.000006  -0.000002  -0.000004   0.001094   0.000012   0.000033
    32  C    0.000003  -0.000003  -0.000004  -0.001136  -0.000032  -0.000030
    33  H    0.000004  -0.000001  -0.000003   0.000155   0.000004  -0.000002
    34  H   -0.000002   0.000001   0.000002  -0.000097  -0.000006   0.000008
    35  H    0.000001  -0.000001   0.000000   0.000179   0.000002   0.000000
    36  C    0.000041   0.000632  -0.000443  -0.048836  -0.000746   0.000304
    37  H    0.000007   0.000008  -0.000029  -0.000346   0.000007  -0.000041
    38  H   -0.000029  -0.000002   0.000181  -0.001187  -0.000040   0.000050
    39  C   -0.000030   0.000019  -0.000026   0.001963  -0.000008  -0.000051
    40  H   -0.000004   0.000012  -0.000011  -0.000114  -0.000004   0.000000
    41  H   -0.000008  -0.000006   0.000073  -0.000348  -0.000012   0.000022
    42  H    0.000008  -0.000003  -0.000144   0.000184   0.000012  -0.000037
    43  N   -0.019999   0.003386   0.038207   0.183025   0.000729   0.003493
    44  N    0.000614  -0.000333   0.001753  -0.081188  -0.000634   0.000679
    45  C   -0.003072   0.000820  -0.004676  -0.048200   0.002518  -0.000856
    46  H   -0.000311  -0.000100   0.001215   0.000088   0.000087   0.000112
    47  H    0.000233   0.000063  -0.000818   0.000824   0.000051  -0.000121
    48  C   -0.003865   0.005553  -0.007081   0.092916  -0.002256   0.001455
    49  H    0.000222   0.002662  -0.003829   0.005257  -0.000030  -0.000271
    50  H    0.001292  -0.001557   0.000130   0.001120  -0.000679  -0.000071
             25         26         27         28         29         30
     1  C    0.013506   0.000049  -0.011850  -0.008400  -0.218330   0.001369
     2  C   -0.077854  -0.004644  -0.010217  -0.001714  -0.455261  -0.009101
     3  C   -0.012648   0.000739   0.003282  -0.003808  -0.359442  -0.009356
     4  C    0.054685  -0.005460   0.019319  -0.014007   0.016723  -0.001376
     5  C   -0.045584  -0.004979  -0.025212  -0.054229   0.162692   0.000035
     6  C   -0.004358  -0.000753  -0.000229   0.000184   0.470825  -0.093098
     7  C   -0.002114   0.000113   0.002472  -0.000054  -3.368059  -0.144586
     8  C   -0.006283  -0.000437  -0.001708  -0.000088   0.422254   0.024672
     9  C   -0.009151   0.001947  -0.003466   0.000411  -0.277370   0.088892
    10  C    0.009993   0.009122  -0.021645   0.000785  -0.558179   0.047638
    11  C    0.050659   0.013816  -0.003586   0.001352   0.184182   0.007506
    12  H    0.000085  -0.000038  -0.000124  -0.000026   0.059503  -0.014527
    13  H    0.001169   0.000526  -0.000012  -0.000014  -0.005338   0.002628
    14  H   -0.006504  -0.005621  -0.002184   0.000906   0.003038  -0.000595
    15  C    0.003815  -0.007787  -0.008339   0.005897  -0.045141   0.000397
    16  H   -0.008151   0.002253   0.003354  -0.008818  -0.000724  -0.000012
    17  H    0.001824  -0.000497  -0.000404   0.000413   0.000203   0.000066
    18  C   -0.035921  -0.000308  -0.000454   0.006796   0.001186  -0.000073
    19  H    0.002137  -0.000002   0.000554  -0.002553   0.000078   0.000017
    20  H    0.000754  -0.000242  -0.000182   0.000846  -0.000154  -0.000001
    21  H   -0.000677   0.000157   0.000062   0.000245   0.000210  -0.000020
    22  C    0.234759  -0.018741  -0.000862   0.030210   0.076947   0.000549
    23  H   -0.053502  -0.004819   0.005611  -0.003219   0.000918   0.000024
    24  H   -0.099974   0.004295   0.000595   0.004250  -0.000153  -0.000100
    25  C    5.484695   0.386423   0.417756   0.397979  -0.000366  -0.000002
    26  H    0.386423   0.541864  -0.025358  -0.031210   0.000106  -0.000005
    27  H    0.417756  -0.025358   0.547583  -0.040965   0.000823   0.000027
    28  H    0.397979  -0.031210  -0.040965   0.546279   0.000001   0.000002
    29  C   -0.000366   0.000106   0.000823   0.000001  10.537408   0.451979
    30  H   -0.000002  -0.000005   0.000027   0.000002   0.451979   0.609521
    31  H   -0.000027   0.000002  -0.000002   0.000002   0.481665  -0.056522
    32  C    0.000057   0.000000  -0.000015   0.000002  -0.104260  -0.067617
    33  H    0.000021   0.000000   0.000003   0.000000   0.106382   0.009949
    34  H   -0.000041   0.000004  -0.000007   0.000001   0.000217  -0.006698
    35  H    0.000001   0.000001   0.000002   0.000000  -0.002700   0.002432
    36  C   -0.000348  -0.000053  -0.000194   0.000039  -1.353555  -0.021090
    37  H    0.000020  -0.000004   0.000015   0.000001   0.012307   0.009781
    38  H   -0.000047   0.000003  -0.000029  -0.000002  -0.069513  -0.004001
    39  C    0.000034   0.000001   0.000004  -0.000002   0.024146   0.013447
    40  H   -0.000002   0.000000  -0.000001   0.000000  -0.007684  -0.000166
    41  H   -0.000002   0.000002  -0.000004  -0.000001  -0.046508  -0.005702
    42  H    0.000002   0.000000   0.000002  -0.000001   0.011192   0.001838
    43  N   -0.001795  -0.000589   0.001960   0.002015  -0.023681   0.000542
    44  N   -0.006561  -0.000170  -0.000199  -0.000143   0.097255   0.003418
    45  C   -0.003546  -0.000641   0.000665   0.001475   0.084249  -0.000414
    46  H   -0.000090  -0.000015   0.000006   0.000049  -0.003588  -0.000072
    47  H    0.000168   0.000001   0.000022  -0.000027   0.020234   0.000325
    48  C    0.000568  -0.000103  -0.001998   0.000461  -0.041121  -0.000737
    49  H    0.000093  -0.000034  -0.000138   0.000113  -0.002199  -0.000048
    50  H    0.000400   0.000075   0.000387  -0.000442  -0.000575  -0.000038
             31         32         33         34         35         36
     1  C   -0.001158  -0.004378  -0.001210   0.001646  -0.000820   0.306613
     2  C    0.028327  -0.037294  -0.004645   0.003002  -0.008508  -0.211415
     3  C    0.008810   0.008792  -0.002901   0.011377  -0.006680  -0.764598
     4  C    0.000627  -0.009165  -0.000198  -0.001817  -0.000152  -0.069888
     5  C    0.004366  -0.003619   0.000807   0.000130   0.000393  -0.218098
     6  C    0.026347   0.011814  -0.001155  -0.000311   0.001879  -0.914030
     7  C   -0.082009   0.247397  -0.147358   0.009888  -0.048748   0.437159
     8  C    0.000290  -0.027112   0.057001  -0.022070  -0.001550  -2.672580
     9  C   -0.056589   0.086586  -0.013481  -0.000407   0.012284   0.213284
    10  C   -0.038053   0.060449  -0.002421  -0.013048   0.003597   0.040770
    11  C   -0.000216   0.002086   0.001269  -0.005081   0.001806  -0.163252
    12  H    0.006209  -0.008225  -0.000773  -0.008363  -0.000862  -0.004679
    13  H   -0.000731   0.001312   0.000243  -0.000177   0.000144   0.000123
    14  H    0.000047   0.000299  -0.000085  -0.000072  -0.000011  -0.003836
    15  C   -0.000537  -0.000737  -0.000150   0.000291  -0.000127   0.092948
    16  H   -0.000006  -0.000014  -0.000005   0.000008  -0.000004   0.000041
    17  H   -0.000012  -0.000025   0.000024  -0.000020   0.000002  -0.000811
    18  C    0.000001   0.000037  -0.000009   0.000007   0.000001   0.002793
    19  H   -0.000006   0.000003   0.000004  -0.000002   0.000001   0.000041
    20  H   -0.000002  -0.000003  -0.000001   0.000001  -0.000001   0.000632
    21  H   -0.000004  -0.000004  -0.000003   0.000002   0.000000  -0.000443
    22  C    0.001094  -0.001136   0.000155  -0.000097   0.000179  -0.048836
    23  H    0.000012  -0.000032   0.000004  -0.000006   0.000002  -0.000746
    24  H    0.000033  -0.000030  -0.000002   0.000008   0.000000   0.000304
    25  C   -0.000027   0.000057   0.000021  -0.000041   0.000001  -0.000348
    26  H    0.000002   0.000000   0.000000   0.000004   0.000001  -0.000053
    27  H   -0.000002  -0.000015   0.000003  -0.000007   0.000002  -0.000194
    28  H    0.000002   0.000002   0.000000   0.000001   0.000000   0.000039
    29  C    0.481665  -0.104260   0.106382   0.000217  -0.002700  -1.353555
    30  H   -0.056522  -0.067617   0.009949  -0.006698   0.002432  -0.021090
    31  H    0.556506  -0.056678   0.008898   0.005674  -0.011581   0.007083
    32  C   -0.056678   5.444765   0.379423   0.377803   0.413605   0.015160
    33  H    0.008898   0.379423   0.565403  -0.045588  -0.019987  -0.039993
    34  H    0.005674   0.377803  -0.045588   0.551068  -0.024531   0.007522
    35  H   -0.011581   0.413605  -0.019987  -0.024531   0.536725  -0.005092
    36  C    0.007083   0.015160  -0.039993   0.007522  -0.005092  11.351745
    37  H   -0.024373  -0.007143   0.004512  -0.002272  -0.000268   0.644978
    38  H    0.008047   0.003863  -0.005919   0.002115  -0.000807   0.450034
    39  C   -0.017116  -0.023663  -0.001926  -0.001295   0.000976  -0.460996
    40  H   -0.001769   0.002032   0.000743   0.000197  -0.000596  -0.038552
    41  H   -0.002203   0.004460  -0.002758   0.000624   0.000146   0.031218
    42  H   -0.000137  -0.002115   0.000500  -0.000121   0.000199   0.111833
    43  N    0.001467  -0.005553   0.000020  -0.000159  -0.000198  -0.054735
    44  N   -0.002445  -0.000070   0.000509   0.001205  -0.000491  -0.290603
    45  C    0.000130   0.002750   0.000652   0.000034   0.000237   0.453532
    46  H   -0.000093  -0.000007   0.000124   0.000042  -0.000057   0.078594
    47  H   -0.000690   0.000601   0.000290  -0.000310   0.000271  -0.037185
    48  C    0.003469  -0.001059  -0.001254   0.000016  -0.000584  -0.547406
    49  H    0.000263   0.000071  -0.000035  -0.000011  -0.000002  -0.012318
    50  H   -0.000117  -0.000169  -0.000015   0.000049  -0.000013   0.015555
             37         38         39         40         41         42
     1  C    0.001656   0.006882  -0.003036   0.000491   0.000886  -0.000175
     2  C    0.033655  -0.018838   0.115120  -0.008886  -0.010981   0.026645
     3  C   -0.012664  -0.006550   0.039003  -0.002623  -0.000930  -0.000644
     4  C    0.000682  -0.000176  -0.000029  -0.000686   0.000547   0.000176
     5  C   -0.001233  -0.005050   0.017483  -0.000554  -0.001736   0.001507
     6  C   -0.038486   0.001451  -0.051098  -0.007768   0.016573  -0.009521
     7  C   -0.123954   0.061843  -0.063645   0.013358   0.050629  -0.056801
     8  C   -0.214088   0.075630  -0.042556  -0.004044   0.026541  -0.200615
     9  C    0.011548  -0.004682  -0.002299   0.000202   0.000143   0.000632
    10  C    0.004890  -0.000833  -0.000299  -0.000161   0.002625   0.000207
    11  C   -0.001451  -0.002022   0.003830  -0.000442  -0.000167  -0.000317
    12  H   -0.000670   0.000386  -0.001944  -0.000067  -0.000189  -0.000122
    13  H    0.000077  -0.000022   0.000039  -0.000001   0.000028   0.000023
    14  H    0.000003  -0.000053   0.000047  -0.000003  -0.000022   0.000021
    15  C   -0.000441   0.002606   0.004525   0.000606   0.000635  -0.002202
    16  H   -0.000038   0.000073   0.000177   0.000007   0.000021  -0.000034
    17  H    0.000060  -0.000656   0.000066  -0.000039  -0.000037   0.000143
    18  C    0.000114   0.000087  -0.001435   0.000006  -0.000024  -0.000008
    19  H    0.000007  -0.000029  -0.000030  -0.000004  -0.000008   0.000008
    20  H    0.000008  -0.000002   0.000019   0.000012  -0.000006  -0.000003
    21  H   -0.000029   0.000181  -0.000026  -0.000011   0.000073  -0.000144
    22  C   -0.000346  -0.001187   0.001963  -0.000114  -0.000348   0.000184
    23  H    0.000007  -0.000040  -0.000008  -0.000004  -0.000012   0.000012
    24  H   -0.000041   0.000050  -0.000051   0.000000   0.000022  -0.000037
    25  C    0.000020  -0.000047   0.000034  -0.000002  -0.000002   0.000002
    26  H   -0.000004   0.000003   0.000001   0.000000   0.000002   0.000000
    27  H    0.000015  -0.000029   0.000004  -0.000001  -0.000004   0.000002
    28  H    0.000001  -0.000002  -0.000002   0.000000  -0.000001  -0.000001
    29  C    0.012307  -0.069513   0.024146  -0.007684  -0.046508   0.011192
    30  H    0.009781  -0.004001   0.013447  -0.000166  -0.005702   0.001838
    31  H   -0.024373   0.008047  -0.017116  -0.001769  -0.002203  -0.000137
    32  C   -0.007143   0.003863  -0.023663   0.002032   0.004460  -0.002115
    33  H    0.004512  -0.005919  -0.001926   0.000743  -0.002758   0.000500
    34  H   -0.002272   0.002115  -0.001295   0.000197   0.000624  -0.000121
    35  H   -0.000268  -0.000807   0.000976  -0.000596   0.000146   0.000199
    36  C    0.644978   0.450034  -0.460996  -0.038552   0.031218   0.111833
    37  H    0.524017  -0.048191  -0.019209  -0.007565  -0.003056   0.010492
    38  H   -0.048191   0.590460  -0.132143  -0.000671   0.017531  -0.013060
    39  C   -0.019209  -0.132143   5.744788   0.404774   0.320338   0.436922
    40  H   -0.007565  -0.000671   0.404774   0.519634  -0.024854  -0.019242
    41  H   -0.003056   0.017531   0.320338  -0.024854   0.580995  -0.065039
    42  H    0.010492  -0.013060   0.436922  -0.019242  -0.065039   0.584972
    43  N    0.000594  -0.004625   0.037501   0.000421  -0.002238   0.002989
    44  N    0.041910  -0.077512   0.159460   0.003149  -0.030320   0.051400
    45  C    0.007428   0.022542  -0.037117   0.007286  -0.005421  -0.003207
    46  H    0.000381  -0.001023  -0.021073   0.003209  -0.000695  -0.004684
    47  H    0.002201  -0.015028   0.009156  -0.002492   0.000754  -0.000204
    48  C   -0.024489   0.005604   0.095118  -0.000167   0.000145  -0.020647
    49  H   -0.000413  -0.002424   0.006455  -0.000003  -0.000620   0.000351
    50  H   -0.000019   0.004407  -0.002124   0.000240   0.000255  -0.000186
             43         44         45         46         47         48
     1  C   -0.156443  -0.255878   0.569008   0.012431  -0.022731  -0.764871
     2  C    0.157392   0.318879  -0.304717  -0.027234  -0.031278  -0.128243
     3  C    0.073333   0.028243  -0.051672  -0.011011   0.000067   0.131281
     4  C   -0.075871  -0.046516  -0.165813  -0.008470   0.002675  -0.031633
     5  C    0.135702  -0.246494  -0.104368  -0.001034  -0.000235   0.132700
     6  C   -0.101008  -0.084943  -0.138716  -0.014401   0.013785  -0.093413
     7  C   -0.192761   0.007830   0.046047  -0.008625   0.026834  -0.060348
     8  C   -0.421006  -0.114753  -0.533669  -0.057443  -0.002183   0.364702
     9  C   -0.035892   0.034422   0.038580  -0.000883   0.002945  -0.059774
    10  C    0.014390   0.062782  -0.042886  -0.001988   0.001068  -0.032137
    11  C    0.042710  -0.014920  -0.066206  -0.000997  -0.000053   0.088627
    12  H    0.001104  -0.007491   0.001859   0.000011  -0.000092   0.000300
    13  H    0.001328   0.001475  -0.000758  -0.000030   0.000034  -0.000441
    14  H   -0.007408   0.001608   0.000358  -0.000021   0.000053   0.002554
    15  C   -0.177920  -0.012807  -0.302054   0.000010  -0.003086   0.301560
    16  H    0.034248   0.001693  -0.026003  -0.000582  -0.000092   0.017380
    17  H   -0.050654  -0.000660  -0.007568  -0.000809   0.003570   0.014862
    18  C    0.094946   0.027126   0.078232   0.003726  -0.001322  -0.030040
    19  H   -0.019999   0.000614  -0.003072  -0.000311   0.000233  -0.003865
    20  H    0.003386  -0.000333   0.000820  -0.000100   0.000063   0.005553
    21  H    0.038207   0.001753  -0.004676   0.001215  -0.000818  -0.007081
    22  C    0.183025  -0.081188  -0.048200   0.000088   0.000824   0.092916
    23  H    0.000729  -0.000634   0.002518   0.000087   0.000051  -0.002256
    24  H    0.003493   0.000679  -0.000856   0.000112  -0.000121   0.001455
    25  C   -0.001795  -0.006561  -0.003546  -0.000090   0.000168   0.000568
    26  H   -0.000589  -0.000170  -0.000641  -0.000015   0.000001  -0.000103
    27  H    0.001960  -0.000199   0.000665   0.000006   0.000022  -0.001998
    28  H    0.002015  -0.000143   0.001475   0.000049  -0.000027   0.000461
    29  C   -0.023681   0.097255   0.084249  -0.003588   0.020234  -0.041121
    30  H    0.000542   0.003418  -0.000414  -0.000072   0.000325  -0.000737
    31  H    0.001467  -0.002445   0.000130  -0.000093  -0.000690   0.003469
    32  C   -0.005553  -0.000070   0.002750  -0.000007   0.000601  -0.001059
    33  H    0.000020   0.000509   0.000652   0.000124   0.000290  -0.001254
    34  H   -0.000159   0.001205   0.000034   0.000042  -0.000310   0.000016
    35  H   -0.000198  -0.000491   0.000237  -0.000057   0.000271  -0.000584
    36  C   -0.054735  -0.290603   0.453532   0.078594  -0.037185  -0.547406
    37  H    0.000594   0.041910   0.007428   0.000381   0.002201  -0.024489
    38  H   -0.004625  -0.077512   0.022542  -0.001023  -0.015028   0.005604
    39  C    0.037501   0.159460  -0.037117  -0.021073   0.009156   0.095118
    40  H    0.000421   0.003149   0.007286   0.003209  -0.002492  -0.000167
    41  H   -0.002238  -0.030320  -0.005421  -0.000695   0.000754   0.000145
    42  H    0.002989   0.051400  -0.003207  -0.004684  -0.000204  -0.020647
    43  N    7.466405  -0.442699  -0.182556   0.028331  -0.012961   0.451038
    44  N   -0.442699   7.433713   0.400706  -0.041322  -0.013152  -0.164145
    45  C   -0.182556   0.400706   7.940492   0.504914   0.380903  -2.005407
    46  H    0.028331  -0.041322   0.504914   0.499030  -0.039245  -0.084052
    47  H   -0.012961  -0.013152   0.380903  -0.039245   0.454174  -0.013554
    48  C    0.451038  -0.164145  -2.005407  -0.084052  -0.013554   7.753768
    49  H    0.000718  -0.019766  -0.154241  -0.003750   0.007062   0.549627
    50  H   -0.064141   0.030341   0.066546  -0.003248  -0.005230   0.333684
             49         50
     1  C   -0.031993  -0.023829
     2  C   -0.040628  -0.010343
     3  C   -0.003196  -0.013392
     4  C    0.004644  -0.003014
     5  C    0.015243   0.003658
     6  C   -0.004340  -0.000624
     7  C   -0.010060   0.004002
     8  C   -0.010431   0.001041
     9  C   -0.001755   0.001000
    10  C   -0.000634   0.001675
    11  C    0.002391   0.001718
    12  H    0.000045   0.000035
    13  H   -0.000018   0.000000
    14  H    0.000011  -0.000011
    15  C    0.063072  -0.005583
    16  H    0.001182   0.001978
    17  H    0.004635  -0.015153
    18  C   -0.021691   0.012605
    19  H    0.000222   0.001292
    20  H    0.002662  -0.001557
    21  H   -0.003829   0.000130
    22  C    0.005257   0.001120
    23  H   -0.000030  -0.000679
    24  H   -0.000271  -0.000071
    25  C    0.000093   0.000400
    26  H   -0.000034   0.000075
    27  H   -0.000138   0.000387
    28  H    0.000113  -0.000442
    29  C   -0.002199  -0.000575
    30  H   -0.000048  -0.000038
    31  H    0.000263  -0.000117
    32  C    0.000071  -0.000169
    33  H   -0.000035  -0.000015
    34  H   -0.000011   0.000049
    35  H   -0.000002  -0.000013
    36  C   -0.012318   0.015555
    37  H   -0.000413  -0.000019
    38  H   -0.002424   0.004407
    39  C    0.006455  -0.002124
    40  H   -0.000003   0.000240
    41  H   -0.000620   0.000255
    42  H    0.000351  -0.000186
    43  N    0.000718  -0.064141
    44  N   -0.019766   0.030341
    45  C   -0.154241   0.066546
    46  H   -0.003750  -0.003248
    47  H    0.007062  -0.005230
    48  C    0.549627   0.333684
    49  H    0.491291  -0.051104
    50  H   -0.051104   0.495811
 Mulliken atomic charges:
              1
     1  C   -0.215350
     2  C   -0.461823
     3  C    0.654991
     4  C    0.534158
     5  C    0.553847
     6  C    0.583542
     7  C    0.226990
     8  C   -0.268179
     9  C   -0.424828
    10  C   -0.433420
    11  C   -0.484288
    12  H    0.157343
    13  H    0.232207
    14  H    0.164339
    15  C   -0.272616
    16  H    0.224861
    17  H    0.145556
    18  C   -0.561461
    19  H    0.156180
    20  H    0.166087
    21  H    0.155909
    22  C   -0.569421
    23  H    0.174315
    24  H    0.160910
    25  C   -0.686056
    26  H    0.151016
    27  H    0.154877
    28  H    0.169008
    29  C   -0.282820
    30  H    0.158899
    31  H    0.203707
    32  C   -0.703244
    33  H    0.154938
    34  H    0.159572
    35  H    0.159486
    36  C   -0.326669
    37  H    0.219103
    38  H    0.161341
    39  C   -0.552271
    40  H    0.172801
    41  H    0.148690
    42  H    0.157015
    43  N    0.256896
    44  N    0.246045
    45  C   -0.418179
    46  H    0.204593
    47  H    0.273724
    48  C   -0.226565
    49  H    0.220575
    50  H    0.223672
 Sum of Mulliken atomic charges =   1.00000
 Mulliken charges with hydrogens summed into heavy atoms:
              1
     1  C   -0.215350
     2  C   -0.461823
     3  C    0.654991
     4  C    0.534158
     5  C    0.553847
     6  C    0.583542
     7  C    0.226990
     8  C   -0.268179
     9  C   -0.267486
    10  C   -0.201213
    11  C   -0.319949
    15  C    0.097801
    18  C   -0.083285
    22  C   -0.234197
    25  C   -0.211155
    29  C    0.079785
    32  C   -0.229247
    36  C    0.053774
    39  C   -0.073766
    43  N    0.256896
    44  N    0.246045
    45  C    0.060139
    48  C    0.217682
 Sum of Mulliken charges with hydrogens summed into heavy atoms =   1.00000
          Atomic-Atomic Spin Densities.
              1          2          3          4          5          6
     1  C    0.000000   0.000000   0.000000   0.000000   0.000000   0.000000
     2  C    0.000000   0.000000   0.000000   0.000000   0.000000   0.000000
     3  C    0.000000   0.000000   0.000000   0.000000   0.000000   0.000000
     4  C    0.000000   0.000000   0.000000   0.000000   0.000000   0.000000
     5  C    0.000000   0.000000   0.000000   0.000000   0.000000   0.000000
     6  C    0.000000   0.000000   0.000000   0.000000   0.000000   0.000000
     7  C    0.000000   0.000000   0.000000   0.000000   0.000000   0.000000
     8  C    0.000000   0.000000   0.000000   0.000000   0.000000   0.000000
     9  C    0.000000   0.000000   0.000000   0.000000   0.000000   0.000000
    10  C    0.000000   0.000000   0.000000   0.000000   0.000000   0.000000
    11  C    0.000000   0.000000   0.000000   0.000000   0.000000   0.000000
    12  H    0.000000   0.000000   0.000000   0.000000   0.000000   0.000000
    13  H    0.000000   0.000000   0.000000   0.000000   0.000000   0.000000
    14  H    0.000000   0.000000   0.000000   0.000000   0.000000   0.000000
    15  C    0.000000   0.000000   0.000000   0.000000   0.000000   0.000000
    16  H    0.000000   0.000000   0.000000   0.000000   0.000000   0.000000
    17  H    0.000000   0.000000   0.000000   0.000000   0.000000   0.000000
    18  C    0.000000   0.000000   0.000000   0.000000   0.000000   0.000000
    19  H    0.000000   0.000000   0.000000   0.000000   0.000000   0.000000
    20  H    0.000000   0.000000   0.000000   0.000000   0.000000   0.000000
    21  H    0.000000   0.000000   0.000000   0.000000   0.000000   0.000000
    22  C    0.000000   0.000000   0.000000   0.000000   0.000000   0.000000
    23  H    0.000000   0.000000   0.000000   0.000000   0.000000   0.000000
    24  H    0.000000   0.000000   0.000000   0.000000   0.000000   0.000000
    25  C    0.000000   0.000000   0.000000   0.000000   0.000000   0.000000
    26  H    0.000000   0.000000   0.000000   0.000000   0.000000   0.000000
    27  H    0.000000   0.000000   0.000000   0.000000   0.000000   0.000000
    28  H    0.000000   0.000000   0.000000   0.000000   0.000000   0.000000
    29  C    0.000000   0.000000   0.000000   0.000000   0.000000   0.000000
    30  H    0.000000   0.000000   0.000000   0.000000   0.000000   0.000000
    31  H    0.000000   0.000000   0.000000   0.000000   0.000000   0.000000
    32  C    0.000000   0.000000   0.000000   0.000000   0.000000   0.000000
    33  H    0.000000   0.000000   0.000000   0.000000   0.000000   0.000000
    34  H    0.000000   0.000000   0.000000   0.000000   0.000000   0.000000
    35  H    0.000000   0.000000   0.000000   0.000000   0.000000   0.000000
    36  C    0.000000   0.000000   0.000000   0.000000   0.000000   0.000000
    37  H    0.000000   0.000000   0.000000   0.000000   0.000000   0.000000
    38  H    0.000000   0.000000   0.000000   0.000000   0.000000   0.000000
    39  C    0.000000   0.000000   0.000000   0.000000   0.000000   0.000000
    40  H    0.000000   0.000000   0.000000   0.000000   0.000000   0.000000
    41  H    0.000000   0.000000   0.000000   0.000000   0.000000   0.000000
    42  H    0.000000   0.000000   0.000000   0.000000   0.000000   0.000000
    43  N    0.000000   0.000000   0.000000   0.000000   0.000000   0.000000
    44  N    0.000000   0.000000   0.000000   0.000000   0.000000   0.000000
    45  C    0.000000   0.000000   0.000000   0.000000   0.000000   0.000000
    46  H    0.000000   0.000000   0.000000   0.000000   0.000000   0.000000
    47  H    0.000000   0.000000   0.000000   0.000000   0.000000   0.000000
    48  C    0.000000   0.000000   0.000000   0.000000   0.000000   0.000000
    49  H    0.000000   0.000000   0.000000   0.000000   0.000000   0.000000
    50  H    0.000000   0.000000   0.000000   0.000000   0.000000   0.000000
              7          8          9         10         11         12
     1  C    0.000000   0.000000   0.000000   0.000000   0.000000   0.000000
     2  C    0.000000   0.000000   0.000000   0.000000   0.000000   0.000000
     3  C    0.000000   0.000000   0.000000   0.000000   0.000000   0.000000
     4  C    0.000000   0.000000   0.000000   0.000000   0.000000   0.000000
     5  C    0.000000   0.000000   0.000000   0.000000   0.000000   0.000000
     6  C    0.000000   0.000000   0.000000   0.000000   0.000000   0.000000
     7  C    0.000000   0.000000   0.000000   0.000000   0.000000   0.000000
     8  C    0.000000   0.000000   0.000000   0.000000   0.000000   0.000000
     9  C    0.000000   0.000000   0.000000   0.000000   0.000000   0.000000
    10  C    0.000000   0.000000   0.000000   0.000000   0.000000   0.000000
    11  C    0.000000   0.000000   0.000000   0.000000   0.000000   0.000000
    12  H    0.000000   0.000000   0.000000   0.000000   0.000000   0.000000
    13  H    0.000000   0.000000   0.000000   0.000000   0.000000   0.000000
    14  H    0.000000   0.000000   0.000000   0.000000   0.000000   0.000000
    15  C    0.000000   0.000000   0.000000   0.000000   0.000000   0.000000
    16  H    0.000000   0.000000   0.000000   0.000000   0.000000   0.000000
    17  H    0.000000   0.000000   0.000000   0.000000   0.000000   0.000000
    18  C    0.000000   0.000000   0.000000   0.000000   0.000000   0.000000
    19  H    0.000000   0.000000   0.000000   0.000000   0.000000   0.000000
    20  H    0.000000   0.000000   0.000000   0.000000   0.000000   0.000000
    21  H    0.000000   0.000000   0.000000   0.000000   0.000000   0.000000
    22  C    0.000000   0.000000   0.000000   0.000000   0.000000   0.000000
    23  H    0.000000   0.000000   0.000000   0.000000   0.000000   0.000000
    24  H    0.000000   0.000000   0.000000   0.000000   0.000000   0.000000
    25  C    0.000000   0.000000   0.000000   0.000000   0.000000   0.000000
    26  H    0.000000   0.000000   0.000000   0.000000   0.000000   0.000000
    27  H    0.000000   0.000000   0.000000   0.000000   0.000000   0.000000
    28  H    0.000000   0.000000   0.000000   0.000000   0.000000   0.000000
    29  C    0.000000   0.000000   0.000000   0.000000   0.000000   0.000000
    30  H    0.000000   0.000000   0.000000   0.000000   0.000000   0.000000
    31  H    0.000000   0.000000   0.000000   0.000000   0.000000   0.000000
    32  C    0.000000   0.000000   0.000000   0.000000   0.000000   0.000000
    33  H    0.000000   0.000000   0.000000   0.000000   0.000000   0.000000
    34  H    0.000000   0.000000   0.000000   0.000000   0.000000   0.000000
    35  H    0.000000   0.000000   0.000000   0.000000   0.000000   0.000000
    36  C    0.000000   0.000000   0.000000   0.000000   0.000000   0.000000
    37  H    0.000000   0.000000   0.000000   0.000000   0.000000   0.000000
    38  H    0.000000   0.000000   0.000000   0.000000   0.000000   0.000000
    39  C    0.000000   0.000000   0.000000   0.000000   0.000000   0.000000
    40  H    0.000000   0.000000   0.000000   0.000000   0.000000   0.000000
    41  H    0.000000   0.000000   0.000000   0.000000   0.000000   0.000000
    42  H    0.000000   0.000000   0.000000   0.000000   0.000000   0.000000
    43  N    0.000000   0.000000   0.000000   0.000000   0.000000   0.000000
    44  N    0.000000   0.000000   0.000000   0.000000   0.000000   0.000000
    45  C    0.000000   0.000000   0.000000   0.000000   0.000000   0.000000
    46  H    0.000000   0.000000   0.000000   0.000000   0.000000   0.000000
    47  H    0.000000   0.000000   0.000000   0.000000   0.000000   0.000000
    48  C    0.000000   0.000000   0.000000   0.000000   0.000000   0.000000
    49  H    0.000000   0.000000   0.000000   0.000000   0.000000   0.000000
    50  H    0.000000   0.000000   0.000000   0.000000   0.000000   0.000000
             13         14         15         16         17         18
     1  C    0.000000   0.000000   0.000000   0.000000   0.000000   0.000000
     2  C    0.000000   0.000000   0.000000   0.000000   0.000000   0.000000
     3  C    0.000000   0.000000   0.000000   0.000000   0.000000   0.000000
     4  C    0.000000   0.000000   0.000000   0.000000   0.000000   0.000000
     5  C    0.000000   0.000000   0.000000   0.000000   0.000000   0.000000
     6  C    0.000000   0.000000   0.000000   0.000000   0.000000   0.000000
     7  C    0.000000   0.000000   0.000000   0.000000   0.000000   0.000000
     8  C    0.000000   0.000000   0.000000   0.000000   0.000000   0.000000
     9  C    0.000000   0.000000   0.000000   0.000000   0.000000   0.000000
    10  C    0.000000   0.000000   0.000000   0.000000   0.000000   0.000000
    11  C    0.000000   0.000000   0.000000   0.000000   0.000000   0.000000
    12  H    0.000000   0.000000   0.000000   0.000000   0.000000   0.000000
    13  H    0.000000   0.000000   0.000000   0.000000   0.000000   0.000000
    14  H    0.000000   0.000000   0.000000   0.000000   0.000000   0.000000
    15  C    0.000000   0.000000   0.000000   0.000000   0.000000   0.000000
    16  H    0.000000   0.000000   0.000000   0.000000   0.000000   0.000000
    17  H    0.000000   0.000000   0.000000   0.000000   0.000000   0.000000
    18  C    0.000000   0.000000   0.000000   0.000000   0.000000   0.000000
    19  H    0.000000   0.000000   0.000000   0.000000   0.000000   0.000000
    20  H    0.000000   0.000000   0.000000   0.000000   0.000000   0.000000
    21  H    0.000000   0.000000   0.000000   0.000000   0.000000   0.000000
    22  C    0.000000   0.000000   0.000000   0.000000   0.000000   0.000000
    23  H    0.000000   0.000000   0.000000   0.000000   0.000000   0.000000
    24  H    0.000000   0.000000   0.000000   0.000000   0.000000   0.000000
    25  C    0.000000   0.000000   0.000000   0.000000   0.000000   0.000000
    26  H    0.000000   0.000000   0.000000   0.000000   0.000000   0.000000
    27  H    0.000000   0.000000   0.000000   0.000000   0.000000   0.000000
    28  H    0.000000   0.000000   0.000000   0.000000   0.000000   0.000000
    29  C    0.000000   0.000000   0.000000   0.000000   0.000000   0.000000
    30  H    0.000000   0.000000   0.000000   0.000000   0.000000   0.000000
    31  H    0.000000   0.000000   0.000000   0.000000   0.000000   0.000000
    32  C    0.000000   0.000000   0.000000   0.000000   0.000000   0.000000
    33  H    0.000000   0.000000   0.000000   0.000000   0.000000   0.000000
    34  H    0.000000   0.000000   0.000000   0.000000   0.000000   0.000000
    35  H    0.000000   0.000000   0.000000   0.000000   0.000000   0.000000
    36  C    0.000000   0.000000   0.000000   0.000000   0.000000   0.000000
    37  H    0.000000   0.000000   0.000000   0.000000   0.000000   0.000000
    38  H    0.000000   0.000000   0.000000   0.000000   0.000000   0.000000
    39  C    0.000000   0.000000   0.000000   0.000000   0.000000   0.000000
    40  H    0.000000   0.000000   0.000000   0.000000   0.000000   0.000000
    41  H    0.000000   0.000000   0.000000   0.000000   0.000000   0.000000
    42  H    0.000000   0.000000   0.000000   0.000000   0.000000   0.000000
    43  N    0.000000   0.000000   0.000000   0.000000   0.000000   0.000000
    44  N    0.000000   0.000000   0.000000   0.000000   0.000000   0.000000
    45  C    0.000000   0.000000   0.000000   0.000000   0.000000   0.000000
    46  H    0.000000   0.000000   0.000000   0.000000   0.000000   0.000000
    47  H    0.000000   0.000000   0.000000   0.000000   0.000000   0.000000
    48  C    0.000000   0.000000   0.000000   0.000000   0.000000   0.000000
    49  H    0.000000   0.000000   0.000000   0.000000   0.000000   0.000000
    50  H    0.000000   0.000000   0.000000   0.000000   0.000000   0.000000
             19         20         21         22         23         24
     1  C    0.000000   0.000000   0.000000   0.000000   0.000000   0.000000
     2  C    0.000000   0.000000   0.000000   0.000000   0.000000   0.000000
     3  C    0.000000   0.000000   0.000000   0.000000   0.000000   0.000000
     4  C    0.000000   0.000000   0.000000   0.000000   0.000000   0.000000
     5  C    0.000000   0.000000   0.000000   0.000000   0.000000   0.000000
     6  C    0.000000   0.000000   0.000000   0.000000   0.000000   0.000000
     7  C    0.000000   0.000000   0.000000   0.000000   0.000000   0.000000
     8  C    0.000000   0.000000   0.000000   0.000000   0.000000   0.000000
     9  C    0.000000   0.000000   0.000000   0.000000   0.000000   0.000000
    10  C    0.000000   0.000000   0.000000   0.000000   0.000000   0.000000
    11  C    0.000000   0.000000   0.000000   0.000000   0.000000   0.000000
    12  H    0.000000   0.000000   0.000000   0.000000   0.000000   0.000000
    13  H    0.000000   0.000000   0.000000   0.000000   0.000000   0.000000
    14  H    0.000000   0.000000   0.000000   0.000000   0.000000   0.000000
    15  C    0.000000   0.000000   0.000000   0.000000   0.000000   0.000000
    16  H    0.000000   0.000000   0.000000   0.000000   0.000000   0.000000
    17  H    0.000000   0.000000   0.000000   0.000000   0.000000   0.000000
    18  C    0.000000   0.000000   0.000000   0.000000   0.000000   0.000000
    19  H    0.000000   0.000000   0.000000   0.000000   0.000000   0.000000
    20  H    0.000000   0.000000   0.000000   0.000000   0.000000   0.000000
    21  H    0.000000   0.000000   0.000000   0.000000   0.000000   0.000000
    22  C    0.000000   0.000000   0.000000   0.000000   0.000000   0.000000
    23  H    0.000000   0.000000   0.000000   0.000000   0.000000   0.000000
    24  H    0.000000   0.000000   0.000000   0.000000   0.000000   0.000000
    25  C    0.000000   0.000000   0.000000   0.000000   0.000000   0.000000
    26  H    0.000000   0.000000   0.000000   0.000000   0.000000   0.000000
    27  H    0.000000   0.000000   0.000000   0.000000   0.000000   0.000000
    28  H    0.000000   0.000000   0.000000   0.000000   0.000000   0.000000
    29  C    0.000000   0.000000   0.000000   0.000000   0.000000   0.000000
    30  H    0.000000   0.000000   0.000000   0.000000   0.000000   0.000000
    31  H    0.000000   0.000000   0.000000   0.000000   0.000000   0.000000
    32  C    0.000000   0.000000   0.000000   0.000000   0.000000   0.000000
    33  H    0.000000   0.000000   0.000000   0.000000   0.000000   0.000000
    34  H    0.000000   0.000000   0.000000   0.000000   0.000000   0.000000
    35  H    0.000000   0.000000   0.000000   0.000000   0.000000   0.000000
    36  C    0.000000   0.000000   0.000000   0.000000   0.000000   0.000000
    37  H    0.000000   0.000000   0.000000   0.000000   0.000000   0.000000
    38  H    0.000000   0.000000   0.000000   0.000000   0.000000   0.000000
    39  C    0.000000   0.000000   0.000000   0.000000   0.000000   0.000000
    40  H    0.000000   0.000000   0.000000   0.000000   0.000000   0.000000
    41  H    0.000000   0.000000   0.000000   0.000000   0.000000   0.000000
    42  H    0.000000   0.000000   0.000000   0.000000   0.000000   0.000000
    43  N    0.000000   0.000000   0.000000   0.000000   0.000000   0.000000
    44  N    0.000000   0.000000   0.000000   0.000000   0.000000   0.000000
    45  C    0.000000   0.000000   0.000000   0.000000   0.000000   0.000000
    46  H    0.000000   0.000000   0.000000   0.000000   0.000000   0.000000
    47  H    0.000000   0.000000   0.000000   0.000000   0.000000   0.000000
    48  C    0.000000   0.000000   0.000000   0.000000   0.000000   0.000000
    49  H    0.000000   0.000000   0.000000   0.000000   0.000000   0.000000
    50  H    0.000000   0.000000   0.000000   0.000000   0.000000   0.000000
             25         26         27         28         29         30
     1  C    0.000000   0.000000   0.000000   0.000000   0.000000   0.000000
     2  C    0.000000   0.000000   0.000000   0.000000   0.000000   0.000000
     3  C    0.000000   0.000000   0.000000   0.000000   0.000000   0.000000
     4  C    0.000000   0.000000   0.000000   0.000000   0.000000   0.000000
     5  C    0.000000   0.000000   0.000000   0.000000   0.000000   0.000000
     6  C    0.000000   0.000000   0.000000   0.000000   0.000000   0.000000
     7  C    0.000000   0.000000   0.000000   0.000000   0.000000   0.000000
     8  C    0.000000   0.000000   0.000000   0.000000   0.000000   0.000000
     9  C    0.000000   0.000000   0.000000   0.000000   0.000000   0.000000
    10  C    0.000000   0.000000   0.000000   0.000000   0.000000   0.000000
    11  C    0.000000   0.000000   0.000000   0.000000   0.000000   0.000000
    12  H    0.000000   0.000000   0.000000   0.000000   0.000000   0.000000
    13  H    0.000000   0.000000   0.000000   0.000000   0.000000   0.000000
    14  H    0.000000   0.000000   0.000000   0.000000   0.000000   0.000000
    15  C    0.000000   0.000000   0.000000   0.000000   0.000000   0.000000
    16  H    0.000000   0.000000   0.000000   0.000000   0.000000   0.000000
    17  H    0.000000   0.000000   0.000000   0.000000   0.000000   0.000000
    18  C    0.000000   0.000000   0.000000   0.000000   0.000000   0.000000
    19  H    0.000000   0.000000   0.000000   0.000000   0.000000   0.000000
    20  H    0.000000   0.000000   0.000000   0.000000   0.000000   0.000000
    21  H    0.000000   0.000000   0.000000   0.000000   0.000000   0.000000
    22  C    0.000000   0.000000   0.000000   0.000000   0.000000   0.000000
    23  H    0.000000   0.000000   0.000000   0.000000   0.000000   0.000000
    24  H    0.000000   0.000000   0.000000   0.000000   0.000000   0.000000
    25  C    0.000000   0.000000   0.000000   0.000000   0.000000   0.000000
    26  H    0.000000   0.000000   0.000000   0.000000   0.000000   0.000000
    27  H    0.000000   0.000000   0.000000   0.000000   0.000000   0.000000
    28  H    0.000000   0.000000   0.000000   0.000000   0.000000   0.000000
    29  C    0.000000   0.000000   0.000000   0.000000   0.000000   0.000000
    30  H    0.000000   0.000000   0.000000   0.000000   0.000000   0.000000
    31  H    0.000000   0.000000   0.000000   0.000000   0.000000   0.000000
    32  C    0.000000   0.000000   0.000000   0.000000   0.000000   0.000000
    33  H    0.000000   0.000000   0.000000   0.000000   0.000000   0.000000
    34  H    0.000000   0.000000   0.000000   0.000000   0.000000   0.000000
    35  H    0.000000   0.000000   0.000000   0.000000   0.000000   0.000000
    36  C    0.000000   0.000000   0.000000   0.000000   0.000000   0.000000
    37  H    0.000000   0.000000   0.000000   0.000000   0.000000   0.000000
    38  H    0.000000   0.000000   0.000000   0.000000   0.000000   0.000000
    39  C    0.000000   0.000000   0.000000   0.000000   0.000000   0.000000
    40  H    0.000000   0.000000   0.000000   0.000000   0.000000   0.000000
    41  H    0.000000   0.000000   0.000000   0.000000   0.000000   0.000000
    42  H    0.000000   0.000000   0.000000   0.000000   0.000000   0.000000
    43  N    0.000000   0.000000   0.000000   0.000000   0.000000   0.000000
    44  N    0.000000   0.000000   0.000000   0.000000   0.000000   0.000000
    45  C    0.000000   0.000000   0.000000   0.000000   0.000000   0.000000
    46  H    0.000000   0.000000   0.000000   0.000000   0.000000   0.000000
    47  H    0.000000   0.000000   0.000000   0.000000   0.000000   0.000000
    48  C    0.000000   0.000000   0.000000   0.000000   0.000000   0.000000
    49  H    0.000000   0.000000   0.000000   0.000000   0.000000   0.000000
    50  H    0.000000   0.000000   0.000000   0.000000   0.000000   0.000000
             31         32         33         34         35         36
     1  C    0.000000   0.000000   0.000000   0.000000   0.000000   0.000000
     2  C    0.000000   0.000000   0.000000   0.000000   0.000000   0.000000
     3  C    0.000000   0.000000   0.000000   0.000000   0.000000   0.000000
     4  C    0.000000   0.000000   0.000000   0.000000   0.000000   0.000000
     5  C    0.000000   0.000000   0.000000   0.000000   0.000000   0.000000
     6  C    0.000000   0.000000   0.000000   0.000000   0.000000   0.000000
     7  C    0.000000   0.000000   0.000000   0.000000   0.000000   0.000000
     8  C    0.000000   0.000000   0.000000   0.000000   0.000000   0.000000
     9  C    0.000000   0.000000   0.000000   0.000000   0.000000   0.000000
    10  C    0.000000   0.000000   0.000000   0.000000   0.000000   0.000000
    11  C    0.000000   0.000000   0.000000   0.000000   0.000000   0.000000
    12  H    0.000000   0.000000   0.000000   0.000000   0.000000   0.000000
    13  H    0.000000   0.000000   0.000000   0.000000   0.000000   0.000000
    14  H    0.000000   0.000000   0.000000   0.000000   0.000000   0.000000
    15  C    0.000000   0.000000   0.000000   0.000000   0.000000   0.000000
    16  H    0.000000   0.000000   0.000000   0.000000   0.000000   0.000000
    17  H    0.000000   0.000000   0.000000   0.000000   0.000000   0.000000
    18  C    0.000000   0.000000   0.000000   0.000000   0.000000   0.000000
    19  H    0.000000   0.000000   0.000000   0.000000   0.000000   0.000000
    20  H    0.000000   0.000000   0.000000   0.000000   0.000000   0.000000
    21  H    0.000000   0.000000   0.000000   0.000000   0.000000   0.000000
    22  C    0.000000   0.000000   0.000000   0.000000   0.000000   0.000000
    23  H    0.000000   0.000000   0.000000   0.000000   0.000000   0.000000
    24  H    0.000000   0.000000   0.000000   0.000000   0.000000   0.000000
    25  C    0.000000   0.000000   0.000000   0.000000   0.000000   0.000000
    26  H    0.000000   0.000000   0.000000   0.000000   0.000000   0.000000
    27  H    0.000000   0.000000   0.000000   0.000000   0.000000   0.000000
    28  H    0.000000   0.000000   0.000000   0.000000   0.000000   0.000000
    29  C    0.000000   0.000000   0.000000   0.000000   0.000000   0.000000
    30  H    0.000000   0.000000   0.000000   0.000000   0.000000   0.000000
    31  H    0.000000   0.000000   0.000000   0.000000   0.000000   0.000000
    32  C    0.000000   0.000000   0.000000   0.000000   0.000000   0.000000
    33  H    0.000000   0.000000   0.000000   0.000000   0.000000   0.000000
    34  H    0.000000   0.000000   0.000000   0.000000   0.000000   0.000000
    35  H    0.000000   0.000000   0.000000   0.000000   0.000000   0.000000
    36  C    0.000000   0.000000   0.000000   0.000000   0.000000   0.000000
    37  H    0.000000   0.000000   0.000000   0.000000   0.000000   0.000000
    38  H    0.000000   0.000000   0.000000   0.000000   0.000000   0.000000
    39  C    0.000000   0.000000   0.000000   0.000000   0.000000   0.000000
    40  H    0.000000   0.000000   0.000000   0.000000   0.000000   0.000000
    41  H    0.000000   0.000000   0.000000   0.000000   0.000000   0.000000
    42  H    0.000000   0.000000   0.000000   0.000000   0.000000   0.000000
    43  N    0.000000   0.000000   0.000000   0.000000   0.000000   0.000000
    44  N    0.000000   0.000000   0.000000   0.000000   0.000000   0.000000
    45  C    0.000000   0.000000   0.000000   0.000000   0.000000   0.000000
    46  H    0.000000   0.000000   0.000000   0.000000   0.000000   0.000000
    47  H    0.000000   0.000000   0.000000   0.000000   0.000000   0.000000
    48  C    0.000000   0.000000   0.000000   0.000000   0.000000   0.000000
    49  H    0.000000   0.000000   0.000000   0.000000   0.000000   0.000000
    50  H    0.000000   0.000000   0.000000   0.000000   0.000000   0.000000
             37         38         39         40         41         42
     1  C    0.000000   0.000000   0.000000   0.000000   0.000000   0.000000
     2  C    0.000000   0.000000   0.000000   0.000000   0.000000   0.000000
     3  C    0.000000   0.000000   0.000000   0.000000   0.000000   0.000000
     4  C    0.000000   0.000000   0.000000   0.000000   0.000000   0.000000
     5  C    0.000000   0.000000   0.000000   0.000000   0.000000   0.000000
     6  C    0.000000   0.000000   0.000000   0.000000   0.000000   0.000000
     7  C    0.000000   0.000000   0.000000   0.000000   0.000000   0.000000
     8  C    0.000000   0.000000   0.000000   0.000000   0.000000   0.000000
     9  C    0.000000   0.000000   0.000000   0.000000   0.000000   0.000000
    10  C    0.000000   0.000000   0.000000   0.000000   0.000000   0.000000
    11  C    0.000000   0.000000   0.000000   0.000000   0.000000   0.000000
    12  H    0.000000   0.000000   0.000000   0.000000   0.000000   0.000000
    13  H    0.000000   0.000000   0.000000   0.000000   0.000000   0.000000
    14  H    0.000000   0.000000   0.000000   0.000000   0.000000   0.000000
    15  C    0.000000   0.000000   0.000000   0.000000   0.000000   0.000000
    16  H    0.000000   0.000000   0.000000   0.000000   0.000000   0.000000
    17  H    0.000000   0.000000   0.000000   0.000000   0.000000   0.000000
    18  C    0.000000   0.000000   0.000000   0.000000   0.000000   0.000000
    19  H    0.000000   0.000000   0.000000   0.000000   0.000000   0.000000
    20  H    0.000000   0.000000   0.000000   0.000000   0.000000   0.000000
    21  H    0.000000   0.000000   0.000000   0.000000   0.000000   0.000000
    22  C    0.000000   0.000000   0.000000   0.000000   0.000000   0.000000
    23  H    0.000000   0.000000   0.000000   0.000000   0.000000   0.000000
    24  H    0.000000   0.000000   0.000000   0.000000   0.000000   0.000000
    25  C    0.000000   0.000000   0.000000   0.000000   0.000000   0.000000
    26  H    0.000000   0.000000   0.000000   0.000000   0.000000   0.000000
    27  H    0.000000   0.000000   0.000000   0.000000   0.000000   0.000000
    28  H    0.000000   0.000000   0.000000   0.000000   0.000000   0.000000
    29  C    0.000000   0.000000   0.000000   0.000000   0.000000   0.000000
    30  H    0.000000   0.000000   0.000000   0.000000   0.000000   0.000000
    31  H    0.000000   0.000000   0.000000   0.000000   0.000000   0.000000
    32  C    0.000000   0.000000   0.000000   0.000000   0.000000   0.000000
    33  H    0.000000   0.000000   0.000000   0.000000   0.000000   0.000000
    34  H    0.000000   0.000000   0.000000   0.000000   0.000000   0.000000
    35  H    0.000000   0.000000   0.000000   0.000000   0.000000   0.000000
    36  C    0.000000   0.000000   0.000000   0.000000   0.000000   0.000000
    37  H    0.000000   0.000000   0.000000   0.000000   0.000000   0.000000
    38  H    0.000000   0.000000   0.000000   0.000000   0.000000   0.000000
    39  C    0.000000   0.000000   0.000000   0.000000   0.000000   0.000000
    40  H    0.000000   0.000000   0.000000   0.000000   0.000000   0.000000
    41  H    0.000000   0.000000   0.000000   0.000000   0.000000   0.000000
    42  H    0.000000   0.000000   0.000000   0.000000   0.000000   0.000000
    43  N    0.000000   0.000000   0.000000   0.000000   0.000000   0.000000
    44  N    0.000000   0.000000   0.000000   0.000000   0.000000   0.000000
    45  C    0.000000   0.000000   0.000000   0.000000   0.000000   0.000000
    46  H    0.000000   0.000000   0.000000   0.000000   0.000000   0.000000
    47  H    0.000000   0.000000   0.000000   0.000000   0.000000   0.000000
    48  C    0.000000   0.000000   0.000000   0.000000   0.000000   0.000000
    49  H    0.000000   0.000000   0.000000   0.000000   0.000000   0.000000
    50  H    0.000000   0.000000   0.000000   0.000000   0.000000   0.000000
             43         44         45         46         47         48
     1  C    0.000000   0.000000   0.000000   0.000000   0.000000   0.000000
     2  C    0.000000   0.000000   0.000000   0.000000   0.000000   0.000000
     3  C    0.000000   0.000000   0.000000   0.000000   0.000000   0.000000
     4  C    0.000000   0.000000   0.000000   0.000000   0.000000   0.000000
     5  C    0.000000   0.000000   0.000000   0.000000   0.000000   0.000000
     6  C    0.000000   0.000000   0.000000   0.000000   0.000000   0.000000
     7  C    0.000000   0.000000   0.000000   0.000000   0.000000   0.000000
     8  C    0.000000   0.000000   0.000000   0.000000   0.000000   0.000000
     9  C    0.000000   0.000000   0.000000   0.000000   0.000000   0.000000
    10  C    0.000000   0.000000   0.000000   0.000000   0.000000   0.000000
    11  C    0.000000   0.000000   0.000000   0.000000   0.000000   0.000000
    12  H    0.000000   0.000000   0.000000   0.000000   0.000000   0.000000
    13  H    0.000000   0.000000   0.000000   0.000000   0.000000   0.000000
    14  H    0.000000   0.000000   0.000000   0.000000   0.000000   0.000000
    15  C    0.000000   0.000000   0.000000   0.000000   0.000000   0.000000
    16  H    0.000000   0.000000   0.000000   0.000000   0.000000   0.000000
    17  H    0.000000   0.000000   0.000000   0.000000   0.000000   0.000000
    18  C    0.000000   0.000000   0.000000   0.000000   0.000000   0.000000
    19  H    0.000000   0.000000   0.000000   0.000000   0.000000   0.000000
    20  H    0.000000   0.000000   0.000000   0.000000   0.000000   0.000000
    21  H    0.000000   0.000000   0.000000   0.000000   0.000000   0.000000
    22  C    0.000000   0.000000   0.000000   0.000000   0.000000   0.000000
    23  H    0.000000   0.000000   0.000000   0.000000   0.000000   0.000000
    24  H    0.000000   0.000000   0.000000   0.000000   0.000000   0.000000
    25  C    0.000000   0.000000   0.000000   0.000000   0.000000   0.000000
    26  H    0.000000   0.000000   0.000000   0.000000   0.000000   0.000000
    27  H    0.000000   0.000000   0.000000   0.000000   0.000000   0.000000
    28  H    0.000000   0.000000   0.000000   0.000000   0.000000   0.000000
    29  C    0.000000   0.000000   0.000000   0.000000   0.000000   0.000000
    30  H    0.000000   0.000000   0.000000   0.000000   0.000000   0.000000
    31  H    0.000000   0.000000   0.000000   0.000000   0.000000   0.000000
    32  C    0.000000   0.000000   0.000000   0.000000   0.000000   0.000000
    33  H    0.000000   0.000000   0.000000   0.000000   0.000000   0.000000
    34  H    0.000000   0.000000   0.000000   0.000000   0.000000   0.000000
    35  H    0.000000   0.000000   0.000000   0.000000   0.000000   0.000000
    36  C    0.000000   0.000000   0.000000   0.000000   0.000000   0.000000
    37  H    0.000000   0.000000   0.000000   0.000000   0.000000   0.000000
    38  H    0.000000   0.000000   0.000000   0.000000   0.000000   0.000000
    39  C    0.000000   0.000000   0.000000   0.000000   0.000000   0.000000
    40  H    0.000000   0.000000   0.000000   0.000000   0.000000   0.000000
    41  H    0.000000   0.000000   0.000000   0.000000   0.000000   0.000000
    42  H    0.000000   0.000000   0.000000   0.000000   0.000000   0.000000
    43  N    0.000000   0.000000   0.000000   0.000000   0.000000   0.000000
    44  N    0.000000   0.000000   0.000000   0.000000   0.000000   0.000000
    45  C    0.000000   0.000000   0.000000   0.000000   0.000000   0.000000
    46  H    0.000000   0.000000   0.000000   0.000000   0.000000   0.000000
    47  H    0.000000   0.000000   0.000000   0.000000   0.000000   0.000000
    48  C    0.000000   0.000000   0.000000   0.000000   0.000000   0.000000
    49  H    0.000000   0.000000   0.000000   0.000000   0.000000   0.000000
    50  H    0.000000   0.000000   0.000000   0.000000   0.000000   0.000000
             49         50
     1  C    0.000000   0.000000
     2  C    0.000000   0.000000
     3  C    0.000000   0.000000
     4  C    0.000000   0.000000
     5  C    0.000000   0.000000
     6  C    0.000000   0.000000
     7  C    0.000000   0.000000
     8  C    0.000000   0.000000
     9  C    0.000000   0.000000
    10  C    0.000000   0.000000
    11  C    0.000000   0.000000
    12  H    0.000000   0.000000
    13  H    0.000000   0.000000
    14  H    0.000000   0.000000
    15  C    0.000000   0.000000
    16  H    0.000000   0.000000
    17  H    0.000000   0.000000
    18  C    0.000000   0.000000
    19  H    0.000000   0.000000
    20  H    0.000000   0.000000
    21  H    0.000000   0.000000
    22  C    0.000000   0.000000
    23  H    0.000000   0.000000
    24  H    0.000000   0.000000
    25  C    0.000000   0.000000
    26  H    0.000000   0.000000
    27  H    0.000000   0.000000
    28  H    0.000000   0.000000
    29  C    0.000000   0.000000
    30  H    0.000000   0.000000
    31  H    0.000000   0.000000
    32  C    0.000000   0.000000
    33  H    0.000000   0.000000
    34  H    0.000000   0.000000
    35  H    0.000000   0.000000
    36  C    0.000000   0.000000
    37  H    0.000000   0.000000
    38  H    0.000000   0.000000
    39  C    0.000000   0.000000
    40  H    0.000000   0.000000
    41  H    0.000000   0.000000
    42  H    0.000000   0.000000
    43  N    0.000000   0.000000
    44  N    0.000000   0.000000
    45  C    0.000000   0.000000
    46  H    0.000000   0.000000
    47  H    0.000000   0.000000
    48  C    0.000000   0.000000
    49  H    0.000000   0.000000
    50  H    0.000000   0.000000
 Mulliken atomic spin densities:
              1
     1  C    0.000000
     2  C    0.000000
     3  C    0.000000
     4  C    0.000000
     5  C    0.000000
     6  C    0.000000
     7  C    0.000000
     8  C    0.000000
     9  C    0.000000
    10  C    0.000000
    11  C    0.000000
    12  H    0.000000
    13  H    0.000000
    14  H    0.000000
    15  C    0.000000
    16  H    0.000000
    17  H    0.000000
    18  C    0.000000
    19  H    0.000000
    20  H    0.000000
    21  H    0.000000
    22  C    0.000000
    23  H    0.000000
    24  H    0.000000
    25  C    0.000000
    26  H    0.000000
    27  H    0.000000
    28  H    0.000000
    29  C    0.000000
    30  H    0.000000
    31  H    0.000000
    32  C    0.000000
    33  H    0.000000
    34  H    0.000000
    35  H    0.000000
    36  C    0.000000
    37  H    0.000000
    38  H    0.000000
    39  C    0.000000
    40  H    0.000000
    41  H    0.000000
    42  H    0.000000
    43  N    0.000000
    44  N    0.000000
    45  C    0.000000
    46  H    0.000000
    47  H    0.000000
    48  C    0.000000
    49  H    0.000000
    50  H    0.000000
 Sum of Mulliken atomic spin densities =   0.00000
 Electronic spatial extent (au):  <R**2>=           7617.9350
 Charge=              1.0000 electrons
 Dipole moment (field-independent basis, Debye):
    X=             -0.1361    Y=             -6.4946    Z=              1.2964  Tot=              6.6242
 Quadrupole moment (field-independent basis, Debye-Ang):
   XX=            -96.5427   YY=           -100.3175   ZZ=           -138.1884
   XY=             -0.2322   XZ=             -0.0549   YZ=             -6.4089
 Traceless Quadrupole moment (field-independent basis, Debye-Ang):
   XX=             15.1402   YY=             11.3654   ZZ=            -26.5055
   XY=             -0.2322   XZ=             -0.0549   YZ=             -6.4089
 Octapole moment (field-independent basis, Debye-Ang**2):
  XXX=              0.9480  YYY=            -47.4162  ZZZ=             10.3547  XYY=              0.2620
  XXY=            -23.4234  XXZ=              3.3005  XZZ=             -1.9777  YZZ=            -20.3487
  YYZ=              3.7863  XYZ=             -0.5700
 Hexadecapole moment (field-independent basis, Debye-Ang**3):
 XXXX=          -5986.3176 YYYY=          -2923.4218 ZZZZ=           -535.4455 XXXY=             -8.3990
 XXXZ=              7.5618 YYYX=              2.0087 YYYZ=            -80.4299 ZZZX=             -1.5263
 ZZZY=            -14.5657 XXYY=          -1482.5367 XXZZ=          -1199.7079 YYZZ=           -638.2492
 XXYZ=            -20.1186 YYXZ=             -3.9064 ZZXY=             -1.1585
 N-N= 1.988740996392D+03 E-N=-9.153221836926D+03  KE= 1.382260448473D+03
 1|1|UNPC-LAPTOP-7BBBEH3F|SP|UTD-B3LYP-FC|6-311++G(d,p)|C21H27N2(1+)|SA
 IF_|12-Jul-2025|0||# td=(singlets,nstates=10) ub3lyp/6-311++g(d,p) scr
 f=(cpcm,solvent=water) geom=connectivity||N-BAP Opt+Freq (DFT B3lyp)||
 1,1|C,0,2.359425,-0.803294,0.141902|C,0,-0.011782,-0.636988,0.099873|C
 ,0,0.009203,0.732446,-0.147645|C,0,1.278094,1.365377,-0.237366|C,0,2.4
 61956,0.544584,-0.098082|C,0,-1.243316,1.397586,-0.263129|C,0,-2.45916
 2,0.61208,-0.139787|C,0,-2.391345,-0.732853,0.124845|C,0,-1.185417,2.7
 86762,-0.473418|C,0,0.050868,3.429338,-0.554637|C,0,1.266563,2.754212,
 -0.439179|H,0,-2.089816,3.372718,-0.559117|H,0,0.067579,4.502864,-0.70
 766|H,0,2.189794,3.314829,-0.495366|C,0,3.53247,-1.746962,0.255754|H,0
 ,4.377842,-1.215947,0.690416|H,0,3.294796,-2.548061,0.958862|C,0,3.942
 739,-2.352948,-1.099197|H,0,4.250609,-1.57224,-1.798684|H,0,4.781395,-
 3.038991,-0.959648|H,0,3.122416,-2.911101,-1.556137|C,0,3.811909,1.241
 941,-0.197943|H,0,4.610475,0.514185,-0.441015|H,0,3.797139,1.920001,-1
 .070216|C,0,4.439557,1.923716,1.08336|H,0,4.985254,2.82996,0.824612|H,
 0,3.713575,2.182126,1.863816|H,0,5.16047,1.23459,1.534546|C,0,-3.84049
 1,1.326705,-0.25133|H,0,-3.735114,2.099639,-1.039178|H,0,-4.544156,0.6
 31952,-0.747364|C,0,-4.360502,1.893573,1.103359|H,0,-4.360759,1.103969
 ,1.861982|H,0,-3.736143,2.717325,1.466641|H,0,-5.379369,2.283917,1.038
 548|C,0,-3.585654,-1.643868,0.267739|H,0,-4.432635,-1.072295,0.646508|
 H,0,-3.375899,-2.402315,1.024594|C,0,-3.97561,-2.324759,-1.058301|H,0,
 -4.826918,-2.990284,-0.89785|H,0,-4.256662,-1.584093,-1.810818|H,0,-3.
 15452,-2.919215,-1.465176|N,0,1.099096,-1.371786,0.26142|N,0,-1.146386
 ,-1.342895,0.231269|C,0,-0.814801,-2.73302,0.638267|H,0,-1.307673,-3.4
 56763,-0.005364|H,0,-1.128778,-2.891407,1.669406|C,0,0.727387,-2.79005
 4,0.493112|H,0,1.033967,-3.395095,-0.359296|H,0,1.201608,-3.168938,1.3
 94932||Version=IA32W-G09RevA.02|State=1-A|HF=-926.1204429|S2=0.|S2-1=0
 .|S2A=0.|RMSD=1.923e-009|PG=C01 [X(C21H27N2)]||@


 I FIND THAT THE THREE TRULY GREAT TIMES FOR THINKING THOUGHTS
 ARE WHEN I AM STANDING IN THE SHOWER, SITTING ON THE JOHN, OR WALKING.

                                    -- COLIN FLETCHER
 Job cpu time:  1 days 20 hours 20 minutes 57.0 seconds.
 File lengths (MBytes):  RWF=   1172 Int=      0 D2E=      0 Chk=    189 Scr=      1
 Normal termination of Gaussian 09 at Sat Jul 12 06:13:38 2025.
