 Entering Link 1 = C:\G09W\l1.exe PID=     14036.
  
 Copyright (c) 1988,1990,1992,1993,1995,1998,2003,2009, Gaussian, Inc.
                  All Rights Reserved.
  
 This is part of the Gaussian(R) 09 program.  It is based on
 the Gaussian(R) 03 system (copyright 2003, Gaussian, Inc.),
 the Gaussian(R) 98 system (copyright 1998, Gaussian, Inc.),
 the Gaussian(R) 94 system (copyright 1995, Gaussian, Inc.),
 the Gaussian 92(TM) system (copyright 1992, Gaussian, Inc.),
 the Gaussian 90(TM) system (copyright 1990, Gaussian, Inc.),
 the Gaussian 88(TM) system (copyright 1988, Gaussian, Inc.),
 the Gaussian 86(TM) system (copyright 1986, Carnegie Mellon
 University), and the Gaussian 82(TM) system (copyright 1983,
 Carnegie Mellon University). Gaussian is a federally registered
 trademark of Gaussian, Inc.
  
 This software contains proprietary and confidential information,
 including trade secrets, belonging to Gaussian, Inc.
  
 This software is provided under written license and may be
 used, copied, transmitted, or stored only in accord with that
 written license.
  
 The following legend is applicable only to US Government
 contracts under FAR:
  
                    RESTRICTED RIGHTS LEGEND
  
 Use, reproduction and disclosure by the US Government is
 subject to restrictions as set forth in subparagraphs (a)
 and (c) of the Commercial Computer Software - Restricted
 Rights clause in FAR 52.227-19.
  
 Gaussian, Inc.
 340 Quinnipiac St., Bldg. 40, Wallingford CT 06492
  
  
 ---------------------------------------------------------------
 Warning -- This program may not be used in any manner that
 competes with the business of Gaussian, Inc. or will provide
 assistance to any competitor of Gaussian, Inc.  The licensee
 of this program is prohibited from giving any competitor of
 Gaussian, Inc. access to this program.  By using this program,
 the user acknowledges that Gaussian, Inc. is engaged in the
 business of creating and licensing software in the field of
 computational chemistry and represents and warrants to the
 licensee that it is not a competitor of Gaussian, Inc. and that
 it will not use this program in any manner prohibited above.
 ---------------------------------------------------------------
  

 Cite this work as:
 Gaussian 09, Revision A.02,
 M. J. Frisch, G. W. Trucks, H. B. Schlegel, G. E. Scuseria, 
 M. A. Robb, J. R. Cheeseman, G. Scalmani, V. Barone, B. Mennucci, 
 G. A. Petersson, H. Nakatsuji, M. Caricato, X. Li, H. P. Hratchian, 
 A. F. Izmaylov, J. Bloino, G. Zheng, J. L. Sonnenberg, M. Hada, 
 M. Ehara, K. Toyota, R. Fukuda, J. Hasegawa, M. Ishida, T. Nakajima, 
 Y. Honda, O. Kitao, H. Nakai, T. Vreven, J. A. Montgomery, Jr., 
 J. E. Peralta, F. Ogliaro, M. Bearpark, J. J. Heyd, E. Brothers, 
 K. N. Kudin, V. N. Staroverov, R. Kobayashi, J. Normand, 
 K. Raghavachari, A. Rendell, J. C. Burant, S. S. Iyengar, J. Tomasi, 
 M. Cossi, N. Rega, J. M. Millam, M. Klene, J. E. Knox, J. B. Cross, 
 V. Bakken, C. Adamo, J. Jaramillo, R. Gomperts, R. E. Stratmann, 
 O. Yazyev, A. J. Austin, R. Cammi, C. Pomelli, J. W. Ochterski, 
 R. L. Martin, K. Morokuma, V. G. Zakrzewski, G. A. Voth, 
 P. Salvador, J. J. Dannenberg, S. Dapprich, A. D. Daniels, 
 O. Farkas, J. B. Foresman, J. V. Ortiz, J. Cioslowski, 
 and D. J. Fox, Gaussian, Inc., Wallingford CT, 2009.
 
 ******************************************
 Gaussian 09:  IA32W-G09RevA.02 11-Jun-2009
                02-Aug-2025 
 ******************************************
 %chk=C:\Users\saif_\Desktop\downs\GV\kekule.chk
 --------------------------------------------
 # opt freq hf/6-31++g(d,p) geom=connectivity
 --------------------------------------------
 1/18=20,19=15,38=1,57=2/1,3;
 2/9=110,12=2,17=6,18=5,40=1/2;
 3/5=1,6=6,7=1111,11=9,16=1,25=1,30=1,71=1/1,2,3;
 4//1;
 5/5=2,38=5/2;
 6/7=2,8=2,9=2,10=2,28=1/1;
 7//1,2,3,16;
 1/18=20,19=15/3(2);
 2/9=110/2;
 99//99;
 2/9=110/2;
 3/5=1,6=6,7=1111,11=9,16=1,25=1,30=1,71=1/1,2,3;
 4/5=5,16=3/1;
 5/5=2,38=5/2;
 7//1,2,3,16;
 1/18=20,19=15/3(-5);
 2/9=110/2;
 6/7=2,8=2,9=2,10=2,19=2,28=1/1;
 99/9=1/99;
 -------------------
 Title Card Required
 -------------------
 Symbolic Z-matrix:
 Charge =  0 Multiplicity = 1
 C                    -2.94474  -2.75295  -0.33961 
 C                    -1.51948  -2.75295  -0.33961 
 C                    -0.8369   -1.5207   -0.33961 
 C                    -1.57332  -0.29592  -0.33943 
 C                    -2.98177  -0.32093  -0.33955 
 C                    -3.65015  -1.57976  -0.33961 
 C                     0.59199  -1.49533  -0.33956 
 C                    -0.88085   0.95422  -0.33906 
 C                     0.54805   0.9796   -0.33867 
 C                     1.28447  -0.24517  -0.33896 
 C                     1.2306    2.21186  -0.33793 
 C                     0.4746    3.4201   -0.33778 
 C                    -0.89413   3.39579  -0.33832 
 C                    -1.60674   2.16147  -0.33885 
 C                    -3.0311    2.11088  -0.33916 
 C                    -3.69442   0.91337  -0.33947 
 H                    -4.7947    0.88094  -0.33962 
 H                    -3.58724   3.06082  -0.33909 
 H                    -3.4668   -3.72204  -0.33961 
 H                    -4.75089  -1.58641  -0.3396 
 H                     1.01921   4.3767   -0.33726 
 H                    -1.47236   4.33244  -0.3383 
 C                    -0.76349  -3.9612   -0.33979 
 C                     0.60525  -3.93689  -0.34013 
 C                     1.31787  -2.70257  -0.33999 
 H                    -1.30808  -4.91782  -0.33971 
 H                     1.18348  -4.87355  -0.34037 
 C                     2.74224  -2.65198  -0.33995 
 C                     3.40556  -1.45447  -0.33911 
 C                     2.69291  -0.22017  -0.33855 
 H                     3.29837  -3.60191  -0.34045 
 H                     4.50584  -1.42204  -0.33886 
 C                     2.65586   2.21187  -0.33714 
 H                     3.17793   3.18097  -0.33613 
 C                     3.36128   1.03867  -0.33754 
 H                     4.46202   1.04535  -0.3371 
 

 GradGradGradGradGradGradGradGradGradGradGradGradGradGradGradGradGradGrad
 Berny optimization.
 Initialization pass.
                           ----------------------------
                           !    Initial Parameters    !
                           ! (Angstroms and Degrees)  !
 --------------------------                            --------------------------
 ! Name  Definition              Value          Derivative Info.                !
 --------------------------------------------------------------------------------
 ! R1    R(1,2)                  1.4253         estimate D2E/DX2                !
 ! R2    R(1,6)                  1.3689         estimate D2E/DX2                !
 ! R3    R(1,19)                 1.1008         estimate D2E/DX2                !
 ! R4    R(2,3)                  1.4087         estimate D2E/DX2                !
 ! R5    R(2,23)                 1.4253         estimate D2E/DX2                !
 ! R6    R(3,4)                  1.4291         estimate D2E/DX2                !
 ! R7    R(3,7)                  1.4291         estimate D2E/DX2                !
 ! R8    R(4,5)                  1.4087         estimate D2E/DX2                !
 ! R9    R(4,8)                  1.4291         estimate D2E/DX2                !
 ! R10   R(5,6)                  1.4253         estimate D2E/DX2                !
 ! R11   R(5,16)                 1.4253         estimate D2E/DX2                !
 ! R12   R(6,20)                 1.1008         estimate D2E/DX2                !
 ! R13   R(7,10)                 1.4291         estimate D2E/DX2                !
 ! R14   R(7,25)                 1.4087         estimate D2E/DX2                !
 ! R15   R(8,9)                  1.4291         estimate D2E/DX2                !
 ! R16   R(8,14)                 1.4087         estimate D2E/DX2                !
 ! R17   R(9,10)                 1.4291         estimate D2E/DX2                !
 ! R18   R(9,11)                 1.4087         estimate D2E/DX2                !
 ! R19   R(10,30)                1.4087         estimate D2E/DX2                !
 ! R20   R(11,12)                1.4253         estimate D2E/DX2                !
 ! R21   R(11,33)                1.4253         estimate D2E/DX2                !
 ! R22   R(12,13)                1.3689         estimate D2E/DX2                !
 ! R23   R(12,21)                1.1008         estimate D2E/DX2                !
 ! R24   R(13,14)                1.4253         estimate D2E/DX2                !
 ! R25   R(13,22)                1.1008         estimate D2E/DX2                !
 ! R26   R(14,15)                1.4253         estimate D2E/DX2                !
 ! R27   R(15,16)                1.3689         estimate D2E/DX2                !
 ! R28   R(15,18)                1.1008         estimate D2E/DX2                !
 ! R29   R(16,17)                1.1008         estimate D2E/DX2                !
 ! R30   R(23,24)                1.369          estimate D2E/DX2                !
 ! R31   R(23,26)                1.1008         estimate D2E/DX2                !
 ! R32   R(24,25)                1.4253         estimate D2E/DX2                !
 ! R33   R(24,27)                1.1008         estimate D2E/DX2                !
 ! R34   R(25,28)                1.4253         estimate D2E/DX2                !
 ! R35   R(28,29)                1.3689         estimate D2E/DX2                !
 ! R36   R(28,31)                1.1008         estimate D2E/DX2                !
 ! R37   R(29,30)                1.4253         estimate D2E/DX2                !
 ! R38   R(29,32)                1.1008         estimate D2E/DX2                !
 ! R39   R(30,35)                1.4253         estimate D2E/DX2                !
 ! R40   R(33,34)                1.1008         estimate D2E/DX2                !
 ! R41   R(33,35)                1.3689         estimate D2E/DX2                !
 ! R42   R(35,36)                1.1008         estimate D2E/DX2                !
 ! A1    A(2,1,6)              121.0175         estimate D2E/DX2                !
 ! A2    A(2,1,19)             118.3124         estimate D2E/DX2                !
 ! A3    A(6,1,19)             120.6701         estimate D2E/DX2                !
 ! A4    A(1,2,3)              118.9833         estimate D2E/DX2                !
 ! A5    A(1,2,23)             122.0336         estimate D2E/DX2                !
 ! A6    A(3,2,23)             118.9832         estimate D2E/DX2                !
 ! A7    A(2,3,4)              119.9994         estimate D2E/DX2                !
 ! A8    A(2,3,7)              120.0006         estimate D2E/DX2                !
 ! A9    A(4,3,7)              120.0            estimate D2E/DX2                !
 ! A10   A(3,4,5)              119.9999         estimate D2E/DX2                !
 ! A11   A(3,4,8)              119.9998         estimate D2E/DX2                !
 ! A12   A(5,4,8)              120.0003         estimate D2E/DX2                !
 ! A13   A(4,5,6)              118.9837         estimate D2E/DX2                !
 ! A14   A(4,5,16)             118.9833         estimate D2E/DX2                !
 ! A15   A(6,5,16)             122.033          estimate D2E/DX2                !
 ! A16   A(1,6,5)              121.0162         estimate D2E/DX2                !
 ! A17   A(1,6,20)             120.6712         estimate D2E/DX2                !
 ! A18   A(5,6,20)             118.3127         estimate D2E/DX2                !
 ! A19   A(3,7,10)             119.9999         estimate D2E/DX2                !
 ! A20   A(3,7,25)             120.0            estimate D2E/DX2                !
 ! A21   A(10,7,25)            120.0            estimate D2E/DX2                !
 ! A22   A(4,8,9)              120.0007         estimate D2E/DX2                !
 ! A23   A(4,8,14)             119.9995         estimate D2E/DX2                !
 ! A24   A(9,8,14)             119.9999         estimate D2E/DX2                !
 ! A25   A(8,9,10)             119.9994         estimate D2E/DX2                !
 ! A26   A(8,9,11)             120.0            estimate D2E/DX2                !
 ! A27   A(10,9,11)            120.0006         estimate D2E/DX2                !
 ! A28   A(7,10,9)             120.0002         estimate D2E/DX2                !
 ! A29   A(7,10,30)            119.9996         estimate D2E/DX2                !
 ! A30   A(9,10,30)            120.0001         estimate D2E/DX2                !
 ! A31   A(9,11,12)            118.9835         estimate D2E/DX2                !
 ! A32   A(9,11,33)            118.9824         estimate D2E/DX2                !
 ! A33   A(12,11,33)           122.0341         estimate D2E/DX2                !
 ! A34   A(11,12,13)           121.0169         estimate D2E/DX2                !
 ! A35   A(11,12,21)           118.312          estimate D2E/DX2                !
 ! A36   A(13,12,21)           120.6712         estimate D2E/DX2                !
 ! A37   A(12,13,14)           121.0167         estimate D2E/DX2                !
 ! A38   A(12,13,22)           120.6715         estimate D2E/DX2                !
 ! A39   A(14,13,22)           118.3118         estimate D2E/DX2                !
 ! A40   A(8,14,13)            118.9832         estimate D2E/DX2                !
 ! A41   A(8,14,15)            118.9838         estimate D2E/DX2                !
 ! A42   A(13,14,15)           122.0331         estimate D2E/DX2                !
 ! A43   A(14,15,16)           121.0164         estimate D2E/DX2                !
 ! A44   A(14,15,18)           118.3128         estimate D2E/DX2                !
 ! A45   A(16,15,18)           120.6708         estimate D2E/DX2                !
 ! A46   A(5,16,15)            121.0169         estimate D2E/DX2                !
 ! A47   A(5,16,17)            118.3126         estimate D2E/DX2                !
 ! A48   A(15,16,17)           120.6705         estimate D2E/DX2                !
 ! A49   A(2,23,24)            121.016          estimate D2E/DX2                !
 ! A50   A(2,23,26)            118.3145         estimate D2E/DX2                !
 ! A51   A(24,23,26)           120.6695         estimate D2E/DX2                !
 ! A52   A(23,24,25)           121.0171         estimate D2E/DX2                !
 ! A53   A(23,24,27)           120.6706         estimate D2E/DX2                !
 ! A54   A(25,24,27)           118.3123         estimate D2E/DX2                !
 ! A55   A(7,25,24)            118.9831         estimate D2E/DX2                !
 ! A56   A(7,25,28)            118.9834         estimate D2E/DX2                !
 ! A57   A(24,25,28)           122.0335         estimate D2E/DX2                !
 ! A58   A(25,28,29)           121.0165         estimate D2E/DX2                !
 ! A59   A(25,28,31)           118.3126         estimate D2E/DX2                !
 ! A60   A(29,28,31)           120.6708         estimate D2E/DX2                !
 ! A61   A(28,29,30)           121.0166         estimate D2E/DX2                !
 ! A62   A(28,29,32)           120.6708         estimate D2E/DX2                !
 ! A63   A(30,29,32)           118.3126         estimate D2E/DX2                !
 ! A64   A(10,30,29)           118.9839         estimate D2E/DX2                !
 ! A65   A(10,30,35)           118.983          estimate D2E/DX2                !
 ! A66   A(29,30,35)           122.0331         estimate D2E/DX2                !
 ! A67   A(11,33,34)           118.312          estimate D2E/DX2                !
 ! A68   A(11,33,35)           121.0175         estimate D2E/DX2                !
 ! A69   A(34,33,35)           120.6705         estimate D2E/DX2                !
 ! A70   A(30,35,33)           121.0163         estimate D2E/DX2                !
 ! A71   A(30,35,36)           118.3138         estimate D2E/DX2                !
 ! A72   A(33,35,36)           120.6698         estimate D2E/DX2                !
 ! D1    D(6,1,2,3)             -0.0001         estimate D2E/DX2                !
 ! D2    D(6,1,2,23)          -179.9915         estimate D2E/DX2                !
 ! D3    D(19,1,2,3)           179.9996         estimate D2E/DX2                !
 ! D4    D(19,1,2,23)            0.0083         estimate D2E/DX2                !
 ! D5    D(2,1,6,5)             -0.0027         estimate D2E/DX2                !
 ! D6    D(2,1,6,20)          -179.9999         estimate D2E/DX2                !
 ! D7    D(19,1,6,5)           179.9975         estimate D2E/DX2                !
 ! D8    D(19,1,6,20)            0.0003         estimate D2E/DX2                !
 ! D9    D(1,2,3,4)              0.0081         estimate D2E/DX2                !
 ! D10   D(1,2,3,7)            179.9978         estimate D2E/DX2                !
 ! D11   D(23,2,3,4)           179.9997         estimate D2E/DX2                !
 ! D12   D(23,2,3,7)            -0.0106         estimate D2E/DX2                !
 ! D13   D(1,2,23,24)          179.9832         estimate D2E/DX2                !
 ! D14   D(1,2,23,26)           -0.0136         estimate D2E/DX2                !
 ! D15   D(3,2,23,24)           -0.0081         estimate D2E/DX2                !
 ! D16   D(3,2,23,26)          179.9951         estimate D2E/DX2                !
 ! D17   D(2,3,4,5)             -0.0135         estimate D2E/DX2                !
 ! D18   D(2,3,4,8)            179.983          estimate D2E/DX2                !
 ! D19   D(7,3,4,5)            179.9969         estimate D2E/DX2                !
 ! D20   D(7,3,4,8)             -0.0067         estimate D2E/DX2                !
 ! D21   D(2,3,7,10)          -179.9722         estimate D2E/DX2                !
 ! D22   D(2,3,7,25)             0.0222         estimate D2E/DX2                !
 ! D23   D(4,3,7,10)             0.0174         estimate D2E/DX2                !
 ! D24   D(4,3,7,25)          -179.9881         estimate D2E/DX2                !
 ! D25   D(3,4,5,6)              0.0106         estimate D2E/DX2                !
 ! D26   D(3,4,5,16)          -179.9952         estimate D2E/DX2                !
 ! D27   D(8,4,5,6)           -179.9858         estimate D2E/DX2                !
 ! D28   D(8,4,5,16)             0.0083         estimate D2E/DX2                !
 ! D29   D(3,4,8,9)             -0.0094         estimate D2E/DX2                !
 ! D30   D(3,4,8,14)          -179.9982         estimate D2E/DX2                !
 ! D31   D(5,4,8,9)            179.9871         estimate D2E/DX2                !
 ! D32   D(5,4,8,14)            -0.0018         estimate D2E/DX2                !
 ! D33   D(4,5,6,1)             -0.0026         estimate D2E/DX2                !
 ! D34   D(4,5,6,20)           179.9947         estimate D2E/DX2                !
 ! D35   D(16,5,6,1)          -179.9966         estimate D2E/DX2                !
 ! D36   D(16,5,6,20)            0.0007         estimate D2E/DX2                !
 ! D37   D(4,5,16,15)           -0.0062         estimate D2E/DX2                !
 ! D38   D(4,5,16,17)          179.9964         estimate D2E/DX2                !
 ! D39   D(6,5,16,15)          179.9878         estimate D2E/DX2                !
 ! D40   D(6,5,16,17)           -0.0096         estimate D2E/DX2                !
 ! D41   D(3,7,10,9)            -0.0121         estimate D2E/DX2                !
 ! D42   D(3,7,10,30)          179.9831         estimate D2E/DX2                !
 ! D43   D(25,7,10,9)          179.9934         estimate D2E/DX2                !
 ! D44   D(25,7,10,30)          -0.0114         estimate D2E/DX2                !
 ! D45   D(3,7,25,24)           -0.0152         estimate D2E/DX2                !
 ! D46   D(3,7,25,28)          179.9989         estimate D2E/DX2                !
 ! D47   D(10,7,25,24)         179.9793         estimate D2E/DX2                !
 ! D48   D(10,7,25,28)          -0.0067         estimate D2E/DX2                !
 ! D49   D(4,8,9,10)             0.0146         estimate D2E/DX2                !
 ! D50   D(4,8,9,11)          -179.9822         estimate D2E/DX2                !
 ! D51   D(14,8,9,10)         -179.9965         estimate D2E/DX2                !
 ! D52   D(14,8,9,11)            0.0067         estimate D2E/DX2                !
 ! D53   D(4,8,14,13)          179.9922         estimate D2E/DX2                !
 ! D54   D(4,8,14,15)           -0.0069         estimate D2E/DX2                !
 ! D55   D(9,8,14,13)            0.0033         estimate D2E/DX2                !
 ! D56   D(9,8,14,15)         -179.9958         estimate D2E/DX2                !
 ! D57   D(8,9,10,7)            -0.0039         estimate D2E/DX2                !
 ! D58   D(8,9,10,30)         -179.9991         estimate D2E/DX2                !
 ! D59   D(11,9,10,7)          179.993          estimate D2E/DX2                !
 ! D60   D(11,9,10,30)          -0.0022         estimate D2E/DX2                !
 ! D61   D(8,9,11,12)           -0.0088         estimate D2E/DX2                !
 ! D62   D(8,9,11,33)          179.9811         estimate D2E/DX2                !
 ! D63   D(10,9,11,12)         179.9943         estimate D2E/DX2                !
 ! D64   D(10,9,11,33)          -0.0158         estimate D2E/DX2                !
 ! D65   D(7,10,30,29)           0.0166         estimate D2E/DX2                !
 ! D66   D(7,10,30,35)        -179.9811         estimate D2E/DX2                !
 ! D67   D(9,10,30,29)        -179.9882         estimate D2E/DX2                !
 ! D68   D(9,10,30,35)           0.0141         estimate D2E/DX2                !
 ! D69   D(9,11,12,13)           0.0009         estimate D2E/DX2                !
 ! D70   D(9,11,12,21)        -179.9959         estimate D2E/DX2                !
 ! D71   D(33,11,12,13)       -179.9887         estimate D2E/DX2                !
 ! D72   D(33,11,12,21)          0.0145         estimate D2E/DX2                !
 ! D73   D(9,11,33,34)        -179.9744         estimate D2E/DX2                !
 ! D74   D(9,11,33,35)           0.0223         estimate D2E/DX2                !
 ! D75   D(12,11,33,34)          0.0152         estimate D2E/DX2                !
 ! D76   D(12,11,33,35)       -179.9881         estimate D2E/DX2                !
 ! D77   D(11,12,13,14)          0.0093         estimate D2E/DX2                !
 ! D78   D(11,12,13,22)       -179.9938         estimate D2E/DX2                !
 ! D79   D(21,12,13,14)       -179.994          estimate D2E/DX2                !
 ! D80   D(21,12,13,22)          0.003          estimate D2E/DX2                !
 ! D81   D(12,13,14,8)          -0.0113         estimate D2E/DX2                !
 ! D82   D(12,13,14,15)        179.9878         estimate D2E/DX2                !
 ! D83   D(22,13,14,8)         179.9916         estimate D2E/DX2                !
 ! D84   D(22,13,14,15)         -0.0093         estimate D2E/DX2                !
 ! D85   D(8,14,15,16)           0.0093         estimate D2E/DX2                !
 ! D86   D(8,14,15,18)        -179.9941         estimate D2E/DX2                !
 ! D87   D(13,14,15,16)       -179.9898         estimate D2E/DX2                !
 ! D88   D(13,14,15,18)          0.0068         estimate D2E/DX2                !
 ! D89   D(14,15,16,5)          -0.0027         estimate D2E/DX2                !
 ! D90   D(14,15,16,17)        179.9947         estimate D2E/DX2                !
 ! D91   D(18,15,16,5)        -179.9993         estimate D2E/DX2                !
 ! D92   D(18,15,16,17)         -0.0019         estimate D2E/DX2                !
 ! D93   D(2,23,24,25)           0.0153         estimate D2E/DX2                !
 ! D94   D(2,23,24,27)        -179.994          estimate D2E/DX2                !
 ! D95   D(26,23,24,25)       -179.9879         estimate D2E/DX2                !
 ! D96   D(26,23,24,27)          0.0027         estimate D2E/DX2                !
 ! D97   D(23,24,25,7)          -0.0035         estimate D2E/DX2                !
 ! D98   D(23,24,25,28)        179.982          estimate D2E/DX2                !
 ! D99   D(27,24,25,7)        -179.9944         estimate D2E/DX2                !
 ! D100  D(27,24,25,28)         -0.0089         estimate D2E/DX2                !
 ! D101  D(7,25,28,29)           0.0199         estimate D2E/DX2                !
 ! D102  D(7,25,28,31)        -179.9904         estimate D2E/DX2                !
 ! D103  D(24,25,28,29)       -179.9656         estimate D2E/DX2                !
 ! D104  D(24,25,28,31)          0.0241         estimate D2E/DX2                !
 ! D105  D(25,28,29,30)         -0.0148         estimate D2E/DX2                !
 ! D106  D(25,28,29,32)        179.9861         estimate D2E/DX2                !
 ! D107  D(31,28,29,30)        179.9958         estimate D2E/DX2                !
 ! D108  D(31,28,29,32)         -0.0033         estimate D2E/DX2                !
 ! D109  D(28,29,30,10)         -0.0036         estimate D2E/DX2                !
 ! D110  D(28,29,30,35)        179.994          estimate D2E/DX2                !
 ! D111  D(32,29,30,10)        179.9955         estimate D2E/DX2                !
 ! D112  D(32,29,30,35)         -0.0069         estimate D2E/DX2                !
 ! D113  D(10,30,35,33)         -0.0079         estimate D2E/DX2                !
 ! D114  D(10,30,35,36)        179.9919         estimate D2E/DX2                !
 ! D115  D(29,30,35,33)        179.9945         estimate D2E/DX2                !
 ! D116  D(29,30,35,36)         -0.0057         estimate D2E/DX2                !
 ! D117  D(11,33,35,30)         -0.0105         estimate D2E/DX2                !
 ! D118  D(11,33,35,36)        179.9897         estimate D2E/DX2                !
 ! D119  D(34,33,35,30)        179.9862         estimate D2E/DX2                !
 ! D120  D(34,33,35,36)         -0.0136         estimate D2E/DX2                !
 --------------------------------------------------------------------------------
 Trust Radius=3.00D-01 FncErr=1.00D-07 GrdErr=1.00D-07
 Number of steps in this run= 216 maximum allowed number of steps= 216.
 GradGradGradGradGradGradGradGradGradGradGradGradGradGradGradGradGradGrad

                          Input orientation:                          
 ---------------------------------------------------------------------
 Center     Atomic      Atomic             Coordinates (Angstroms)
 Number     Number       Type             X           Y           Z
 ---------------------------------------------------------------------
      1          6           0       -2.944738   -2.752954   -0.339608
      2          6           0       -1.519476   -2.752954   -0.339608
      3          6           0       -0.836898   -1.520703   -0.339608
      4          6           0       -1.573325   -0.295922   -0.339432
      5          6           0       -2.981773   -0.320934   -0.339545
      6          6           0       -3.650153   -1.579759   -0.339605
      7          6           0        0.591994   -1.495329   -0.339560
      8          6           0       -0.880848    0.954220   -0.339064
      9          6           0        0.548049    0.979605   -0.338670
     10          6           0        1.284470   -0.245174   -0.338960
     11          6           0        1.230599    2.211861   -0.337929
     12          6           0        0.474600    3.420100   -0.337776
     13          6           0       -0.894127    3.395791   -0.338317
     14          6           0       -1.606741    2.161467   -0.338853
     15          6           0       -3.031104    2.110884   -0.339163
     16          6           0       -3.694418    0.913371   -0.339469
     17          1           0       -4.794699    0.880945   -0.339620
     18          1           0       -3.587241    3.060821   -0.339094
     19          1           0       -3.466805   -3.722035   -0.339614
     20          1           0       -4.750889   -1.586413   -0.339603
     21          1           0        1.019208    4.376696   -0.337264
     22          1           0       -1.472364    4.332439   -0.338298
     23          6           0       -0.763495   -3.961201   -0.339791
     24          6           0        0.605251   -3.936890   -0.340131
     25          6           0        1.317874   -2.702567   -0.339986
     26          1           0       -1.308076   -4.917817   -0.339706
     27          1           0        1.183476   -4.873548   -0.340370
     28          6           0        2.742240   -2.651981   -0.339953
     29          6           0        3.405555   -1.454469   -0.339109
     30          6           0        2.692907   -0.220171   -0.338552
     31          1           0        3.298372   -3.601912   -0.340450
     32          1           0        4.505835   -1.422039   -0.338859
     33          6           0        2.655861    2.211866   -0.337136
     34          1           0        3.177925    3.180967   -0.336129
     35          6           0        3.361284    1.038666   -0.337544
     36          1           0        4.462024    1.045349   -0.337097
 ---------------------------------------------------------------------
                    Distance matrix (angstroms):
                    1          2          3          4          5
     1  C    0.000000
     2  C    1.425262   0.000000
     3  C    2.441604   1.408671   0.000000
     4  C    2.813855   2.457622   1.429130   0.000000
     5  C    2.432302   2.837787   2.457628   1.408670   0.000000
     6  C    1.368940   2.432318   2.813875   2.441608   1.425262
     7  C    3.753677   2.457626   1.429117   2.475315   3.761783
     8  C    4.242968   3.761780   2.475313   1.429118   2.457622
     9  C    5.111904   4.266926   2.858255   2.475318   3.761788
    10  C    4.916824   3.761791   2.475313   2.858246   4.266916
    11  C    6.487128   5.675588   4.266917   3.761777   4.915194
    12  C    7.056803   6.487136   5.111904   4.242973   5.093315
    13  C    6.481672   6.180463   4.916827   3.753672   4.262899
    14  C    5.093306   4.915196   3.761786   2.457616   2.837786
    15  C    4.864605   5.093323   4.242990   2.813865   2.432318
    16  C    3.742186   4.262899   3.753683   2.441603   1.425262
    17  H    4.077693   4.892066   4.629482   3.429616   2.175135
    18  H    5.849170   6.170546   5.343664   3.914535   3.435529
    19  H    1.100760   2.175134   3.429617   3.914526   3.435512
    20  H    2.150116   3.435527   3.914543   3.429618   2.175134
    21  H    8.157499   7.568146   6.182592   5.343650   6.170541
    22  H    7.236759   7.085550   5.887537   4.629462   4.892055
    23  C    2.493528   1.425261   2.441602   3.753678   4.262898
    24  C    3.742209   2.432318   2.813850   4.242976   5.093317
    25  C    4.262910   2.837797   2.457610   3.761778   4.915195
    26  H    2.713908   2.175160   3.429634   4.629500   4.892095
    27  H    4.641020   3.435530   3.914522   5.343652   6.170542
    28  C    5.687874   4.262912   3.753667   4.916820   6.180462
    29  C    6.481688   5.093328   4.242970   5.111896   6.487130
    30  C    6.180456   4.915197   3.761769   4.266905   5.675575
    31  H    6.300568   4.892074   4.629459   5.887529   7.085551
    32  H    7.568512   6.170552   5.343644   6.182582   7.568138
    33  C    7.484394   6.487132   5.111892   4.916810   6.180453
    34  H    8.526338   7.568157   6.182598   5.887541   7.085563
    35  C    7.358145   6.180470   4.916819   5.111897   6.487133
    36  H    8.323895   7.085581   5.887546   6.182593   7.568147
                    6          7          8          9         10
     6  C    0.000000
     7  C    4.242987   0.000000
     8  C    3.753678   2.858243   0.000000
     9  C    4.916833   2.475324   1.429123   0.000000
    10  C    5.111910   1.429129   2.475308   1.429125   0.000000
    11  C    6.180463   3.761792   2.457615   1.408662   2.457626
    12  C    6.481680   4.916831   2.813859   2.441600   3.753681
    13  C    5.687862   5.111909   2.441607   2.813863   4.242984
    14  C    4.262899   4.266918   1.408675   2.457624   3.761784
    15  C    3.742201   5.111909   2.441613   3.753682   4.916827
    16  C    2.493523   4.916825   2.813867   4.242984   5.111903
    17  H    2.713863   5.887541   3.914537   5.343659   6.182592
    18  H    4.641006   6.182597   3.429625   4.629480   5.887544
    19  H    2.150108   4.629478   5.343644   6.182594   5.887544
    20  H    1.100756   5.343659   4.629474   5.887546   6.182595
    21  H    7.568507   5.887546   3.914532   3.429609   4.629476
    22  H    6.300544   6.182593   3.429614   3.914532   5.343657
    23  C    3.742200   2.813872   4.916822   5.111919   4.242996
    24  C    4.864620   2.441597   5.111893   4.916828   3.753679
    25  C    5.093328   1.408661   4.266904   3.761785   2.457620
    26  H    4.077739   3.914549   5.887558   6.182620   5.343677
    27  H    5.849189   3.429609   6.182582   5.887544   4.629476
    28  C    6.481693   2.441598   5.111893   4.242982   2.813861
    29  C    7.056820   2.813858   4.916811   3.753672   2.441597
    30  C    6.487133   2.457614   3.761771   2.457616   1.408659
    31  H    7.236788   3.429603   6.182574   5.343648   3.914523
    32  H    8.157513   3.914527   5.887526   4.629467   3.429607
    33  C    7.358141   4.242976   3.753663   2.441586   2.813852
    34  H    8.323892   5.343669   4.629476   3.429614   3.914540
    35  C    7.484411   3.753678   4.242973   2.813855   2.441599
    36  H    8.526348   4.629491   5.343649   3.914527   3.429621
                   11         12         13         14         15
    11  C    0.000000
    12  C    1.425263   0.000000
    13  C    2.432314   1.368943   0.000000
    14  C    2.837788   2.432311   1.425263   0.000000
    15  C    4.262899   3.742193   2.493523   1.425261   0.000000
    16  C    5.093316   4.864607   3.742197   2.432312   1.368950
    17  H    6.170539   5.849173   4.641004   3.435522   2.150120
    18  H    4.892067   4.077700   2.713866   2.175136   1.100758
    19  H    7.568139   8.157498   7.568495   6.170530   5.849169
    20  H    7.085555   7.236775   6.300553   4.892062   4.077703
    21  H    2.175132   1.100761   2.150122   3.435528   4.641006
    22  H    3.435529   2.150124   1.100758   2.175127   2.713849
    23  C    6.487150   7.484416   7.358152   6.180463   6.481687
    24  C    6.180470   7.358150   7.484407   6.487131   7.056816
    25  C    4.915203   6.180467   6.487135   5.675579   6.487135
    26  H    7.568169   8.526359   8.323907   7.085581   7.236813
    27  H    7.085566   8.323888   8.526336   7.568140   8.157510
    28  C    5.093331   6.481694   7.056820   6.487135   7.484409
    29  C    4.262911   5.687875   6.481689   6.180462   7.358147
    30  C    2.837803   4.262917   5.093328   4.915198   6.180463
    31  H    6.170547   7.568510   8.157506   7.568135   8.526330
    32  H    4.892075   6.300569   7.236786   7.085556   8.323881
    33  C    1.425262   2.493538   3.742205   4.262900   5.687862
    34  H    2.175143   2.713882   4.077715   4.892077   6.300566
    35  C    2.432325   3.742215   4.864623   5.093325   6.481688
    36  H    3.435529   4.641012   5.849182   6.170545   7.568510
                   16         17         18         19         20
    16  C    0.000000
    17  H    1.100759   0.000000
    18  H    2.150123   2.491950   0.000000
    19  H    4.640991   4.790692   6.783925   0.000000
    20  H    2.713863   2.467747   4.790706   2.491938   0.000000
    21  H    5.849179   6.783937   4.790710   9.258173   8.297752
    22  H    4.077689   4.790691   2.467735   8.297732   6.766206
    23  C    5.687861   6.300554   7.568509   2.713869   4.641005
    24  C    6.481681   7.236781   8.157509   4.077720   5.849186
    25  C    6.180459   7.085556   7.568143   4.892082   6.170550
    26  H    6.300586   6.766253   8.297786   2.467794   4.790743
    27  H    7.568506   8.297757   9.258183   4.790730   6.783948
    28  C    7.358145   8.323882   8.526338   6.300576   7.568515
    29  C    7.484403   8.526331   8.323884   7.236794   8.157511
    30  C    6.487129   7.568137   7.085561   7.085556   7.568138
    31  H    8.323875   9.251692   9.581424   6.766243   8.297761
    32  H    8.526329   9.581423   9.251698   8.297769   9.258183
    33  C    6.481677   7.568501   6.300560   8.526325   8.323874
    34  H    7.236788   8.297762   6.766233   9.581434   9.251703
    35  C    7.056815   8.157508   7.236789   8.323886   8.526335
    36  H    8.157510   9.258183   8.297759   9.251718   9.581437
                   21         22         23         24         25
    21  H    0.000000
    22  H    2.491965   0.000000
    23  C    8.526345   8.323879   0.000000
    24  C    8.323886   8.526329   1.368962   0.000000
    25  C    7.085561   7.568140   2.432336   1.425267   0.000000
    26  H    9.581452   9.251715   1.100765   2.150125   3.435542
    27  H    9.251703   9.581424   2.150133   1.100760   2.175137
    28  C    7.236791   8.157513   3.742223   2.493534   1.425264
    29  C    6.300567   7.568514   4.864636   3.742208   2.432316
    30  C    4.892081   6.170554   5.093331   4.262899   2.837782
    31  H    8.297758   9.258178   4.077726   2.713874   2.175131
    32  H    6.766232   8.297764   5.849204   4.641016   3.435527
    33  C    2.713876   4.641021   7.056824   6.481683   5.093316
    34  H    2.467758   4.790729   8.157534   7.568524   6.170557
    35  C    4.077716   5.849196   6.481703   5.687871   4.262904
    36  H    4.790705   6.783946   7.236822   6.300588   4.892092
                   26         27         28         29         30
    26  H    0.000000
    27  H    2.491945   0.000000
    28  C    4.641021   2.713873   0.000000
    29  C    5.849196   4.077712   1.368949   0.000000
    30  C    6.170555   4.892065   2.432311   1.425258   0.000000
    31  H    4.790717   2.467761   1.100751   2.150117   3.435515
    32  H    6.783954   4.790719   2.150122   1.100758   2.175131
    33  C    8.157523   7.236782   4.864615   3.742200   2.432320
    34  H    9.258214   8.297774   5.849198   4.641023   3.435548
    35  C    7.568528   6.300566   3.742205   2.493529   1.425272
    36  H    8.297795   6.766257   4.077734   2.713894   2.175159
                   31         32         33         34         35
    31  H    0.000000
    32  H    2.491950   0.000000
    33  C    5.849175   4.077704   0.000000
    34  H    6.783950   4.790722   1.100776   0.000000
    35  C    4.641005   2.713866   1.368949   2.150134   0.000000
    36  H    4.790734   2.467778   2.150113   2.491942   1.100760
                   36
    36  H    0.000000
 This structure is nearly, but not quite of a higher symmetry.
 Consider Symm=Loose if the higher symmetry is desired.
 Stoichiometry    C24H12
 Framework group  C1[X(C24H12)]
 Deg. of freedom   102
 Full point group                 C1      NOp   1
 Largest Abelian subgroup         C1      NOp   1
 Largest concise Abelian subgroup C1      NOp   1
                         Standard orientation:                         
 ---------------------------------------------------------------------
 Center     Atomic      Atomic             Coordinates (Angstroms)
 Number     Number       Type             X           Y           Z
 ---------------------------------------------------------------------
      1          6           0       -0.666845    3.682303   -0.000568
      2          6           0       -1.407116    2.464366   -0.000568
      3          6           0       -0.708640    1.241056   -0.000568
      4          6           0        0.720474    1.234217   -0.000392
      5          6           0        1.430638    2.450777   -0.000504
      6          6           0        0.702079    3.675756   -0.000565
      7          6           0       -1.429114    0.006838   -0.000520
      8          6           0        1.429097   -0.006844   -0.000024
      9          6           0        0.708630   -1.241072    0.000370
     10          6           0       -0.720479   -1.234229    0.000080
     11          6           0        1.407125   -2.464361    0.001112
     12          6           0        2.832269   -2.445884    0.001264
     13          6           0        3.522403   -1.263632    0.000723
     14          6           0        2.837756   -0.013579    0.000187
     15          6           0        3.534335    1.229863   -0.000123
     16          6           0        2.855538    2.418668   -0.000429
     17          1           0        3.399307    3.375739   -0.000580
     18          1           0        4.634944    1.211711   -0.000054
     19          1           0       -1.223801    4.631762   -0.000574
     20          1           0        1.268108    4.619830   -0.000562
     21          1           0        3.366848   -3.408120    0.001776
     22          1           0        4.623134   -1.255996    0.000742
     23          6           0       -2.832258    2.445908   -0.000751
     24          6           0       -3.522400    1.263639   -0.001091
     25          6           0       -2.837758    0.013579   -0.000946
     26          1           0       -3.366868    3.408132   -0.000666
     27          1           0       -4.623133    1.256019   -0.001330
     28          6           0       -3.534337   -1.229866   -0.000913
     29          6           0       -2.855541   -2.418672   -0.000069
     30          6           0       -1.430645   -2.450775    0.000488
     31          1           0       -4.634937   -1.211713   -0.001410
     32          1           0       -3.399306   -3.375744    0.000181
     33          6           0        0.666858   -3.682300    0.001904
     34          1           0        1.223833   -4.631767    0.002911
     35          6           0       -0.702075   -3.675758    0.001496
     36          1           0       -1.268080   -4.619850    0.001943
 ---------------------------------------------------------------------
 Rotational constants (GHZ):      0.3345743      0.3345742      0.1672871
 Standard basis: 6-31++G(d,p) (6D, 7F)
 There are   528 symmetry adapted basis functions of A   symmetry.
 Integral buffers will be    262144 words long.
 Raffenetti 1 integral format.
 Two-electron integral symmetry is turned on.
   528 basis functions,   864 primitive gaussians,   528 cartesian basis functions
    78 alpha electrons       78 beta electrons
       nuclear repulsion energy      1832.6752430277 Hartrees.
 NAtoms=   36 NActive=   36 NUniq=   36 SFac= 7.50D-01 NAtFMM=   80 NAOKFM=F Big=F
 One-electron integrals computed using PRISM.
 NBasis=   528 RedAO= T  NBF=   528
 NBsUse=   509 1.00D-06 NBFU=   509
 Harris functional with IExCor=  205 diagonalized for initial guess.
 ExpMin= 3.60D-02 ExpMax= 3.05D+03 ExpMxC= 4.57D+02 IAcc=3 IRadAn=         0 AccDes= 0.00D+00
 HarFok:  IExCor=  205 AccDes= 0.00D+00 IRadAn=         0 IDoV= 1
 ScaDFX=  1.000000  1.000000  1.000000  1.000000
 FoFCou: FMM=F IPFlag=           0 FMFlag=      100000 FMFlg1=           0
         NFxFlg=           0 DoJE=T BraDBF=F KetDBF=T FulRan=T
         Omega=  0.000000  0.000000  1.000000  0.000000  0.000000 ICntrl=     500 IOpCl=  0
         NMat0=    1 NMatS0=    1 NMatT0=    0 NMatD0=    1 NMtDS0=    0 NMtDT0=    0
         I1Cent=           4 NGrid=           0.
 Petite list used in FoFCou.
 Initial guess orbital symmetries:
       Occupied  (A) (A) (A) (A) (A) (A) (A) (A) (A) (A) (A) (A)
                 (A) (A) (A) (A) (A) (A) (A) (A) (A) (A) (A) (A)
                 (A) (A) (A) (A) (A) (A) (A) (A) (A) (A) (A) (A)
                 (A) (A) (A) (A) (A) (A) (A) (A) (A) (A) (A) (A)
                 (A) (A) (A) (A) (A) (A) (A) (A) (A) (A) (A) (A)
                 (A) (A) (A) (A) (A) (A) (A) (A) (A) (A) (A) (A)
                 (A) (A) (A) (A) (A) (A)
       Virtual   (A) (A) (A) (A) (A) (A) (A) (A) (A) (A) (A) (A)
                 (A) (A) (A) (A) (A) (A) (A) (A) (A) (A) (A) (A)
                 (A) (A) (A) (A) (A) (A) (A) (A) (A) (A) (A) (A)
                 (A) (A) (A) (A) (A) (A) (A) (A) (A) (A) (A) (A)
                 (A) (A) (A) (A) (A) (A) (A) (A) (A) (A) (A) (A)
                 (A) (A) (A) (A) (A) (A) (A) (A) (A) (A) (A) (A)
                 (A) (A) (A) (A) (A) (A) (A) (A) (A) (A) (A) (A)
                 (A) (A) (A) (A) (A) (A) (A) (A) (A) (A) (A) (A)
                 (A) (A) (A) (A) (A) (A) (A) (A) (A) (A) (A) (A)
                 (A) (A) (A) (A) (A) (A) (A) (A) (A) (A) (A) (A)
                 (A) (A) (A) (A) (A) (A) (A) (A) (A) (A) (A) (A)
                 (A) (A) (A) (A) (A) (A) (A) (A) (A) (A) (A) (A)
                 (A) (A) (A) (A) (A) (A) (A) (A) (A) (A) (A) (A)
                 (A) (A) (A) (A) (A) (A) (A) (A) (A) (A) (A) (A)
                 (A) (A) (A) (A) (A) (A) (A) (A) (A) (A) (A) (A)
                 (A) (A) (A) (A) (A) (A) (A) (A) (A) (A) (A) (A)
                 (A) (A) (A) (A) (A) (A) (A) (A) (A) (A) (A) (A)
                 (A) (A) (A) (A) (A) (A) (A) (A) (A) (A) (A) (A)
                 (A) (A) (A) (A) (A) (A) (A) (A) (A) (A) (A) (A)
                 (A) (A) (A) (A) (A) (A) (A) (A) (A) (A) (A) (A)
                 (A) (A) (A) (A) (A) (A) (A) (A) (A) (A) (A) (A)
                 (A) (A) (A) (A) (A) (A) (A) (A) (A) (A) (A) (A)
                 (A) (A) (A) (A) (A) (A) (A) (A) (A) (A) (A) (A)
                 (A) (A) (A) (A) (A) (A) (A) (A) (A) (A) (A) (A)
                 (A) (A) (A) (A) (A) (A) (A) (A) (A) (A) (A) (A)
                 (A) (A) (A) (A) (A) (A) (A) (A) (A) (A) (A) (A)
                 (A) (A) (A) (A) (A) (A) (A) (A) (A) (A) (A) (A)
                 (A) (A) (A) (A) (A) (A) (A) (A) (A) (A) (A) (A)
                 (A) (A) (A) (A) (A) (A) (A) (A) (A) (A) (A) (A)
                 (A) (A) (A) (A) (A) (A) (A) (A) (A) (A) (A) (A)
                 (A) (A) (A) (A) (A) (A) (A) (A) (A) (A) (A) (A)
                 (A) (A) (A) (A) (A) (A) (A) (A) (A) (A) (A) (A)
                 (A) (A) (A) (A) (A) (A) (A) (A) (A) (A) (A) (A)
                 (A) (A) (A) (A) (A) (A) (A) (A) (A) (A) (A) (A)
                 (A) (A) (A) (A) (A) (A) (A) (A) (A) (A) (A) (A)
                 (A) (A) (A) (A) (A) (A) (A) (A) (A) (A) (A)
 The electronic state of the initial guess is 1-A.
 Requested convergence on RMS density matrix=1.00D-08 within 128 cycles.
 Requested convergence on MAX density matrix=1.00D-06.
 Requested convergence on             energy=1.00D-06.
 No special actions if energy rises.
 Initial convergence to 1.0D-05 achieved.  Increase integral accuracy.
 SCF Done:  E(RHF) =  -915.986680509     A.U. after   14 cycles
             Convg  =    0.2987D-08             -V/T =  2.0018

 **********************************************************************

            Population analysis using the SCF density.

 **********************************************************************

 Orbital symmetries:
       Occupied  (A) (A) (A) (A) (A) (A) (A) (A) (A) (A) (A) (A)
                 (A) (A) (A) (A) (A) (A) (A) (A) (A) (A) (A) (A)
                 (A) (A) (A) (A) (A) (A) (A) (A) (A) (A) (A) (A)
                 (A) (A) (A) (A) (A) (A) (A) (A) (A) (A) (A) (A)
                 (A) (A) (A) (A) (A) (A) (A) (A) (A) (A) (A) (A)
                 (A) (A) (A) (A) (A) (A) (A) (A) (A) (A) (A) (A)
                 (A) (A) (A) (A) (A) (A)
       Virtual   (A) (A) (A) (A) (A) (A) (A) (A) (A) (A) (A) (A)
                 (A) (A) (A) (A) (A) (A) (A) (A) (A) (A) (A) (A)
                 (A) (A) (A) (A) (A) (A) (A) (A) (A) (A) (A) (A)
                 (A) (A) (A) (A) (A) (A) (A) (A) (A) (A) (A) (A)
                 (A) (A) (A) (A) (A) (A) (A) (A) (A) (A) (A) (A)
                 (A) (A) (A) (A) (A) (A) (A) (A) (A) (A) (A) (A)
                 (A) (A) (A) (A) (A) (A) (A) (A) (A) (A) (A) (A)
                 (A) (A) (A) (A) (A) (A) (A) (A) (A) (A) (A) (A)
                 (A) (A) (A) (A) (A) (A) (A) (A) (A) (A) (A) (A)
                 (A) (A) (A) (A) (A) (A) (A) (A) (A) (A) (A) (A)
                 (A) (A) (A) (A) (A) (A) (A) (A) (A) (A) (A) (A)
                 (A) (A) (A) (A) (A) (A) (A) (A) (A) (A) (A) (A)
                 (A) (A) (A) (A) (A) (A) (A) (A) (A) (A) (A) (A)
                 (A) (A) (A) (A) (A) (A) (A) (A) (A) (A) (A) (A)
                 (A) (A) (A) (A) (A) (A) (A) (A) (A) (A) (A) (A)
                 (A) (A) (A) (A) (A) (A) (A) (A) (A) (A) (A) (A)
                 (A) (A) (A) (A) (A) (A) (A) (A) (A) (A) (A) (A)
                 (A) (A) (A) (A) (A) (A) (A) (A) (A) (A) (A) (A)
                 (A) (A) (A) (A) (A) (A) (A) (A) (A) (A) (A) (A)
                 (A) (A) (A) (A) (A) (A) (A) (A) (A) (A) (A) (A)
                 (A) (A) (A) (A) (A) (A) (A) (A) (A) (A) (A) (A)
                 (A) (A) (A) (A) (A) (A) (A) (A) (A) (A) (A) (A)
                 (A) (A) (A) (A) (A) (A) (A) (A) (A) (A) (A) (A)
                 (A) (A) (A) (A) (A) (A) (A) (A) (A) (A) (A) (A)
                 (A) (A) (A) (A) (A) (A) (A) (A) (A) (A) (A) (A)
                 (A) (A) (A) (A) (A) (A) (A) (A) (A) (A) (A) (A)
                 (A) (A) (A) (A) (A) (A) (A) (A) (A) (A) (A) (A)
                 (A) (A) (A) (A) (A) (A) (A) (A) (A) (A) (A) (A)
                 (A) (A) (A) (A) (A) (A) (A) (A) (A) (A) (A) (A)
                 (A) (A) (A) (A) (A) (A) (A) (A) (A) (A) (A) (A)
                 (A) (A) (A) (A) (A) (A) (A) (A) (A) (A) (A) (A)
                 (A) (A) (A) (A) (A) (A) (A) (A) (A) (A) (A) (A)
                 (A) (A) (A) (A) (A) (A) (A) (A) (A) (A) (A) (A)
                 (A) (A) (A) (A) (A) (A) (A) (A) (A) (A) (A) (A)
                 (A) (A) (A) (A) (A) (A) (A) (A) (A) (A) (A) (A)
                 (A) (A) (A) (A) (A) (A) (A) (A) (A) (A) (A)
 The electronic state is 1-A.
 Alpha  occ. eigenvalues --  -11.25569 -11.25529 -11.25529 -11.25463 -11.25463
 Alpha  occ. eigenvalues --  -11.25445 -11.25391 -11.25384 -11.25384 -11.25351
 Alpha  occ. eigenvalues --  -11.25351 -11.25319 -11.25002 -11.24999 -11.24999
 Alpha  occ. eigenvalues --  -11.24992 -11.24992 -11.24989 -11.24865 -11.24862
 Alpha  occ. eigenvalues --  -11.24862 -11.24857 -11.24857 -11.24854  -1.22098
 Alpha  occ. eigenvalues --   -1.17514  -1.17513  -1.11511  -1.11511  -1.09244
 Alpha  occ. eigenvalues --   -1.05367  -1.03750  -1.01616  -1.01616  -0.97475
 Alpha  occ. eigenvalues --   -0.97475  -0.86619  -0.86619  -0.86602  -0.86601
 Alpha  occ. eigenvalues --   -0.85095  -0.77601  -0.76816  -0.73989  -0.73989
 Alpha  occ. eigenvalues --   -0.72569  -0.70720  -0.65249  -0.65249  -0.63760
 Alpha  occ. eigenvalues --   -0.63760  -0.63476  -0.63476  -0.59592  -0.58907
 Alpha  occ. eigenvalues --   -0.58907  -0.58414  -0.58083  -0.56913  -0.56913
 Alpha  occ. eigenvalues --   -0.53433  -0.52911  -0.52416  -0.52416  -0.51664
 Alpha  occ. eigenvalues --   -0.51355  -0.51355  -0.46309  -0.46309  -0.44862
 Alpha  occ. eigenvalues --   -0.44862  -0.42345  -0.36730  -0.35064  -0.33453
 Alpha  occ. eigenvalues --   -0.33453  -0.26246  -0.26246
 Alpha virt. eigenvalues --    0.03918   0.04398   0.04398   0.05416   0.05416
 Alpha virt. eigenvalues --    0.05553   0.05553   0.06787   0.06901   0.08694
 Alpha virt. eigenvalues --    0.08694   0.09617   0.09617   0.09760   0.11041
 Alpha virt. eigenvalues --    0.11161   0.11161   0.11622   0.11622   0.13019
 Alpha virt. eigenvalues --    0.13430   0.14298   0.14298   0.14467   0.14828
 Alpha virt. eigenvalues --    0.14828   0.16437   0.16437   0.16606   0.16822
 Alpha virt. eigenvalues --    0.17608   0.18045   0.18739   0.18739   0.19462
 Alpha virt. eigenvalues --    0.20143   0.20143   0.20252   0.20367   0.20367
 Alpha virt. eigenvalues --    0.20427   0.20695   0.20695   0.20730   0.21241
 Alpha virt. eigenvalues --    0.21241   0.21625   0.21625   0.22807   0.24390
 Alpha virt. eigenvalues --    0.24494   0.24891   0.24891   0.25551   0.25551
 Alpha virt. eigenvalues --    0.25975   0.25975   0.26759   0.26759   0.27787
 Alpha virt. eigenvalues --    0.28180   0.28180   0.28403   0.28403   0.29089
 Alpha virt. eigenvalues --    0.29583   0.29583   0.30041   0.30218   0.30528
 Alpha virt. eigenvalues --    0.31242   0.31242   0.32492   0.33042   0.33043
 Alpha virt. eigenvalues --    0.33801   0.33827   0.34348   0.34348   0.37344
 Alpha virt. eigenvalues --    0.37345   0.37479   0.37479   0.38483   0.38483
 Alpha virt. eigenvalues --    0.38796   0.39136   0.39136   0.40994   0.40994
 Alpha virt. eigenvalues --    0.41264   0.41264   0.41809   0.42968   0.42969
 Alpha virt. eigenvalues --    0.43697   0.43759   0.44121   0.44276   0.44617
 Alpha virt. eigenvalues --    0.44617   0.44924   0.44924   0.45319   0.45998
 Alpha virt. eigenvalues --    0.46454   0.46454   0.47370   0.47370   0.48451
 Alpha virt. eigenvalues --    0.48451   0.48804   0.49288   0.51018   0.51771
 Alpha virt. eigenvalues --    0.51771   0.52374   0.52375   0.52385   0.52522
 Alpha virt. eigenvalues --    0.52522   0.55941   0.56844   0.56844   0.59053
 Alpha virt. eigenvalues --    0.63137   0.63137   0.64237   0.64237   0.65236
 Alpha virt. eigenvalues --    0.68992   0.71341   0.74699   0.74699   0.76910
 Alpha virt. eigenvalues --    0.76910   0.79704   0.83427   0.85533   0.85533
 Alpha virt. eigenvalues --    0.86169   0.87531   0.87885   0.87885   0.90069
 Alpha virt. eigenvalues --    0.90069   0.92592   0.92592   0.94098   0.94588
 Alpha virt. eigenvalues --    0.94588   0.95106   0.95701   0.95748   0.95748
 Alpha virt. eigenvalues --    0.96467   0.97612   0.98844   0.99550   0.99550
 Alpha virt. eigenvalues --    1.00081   1.00147   1.00148   1.00233   1.00233
 Alpha virt. eigenvalues --    1.00273   1.00341   1.00341   1.01466   1.04395
 Alpha virt. eigenvalues --    1.04395   1.06005   1.06005   1.06020   1.06020
 Alpha virt. eigenvalues --    1.06474   1.06474   1.06632   1.08234   1.09330
 Alpha virt. eigenvalues --    1.11726   1.11726   1.16268   1.16268   1.16505
 Alpha virt. eigenvalues --    1.18928   1.18928   1.19417   1.19417   1.20281
 Alpha virt. eigenvalues --    1.22485   1.22485   1.22961   1.23145   1.25711
 Alpha virt. eigenvalues --    1.25711   1.27277   1.27353   1.27353   1.27782
 Alpha virt. eigenvalues --    1.28670   1.29186   1.32778   1.32778   1.34608
 Alpha virt. eigenvalues --    1.36791   1.36791   1.38806   1.40334   1.40334
 Alpha virt. eigenvalues --    1.42003   1.42914   1.42914   1.44059   1.44208
 Alpha virt. eigenvalues --    1.45178   1.46286   1.46286   1.47264   1.48276
 Alpha virt. eigenvalues --    1.48276   1.49407   1.49407   1.49682   1.49682
 Alpha virt. eigenvalues --    1.51336   1.51336   1.51423   1.54120   1.54120
 Alpha virt. eigenvalues --    1.55805   1.57822   1.57822   1.61019   1.61019
 Alpha virt. eigenvalues --    1.61147   1.61361   1.61361   1.61899   1.61899
 Alpha virt. eigenvalues --    1.62345   1.63366   1.64061   1.66421   1.68111
 Alpha virt. eigenvalues --    1.68111   1.68157   1.68157   1.73041   1.73443
 Alpha virt. eigenvalues --    1.76646   1.76956   1.76956   1.79977   1.79978
 Alpha virt. eigenvalues --    1.81620   1.81620   1.92175   1.92175   1.93544
 Alpha virt. eigenvalues --    1.93544   1.97923   1.98652   1.99830   2.05501
 Alpha virt. eigenvalues --    2.05983   2.05983   2.09605   2.09768   2.11388
 Alpha virt. eigenvalues --    2.11389   2.11443   2.11443   2.11970   2.11970
 Alpha virt. eigenvalues --    2.15883   2.15883   2.19541   2.19937   2.20728
 Alpha virt. eigenvalues --    2.20728   2.21983   2.21983   2.22278   2.22479
 Alpha virt. eigenvalues --    2.22480   2.22755   2.24036   2.24784   2.24784
 Alpha virt. eigenvalues --    2.25396   2.25396   2.25997   2.30136   2.30686
 Alpha virt. eigenvalues --    2.31399   2.31399   2.33301   2.33301   2.34603
 Alpha virt. eigenvalues --    2.35971   2.38752   2.38752   2.43276   2.43276
 Alpha virt. eigenvalues --    2.49406   2.49406   2.52844   2.52848   2.52848
 Alpha virt. eigenvalues --    2.53648   2.54543   2.54543   2.55450   2.58877
 Alpha virt. eigenvalues --    2.58877   2.61094   2.61094   2.61780   2.62852
 Alpha virt. eigenvalues --    2.62852   2.65534   2.66264   2.68592   2.68593
 Alpha virt. eigenvalues --    2.69658   2.69659   2.70593   2.70593   2.71261
 Alpha virt. eigenvalues --    2.72567   2.72653   2.72653   2.77483   2.77969
 Alpha virt. eigenvalues --    2.78096   2.78096   2.79380   2.79380   2.79496
 Alpha virt. eigenvalues --    2.83903   2.87740   2.87836   2.88024   2.88024
 Alpha virt. eigenvalues --    2.89213   2.89213   2.90112   2.90112   2.91773
 Alpha virt. eigenvalues --    2.91773   2.91827   2.93895   2.95841   2.95841
 Alpha virt. eigenvalues --    3.00629   3.00630   3.00769   3.00769   3.01193
 Alpha virt. eigenvalues --    3.01194   3.04456   3.06539   3.06739   3.09979
 Alpha virt. eigenvalues --    3.10624   3.10754   3.10804   3.10804   3.16519
 Alpha virt. eigenvalues --    3.16519   3.17391   3.17391   3.19463   3.21761
 Alpha virt. eigenvalues --    3.21762   3.32876   3.32876   3.34827   3.34827
 Alpha virt. eigenvalues --    3.35670   3.36521   3.49364   3.50045   3.50045
 Alpha virt. eigenvalues --    3.51795   3.51796   3.54246   3.55814   3.55814
 Alpha virt. eigenvalues --    3.61200   3.64323   3.64655   3.64656   3.68424
 Alpha virt. eigenvalues --    3.68425   3.69975   3.70268   3.70268   3.72953
 Alpha virt. eigenvalues --    3.85849   4.04950   4.04951   4.09730   4.13136
 Alpha virt. eigenvalues --    4.13136   4.27194   4.67152   4.71991   4.71991
 Alpha virt. eigenvalues --    4.74865   4.75879   4.76775   4.76775   4.80591
 Alpha virt. eigenvalues --    4.80591   4.81088   4.83388   4.83388   4.88430
 Alpha virt. eigenvalues --    4.88430   4.93604   4.93663   4.93663   4.94755
 Alpha virt. eigenvalues --    5.01498   5.07382   5.07382   5.27104   5.27104
 Alpha virt. eigenvalues --    5.50777
          Condensed to atoms (all electrons):
              1          2          3          4          5          6
     1  C    6.174070   0.251964  -0.098209   0.017573  -0.480852   1.125964
     2  C    0.251964   7.424878  -1.470561  -1.006447   1.069419  -0.480952
     3  C   -0.098209  -1.470561   7.496703   1.422643  -1.006529   0.017668
     4  C    0.017573  -1.006447   1.422643   7.496626  -1.470583  -0.098060
     5  C   -0.480852   1.069419  -1.006529  -1.470583   7.424977   0.251860
     6  C    1.125964  -0.480952   0.017668  -0.098060   0.251860   6.174069
     7  C   -0.136251  -1.006419   1.422575   0.916622  -0.661657  -0.157209
     8  C   -0.157238  -0.661600   0.916591   1.422570  -1.006397  -0.136184
     9  C   -0.001143  -0.379363   0.177049   0.916662  -0.661665  -0.019770
    10  C   -0.019794  -0.661672   0.916627   0.177060  -0.379359  -0.001130
    11  C   -0.005055   0.417242  -0.379306  -0.661621   0.569604   0.024834
    12  C   -0.017993  -0.005059  -0.001136  -0.157222  -0.050866  -0.028500
    13  C   -0.028500   0.024851  -0.019787  -0.136219  -0.016955  -0.041612
    14  C   -0.050851   0.569649  -0.661663  -1.006473   1.069401  -0.016987
    15  C    0.017137  -0.050849  -0.157243   0.017550  -0.480841  -0.129126
    16  C   -0.129119  -0.016941  -0.136260  -0.098207   0.251976  -0.378028
    17  H    0.027617   0.004028  -0.001353   0.023647  -0.094537   0.020931
    18  H    0.000586   0.000188   0.000165   0.019028  -0.014079   0.000488
    19  H    0.334703  -0.094531   0.023657   0.019033  -0.014084   0.024367
    20  H    0.024372  -0.014082   0.019031   0.023652  -0.094541   0.334708
    21  H   -0.000151  -0.000393   0.001270   0.000165   0.000188   0.000334
    22  H   -0.000614  -0.000694   0.002003  -0.001353   0.004027  -0.001524
    23  C   -0.378011   0.251989  -0.098190  -0.136241  -0.016930  -0.129129
    24  C   -0.129116  -0.480792   0.017566  -0.157242  -0.050850   0.017137
    25  C   -0.016944   1.069299  -1.006339  -0.661603   0.569610  -0.050883
    26  H    0.020931  -0.094536   0.023644  -0.001354   0.004027   0.027617
    27  H    0.000489  -0.014080   0.019029   0.000165   0.000188   0.000586
    28  C   -0.041612  -0.016962  -0.136217  -0.019782   0.024846  -0.028502
    29  C   -0.028501  -0.050868  -0.157218  -0.001140  -0.005062  -0.017993
    30  C    0.024856   0.569599  -0.661585  -0.379311   0.417236  -0.005069
    31  H   -0.001524   0.004025  -0.001352   0.002003  -0.000694  -0.000614
    32  H    0.000334   0.000188   0.000165   0.001269  -0.000393  -0.000151
    33  C    0.006069  -0.005050  -0.001156  -0.019801   0.024864   0.006335
    34  H    0.000195  -0.000393   0.001269   0.002003  -0.000694  -0.000026
    35  C    0.006335   0.024844  -0.019785  -0.001136  -0.005061   0.006070
    36  H   -0.000026  -0.000694   0.002003   0.001269  -0.000393   0.000195
              7          8          9         10         11         12
     1  C   -0.136251  -0.157238  -0.001143  -0.019794  -0.005055  -0.017993
     2  C   -1.006419  -0.661600  -0.379363  -0.661672   0.417242  -0.005059
     3  C    1.422575   0.916591   0.177049   0.916627  -0.379306  -0.001136
     4  C    0.916622   1.422570   0.916662   0.177060  -0.661621  -0.157222
     5  C   -0.661657  -1.006397  -0.661665  -0.379359   0.569604  -0.050866
     6  C   -0.157209  -0.136184  -0.019770  -0.001130   0.024834  -0.028500
     7  C    7.496607   0.177003   0.916636   1.422599  -0.661596  -0.019777
     8  C    0.177003   7.496662   1.422645   0.916591  -1.006402   0.017599
     9  C    0.916636   1.422645   7.496670   1.422551  -1.470452  -0.098136
    10  C    1.422599   0.916591   1.422551   7.496568  -1.006276  -0.136207
    11  C   -0.661596  -1.006402  -1.470452  -1.006276   7.424741   0.251918
    12  C   -0.019777   0.017599  -0.098136  -0.136207   0.251918   6.174048
    13  C   -0.001137  -0.098150   0.017621  -0.157222  -0.480890   1.125938
    14  C   -0.379366  -1.470603  -1.006531  -0.661655   1.069375  -0.480885
    15  C   -0.001144  -0.098200  -0.136241  -0.019789  -0.016938  -0.129114
    16  C   -0.019793   0.017574  -0.157235  -0.001147  -0.050854   0.017141
    17  H    0.002003   0.019028   0.000165   0.001269   0.000188   0.000586
    18  H    0.001269   0.023649  -0.001353   0.002003   0.004027   0.027617
    19  H   -0.001352   0.000165   0.001270   0.002004  -0.000393  -0.000151
    20  H    0.000165  -0.001352   0.002004   0.001270  -0.000694  -0.000614
    21  H    0.002003   0.019032   0.023652  -0.001353  -0.094543   0.334704
    22  H    0.001270   0.023652   0.019030   0.000165  -0.014083   0.024371
    23  C    0.017569  -0.019786  -0.001147  -0.157246  -0.005056   0.006069
    24  C   -0.098229  -0.001144  -0.019796  -0.136266   0.024855   0.006335
    25  C   -1.470451  -0.379287  -0.661637  -1.006419   0.569572   0.024842
    26  H    0.019026   0.002003   0.001269   0.000165  -0.000393   0.000195
    27  H    0.023648   0.001269   0.002003  -0.001352  -0.000694  -0.000026
    28  C   -0.098150  -0.001136  -0.157230   0.017596  -0.050860  -0.028500
    29  C    0.017622  -0.019785  -0.136225  -0.098134  -0.016973  -0.041614
    30  C   -1.006370  -0.661574  -1.006372  -1.470428   1.069205  -0.016968
    31  H    0.023652   0.001269   0.000165   0.019031   0.000188   0.000334
    32  H    0.019029   0.002003  -0.001353   0.023650   0.004027  -0.001524
    33  C   -0.157252  -0.136285  -0.098266   0.017525   0.252026  -0.378008
    34  H    0.000165  -0.001354   0.023649   0.019027  -0.094534   0.020934
    35  C   -0.136212  -0.157239   0.017605  -0.098155  -0.480879  -0.129118
    36  H   -0.001353   0.000165   0.019028   0.023645  -0.014072   0.000489
             13         14         15         16         17         18
     1  C   -0.028500  -0.050851   0.017137  -0.129119   0.027617   0.000586
     2  C    0.024851   0.569649  -0.050849  -0.016941   0.004028   0.000188
     3  C   -0.019787  -0.661663  -0.157243  -0.136260  -0.001353   0.000165
     4  C   -0.136219  -1.006473   0.017550  -0.098207   0.023647   0.019028
     5  C   -0.016955   1.069401  -0.480841   0.251976  -0.094537  -0.014079
     6  C   -0.041612  -0.016987  -0.129126  -0.378028   0.020931   0.000488
     7  C   -0.001137  -0.379366  -0.001144  -0.019793   0.002003   0.001269
     8  C   -0.098150  -1.470603  -0.098200   0.017574   0.019028   0.023649
     9  C    0.017621  -1.006531  -0.136241  -0.157235   0.000165  -0.001353
    10  C   -0.157222  -0.661655  -0.019789  -0.001147   0.001269   0.002003
    11  C   -0.480890   1.069375  -0.016938  -0.050854   0.000188   0.004027
    12  C    1.125938  -0.480885  -0.129114   0.017141   0.000586   0.027617
    13  C    6.174040   0.251932  -0.378008  -0.129111   0.000488   0.020930
    14  C    0.251932   7.425012   0.251975  -0.480834  -0.014080  -0.094538
    15  C   -0.378008   0.251975   6.174037   1.125959   0.024370   0.334704
    16  C   -0.129111  -0.480834   1.125959   6.174064   0.334704   0.024371
    17  H    0.000488  -0.014080   0.024370   0.334704   0.526255   0.004125
    18  H    0.020930  -0.094538   0.334704   0.024371   0.004125   0.526252
    19  H    0.000334   0.000188   0.000585   0.000486  -0.000186  -0.000032
    20  H   -0.001524   0.004026   0.027616   0.020929  -0.005387  -0.000186
    21  H    0.024376  -0.014082   0.000488   0.000585  -0.000032  -0.000186
    22  H    0.334709  -0.094542   0.020929   0.027617  -0.000186  -0.005387
    23  C    0.006335   0.024852  -0.028500  -0.041614  -0.001524   0.000334
    24  C    0.006069  -0.005053  -0.017993  -0.028502  -0.000614  -0.000151
    25  C   -0.005062   0.417260  -0.005054   0.024853  -0.000694  -0.000393
    26  H   -0.000026  -0.000694  -0.000614  -0.001524   0.000055  -0.000005
    27  H    0.000195  -0.000393  -0.000151   0.000334  -0.000005   0.000001
    28  C   -0.017993  -0.005060   0.006069   0.006335  -0.000026   0.000195
    29  C   -0.028502   0.024844   0.006335   0.006069   0.000195  -0.000026
    30  C   -0.050873   0.569615   0.024853  -0.005055  -0.000393  -0.000694
    31  H   -0.000151  -0.000393   0.000195  -0.000026   0.000005   0.000001
    32  H   -0.000614  -0.000694  -0.000026   0.000195   0.000001   0.000005
    33  C   -0.129127  -0.016905  -0.041608  -0.028500   0.000334  -0.001524
    34  H    0.027619   0.004028  -0.001524  -0.000614  -0.000005   0.000055
    35  C    0.017142  -0.050860  -0.028501  -0.017994  -0.000151  -0.000614
    36  H    0.000586   0.000188   0.000334  -0.000151   0.000001  -0.000005
             19         20         21         22         23         24
     1  C    0.334703   0.024372  -0.000151  -0.000614  -0.378011  -0.129116
     2  C   -0.094531  -0.014082  -0.000393  -0.000694   0.251989  -0.480792
     3  C    0.023657   0.019031   0.001270   0.002003  -0.098190   0.017566
     4  C    0.019033   0.023652   0.000165  -0.001353  -0.136241  -0.157242
     5  C   -0.014084  -0.094541   0.000188   0.004027  -0.016930  -0.050850
     6  C    0.024367   0.334708   0.000334  -0.001524  -0.129129   0.017137
     7  C   -0.001352   0.000165   0.002003   0.001270   0.017569  -0.098229
     8  C    0.000165  -0.001352   0.019032   0.023652  -0.019786  -0.001144
     9  C    0.001270   0.002004   0.023652   0.019030  -0.001147  -0.019796
    10  C    0.002004   0.001270  -0.001353   0.000165  -0.157246  -0.136266
    11  C   -0.000393  -0.000694  -0.094543  -0.014083  -0.005056   0.024855
    12  C   -0.000151  -0.000614   0.334704   0.024371   0.006069   0.006335
    13  C    0.000334  -0.001524   0.024376   0.334709   0.006335   0.006069
    14  C    0.000188   0.004026  -0.014082  -0.094542   0.024852  -0.005053
    15  C    0.000585   0.027616   0.000488   0.020929  -0.028500  -0.017993
    16  C    0.000486   0.020929   0.000585   0.027617  -0.041614  -0.028502
    17  H   -0.000186  -0.005387  -0.000032  -0.000186  -0.001524  -0.000614
    18  H   -0.000032  -0.000186  -0.000186  -0.005387   0.000334  -0.000151
    19  H    0.526255   0.004126   0.000001  -0.000005   0.020923   0.027615
    20  H    0.004126   0.526251  -0.000005   0.000055   0.000487   0.000585
    21  H    0.000001  -0.000005   0.526253   0.004126   0.000195  -0.000026
    22  H   -0.000005   0.000055   0.004126   0.526254  -0.000026   0.000195
    23  C    0.020923   0.000487   0.000195  -0.000026   6.174057   1.125960
    24  C    0.027615   0.000585  -0.000026   0.000195   1.125960   6.174063
    25  C    0.004027   0.000188  -0.000694  -0.000393  -0.480844   0.251987
    26  H   -0.005386  -0.000187   0.000001   0.000005   0.334697   0.024376
    27  H   -0.000186  -0.000032   0.000005   0.000001   0.024365   0.334706
    28  C   -0.001524   0.000334  -0.000614  -0.000151  -0.129124  -0.378025
    29  C   -0.000614  -0.000151  -0.001524   0.000334   0.017125  -0.129132
    30  C   -0.000694  -0.000393   0.004026   0.000188  -0.050861  -0.016943
    31  H    0.000055  -0.000005  -0.000005   0.000001   0.027615   0.020924
    32  H   -0.000005   0.000001   0.000055  -0.000005   0.000585   0.000488
    33  C    0.000195  -0.000026   0.020927   0.000488  -0.017993  -0.028503
    34  H    0.000001   0.000005  -0.005386  -0.000186  -0.000151   0.000334
    35  C   -0.000026   0.000195   0.027616   0.000586  -0.028504  -0.041616
    36  H    0.000005   0.000001  -0.000186  -0.000032  -0.000614  -0.001524
             25         26         27         28         29         30
     1  C   -0.016944   0.020931   0.000489  -0.041612  -0.028501   0.024856
     2  C    1.069299  -0.094536  -0.014080  -0.016962  -0.050868   0.569599
     3  C   -1.006339   0.023644   0.019029  -0.136217  -0.157218  -0.661585
     4  C   -0.661603  -0.001354   0.000165  -0.019782  -0.001140  -0.379311
     5  C    0.569610   0.004027   0.000188   0.024846  -0.005062   0.417236
     6  C   -0.050883   0.027617   0.000586  -0.028502  -0.017993  -0.005069
     7  C   -1.470451   0.019026   0.023648  -0.098150   0.017622  -1.006370
     8  C   -0.379287   0.002003   0.001269  -0.001136  -0.019785  -0.661574
     9  C   -0.661637   0.001269   0.002003  -0.157230  -0.136225  -1.006372
    10  C   -1.006419   0.000165  -0.001352   0.017596  -0.098134  -1.470428
    11  C    0.569572  -0.000393  -0.000694  -0.050860  -0.016973   1.069205
    12  C    0.024842   0.000195  -0.000026  -0.028500  -0.041614  -0.016968
    13  C   -0.005062  -0.000026   0.000195  -0.017993  -0.028502  -0.050873
    14  C    0.417260  -0.000694  -0.000393  -0.005060   0.024844   0.569615
    15  C   -0.005054  -0.000614  -0.000151   0.006069   0.006335   0.024853
    16  C    0.024853  -0.001524   0.000334   0.006335   0.006069  -0.005055
    17  H   -0.000694   0.000055  -0.000005  -0.000026   0.000195  -0.000393
    18  H   -0.000393  -0.000005   0.000001   0.000195  -0.000026  -0.000694
    19  H    0.004027  -0.005386  -0.000186  -0.001524  -0.000614  -0.000694
    20  H    0.000188  -0.000187  -0.000032   0.000334  -0.000151  -0.000393
    21  H   -0.000694   0.000001   0.000005  -0.000614  -0.001524   0.004026
    22  H   -0.000393   0.000005   0.000001  -0.000151   0.000334   0.000188
    23  C   -0.480844   0.334697   0.024365  -0.129124   0.017125  -0.050861
    24  C    0.251987   0.024376   0.334706  -0.378025  -0.129132  -0.016943
    25  C    7.424775  -0.014072  -0.094531   0.251937  -0.480866   1.069282
    26  H   -0.014072   0.526247   0.004125   0.000489   0.000585   0.000188
    27  H   -0.094531   0.004125   0.526256   0.020929   0.027615   0.004027
    28  C    0.251937   0.000489   0.020929   6.174033   1.125970  -0.480856
    29  C   -0.480866   0.000585   0.027615   1.125970   6.174032   0.251929
    30  C    1.069282   0.000188   0.004027  -0.480856   0.251929   7.424749
    31  H   -0.094534  -0.000186  -0.005387   0.334709   0.024371  -0.014081
    32  H   -0.014081  -0.000032  -0.000186   0.024369   0.334707  -0.094535
    33  C   -0.050847  -0.000151  -0.000614   0.017134  -0.129112  -0.480789
    34  H    0.000188   0.000001  -0.000005   0.000585   0.000488  -0.014081
    35  C   -0.016979   0.000334  -0.001524  -0.129132  -0.378014   0.251921
    36  H    0.004027  -0.000005   0.000055   0.027616   0.020928  -0.094532
             31         32         33         34         35         36
     1  C   -0.001524   0.000334   0.006069   0.000195   0.006335  -0.000026
     2  C    0.004025   0.000188  -0.005050  -0.000393   0.024844  -0.000694
     3  C   -0.001352   0.000165  -0.001156   0.001269  -0.019785   0.002003
     4  C    0.002003   0.001269  -0.019801   0.002003  -0.001136   0.001269
     5  C   -0.000694  -0.000393   0.024864  -0.000694  -0.005061  -0.000393
     6  C   -0.000614  -0.000151   0.006335  -0.000026   0.006070   0.000195
     7  C    0.023652   0.019029  -0.157252   0.000165  -0.136212  -0.001353
     8  C    0.001269   0.002003  -0.136285  -0.001354  -0.157239   0.000165
     9  C    0.000165  -0.001353  -0.098266   0.023649   0.017605   0.019028
    10  C    0.019031   0.023650   0.017525   0.019027  -0.098155   0.023645
    11  C    0.000188   0.004027   0.252026  -0.094534  -0.480879  -0.014072
    12  C    0.000334  -0.001524  -0.378008   0.020934  -0.129118   0.000489
    13  C   -0.000151  -0.000614  -0.129127   0.027619   0.017142   0.000586
    14  C   -0.000393  -0.000694  -0.016905   0.004028  -0.050860   0.000188
    15  C    0.000195  -0.000026  -0.041608  -0.001524  -0.028501   0.000334
    16  C   -0.000026   0.000195  -0.028500  -0.000614  -0.017994  -0.000151
    17  H    0.000005   0.000001   0.000334  -0.000005  -0.000151   0.000001
    18  H    0.000001   0.000005  -0.001524   0.000055  -0.000614  -0.000005
    19  H    0.000055  -0.000005   0.000195   0.000001  -0.000026   0.000005
    20  H   -0.000005   0.000001  -0.000026   0.000005   0.000195   0.000001
    21  H   -0.000005   0.000055   0.020927  -0.005386   0.027616  -0.000186
    22  H    0.000001  -0.000005   0.000488  -0.000186   0.000586  -0.000032
    23  C    0.027615   0.000585  -0.017993  -0.000151  -0.028504  -0.000614
    24  C    0.020924   0.000488  -0.028503   0.000334  -0.041616  -0.001524
    25  C   -0.094534  -0.014081  -0.050847   0.000188  -0.016979   0.004027
    26  H   -0.000186  -0.000032  -0.000151   0.000001   0.000334  -0.000005
    27  H   -0.005387  -0.000186  -0.000614  -0.000005  -0.001524   0.000055
    28  C    0.334709   0.024369   0.017134   0.000585  -0.129132   0.027616
    29  C    0.024371   0.334707  -0.129112   0.000488  -0.378014   0.020928
    30  C   -0.014081  -0.094535  -0.480789  -0.014081   0.251921  -0.094532
    31  H    0.526254   0.004125   0.000585  -0.000032   0.000487  -0.000186
    32  H    0.004125   0.526251   0.027617  -0.000186   0.020930  -0.005387
    33  C    0.000585   0.027617   6.174065   0.334698   1.125957   0.024373
    34  H   -0.000032  -0.000186   0.334698   0.526254   0.024368   0.004125
    35  C    0.000487   0.020930   1.125957   0.024368   6.174102   0.334697
    36  H   -0.000186  -0.005387   0.024373   0.004125   0.334697   0.526251
 Mulliken atomic charges:
              1
     1  C   -0.311692
     2  C    0.830778
     3  C   -0.465770
     4  C   -0.465746
     5  C    0.830801
     6  C   -0.311716
     7  C   -0.465747
     8  C   -0.465757
     9  C   -0.465760
    10  C   -0.465742
    11  C    0.830761
    12  C   -0.311705
    13  C   -0.311704
    14  C    0.830797
    15  C   -0.311676
    16  C   -0.311686
    17  H    0.129176
    18  H    0.129178
    19  H    0.129175
    20  H    0.129178
    21  H    0.129177
    22  H    0.129176
    23  C   -0.311667
    24  C   -0.311676
    25  C    0.830758
    26  H    0.129183
    27  H    0.129173
    28  C   -0.311692
    29  C   -0.311698
    30  C    0.830778
    31  H    0.129174
    32  H    0.129178
    33  C   -0.311675
    34  H    0.129178
    35  C   -0.311689
    36  H    0.129178
 Sum of Mulliken atomic charges =   0.00000
 Mulliken charges with hydrogens summed into heavy atoms:
              1
     1  C   -0.182518
     2  C    0.830778
     3  C   -0.465770
     4  C   -0.465746
     5  C    0.830801
     6  C   -0.182537
     7  C   -0.465747
     8  C   -0.465757
     9  C   -0.465760
    10  C   -0.465742
    11  C    0.830761
    12  C   -0.182528
    13  C   -0.182528
    14  C    0.830797
    15  C   -0.182498
    16  C   -0.182510
    23  C   -0.182484
    24  C   -0.182503
    25  C    0.830758
    28  C   -0.182517
    29  C   -0.182520
    30  C    0.830778
    33  C   -0.182497
    35  C   -0.182511
 Sum of Mulliken charges with hydrogens summed into heavy atoms =   0.00000
 Electronic spatial extent (au):  <R**2>=           6170.3976
 Charge=              0.0000 electrons
 Dipole moment (field-independent basis, Debye):
    X=              0.0000    Y=              0.0000    Z=              0.0009  Tot=              0.0009
 Quadrupole moment (field-independent basis, Debye-Ang):
   XX=           -118.7671   YY=           -118.7673   ZZ=           -150.3021
   XY=              0.0002   XZ=              0.0050   YZ=             -0.0094
 Traceless Quadrupole moment (field-independent basis, Debye-Ang):
   XX=             10.5117   YY=             10.5116   ZZ=            -21.0233
   XY=              0.0002   XZ=              0.0050   YZ=             -0.0094
 Octapole moment (field-independent basis, Debye-Ang**2):
  XXX=              0.0001  YYY=              0.0008  ZZZ=              0.0005  XYY=             -0.0003
  XXY=              0.0005  XXZ=             -0.0096  XZZ=              0.0002  YZZ=              0.0000
  YYZ=              0.0419  XYZ=             -0.0122
 Hexadecapole moment (field-independent basis, Debye-Ang**3):
 XXXX=          -3867.2620 YYYY=          -3867.2645 ZZZZ=           -184.1631 XXXY=              0.0015
 XXXZ=             -0.2152 YYYX=              0.0045 YYYZ=              0.3309 ZZZX=             -0.4012
 ZZZY=              0.6737 XXYY=          -1289.0883 XXZZ=           -858.0999 YYZZ=           -858.0995
 XXYZ=              0.1400 YYXZ=             -0.0841 ZZXY=              0.0005
 N-N= 1.832675243028D+03 E-N=-5.796577778788D+03  KE= 9.143008218430D+02
 Calling FoFJK, ICntrl=      2127 FMM=F ISym2X=0 I1Cent= 0 IOpClX= 0 NMat=1 NMatS=1 NMatT=0.
 ***** Axes restored to original set *****
 -------------------------------------------------------------------
 Center     Atomic                   Forces (Hartrees/Bohr)
 Number     Number              X              Y              Z
 -------------------------------------------------------------------
      1        6          -0.012878341   -0.003521261    0.000004876
      2        6           0.002965213    0.005349729   -0.000018143
      3        6          -0.001913254   -0.003435613    0.000015797
      4        6          -0.003927911   -0.000076620   -0.000001074
      5        6           0.006113787    0.000112892    0.000005681
      6        6          -0.009138562   -0.009720892   -0.000002004
      7        6           0.002025289   -0.003359474   -0.000002049
      8        6          -0.002031254    0.003375882    0.000005251
      9        6           0.001899475    0.003431564    0.000000909
     10        6           0.003923340    0.000067268   -0.000002275
     11        6          -0.002960864   -0.005350627    0.000019866
     12        6          -0.003845582    0.012780932   -0.000002850
     13        6           0.003391866    0.012905824    0.000006648
     14        6           0.003154400   -0.005242444   -0.000009989
     15        6          -0.012992562    0.003049538   -0.000001382
     16        6          -0.009479933    0.009396528    0.000001845
     17        1           0.017434536    0.001989617    0.000001950
     18        1           0.007561068   -0.015835060   -0.000000365
     19        1           0.006995127    0.016093498   -0.000000376
     20        1           0.017492831   -0.001370001   -0.000001973
     21        1          -0.009934706   -0.014466146   -0.000008021
     22        1           0.010441969   -0.014102210    0.000004128
     23        6           0.003869130   -0.012781496   -0.000009382
     24        6          -0.003405326   -0.012906102    0.000003500
     25        6          -0.003150902    0.005231753    0.000008401
     26        1           0.009932222    0.014471092   -0.000005812
     27        1          -0.010441484    0.014104275    0.000004185
     28        6           0.012991720   -0.003047303    0.000013159
     29        6           0.009479886   -0.009401795   -0.000011280
     30        6          -0.006104418   -0.000097679   -0.000003468
     31        1          -0.007558287    0.015830869    0.000011917
     32        1          -0.017434134   -0.001990129   -0.000007755
     33        6           0.012884036    0.003525014    0.000002026
     34        1          -0.006998564   -0.016103832   -0.000027939
     35        6           0.009135883    0.009725664    0.000007448
     36        1          -0.017495695    0.001366742   -0.000001448
 -------------------------------------------------------------------
 Cartesian Forces:  Max     0.017495695 RMS     0.007546350

 GradGradGradGradGradGradGradGradGradGradGradGradGradGradGradGradGradGrad
 Berny optimization.
 Internal  Forces:  Max     0.017496711 RMS     0.004846172
 Search for a local minimum.
 Step number   1 out of a maximum of  216
 All quantities printed in internal units (Hartrees-Bohrs-Radians)
 Mixed Optimization -- RFO/linear search
 Second derivative matrix not updated -- first step.
     Eigenvalues ---    0.01765   0.01766   0.01766   0.01778   0.01797
     Eigenvalues ---    0.01797   0.01798   0.01798   0.01802   0.01822
     Eigenvalues ---    0.01825   0.01833   0.01833   0.01836   0.01836
     Eigenvalues ---    0.02006   0.02006   0.02029   0.02054   0.02073
     Eigenvalues ---    0.02073   0.02077   0.02077   0.02094   0.02094
     Eigenvalues ---    0.02098   0.02109   0.02214   0.02230   0.02230
     Eigenvalues ---    0.02240   0.02244   0.02244   0.16000   0.16000
     Eigenvalues ---    0.16000   0.16000   0.16000   0.16000   0.16000
     Eigenvalues ---    0.16000   0.16000   0.16000   0.16000   0.16000
     Eigenvalues ---    0.22327   0.22527   0.22527   0.22631   0.22631
     Eigenvalues ---    0.22767   0.24301   0.24437   0.24437   0.24660
     Eigenvalues ---    0.24660   0.25000   0.25000   0.25000   0.25000
     Eigenvalues ---    0.31960   0.32130   0.32130   0.33596   0.33598
     Eigenvalues ---    0.33598   0.33598   0.33598   0.33598   0.33598
     Eigenvalues ---    0.33598   0.33598   0.33598   0.33599   0.33599
     Eigenvalues ---    0.36523   0.37574   0.37574   0.39649   0.39650
     Eigenvalues ---    0.39709   0.39994   0.39994   0.40531   0.41182
     Eigenvalues ---    0.41182   0.41467   0.41512   0.41513   0.41518
     Eigenvalues ---    0.42665   0.42814   0.42815   0.43085   0.43152
     Eigenvalues ---    0.43153   0.49148   0.49881   0.49881   0.49948
     Eigenvalues ---    0.49949   0.499741000.000001000.000001000.00000
     Eigenvalues --- 1000.000001000.000001000.000001000.000001000.00000
     Eigenvalues --- 1000.000001000.000001000.000001000.000001000.00000
     Eigenvalues --- 1000.000001000.000001000.000001000.000001000.00000
     Eigenvalues --- 1000.000001000.000001000.000001000.000001000.00000
     Eigenvalues --- 1000.000001000.000001000.000001000.000001000.00000
     Eigenvalues --- 1000.000001000.000001000.000001000.000001000.00000
     Eigenvalues --- 1000.000001000.000001000.000001000.000001000.00000
     Eigenvalues --- 1000.000001000.000001000.000001000.000001000.00000
     Eigenvalues --- 1000.000001000.000001000.000001000.000001000.00000
     Eigenvalues --- 1000.000001000.000001000.000001000.000001000.00000
     Eigenvalues --- 1000.000001000.000001000.000001000.000001000.00000
     Eigenvalues --- 1000.000001000.000001000.000001000.000001000.00000
     Eigenvalues --- 1000.000001000.000001000.000001000.000001000.00000
     Eigenvalues --- 1000.000001000.000001000.000001000.000001000.00000
     Eigenvalues --- 1000.000001000.000001000.000001000.000001000.00000
     Eigenvalues --- 1000.000001000.000001000.000001000.000001000.00000
     Eigenvalues --- 1000.000001000.000001000.000001000.000001000.00000
     Eigenvalues --- 1000.000001000.000001000.000001000.000001000.00000
     Eigenvalues --- 1000.000001000.000001000.000001000.000001000.00000
     Eigenvalues --- 1000.000001000.000001000.000001000.000001000.00000
     Eigenvalues --- 1000.000001000.000001000.000001000.000001000.00000
     Eigenvalues --- 1000.000001000.000001000.000001000.000001000.00000
     Eigenvalues --- 1000.000001000.000001000.000001000.000001000.00000
     Eigenvalues --- 1000.000001000.000001000.000001000.000001000.00000
     Eigenvalues --- 1000.000001000.000001000.000001000.000001000.00000
     Eigenvalues --- 1000.000001000.000001000.000001000.00000
 RFO step:  Lambda=-1.43529153D-02 EMin= 1.76464397D-02
 Linear search not attempted -- first point.
 Iteration  1 RMS(Cart)=  0.02046402 RMS(Int)=  0.00007719
 Iteration  2 RMS(Cart)=  0.00010939 RMS(Int)=  0.00000076
 Iteration  3 RMS(Cart)=  0.00000001 RMS(Int)=  0.00000076
 Variable       Old X    -DE/DX   Delta X   Delta X   Delta X     New X
                                 (Linear)    (Quad)   (Total)
    R1        2.69335  -0.00139   0.00000  -0.00391  -0.00391   2.68944
    R2        2.58692  -0.01412   0.00000  -0.02791  -0.02791   2.55901
    R3        2.08013  -0.01749   0.00000  -0.04991  -0.04991   2.03022
    R4        2.66200  -0.00830   0.00000  -0.01695  -0.01695   2.64505
    R5        2.69335  -0.00140   0.00000  -0.00392  -0.00391   2.68944
    R6        2.70066  -0.00437   0.00000  -0.00895  -0.00895   2.69172
    R7        2.70064  -0.00437   0.00000  -0.00893  -0.00893   2.69171
    R8        2.66200  -0.00830   0.00000  -0.01695  -0.01695   2.64505
    R9        2.70064  -0.00437   0.00000  -0.00893  -0.00893   2.69171
   R10        2.69336  -0.00139   0.00000  -0.00391  -0.00391   2.68945
   R11        2.69335  -0.00140   0.00000  -0.00392  -0.00392   2.68944
   R12        2.08013  -0.01748   0.00000  -0.04991  -0.04991   2.03022
   R13        2.70066  -0.00438   0.00000  -0.00895  -0.00895   2.69171
   R14        2.66198  -0.00829   0.00000  -0.01693  -0.01693   2.64506
   R15        2.70065  -0.00437   0.00000  -0.00894  -0.00894   2.69171
   R16        2.66201  -0.00831   0.00000  -0.01695  -0.01695   2.64506
   R17        2.70066  -0.00437   0.00000  -0.00894  -0.00894   2.69171
   R18        2.66199  -0.00830   0.00000  -0.01693  -0.01693   2.64505
   R19        2.66198  -0.00829   0.00000  -0.01693  -0.01693   2.64505
   R20        2.69336  -0.00140   0.00000  -0.00392  -0.00392   2.68944
   R21        2.69336  -0.00139   0.00000  -0.00391  -0.00391   2.68944
   R22        2.58693  -0.01412   0.00000  -0.02792  -0.02791   2.55901
   R23        2.08014  -0.01749   0.00000  -0.04991  -0.04991   2.03022
   R24        2.69336  -0.00139   0.00000  -0.00391  -0.00391   2.68944
   R25        2.08013  -0.01748   0.00000  -0.04991  -0.04991   2.03022
   R26        2.69335  -0.00140   0.00000  -0.00392  -0.00391   2.68944
   R27        2.58694  -0.01412   0.00000  -0.02792  -0.02792   2.55902
   R28        2.08013  -0.01749   0.00000  -0.04991  -0.04991   2.03022
   R29        2.08013  -0.01749   0.00000  -0.04991  -0.04991   2.03022
   R30        2.58696  -0.01414   0.00000  -0.02795  -0.02795   2.55901
   R31        2.08014  -0.01749   0.00000  -0.04992  -0.04992   2.03022
   R32        2.69336  -0.00140   0.00000  -0.00393  -0.00393   2.68944
   R33        2.08013  -0.01749   0.00000  -0.04991  -0.04991   2.03022
   R34        2.69336  -0.00140   0.00000  -0.00392  -0.00391   2.68944
   R35        2.58694  -0.01413   0.00000  -0.02793  -0.02793   2.55901
   R36        2.08012  -0.01748   0.00000  -0.04989  -0.04989   2.03022
   R37        2.69335  -0.00139   0.00000  -0.00390  -0.00390   2.68944
   R38        2.08013  -0.01749   0.00000  -0.04991  -0.04991   2.03022
   R39        2.69337  -0.00140   0.00000  -0.00393  -0.00393   2.68944
   R40        2.08017  -0.01750   0.00000  -0.04995  -0.04995   2.03022
   R41        2.58694  -0.01413   0.00000  -0.02793  -0.02793   2.55901
   R42        2.08014  -0.01749   0.00000  -0.04992  -0.04992   2.03022
    A1        2.11215   0.00062   0.00000   0.00131   0.00131   2.11346
    A2        2.06494   0.00122   0.00000   0.00814   0.00814   2.07308
    A3        2.10609  -0.00184   0.00000  -0.00945  -0.00945   2.09664
    A4        2.07665  -0.00063   0.00000  -0.00132  -0.00132   2.07533
    A5        2.12989   0.00125   0.00000   0.00263   0.00264   2.13252
    A6        2.07665  -0.00063   0.00000  -0.00132  -0.00132   2.07533
    A7        2.09438   0.00000   0.00000   0.00001   0.00001   2.09439
    A8        2.09441   0.00000   0.00000  -0.00001  -0.00001   2.09440
    A9        2.09439   0.00000   0.00000   0.00000   0.00000   2.09440
   A10        2.09439   0.00000   0.00000   0.00000   0.00000   2.09440
   A11        2.09439   0.00000   0.00000   0.00000   0.00000   2.09439
   A12        2.09440   0.00000   0.00000   0.00000   0.00000   2.09440
   A13        2.07666  -0.00063   0.00000  -0.00132  -0.00133   2.07533
   A14        2.07665  -0.00063   0.00000  -0.00132  -0.00132   2.07533
   A15        2.12988   0.00125   0.00000   0.00264   0.00264   2.13252
   A16        2.11213   0.00063   0.00000   0.00133   0.00133   2.11346
   A17        2.10611  -0.00185   0.00000  -0.00947  -0.00947   2.09664
   A18        2.06495   0.00122   0.00000   0.00814   0.00814   2.07308
   A19        2.09439   0.00000   0.00000   0.00000   0.00000   2.09440
   A20        2.09440   0.00000   0.00000   0.00000   0.00000   2.09440
   A21        2.09440   0.00000   0.00000   0.00000   0.00000   2.09439
   A22        2.09441   0.00000   0.00000  -0.00001  -0.00001   2.09440
   A23        2.09439   0.00000   0.00000   0.00001   0.00001   2.09439
   A24        2.09439   0.00000   0.00000   0.00000   0.00000   2.09439
   A25        2.09438   0.00000   0.00000   0.00001   0.00001   2.09439
   A26        2.09439   0.00000   0.00000   0.00000   0.00000   2.09440
   A27        2.09441   0.00000   0.00000  -0.00001  -0.00001   2.09440
   A28        2.09440   0.00000   0.00000   0.00000   0.00000   2.09440
   A29        2.09439   0.00000   0.00000   0.00000   0.00000   2.09439
   A30        2.09440   0.00000   0.00000   0.00000   0.00000   2.09440
   A31        2.07665  -0.00063   0.00000  -0.00132  -0.00132   2.07533
   A32        2.07663  -0.00062   0.00000  -0.00131  -0.00131   2.07533
   A33        2.12990   0.00125   0.00000   0.00263   0.00263   2.13252
   A34        2.11214   0.00063   0.00000   0.00131   0.00131   2.11346
   A35        2.06493   0.00122   0.00000   0.00815   0.00815   2.07308
   A36        2.10611  -0.00185   0.00000  -0.00946  -0.00946   2.09664
   A37        2.11214   0.00063   0.00000   0.00132   0.00132   2.11346
   A38        2.10612  -0.00185   0.00000  -0.00947  -0.00947   2.09664
   A39        2.06493   0.00122   0.00000   0.00815   0.00815   2.07308
   A40        2.07665  -0.00063   0.00000  -0.00132  -0.00132   2.07533
   A41        2.07666  -0.00063   0.00000  -0.00133  -0.00133   2.07533
   A42        2.12988   0.00125   0.00000   0.00264   0.00264   2.13252
   A43        2.11213   0.00063   0.00000   0.00132   0.00132   2.11346
   A44        2.06495   0.00122   0.00000   0.00814   0.00814   2.07309
   A45        2.10610  -0.00185   0.00000  -0.00946  -0.00946   2.09664
   A46        2.11214   0.00063   0.00000   0.00132   0.00132   2.11346
   A47        2.06494   0.00122   0.00000   0.00814   0.00814   2.07309
   A48        2.10610  -0.00185   0.00000  -0.00946  -0.00946   2.09664
   A49        2.11213   0.00063   0.00000   0.00133   0.00133   2.11346
   A50        2.06498   0.00122   0.00000   0.00812   0.00812   2.07309
   A51        2.10608  -0.00185   0.00000  -0.00945  -0.00945   2.09663
   A52        2.11215   0.00063   0.00000   0.00131   0.00131   2.11346
   A53        2.10610  -0.00185   0.00000  -0.00946  -0.00946   2.09664
   A54        2.06494   0.00122   0.00000   0.00815   0.00815   2.07309
   A55        2.07665  -0.00063   0.00000  -0.00132  -0.00132   2.07533
   A56        2.07665  -0.00063   0.00000  -0.00132  -0.00132   2.07533
   A57        2.12989   0.00125   0.00000   0.00263   0.00263   2.13252
   A58        2.11214   0.00063   0.00000   0.00132   0.00132   2.11346
   A59        2.06494   0.00122   0.00000   0.00814   0.00814   2.07309
   A60        2.10610  -0.00185   0.00000  -0.00946  -0.00946   2.09664
   A61        2.11214   0.00063   0.00000   0.00132   0.00132   2.11346
   A62        2.10610  -0.00185   0.00000  -0.00946  -0.00946   2.09664
   A63        2.06494   0.00122   0.00000   0.00814   0.00814   2.07309
   A64        2.07666  -0.00063   0.00000  -0.00132  -0.00132   2.07534
   A65        2.07665  -0.00063   0.00000  -0.00131  -0.00132   2.07533
   A66        2.12988   0.00125   0.00000   0.00264   0.00264   2.13252
   A67        2.06493   0.00122   0.00000   0.00815   0.00815   2.07309
   A68        2.11215   0.00062   0.00000   0.00131   0.00131   2.11346
   A69        2.10610  -0.00185   0.00000  -0.00946  -0.00946   2.09664
   A70        2.11213   0.00063   0.00000   0.00132   0.00132   2.11346
   A71        2.06497   0.00122   0.00000   0.00812   0.00812   2.07309
   A72        2.10609  -0.00185   0.00000  -0.00945  -0.00945   2.09664
    D1        0.00000   0.00000   0.00000   0.00002   0.00002   0.00002
    D2       -3.14144   0.00000   0.00000  -0.00005  -0.00005  -3.14150
    D3        3.14159   0.00000   0.00000   0.00002   0.00002  -3.14158
    D4        0.00015   0.00000   0.00000  -0.00005  -0.00005   0.00009
    D5       -0.00005   0.00000   0.00000   0.00002   0.00002  -0.00003
    D6       -3.14159   0.00000   0.00000  -0.00002  -0.00002   3.14157
    D7        3.14155   0.00000   0.00000   0.00002   0.00002   3.14157
    D8        0.00001   0.00000   0.00000  -0.00002  -0.00002  -0.00002
    D9        0.00014   0.00000   0.00000  -0.00010  -0.00010   0.00005
   D10        3.14155   0.00000   0.00000   0.00003   0.00003   3.14158
   D11        3.14159   0.00000   0.00000  -0.00002  -0.00002   3.14157
   D12       -0.00019   0.00000   0.00000   0.00010   0.00010  -0.00008
   D13        3.14130   0.00001   0.00000   0.00017   0.00017   3.14147
   D14       -0.00024   0.00000   0.00000   0.00010   0.00010  -0.00013
   D15       -0.00014   0.00000   0.00000   0.00010   0.00010  -0.00005
   D16        3.14151   0.00000   0.00000   0.00003   0.00003   3.14153
   D17       -0.00023   0.00000   0.00000   0.00013   0.00013  -0.00010
   D18        3.14130   0.00001   0.00000   0.00018   0.00018   3.14148
   D19        3.14154   0.00000   0.00000   0.00001   0.00001   3.14155
   D20       -0.00012   0.00000   0.00000   0.00006   0.00006  -0.00006
   D21       -3.14111  -0.00001   0.00000  -0.00027  -0.00027  -3.14138
   D22        0.00039  -0.00001   0.00000  -0.00022  -0.00022   0.00017
   D23        0.00030   0.00000   0.00000  -0.00015  -0.00015   0.00016
   D24       -3.14139   0.00000   0.00000  -0.00010  -0.00010  -3.14148
   D25        0.00018   0.00000   0.00000  -0.00009  -0.00009   0.00010
   D26       -3.14151   0.00000   0.00000  -0.00003  -0.00003  -3.14154
   D27       -3.14135   0.00000   0.00000  -0.00014  -0.00014  -3.14149
   D28        0.00015   0.00000   0.00000  -0.00008  -0.00008   0.00006
   D29       -0.00016   0.00000   0.00000   0.00006   0.00006  -0.00010
   D30       -3.14156   0.00000   0.00000  -0.00003  -0.00003   3.14159
   D31        3.14137   0.00000   0.00000   0.00011   0.00011   3.14148
   D32       -0.00003   0.00000   0.00000   0.00002   0.00002  -0.00001
   D33       -0.00005   0.00000   0.00000   0.00002   0.00002  -0.00003
   D34        3.14150   0.00000   0.00000   0.00006   0.00006   3.14155
   D35       -3.14153   0.00000   0.00000  -0.00004  -0.00004  -3.14158
   D36        0.00001   0.00000   0.00000   0.00000   0.00000   0.00001
   D37       -0.00011   0.00000   0.00000   0.00006   0.00006  -0.00005
   D38        3.14153   0.00000   0.00000   0.00001   0.00001   3.14154
   D39        3.14138   0.00000   0.00000   0.00012   0.00012   3.14150
   D40       -0.00017   0.00000   0.00000   0.00007   0.00007  -0.00010
   D41       -0.00021   0.00000   0.00000   0.00011   0.00011  -0.00010
   D42        3.14130   0.00001   0.00000   0.00015   0.00015   3.14145
   D43        3.14148   0.00000   0.00000   0.00006   0.00006   3.14154
   D44       -0.00020   0.00000   0.00000   0.00011   0.00011  -0.00009
   D45       -0.00026   0.00000   0.00000   0.00014   0.00014  -0.00012
   D46        3.14157   0.00000   0.00000   0.00003   0.00003  -3.14159
   D47        3.14123   0.00001   0.00000   0.00019   0.00019   3.14142
   D48       -0.00012   0.00000   0.00000   0.00007   0.00007  -0.00004
   D49        0.00026   0.00000   0.00000  -0.00009  -0.00009   0.00016
   D50       -3.14128  -0.00001   0.00000  -0.00015  -0.00015  -3.14143
   D51       -3.14153   0.00000   0.00000   0.00000   0.00000  -3.14153
   D52        0.00012   0.00000   0.00000  -0.00006  -0.00006   0.00006
   D53        3.14146   0.00000   0.00000   0.00006   0.00006   3.14151
   D54       -0.00012   0.00000   0.00000   0.00007   0.00007  -0.00005
   D55        0.00006   0.00000   0.00000  -0.00004  -0.00004   0.00002
   D56       -3.14152   0.00000   0.00000  -0.00003  -0.00003  -3.14154
   D57       -0.00007   0.00000   0.00000   0.00001   0.00001  -0.00006
   D58       -3.14158   0.00000   0.00000  -0.00003  -0.00003   3.14158
   D59        3.14147   0.00000   0.00000   0.00006   0.00006   3.14153
   D60       -0.00004   0.00000   0.00000   0.00002   0.00002  -0.00002
   D61       -0.00015   0.00000   0.00000   0.00007   0.00007  -0.00009
   D62        3.14126   0.00001   0.00000   0.00022   0.00022   3.14148
   D63        3.14149   0.00000   0.00000   0.00001   0.00001   3.14150
   D64       -0.00028   0.00001   0.00000   0.00017   0.00017  -0.00011
   D65        0.00029   0.00000   0.00000  -0.00014  -0.00014   0.00015
   D66       -3.14126  -0.00001   0.00000  -0.00018  -0.00018  -3.14144
   D67       -3.14139   0.00000   0.00000  -0.00010  -0.00010  -3.14149
   D68        0.00025   0.00000   0.00000  -0.00013  -0.00013   0.00011
   D69        0.00002   0.00000   0.00000   0.00002   0.00002   0.00003
   D70       -3.14152   0.00000   0.00000   0.00000  -0.00001  -3.14153
   D71       -3.14139   0.00000   0.00000  -0.00014  -0.00014  -3.14154
   D72        0.00025  -0.00001   0.00000  -0.00017  -0.00017   0.00009
   D73       -3.14115  -0.00001   0.00000  -0.00025  -0.00025  -3.14140
   D74        0.00039  -0.00001   0.00000  -0.00025  -0.00025   0.00014
   D75        0.00026   0.00000   0.00000  -0.00009  -0.00009   0.00017
   D76       -3.14139   0.00000   0.00000  -0.00009  -0.00009  -3.14147
   D77        0.00016   0.00000   0.00000  -0.00011  -0.00011   0.00005
   D78       -3.14148   0.00000   0.00000  -0.00005  -0.00005  -3.14154
   D79       -3.14149   0.00000   0.00000  -0.00009  -0.00009  -3.14158
   D80        0.00005   0.00000   0.00000  -0.00003  -0.00003   0.00002
   D81       -0.00020   0.00000   0.00000   0.00012   0.00012  -0.00008
   D82        3.14138   0.00000   0.00000   0.00011   0.00011   3.14149
   D83        3.14145   0.00000   0.00000   0.00006   0.00006   3.14151
   D84       -0.00016   0.00000   0.00000   0.00005   0.00005  -0.00011
   D85        0.00016   0.00000   0.00000  -0.00009  -0.00009   0.00007
   D86       -3.14149   0.00000   0.00000  -0.00004  -0.00004  -3.14153
   D87       -3.14142   0.00000   0.00000  -0.00008  -0.00008  -3.14150
   D88        0.00012   0.00000   0.00000  -0.00003  -0.00003   0.00009
   D89       -0.00005   0.00000   0.00000   0.00003   0.00003  -0.00002
   D90        3.14150   0.00000   0.00000   0.00008   0.00008   3.14158
   D91       -3.14158   0.00000   0.00000  -0.00003  -0.00003   3.14158
   D92       -0.00003   0.00000   0.00000   0.00002   0.00002  -0.00001
   D93        0.00027  -0.00001   0.00000  -0.00018  -0.00018   0.00009
   D94       -3.14149   0.00000   0.00000  -0.00005  -0.00005  -3.14154
   D95       -3.14138   0.00000   0.00000  -0.00011  -0.00011  -3.14149
   D96        0.00005   0.00000   0.00000   0.00002   0.00002   0.00007
   D97       -0.00006   0.00000   0.00000   0.00006   0.00006  -0.00001
   D98        3.14128   0.00001   0.00000   0.00017   0.00018   3.14145
   D99       -3.14150   0.00000   0.00000  -0.00007  -0.00007  -3.14156
   D100      -0.00016   0.00000   0.00000   0.00005   0.00005  -0.00010
   D101       0.00035  -0.00001   0.00000  -0.00022  -0.00022   0.00013
   D102      -3.14143   0.00000   0.00000  -0.00004  -0.00004  -3.14147
   D103      -3.14099  -0.00001   0.00000  -0.00034  -0.00034  -3.14133
   D104       0.00042   0.00000   0.00000  -0.00016  -0.00016   0.00026
   D105      -0.00026   0.00001   0.00000   0.00018   0.00018  -0.00008
   D106       3.14135   0.00001   0.00000   0.00018   0.00018   3.14153
   D107       3.14152   0.00000   0.00000   0.00000   0.00000   3.14152
   D108      -0.00006   0.00000   0.00000  -0.00001  -0.00001  -0.00006
   D109      -0.00006   0.00000   0.00000   0.00000   0.00000  -0.00006
   D110       3.14149   0.00000   0.00000   0.00003   0.00003   3.14152
   D111       3.14151   0.00000   0.00000   0.00001   0.00001   3.14152
   D112      -0.00012   0.00000   0.00000   0.00004   0.00004  -0.00008
   D113      -0.00014   0.00000   0.00000   0.00005   0.00005  -0.00008
   D114       3.14145   0.00000   0.00000   0.00006   0.00006   3.14151
   D115       3.14150   0.00000   0.00000   0.00002   0.00002   3.14152
   D116      -0.00010   0.00000   0.00000   0.00002   0.00002  -0.00008
   D117      -0.00018   0.00000   0.00000   0.00014   0.00014  -0.00004
   D118       3.14141   0.00001   0.00000   0.00014   0.00014   3.14155
   D119       3.14135   0.00001   0.00000   0.00014   0.00014   3.14149
   D120      -0.00024   0.00001   0.00000   0.00014   0.00014  -0.00010
         Item               Value     Threshold  Converged?
 Maximum Force            0.017497     0.000450     NO 
 RMS     Force            0.004846     0.000300     NO 
 Maximum Displacement     0.080975     0.001800     NO 
 RMS     Displacement     0.020463     0.001200     NO 
 Predicted change in Energy=-7.455764D-03
 GradGradGradGradGradGradGradGradGradGradGradGradGradGradGradGradGradGrad

                          Input orientation:                          
 ---------------------------------------------------------------------
 Center     Atomic      Atomic             Coordinates (Angstroms)
 Number     Number       Type             X           Y           Z
 ---------------------------------------------------------------------
      1          6           0       -2.936024   -2.739111   -0.339871
      2          6           0       -1.512834   -2.740972   -0.339759
      3          6           0       -0.834615   -1.516559   -0.339497
      4          6           0       -1.568603   -0.295837   -0.339290
      5          6           0       -2.968084   -0.320689   -0.339476
      6          6           0       -3.633827   -1.578571   -0.339752
      7          6           0        0.589550   -1.491267   -0.339365
      8          6           0       -0.878421    0.950171   -0.338880
      9          6           0        0.545747    0.975465   -0.338552
     10          6           0        1.279733   -0.245255   -0.338831
     11          6           0        1.223965    2.199877   -0.337956
     12          6           0        0.467482    3.405367   -0.337798
     13          6           0       -0.886476    3.381323   -0.338175
     14          6           0       -1.599685    2.149733   -0.338681
     15          6           0       -3.021909    2.097344   -0.338958
     16          6           0       -3.678067    0.912759   -0.339328
     17          1           0       -4.752199    0.891272   -0.339519
     18          1           0       -3.573449    3.019313   -0.338863
     19          1           0       -3.454480   -3.680081   -0.340058
     20          1           0       -4.708045   -1.595233   -0.339859
     21          1           0        0.990163    4.343997   -0.337403
     22          1           0       -1.442154    4.300803   -0.338101
     23          6           0       -0.756350   -3.946459   -0.339994
     24          6           0        0.597609   -3.922414   -0.340020
     25          6           0        1.310815   -2.690828   -0.339702
     26          1           0       -1.279018   -4.885094   -0.340140
     27          1           0        1.153283   -4.841897   -0.340251
     28          6           0        2.733043   -2.638441   -0.339553
     29          6           0        3.389198   -1.453857   -0.338947
     30          6           0        2.679213   -0.220407   -0.338530
     31          1           0        3.284582   -3.560410   -0.339929
     32          1           0        4.463330   -1.432369   -0.338782
     33          6           0        2.647156    2.198012   -0.337503
     34          1           0        3.165615    3.138979   -0.336863
     35          6           0        3.344957    1.037473   -0.337804
     36          1           0        4.419174    1.054140   -0.337493
 ---------------------------------------------------------------------
                    Distance matrix (angstroms):
                    1          2          3          4          5
     1  C    0.000000
     2  C    1.423192   0.000000
     3  C    2.431163   1.399703   0.000000
     4  C    2.799898   2.445771   1.424395   0.000000
     5  C    2.418634   2.824097   2.445771   1.399702   0.000000
     6  C    1.354172   2.418634   2.799899   2.431164   1.423193
     7  C    3.739891   2.445767   1.424390   2.467120   3.745266
     8  C    4.224279   3.745266   2.467119   1.424390   2.445768
     9  C    5.091248   4.248489   2.848786   2.467121   3.745267
    10  C    4.898155   3.745267   2.467120   2.848785   4.248487
    11  C    6.457485   5.648191   4.248488   3.745267   4.891476
    12  C    7.024134   6.457487   5.091249   4.224282   5.068196
    13  C    6.454483   6.154252   4.898156   3.739893   4.247115
    14  C    5.068195   4.891476   3.745267   2.445768   2.824094
    15  C    4.837218   5.068196   4.224281   2.799896   2.418633
    16  C    3.726497   4.247115   3.739893   2.431160   1.423190
    17  H    4.059331   4.866897   4.598381   3.397721   2.156830
    18  H    5.793595   6.117762   5.298616   3.874225   3.394419
    19  H    1.074347   2.156831   3.397723   3.874228   3.394421
    20  H    2.109150   3.394421   3.874228   3.397723   2.156832
    21  H    8.098479   7.514105   6.138072   5.298617   6.117763
    22  H    7.196668   7.042130   5.849000   4.598379   4.866894
    23  C    2.491721   1.423189   2.431160   3.739893   4.247114
    24  C    3.726496   2.418631   2.799895   4.224280   5.068194
    25  C    4.247114   2.824094   2.445768   3.745268   4.891476
    26  H    2.711257   2.156834   3.397724   4.598385   4.866902
    27  H    4.598276   3.394416   3.874224   5.298615   6.117760
    28  C    5.669961   4.247114   3.739894   4.898158   6.154252
    29  C    6.454481   5.068193   4.224279   5.091248   6.457485
    30  C    6.154247   4.891472   3.745263   4.248486   5.648188
    31  H    6.274589   4.866896   4.598382   5.849004   7.042132
    32  H    7.513855   6.117759   5.298615   6.138072   7.514104
    33  C    7.452992   6.457482   5.091244   4.898154   6.154249
    34  H    8.472423   7.514101   6.138068   5.848999   7.042129
    35  C    7.328937   6.154249   4.898153   5.091247   6.457484
    36  H    8.275729   7.042130   5.849000   6.138071   7.514103
                    6          7          8          9         10
     6  C    0.000000
     7  C    4.224280   0.000000
     8  C    3.739893   2.848783   0.000000
     9  C    4.898157   2.467121   1.424393   0.000000
    10  C    5.091247   1.424394   2.467118   1.424392   0.000000
    11  C    6.154252   3.745268   2.445771   1.399702   2.445769
    12  C    6.454485   4.898156   2.799900   2.431162   3.739893
    13  C    5.669963   5.091246   2.431165   2.799895   4.224279
    14  C    4.247115   4.248486   1.399703   2.445768   3.745266
    15  C    3.726499   5.091245   2.431162   3.739891   4.898153
    16  C    2.491722   4.898152   2.799895   4.224279   5.091245
    17  H    2.711250   5.848998   3.874225   5.298615   6.138069
    18  H    4.598280   6.138069   3.397723   4.598379   5.848998
    19  H    2.109150   4.598379   5.298615   6.138072   5.849000
    20  H    1.074347   5.298615   4.598380   5.849001   6.138071
    21  H    7.513860   5.849000   3.874230   3.397722   4.598379
    22  H    6.274589   6.138070   3.397724   3.874225   5.298614
    23  C    3.726496   2.799895   4.898152   5.091246   4.224279
    24  C    4.837216   2.431161   5.091243   4.898154   3.739892
    25  C    5.068195   1.399703   4.248486   3.745268   2.445770
    26  H    4.059338   3.874224   5.849000   6.138072   5.298614
    27  H    5.793593   3.397722   6.138068   5.849000   4.598381
    28  C    6.454484   2.431166   5.091248   4.224285   2.799901
    29  C    7.024133   2.799898   4.898156   3.739896   2.431165
    30  C    6.457483   2.445767   3.745266   2.445770   1.399701
    31  H    7.196671   3.397727   6.138073   5.298621   3.874232
    32  H    8.098477   3.874228   5.849001   4.598383   3.397725
    33  C    7.328938   4.224278   3.739893   2.431161   2.799893
    34  H    8.275730   5.298613   4.598382   3.397721   3.874223
    35  C    7.452994   3.739893   4.224281   2.799897   2.431161
    36  H    8.472426   4.598382   5.298616   3.874226   3.397723
                   11         12         13         14         15
    11  C    0.000000
    12  C    1.423191   0.000000
    13  C    2.418631   1.354172   0.000000
    14  C    2.824095   2.418635   1.423193   0.000000
    15  C    4.247112   3.726496   2.491721   1.423189   0.000000
    16  C    5.068194   4.837217   3.726498   2.418632   1.354173
    17  H    6.117760   5.793595   4.598278   3.394418   2.109150
    18  H    4.866894   4.059330   2.711249   2.156829   1.074347
    19  H    7.514104   8.098479   7.513859   6.117761   5.793597
    20  H    7.042131   7.196671   6.274591   4.866896   4.059333
    21  H    2.156829   1.074347   2.109151   3.394422   4.598279
    22  H    3.394419   2.109150   1.074347   2.156830   2.711247
    23  C    6.457483   7.452993   7.328937   6.154248   6.454481
    24  C    6.154249   7.328937   7.452992   6.457482   7.024131
    25  C    4.891476   6.154251   6.457484   5.648189   6.457484
    26  H    7.514103   8.472427   8.275732   7.042132   7.196674
    27  H    7.042129   8.275729   8.472423   7.514102   8.098475
    28  C    5.068199   6.454486   7.024135   6.457487   7.452995
    29  C    4.247117   5.669963   6.454483   6.154252   7.328938
    30  C    2.824097   4.247116   5.068195   4.891475   6.154248
    31  H    6.117765   7.513861   8.098480   7.514106   8.472427
    32  H    4.866898   6.274592   7.196670   7.042131   8.275729
    33  C    1.423192   2.491723   3.726497   4.247115   5.669959
    34  H    2.156831   2.711252   4.059332   4.866897   6.274589
    35  C    2.418634   3.726498   4.837216   5.068196   6.454481
    36  H    3.394418   4.598276   5.793592   6.117760   7.513854
                   16         17         18         19         20
    16  C    0.000000
    17  H    1.074347   0.000000
    18  H    2.109150   2.432696   0.000000
    19  H    4.598279   4.751983   6.700450   0.000000
    20  H    2.711250   2.486897   4.751983   2.432697   0.000000
    21  H    5.793597   6.700450   4.751983   9.172823   8.230676
    22  H    4.059329   4.751979   2.486893   8.230673   6.740125
    23  C    5.669958   6.274588   7.513855   2.711248   4.598278
    24  C    6.454480   7.196667   8.098475   4.059329   5.793594
    25  C    6.154249   7.042128   7.514102   4.866894   6.117761
    26  H    6.274594   6.740133   8.230678   2.486904   4.751990
    27  H    7.513854   8.230670   9.172819   4.751978   6.700447
    28  C    7.328939   8.275730   8.472426   6.274588   7.513858
    29  C    7.452993   8.472424   8.275729   7.196667   8.098477
    30  C    6.457482   7.514101   7.042128   7.042126   7.514102
    31  H    8.275730   9.187345   9.503964   6.740124   8.230674
    32  H    8.472424   9.503962   9.187344   8.230670   9.172821
    33  C    6.454480   7.513855   6.274588   8.472423   8.275729
    34  H    7.196669   8.230673   6.740126   9.503960   9.187344
    35  C    7.024131   8.098476   7.196668   8.275728   8.472425
    36  H    8.098475   9.172819   8.230670   9.187344   9.503963
                   21         22         23         24         25
    21  H    0.000000
    22  H    2.432700   0.000000
    23  C    8.472424   8.275727   0.000000
    24  C    8.275727   8.472422   1.354172   0.000000
    25  C    7.042129   7.514103   2.418631   1.423189   0.000000
    26  H    9.503963   9.187346   1.074346   2.109143   3.394413
    27  H    9.187342   9.503960   2.109148   1.074347   2.156830
    28  C    7.196671   8.098480   3.726495   2.491719   1.423192
    29  C    6.274590   7.513859   4.837213   3.726493   2.418631
    30  C    4.866896   6.117762   5.068190   4.247109   2.824091
    31  H    8.230675   9.172824   4.059330   2.711249   2.156833
    32  H    6.740126   8.230675   5.793592   4.598274   3.394418
    33  C    2.711250   4.598280   7.024128   6.454476   5.068192
    34  H    2.486897   4.751986   8.098472   7.513850   6.117756
    35  C    4.059330   5.793596   6.454478   5.669956   4.247112
    36  H    4.751976   6.700447   7.196668   6.274588   4.866897
                   26         27         28         29         30
    26  H    0.000000
    27  H    2.432684   0.000000
    28  C    4.598270   2.711247   0.000000
    29  C    5.793586   4.059327   1.354172   0.000000
    30  C    6.117753   4.866891   2.418633   1.423192   0.000000
    31  H    4.751971   2.486895   1.074347   2.109150   3.394420
    32  H    6.700439   4.751978   2.109148   1.074347   2.156832
    33  C    8.098472   7.196665   4.837216   3.726496   2.418632
    34  H    9.172815   8.230667   5.793592   4.598275   3.394417
    35  C    7.513851   6.274586   3.726497   2.491722   1.423193
    36  H    8.230668   6.740126   4.059334   2.711254   2.156835
                   31         32         33         34         35
    31  H    0.000000
    32  H    2.432695   0.000000
    33  C    5.793595   4.059330   0.000000
    34  H    6.700446   4.751978   1.074346   0.000000
    35  C    4.598279   2.711250   1.354171   2.109146   0.000000
    36  H    4.751986   2.486901   2.109145   2.432687   1.074346
                   36
    36  H    0.000000
 Stoichiometry    C24H12
 Framework group  C1[X(C24H12)]
 Deg. of freedom   102
 Full point group                 C1      NOp   1
 Largest Abelian subgroup         C1      NOp   1
 Largest concise Abelian subgroup C1      NOp   1
                         Standard orientation:                         
 ---------------------------------------------------------------------
 Center     Atomic      Atomic             Coordinates (Angstroms)
 Number     Number       Type             X           Y           Z
 ---------------------------------------------------------------------
      1          6           0       -0.617021    3.675060    0.000284
      2          6           0       -1.371831    2.468520    0.000175
      3          6           0       -0.691912    1.245050   -0.000024
      4          6           0        0.732292    1.221739   -0.000057
      5          6           0        1.451887    2.422300   -0.000018
      6          6           0        0.736970    3.652898    0.000175
      7          6           0       -1.424200    0.023314   -0.000122
      8          6           0        1.424201   -0.023311   -0.000116
      9          6           0        0.691914   -1.245052   -0.000017
     10          6           0       -0.732288   -1.221739   -0.000057
     11          6           0        1.371831   -2.468521    0.000117
     12          6           0        2.795017   -2.464685    0.000044
     13          6           0        3.491205   -1.303176   -0.000115
     14          6           0        2.823717   -0.046220   -0.000153
     15          6           0        3.531986    1.188212   -0.000192
     16          6           0        2.874184    2.371885   -0.000117
     17          1           0        3.424443    3.294618   -0.000133
     18          1           0        4.606147    1.168216   -0.000280
     19          1           0       -1.141004    4.612963    0.000452
     20          1           0        1.291367    4.573150    0.000240
     21          1           0        3.314778   -3.404935    0.000085
     22          1           0        4.565445   -1.318344   -0.000221
     23          6           0       -2.795015    2.464682    0.000172
     24          6           0       -3.491203    1.303173   -0.000072
     25          6           0       -2.823716    0.046221   -0.000222
     26          1           0       -3.314787    3.404924    0.000380
     27          1           0       -4.565443    1.318345   -0.000123
     28          6           0       -3.531989   -1.188213   -0.000311
     29          6           0       -2.874187   -2.371884   -0.000151
     30          6           0       -1.451887   -2.422297    0.000019
     31          1           0       -4.606150   -1.168216   -0.000505
     32          1           0       -3.424445   -3.294617   -0.000160
     33          6           0        0.617018   -3.675058    0.000349
     34          1           0        1.140997   -4.612963    0.000636
     35          6           0       -0.736971   -3.652895    0.000276
     36          1           0       -1.291365   -4.573150    0.000415
 ---------------------------------------------------------------------
 Rotational constants (GHZ):      0.3376951      0.3376949      0.1688475
 Standard basis: 6-31++G(d,p) (6D, 7F)
 There are   528 symmetry adapted basis functions of A   symmetry.
 Integral buffers will be    262144 words long.
 Raffenetti 1 integral format.
 Two-electron integral symmetry is turned on.
   528 basis functions,   864 primitive gaussians,   528 cartesian basis functions
    78 alpha electrons       78 beta electrons
       nuclear repulsion energy      1842.2354942635 Hartrees.
 NAtoms=   36 NActive=   36 NUniq=   36 SFac= 7.50D-01 NAtFMM=   80 NAOKFM=F Big=F
 One-electron integrals computed using PRISM.
 NBasis=   528 RedAO= T  NBF=   528
 NBsUse=   509 1.00D-06 NBFU=   509
 Initial guess read from the read-write file.
 B after Tr=     0.000000    0.000000    0.000000
         Rot=    1.000000    0.000000    0.000000    0.000000 Ang=   0.00 deg.
 Initial guess orbital symmetries:
       Occupied  (A) (A) (A) (A) (A) (A) (A) (A) (A) (A) (A) (A)
                 (A) (A) (A) (A) (A) (A) (A) (A) (A) (A) (A) (A)
                 (A) (A) (A) (A) (A) (A) (A) (A) (A) (A) (A) (A)
                 (A) (A) (A) (A) (A) (A) (A) (A) (A) (A) (A) (A)
                 (A) (A) (A) (A) (A) (A) (A) (A) (A) (A) (A) (A)
                 (A) (A) (A) (A) (A) (A) (A) (A) (A) (A) (A) (A)
                 (A) (A) (A) (A) (A) (A)
       Virtual   (A) (A) (A) (A) (A) (A) (A) (A) (A) (A) (A) (A)
                 (A) (A) (A) (A) (A) (A) (A) (A) (A) (A) (A) (A)
                 (A) (A) (A) (A) (A) (A) (A) (A) (A) (A) (A) (A)
                 (A) (A) (A) (A) (A) (A) (A) (A) (A) (A) (A) (A)
                 (A) (A) (A) (A) (A) (A) (A) (A) (A) (A) (A) (A)
                 (A) (A) (A) (A) (A) (A) (A) (A) (A) (A) (A) (A)
                 (A) (A) (A) (A) (A) (A) (A) (A) (A) (A) (A) (A)
                 (A) (A) (A) (A) (A) (A) (A) (A) (A) (A) (A) (A)
                 (A) (A) (A) (A) (A) (A) (A) (A) (A) (A) (A) (A)
                 (A) (A) (A) (A) (A) (A) (A) (A) (A) (A) (A) (A)
                 (A) (A) (A) (A) (A) (A) (A) (A) (A) (A) (A) (A)
                 (A) (A) (A) (A) (A) (A) (A) (A) (A) (A) (A) (A)
                 (A) (A) (A) (A) (A) (A) (A) (A) (A) (A) (A) (A)
                 (A) (A) (A) (A) (A) (A) (A) (A) (A) (A) (A) (A)
                 (A) (A) (A) (A) (A) (A) (A) (A) (A) (A) (A) (A)
                 (A) (A) (A) (A) (A) (A) (A) (A) (A) (A) (A) (A)
                 (A) (A) (A) (A) (A) (A) (A) (A) (A) (A) (A) (A)
                 (A) (A) (A) (A) (A) (A) (A) (A) (A) (A) (A) (A)
                 (A) (A) (A) (A) (A) (A) (A) (A) (A) (A) (A) (A)
                 (A) (A) (A) (A) (A) (A) (A) (A) (A) (A) (A) (A)
                 (A) (A) (A) (A) (A) (A) (A) (A) (A) (A) (A) (A)
                 (A) (A) (A) (A) (A) (A) (A) (A) (A) (A) (A) (A)
                 (A) (A) (A) (A) (A) (A) (A) (A) (A) (A) (A) (A)
                 (A) (A) (A) (A) (A) (A) (A) (A) (A) (A) (A) (A)
                 (A) (A) (A) (A) (A) (A) (A) (A) (A) (A) (A) (A)
                 (A) (A) (A) (A) (A) (A) (A) (A) (A) (A) (A) (A)
                 (A) (A) (A) (A) (A) (A) (A) (A) (A) (A) (A) (A)
                 (A) (A) (A) (A) (A) (A) (A) (A) (A) (A) (A) (A)
                 (A) (A) (A) (A) (A) (A) (A) (A) (A) (A) (A) (A)
                 (A) (A) (A) (A) (A) (A) (A) (A) (A) (A) (A) (A)
                 (A) (A) (A) (A) (A) (A) (A) (A) (A) (A) (A) (A)
                 (A) (A) (A) (A) (A) (A) (A) (A) (A) (A) (A) (A)
                 (A) (A) (A) (A) (A) (A) (A) (A) (A) (A) (A) (A)
                 (A) (A) (A) (A) (A) (A) (A) (A) (A) (A) (A) (A)
                 (A) (A) (A) (A) (A) (A) (A) (A) (A) (A) (A) (A)
                 (A) (A) (A) (A) (A) (A) (A) (A) (A) (A) (A)
 Harris functional with IExCor=  205 diagonalized for initial guess.
 ExpMin= 3.60D-02 ExpMax= 3.05D+03 ExpMxC= 4.57D+02 IAcc=3 IRadAn=         0 AccDes= 0.00D+00
 HarFok:  IExCor=  205 AccDes= 0.00D+00 IRadAn=         0 IDoV= 1
 ScaDFX=  1.000000  1.000000  1.000000  1.000000
 FoFCou: FMM=F IPFlag=           0 FMFlag=      100000 FMFlg1=           0
         NFxFlg=           0 DoJE=T BraDBF=F KetDBF=T FulRan=T
         Omega=  0.000000  0.000000  1.000000  0.000000  0.000000 ICntrl=     500 IOpCl=  0
         NMat0=    1 NMatS0=    1 NMatT0=    0 NMatD0=    1 NMtDS0=    0 NMtDT0=    0
         I1Cent=           4 NGrid=           0.
 Petite list used in FoFCou.
 Requested convergence on RMS density matrix=1.00D-08 within 128 cycles.
 Requested convergence on MAX density matrix=1.00D-06.
 Requested convergence on             energy=1.00D-06.
 No special actions if energy rises.
 Initial convergence to 1.0D-05 achieved.  Increase integral accuracy.
 SCF Done:  E(RHF) =  -915.993372127     A.U. after   13 cycles
             Convg  =    0.9404D-08             -V/T =  2.0007
 Calling FoFJK, ICntrl=      2127 FMM=F ISym2X=0 I1Cent= 0 IOpClX= 0 NMat=1 NMatS=1 NMatT=0.
 ***** Axes restored to original set *****
 -------------------------------------------------------------------
 Center     Atomic                   Forces (Hartrees/Bohr)
 Number     Number              X              Y              Z
 -------------------------------------------------------------------
      1        6           0.000199061   -0.000780743    0.000002030
      2        6           0.001005623    0.001817952   -0.000007331
      3        6          -0.001197251   -0.002157159    0.000003929
      4        6          -0.002465231   -0.000045947   -0.000001570
      5        6           0.002076210    0.000035846    0.000003072
      6        6          -0.000594750    0.000542922   -0.000001784
      7        6           0.001273201   -0.002113547   -0.000000364
      8        6          -0.001271029    0.002116448    0.000003735
      9        6           0.001195071    0.002156837   -0.000000158
     10        6           0.002465617    0.000042321    0.000000200
     11        6          -0.001005628   -0.001817811    0.000002187
     12        6           0.000767973    0.000244649   -0.000000322
     13        6          -0.000776898    0.000216879   -0.000002570
     14        6           0.001072012   -0.001779640   -0.000000277
     15        6           0.000170785    0.000786227   -0.000002035
     16        6          -0.000576475   -0.000562105   -0.000001113
     17        1          -0.001324396    0.000018914    0.000000532
     18        1          -0.000718672    0.001112855    0.000001454
     19        1          -0.000678567   -0.001137204   -0.000001072
     20        1          -0.001323093   -0.000066026   -0.000000181
     21        1           0.000603986    0.001178828    0.000001538
     22        1          -0.000645614    0.001156585    0.000002508
     23        6          -0.000766334   -0.000245977    0.000001171
     24        6           0.000775764   -0.000217683   -0.000003073
     25        6          -0.001069638    0.001780118    0.000007263
     26        1          -0.000605816   -0.001178718   -0.000003513
     27        1           0.000646043   -0.001156473    0.000001217
     28        6          -0.000172479   -0.000786516   -0.000002466
     29        6           0.000575807    0.000563199   -0.000000778
     30        6          -0.002074289   -0.000035477   -0.000001170
     31        1           0.000718260   -0.001112491    0.000003764
     32        1           0.001324515   -0.000018610   -0.000000329
     33        6          -0.000200672    0.000782071    0.000001462
     34        1           0.000678654    0.001138102   -0.000005041
     35        6           0.000594862   -0.000543944   -0.000002291
     36        1           0.001323389    0.000065319    0.000001378
 -------------------------------------------------------------------
 Cartesian Forces:  Max     0.002465617 RMS     0.000919112

 GradGradGradGradGradGradGradGradGradGradGradGradGradGradGradGradGradGrad
 Berny optimization.
 Using GEDIIS/GDIIS optimizer.
 Internal  Forces:  Max     0.002395507 RMS     0.000658947
 Search for a local minimum.
 Step number   2 out of a maximum of  216
 All quantities printed in internal units (Hartrees-Bohrs-Radians)
 Mixed Optimization -- En-DIIS/RFO-DIIS
 Update second derivatives using D2CorX and points    1    2
 DE= -6.69D-03 DEPred=-7.46D-03 R= 8.98D-01
 SS=  1.41D+00  RLast= 1.97D-01 DXNew= 5.0454D-01 5.9180D-01
 Trust test= 8.98D-01 RLast= 1.97D-01 DXMaxT set to 5.05D-01
 Use linear search instead of GDIIS.
     Eigenvalues ---    0.01765   0.01766   0.01766   0.01778   0.01797
     Eigenvalues ---    0.01797   0.01798   0.01798   0.01802   0.01821
     Eigenvalues ---    0.01824   0.01833   0.01833   0.01836   0.01836
     Eigenvalues ---    0.02004   0.02004   0.02029   0.02050   0.02072
     Eigenvalues ---    0.02072   0.02074   0.02074   0.02092   0.02092
     Eigenvalues ---    0.02097   0.02105   0.02210   0.02227   0.02227
     Eigenvalues ---    0.02238   0.02242   0.02242   0.15990   0.16000
     Eigenvalues ---    0.16000   0.16000   0.16000   0.16000   0.16000
     Eigenvalues ---    0.16000   0.16000   0.16000   0.16000   0.16000
     Eigenvalues ---    0.22323   0.22522   0.22522   0.22625   0.22625
     Eigenvalues ---    0.22759   0.24303   0.24438   0.24438   0.24662
     Eigenvalues ---    0.24662   0.25000   0.25000   0.25000   0.25000
     Eigenvalues ---    0.31902   0.32094   0.32094   0.33597   0.33598
     Eigenvalues ---    0.33598   0.33598   0.33598   0.33598   0.33598
     Eigenvalues ---    0.33598   0.33598   0.33599   0.33599   0.34847
     Eigenvalues ---    0.36476   0.37534   0.37534   0.39634   0.39634
     Eigenvalues ---    0.39693   0.39979   0.39979   0.40522   0.41176
     Eigenvalues ---    0.41176   0.41511   0.41512   0.41518   0.42662
     Eigenvalues ---    0.42789   0.42811   0.42811   0.43149   0.43149
     Eigenvalues ---    0.43205   0.49875   0.49876   0.49941   0.49942
     Eigenvalues ---    0.49966   0.520181000.000001000.000001000.00000
     Eigenvalues --- 1000.000001000.000001000.000001000.000001000.00000
     Eigenvalues --- 1000.000001000.000001000.000001000.000001000.00000
     Eigenvalues --- 1000.000001000.000001000.000001000.000001000.00000
     Eigenvalues --- 1000.000001000.000001000.000001000.000001000.00000
     Eigenvalues --- 1000.000001000.000001000.000001000.000001000.00000
     Eigenvalues --- 1000.000001000.000001000.000001000.000001000.00000
     Eigenvalues --- 1000.000001000.000001000.000001000.000001000.00000
     Eigenvalues --- 1000.000001000.000001000.000001000.000001000.00000
     Eigenvalues --- 1000.000001000.000001000.000001000.000001000.00000
     Eigenvalues --- 1000.000001000.000001000.000001000.000001000.00000
     Eigenvalues --- 1000.000001000.000001000.000001000.000001000.00000
     Eigenvalues --- 1000.000001000.000001000.000001000.000001000.00000
     Eigenvalues --- 1000.000001000.000001000.000001000.000001000.00000
     Eigenvalues --- 1000.000001000.000001000.000001000.000001000.00000
     Eigenvalues --- 1000.000001000.000001000.000001000.000001000.00000
     Eigenvalues --- 1000.000001000.000001000.000001000.000001000.00000
     Eigenvalues --- 1000.000001000.000001000.000001000.000001000.00000
     Eigenvalues --- 1000.000001000.000001000.000001000.000001000.00000
     Eigenvalues --- 1000.000001000.000001000.000001000.000001000.00000
     Eigenvalues --- 1000.000001000.000001000.000001000.000001000.00000
     Eigenvalues --- 1000.000001000.000001000.000001000.000001000.00000
     Eigenvalues --- 1000.000001000.000001000.000001000.000001000.00000
     Eigenvalues --- 1000.000001000.000001000.000001000.000001000.00000
     Eigenvalues --- 1000.000001000.000001000.000001000.000001000.00000
     Eigenvalues --- 1000.000001000.000001000.000001000.000001000.00000
     Eigenvalues --- 1000.000001000.000001000.000001000.00000
 RFO step:  Lambda=-1.11588077D-04 EMin= 1.76463845D-02
 Quartic linear search produced a step of -0.07800.
 Iteration  1 RMS(Cart)=  0.00301903 RMS(Int)=  0.00000035
 Iteration  2 RMS(Cart)=  0.00000034 RMS(Int)=  0.00000015
 Variable       Old X    -DE/DX   Delta X   Delta X   Delta X     New X
                                 (Linear)    (Quad)   (Total)
    R1        2.68944   0.00141   0.00031   0.00293   0.00323   2.69268
    R2        2.55901   0.00182   0.00218   0.00098   0.00316   2.56217
    R3        2.03022   0.00132   0.00389  -0.00107   0.00283   2.03305
    R4        2.64505  -0.00007   0.00132  -0.00201  -0.00069   2.64437
    R5        2.68944   0.00142   0.00031   0.00293   0.00324   2.69267
    R6        2.69172   0.00239   0.00070   0.00422   0.00492   2.69663
    R7        2.69171   0.00240   0.00070   0.00423   0.00492   2.69663
    R8        2.64505  -0.00007   0.00132  -0.00201  -0.00068   2.64437
    R9        2.69171   0.00240   0.00070   0.00422   0.00492   2.69663
   R10        2.68945   0.00141   0.00030   0.00293   0.00323   2.69268
   R11        2.68944   0.00141   0.00031   0.00293   0.00323   2.69267
   R12        2.03022   0.00132   0.00389  -0.00106   0.00283   2.03305
   R13        2.69171   0.00239   0.00070   0.00422   0.00492   2.69663
   R14        2.64506  -0.00007   0.00132  -0.00201  -0.00069   2.64437
   R15        2.69171   0.00239   0.00070   0.00422   0.00492   2.69663
   R16        2.64506  -0.00007   0.00132  -0.00201  -0.00069   2.64437
   R17        2.69171   0.00239   0.00070   0.00422   0.00492   2.69663
   R18        2.64505  -0.00007   0.00132  -0.00200  -0.00068   2.64437
   R19        2.64505  -0.00007   0.00132  -0.00200  -0.00068   2.64437
   R20        2.68944   0.00141   0.00031   0.00293   0.00323   2.69268
   R21        2.68944   0.00141   0.00031   0.00293   0.00323   2.69267
   R22        2.55901   0.00182   0.00218   0.00098   0.00316   2.56217
   R23        2.03022   0.00132   0.00389  -0.00107   0.00283   2.03305
   R24        2.68944   0.00141   0.00031   0.00293   0.00323   2.69268
   R25        2.03022   0.00132   0.00389  -0.00106   0.00283   2.03305
   R26        2.68944   0.00142   0.00031   0.00293   0.00323   2.69267
   R27        2.55902   0.00181   0.00218   0.00098   0.00316   2.56217
   R28        2.03022   0.00132   0.00389  -0.00106   0.00283   2.03305
   R29        2.03022   0.00132   0.00389  -0.00106   0.00283   2.03305
   R30        2.55901   0.00182   0.00218   0.00098   0.00316   2.56218
   R31        2.03022   0.00132   0.00389  -0.00106   0.00283   2.03305
   R32        2.68944   0.00142   0.00031   0.00293   0.00324   2.69267
   R33        2.03022   0.00132   0.00389  -0.00106   0.00283   2.03305
   R34        2.68944   0.00141   0.00031   0.00293   0.00323   2.69268
   R35        2.55901   0.00182   0.00218   0.00098   0.00316   2.56217
   R36        2.03022   0.00132   0.00389  -0.00106   0.00283   2.03305
   R37        2.68944   0.00141   0.00030   0.00293   0.00323   2.69268
   R38        2.03022   0.00132   0.00389  -0.00106   0.00283   2.03305
   R39        2.68944   0.00141   0.00031   0.00292   0.00323   2.69268
   R40        2.03022   0.00132   0.00390  -0.00107   0.00283   2.03305
   R41        2.55901   0.00182   0.00218   0.00098   0.00316   2.56217
   R42        2.03022   0.00132   0.00389  -0.00106   0.00283   2.03305
    A1        2.11346  -0.00021  -0.00010  -0.00039  -0.00049   2.11297
    A2        2.07308   0.00015  -0.00064   0.00137   0.00074   2.07382
    A3        2.09664   0.00006   0.00074  -0.00098  -0.00025   2.09640
    A4        2.07533   0.00021   0.00010   0.00039   0.00049   2.07582
    A5        2.13252  -0.00041  -0.00021  -0.00078  -0.00098   2.13154
    A6        2.07533   0.00021   0.00010   0.00039   0.00049   2.07582
    A7        2.09439   0.00000   0.00000   0.00000   0.00000   2.09439
    A8        2.09440   0.00000   0.00000   0.00000   0.00000   2.09440
    A9        2.09440   0.00000   0.00000   0.00000   0.00000   2.09439
   A10        2.09440   0.00000   0.00000   0.00000   0.00000   2.09440
   A11        2.09439   0.00000   0.00000   0.00000   0.00000   2.09439
   A12        2.09440   0.00000   0.00000   0.00000   0.00000   2.09440
   A13        2.07533   0.00021   0.00010   0.00039   0.00049   2.07582
   A14        2.07533   0.00021   0.00010   0.00039   0.00049   2.07582
   A15        2.13252  -0.00041  -0.00021  -0.00078  -0.00098   2.13154
   A16        2.11346  -0.00021  -0.00010  -0.00039  -0.00049   2.11297
   A17        2.09664   0.00006   0.00074  -0.00098  -0.00025   2.09640
   A18        2.07308   0.00015  -0.00063   0.00137   0.00074   2.07382
   A19        2.09440   0.00000   0.00000   0.00000   0.00000   2.09440
   A20        2.09440   0.00000   0.00000   0.00000   0.00000   2.09440
   A21        2.09439   0.00000   0.00000   0.00000   0.00000   2.09439
   A22        2.09440   0.00000   0.00000   0.00000   0.00000   2.09440
   A23        2.09439   0.00000   0.00000   0.00000   0.00000   2.09439
   A24        2.09439   0.00000   0.00000   0.00000   0.00000   2.09439
   A25        2.09439   0.00000   0.00000   0.00000   0.00000   2.09439
   A26        2.09440   0.00000   0.00000   0.00000   0.00000   2.09440
   A27        2.09440   0.00000   0.00000   0.00000   0.00000   2.09440
   A28        2.09440   0.00000   0.00000   0.00000   0.00000   2.09439
   A29        2.09439   0.00000   0.00000   0.00000   0.00000   2.09439
   A30        2.09440   0.00000   0.00000   0.00000   0.00000   2.09440
   A31        2.07533   0.00021   0.00010   0.00039   0.00049   2.07582
   A32        2.07533   0.00021   0.00010   0.00039   0.00049   2.07582
   A33        2.13252  -0.00041  -0.00020  -0.00078  -0.00098   2.13154
   A34        2.11346  -0.00021  -0.00010  -0.00039  -0.00049   2.11297
   A35        2.07308   0.00015  -0.00064   0.00137   0.00074   2.07382
   A36        2.09664   0.00006   0.00074  -0.00099  -0.00025   2.09640
   A37        2.11346  -0.00021  -0.00010  -0.00039  -0.00049   2.11297
   A38        2.09664   0.00006   0.00074  -0.00099  -0.00025   2.09640
   A39        2.07308   0.00015  -0.00064   0.00137   0.00074   2.07382
   A40        2.07533   0.00021   0.00010   0.00039   0.00049   2.07582
   A41        2.07533   0.00021   0.00010   0.00039   0.00049   2.07582
   A42        2.13252  -0.00041  -0.00021  -0.00078  -0.00098   2.13154
   A43        2.11346  -0.00021  -0.00010  -0.00039  -0.00049   2.11297
   A44        2.07309   0.00015  -0.00063   0.00137   0.00074   2.07382
   A45        2.09664   0.00006   0.00074  -0.00098  -0.00025   2.09640
   A46        2.11346  -0.00021  -0.00010  -0.00039  -0.00049   2.11297
   A47        2.07309   0.00015  -0.00064   0.00137   0.00074   2.07382
   A48        2.09664   0.00006   0.00074  -0.00098  -0.00024   2.09640
   A49        2.11346  -0.00021  -0.00010  -0.00039  -0.00049   2.11297
   A50        2.07309   0.00015  -0.00063   0.00136   0.00073   2.07382
   A51        2.09663   0.00006   0.00074  -0.00097  -0.00024   2.09639
   A52        2.11346  -0.00021  -0.00010  -0.00039  -0.00049   2.11297
   A53        2.09664   0.00006   0.00074  -0.00098  -0.00024   2.09639
   A54        2.07309   0.00015  -0.00064   0.00137   0.00074   2.07382
   A55        2.07533   0.00021   0.00010   0.00039   0.00049   2.07582
   A56        2.07533   0.00021   0.00010   0.00039   0.00049   2.07582
   A57        2.13252  -0.00041  -0.00021  -0.00077  -0.00098   2.13154
   A58        2.11346  -0.00021  -0.00010  -0.00039  -0.00049   2.11297
   A59        2.07309   0.00015  -0.00064   0.00137   0.00073   2.07382
   A60        2.09664   0.00006   0.00074  -0.00098  -0.00025   2.09640
   A61        2.11346  -0.00021  -0.00010  -0.00039  -0.00049   2.11297
   A62        2.09664   0.00006   0.00074  -0.00098  -0.00024   2.09640
   A63        2.07309   0.00015  -0.00064   0.00137   0.00073   2.07382
   A64        2.07534   0.00021   0.00010   0.00038   0.00049   2.07582
   A65        2.07533   0.00021   0.00010   0.00039   0.00049   2.07582
   A66        2.13252  -0.00041  -0.00021  -0.00077  -0.00098   2.13154
   A67        2.07309   0.00015  -0.00064   0.00137   0.00074   2.07382
   A68        2.11346  -0.00021  -0.00010  -0.00039  -0.00049   2.11297
   A69        2.09664   0.00006   0.00074  -0.00098  -0.00024   2.09640
   A70        2.11346  -0.00021  -0.00010  -0.00039  -0.00049   2.11297
   A71        2.07309   0.00015  -0.00063   0.00137   0.00073   2.07382
   A72        2.09664   0.00006   0.00074  -0.00098  -0.00024   2.09640
    D1        0.00002   0.00000   0.00000   0.00000   0.00000   0.00002
    D2       -3.14150   0.00000   0.00000  -0.00008  -0.00008  -3.14157
    D3       -3.14158   0.00000   0.00000   0.00001   0.00001  -3.14157
    D4        0.00009   0.00000   0.00000  -0.00007  -0.00007   0.00002
    D5       -0.00003   0.00000   0.00000   0.00002   0.00002  -0.00001
    D6        3.14157   0.00000   0.00000   0.00000   0.00001   3.14158
    D7        3.14157   0.00000   0.00000   0.00002   0.00002   3.14158
    D8       -0.00002   0.00000   0.00000   0.00000   0.00000  -0.00002
    D9        0.00005   0.00000   0.00001  -0.00007  -0.00007  -0.00002
   D10        3.14158   0.00000   0.00000   0.00002   0.00001  -3.14159
   D11        3.14157   0.00000   0.00000   0.00001   0.00001   3.14157
   D12       -0.00008   0.00000  -0.00001   0.00009   0.00009   0.00000
   D13        3.14147   0.00000  -0.00001   0.00014   0.00013  -3.14158
   D14       -0.00013   0.00000  -0.00001   0.00013   0.00012  -0.00001
   D15       -0.00005   0.00000  -0.00001   0.00006   0.00005   0.00001
   D16        3.14153   0.00000   0.00000   0.00005   0.00004   3.14158
   D17       -0.00010   0.00000  -0.00001   0.00012   0.00011   0.00001
   D18        3.14148   0.00000  -0.00001   0.00015   0.00014  -3.14157
   D19        3.14155   0.00000   0.00000   0.00003   0.00003   3.14158
   D20       -0.00006   0.00000   0.00000   0.00006   0.00006   0.00000
   D21       -3.14138   0.00000   0.00002  -0.00025  -0.00023   3.14158
   D22        0.00017   0.00000   0.00002  -0.00019  -0.00018  -0.00001
   D23        0.00016   0.00000   0.00001  -0.00017  -0.00015   0.00000
   D24       -3.14148   0.00000   0.00001  -0.00010  -0.00010  -3.14158
   D25        0.00010   0.00000   0.00001  -0.00009  -0.00009   0.00001
   D26       -3.14154   0.00000   0.00000  -0.00004  -0.00004  -3.14158
   D27       -3.14149   0.00000   0.00001  -0.00013  -0.00012   3.14158
   D28        0.00006   0.00000   0.00001  -0.00007  -0.00007   0.00000
   D29       -0.00010   0.00000   0.00000   0.00009   0.00008  -0.00002
   D30        3.14159   0.00000   0.00000  -0.00002  -0.00002   3.14157
   D31        3.14148   0.00000  -0.00001   0.00012   0.00011   3.14159
   D32       -0.00001   0.00000   0.00000   0.00002   0.00001   0.00000
   D33       -0.00003   0.00000   0.00000   0.00002   0.00002  -0.00001
   D34        3.14155   0.00000   0.00000   0.00004   0.00004  -3.14159
   D35       -3.14158   0.00000   0.00000  -0.00003  -0.00003   3.14158
   D36        0.00001   0.00000   0.00000  -0.00001  -0.00001   0.00000
   D37       -0.00005   0.00000   0.00000   0.00006   0.00005   0.00000
   D38        3.14154   0.00000   0.00000   0.00004   0.00004   3.14158
   D39        3.14150   0.00000  -0.00001   0.00011   0.00010  -3.14158
   D40       -0.00010   0.00000  -0.00001   0.00010   0.00009  -0.00001
   D41       -0.00010   0.00000  -0.00001   0.00012   0.00011   0.00001
   D42        3.14145   0.00000  -0.00001   0.00016   0.00015  -3.14159
   D43        3.14154   0.00000  -0.00001   0.00005   0.00005   3.14159
   D44       -0.00009   0.00000  -0.00001   0.00010   0.00009   0.00000
   D45       -0.00012   0.00000  -0.00001   0.00014   0.00012   0.00000
   D46       -3.14159   0.00000   0.00000  -0.00001  -0.00001   3.14159
   D47        3.14142   0.00000  -0.00001   0.00020   0.00018  -3.14158
   D48       -0.00004   0.00000  -0.00001   0.00006   0.00005   0.00001
   D49        0.00016   0.00000   0.00001  -0.00014  -0.00013   0.00003
   D50       -3.14143   0.00000   0.00001  -0.00016  -0.00015  -3.14158
   D51       -3.14153   0.00000   0.00000  -0.00003  -0.00003  -3.14156
   D52        0.00006   0.00000   0.00000  -0.00006  -0.00005   0.00001
   D53        3.14151   0.00000   0.00000   0.00007   0.00007   3.14158
   D54       -0.00005   0.00000  -0.00001   0.00006   0.00005   0.00000
   D55        0.00002   0.00000   0.00000  -0.00003  -0.00003  -0.00001
   D56       -3.14154   0.00000   0.00000  -0.00004  -0.00004  -3.14159
   D57       -0.00006   0.00000   0.00000   0.00003   0.00003  -0.00003
   D58        3.14158   0.00000   0.00000  -0.00001  -0.00001   3.14157
   D59        3.14153   0.00000   0.00000   0.00006   0.00006   3.14159
   D60       -0.00002   0.00000   0.00000   0.00002   0.00002   0.00000
   D61       -0.00009   0.00000  -0.00001   0.00008   0.00008  -0.00001
   D62        3.14148   0.00000  -0.00002   0.00016   0.00014  -3.14156
   D63        3.14150   0.00000   0.00000   0.00006   0.00006   3.14156
   D64       -0.00011   0.00000  -0.00001   0.00013   0.00012   0.00001
   D65        0.00015   0.00000   0.00001  -0.00015  -0.00013   0.00001
   D66       -3.14144   0.00000   0.00001  -0.00017  -0.00015  -3.14159
   D67       -3.14149   0.00000   0.00001  -0.00010  -0.00010  -3.14159
   D68        0.00011   0.00000   0.00001  -0.00013  -0.00012   0.00000
   D69        0.00003   0.00000   0.00000  -0.00002  -0.00002   0.00001
   D70       -3.14153   0.00000   0.00000  -0.00005  -0.00005  -3.14158
   D71       -3.14154   0.00000   0.00001  -0.00010  -0.00009   3.14156
   D72        0.00009   0.00000   0.00001  -0.00013  -0.00012  -0.00003
   D73       -3.14140   0.00000   0.00002  -0.00022  -0.00020   3.14158
   D74        0.00014   0.00000   0.00002  -0.00018  -0.00016  -0.00002
   D75        0.00017   0.00000   0.00001  -0.00015  -0.00014   0.00004
   D76       -3.14147   0.00000   0.00001  -0.00010  -0.00010  -3.14157
   D77        0.00005   0.00000   0.00001  -0.00007  -0.00006  -0.00001
   D78       -3.14154   0.00000   0.00000  -0.00005  -0.00005  -3.14158
   D79       -3.14158   0.00000   0.00001  -0.00004  -0.00003   3.14158
   D80        0.00002   0.00000   0.00000  -0.00002  -0.00002   0.00000
   D81       -0.00008   0.00000  -0.00001   0.00009   0.00008   0.00001
   D82        3.14149   0.00000  -0.00001   0.00011   0.00010   3.14159
   D83        3.14151   0.00000   0.00000   0.00008   0.00007   3.14158
   D84       -0.00011   0.00000   0.00000   0.00009   0.00009  -0.00002
   D85        0.00007   0.00000   0.00001  -0.00008  -0.00007   0.00000
   D86       -3.14153   0.00000   0.00000  -0.00006  -0.00005  -3.14158
   D87       -3.14150   0.00000   0.00001  -0.00009  -0.00009  -3.14158
   D88        0.00009   0.00000   0.00000  -0.00007  -0.00007   0.00002
   D89       -0.00002   0.00000   0.00000   0.00002   0.00002   0.00000
   D90        3.14158   0.00000  -0.00001   0.00004   0.00003  -3.14158
   D91        3.14158   0.00000   0.00000   0.00000   0.00000   3.14158
   D92       -0.00001   0.00000   0.00000   0.00001   0.00001   0.00000
   D93        0.00009   0.00000   0.00001  -0.00012  -0.00011  -0.00002
   D94       -3.14154   0.00000   0.00000  -0.00004  -0.00004  -3.14158
   D95       -3.14149   0.00000   0.00001  -0.00010  -0.00010  -3.14158
   D96        0.00007   0.00000   0.00000  -0.00003  -0.00003   0.00004
   D97       -0.00001   0.00000   0.00000   0.00002   0.00002   0.00001
   D98        3.14145   0.00000  -0.00001   0.00017   0.00015  -3.14158
   D99       -3.14156   0.00000   0.00001  -0.00005  -0.00005   3.14157
   D100      -0.00010   0.00000   0.00000   0.00009   0.00009  -0.00002
   D101       0.00013   0.00000   0.00002  -0.00016  -0.00014  -0.00002
   D102      -3.14147   0.00000   0.00000  -0.00009  -0.00009  -3.14156
   D103      -3.14133   0.00000   0.00003  -0.00031  -0.00028   3.14157
   D104       0.00026   0.00000   0.00001  -0.00024  -0.00023   0.00003
   D105      -0.00008   0.00000  -0.00001   0.00011   0.00010   0.00002
   D106       3.14153   0.00000  -0.00001   0.00011   0.00009  -3.14157
   D107       3.14152   0.00000   0.00000   0.00004   0.00004   3.14156
   D108      -0.00006   0.00000   0.00000   0.00004   0.00004  -0.00003
   D109      -0.00006   0.00000   0.00000   0.00004   0.00004  -0.00002
   D110       3.14152   0.00000   0.00000   0.00006   0.00006   3.14158
   D111       3.14152   0.00000   0.00000   0.00005   0.00005   3.14157
   D112      -0.00008   0.00000   0.00000   0.00007   0.00007  -0.00001
   D113      -0.00008   0.00000   0.00000   0.00008   0.00008  -0.00001
   D114       3.14151   0.00000   0.00000   0.00008   0.00007   3.14158
   D115       3.14152   0.00000   0.00000   0.00006   0.00005   3.14157
   D116      -0.00008   0.00000   0.00000   0.00005   0.00005  -0.00002
   D117      -0.00004   0.00000  -0.00001   0.00008   0.00007   0.00002
   D118       3.14155   0.00000  -0.00001   0.00008   0.00007  -3.14157
   D119       3.14149   0.00000  -0.00001   0.00012   0.00011  -3.14159
   D120      -0.00010   0.00000  -0.00001   0.00012   0.00011   0.00001
         Item               Value     Threshold  Converged?
 Maximum Force            0.002396     0.000450     NO 
 RMS     Force            0.000659     0.000300     NO 
 Maximum Displacement     0.009857     0.001800     NO 
 RMS     Displacement     0.003019     0.001200     NO 
 Predicted change in Energy=-1.078673D-04
 GradGradGradGradGradGradGradGradGradGradGradGradGradGradGradGradGradGrad

                          Input orientation:                          
 ---------------------------------------------------------------------
 Center     Atomic      Atomic             Coordinates (Angstroms)
 Number     Number       Type             X           Y           Z
 ---------------------------------------------------------------------
      1          6           0       -2.938822   -2.741767   -0.340126
      2          6           0       -1.513920   -2.742932   -0.339906
      3          6           0       -0.835877   -1.518836   -0.339427
      4          6           0       -1.571205   -0.295884   -0.339190
      5          6           0       -2.970324   -0.320730   -0.339431
      6          6           0       -3.637485   -1.579794   -0.339901
      7          6           0        0.590893   -1.493499   -0.339202
      8          6           0       -0.879762    0.952403   -0.338730
      9          6           0        0.547009    0.977740   -0.338482
     10          6           0        1.282337   -0.245211   -0.338734
     11          6           0        1.225051    2.201836   -0.338020
     12          6           0        0.468250    3.409146   -0.337815
     13          6           0       -0.887380    3.385073   -0.338050
     14          6           0       -1.600838    2.151653   -0.338521
     15          6           0       -3.024799    2.099900   -0.338769
     16          6           0       -3.681767    0.913852   -0.339205
     17          1           0       -4.757400    0.892599   -0.339402
     18          1           0       -3.577334    3.023017   -0.338617
     19          1           0       -3.458232   -3.683921   -0.340473
     20          1           0       -4.713195   -1.596743   -0.340087
     21          1           0        0.991427    4.349213   -0.337472
     22          1           0       -1.443604    4.305971   -0.337898
     23          6           0       -0.757120   -3.950241   -0.340157
     24          6           0        0.598512   -3.926168   -0.339929
     25          6           0        1.311970   -2.692749   -0.339450
     26          1           0       -1.280294   -4.890309   -0.340512
     27          1           0        1.154734   -4.847067   -0.340139
     28          6           0        2.735932   -2.640995   -0.339219
     29          6           0        3.392899   -1.454949   -0.338787
     30          6           0        2.681455   -0.220366   -0.338518
     31          1           0        3.288466   -3.564113   -0.339445
     32          1           0        4.468533   -1.433694   -0.338643
     33          6           0        2.649953    2.200672   -0.337824
     34          1           0        3.169363    3.142825   -0.337477
     35          6           0        3.348616    1.038698   -0.338050
     36          1           0        4.424326    1.055648   -0.337873
 ---------------------------------------------------------------------
                    Distance matrix (angstroms):
                    1          2          3          4          5
     1  C    0.000000
     2  C    1.424903   0.000000
     3  C    2.432682   1.399340   0.000000
     4  C    2.802271   2.447718   1.426996   0.000000
     5  C    2.421243   2.826336   2.447718   1.399340   0.000000
     6  C    1.355843   2.421243   2.802272   2.432682   1.424903
     7  C    3.743937   2.447717   1.426995   2.471628   3.749354
     8  C    4.229258   3.749354   2.471628   1.426995   2.447716
     9  C    5.097623   4.253331   2.853991   2.471629   3.749354
    10  C    4.904180   3.749355   2.471629   2.853991   4.253331
    11  C    6.463518   5.652671   4.253331   3.749354   4.895356
    12  C    7.031493   6.463518   5.097623   4.229259   5.073043
    13  C    6.461160   6.159951   4.904179   3.743937   4.251074
    14  C    5.073043   4.895356   3.749354   2.447717   2.826335
    15  C    4.842430   5.073044   4.229259   2.802270   2.421242
    16  C    3.730352   4.251074   3.743937   2.432681   1.424901
    17  H    4.063969   4.872088   4.603625   3.400637   2.160048
    18  H    5.800038   6.124038   5.305093   3.878100   3.398397
    19  H    1.075844   2.160049   3.400638   3.878101   3.398398
    20  H    2.111748   3.398398   3.878101   3.400638   2.160049
    21  H    8.107334   7.521654   6.145978   5.305093   6.124037
    22  H    7.204603   7.049254   5.856425   4.603624   4.872087
    23  C    2.494040   1.424901   2.432680   3.743936   4.251073
    24  C    3.730353   2.421242   2.802269   4.229258   5.073043
    25  C    4.251075   2.826335   2.447717   3.749354   4.895357
    26  H    2.714212   2.160049   3.400638   4.603625   4.872089
    27  H    4.603204   3.398397   3.878099   5.305093   6.124037
    28  C    5.675650   4.251075   3.743937   4.904179   6.159951
    29  C    6.461161   5.073044   4.229258   5.097623   6.463518
    30  C    6.159950   4.895356   3.749353   4.253331   5.652670
    31  H    6.281351   4.872089   4.603624   5.856425   7.049254
    32  H    7.521966   6.124038   5.305093   6.145977   7.521654
    33  C    7.460705   6.463517   5.097622   4.904178   6.159949
    34  H    8.481649   7.521654   6.145977   5.856424   7.049253
    35  C    7.336471   6.159950   4.904178   5.097622   6.463517
    36  H    8.284705   7.049254   5.856425   6.145977   7.521653
                    6          7          8          9         10
     6  C    0.000000
     7  C    4.229259   0.000000
     8  C    3.743937   2.853990   0.000000
     9  C    4.904179   2.471629   1.426996   0.000000
    10  C    5.097623   1.426996   2.471628   1.426995   0.000000
    11  C    6.159950   3.749354   2.447717   1.399340   2.447717
    12  C    6.461161   4.904179   2.802272   2.432682   3.743937
    13  C    5.675649   5.097622   2.432682   2.802271   4.229259
    14  C    4.251074   4.253330   1.399340   2.447717   3.749354
    15  C    3.730353   5.097622   2.432681   3.743936   4.904178
    16  C    2.494040   4.904178   2.802270   4.229258   5.097622
    17  H    2.714211   5.856424   3.878100   5.305093   6.145977
    18  H    4.603204   6.145977   3.400638   4.603625   5.856425
    19  H    2.111748   4.603625   5.305092   6.145978   5.856426
    20  H    1.075844   5.305093   4.603625   5.856425   6.145978
    21  H    7.521965   5.856425   3.878101   3.400638   4.603625
    22  H    6.281350   6.145977   3.400638   3.878100   5.305093
    23  C    3.730351   2.802270   4.904177   5.097622   4.229259
    24  C    4.842431   2.432680   5.097621   4.904178   3.743936
    25  C    5.073044   1.399340   4.253330   3.749354   2.447718
    26  H    4.063970   3.878100   5.856424   6.145977   5.305093
    27  H    5.800037   3.400637   6.145976   5.856425   4.603625
    28  C    6.461161   2.432682   5.097622   4.229259   2.802271
    29  C    7.031493   2.802271   4.904179   3.743937   2.432682
    30  C    6.463517   2.447717   3.749354   2.447717   1.399339
    31  H    7.204604   3.400638   6.145977   5.305093   3.878101
    32  H    8.107334   3.878101   5.856425   4.603625   3.400638
    33  C    7.336471   4.229259   3.743937   2.432681   2.802270
    34  H    8.284704   5.305093   4.603625   3.400637   3.878100
    35  C    7.460705   3.743937   4.229259   2.802270   2.432681
    36  H    8.481649   4.603625   5.305093   3.878100   3.400637
                   11         12         13         14         15
    11  C    0.000000
    12  C    1.424902   0.000000
    13  C    2.421242   1.355844   0.000000
    14  C    2.826335   2.421243   1.424903   0.000000
    15  C    4.251073   3.730352   2.494040   1.424901   0.000000
    16  C    5.073043   4.842430   3.730352   2.421242   1.355844
    17  H    6.124037   5.800038   4.603204   3.398397   2.111748
    18  H    4.872088   4.063969   2.714210   2.160048   1.075844
    19  H    7.521654   8.107334   7.521965   6.124037   5.800038
    20  H    7.049254   7.204603   6.281350   4.872088   4.063970
    21  H    2.160049   1.075844   2.111748   3.398398   4.603204
    22  H    3.398398   2.111748   1.075844   2.160049   2.714209
    23  C    6.463517   7.460705   7.336470   6.159949   6.461159
    24  C    6.159950   7.336471   7.460704   6.463516   7.031491
    25  C    4.895357   6.159951   6.463517   5.652671   6.463517
    26  H    7.521654   8.481649   8.284704   7.049254   7.204604
    27  H    7.049254   8.284704   8.481648   7.521653   8.107333
    28  C    5.073044   6.461161   7.031493   6.463518   7.460705
    29  C    4.251075   5.675649   6.461160   6.159950   7.336471
    30  C    2.826336   4.251075   5.073044   4.895356   6.159949
    31  H    6.124038   7.521965   8.107334   7.521654   8.481648
    32  H    4.872089   6.281350   7.204603   7.049254   8.284703
    33  C    1.424902   2.494040   3.730352   4.251074   5.675647
    34  H    2.160049   2.714211   4.063970   4.872088   6.281349
    35  C    2.421243   3.730353   4.842431   5.073043   6.461159
    36  H    3.398398   4.603205   5.800038   6.124038   7.521964
                   16         17         18         19         20
    16  C    0.000000
    17  H    1.075844   0.000000
    18  H    2.111748   2.435413   0.000000
    19  H    4.603204   4.757349   6.707995   0.000000
    20  H    2.714210   2.489735   4.757349   2.435414   0.000000
    21  H    5.800038   6.707995   4.757349   9.183175   8.239971
    22  H    4.063969   4.757348   2.489734   8.239970   6.747760
    23  C    5.675647   6.281349   7.521963   2.714210   4.603204
    24  C    6.461159   7.204603   8.107333   4.063970   5.800038
    25  C    6.159950   7.049253   7.521653   4.872089   6.124038
    26  H    6.281350   6.747762   8.239971   2.489736   4.757350
    27  H    7.521963   8.239969   9.183174   4.757349   6.707995
    28  C    7.336471   8.284704   8.481649   6.281351   7.521965
    29  C    7.460705   8.481648   8.284704   7.204604   8.107334
    30  C    6.463517   7.521653   7.049253   7.049254   7.521654
    31  H    8.284704   9.197730   9.514698   6.747762   8.239971
    32  H    8.481648   9.514698   9.197730   8.239971   9.183176
    33  C    6.461159   7.521964   6.281349   8.481648   8.284704
    34  H    7.204603   8.239970   6.747761   9.514698   9.197730
    35  C    7.031491   8.107333   7.204603   8.284704   8.481648
    36  H    8.107333   9.183174   8.239970   9.197731   9.514698
                   21         22         23         24         25
    21  H    0.000000
    22  H    2.435414   0.000000
    23  C    8.481648   8.284703   0.000000
    24  C    8.284703   8.481648   1.355845   0.000000
    25  C    7.049254   7.521654   2.421243   1.424901   0.000000
    26  H    9.514699   9.197730   1.075844   2.111748   3.398397
    27  H    9.197730   9.514698   2.111748   1.075844   2.160048
    28  C    7.204604   8.107334   3.730353   2.494040   1.424903
    29  C    6.281351   7.521965   4.842431   3.730352   2.421243
    30  C    4.872089   6.124038   5.073043   4.251073   2.826335
    31  H    8.239971   9.183175   4.063970   2.714210   2.160049
    32  H    6.747761   8.239970   5.800039   4.603204   3.398398
    33  C    2.714211   4.603205   7.031492   6.461159   5.073043
    34  H    2.489735   4.757350   8.107333   7.521964   6.124038
    35  C    4.063970   5.800038   6.461160   5.675647   4.251074
    36  H    4.757349   6.707995   7.204604   6.281350   4.872089
                   26         27         28         29         30
    26  H    0.000000
    27  H    2.435412   0.000000
    28  C    4.603204   2.714211   0.000000
    29  C    5.800038   4.063970   1.355844   0.000000
    30  C    6.124037   4.872088   2.421242   1.424902   0.000000
    31  H    4.757349   2.489735   1.075844   2.111748   3.398398
    32  H    6.707995   4.757350   2.111748   1.075844   2.160049
    33  C    8.107333   7.204603   4.842431   3.730353   2.421243
    34  H    9.183175   8.239970   5.800038   4.603204   3.398398
    35  C    7.521964   6.281350   3.730352   2.494040   1.424902
    36  H    8.239970   6.747762   4.063970   2.714211   2.160049
                   31         32         33         34         35
    31  H    0.000000
    32  H    2.435415   0.000000
    33  C    5.800038   4.063969   0.000000
    34  H    6.707995   4.757348   1.075844   0.000000
    35  C    4.603205   2.714210   1.355844   2.111748   0.000000
    36  H    4.757350   2.489735   2.111748   2.435413   1.075844
                   36
    36  H    0.000000
 Stoichiometry    C24H12
 Framework group  C1[X(C24H12)]
 Deg. of freedom   102
 Full point group                 C1      NOp   1
 Largest Abelian subgroup         C1      NOp   1
 Largest concise Abelian subgroup C1      NOp   1
                         Standard orientation:                         
 ---------------------------------------------------------------------
 Center     Atomic      Atomic             Coordinates (Angstroms)
 Number     Number       Type             X           Y           Z
 ---------------------------------------------------------------------
      1          6           0        3.438299   -1.446939   -0.000008
      2          6           0        2.088711   -1.904063   -0.000004
      3          6           0        1.054574   -0.961348   -0.000022
      4          6           0        1.359838    0.432615   -0.000020
      5          6           0        2.693322    0.856846   -0.000007
      6          6           0        3.728341   -0.122483   -0.000007
      7          6           0       -0.305263   -1.393962   -0.000016
      8          6           0        0.305264    1.393961   -0.000010
      9          6           0       -1.054575    0.961347   -0.000026
     10          6           0       -1.359839   -0.432615   -0.000013
     11          6           0       -2.088711    1.904063   -0.000027
     12          6           0       -1.758098    3.290080   -0.000001
     13          6           0       -0.466062    3.701124    0.000013
     14          6           0        0.604612    2.760908    0.000014
     15          6           0        1.970243    3.167597    0.000024
     16          6           0        2.972235    2.254183    0.000013
     17          1           0        3.998098    2.578290    0.000034
     18          1           0        2.198285    4.218994    0.000052
     19          1           0        4.231914   -2.173310   -0.000016
     20          1           0        4.752899    0.205727    0.000005
     21          1           0       -2.554614    4.013268    0.000010
     22          1           0       -0.233814    4.751600    0.000041
     23          6           0        1.758098   -3.290078    0.000016
     24          6           0        0.466062   -3.701123    0.000008
     25          6           0       -0.604611   -2.760909   -0.000002
     26          1           0        2.554613   -4.013268    0.000016
     27          1           0        0.233816   -4.751599    0.000039
     28          6           0       -1.970244   -3.167597    0.000007
     29          6           0       -2.972236   -2.254184    0.000021
     30          6           0       -2.693322   -0.856846   -0.000001
     31          1           0       -2.198285   -4.218995    0.000052
     32          1           0       -3.998099   -2.578289    0.000053
     33          6           0       -3.438298    1.446940    0.000000
     34          1           0       -4.231913    2.173310    0.000008
     35          6           0       -3.728341    0.122482    0.000000
     36          1           0       -4.752899   -0.205726   -0.000003
 ---------------------------------------------------------------------
 Rotational constants (GHZ):      0.3369965      0.3369965      0.1684983
 Standard basis: 6-31++G(d,p) (6D, 7F)
 There are   528 symmetry adapted basis functions of A   symmetry.
 Integral buffers will be    262144 words long.
 Raffenetti 1 integral format.
 Two-electron integral symmetry is turned on.
   528 basis functions,   864 primitive gaussians,   528 cartesian basis functions
    78 alpha electrons       78 beta electrons
       nuclear repulsion energy      1840.3183200261 Hartrees.
 NAtoms=   36 NActive=   36 NUniq=   36 SFac= 7.50D-01 NAtFMM=   80 NAOKFM=F Big=F
 One-electron integrals computed using PRISM.
 NBasis=   528 RedAO= T  NBF=   528
 NBsUse=   509 1.00D-06 NBFU=   509
 Initial guess read from the read-write file.
 B after Tr=     0.000000    0.000000    0.000000
         Rot=    1.000000    0.000000    0.000000    0.000000 Ang=   0.00 deg.
 Initial guess orbital symmetries:
       Occupied  (A) (A) (A) (A) (A) (A) (A) (A) (A) (A) (A) (A)
                 (A) (A) (A) (A) (A) (A) (A) (A) (A) (A) (A) (A)
                 (A) (A) (A) (A) (A) (A) (A) (A) (A) (A) (A) (A)
                 (A) (A) (A) (A) (A) (A) (A) (A) (A) (A) (A) (A)
                 (A) (A) (A) (A) (A) (A) (A) (A) (A) (A) (A) (A)
                 (A) (A) (A) (A) (A) (A) (A) (A) (A) (A) (A) (A)
                 (A) (A) (A) (A) (A) (A)
       Virtual   (A) (A) (A) (A) (A) (A) (A) (A) (A) (A) (A) (A)
                 (A) (A) (A) (A) (A) (A) (A) (A) (A) (A) (A) (A)
                 (A) (A) (A) (A) (A) (A) (A) (A) (A) (A) (A) (A)
                 (A) (A) (A) (A) (A) (A) (A) (A) (A) (A) (A) (A)
                 (A) (A) (A) (A) (A) (A) (A) (A) (A) (A) (A) (A)
                 (A) (A) (A) (A) (A) (A) (A) (A) (A) (A) (A) (A)
                 (A) (A) (A) (A) (A) (A) (A) (A) (A) (A) (A) (A)
                 (A) (A) (A) (A) (A) (A) (A) (A) (A) (A) (A) (A)
                 (A) (A) (A) (A) (A) (A) (A) (A) (A) (A) (A) (A)
                 (A) (A) (A) (A) (A) (A) (A) (A) (A) (A) (A) (A)
                 (A) (A) (A) (A) (A) (A) (A) (A) (A) (A) (A) (A)
                 (A) (A) (A) (A) (A) (A) (A) (A) (A) (A) (A) (A)
                 (A) (A) (A) (A) (A) (A) (A) (A) (A) (A) (A) (A)
                 (A) (A) (A) (A) (A) (A) (A) (A) (A) (A) (A) (A)
                 (A) (A) (A) (A) (A) (A) (A) (A) (A) (A) (A) (A)
                 (A) (A) (A) (A) (A) (A) (A) (A) (A) (A) (A) (A)
                 (A) (A) (A) (A) (A) (A) (A) (A) (A) (A) (A) (A)
                 (A) (A) (A) (A) (A) (A) (A) (A) (A) (A) (A) (A)
                 (A) (A) (A) (A) (A) (A) (A) (A) (A) (A) (A) (A)
                 (A) (A) (A) (A) (A) (A) (A) (A) (A) (A) (A) (A)
                 (A) (A) (A) (A) (A) (A) (A) (A) (A) (A) (A) (A)
                 (A) (A) (A) (A) (A) (A) (A) (A) (A) (A) (A) (A)
                 (A) (A) (A) (A) (A) (A) (A) (A) (A) (A) (A) (A)
                 (A) (A) (A) (A) (A) (A) (A) (A) (A) (A) (A) (A)
                 (A) (A) (A) (A) (A) (A) (A) (A) (A) (A) (A) (A)
                 (A) (A) (A) (A) (A) (A) (A) (A) (A) (A) (A) (A)
                 (A) (A) (A) (A) (A) (A) (A) (A) (A) (A) (A) (A)
                 (A) (A) (A) (A) (A) (A) (A) (A) (A) (A) (A) (A)
                 (A) (A) (A) (A) (A) (A) (A) (A) (A) (A) (A) (A)
                 (A) (A) (A) (A) (A) (A) (A) (A) (A) (A) (A) (A)
                 (A) (A) (A) (A) (A) (A) (A) (A) (A) (A) (A) (A)
                 (A) (A) (A) (A) (A) (A) (A) (A) (A) (A) (A) (A)
                 (A) (A) (A) (A) (A) (A) (A) (A) (A) (A) (A) (A)
                 (A) (A) (A) (A) (A) (A) (A) (A) (A) (A) (A) (A)
                 (A) (A) (A) (A) (A) (A) (A) (A) (A) (A) (A) (A)
                 (A) (A) (A) (A) (A) (A) (A) (A) (A) (A) (A)
 Requested convergence on RMS density matrix=1.00D-08 within 128 cycles.
 Requested convergence on MAX density matrix=1.00D-06.
 Requested convergence on             energy=1.00D-06.
 No special actions if energy rises.
 SCF Done:  E(RHF) =  -915.993482644     A.U. after   17 cycles
             Convg  =    0.4715D-08             -V/T =  2.0009
 Calling FoFJK, ICntrl=      2127 FMM=F ISym2X=0 I1Cent= 0 IOpClX= 0 NMat=1 NMatS=1 NMatT=0.
 ***** Axes restored to original set *****
 -------------------------------------------------------------------
 Center     Atomic                   Forces (Hartrees/Bohr)
 Number     Number              X              Y              Z
 -------------------------------------------------------------------
      1        6          -0.000184800    0.000233222    0.000000195
      2        6           0.000407936    0.000737624    0.000001630
      3        6          -0.000281853   -0.000507091   -0.000002325
      4        6          -0.000579879   -0.000010967   -0.000000749
      5        6           0.000842455    0.000014395    0.000000175
      6        6           0.000119400   -0.000272551   -0.000000450
      7        6           0.000299645   -0.000497102    0.000000111
      8        6          -0.000298860    0.000497984    0.000001114
      9        6           0.000280988    0.000507224   -0.000000433
     10        6           0.000579476    0.000009907    0.000001634
     11        6          -0.000408107   -0.000737072   -0.000005288
     12        6          -0.000296035    0.000033009    0.000001237
     13        6           0.000294552    0.000043574   -0.000001728
     14        6           0.000434707   -0.000722214    0.000002605
     15        6          -0.000177359   -0.000240284   -0.000001382
     16        6           0.000109614    0.000277731   -0.000000804
     17        1          -0.000149024   -0.000026109    0.000000565
     18        1          -0.000056901    0.000140204    0.000000598
     19        1          -0.000051971   -0.000142110   -0.000000804
     20        1          -0.000149876    0.000020745    0.000000597
     21        1           0.000092907    0.000119452    0.000000259
     22        1          -0.000097031    0.000116051    0.000000500
     23        6           0.000297236   -0.000033693    0.000003027
     24        6          -0.000295559   -0.000043940   -0.000002935
     25        6          -0.000434113    0.000722444    0.000001583
     26        1          -0.000093026   -0.000119297   -0.000001113
     27        1           0.000097159   -0.000116007    0.000001275
     28        6           0.000176637    0.000240018   -0.000004749
     29        6          -0.000109756   -0.000277245    0.000001521
     30        6          -0.000842048   -0.000014580   -0.000000299
     31        1           0.000057008   -0.000140187    0.000001781
     32        1           0.000149039    0.000026014    0.000000508
     33        6           0.000185204   -0.000233493    0.000003087
     34        1           0.000051931    0.000142129    0.000000107
     35        6          -0.000119588    0.000273031   -0.000000077
     36        1           0.000149890   -0.000020818   -0.000000969
 -------------------------------------------------------------------
 Cartesian Forces:  Max     0.000842455 RMS     0.000265650

 GradGradGradGradGradGradGradGradGradGradGradGradGradGradGradGradGradGrad
 Berny optimization.
 Using GEDIIS/GDIIS optimizer.
 Internal  Forces:  Max     0.000529138 RMS     0.000109205
 Search for a local minimum.
 Step number   3 out of a maximum of  216
 All quantities printed in internal units (Hartrees-Bohrs-Radians)
 Mixed Optimization -- En-DIIS/RFO-DIIS
 Swaping is turned off.
 Update second derivatives using D2CorX and points    1    2    3
 DE= -1.11D-04 DEPred=-1.08D-04 R= 1.02D+00
 SS=  1.41D+00  RLast= 2.12D-02 DXNew= 8.4853D-01 6.3578D-02
 Trust test= 1.02D+00 RLast= 2.12D-02 DXMaxT set to 5.05D-01
     Eigenvalues ---    0.01765   0.01766   0.01766   0.01778   0.01797
     Eigenvalues ---    0.01797   0.01798   0.01798   0.01802   0.01821
     Eigenvalues ---    0.01825   0.01833   0.01833   0.01836   0.01836
     Eigenvalues ---    0.02003   0.02003   0.02029   0.02050   0.02071
     Eigenvalues ---    0.02071   0.02074   0.02074   0.02092   0.02092
     Eigenvalues ---    0.02097   0.02105   0.02209   0.02226   0.02226
     Eigenvalues ---    0.02238   0.02242   0.02242   0.16000   0.16000
     Eigenvalues ---    0.16000   0.16000   0.16000   0.16000   0.16000
     Eigenvalues ---    0.16000   0.16000   0.16000   0.16000   0.16006
     Eigenvalues ---    0.22324   0.22523   0.22523   0.22625   0.22625
     Eigenvalues ---    0.22760   0.24304   0.24439   0.24439   0.24662
     Eigenvalues ---    0.24662   0.25000   0.25000   0.25000   0.25000
     Eigenvalues ---    0.30226   0.32104   0.32104   0.33597   0.33598
     Eigenvalues ---    0.33598   0.33598   0.33598   0.33598   0.33598
     Eigenvalues ---    0.33598   0.33598   0.33599   0.33599   0.34817
     Eigenvalues ---    0.36484   0.37521   0.37539   0.37540   0.39636
     Eigenvalues ---    0.39637   0.39695   0.39982   0.39982   0.40523
     Eigenvalues ---    0.41178   0.41178   0.41512   0.41512   0.41518
     Eigenvalues ---    0.42662   0.42812   0.42812   0.43149   0.43150
     Eigenvalues ---    0.43713   0.49876   0.49877   0.49942   0.49943
     Eigenvalues ---    0.49967   0.595711000.000001000.000001000.00000
     Eigenvalues --- 1000.000001000.000001000.000001000.000001000.00000
     Eigenvalues --- 1000.000001000.000001000.000001000.000001000.00000
     Eigenvalues --- 1000.000001000.000001000.000001000.000001000.00000
     Eigenvalues --- 1000.000001000.000001000.000001000.000001000.00000
     Eigenvalues --- 1000.000001000.000001000.000001000.000001000.00000
     Eigenvalues --- 1000.000001000.000001000.000001000.000001000.00000
     Eigenvalues --- 1000.000001000.000001000.000001000.000001000.00000
     Eigenvalues --- 1000.000001000.000001000.000001000.000001000.00000
     Eigenvalues --- 1000.000001000.000001000.000001000.000001000.00000
     Eigenvalues --- 1000.000001000.000001000.000001000.000001000.00000
     Eigenvalues --- 1000.000001000.000001000.000001000.000001000.00000
     Eigenvalues --- 1000.000001000.000001000.000001000.000001000.00000
     Eigenvalues --- 1000.000001000.000001000.000001000.000001000.00000
     Eigenvalues --- 1000.000001000.000001000.000001000.000001000.00000
     Eigenvalues --- 1000.000001000.000001000.000001000.000001000.00000
     Eigenvalues --- 1000.000001000.000001000.000001000.000001000.00000
     Eigenvalues --- 1000.000001000.000001000.000001000.000001000.00000
     Eigenvalues --- 1000.000001000.000001000.000001000.000001000.00000
     Eigenvalues --- 1000.000001000.000001000.000001000.000001000.00000
     Eigenvalues --- 1000.000001000.000001000.000001000.000001000.00000
     Eigenvalues --- 1000.000001000.000001000.000001000.000001000.00000
     Eigenvalues --- 1000.000001000.000001000.000001000.000001000.00000
     Eigenvalues --- 1000.000001000.000001000.000001000.000001000.00000
     Eigenvalues --- 1000.000001000.000001000.000001000.000001000.00000
     Eigenvalues --- 1000.000001000.000001000.000001000.000001000.00000
     Eigenvalues --- 1000.000001000.000001000.000001000.00000
 En-DIIS/RFO-DIIS IScMMF=        0 using points:     3    2
 RFO step:  Lambda=-4.58658222D-06.
 DIIS coeffs:      1.05067     -0.05067
 Iteration  1 RMS(Cart)=  0.00023803 RMS(Int)=  0.00000004
 Iteration  2 RMS(Cart)=  0.00000007 RMS(Int)=  0.00000003
 Variable       Old X    -DE/DX   Delta X   Delta X   Delta X     New X
                                  (DIIS)     (GDIIS)  (Total)
    R1        2.69268   0.00011   0.00016   0.00027   0.00044   2.69311
    R2        2.56217  -0.00024   0.00016  -0.00052  -0.00036   2.56181
    R3        2.03305   0.00015   0.00014   0.00035   0.00049   2.03354
    R4        2.64437  -0.00053  -0.00003  -0.00136  -0.00139   2.64298
    R5        2.69267   0.00011   0.00016   0.00027   0.00044   2.69311
    R6        2.69663   0.00005   0.00025  -0.00004   0.00021   2.69684
    R7        2.69663   0.00005   0.00025  -0.00004   0.00021   2.69684
    R8        2.64437  -0.00053  -0.00003  -0.00136  -0.00139   2.64298
    R9        2.69663   0.00005   0.00025  -0.00004   0.00021   2.69684
   R10        2.69268   0.00011   0.00016   0.00027   0.00043   2.69311
   R11        2.69267   0.00011   0.00016   0.00027   0.00044   2.69311
   R12        2.03305   0.00015   0.00014   0.00035   0.00049   2.03354
   R13        2.69663   0.00005   0.00025  -0.00004   0.00021   2.69684
   R14        2.64437  -0.00053  -0.00003  -0.00136  -0.00139   2.64298
   R15        2.69663   0.00005   0.00025  -0.00004   0.00021   2.69684
   R16        2.64437  -0.00053  -0.00003  -0.00136  -0.00139   2.64298
   R17        2.69663   0.00005   0.00025  -0.00004   0.00021   2.69684
   R18        2.64437  -0.00053  -0.00003  -0.00136  -0.00139   2.64298
   R19        2.64437  -0.00053  -0.00003  -0.00135  -0.00139   2.64298
   R20        2.69268   0.00011   0.00016   0.00027   0.00044   2.69311
   R21        2.69267   0.00011   0.00016   0.00027   0.00044   2.69311
   R22        2.56217  -0.00024   0.00016  -0.00052  -0.00036   2.56181
   R23        2.03305   0.00015   0.00014   0.00035   0.00049   2.03354
   R24        2.69268   0.00011   0.00016   0.00027   0.00044   2.69311
   R25        2.03305   0.00015   0.00014   0.00035   0.00049   2.03354
   R26        2.69267   0.00011   0.00016   0.00027   0.00044   2.69311
   R27        2.56217  -0.00024   0.00016  -0.00052  -0.00036   2.56181
   R28        2.03305   0.00015   0.00014   0.00035   0.00049   2.03354
   R29        2.03305   0.00015   0.00014   0.00035   0.00049   2.03354
   R30        2.56218  -0.00024   0.00016  -0.00052  -0.00036   2.56181
   R31        2.03305   0.00015   0.00014   0.00035   0.00049   2.03354
   R32        2.69267   0.00011   0.00016   0.00027   0.00044   2.69311
   R33        2.03305   0.00015   0.00014   0.00035   0.00049   2.03354
   R34        2.69268   0.00011   0.00016   0.00027   0.00044   2.69311
   R35        2.56217  -0.00024   0.00016  -0.00052  -0.00036   2.56181
   R36        2.03305   0.00015   0.00014   0.00035   0.00049   2.03354
   R37        2.69268   0.00011   0.00016   0.00027   0.00044   2.69311
   R38        2.03305   0.00015   0.00014   0.00035   0.00049   2.03354
   R39        2.69268   0.00011   0.00016   0.00027   0.00044   2.69311
   R40        2.03305   0.00015   0.00014   0.00035   0.00049   2.03354
   R41        2.56217  -0.00024   0.00016  -0.00052  -0.00036   2.56181
   R42        2.03305   0.00015   0.00014   0.00035   0.00049   2.03354
    A1        2.11297  -0.00008  -0.00002  -0.00025  -0.00027   2.11269
    A2        2.07382   0.00001   0.00004  -0.00002   0.00002   2.07384
    A3        2.09640   0.00006  -0.00001   0.00027   0.00026   2.09665
    A4        2.07582   0.00008   0.00002   0.00025   0.00027   2.07610
    A5        2.13154  -0.00015  -0.00005  -0.00050  -0.00055   2.13099
    A6        2.07582   0.00008   0.00002   0.00025   0.00027   2.07610
    A7        2.09439   0.00000   0.00000   0.00000   0.00000   2.09440
    A8        2.09440   0.00000   0.00000   0.00000   0.00000   2.09440
    A9        2.09439   0.00000   0.00000   0.00000   0.00000   2.09440
   A10        2.09440   0.00000   0.00000   0.00000   0.00000   2.09440
   A11        2.09439   0.00000   0.00000   0.00000   0.00000   2.09440
   A12        2.09440   0.00000   0.00000   0.00000   0.00000   2.09440
   A13        2.07582   0.00008   0.00002   0.00025   0.00027   2.07610
   A14        2.07582   0.00008   0.00002   0.00025   0.00027   2.07610
   A15        2.13154  -0.00015  -0.00005  -0.00050  -0.00055   2.13099
   A16        2.11297  -0.00008  -0.00002  -0.00025  -0.00027   2.11269
   A17        2.09640   0.00006  -0.00001   0.00027   0.00026   2.09665
   A18        2.07382   0.00001   0.00004  -0.00002   0.00002   2.07384
   A19        2.09440   0.00000   0.00000   0.00000   0.00000   2.09440
   A20        2.09440   0.00000   0.00000   0.00000   0.00000   2.09440
   A21        2.09439   0.00000   0.00000   0.00000   0.00000   2.09439
   A22        2.09440   0.00000   0.00000   0.00000   0.00000   2.09440
   A23        2.09439   0.00000   0.00000   0.00000   0.00000   2.09440
   A24        2.09439   0.00000   0.00000   0.00000   0.00000   2.09440
   A25        2.09439   0.00000   0.00000   0.00000   0.00000   2.09440
   A26        2.09440   0.00000   0.00000   0.00000   0.00000   2.09440
   A27        2.09440   0.00000   0.00000   0.00000   0.00000   2.09440
   A28        2.09439   0.00000   0.00000   0.00000   0.00000   2.09440
   A29        2.09439   0.00000   0.00000   0.00000   0.00000   2.09440
   A30        2.09440   0.00000   0.00000   0.00000   0.00000   2.09440
   A31        2.07582   0.00008   0.00002   0.00025   0.00027   2.07610
   A32        2.07582   0.00008   0.00002   0.00025   0.00027   2.07610
   A33        2.13154  -0.00015  -0.00005  -0.00050  -0.00055   2.13099
   A34        2.11297  -0.00008  -0.00002  -0.00025  -0.00027   2.11269
   A35        2.07382   0.00001   0.00004  -0.00002   0.00002   2.07384
   A36        2.09640   0.00006  -0.00001   0.00027   0.00026   2.09665
   A37        2.11297  -0.00008  -0.00002  -0.00025  -0.00027   2.11269
   A38        2.09640   0.00006  -0.00001   0.00027   0.00026   2.09665
   A39        2.07382   0.00001   0.00004  -0.00002   0.00002   2.07384
   A40        2.07582   0.00008   0.00002   0.00025   0.00027   2.07610
   A41        2.07582   0.00008   0.00002   0.00025   0.00027   2.07610
   A42        2.13154  -0.00015  -0.00005  -0.00050  -0.00055   2.13099
   A43        2.11297  -0.00008  -0.00002  -0.00025  -0.00027   2.11269
   A44        2.07382   0.00001   0.00004  -0.00002   0.00002   2.07384
   A45        2.09640   0.00006  -0.00001   0.00027   0.00026   2.09665
   A46        2.11297  -0.00008  -0.00002  -0.00025  -0.00027   2.11269
   A47        2.07382   0.00001   0.00004  -0.00002   0.00002   2.07384
   A48        2.09640   0.00006  -0.00001   0.00027   0.00026   2.09665
   A49        2.11297  -0.00008  -0.00002  -0.00025  -0.00027   2.11269
   A50        2.07382   0.00001   0.00004  -0.00002   0.00002   2.07384
   A51        2.09639   0.00006  -0.00001   0.00027   0.00026   2.09665
   A52        2.11297  -0.00008  -0.00002  -0.00025  -0.00027   2.11269
   A53        2.09639   0.00006  -0.00001   0.00027   0.00026   2.09665
   A54        2.07382   0.00001   0.00004  -0.00002   0.00002   2.07384
   A55        2.07582   0.00008   0.00002   0.00025   0.00027   2.07610
   A56        2.07582   0.00008   0.00002   0.00025   0.00027   2.07610
   A57        2.13154  -0.00015  -0.00005  -0.00050  -0.00055   2.13099
   A58        2.11297  -0.00008  -0.00002  -0.00025  -0.00027   2.11269
   A59        2.07382   0.00001   0.00004  -0.00002   0.00002   2.07384
   A60        2.09640   0.00006  -0.00001   0.00027   0.00026   2.09665
   A61        2.11297  -0.00008  -0.00002  -0.00025  -0.00027   2.11269
   A62        2.09640   0.00006  -0.00001   0.00027   0.00026   2.09665
   A63        2.07382   0.00001   0.00004  -0.00002   0.00002   2.07384
   A64        2.07582   0.00008   0.00002   0.00025   0.00027   2.07610
   A65        2.07582   0.00008   0.00002   0.00025   0.00027   2.07610
   A66        2.13154  -0.00015  -0.00005  -0.00050  -0.00055   2.13099
   A67        2.07382   0.00001   0.00004  -0.00002   0.00002   2.07384
   A68        2.11297  -0.00008  -0.00003  -0.00025  -0.00027   2.11269
   A69        2.09640   0.00006  -0.00001   0.00027   0.00026   2.09665
   A70        2.11297  -0.00008  -0.00002  -0.00025  -0.00027   2.11269
   A71        2.07382   0.00001   0.00004  -0.00002   0.00002   2.07384
   A72        2.09640   0.00006  -0.00001   0.00027   0.00026   2.09665
    D1        0.00002   0.00000   0.00000  -0.00003  -0.00003  -0.00001
    D2       -3.14157   0.00000   0.00000  -0.00002  -0.00002   3.14159
    D3       -3.14157   0.00000   0.00000  -0.00002  -0.00002   3.14159
    D4        0.00002   0.00000   0.00000  -0.00002  -0.00002   0.00000
    D5       -0.00001   0.00000   0.00000   0.00001   0.00001   0.00000
    D6        3.14158   0.00000   0.00000   0.00002   0.00002  -3.14159
    D7        3.14158   0.00000   0.00000   0.00001   0.00001   3.14159
    D8       -0.00002   0.00000   0.00000   0.00002   0.00002   0.00000
    D9       -0.00002   0.00000   0.00000   0.00003   0.00003   0.00001
   D10       -3.14159   0.00000   0.00000  -0.00001   0.00000   3.14159
   D11        3.14157   0.00000   0.00000   0.00002   0.00002  -3.14159
   D12        0.00000   0.00000   0.00000  -0.00001  -0.00001   0.00000
   D13       -3.14158   0.00000   0.00001  -0.00002  -0.00001   3.14159
   D14       -0.00001   0.00000   0.00001   0.00001   0.00002   0.00001
   D15        0.00001   0.00000   0.00000  -0.00001  -0.00001   0.00000
   D16        3.14158   0.00000   0.00000   0.00002   0.00002  -3.14159
   D17        0.00001   0.00000   0.00001  -0.00001  -0.00001   0.00000
   D18       -3.14157   0.00000   0.00001  -0.00003  -0.00003   3.14159
   D19        3.14158   0.00000   0.00000   0.00002   0.00002  -3.14159
   D20        0.00000   0.00000   0.00000   0.00000   0.00000   0.00001
   D21        3.14158   0.00000  -0.00001   0.00003   0.00002   3.14159
   D22       -0.00001   0.00000  -0.00001   0.00002   0.00001   0.00001
   D23        0.00000   0.00000  -0.00001  -0.00001  -0.00001  -0.00001
   D24       -3.14158   0.00000   0.00000  -0.00001  -0.00002   3.14159
   D25        0.00001   0.00000   0.00000   0.00000  -0.00001   0.00000
   D26       -3.14158   0.00000   0.00000  -0.00001  -0.00001  -3.14159
   D27        3.14158   0.00000  -0.00001   0.00001   0.00001   3.14159
   D28        0.00000   0.00000   0.00000   0.00001   0.00000   0.00000
   D29       -0.00002   0.00000   0.00000   0.00002   0.00002   0.00000
   D30        3.14157   0.00000   0.00000   0.00002   0.00002  -3.14159
   D31        3.14159   0.00000   0.00001   0.00000   0.00000  -3.14159
   D32        0.00000   0.00000   0.00000   0.00000   0.00000   0.00000
   D33       -0.00001   0.00000   0.00000   0.00001   0.00001   0.00000
   D34       -3.14159   0.00000   0.00000  -0.00001   0.00000   3.14159
   D35        3.14158   0.00000   0.00000   0.00002   0.00001   3.14159
   D36        0.00000   0.00000   0.00000   0.00000   0.00000   0.00000
   D37        0.00000   0.00000   0.00000  -0.00001   0.00000   0.00000
   D38        3.14158   0.00000   0.00000   0.00002   0.00002  -3.14159
   D39       -3.14158   0.00000   0.00001  -0.00001  -0.00001  -3.14159
   D40       -0.00001   0.00000   0.00000   0.00001   0.00001   0.00001
   D41        0.00001   0.00000   0.00001  -0.00001   0.00000   0.00001
   D42       -3.14159   0.00000   0.00001  -0.00001   0.00000  -3.14159
   D43        3.14159   0.00000   0.00000   0.00000   0.00000   3.14159
   D44        0.00000   0.00000   0.00000   0.00000   0.00000   0.00000
   D45        0.00000   0.00000   0.00001  -0.00001   0.00000   0.00000
   D46        3.14159   0.00000   0.00000   0.00000   0.00000   3.14159
   D47       -3.14158   0.00000   0.00001  -0.00002  -0.00001  -3.14159
   D48        0.00001   0.00000   0.00000  -0.00001  -0.00001   0.00000
   D49        0.00003   0.00000  -0.00001  -0.00003  -0.00004   0.00000
   D50       -3.14158   0.00000  -0.00001  -0.00001  -0.00001   3.14159
   D51       -3.14156   0.00000   0.00000  -0.00003  -0.00004   3.14159
   D52        0.00001   0.00000   0.00000  -0.00001  -0.00001   0.00000
   D53        3.14158   0.00000   0.00000   0.00001   0.00001  -3.14159
   D54        0.00000   0.00000   0.00000  -0.00001  -0.00001   0.00000
   D55       -0.00001   0.00000   0.00000   0.00001   0.00001   0.00000
   D56       -3.14159   0.00000   0.00000  -0.00001  -0.00001   3.14159
   D57       -0.00003   0.00000   0.00000   0.00003   0.00003   0.00000
   D58        3.14157   0.00000   0.00000   0.00002   0.00002  -3.14159
   D59        3.14159   0.00000   0.00000   0.00000   0.00000  -3.14159
   D60        0.00000   0.00000   0.00000   0.00000   0.00000   0.00000
   D61       -0.00001   0.00000   0.00000   0.00001   0.00002   0.00001
   D62       -3.14156   0.00000   0.00001  -0.00005  -0.00004   3.14159
   D63        3.14156   0.00000   0.00000   0.00004   0.00004  -3.14159
   D64        0.00001   0.00000   0.00001  -0.00002  -0.00002  -0.00001
   D65        0.00001   0.00000  -0.00001  -0.00001  -0.00001   0.00000
   D66       -3.14159   0.00000  -0.00001   0.00001   0.00000  -3.14159
   D67       -3.14159   0.00000   0.00000   0.00000  -0.00001   3.14159
   D68        0.00000   0.00000  -0.00001   0.00001   0.00000   0.00000
   D69        0.00001   0.00000   0.00000  -0.00002  -0.00002  -0.00001
   D70       -3.14158   0.00000   0.00000  -0.00002  -0.00003   3.14158
   D71        3.14156   0.00000   0.00000   0.00005   0.00004  -3.14159
   D72       -0.00003   0.00000  -0.00001   0.00004   0.00003   0.00000
   D73        3.14158   0.00000  -0.00001   0.00002   0.00001   3.14159
   D74       -0.00002   0.00000  -0.00001   0.00004   0.00003   0.00001
   D75        0.00004   0.00000  -0.00001  -0.00004  -0.00005  -0.00001
   D76       -3.14157   0.00000   0.00000  -0.00002  -0.00003   3.14159
   D77       -0.00001   0.00000   0.00000   0.00002   0.00002   0.00001
   D78       -3.14158   0.00000   0.00000  -0.00001  -0.00001   3.14159
   D79        3.14158   0.00000   0.00000   0.00003   0.00002  -3.14158
   D80        0.00000   0.00000   0.00000   0.00000   0.00000   0.00000
   D81        0.00001   0.00000   0.00000  -0.00002  -0.00001   0.00000
   D82        3.14159   0.00000   0.00001   0.00000   0.00001  -3.14159
   D83        3.14158   0.00000   0.00000   0.00001   0.00001  -3.14159
   D84       -0.00002   0.00000   0.00000   0.00003   0.00003   0.00001
   D85        0.00000   0.00000   0.00000   0.00001   0.00001   0.00000
   D86       -3.14158   0.00000   0.00000  -0.00001  -0.00001   3.14159
   D87       -3.14158   0.00000   0.00000  -0.00001  -0.00001   3.14159
   D88        0.00002   0.00000   0.00000  -0.00003  -0.00003  -0.00001
   D89        0.00000   0.00000   0.00000   0.00000   0.00000   0.00000
   D90       -3.14158   0.00000   0.00000  -0.00002  -0.00002   3.14159
   D91        3.14158   0.00000   0.00000   0.00002   0.00002  -3.14159
   D92        0.00000   0.00000   0.00000   0.00000   0.00000   0.00000
   D93       -0.00002   0.00000  -0.00001   0.00003   0.00002   0.00000
   D94       -3.14158   0.00000   0.00000  -0.00002  -0.00002   3.14159
   D95       -3.14158   0.00000   0.00000  -0.00001  -0.00001   3.14159
   D96        0.00004   0.00000   0.00000  -0.00005  -0.00005  -0.00001
   D97        0.00001   0.00000   0.00000  -0.00001  -0.00001   0.00000
   D98       -3.14158   0.00000   0.00001  -0.00002  -0.00001  -3.14159
   D99        3.14157   0.00000   0.00000   0.00003   0.00002  -3.14159
   D100      -0.00002   0.00000   0.00000   0.00002   0.00002   0.00001
   D101      -0.00002   0.00000  -0.00001   0.00003   0.00002   0.00001
   D102      -3.14156   0.00000   0.00000  -0.00005  -0.00005   3.14158
   D103       3.14157   0.00000  -0.00001   0.00004   0.00002  -3.14159
   D104       0.00003   0.00000  -0.00001  -0.00004  -0.00005  -0.00002
   D105       0.00002   0.00000   0.00001  -0.00004  -0.00003  -0.00001
   D106      -3.14157   0.00000   0.00000  -0.00004  -0.00004   3.14158
   D107       3.14156   0.00000   0.00000   0.00004   0.00004  -3.14158
   D108      -0.00003   0.00000   0.00000   0.00004   0.00004   0.00001
   D109      -0.00002   0.00000   0.00000   0.00003   0.00003   0.00001
   D110       3.14158   0.00000   0.00000   0.00001   0.00002  -3.14159
   D111       3.14157   0.00000   0.00000   0.00003   0.00003  -3.14159
   D112      -0.00001   0.00000   0.00000   0.00002   0.00002   0.00001
   D113      -0.00001   0.00000   0.00000   0.00001   0.00001   0.00000
   D114       3.14158   0.00000   0.00000   0.00001   0.00001  -3.14159
   D115       3.14157   0.00000   0.00000   0.00002   0.00003  -3.14159
   D116      -0.00002   0.00000   0.00000   0.00002   0.00003   0.00000
   D117       0.00002   0.00000   0.00000  -0.00003  -0.00003  -0.00001
   D118      -3.14157   0.00000   0.00000  -0.00004  -0.00003   3.14159
   D119      -3.14159   0.00000   0.00001  -0.00001  -0.00001  -3.14159
   D120       0.00001   0.00000   0.00001  -0.00001  -0.00001   0.00000
         Item               Value     Threshold  Converged?
 Maximum Force            0.000529     0.000450     NO 
 RMS     Force            0.000109     0.000300     YES
 Maximum Displacement     0.001178     0.001800     YES
 RMS     Displacement     0.000238     0.001200     YES
 Predicted change in Energy=-3.830413D-06
 GradGradGradGradGradGradGradGradGradGradGradGradGradGradGradGradGradGrad

                          Input orientation:                          
 ---------------------------------------------------------------------
 Center     Atomic      Atomic             Coordinates (Angstroms)
 Number     Number       Type             X           Y           Z
 ---------------------------------------------------------------------
      1          6           0       -2.938751   -2.741613   -0.340144
      2          6           0       -1.513618   -2.742386   -0.339918
      3          6           0       -0.835931   -1.518934   -0.339460
      4          6           0       -1.571317   -0.295886   -0.339219
      5          6           0       -2.969701   -0.320719   -0.339445
      6          6           0       -3.637315   -1.579804   -0.339916
      7          6           0        0.590951   -1.493595   -0.339223
      8          6           0       -0.879820    0.952499   -0.338748
      9          6           0        0.547063    0.977838   -0.338519
     10          6           0        1.282449   -0.245209   -0.338756
     11          6           0        1.224750    2.201290   -0.338063
     12          6           0        0.468157    3.409004   -0.337825
     13          6           0       -0.887281    3.384934   -0.338044
     14          6           0       -1.600517    2.151119   -0.338511
     15          6           0       -3.024723    2.099747   -0.338751
     16          6           0       -3.681597    0.913868   -0.339198
     17          1           0       -4.757486    0.892333   -0.339367
     18          1           0       -3.577154    3.023230   -0.338566
     19          1           0       -3.458044   -3.684127   -0.340498
     20          1           0       -4.713289   -1.596481   -0.340086
     21          1           0        0.991701    4.349163   -0.337461
     22          1           0       -1.443876    4.305912   -0.337857
     23          6           0       -0.757025   -3.950099   -0.340146
     24          6           0        0.598413   -3.926029   -0.339927
     25          6           0        1.311649   -2.692215   -0.339456
     26          1           0       -1.280570   -4.890259   -0.340505
     27          1           0        1.155008   -4.847008   -0.340103
     28          6           0        2.735855   -2.640843   -0.339221
     29          6           0        3.392729   -1.454964   -0.338771
     30          6           0        2.680832   -0.220377   -0.338530
     31          1           0        3.288285   -3.564326   -0.339388
     32          1           0        4.468617   -1.433428   -0.338590
     33          6           0        2.649882    2.200517   -0.337834
     34          1           0        3.169176    3.143032   -0.337483
     35          6           0        3.348446    1.038708   -0.338064
     36          1           0        4.424421    1.055385   -0.337892
 ---------------------------------------------------------------------
                    Distance matrix (angstroms):
                    1          2          3          4          5
     1  C    0.000000
     2  C    1.425133   0.000000
     3  C    2.432446   1.398604   0.000000
     4  C    2.802045   2.447180   1.427108   0.000000
     5  C    2.421092   2.825712   2.447180   1.398604   0.000000
     6  C    1.355652   2.421092   2.802045   2.432446   1.425133
     7  C    3.743841   2.447179   1.427107   2.471823   3.748850
     8  C    4.229145   3.748850   2.471823   1.427108   2.447179
     9  C    5.097570   4.252820   2.854216   2.471823   3.748850
    10  C    4.904137   3.748850   2.471823   2.854216   4.252820
    11  C    6.462741   5.651424   4.252820   3.748850   4.894276
    12  C    7.031153   6.462742   5.097570   4.229145   5.072445
    13  C    6.460890   6.159249   4.904137   3.743841   4.250686
    14  C    5.072445   4.894277   3.748851   2.447180   2.825712
    15  C    4.842124   5.072445   4.229145   2.802044   2.421092
    16  C    3.730196   4.250686   3.743841   2.432445   1.425132
    17  H    4.063663   4.871741   4.603563   3.400520   2.160479
    18  H    5.800084   6.123766   5.305238   3.878133   3.398675
    19  H    1.076104   2.160479   3.400520   3.878133   3.398676
    20  H    2.111946   3.398676   3.878133   3.400520   2.160479
    21  H    8.107254   7.521084   6.146122   5.305238   6.123766
    22  H    7.204323   7.048644   5.856486   4.603563   4.871741
    23  C    2.494066   1.425132   2.432445   3.743840   4.250686
    24  C    3.730197   2.421092   2.802044   4.229145   5.072445
    25  C    4.250686   2.825712   2.447180   3.748851   4.894277
    26  H    2.714082   2.160479   3.400520   4.603563   4.871741
    27  H    4.603427   3.398675   3.878133   5.305238   6.123766
    28  C    5.675501   4.250686   3.743841   4.904137   6.159249
    29  C    6.460890   5.072445   4.229145   5.097570   6.462741
    30  C    6.159249   4.894276   3.748850   4.252820   5.651424
    31  H    6.281149   4.871741   4.603563   5.856486   7.048643
    32  H    7.521998   6.123766   5.305238   6.146122   7.521084
    33  C    7.460393   6.462741   5.097569   4.904136   6.159248
    34  H    8.481498   7.521084   6.146121   5.856486   7.048643
    35  C    7.336189   6.159248   4.904136   5.097569   6.462741
    36  H    8.284533   7.048643   5.856486   6.146121   7.521083
                    6          7          8          9         10
     6  C    0.000000
     7  C    4.229145   0.000000
     8  C    3.743841   2.854215   0.000000
     9  C    4.904137   2.471823   1.427108   0.000000
    10  C    5.097570   1.427108   2.471823   1.427108   0.000000
    11  C    6.159249   3.748850   2.447180   1.398604   2.447180
    12  C    6.460890   4.904137   2.802045   2.432446   3.743841
    13  C    5.675501   5.097570   2.432446   2.802045   4.229145
    14  C    4.250686   4.252820   1.398604   2.447180   3.748851
    15  C    3.730197   5.097569   2.432445   3.743840   4.904136
    16  C    2.494066   4.904136   2.802044   4.229145   5.097569
    17  H    2.714082   5.856486   3.878133   5.305238   6.146121
    18  H    4.603427   6.146121   3.400520   4.603563   5.856486
    19  H    2.111946   4.603563   5.305238   6.146122   5.856486
    20  H    1.076104   5.305238   4.603563   5.856486   6.146122
    21  H    7.521998   5.856486   3.878133   3.400520   4.603563
    22  H    6.281149   6.146122   3.400520   3.878133   5.305238
    23  C    3.730196   2.802044   4.904136   5.097569   4.229145
    24  C    4.842124   2.432445   5.097569   4.904136   3.743840
    25  C    5.072445   1.398604   4.252820   3.748851   2.447180
    26  H    4.063663   3.878133   5.856486   6.146121   5.305238
    27  H    5.800084   3.400520   6.146121   5.856486   4.603563
    28  C    6.460890   2.432446   5.097570   4.229145   2.802045
    29  C    7.031153   2.802045   4.904137   3.743841   2.432446
    30  C    6.462741   2.447180   3.748850   2.447180   1.398604
    31  H    7.204323   3.400520   6.146122   5.305238   3.878133
    32  H    8.107254   3.878133   5.856486   4.603563   3.400520
    33  C    7.336189   4.229145   3.743841   2.432445   2.802044
    34  H    8.284533   5.305238   4.603563   3.400520   3.878133
    35  C    7.460393   3.743841   4.229145   2.802044   2.432445
    36  H    8.481498   4.603563   5.305238   3.878133   3.400520
                   11         12         13         14         15
    11  C    0.000000
    12  C    1.425133   0.000000
    13  C    2.421092   1.355652   0.000000
    14  C    2.825712   2.421092   1.425133   0.000000
    15  C    4.250686   3.730196   2.494065   1.425132   0.000000
    16  C    5.072445   4.842124   3.730197   2.421092   1.355652
    17  H    6.123766   5.800084   4.603427   3.398675   2.111946
    18  H    4.871741   4.063663   2.714082   2.160479   1.076104
    19  H    7.521084   8.107254   7.521998   6.123766   5.800084
    20  H    7.048643   7.204323   6.281149   4.871741   4.063664
    21  H    2.160479   1.076104   2.111946   3.398676   4.603427
    22  H    3.398676   2.111946   1.076104   2.160479   2.714082
    23  C    6.462741   7.460393   7.336189   6.159248   6.460890
    24  C    6.159248   7.336189   7.460393   6.462741   7.031152
    25  C    4.894277   6.159249   6.462742   5.651424   6.462741
    26  H    7.521083   8.481498   8.284533   7.048643   7.204323
    27  H    7.048643   8.284533   8.481498   7.521084   8.107254
    28  C    5.072445   6.460890   7.031153   6.462742   7.460393
    29  C    4.250686   5.675501   6.460890   6.159249   7.336189
    30  C    2.825712   4.250686   5.072445   4.894277   6.159248
    31  H    6.123766   7.521998   8.107254   7.521084   8.481498
    32  H    4.871741   6.281149   7.204323   7.048643   8.284533
    33  C    1.425133   2.494066   3.730196   4.250686   5.675500
    34  H    2.160479   2.714082   4.063663   4.871741   6.281149
    35  C    2.421092   3.730197   4.842124   5.072445   6.460890
    36  H    3.398675   4.603427   5.800084   6.123766   7.521997
                   16         17         18         19         20
    16  C    0.000000
    17  H    1.076104   0.000000
    18  H    2.111946   2.435961   0.000000
    19  H    4.603427   4.757367   6.708415   0.000000
    20  H    2.714082   2.489206   4.757366   2.435962   0.000000
    21  H    5.800084   6.708415   4.757367   9.183355   8.240001
    22  H    4.063664   4.757367   2.489206   8.240001   6.747393
    23  C    5.675500   6.281149   7.521997   2.714082   4.603427
    24  C    6.460890   7.204323   8.107254   4.063664   5.800084
    25  C    6.159248   7.048643   7.521084   4.871741   6.123766
    26  H    6.281149   6.747393   8.240001   2.489206   4.757367
    27  H    7.521997   8.240001   9.183354   4.757366   6.708415
    28  C    7.336189   8.284533   8.481498   6.281149   7.521998
    29  C    7.460393   8.481498   8.284533   7.204323   8.107254
    30  C    6.462741   7.521083   7.048643   7.048643   7.521084
    31  H    8.284533   9.197621   9.514733   6.747393   8.240001
    32  H    8.481498   9.514733   9.197621   8.240001   9.183355
    33  C    6.460890   7.521997   6.281149   8.481498   8.284533
    34  H    7.204322   8.240000   6.747393   9.514733   9.197621
    35  C    7.031152   8.107254   7.204323   8.284533   8.481498
    36  H    8.107254   9.183354   8.240001   9.197621   9.514733
                   21         22         23         24         25
    21  H    0.000000
    22  H    2.435961   0.000000
    23  C    8.481498   8.284533   0.000000
    24  C    8.284533   8.481498   1.355652   0.000000
    25  C    7.048644   7.521084   2.421092   1.425132   0.000000
    26  H    9.514733   9.197621   1.076104   2.111946   3.398675
    27  H    9.197622   9.514733   2.111946   1.076104   2.160479
    28  C    7.204323   8.107254   3.730197   2.494065   1.425133
    29  C    6.281149   7.521998   4.842124   3.730196   2.421092
    30  C    4.871741   6.123766   5.072445   4.250686   2.825712
    31  H    8.240001   9.183355   4.063663   2.714082   2.160479
    32  H    6.747393   8.240001   5.800084   4.603427   3.398676
    33  C    2.714082   4.603427   7.031152   6.460890   5.072445
    34  H    2.489206   4.757367   8.107254   7.521997   6.123766
    35  C    4.063664   5.800084   6.460890   5.675500   4.250686
    36  H    4.757367   6.708415   7.204322   6.281148   4.871741
                   26         27         28         29         30
    26  H    0.000000
    27  H    2.435961   0.000000
    28  C    4.603427   2.714082   0.000000
    29  C    5.800084   4.063663   1.355652   0.000000
    30  C    6.123766   4.871741   2.421092   1.425133   0.000000
    31  H    4.757366   2.489206   1.076104   2.111946   3.398676
    32  H    6.708415   4.757367   2.111946   1.076104   2.160479
    33  C    8.107254   7.204323   4.842124   3.730197   2.421092
    34  H    9.183354   8.240001   5.800084   4.603427   3.398676
    35  C    7.521997   6.281149   3.730196   2.494066   1.425133
    36  H    8.240000   6.747393   4.063663   2.714082   2.160479
                   31         32         33         34         35
    31  H    0.000000
    32  H    2.435962   0.000000
    33  C    5.800084   4.063663   0.000000
    34  H    6.708415   4.757367   1.076104   0.000000
    35  C    4.603427   2.714082   1.355652   2.111946   0.000000
    36  H    4.757366   2.489206   2.111946   2.435962   1.076104
                   36
    36  H    0.000000
 Stoichiometry    C24H12
 Framework group  C1[X(C24H12)]
 Deg. of freedom   102
 Full point group                 C1      NOp   1
 Largest Abelian subgroup         C1      NOp   1
 Largest concise Abelian subgroup C1      NOp   1
                         Standard orientation:                         
 ---------------------------------------------------------------------
 Center     Atomic      Atomic             Coordinates (Angstroms)
 Number     Number       Type             X           Y           Z
 ---------------------------------------------------------------------
      1          6           0       -0.985075    3.597776   -0.000004
      2          6           0       -1.614405    2.319125   -0.000001
      3          6           0       -0.815345    1.171259   -0.000003
      4          6           0        0.606668    1.291739   -0.000001
      5          6           0        1.201219    2.557679    0.000000
      6          6           0        0.365737    3.712224   -0.000002
      7          6           0       -1.422013   -0.120480    0.000002
      8          6           0        1.422013    0.120480    0.000000
      9          6           0        0.815345   -1.171260   -0.000003
     10          6           0       -0.606668   -1.291739   -0.000001
     11          6           0        1.614405   -2.319126   -0.000007
     12          6           0        3.032011   -2.172849    0.000001
     13          6           0        3.608303   -0.945788    0.000002
     14          6           0        2.815624    0.238553    0.000003
     15          6           0        3.397748    1.539374    0.000002
     16          6           0        2.623228    2.651988    0.000001
     17          1           0        3.078483    3.627048    0.000007
     18          1           0        4.470213    1.627800    0.000006
     19          1           0       -1.601875    4.479568   -0.000004
     20          1           0        0.825390    4.685218    0.000001
     21          1           0        3.644823   -3.057418    0.000010
     22          1           0        4.680358   -0.852520    0.000009
     23          6           0       -3.032011    2.172849    0.000002
     24          6           0       -3.608303    0.945788    0.000001
     25          6           0       -2.815624   -0.238553    0.000003
     26          1           0       -3.644823    3.057418   -0.000003
     27          1           0       -4.680358    0.852520    0.000004
     28          6           0       -3.397749   -1.539374    0.000000
     29          6           0       -2.623228   -2.651988    0.000003
     30          6           0       -1.201219   -2.557679   -0.000001
     31          1           0       -4.470213   -1.627800    0.000013
     32          1           0       -3.078483   -3.627049    0.000009
     33          6           0        0.985075   -3.597776   -0.000001
     34          1           0        1.601875   -4.479568   -0.000004
     35          6           0       -0.365737   -3.712223   -0.000004
     36          1           0       -0.825390   -4.685218   -0.000006
 ---------------------------------------------------------------------
 Rotational constants (GHZ):      0.3370410      0.3370410      0.1685205
 Standard basis: 6-31++G(d,p) (6D, 7F)
 There are   528 symmetry adapted basis functions of A   symmetry.
 Integral buffers will be    262144 words long.
 Raffenetti 1 integral format.
 Two-electron integral symmetry is turned on.
   528 basis functions,   864 primitive gaussians,   528 cartesian basis functions
    78 alpha electrons       78 beta electrons
       nuclear repulsion energy      1840.4242167890 Hartrees.
 NAtoms=   36 NActive=   36 NUniq=   36 SFac= 7.50D-01 NAtFMM=   80 NAOKFM=F Big=F
 One-electron integrals computed using PRISM.
 NBasis=   528 RedAO= T  NBF=   528
 NBsUse=   509 1.00D-06 NBFU=   509
 Initial guess read from the read-write file.
 B after Tr=     0.000000    0.000000    0.000000
         Rot=    1.000000    0.000000    0.000000    0.000000 Ang=   0.00 deg.
 Initial guess orbital symmetries:
       Occupied  (A) (A) (A) (A) (A) (A) (A) (A) (A) (A) (A) (A)
                 (A) (A) (A) (A) (A) (A) (A) (A) (A) (A) (A) (A)
                 (A) (A) (A) (A) (A) (A) (A) (A) (A) (A) (A) (A)
                 (A) (A) (A) (A) (A) (A) (A) (A) (A) (A) (A) (A)
                 (A) (A) (A) (A) (A) (A) (A) (A) (A) (A) (A) (A)
                 (A) (A) (A) (A) (A) (A) (A) (A) (A) (A) (A) (A)
                 (A) (A) (A) (A) (A) (A)
       Virtual   (A) (A) (A) (A) (A) (A) (A) (A) (A) (A) (A) (A)
                 (A) (A) (A) (A) (A) (A) (A) (A) (A) (A) (A) (A)
                 (A) (A) (A) (A) (A) (A) (A) (A) (A) (A) (A) (A)
                 (A) (A) (A) (A) (A) (A) (A) (A) (A) (A) (A) (A)
                 (A) (A) (A) (A) (A) (A) (A) (A) (A) (A) (A) (A)
                 (A) (A) (A) (A) (A) (A) (A) (A) (A) (A) (A) (A)
                 (A) (A) (A) (A) (A) (A) (A) (A) (A) (A) (A) (A)
                 (A) (A) (A) (A) (A) (A) (A) (A) (A) (A) (A) (A)
                 (A) (A) (A) (A) (A) (A) (A) (A) (A) (A) (A) (A)
                 (A) (A) (A) (A) (A) (A) (A) (A) (A) (A) (A) (A)
                 (A) (A) (A) (A) (A) (A) (A) (A) (A) (A) (A) (A)
                 (A) (A) (A) (A) (A) (A) (A) (A) (A) (A) (A) (A)
                 (A) (A) (A) (A) (A) (A) (A) (A) (A) (A) (A) (A)
                 (A) (A) (A) (A) (A) (A) (A) (A) (A) (A) (A) (A)
                 (A) (A) (A) (A) (A) (A) (A) (A) (A) (A) (A) (A)
                 (A) (A) (A) (A) (A) (A) (A) (A) (A) (A) (A) (A)
                 (A) (A) (A) (A) (A) (A) (A) (A) (A) (A) (A) (A)
                 (A) (A) (A) (A) (A) (A) (A) (A) (A) (A) (A) (A)
                 (A) (A) (A) (A) (A) (A) (A) (A) (A) (A) (A) (A)
                 (A) (A) (A) (A) (A) (A) (A) (A) (A) (A) (A) (A)
                 (A) (A) (A) (A) (A) (A) (A) (A) (A) (A) (A) (A)
                 (A) (A) (A) (A) (A) (A) (A) (A) (A) (A) (A) (A)
                 (A) (A) (A) (A) (A) (A) (A) (A) (A) (A) (A) (A)
                 (A) (A) (A) (A) (A) (A) (A) (A) (A) (A) (A) (A)
                 (A) (A) (A) (A) (A) (A) (A) (A) (A) (A) (A) (A)
                 (A) (A) (A) (A) (A) (A) (A) (A) (A) (A) (A) (A)
                 (A) (A) (A) (A) (A) (A) (A) (A) (A) (A) (A) (A)
                 (A) (A) (A) (A) (A) (A) (A) (A) (A) (A) (A) (A)
                 (A) (A) (A) (A) (A) (A) (A) (A) (A) (A) (A) (A)
                 (A) (A) (A) (A) (A) (A) (A) (A) (A) (A) (A) (A)
                 (A) (A) (A) (A) (A) (A) (A) (A) (A) (A) (A) (A)
                 (A) (A) (A) (A) (A) (A) (A) (A) (A) (A) (A) (A)
                 (A) (A) (A) (A) (A) (A) (A) (A) (A) (A) (A) (A)
                 (A) (A) (A) (A) (A) (A) (A) (A) (A) (A) (A) (A)
                 (A) (A) (A) (A) (A) (A) (A) (A) (A) (A) (A) (A)
                 (A) (A) (A) (A) (A) (A) (A) (A) (A) (A) (A)
 Requested convergence on RMS density matrix=1.00D-08 within 128 cycles.
 Requested convergence on MAX density matrix=1.00D-06.
 Requested convergence on             energy=1.00D-06.
 No special actions if energy rises.
 SCF Done:  E(RHF) =  -915.993486905     A.U. after   17 cycles
             Convg  =    0.4178D-08             -V/T =  2.0009
 Calling FoFJK, ICntrl=      2127 FMM=F ISym2X=0 I1Cent= 0 IOpClX= 0 NMat=1 NMatS=1 NMatT=0.
 ***** Axes restored to original set *****
 -------------------------------------------------------------------
 Center     Atomic                   Forces (Hartrees/Bohr)
 Number     Number              X              Y              Z
 -------------------------------------------------------------------
      1        6          -0.000129948    0.000016903    0.000000398
      2        6           0.000060360    0.000109599   -0.000000387
      3        6          -0.000043726   -0.000078436    0.000000874
      4        6          -0.000089768   -0.000001780    0.000000013
      5        6           0.000125086    0.000001923   -0.000000300
      6        6          -0.000046047   -0.000122744    0.000000161
      7        6           0.000046547   -0.000077019   -0.000000568
      8        6          -0.000046188    0.000077111   -0.000000263
      9        6           0.000043452    0.000078548   -0.000000180
     10        6           0.000089705    0.000001506   -0.000000117
     11        6          -0.000060686   -0.000109316    0.000001788
     12        6          -0.000083465    0.000101274   -0.000000187
     13        6           0.000079797    0.000104203    0.000000851
     14        6           0.000064644   -0.000107215   -0.000001091
     15        6          -0.000129756   -0.000021798    0.000000573
     16        6          -0.000050317    0.000121567    0.000000556
     17        1           0.000050933   -0.000021081   -0.000000319
     18        1           0.000044899   -0.000031999   -0.000000184
     19        1           0.000043684    0.000033589   -0.000000016
     20        1           0.000050164    0.000022841   -0.000000212
     21        1          -0.000005279   -0.000054869   -0.000000433
     22        1           0.000007237   -0.000054637   -0.000000147
     23        6           0.000083734   -0.000101495   -0.000000885
     24        6          -0.000080125   -0.000104414    0.000000872
     25        6          -0.000064359    0.000107481   -0.000000884
     26        1           0.000005271    0.000054887    0.000000371
     27        1          -0.000007202    0.000054670   -0.000000272
     28        6           0.000129392    0.000021529    0.000001939
     29        6           0.000050355   -0.000121101   -0.000000476
     30        6          -0.000125048   -0.000002314   -0.000000090
     31        1          -0.000044855    0.000032017   -0.000000684
     32        1          -0.000050930    0.000021046   -0.000000159
     33        6           0.000130290   -0.000017105   -0.000001467
     34        1          -0.000043719   -0.000033598    0.000000214
     35        6           0.000046038    0.000123076    0.000000611
     36        1          -0.000050171   -0.000022845    0.000000099
 -------------------------------------------------------------------
 Cartesian Forces:  Max     0.000130290 RMS     0.000059772

 GradGradGradGradGradGradGradGradGradGradGradGradGradGradGradGradGradGrad
 Berny optimization.
 Using GEDIIS/GDIIS optimizer.
 Internal  Forces:  Max     0.000066237 RMS     0.000023949
 Search for a local minimum.
 Step number   4 out of a maximum of  216
 All quantities printed in internal units (Hartrees-Bohrs-Radians)
 Mixed Optimization -- En-DIIS/RFO-DIIS
 Swaping is turned off.
 Update second derivatives using D2CorX and points    1    2    3    4
 DE= -4.26D-06 DEPred=-3.83D-06 R= 1.11D+00
 SS=  1.41D+00  RLast= 4.72D-03 DXNew= 8.4853D-01 1.4165D-02
 Trust test= 1.11D+00 RLast= 4.72D-03 DXMaxT set to 5.05D-01
     Eigenvalues ---    0.01765   0.01766   0.01766   0.01778   0.01797
     Eigenvalues ---    0.01797   0.01798   0.01798   0.01802   0.01821
     Eigenvalues ---    0.01825   0.01833   0.01833   0.01836   0.01836
     Eigenvalues ---    0.02003   0.02003   0.02029   0.02050   0.02071
     Eigenvalues ---    0.02071   0.02074   0.02074   0.02092   0.02092
     Eigenvalues ---    0.02096   0.02105   0.02209   0.02226   0.02227
     Eigenvalues ---    0.02238   0.02242   0.02242   0.15640   0.16000
     Eigenvalues ---    0.16000   0.16000   0.16000   0.16000   0.16000
     Eigenvalues ---    0.16000   0.16000   0.16000   0.16000   0.16000
     Eigenvalues ---    0.22324   0.22523   0.22523   0.22625   0.22625
     Eigenvalues ---    0.22760   0.24305   0.24440   0.24440   0.24663
     Eigenvalues ---    0.24663   0.25000   0.25000   0.25000   0.25000
     Eigenvalues ---    0.26052   0.32104   0.32104   0.33597   0.33598
     Eigenvalues ---    0.33598   0.33598   0.33598   0.33598   0.33598
     Eigenvalues ---    0.33598   0.33598   0.33599   0.33599   0.35935
     Eigenvalues ---    0.36482   0.37537   0.37538   0.38473   0.39636
     Eigenvalues ---    0.39637   0.39695   0.39981   0.39981   0.40522
     Eigenvalues ---    0.41178   0.41178   0.41512   0.41512   0.41518
     Eigenvalues ---    0.42663   0.42812   0.42812   0.43149   0.43149
     Eigenvalues ---    0.44854   0.49876   0.49877   0.49942   0.49943
     Eigenvalues ---    0.49967   0.574561000.000001000.000001000.00000
     Eigenvalues --- 1000.000001000.000001000.000001000.000001000.00000
     Eigenvalues --- 1000.000001000.000001000.000001000.000001000.00000
     Eigenvalues --- 1000.000001000.000001000.000001000.000001000.00000
     Eigenvalues --- 1000.000001000.000001000.000001000.000001000.00000
     Eigenvalues --- 1000.000001000.000001000.000001000.000001000.00000
     Eigenvalues --- 1000.000001000.000001000.000001000.000001000.00000
     Eigenvalues --- 1000.000001000.000001000.000001000.000001000.00000
     Eigenvalues --- 1000.000001000.000001000.000001000.000001000.00000
     Eigenvalues --- 1000.000001000.000001000.000001000.000001000.00000
     Eigenvalues --- 1000.000001000.000001000.000001000.000001000.00000
     Eigenvalues --- 1000.000001000.000001000.000001000.000001000.00000
     Eigenvalues --- 1000.000001000.000001000.000001000.000001000.00000
     Eigenvalues --- 1000.000001000.000001000.000001000.000001000.00000
     Eigenvalues --- 1000.000001000.000001000.000001000.000001000.00000
     Eigenvalues --- 1000.000001000.000001000.000001000.000001000.00000
     Eigenvalues --- 1000.000001000.000001000.000001000.000001000.00000
     Eigenvalues --- 1000.000001000.000001000.000001000.000001000.00000
     Eigenvalues --- 1000.000001000.000001000.000001000.000001000.00000
     Eigenvalues --- 1000.000001000.000001000.000001000.000001000.00000
     Eigenvalues --- 1000.000001000.000001000.000001000.000001000.00000
     Eigenvalues --- 1000.000001000.000001000.000001000.000001000.00000
     Eigenvalues --- 1000.000001000.000001000.000001000.000001000.00000
     Eigenvalues --- 1000.000001000.000001000.000001000.000001000.00000
     Eigenvalues --- 1000.000001000.000001000.000001000.000001000.00000
     Eigenvalues --- 1000.000001000.000001000.000001000.000001000.00000
     Eigenvalues --- 1000.000001000.000001000.000001000.00000
 En-DIIS/RFO-DIIS IScMMF=        0 using points:     4    3    2
 RFO step:  Lambda=-2.49050231D-07.
 DIIS coeffs:      1.13508     -0.13895      0.00387
 Iteration  1 RMS(Cart)=  0.00007357 RMS(Int)=  0.00000001
 Iteration  2 RMS(Cart)=  0.00000001 RMS(Int)=  0.00000000
 Variable       Old X    -DE/DX   Delta X   Delta X   Delta X     New X
                                  (DIIS)     (GDIIS)  (Total)
    R1        2.69311   0.00005   0.00005   0.00015   0.00020   2.69331
    R2        2.56181  -0.00006  -0.00006  -0.00007  -0.00013   2.56168
    R3        2.03354  -0.00005   0.00006  -0.00019  -0.00013   2.03341
    R4        2.64298  -0.00007  -0.00019  -0.00007  -0.00026   2.64272
    R5        2.69311   0.00005   0.00005   0.00015   0.00020   2.69331
    R6        2.69684   0.00002   0.00001   0.00010   0.00011   2.69696
    R7        2.69684   0.00002   0.00001   0.00010   0.00011   2.69695
    R8        2.64298  -0.00007  -0.00019  -0.00007  -0.00026   2.64272
    R9        2.69684   0.00002   0.00001   0.00010   0.00011   2.69695
   R10        2.69311   0.00005   0.00005   0.00015   0.00020   2.69331
   R11        2.69311   0.00005   0.00005   0.00015   0.00020   2.69331
   R12        2.03354  -0.00005   0.00006  -0.00019  -0.00013   2.03341
   R13        2.69684   0.00002   0.00001   0.00010   0.00011   2.69696
   R14        2.64298  -0.00007  -0.00019  -0.00007  -0.00026   2.64272
   R15        2.69684   0.00002   0.00001   0.00010   0.00011   2.69696
   R16        2.64298  -0.00007  -0.00019  -0.00007  -0.00026   2.64272
   R17        2.69684   0.00002   0.00001   0.00010   0.00011   2.69695
   R18        2.64298  -0.00007  -0.00019  -0.00007  -0.00026   2.64272
   R19        2.64298  -0.00007  -0.00019  -0.00007  -0.00026   2.64272
   R20        2.69311   0.00005   0.00005   0.00015   0.00020   2.69331
   R21        2.69311   0.00005   0.00005   0.00015   0.00020   2.69331
   R22        2.56181  -0.00006  -0.00006  -0.00007  -0.00013   2.56168
   R23        2.03354  -0.00005   0.00006  -0.00019  -0.00013   2.03341
   R24        2.69311   0.00005   0.00005   0.00015   0.00020   2.69331
   R25        2.03354  -0.00005   0.00006  -0.00019  -0.00013   2.03341
   R26        2.69311   0.00005   0.00005   0.00015   0.00020   2.69331
   R27        2.56181  -0.00006  -0.00006  -0.00007  -0.00013   2.56168
   R28        2.03354  -0.00005   0.00006  -0.00019  -0.00013   2.03341
   R29        2.03354  -0.00005   0.00006  -0.00019  -0.00013   2.03341
   R30        2.56181  -0.00006  -0.00006  -0.00007  -0.00013   2.56168
   R31        2.03354  -0.00005   0.00006  -0.00019  -0.00013   2.03341
   R32        2.69311   0.00005   0.00005   0.00015   0.00020   2.69331
   R33        2.03354  -0.00005   0.00006  -0.00019  -0.00013   2.03341
   R34        2.69311   0.00005   0.00005   0.00015   0.00020   2.69331
   R35        2.56181  -0.00006  -0.00006  -0.00007  -0.00013   2.56168
   R36        2.03354  -0.00005   0.00006  -0.00019  -0.00013   2.03341
   R37        2.69311   0.00005   0.00005   0.00015   0.00020   2.69331
   R38        2.03354  -0.00005   0.00006  -0.00019  -0.00013   2.03341
   R39        2.69311   0.00005   0.00005   0.00015   0.00020   2.69331
   R40        2.03354  -0.00005   0.00006  -0.00019  -0.00013   2.03341
   R41        2.56181  -0.00006  -0.00006  -0.00007  -0.00013   2.56168
   R42        2.03354  -0.00005   0.00006  -0.00019  -0.00013   2.03341
    A1        2.11269  -0.00001  -0.00004  -0.00001  -0.00005   2.11265
    A2        2.07384  -0.00002   0.00000  -0.00014  -0.00014   2.07370
    A3        2.09665   0.00003   0.00004   0.00015   0.00018   2.09684
    A4        2.07610   0.00001   0.00004   0.00001   0.00005   2.07614
    A5        2.13099  -0.00001  -0.00007  -0.00002  -0.00009   2.13090
    A6        2.07610   0.00001   0.00004   0.00001   0.00005   2.07614
    A7        2.09440   0.00000   0.00000   0.00000   0.00000   2.09440
    A8        2.09440   0.00000   0.00000   0.00000   0.00000   2.09440
    A9        2.09440   0.00000   0.00000   0.00000   0.00000   2.09440
   A10        2.09440   0.00000   0.00000   0.00000   0.00000   2.09440
   A11        2.09440   0.00000   0.00000   0.00000   0.00000   2.09440
   A12        2.09440   0.00000   0.00000   0.00000   0.00000   2.09440
   A13        2.07610   0.00001   0.00004   0.00001   0.00005   2.07614
   A14        2.07610   0.00001   0.00004   0.00001   0.00005   2.07614
   A15        2.13099  -0.00001  -0.00007  -0.00002  -0.00009   2.13090
   A16        2.11269  -0.00001  -0.00004  -0.00001  -0.00005   2.11265
   A17        2.09665   0.00003   0.00004   0.00015   0.00018   2.09684
   A18        2.07384  -0.00002   0.00000  -0.00014  -0.00014   2.07370
   A19        2.09440   0.00000   0.00000   0.00000   0.00000   2.09440
   A20        2.09440   0.00000   0.00000   0.00000   0.00000   2.09440
   A21        2.09439   0.00000   0.00000   0.00000   0.00000   2.09440
   A22        2.09440   0.00000   0.00000   0.00000   0.00000   2.09440
   A23        2.09440   0.00000   0.00000   0.00000   0.00000   2.09440
   A24        2.09440   0.00000   0.00000   0.00000   0.00000   2.09440
   A25        2.09440   0.00000   0.00000   0.00000   0.00000   2.09440
   A26        2.09440   0.00000   0.00000   0.00000   0.00000   2.09440
   A27        2.09440   0.00000   0.00000   0.00000   0.00000   2.09440
   A28        2.09440   0.00000   0.00000   0.00000   0.00000   2.09440
   A29        2.09440   0.00000   0.00000   0.00000   0.00000   2.09440
   A30        2.09440   0.00000   0.00000   0.00000   0.00000   2.09440
   A31        2.07610   0.00001   0.00004   0.00001   0.00005   2.07614
   A32        2.07610   0.00001   0.00004   0.00001   0.00005   2.07614
   A33        2.13099  -0.00001  -0.00007  -0.00002  -0.00009   2.13090
   A34        2.11269  -0.00001  -0.00004  -0.00001  -0.00005   2.11265
   A35        2.07384  -0.00002   0.00000  -0.00014  -0.00014   2.07370
   A36        2.09665   0.00003   0.00004   0.00015   0.00018   2.09684
   A37        2.11269  -0.00001  -0.00004  -0.00001  -0.00005   2.11265
   A38        2.09665   0.00003   0.00004   0.00015   0.00018   2.09684
   A39        2.07384  -0.00002   0.00000  -0.00014  -0.00014   2.07370
   A40        2.07610   0.00001   0.00004   0.00001   0.00005   2.07614
   A41        2.07610   0.00001   0.00004   0.00001   0.00005   2.07614
   A42        2.13099  -0.00001  -0.00007  -0.00002  -0.00009   2.13090
   A43        2.11269  -0.00001  -0.00004  -0.00001  -0.00005   2.11265
   A44        2.07384  -0.00002   0.00000  -0.00014  -0.00014   2.07370
   A45        2.09665   0.00003   0.00004   0.00015   0.00018   2.09684
   A46        2.11269  -0.00001  -0.00004  -0.00001  -0.00005   2.11265
   A47        2.07384  -0.00002   0.00000  -0.00014  -0.00014   2.07370
   A48        2.09665   0.00003   0.00004   0.00015   0.00018   2.09684
   A49        2.11269  -0.00001  -0.00004  -0.00001  -0.00005   2.11265
   A50        2.07384  -0.00002   0.00000  -0.00014  -0.00014   2.07370
   A51        2.09665   0.00003   0.00004   0.00015   0.00018   2.09684
   A52        2.11269  -0.00001  -0.00004  -0.00001  -0.00005   2.11265
   A53        2.09665   0.00003   0.00004   0.00015   0.00018   2.09684
   A54        2.07384  -0.00002   0.00000  -0.00014  -0.00014   2.07370
   A55        2.07610   0.00001   0.00004   0.00001   0.00005   2.07614
   A56        2.07610   0.00001   0.00004   0.00001   0.00005   2.07614
   A57        2.13099  -0.00001  -0.00007  -0.00002  -0.00009   2.13090
   A58        2.11269  -0.00001  -0.00004  -0.00001  -0.00005   2.11265
   A59        2.07384  -0.00002   0.00000  -0.00014  -0.00014   2.07370
   A60        2.09665   0.00003   0.00004   0.00015   0.00018   2.09684
   A61        2.11269  -0.00001  -0.00004  -0.00001  -0.00005   2.11265
   A62        2.09665   0.00003   0.00004   0.00015   0.00018   2.09684
   A63        2.07384  -0.00002   0.00000  -0.00014  -0.00014   2.07370
   A64        2.07610   0.00001   0.00004   0.00001   0.00005   2.07614
   A65        2.07610   0.00001   0.00004   0.00001   0.00005   2.07614
   A66        2.13099  -0.00001  -0.00007  -0.00002  -0.00009   2.13090
   A67        2.07384  -0.00002   0.00000  -0.00014  -0.00014   2.07370
   A68        2.11269  -0.00001  -0.00004  -0.00001  -0.00005   2.11265
   A69        2.09665   0.00003   0.00004   0.00015   0.00018   2.09684
   A70        2.11269  -0.00001  -0.00004  -0.00001  -0.00005   2.11265
   A71        2.07384  -0.00002   0.00000  -0.00014  -0.00014   2.07370
   A72        2.09665   0.00003   0.00004   0.00015   0.00018   2.09684
    D1       -0.00001   0.00000   0.00000   0.00001   0.00001   0.00000
    D2        3.14159   0.00000   0.00000   0.00001   0.00000   3.14159
    D3        3.14159   0.00000   0.00000   0.00000   0.00000   3.14159
    D4        0.00000   0.00000   0.00000   0.00000   0.00000   0.00000
    D5        0.00000   0.00000   0.00000   0.00000   0.00000   0.00000
    D6       -3.14159   0.00000   0.00000  -0.00001  -0.00001   3.14159
    D7        3.14159   0.00000   0.00000   0.00000   0.00000  -3.14159
    D8        0.00000   0.00000   0.00000   0.00000   0.00000   0.00000
    D9        0.00001   0.00000   0.00000  -0.00001  -0.00001   0.00000
   D10        3.14159   0.00000   0.00000   0.00000   0.00000   3.14159
   D11       -3.14159   0.00000   0.00000  -0.00001   0.00000  -3.14159
   D12        0.00000   0.00000   0.00000   0.00001   0.00001   0.00000
   D13        3.14159   0.00000   0.00000   0.00001   0.00001  -3.14159
   D14        0.00001   0.00000   0.00000  -0.00001   0.00000   0.00000
   D15        0.00000   0.00000   0.00000   0.00001   0.00000   0.00000
   D16       -3.14159   0.00000   0.00000  -0.00001  -0.00001   3.14159
   D17        0.00000   0.00000   0.00000   0.00001   0.00000   0.00000
   D18        3.14159   0.00000   0.00000   0.00001   0.00001  -3.14159
   D19       -3.14159   0.00000   0.00000  -0.00001  -0.00001   3.14159
   D20        0.00001   0.00000   0.00000   0.00000   0.00000   0.00000
   D21        3.14159   0.00000   0.00000  -0.00001   0.00000   3.14159
   D22        0.00001   0.00000   0.00000  -0.00001  -0.00001   0.00000
   D23       -0.00001   0.00000   0.00000   0.00001   0.00001   0.00000
   D24        3.14159   0.00000   0.00000   0.00000   0.00000   3.14159
   D25        0.00000   0.00000   0.00000   0.00000   0.00000   0.00000
   D26       -3.14159   0.00000   0.00000   0.00000   0.00000   3.14159
   D27        3.14159   0.00000   0.00000   0.00000   0.00000   3.14159
   D28        0.00000   0.00000   0.00000  -0.00001   0.00000   0.00000
   D29        0.00000   0.00000   0.00000  -0.00001   0.00000   0.00000
   D30       -3.14159   0.00000   0.00000   0.00000   0.00000   3.14159
   D31       -3.14159   0.00000   0.00000   0.00000   0.00000  -3.14159
   D32        0.00000   0.00000   0.00000   0.00000   0.00000   0.00000
   D33        0.00000   0.00000   0.00000   0.00000   0.00000   0.00000
   D34        3.14159   0.00000   0.00000   0.00000   0.00000  -3.14159
   D35        3.14159   0.00000   0.00000   0.00000   0.00000  -3.14159
   D36        0.00000   0.00000   0.00000   0.00001   0.00001   0.00000
   D37        0.00000   0.00000   0.00000   0.00000   0.00000   0.00000
   D38       -3.14159   0.00000   0.00000  -0.00001  -0.00001   3.14159
   D39       -3.14159   0.00000   0.00000   0.00000   0.00000  -3.14159
   D40        0.00001   0.00000   0.00000  -0.00001  -0.00001   0.00000
   D41        0.00001   0.00000   0.00000   0.00000   0.00000   0.00000
   D42       -3.14159   0.00000   0.00000   0.00000   0.00000  -3.14159
   D43        3.14159   0.00000   0.00000   0.00000   0.00000  -3.14159
   D44        0.00000   0.00000   0.00000   0.00000   0.00000   0.00000
   D45        0.00000   0.00000   0.00000   0.00001   0.00000   0.00000
   D46        3.14159   0.00000   0.00000   0.00001   0.00001  -3.14159
   D47       -3.14159   0.00000   0.00000   0.00000   0.00000  -3.14159
   D48        0.00000   0.00000   0.00000   0.00000   0.00000   0.00000
   D49        0.00000   0.00000   0.00000   0.00001   0.00001   0.00000
   D50        3.14159   0.00000   0.00000   0.00000   0.00000   3.14159
   D51        3.14159   0.00000   0.00000   0.00001   0.00000   3.14159
   D52        0.00000   0.00000   0.00000   0.00000   0.00000   0.00000
   D53       -3.14159   0.00000   0.00000   0.00000   0.00000   3.14159
   D54        0.00000   0.00000   0.00000   0.00000   0.00000   0.00000
   D55        0.00000   0.00000   0.00000   0.00000   0.00000   0.00000
   D56        3.14159   0.00000   0.00000   0.00001   0.00001  -3.14159
   D57        0.00000   0.00000   0.00000  -0.00001   0.00000   0.00000
   D58       -3.14159   0.00000   0.00000  -0.00001   0.00000   3.14159
   D59       -3.14159   0.00000   0.00000   0.00000   0.00000  -3.14159
   D60        0.00000   0.00000   0.00000   0.00000   0.00000   0.00000
   D61        0.00001   0.00000   0.00000  -0.00001  -0.00001   0.00000
   D62        3.14159   0.00000  -0.00001   0.00002   0.00001  -3.14159
   D63       -3.14159   0.00000   0.00001  -0.00001  -0.00001   3.14159
   D64       -0.00001   0.00000   0.00000   0.00001   0.00001   0.00000
   D65        0.00000   0.00000   0.00000   0.00000   0.00000   0.00000
   D66       -3.14159   0.00000   0.00000   0.00000   0.00000   3.14159
   D67        3.14159   0.00000   0.00000   0.00000   0.00000   3.14159
   D68        0.00000   0.00000   0.00000   0.00000   0.00000   0.00000
   D69       -0.00001   0.00000   0.00000   0.00001   0.00001   0.00000
   D70        3.14158   0.00000   0.00000   0.00002   0.00002  -3.14159
   D71       -3.14159   0.00000   0.00001  -0.00001  -0.00001   3.14159
   D72        0.00000   0.00000   0.00000  -0.00001   0.00000   0.00000
   D73        3.14159   0.00000   0.00000  -0.00001   0.00000   3.14159
   D74        0.00001   0.00000   0.00001  -0.00002  -0.00002  -0.00001
   D75       -0.00001   0.00000  -0.00001   0.00002   0.00002   0.00000
   D76        3.14159   0.00000   0.00000   0.00000   0.00000   3.14159
   D77        0.00001   0.00000   0.00000  -0.00001  -0.00001   0.00000
   D78        3.14159   0.00000   0.00000   0.00000   0.00000   3.14159
   D79       -3.14158   0.00000   0.00000  -0.00002  -0.00002   3.14159
   D80        0.00000   0.00000   0.00000  -0.00001  -0.00001   0.00000
   D81        0.00000   0.00000   0.00000   0.00001   0.00001   0.00000
   D82       -3.14159   0.00000   0.00000   0.00000   0.00000  -3.14159
   D83       -3.14159   0.00000   0.00000  -0.00001  -0.00001   3.14159
   D84        0.00001   0.00000   0.00000  -0.00002  -0.00001   0.00000
   D85        0.00000   0.00000   0.00000  -0.00001  -0.00001   0.00000
   D86        3.14159   0.00000   0.00000   0.00000   0.00000  -3.14159
   D87        3.14159   0.00000   0.00000   0.00000   0.00000   3.14159
   D88       -0.00001   0.00000   0.00000   0.00001   0.00001   0.00000
   D89        0.00000   0.00000   0.00000   0.00000   0.00000   0.00000
   D90        3.14159   0.00000   0.00000   0.00001   0.00001  -3.14159
   D91       -3.14159   0.00000   0.00000  -0.00001  -0.00001   3.14159
   D92        0.00000   0.00000   0.00000   0.00000   0.00000   0.00000
   D93        0.00000   0.00000   0.00000  -0.00001  -0.00001   0.00000
   D94        3.14159   0.00000   0.00000   0.00000   0.00000   3.14159
   D95        3.14159   0.00000   0.00000   0.00000   0.00000   3.14159
   D96       -0.00001   0.00000  -0.00001   0.00002   0.00001   0.00000
   D97        0.00000   0.00000   0.00000   0.00001   0.00001   0.00000
   D98       -3.14159   0.00000   0.00000   0.00000   0.00000  -3.14159
   D99       -3.14159   0.00000   0.00000  -0.00001   0.00000  -3.14159
   D100       0.00001   0.00000   0.00000  -0.00001  -0.00001   0.00000
   D101       0.00001   0.00000   0.00000  -0.00002  -0.00001  -0.00001
   D102       3.14158   0.00000  -0.00001   0.00002   0.00001   3.14159
   D103      -3.14159   0.00000   0.00000  -0.00001  -0.00001   3.14159
   D104      -0.00002   0.00000  -0.00001   0.00002   0.00002   0.00000
   D105      -0.00001   0.00000   0.00000   0.00002   0.00001   0.00001
   D106       3.14158   0.00000  -0.00001   0.00002   0.00001  -3.14159
   D107      -3.14158   0.00000   0.00001  -0.00002  -0.00001   3.14159
   D108       0.00001   0.00000   0.00000  -0.00002  -0.00001   0.00000
   D109       0.00001   0.00000   0.00000  -0.00001  -0.00001   0.00000
   D110      -3.14159   0.00000   0.00000  -0.00001  -0.00001   3.14159
   D111      -3.14159   0.00000   0.00000  -0.00001  -0.00001   3.14159
   D112       0.00001   0.00000   0.00000  -0.00001  -0.00001   0.00000
   D113       0.00000   0.00000   0.00000  -0.00001   0.00000   0.00000
   D114      -3.14159   0.00000   0.00000   0.00000   0.00000  -3.14159
   D115      -3.14159   0.00000   0.00000  -0.00001  -0.00001   3.14159
   D116       0.00000   0.00000   0.00000   0.00000   0.00000   0.00000
   D117      -0.00001   0.00000   0.00000   0.00002   0.00002   0.00001
   D118       3.14159   0.00000   0.00000   0.00002   0.00001  -3.14159
   D119      -3.14159   0.00000   0.00000   0.00000   0.00000  -3.14159
   D120       0.00000   0.00000   0.00000   0.00000  -0.00001   0.00000
         Item               Value     Threshold  Converged?
 Maximum Force            0.000066     0.000450     YES
 RMS     Force            0.000024     0.000300     YES
 Maximum Displacement     0.000260     0.001800     YES
 RMS     Displacement     0.000074     0.001200     YES
 Predicted change in Energy=-2.397546D-07
 Optimization completed.
    -- Stationary point found.
                           ----------------------------
                           !   Optimized Parameters   !
                           ! (Angstroms and Degrees)  !
 --------------------------                            --------------------------
 ! Name  Definition              Value          Derivative Info.                !
 --------------------------------------------------------------------------------
 ! R1    R(1,2)                  1.4251         -DE/DX =    0.0001              !
 ! R2    R(1,6)                  1.3557         -DE/DX =   -0.0001              !
 ! R3    R(1,19)                 1.0761         -DE/DX =   -0.0001              !
 ! R4    R(2,3)                  1.3986         -DE/DX =   -0.0001              !
 ! R5    R(2,23)                 1.4251         -DE/DX =    0.0001              !
 ! R6    R(3,4)                  1.4271         -DE/DX =    0.0                 !
 ! R7    R(3,7)                  1.4271         -DE/DX =    0.0                 !
 ! R8    R(4,5)                  1.3986         -DE/DX =   -0.0001              !
 ! R9    R(4,8)                  1.4271         -DE/DX =    0.0                 !
 ! R10   R(5,6)                  1.4251         -DE/DX =    0.0001              !
 ! R11   R(5,16)                 1.4251         -DE/DX =    0.0001              !
 ! R12   R(6,20)                 1.0761         -DE/DX =   -0.0001              !
 ! R13   R(7,10)                 1.4271         -DE/DX =    0.0                 !
 ! R14   R(7,25)                 1.3986         -DE/DX =   -0.0001              !
 ! R15   R(8,9)                  1.4271         -DE/DX =    0.0                 !
 ! R16   R(8,14)                 1.3986         -DE/DX =   -0.0001              !
 ! R17   R(9,10)                 1.4271         -DE/DX =    0.0                 !
 ! R18   R(9,11)                 1.3986         -DE/DX =   -0.0001              !
 ! R19   R(10,30)                1.3986         -DE/DX =   -0.0001              !
 ! R20   R(11,12)                1.4251         -DE/DX =    0.0001              !
 ! R21   R(11,33)                1.4251         -DE/DX =    0.0001              !
 ! R22   R(12,13)                1.3557         -DE/DX =   -0.0001              !
 ! R23   R(12,21)                1.0761         -DE/DX =   -0.0001              !
 ! R24   R(13,14)                1.4251         -DE/DX =    0.0001              !
 ! R25   R(13,22)                1.0761         -DE/DX =   -0.0001              !
 ! R26   R(14,15)                1.4251         -DE/DX =    0.0001              !
 ! R27   R(15,16)                1.3557         -DE/DX =   -0.0001              !
 ! R28   R(15,18)                1.0761         -DE/DX =   -0.0001              !
 ! R29   R(16,17)                1.0761         -DE/DX =   -0.0001              !
 ! R30   R(23,24)                1.3557         -DE/DX =   -0.0001              !
 ! R31   R(23,26)                1.0761         -DE/DX =   -0.0001              !
 ! R32   R(24,25)                1.4251         -DE/DX =    0.0001              !
 ! R33   R(24,27)                1.0761         -DE/DX =   -0.0001              !
 ! R34   R(25,28)                1.4251         -DE/DX =    0.0001              !
 ! R35   R(28,29)                1.3557         -DE/DX =   -0.0001              !
 ! R36   R(28,31)                1.0761         -DE/DX =   -0.0001              !
 ! R37   R(29,30)                1.4251         -DE/DX =    0.0001              !
 ! R38   R(29,32)                1.0761         -DE/DX =   -0.0001              !
 ! R39   R(30,35)                1.4251         -DE/DX =    0.0001              !
 ! R40   R(33,34)                1.0761         -DE/DX =   -0.0001              !
 ! R41   R(33,35)                1.3557         -DE/DX =   -0.0001              !
 ! R42   R(35,36)                1.0761         -DE/DX =   -0.0001              !
 ! A1    A(2,1,6)              121.0484         -DE/DX =    0.0                 !
 ! A2    A(2,1,19)             118.8222         -DE/DX =    0.0                 !
 ! A3    A(6,1,19)             120.1294         -DE/DX =    0.0                 !
 ! A4    A(1,2,3)              118.9516         -DE/DX =    0.0                 !
 ! A5    A(1,2,23)             122.0969         -DE/DX =    0.0                 !
 ! A6    A(3,2,23)             118.9516         -DE/DX =    0.0                 !
 ! A7    A(2,3,4)              120.0            -DE/DX =    0.0                 !
 ! A8    A(2,3,7)              120.0            -DE/DX =    0.0                 !
 ! A9    A(4,3,7)              120.0            -DE/DX =    0.0                 !
 ! A10   A(3,4,5)              120.0            -DE/DX =    0.0                 !
 ! A11   A(3,4,8)              120.0            -DE/DX =    0.0                 !
 ! A12   A(5,4,8)              120.0            -DE/DX =    0.0                 !
 ! A13   A(4,5,6)              118.9516         -DE/DX =    0.0                 !
 ! A14   A(4,5,16)             118.9516         -DE/DX =    0.0                 !
 ! A15   A(6,5,16)             122.0969         -DE/DX =    0.0                 !
 ! A16   A(1,6,5)              121.0484         -DE/DX =    0.0                 !
 ! A17   A(1,6,20)             120.1294         -DE/DX =    0.0                 !
 ! A18   A(5,6,20)             118.8222         -DE/DX =    0.0                 !
 ! A19   A(3,7,10)             120.0            -DE/DX =    0.0                 !
 ! A20   A(3,7,25)             120.0            -DE/DX =    0.0                 !
 ! A21   A(10,7,25)            120.0            -DE/DX =    0.0                 !
 ! A22   A(4,8,9)              120.0            -DE/DX =    0.0                 !
 ! A23   A(4,8,14)             120.0            -DE/DX =    0.0                 !
 ! A24   A(9,8,14)             120.0            -DE/DX =    0.0                 !
 ! A25   A(8,9,10)             120.0            -DE/DX =    0.0                 !
 ! A26   A(8,9,11)             120.0            -DE/DX =    0.0                 !
 ! A27   A(10,9,11)            120.0            -DE/DX =    0.0                 !
 ! A28   A(7,10,9)             120.0            -DE/DX =    0.0                 !
 ! A29   A(7,10,30)            120.0            -DE/DX =    0.0                 !
 ! A30   A(9,10,30)            120.0            -DE/DX =    0.0                 !
 ! A31   A(9,11,12)            118.9516         -DE/DX =    0.0                 !
 ! A32   A(9,11,33)            118.9516         -DE/DX =    0.0                 !
 ! A33   A(12,11,33)           122.0968         -DE/DX =    0.0                 !
 ! A34   A(11,12,13)           121.0484         -DE/DX =    0.0                 !
 ! A35   A(11,12,21)           118.8222         -DE/DX =    0.0                 !
 ! A36   A(13,12,21)           120.1294         -DE/DX =    0.0                 !
 ! A37   A(12,13,14)           121.0484         -DE/DX =    0.0                 !
 ! A38   A(12,13,22)           120.1294         -DE/DX =    0.0                 !
 ! A39   A(14,13,22)           118.8222         -DE/DX =    0.0                 !
 ! A40   A(8,14,13)            118.9516         -DE/DX =    0.0                 !
 ! A41   A(8,14,15)            118.9516         -DE/DX =    0.0                 !
 ! A42   A(13,14,15)           122.0969         -DE/DX =    0.0                 !
 ! A43   A(14,15,16)           121.0484         -DE/DX =    0.0                 !
 ! A44   A(14,15,18)           118.8222         -DE/DX =    0.0                 !
 ! A45   A(16,15,18)           120.1293         -DE/DX =    0.0                 !
 ! A46   A(5,16,15)            121.0484         -DE/DX =    0.0                 !
 ! A47   A(5,16,17)            118.8222         -DE/DX =    0.0                 !
 ! A48   A(15,16,17)           120.1294         -DE/DX =    0.0                 !
 ! A49   A(2,23,24)            121.0484         -DE/DX =    0.0                 !
 ! A50   A(2,23,26)            118.8222         -DE/DX =    0.0                 !
 ! A51   A(24,23,26)           120.1294         -DE/DX =    0.0                 !
 ! A52   A(23,24,25)           121.0484         -DE/DX =    0.0                 !
 ! A53   A(23,24,27)           120.1293         -DE/DX =    0.0                 !
 ! A54   A(25,24,27)           118.8222         -DE/DX =    0.0                 !
 ! A55   A(7,25,24)            118.9516         -DE/DX =    0.0                 !
 ! A56   A(7,25,28)            118.9516         -DE/DX =    0.0                 !
 ! A57   A(24,25,28)           122.0969         -DE/DX =    0.0                 !
 ! A58   A(25,28,29)           121.0484         -DE/DX =    0.0                 !
 ! A59   A(25,28,31)           118.8222         -DE/DX =    0.0                 !
 ! A60   A(29,28,31)           120.1294         -DE/DX =    0.0                 !
 ! A61   A(28,29,30)           121.0484         -DE/DX =    0.0                 !
 ! A62   A(28,29,32)           120.1294         -DE/DX =    0.0                 !
 ! A63   A(30,29,32)           118.8222         -DE/DX =    0.0                 !
 ! A64   A(10,30,29)           118.9516         -DE/DX =    0.0                 !
 ! A65   A(10,30,35)           118.9516         -DE/DX =    0.0                 !
 ! A66   A(29,30,35)           122.0969         -DE/DX =    0.0                 !
 ! A67   A(11,33,34)           118.8222         -DE/DX =    0.0                 !
 ! A68   A(11,33,35)           121.0484         -DE/DX =    0.0                 !
 ! A69   A(34,33,35)           120.1294         -DE/DX =    0.0                 !
 ! A70   A(30,35,33)           121.0484         -DE/DX =    0.0                 !
 ! A71   A(30,35,36)           118.8222         -DE/DX =    0.0                 !
 ! A72   A(33,35,36)           120.1294         -DE/DX =    0.0                 !
 ! D1    D(6,1,2,3)             -0.0003         -DE/DX =    0.0                 !
 ! D2    D(6,1,2,23)           179.9998         -DE/DX =    0.0                 !
 ! D3    D(19,1,2,3)           179.9999         -DE/DX =    0.0                 !
 ! D4    D(19,1,2,23)            0.0            -DE/DX =    0.0                 !
 ! D5    D(2,1,6,5)              0.0002         -DE/DX =    0.0                 !
 ! D6    D(2,1,6,20)           180.0004         -DE/DX =    0.0                 !
 ! D7    D(19,1,6,5)          -180.0001         -DE/DX =    0.0                 !
 ! D8    D(19,1,6,20)            0.0001         -DE/DX =    0.0                 !
 ! D9    D(1,2,3,4)              0.0003         -DE/DX =    0.0                 !
 ! D10   D(1,2,3,7)            179.9999         -DE/DX =    0.0                 !
 ! D11   D(23,2,3,4)          -179.9998         -DE/DX =    0.0                 !
 ! D12   D(23,2,3,7)            -0.0002         -DE/DX =    0.0                 !
 ! D13   D(1,2,23,24)         -180.0002         -DE/DX =    0.0                 !
 ! D14   D(1,2,23,26)            0.0003         -DE/DX =    0.0                 !
 ! D15   D(3,2,23,24)           -0.0001         -DE/DX =    0.0                 !
 ! D16   D(3,2,23,26)          180.0004         -DE/DX =    0.0                 !
 ! D17   D(2,3,4,5)             -0.0002         -DE/DX =    0.0                 !
 ! D18   D(2,3,4,8)           -180.0002         -DE/DX =    0.0                 !
 ! D19   D(7,3,4,5)            180.0003         -DE/DX =    0.0                 !
 ! D20   D(7,3,4,8)              0.0003         -DE/DX =    0.0                 !
 ! D21   D(2,3,7,10)           180.0            -DE/DX =    0.0                 !
 ! D22   D(2,3,7,25)             0.0003         -DE/DX =    0.0                 !
 ! D23   D(4,3,7,10)            -0.0005         -DE/DX =    0.0                 !
 ! D24   D(4,3,7,25)           179.9999         -DE/DX =    0.0                 !
 ! D25   D(3,4,5,6)              0.0            -DE/DX =    0.0                 !
 ! D26   D(3,4,5,16)           180.0            -DE/DX =    0.0                 !
 ! D27   D(8,4,5,6)            180.0            -DE/DX =    0.0                 !
 ! D28   D(8,4,5,16)             0.0            -DE/DX =    0.0                 !
 ! D29   D(3,4,8,9)              0.0001         -DE/DX =    0.0                 !
 ! D30   D(3,4,8,14)           180.0            -DE/DX =    0.0                 !
 ! D31   D(5,4,8,9)           -179.9999         -DE/DX =    0.0                 !
 ! D32   D(5,4,8,14)             0.0            -DE/DX =    0.0                 !
 ! D33   D(4,5,6,1)              0.0            -DE/DX =    0.0                 !
 ! D34   D(4,5,6,20)          -180.0002         -DE/DX =    0.0                 !
 ! D35   D(16,5,6,1)          -180.0            -DE/DX =    0.0                 !
 ! D36   D(16,5,6,20)           -0.0002         -DE/DX =    0.0                 !
 ! D37   D(4,5,16,15)            0.0            -DE/DX =    0.0                 !
 ! D38   D(4,5,16,17)          180.0003         -DE/DX =    0.0                 !
 ! D39   D(6,5,16,15)         -180.0            -DE/DX =    0.0                 !
 ! D40   D(6,5,16,17)            0.0004         -DE/DX =    0.0                 !
 ! D41   D(3,7,10,9)             0.0003         -DE/DX =    0.0                 !
 ! D42   D(3,7,10,30)         -179.9997         -DE/DX =    0.0                 !
 ! D43   D(25,7,10,9)         -180.0            -DE/DX =    0.0                 !
 ! D44   D(25,7,10,30)          -0.0001         -DE/DX =    0.0                 !
 ! D45   D(3,7,25,24)           -0.0001         -DE/DX =    0.0                 !
 ! D46   D(3,7,25,28)         -180.0004         -DE/DX =    0.0                 !
 ! D47   D(10,7,25,24)        -179.9998         -DE/DX =    0.0                 !
 ! D48   D(10,7,25,28)           0.0            -DE/DX =    0.0                 !
 ! D49   D(4,8,9,10)            -0.0003         -DE/DX =    0.0                 !
 ! D50   D(4,8,9,11)           179.9998         -DE/DX =    0.0                 !
 ! D51   D(14,8,9,10)          179.9998         -DE/DX =    0.0                 !
 ! D52   D(14,8,9,11)           -0.0002         -DE/DX =    0.0                 !
 ! D53   D(4,8,14,13)          180.0001         -DE/DX =    0.0                 !
 ! D54   D(4,8,14,15)           -0.0002         -DE/DX =    0.0                 !
 ! D55   D(9,8,14,13)            0.0001         -DE/DX =    0.0                 !
 ! D56   D(9,8,14,15)         -180.0002         -DE/DX =    0.0                 !
 ! D57   D(8,9,10,7)             0.0001         -DE/DX =    0.0                 !
 ! D58   D(8,9,10,30)          180.0001         -DE/DX =    0.0                 !
 ! D59   D(11,9,10,7)         -180.0            -DE/DX =    0.0                 !
 ! D60   D(11,9,10,30)           0.0001         -DE/DX =    0.0                 !
 ! D61   D(8,9,11,12)            0.0004         -DE/DX =    0.0                 !
 ! D62   D(8,9,11,33)         -180.0004         -DE/DX =    0.0                 !
 ! D63   D(10,9,11,12)         180.0004         -DE/DX =    0.0                 !
 ! D64   D(10,9,11,33)          -0.0004         -DE/DX =    0.0                 !
 ! D65   D(7,10,30,29)          -0.0001         -DE/DX =    0.0                 !
 ! D66   D(7,10,30,35)         180.0            -DE/DX =    0.0                 !
 ! D67   D(9,10,30,29)         179.9999         -DE/DX =    0.0                 !
 ! D68   D(9,10,30,35)           0.0            -DE/DX =    0.0                 !
 ! D69   D(9,11,12,13)          -0.0005         -DE/DX =    0.0                 !
 ! D70   D(9,11,12,21)        -180.0008         -DE/DX =    0.0                 !
 ! D71   D(33,11,12,13)        180.0003         -DE/DX =    0.0                 !
 ! D72   D(33,11,12,21)          0.0001         -DE/DX =    0.0                 !
 ! D73   D(9,11,33,34)         180.0            -DE/DX =    0.0                 !
 ! D74   D(9,11,33,35)           0.0006         -DE/DX =    0.0                 !
 ! D75   D(12,11,33,34)         -0.0008         -DE/DX =    0.0                 !
 ! D76   D(12,11,33,35)        179.9998         -DE/DX =    0.0                 !
 ! D77   D(11,12,13,14)          0.0004         -DE/DX =    0.0                 !
 ! D78   D(11,12,13,22)        179.9999         -DE/DX =    0.0                 !
 ! D79   D(21,12,13,14)        180.0007         -DE/DX =    0.0                 !
 ! D80   D(21,12,13,22)          0.0002         -DE/DX =    0.0                 !
 ! D81   D(12,13,14,8)          -0.0002         -DE/DX =    0.0                 !
 ! D82   D(12,13,14,15)       -179.9999         -DE/DX =    0.0                 !
 ! D83   D(22,13,14,8)         180.0003         -DE/DX =    0.0                 !
 ! D84   D(22,13,14,15)          0.0006         -DE/DX =    0.0                 !
 ! D85   D(8,14,15,16)           0.0002         -DE/DX =    0.0                 !
 ! D86   D(8,14,15,18)        -180.0001         -DE/DX =    0.0                 !
 ! D87   D(13,14,15,16)        179.9999         -DE/DX =    0.0                 !
 ! D88   D(13,14,15,18)         -0.0004         -DE/DX =    0.0                 !
 ! D89   D(14,15,16,5)          -0.0001         -DE/DX =    0.0                 !
 ! D90   D(14,15,16,17)       -180.0004         -DE/DX =    0.0                 !
 ! D91   D(18,15,16,5)         180.0002         -DE/DX =    0.0                 !
 ! D92   D(18,15,16,17)         -0.0001         -DE/DX =    0.0                 !
 ! D93   D(2,23,24,25)           0.0003         -DE/DX =    0.0                 !
 ! D94   D(2,23,24,27)         179.9999         -DE/DX =    0.0                 !
 ! D95   D(26,23,24,25)        179.9998         -DE/DX =    0.0                 !
 ! D96   D(26,23,24,27)         -0.0006         -DE/DX =    0.0                 !
 ! D97   D(23,24,25,7)          -0.0002         -DE/DX =    0.0                 !
 ! D98   D(23,24,25,28)       -179.9999         -DE/DX =    0.0                 !
 ! D99   D(27,24,25,7)        -179.9998         -DE/DX =    0.0                 !
 ! D100  D(27,24,25,28)          0.0005         -DE/DX =    0.0                 !
 ! D101  D(7,25,28,29)           0.0003         -DE/DX =    0.0                 !
 ! D102  D(7,25,28,31)         179.9993         -DE/DX =    0.0                 !
 ! D103  D(24,25,28,29)        180.0            -DE/DX =    0.0                 !
 ! D104  D(24,25,28,31)         -0.001          -DE/DX =    0.0                 !
 ! D105  D(25,28,29,30)         -0.0005         -DE/DX =    0.0                 !
 ! D106  D(25,28,29,32)       -180.0005         -DE/DX =    0.0                 !
 ! D107  D(31,28,29,30)        180.0006         -DE/DX =    0.0                 !
 ! D108  D(31,28,29,32)          0.0006         -DE/DX =    0.0                 !
 ! D109  D(28,29,30,10)          0.0003         -DE/DX =    0.0                 !
 ! D110  D(28,29,30,35)        180.0003         -DE/DX =    0.0                 !
 ! D111  D(32,29,30,10)        180.0004         -DE/DX =    0.0                 !
 ! D112  D(32,29,30,35)          0.0003         -DE/DX =    0.0                 !
 ! D113  D(10,30,35,33)          0.0003         -DE/DX =    0.0                 !
 ! D114  D(10,30,35,36)       -179.9999         -DE/DX =    0.0                 !
 ! D115  D(29,30,35,33)        180.0003         -DE/DX =    0.0                 !
 ! D116  D(29,30,35,36)          0.0002         -DE/DX =    0.0                 !
 ! D117  D(11,33,35,30)         -0.0006         -DE/DX =    0.0                 !
 ! D118  D(11,33,35,36)       -180.0004         -DE/DX =    0.0                 !
 ! D119  D(34,33,35,30)       -179.9999         -DE/DX =    0.0                 !
 ! D120  D(34,33,35,36)          0.0002         -DE/DX =    0.0                 !
 --------------------------------------------------------------------------------
 GradGradGradGradGradGradGradGradGradGradGradGradGradGradGradGradGradGrad

                          Input orientation:                          
 ---------------------------------------------------------------------
 Center     Atomic      Atomic             Coordinates (Angstroms)
 Number     Number       Type             X           Y           Z
 ---------------------------------------------------------------------
      1          6           0       -2.938751   -2.741613   -0.340144
      2          6           0       -1.513618   -2.742386   -0.339918
      3          6           0       -0.835931   -1.518934   -0.339460
      4          6           0       -1.571317   -0.295886   -0.339219
      5          6           0       -2.969701   -0.320719   -0.339445
      6          6           0       -3.637315   -1.579804   -0.339916
      7          6           0        0.590951   -1.493595   -0.339223
      8          6           0       -0.879820    0.952499   -0.338748
      9          6           0        0.547063    0.977838   -0.338519
     10          6           0        1.282449   -0.245209   -0.338756
     11          6           0        1.224750    2.201290   -0.338063
     12          6           0        0.468157    3.409004   -0.337825
     13          6           0       -0.887281    3.384934   -0.338044
     14          6           0       -1.600517    2.151119   -0.338511
     15          6           0       -3.024723    2.099747   -0.338751
     16          6           0       -3.681597    0.913868   -0.339198
     17          1           0       -4.757486    0.892333   -0.339367
     18          1           0       -3.577154    3.023230   -0.338566
     19          1           0       -3.458044   -3.684127   -0.340498
     20          1           0       -4.713289   -1.596481   -0.340086
     21          1           0        0.991701    4.349163   -0.337461
     22          1           0       -1.443876    4.305912   -0.337857
     23          6           0       -0.757025   -3.950099   -0.340146
     24          6           0        0.598413   -3.926029   -0.339927
     25          6           0        1.311649   -2.692215   -0.339456
     26          1           0       -1.280570   -4.890259   -0.340505
     27          1           0        1.155008   -4.847008   -0.340103
     28          6           0        2.735855   -2.640843   -0.339221
     29          6           0        3.392729   -1.454964   -0.338771
     30          6           0        2.680832   -0.220377   -0.338530
     31          1           0        3.288285   -3.564326   -0.339388
     32          1           0        4.468617   -1.433428   -0.338590
     33          6           0        2.649882    2.200517   -0.337834
     34          1           0        3.169176    3.143032   -0.337483
     35          6           0        3.348446    1.038708   -0.338064
     36          1           0        4.424421    1.055385   -0.337892
 ---------------------------------------------------------------------
                    Distance matrix (angstroms):
                    1          2          3          4          5
     1  C    0.000000
     2  C    1.425133   0.000000
     3  C    2.432446   1.398604   0.000000
     4  C    2.802045   2.447180   1.427108   0.000000
     5  C    2.421092   2.825712   2.447180   1.398604   0.000000
     6  C    1.355652   2.421092   2.802045   2.432446   1.425133
     7  C    3.743841   2.447179   1.427107   2.471823   3.748850
     8  C    4.229145   3.748850   2.471823   1.427108   2.447179
     9  C    5.097570   4.252820   2.854216   2.471823   3.748850
    10  C    4.904137   3.748850   2.471823   2.854216   4.252820
    11  C    6.462741   5.651424   4.252820   3.748850   4.894276
    12  C    7.031153   6.462742   5.097570   4.229145   5.072445
    13  C    6.460890   6.159249   4.904137   3.743841   4.250686
    14  C    5.072445   4.894277   3.748851   2.447180   2.825712
    15  C    4.842124   5.072445   4.229145   2.802044   2.421092
    16  C    3.730196   4.250686   3.743841   2.432445   1.425132
    17  H    4.063663   4.871741   4.603563   3.400520   2.160479
    18  H    5.800084   6.123766   5.305238   3.878133   3.398675
    19  H    1.076104   2.160479   3.400520   3.878133   3.398676
    20  H    2.111946   3.398676   3.878133   3.400520   2.160479
    21  H    8.107254   7.521084   6.146122   5.305238   6.123766
    22  H    7.204323   7.048644   5.856486   4.603563   4.871741
    23  C    2.494066   1.425132   2.432445   3.743840   4.250686
    24  C    3.730197   2.421092   2.802044   4.229145   5.072445
    25  C    4.250686   2.825712   2.447180   3.748851   4.894277
    26  H    2.714082   2.160479   3.400520   4.603563   4.871741
    27  H    4.603427   3.398675   3.878133   5.305238   6.123766
    28  C    5.675501   4.250686   3.743841   4.904137   6.159249
    29  C    6.460890   5.072445   4.229145   5.097570   6.462741
    30  C    6.159249   4.894276   3.748850   4.252820   5.651424
    31  H    6.281149   4.871741   4.603563   5.856486   7.048643
    32  H    7.521998   6.123766   5.305238   6.146122   7.521084
    33  C    7.460393   6.462741   5.097569   4.904136   6.159248
    34  H    8.481498   7.521084   6.146121   5.856486   7.048643
    35  C    7.336189   6.159248   4.904136   5.097569   6.462741
    36  H    8.284533   7.048643   5.856486   6.146121   7.521083
                    6          7          8          9         10
     6  C    0.000000
     7  C    4.229145   0.000000
     8  C    3.743841   2.854215   0.000000
     9  C    4.904137   2.471823   1.427108   0.000000
    10  C    5.097570   1.427108   2.471823   1.427108   0.000000
    11  C    6.159249   3.748850   2.447180   1.398604   2.447180
    12  C    6.460890   4.904137   2.802045   2.432446   3.743841
    13  C    5.675501   5.097570   2.432446   2.802045   4.229145
    14  C    4.250686   4.252820   1.398604   2.447180   3.748851
    15  C    3.730197   5.097569   2.432445   3.743840   4.904136
    16  C    2.494066   4.904136   2.802044   4.229145   5.097569
    17  H    2.714082   5.856486   3.878133   5.305238   6.146121
    18  H    4.603427   6.146121   3.400520   4.603563   5.856486
    19  H    2.111946   4.603563   5.305238   6.146122   5.856486
    20  H    1.076104   5.305238   4.603563   5.856486   6.146122
    21  H    7.521998   5.856486   3.878133   3.400520   4.603563
    22  H    6.281149   6.146122   3.400520   3.878133   5.305238
    23  C    3.730196   2.802044   4.904136   5.097569   4.229145
    24  C    4.842124   2.432445   5.097569   4.904136   3.743840
    25  C    5.072445   1.398604   4.252820   3.748851   2.447180
    26  H    4.063663   3.878133   5.856486   6.146121   5.305238
    27  H    5.800084   3.400520   6.146121   5.856486   4.603563
    28  C    6.460890   2.432446   5.097570   4.229145   2.802045
    29  C    7.031153   2.802045   4.904137   3.743841   2.432446
    30  C    6.462741   2.447180   3.748850   2.447180   1.398604
    31  H    7.204323   3.400520   6.146122   5.305238   3.878133
    32  H    8.107254   3.878133   5.856486   4.603563   3.400520
    33  C    7.336189   4.229145   3.743841   2.432445   2.802044
    34  H    8.284533   5.305238   4.603563   3.400520   3.878133
    35  C    7.460393   3.743841   4.229145   2.802044   2.432445
    36  H    8.481498   4.603563   5.305238   3.878133   3.400520
                   11         12         13         14         15
    11  C    0.000000
    12  C    1.425133   0.000000
    13  C    2.421092   1.355652   0.000000
    14  C    2.825712   2.421092   1.425133   0.000000
    15  C    4.250686   3.730196   2.494065   1.425132   0.000000
    16  C    5.072445   4.842124   3.730197   2.421092   1.355652
    17  H    6.123766   5.800084   4.603427   3.398675   2.111946
    18  H    4.871741   4.063663   2.714082   2.160479   1.076104
    19  H    7.521084   8.107254   7.521998   6.123766   5.800084
    20  H    7.048643   7.204323   6.281149   4.871741   4.063664
    21  H    2.160479   1.076104   2.111946   3.398676   4.603427
    22  H    3.398676   2.111946   1.076104   2.160479   2.714082
    23  C    6.462741   7.460393   7.336189   6.159248   6.460890
    24  C    6.159248   7.336189   7.460393   6.462741   7.031152
    25  C    4.894277   6.159249   6.462742   5.651424   6.462741
    26  H    7.521083   8.481498   8.284533   7.048643   7.204323
    27  H    7.048643   8.284533   8.481498   7.521084   8.107254
    28  C    5.072445   6.460890   7.031153   6.462742   7.460393
    29  C    4.250686   5.675501   6.460890   6.159249   7.336189
    30  C    2.825712   4.250686   5.072445   4.894277   6.159248
    31  H    6.123766   7.521998   8.107254   7.521084   8.481498
    32  H    4.871741   6.281149   7.204323   7.048643   8.284533
    33  C    1.425133   2.494066   3.730196   4.250686   5.675500
    34  H    2.160479   2.714082   4.063663   4.871741   6.281149
    35  C    2.421092   3.730197   4.842124   5.072445   6.460890
    36  H    3.398675   4.603427   5.800084   6.123766   7.521997
                   16         17         18         19         20
    16  C    0.000000
    17  H    1.076104   0.000000
    18  H    2.111946   2.435961   0.000000
    19  H    4.603427   4.757367   6.708415   0.000000
    20  H    2.714082   2.489206   4.757366   2.435962   0.000000
    21  H    5.800084   6.708415   4.757367   9.183355   8.240001
    22  H    4.063664   4.757367   2.489206   8.240001   6.747393
    23  C    5.675500   6.281149   7.521997   2.714082   4.603427
    24  C    6.460890   7.204323   8.107254   4.063664   5.800084
    25  C    6.159248   7.048643   7.521084   4.871741   6.123766
    26  H    6.281149   6.747393   8.240001   2.489206   4.757367
    27  H    7.521997   8.240001   9.183354   4.757366   6.708415
    28  C    7.336189   8.284533   8.481498   6.281149   7.521998
    29  C    7.460393   8.481498   8.284533   7.204323   8.107254
    30  C    6.462741   7.521083   7.048643   7.048643   7.521084
    31  H    8.284533   9.197621   9.514733   6.747393   8.240001
    32  H    8.481498   9.514733   9.197621   8.240001   9.183355
    33  C    6.460890   7.521997   6.281149   8.481498   8.284533
    34  H    7.204322   8.240000   6.747393   9.514733   9.197621
    35  C    7.031152   8.107254   7.204323   8.284533   8.481498
    36  H    8.107254   9.183354   8.240001   9.197621   9.514733
                   21         22         23         24         25
    21  H    0.000000
    22  H    2.435961   0.000000
    23  C    8.481498   8.284533   0.000000
    24  C    8.284533   8.481498   1.355652   0.000000
    25  C    7.048644   7.521084   2.421092   1.425132   0.000000
    26  H    9.514733   9.197621   1.076104   2.111946   3.398675
    27  H    9.197622   9.514733   2.111946   1.076104   2.160479
    28  C    7.204323   8.107254   3.730197   2.494065   1.425133
    29  C    6.281149   7.521998   4.842124   3.730196   2.421092
    30  C    4.871741   6.123766   5.072445   4.250686   2.825712
    31  H    8.240001   9.183355   4.063663   2.714082   2.160479
    32  H    6.747393   8.240001   5.800084   4.603427   3.398676
    33  C    2.714082   4.603427   7.031152   6.460890   5.072445
    34  H    2.489206   4.757367   8.107254   7.521997   6.123766
    35  C    4.063664   5.800084   6.460890   5.675500   4.250686
    36  H    4.757367   6.708415   7.204322   6.281148   4.871741
                   26         27         28         29         30
    26  H    0.000000
    27  H    2.435961   0.000000
    28  C    4.603427   2.714082   0.000000
    29  C    5.800084   4.063663   1.355652   0.000000
    30  C    6.123766   4.871741   2.421092   1.425133   0.000000
    31  H    4.757366   2.489206   1.076104   2.111946   3.398676
    32  H    6.708415   4.757367   2.111946   1.076104   2.160479
    33  C    8.107254   7.204323   4.842124   3.730197   2.421092
    34  H    9.183354   8.240001   5.800084   4.603427   3.398676
    35  C    7.521997   6.281149   3.730196   2.494066   1.425133
    36  H    8.240000   6.747393   4.063663   2.714082   2.160479
                   31         32         33         34         35
    31  H    0.000000
    32  H    2.435962   0.000000
    33  C    5.800084   4.063663   0.000000
    34  H    6.708415   4.757367   1.076104   0.000000
    35  C    4.603427   2.714082   1.355652   2.111946   0.000000
    36  H    4.757366   2.489206   2.111946   2.435962   1.076104
                   36
    36  H    0.000000
 Stoichiometry    C24H12
 Framework group  C1[X(C24H12)]
 Deg. of freedom   102
 Full point group                 C1      NOp   1
 Largest Abelian subgroup         C1      NOp   1
 Largest concise Abelian subgroup C1      NOp   1
                         Standard orientation:                         
 ---------------------------------------------------------------------
 Center     Atomic      Atomic             Coordinates (Angstroms)
 Number     Number       Type             X           Y           Z
 ---------------------------------------------------------------------
      1          6           0       -0.985075    3.597776   -0.000004
      2          6           0       -1.614406    2.319125   -0.000001
      3          6           0       -0.815345    1.171259   -0.000003
      4          6           0        0.606668    1.291739   -0.000001
      5          6           0        1.201219    2.557679    0.000000
      6          6           0        0.365737    3.712224   -0.000002
      7          6           0       -1.422013   -0.120480    0.000002
      8          6           0        1.422013    0.120480    0.000000
      9          6           0        0.815345   -1.171260   -0.000003
     10          6           0       -0.606668   -1.291739   -0.000001
     11          6           0        1.614405   -2.319125   -0.000007
     12          6           0        3.032012   -2.172849    0.000001
     13          6           0        3.608303   -0.945788    0.000002
     14          6           0        2.815624    0.238553    0.000003
     15          6           0        3.397748    1.539374    0.000002
     16          6           0        2.623228    2.651989    0.000001
     17          1           0        3.078482    3.627049    0.000007
     18          1           0        4.470213    1.627800    0.000006
     19          1           0       -1.601875    4.479568   -0.000004
     20          1           0        0.825390    4.685218    0.000001
     21          1           0        3.644823   -3.057418    0.000010
     22          1           0        4.680358   -0.852520    0.000009
     23          6           0       -3.032011    2.172849    0.000002
     24          6           0       -3.608303    0.945787    0.000001
     25          6           0       -2.815624   -0.238553    0.000003
     26          1           0       -3.644823    3.057418   -0.000003
     27          1           0       -4.680358    0.852520    0.000004
     28          6           0       -3.397748   -1.539374    0.000000
     29          6           0       -2.623228   -2.651988    0.000003
     30          6           0       -1.201219   -2.557679   -0.000001
     31          1           0       -4.470213   -1.627800    0.000013
     32          1           0       -3.078482   -3.627049    0.000009
     33          6           0        0.985076   -3.597776   -0.000001
     34          1           0        1.601875   -4.479568   -0.000004
     35          6           0       -0.365737   -3.712223   -0.000004
     36          1           0       -0.825390   -4.685218   -0.000006
 ---------------------------------------------------------------------
 Rotational constants (GHZ):      0.3370410      0.3370410      0.1685205

 **********************************************************************

            Population analysis using the SCF density.

 **********************************************************************

 Orbital symmetries:
       Occupied  (A) (A) (A) (A) (A) (A) (A) (A) (A) (A) (A) (A)
                 (A) (A) (A) (A) (A) (A) (A) (A) (A) (A) (A) (A)
                 (A) (A) (A) (A) (A) (A) (A) (A) (A) (A) (A) (A)
                 (A) (A) (A) (A) (A) (A) (A) (A) (A) (A) (A) (A)
                 (A) (A) (A) (A) (A) (A) (A) (A) (A) (A) (A) (A)
                 (A) (A) (A) (A) (A) (A) (A) (A) (A) (A) (A) (A)
                 (A) (A) (A) (A) (A) (A)
       Virtual   (A) (A) (A) (A) (A) (A) (A) (A) (A) (A) (A) (A)
                 (A) (A) (A) (A) (A) (A) (A) (A) (A) (A) (A) (A)
                 (A) (A) (A) (A) (A) (A) (A) (A) (A) (A) (A) (A)
                 (A) (A) (A) (A) (A) (A) (A) (A) (A) (A) (A) (A)
                 (A) (A) (A) (A) (A) (A) (A) (A) (A) (A) (A) (A)
                 (A) (A) (A) (A) (A) (A) (A) (A) (A) (A) (A) (A)
                 (A) (A) (A) (A) (A) (A) (A) (A) (A) (A) (A) (A)
                 (A) (A) (A) (A) (A) (A) (A) (A) (A) (A) (A) (A)
                 (A) (A) (A) (A) (A) (A) (A) (A) (A) (A) (A) (A)
                 (A) (A) (A) (A) (A) (A) (A) (A) (A) (A) (A) (A)
                 (A) (A) (A) (A) (A) (A) (A) (A) (A) (A) (A) (A)
                 (A) (A) (A) (A) (A) (A) (A) (A) (A) (A) (A) (A)
                 (A) (A) (A) (A) (A) (A) (A) (A) (A) (A) (A) (A)
                 (A) (A) (A) (A) (A) (A) (A) (A) (A) (A) (A) (A)
                 (A) (A) (A) (A) (A) (A) (A) (A) (A) (A) (A) (A)
                 (A) (A) (A) (A) (A) (A) (A) (A) (A) (A) (A) (A)
                 (A) (A) (A) (A) (A) (A) (A) (A) (A) (A) (A) (A)
                 (A) (A) (A) (A) (A) (A) (A) (A) (A) (A) (A) (A)
                 (A) (A) (A) (A) (A) (A) (A) (A) (A) (A) (A) (A)
                 (A) (A) (A) (A) (A) (A) (A) (A) (A) (A) (A) (A)
                 (A) (A) (A) (A) (A) (A) (A) (A) (A) (A) (A) (A)
                 (A) (A) (A) (A) (A) (A) (A) (A) (A) (A) (A) (A)
                 (A) (A) (A) (A) (A) (A) (A) (A) (A) (A) (A) (A)
                 (A) (A) (A) (A) (A) (A) (A) (A) (A) (A) (A) (A)
                 (A) (A) (A) (A) (A) (A) (A) (A) (A) (A) (A) (A)
                 (A) (A) (A) (A) (A) (A) (A) (A) (A) (A) (A) (A)
                 (A) (A) (A) (A) (A) (A) (A) (A) (A) (A) (A) (A)
                 (A) (A) (A) (A) (A) (A) (A) (A) (A) (A) (A) (A)
                 (A) (A) (A) (A) (A) (A) (A) (A) (A) (A) (A) (A)
                 (A) (A) (A) (A) (A) (A) (A) (A) (A) (A) (A) (A)
                 (A) (A) (A) (A) (A) (A) (A) (A) (A) (A) (A) (A)
                 (A) (A) (A) (A) (A) (A) (A) (A) (A) (A) (A) (A)
                 (A) (A) (A) (A) (A) (A) (A) (A) (A) (A) (A) (A)
                 (A) (A) (A) (A) (A) (A) (A) (A) (A) (A) (A) (A)
                 (A) (A) (A) (A) (A) (A) (A) (A) (A) (A) (A) (A)
                 (A) (A) (A) (A) (A) (A) (A) (A) (A) (A) (A)
 The electronic state is 1-A.
 Alpha  occ. eigenvalues --  -11.25227 -11.25188 -11.25188 -11.25125 -11.25125
 Alpha  occ. eigenvalues --  -11.25109 -11.25050 -11.25043 -11.25043 -11.25006
 Alpha  occ. eigenvalues --  -11.25006 -11.24972 -11.24381 -11.24380 -11.24380
 Alpha  occ. eigenvalues --  -11.24375 -11.24375 -11.24373 -11.24235 -11.24233
 Alpha  occ. eigenvalues --  -11.24233 -11.24229 -11.24229 -11.24227  -1.22318
 Alpha  occ. eigenvalues --   -1.17768  -1.17768  -1.11767  -1.11767  -1.09394
 Alpha  occ. eigenvalues --   -1.05867  -1.03700  -1.01887  -1.01887  -0.97793
 Alpha  occ. eigenvalues --   -0.97793  -0.86813  -0.86813  -0.86731  -0.86731
 Alpha  occ. eigenvalues --   -0.85592  -0.77820  -0.77201  -0.74350  -0.74350
 Alpha  occ. eigenvalues --   -0.73144  -0.70810  -0.65812  -0.65812  -0.64001
 Alpha  occ. eigenvalues --   -0.64001  -0.63768  -0.63768  -0.60101  -0.59327
 Alpha  occ. eigenvalues --   -0.59327  -0.58712  -0.58216  -0.57149  -0.57149
 Alpha  occ. eigenvalues --   -0.53701  -0.53110  -0.52545  -0.52545  -0.51624
 Alpha  occ. eigenvalues --   -0.51502  -0.51502  -0.46307  -0.46307  -0.44949
 Alpha  occ. eigenvalues --   -0.44949  -0.42300  -0.36977  -0.34901  -0.33507
 Alpha  occ. eigenvalues --   -0.33507  -0.26382  -0.26382
 Alpha virt. eigenvalues --    0.03932   0.04414   0.04414   0.05442   0.05442
 Alpha virt. eigenvalues --    0.05948   0.05948   0.06828   0.06924   0.08736
 Alpha virt. eigenvalues --    0.08736   0.09785   0.09785   0.09819   0.11027
 Alpha virt. eigenvalues --    0.11201   0.11201   0.11635   0.11635   0.13060
 Alpha virt. eigenvalues --    0.13481   0.14282   0.14282   0.14488   0.14931
 Alpha virt. eigenvalues --    0.14931   0.16419   0.16419   0.16972   0.17054
 Alpha virt. eigenvalues --    0.17589   0.18090   0.18863   0.18863   0.19449
 Alpha virt. eigenvalues --    0.20187   0.20187   0.20358   0.20423   0.20439
 Alpha virt. eigenvalues --    0.20439   0.20771   0.20771   0.20779   0.21267
 Alpha virt. eigenvalues --    0.21267   0.21724   0.21724   0.22875   0.24384
 Alpha virt. eigenvalues --    0.24501   0.24962   0.24962   0.25646   0.25646
 Alpha virt. eigenvalues --    0.26011   0.26011   0.26741   0.26741   0.27956
 Alpha virt. eigenvalues --    0.28217   0.28217   0.28484   0.28484   0.29161
 Alpha virt. eigenvalues --    0.29862   0.29862   0.30148   0.30312   0.30670
 Alpha virt. eigenvalues --    0.31202   0.31202   0.32647   0.33157   0.33157
 Alpha virt. eigenvalues --    0.34007   0.34089   0.34398   0.34398   0.37757
 Alpha virt. eigenvalues --    0.37757   0.37935   0.37935   0.38671   0.38671
 Alpha virt. eigenvalues --    0.39372   0.39372   0.39416   0.41309   0.41309
 Alpha virt. eigenvalues --    0.41319   0.41319   0.41915   0.43365   0.43365
 Alpha virt. eigenvalues --    0.44100   0.44225   0.44306   0.44568   0.44906
 Alpha virt. eigenvalues --    0.44906   0.45198   0.45198   0.45959   0.46050
 Alpha virt. eigenvalues --    0.46948   0.46948   0.47771   0.47772   0.49071
 Alpha virt. eigenvalues --    0.49071   0.49298   0.49861   0.51616   0.52498
 Alpha virt. eigenvalues --    0.52498   0.52796   0.52796   0.52834   0.52834
 Alpha virt. eigenvalues --    0.52891   0.56361   0.57378   0.57379   0.59170
 Alpha virt. eigenvalues --    0.63340   0.63340   0.64695   0.64695   0.65943
 Alpha virt. eigenvalues --    0.69860   0.71700   0.75481   0.75481   0.77499
 Alpha virt. eigenvalues --    0.77499   0.80733   0.83070   0.86494   0.86501
 Alpha virt. eigenvalues --    0.86501   0.87579   0.88451   0.88451   0.90110
 Alpha virt. eigenvalues --    0.90110   0.92611   0.92611   0.94045   0.95094
 Alpha virt. eigenvalues --    0.95192   0.95192   0.96109   0.96109   0.96234
 Alpha virt. eigenvalues --    0.96719   0.97871   0.99268   1.00112   1.00112
 Alpha virt. eigenvalues --    1.00314   1.00314   1.00395   1.00567   1.00567
 Alpha virt. eigenvalues --    1.00570   1.00570   1.00811   1.01553   1.04673
 Alpha virt. eigenvalues --    1.04673   1.06148   1.06148   1.06602   1.06602
 Alpha virt. eigenvalues --    1.06630   1.06630   1.07787   1.08588   1.09423
 Alpha virt. eigenvalues --    1.11968   1.11968   1.16542   1.16542   1.16750
 Alpha virt. eigenvalues --    1.19892   1.19892   1.20580   1.20580   1.21522
 Alpha virt. eigenvalues --    1.23295   1.23295   1.23918   1.24285   1.26030
 Alpha virt. eigenvalues --    1.26030   1.27408   1.27684   1.28036   1.28036
 Alpha virt. eigenvalues --    1.29092   1.30127   1.33274   1.33274   1.35413
 Alpha virt. eigenvalues --    1.36537   1.36537   1.39233   1.40726   1.40726
 Alpha virt. eigenvalues --    1.41999   1.43260   1.43260   1.44095   1.44422
 Alpha virt. eigenvalues --    1.45418   1.46874   1.46874   1.47293   1.48795
 Alpha virt. eigenvalues --    1.48795   1.49650   1.49650   1.49933   1.49933
 Alpha virt. eigenvalues --    1.51397   1.51397   1.51999   1.54242   1.54242
 Alpha virt. eigenvalues --    1.55898   1.58391   1.58391   1.61397   1.61397
 Alpha virt. eigenvalues --    1.61652   1.61652   1.61696   1.62019   1.62019
 Alpha virt. eigenvalues --    1.63690   1.63756   1.64186   1.66583   1.68359
 Alpha virt. eigenvalues --    1.68359   1.68491   1.68491   1.73624   1.73776
 Alpha virt. eigenvalues --    1.77462   1.77857   1.77857   1.80609   1.80609
 Alpha virt. eigenvalues --    1.82600   1.82600   1.93169   1.93169   1.94264
 Alpha virt. eigenvalues --    1.94264   1.97720   2.00175   2.00189   2.05559
 Alpha virt. eigenvalues --    2.06194   2.06194   2.09821   2.10792   2.11782
 Alpha virt. eigenvalues --    2.11782   2.12001   2.12001   2.12256   2.12256
 Alpha virt. eigenvalues --    2.17841   2.17841   2.21339   2.21802   2.22164
 Alpha virt. eigenvalues --    2.22164   2.22364   2.22364   2.22880   2.24230
 Alpha virt. eigenvalues --    2.24230   2.24300   2.25287   2.26280   2.26280
 Alpha virt. eigenvalues --    2.26957   2.27711   2.27711   2.32069   2.32741
 Alpha virt. eigenvalues --    2.32741   2.33290   2.33996   2.33996   2.35388
 Alpha virt. eigenvalues --    2.37860   2.39746   2.39746   2.45749   2.45749
 Alpha virt. eigenvalues --    2.50234   2.50234   2.53363   2.55058   2.55058
 Alpha virt. eigenvalues --    2.55067   2.55067   2.55600   2.56310   2.59799
 Alpha virt. eigenvalues --    2.59799   2.62077   2.62077   2.62658   2.63771
 Alpha virt. eigenvalues --    2.63771   2.67776   2.67842   2.69569   2.69569
 Alpha virt. eigenvalues --    2.72009   2.72009   2.73262   2.73715   2.73907
 Alpha virt. eigenvalues --    2.73907   2.74904   2.74904   2.77964   2.78610
 Alpha virt. eigenvalues --    2.78610   2.79506   2.80860   2.80860   2.81257
 Alpha virt. eigenvalues --    2.87117   2.89437   2.89437   2.89695   2.90536
 Alpha virt. eigenvalues --    2.90536   2.90757   2.92549   2.92549   2.93825
 Alpha virt. eigenvalues --    2.94414   2.94414   2.94533   2.95728   2.95728
 Alpha virt. eigenvalues --    3.02866   3.02866   3.03466   3.03466   3.04417
 Alpha virt. eigenvalues --    3.04417   3.04991   3.07482   3.09492   3.11451
 Alpha virt. eigenvalues --    3.11451   3.12497   3.12510   3.12526   3.18153
 Alpha virt. eigenvalues --    3.18153   3.18848   3.18848   3.20110   3.22940
 Alpha virt. eigenvalues --    3.22940   3.35662   3.35662   3.36106   3.36106
 Alpha virt. eigenvalues --    3.36598   3.39200   3.53329   3.53329   3.54537
 Alpha virt. eigenvalues --    3.55058   3.55058   3.56783   3.60308   3.60308
 Alpha virt. eigenvalues --    3.64253   3.68592   3.68592   3.70433   3.74206
 Alpha virt. eigenvalues --    3.74206   3.75737   3.75942   3.75942   3.76275
 Alpha virt. eigenvalues --    3.89290   4.10082   4.10082   4.14119   4.17998
 Alpha virt. eigenvalues --    4.17998   4.31803   4.68359   4.72955   4.72955
 Alpha virt. eigenvalues --    4.75161   4.76212   4.77243   4.77243   4.80751
 Alpha virt. eigenvalues --    4.80751   4.81124   4.83559   4.83559   4.88585
 Alpha virt. eigenvalues --    4.88585   4.93990   4.94135   4.94135   4.95228
 Alpha virt. eigenvalues --    5.02320   5.08351   5.08351   5.28741   5.28741
 Alpha virt. eigenvalues --    5.52980
          Condensed to atoms (all electrons):
              1          2          3          4          5          6
     1  C    6.128472   0.254211  -0.108921   0.010591  -0.457355   1.133560
     2  C    0.254211   7.411553  -1.524629  -1.054249   1.114491  -0.457348
     3  C   -0.108921  -1.524629   7.578961   1.474201  -1.054246   0.010589
     4  C    0.010591  -1.054249   1.474201   7.578963  -1.524624  -0.108927
     5  C   -0.457355   1.114491  -1.054246  -1.524624   7.411548   0.254213
     6  C    1.133560  -0.457348   0.010589  -0.108927   0.254213   6.128474
     7  C   -0.137037  -1.054256   1.474209   0.945538  -0.689841  -0.158193
     8  C   -0.158191  -0.689843   0.945536   1.474202  -1.054248  -0.137038
     9  C   -0.000857  -0.395884   0.200845   0.945537  -0.689843  -0.019753
    10  C   -0.019753  -0.689842   0.945537   0.200842  -0.395881  -0.000857
    11  C   -0.005354   0.432641  -0.395884  -0.689842   0.592693   0.023855
    12  C   -0.018083  -0.005355  -0.000856  -0.158191  -0.048809  -0.029272
    13  C   -0.029272   0.023854  -0.019752  -0.137036  -0.012916  -0.044276
    14  C   -0.048808   0.592692  -0.689842  -1.054246   1.114491  -0.012914
    15  C    0.020755  -0.048808  -0.158192   0.010594  -0.457356  -0.115484
    16  C   -0.115482  -0.012915  -0.137035  -0.108917   0.254213  -0.372887
    17  H    0.025097   0.002753   0.000205   0.026890  -0.086668   0.011977
    18  H    0.000238  -0.000001   0.000244   0.023189  -0.014894  -0.001989
    19  H    0.338038  -0.086667   0.026889   0.023188  -0.014894   0.020755
    20  H    0.020755  -0.014895   0.023189   0.026890  -0.086667   0.338038
    21  H   -0.000161  -0.000437   0.001440   0.000244  -0.000001   0.000286
    22  H   -0.000648  -0.000687   0.002043   0.000205   0.002754  -0.001675
    23  C   -0.372883   0.254206  -0.108915  -0.137036  -0.012919  -0.115478
    24  C   -0.115480  -0.457357   0.010593  -0.158192  -0.048809   0.020757
    25  C   -0.012913   1.114497  -1.054251  -0.689842   0.592693  -0.048805
    26  H    0.011978  -0.086667   0.026889   0.000205   0.002754   0.025097
    27  H   -0.001989  -0.014894   0.023188   0.000244  -0.000001   0.000238
    28  C   -0.044274  -0.012912  -0.137035  -0.019751   0.023855  -0.029271
    29  C   -0.029271  -0.048806  -0.158190  -0.000856  -0.005354  -0.018083
    30  C    0.023855   0.592693  -0.689842  -0.395881   0.432639  -0.005354
    31  H   -0.001675   0.002753   0.000205   0.002043  -0.000687  -0.000648
    32  H    0.000286  -0.000001   0.000244   0.001440  -0.000437  -0.000161
    33  C    0.005863  -0.005354  -0.000858  -0.019753   0.023855   0.005770
    34  H    0.000212  -0.000437   0.001440   0.002043  -0.000687  -0.000005
    35  C    0.005770   0.023856  -0.019754  -0.000857  -0.005354   0.005863
    36  H   -0.000005  -0.000687   0.002043   0.001440  -0.000437   0.000212
              7          8          9         10         11         12
     1  C   -0.137037  -0.158191  -0.000857  -0.019753  -0.005354  -0.018083
     2  C   -1.054256  -0.689843  -0.395884  -0.689842   0.432641  -0.005355
     3  C    1.474209   0.945536   0.200845   0.945537  -0.395884  -0.000856
     4  C    0.945538   1.474202   0.945537   0.200842  -0.689842  -0.158191
     5  C   -0.689841  -1.054248  -0.689843  -0.395881   0.592693  -0.048809
     6  C   -0.158193  -0.137038  -0.019753  -0.000857   0.023855  -0.029272
     7  C    7.578968   0.200845   0.945536   1.474203  -0.689842  -0.019752
     8  C    0.200845   7.578968   1.474209   0.945538  -1.054257   0.010598
     9  C    0.945536   1.474209   7.578960   1.474200  -1.524628  -0.108913
    10  C    1.474203   0.945538   1.474200   7.578962  -1.054247  -0.137034
    11  C   -0.689842  -1.054257  -1.524628  -1.054247   7.411552   0.254202
    12  C   -0.019752   0.010598  -0.108913  -0.137034   0.254202   6.128477
    13  C   -0.000857  -0.108918   0.010596  -0.158191  -0.457357   1.133562
    14  C   -0.395883  -1.524630  -1.054252  -0.689841   1.114499  -0.457362
    15  C   -0.000857  -0.108919  -0.137037  -0.019752  -0.012911  -0.115482
    16  C   -0.019752   0.010593  -0.158191  -0.000856  -0.048806   0.020756
    17  H    0.002043   0.023189   0.000244   0.001440  -0.000001   0.000238
    18  H    0.001440   0.026890   0.000205   0.002043   0.002754   0.025097
    19  H    0.000205   0.000244   0.001440   0.002043  -0.000437  -0.000161
    20  H    0.000244   0.000205   0.002043   0.001440  -0.000687  -0.000648
    21  H    0.002043   0.023189   0.026889   0.000205  -0.086667   0.338038
    22  H    0.001440   0.026890   0.023189   0.000244  -0.014894   0.020755
    23  C    0.010595  -0.019752  -0.000857  -0.158192  -0.005355   0.005863
    24  C   -0.108920  -0.000857  -0.019752  -0.137038   0.023854   0.005770
    25  C   -1.524631  -0.395884  -0.689842  -1.054248   0.592692   0.023854
    26  H    0.023188   0.002043   0.001440   0.000244  -0.000437   0.000212
    27  H    0.026889   0.001440   0.002043   0.000205  -0.000687  -0.000005
    28  C   -0.108917  -0.000856  -0.158191   0.010596  -0.048808  -0.029272
    29  C    0.010595  -0.019751  -0.137034  -0.108915  -0.012916  -0.044276
    30  C   -1.054249  -0.689841  -1.054244  -1.524624   1.114489  -0.012920
    31  H    0.026890   0.001440   0.000244   0.023189  -0.000001   0.000286
    32  H    0.023189   0.002043   0.000205   0.026890   0.002753  -0.001675
    33  C   -0.158192  -0.137039  -0.108923   0.010589   0.254214  -0.372883
    34  H    0.000244   0.000205   0.026889   0.023188  -0.086667   0.011978
    35  C   -0.137040  -0.158194   0.010587  -0.108929  -0.457347  -0.115479
    36  H    0.000205   0.000244   0.023188   0.026890  -0.014894  -0.001990
             13         14         15         16         17         18
     1  C   -0.029272  -0.048808   0.020755  -0.115482   0.025097   0.000238
     2  C    0.023854   0.592692  -0.048808  -0.012915   0.002753  -0.000001
     3  C   -0.019752  -0.689842  -0.158192  -0.137035   0.000205   0.000244
     4  C   -0.137036  -1.054246   0.010594  -0.108917   0.026890   0.023189
     5  C   -0.012916   1.114491  -0.457356   0.254213  -0.086668  -0.014894
     6  C   -0.044276  -0.012914  -0.115484  -0.372887   0.011977  -0.001989
     7  C   -0.000857  -0.395883  -0.000857  -0.019752   0.002043   0.001440
     8  C   -0.108918  -1.524630  -0.108919   0.010593   0.023189   0.026890
     9  C    0.010596  -1.054252  -0.137037  -0.158191   0.000244   0.000205
    10  C   -0.158191  -0.689841  -0.019752  -0.000856   0.001440   0.002043
    11  C   -0.457357   1.114499  -0.012911  -0.048806  -0.000001   0.002754
    12  C    1.133562  -0.457362  -0.115482   0.020756   0.000238   0.025097
    13  C    6.128476   0.254206  -0.372887  -0.115482  -0.001989   0.011977
    14  C    0.254206   7.411551   0.254214  -0.457353  -0.014894  -0.086667
    15  C   -0.372887   0.254214   6.128471   1.133556   0.020756   0.338037
    16  C   -0.115482  -0.457353   1.133556   6.128467   0.338038   0.020756
    17  H   -0.001989  -0.014894   0.020756   0.338038   0.530325   0.004062
    18  H    0.011977  -0.086667   0.338037   0.020756   0.004062   0.530325
    19  H    0.000286  -0.000001   0.000238  -0.001989  -0.000212  -0.000024
    20  H   -0.001675   0.002753   0.025097   0.011978  -0.005237  -0.000212
    21  H    0.020755  -0.014894  -0.001989   0.000238  -0.000024  -0.000212
    22  H    0.338037  -0.086667   0.011978   0.025097  -0.000212  -0.005237
    23  C    0.005770   0.023854  -0.029272  -0.044276  -0.001675   0.000286
    24  C    0.005863  -0.005354  -0.018083  -0.029272  -0.000648  -0.000161
    25  C   -0.005355   0.432642  -0.005354   0.023855  -0.000687  -0.000437
    26  H   -0.000005  -0.000687  -0.000648  -0.001675   0.000057  -0.000006
    27  H    0.000212  -0.000437  -0.000161   0.000286  -0.000006   0.000001
    28  C   -0.018083  -0.005354   0.005863   0.005770  -0.000005   0.000212
    29  C   -0.029272   0.023855   0.005770   0.005863   0.000212  -0.000005
    30  C   -0.048809   0.592693   0.023855  -0.005354  -0.000437  -0.000687
    31  H   -0.000161  -0.000437   0.000212  -0.000005   0.000005   0.000001
    32  H   -0.000648  -0.000687  -0.000005   0.000212   0.000001   0.000005
    33  C   -0.115479  -0.012913  -0.044275  -0.029271   0.000286  -0.001675
    34  H    0.025097   0.002754  -0.001675  -0.000648  -0.000006   0.000057
    35  C    0.020757  -0.048805  -0.029271  -0.018083  -0.000161  -0.000648
    36  H    0.000238  -0.000001   0.000286  -0.000161   0.000001  -0.000006
             19         20         21         22         23         24
     1  C    0.338038   0.020755  -0.000161  -0.000648  -0.372883  -0.115480
     2  C   -0.086667  -0.014895  -0.000437  -0.000687   0.254206  -0.457357
     3  C    0.026889   0.023189   0.001440   0.002043  -0.108915   0.010593
     4  C    0.023188   0.026890   0.000244   0.000205  -0.137036  -0.158192
     5  C   -0.014894  -0.086667  -0.000001   0.002754  -0.012919  -0.048809
     6  C    0.020755   0.338038   0.000286  -0.001675  -0.115478   0.020757
     7  C    0.000205   0.000244   0.002043   0.001440   0.010595  -0.108920
     8  C    0.000244   0.000205   0.023189   0.026890  -0.019752  -0.000857
     9  C    0.001440   0.002043   0.026889   0.023189  -0.000857  -0.019752
    10  C    0.002043   0.001440   0.000205   0.000244  -0.158192  -0.137038
    11  C   -0.000437  -0.000687  -0.086667  -0.014894  -0.005355   0.023854
    12  C   -0.000161  -0.000648   0.338038   0.020755   0.005863   0.005770
    13  C    0.000286  -0.001675   0.020755   0.338037   0.005770   0.005863
    14  C   -0.000001   0.002753  -0.014894  -0.086667   0.023854  -0.005354
    15  C    0.000238   0.025097  -0.001989   0.011978  -0.029272  -0.018083
    16  C   -0.001989   0.011978   0.000238   0.025097  -0.044276  -0.029272
    17  H   -0.000212  -0.005237  -0.000024  -0.000212  -0.001675  -0.000648
    18  H   -0.000024  -0.000212  -0.000212  -0.005237   0.000286  -0.000161
    19  H    0.530325   0.004062   0.000001  -0.000006   0.011978   0.025097
    20  H    0.004062   0.530325  -0.000006   0.000057  -0.001990   0.000238
    21  H    0.000001  -0.000006   0.530325   0.004062   0.000212  -0.000005
    22  H   -0.000006   0.000057   0.004062   0.530325  -0.000005   0.000212
    23  C    0.011978  -0.001990   0.000212  -0.000005   6.128479   1.133562
    24  C    0.025097   0.000238  -0.000005   0.000212   1.133562   6.128479
    25  C    0.002754  -0.000001  -0.000687  -0.000437  -0.457362   0.254209
    26  H   -0.005237  -0.000212   0.000001   0.000005   0.338038   0.020755
    27  H   -0.000212  -0.000024   0.000005   0.000001   0.020755   0.338037
    28  C   -0.001675   0.000286  -0.000648  -0.000161  -0.115483  -0.372887
    29  C   -0.000648  -0.000161  -0.001675   0.000286   0.020756  -0.115481
    30  C   -0.000687  -0.000437   0.002754  -0.000001  -0.048809  -0.012916
    31  H    0.000057  -0.000006  -0.000006   0.000001   0.025097   0.011977
    32  H   -0.000006   0.000001   0.000057  -0.000006   0.000238  -0.001989
    33  C    0.000212  -0.000005   0.011978  -0.001990  -0.018083  -0.029272
    34  H    0.000001   0.000005  -0.005237  -0.000212  -0.000161   0.000286
    35  C   -0.000005   0.000212   0.025097   0.000238  -0.029272  -0.044276
    36  H    0.000005   0.000001  -0.000212  -0.000024  -0.000648  -0.001675
             25         26         27         28         29         30
     1  C   -0.012913   0.011978  -0.001989  -0.044274  -0.029271   0.023855
     2  C    1.114497  -0.086667  -0.014894  -0.012912  -0.048806   0.592693
     3  C   -1.054251   0.026889   0.023188  -0.137035  -0.158190  -0.689842
     4  C   -0.689842   0.000205   0.000244  -0.019751  -0.000856  -0.395881
     5  C    0.592693   0.002754  -0.000001   0.023855  -0.005354   0.432639
     6  C   -0.048805   0.025097   0.000238  -0.029271  -0.018083  -0.005354
     7  C   -1.524631   0.023188   0.026889  -0.108917   0.010595  -1.054249
     8  C   -0.395884   0.002043   0.001440  -0.000856  -0.019751  -0.689841
     9  C   -0.689842   0.001440   0.002043  -0.158191  -0.137034  -1.054244
    10  C   -1.054248   0.000244   0.000205   0.010596  -0.108915  -1.524624
    11  C    0.592692  -0.000437  -0.000687  -0.048808  -0.012916   1.114489
    12  C    0.023854   0.000212  -0.000005  -0.029272  -0.044276  -0.012920
    13  C   -0.005355  -0.000005   0.000212  -0.018083  -0.029272  -0.048809
    14  C    0.432642  -0.000687  -0.000437  -0.005354   0.023855   0.592693
    15  C   -0.005354  -0.000648  -0.000161   0.005863   0.005770   0.023855
    16  C    0.023855  -0.001675   0.000286   0.005770   0.005863  -0.005354
    17  H   -0.000687   0.000057  -0.000006  -0.000005   0.000212  -0.000437
    18  H   -0.000437  -0.000006   0.000001   0.000212  -0.000005  -0.000687
    19  H    0.002754  -0.005237  -0.000212  -0.001675  -0.000648  -0.000687
    20  H   -0.000001  -0.000212  -0.000024   0.000286  -0.000161  -0.000437
    21  H   -0.000687   0.000001   0.000005  -0.000648  -0.001675   0.002754
    22  H   -0.000437   0.000005   0.000001  -0.000161   0.000286  -0.000001
    23  C   -0.457362   0.338038   0.020755  -0.115483   0.020756  -0.048809
    24  C    0.254209   0.020755   0.338037  -0.372887  -0.115481  -0.012916
    25  C    7.411552  -0.014894  -0.086666   0.254211  -0.457354   1.114493
    26  H   -0.014894   0.530325   0.004062  -0.001989   0.000238  -0.000001
    27  H   -0.086666   0.004062   0.530325   0.011978   0.025097   0.002754
    28  C    0.254211  -0.001989   0.011978   6.128468   1.133556  -0.457357
    29  C   -0.457354   0.000238   0.025097   1.133556   6.128465   0.254209
    30  C    1.114493  -0.000001   0.002754  -0.457357   0.254209   7.411548
    31  H   -0.086667  -0.000212  -0.005237   0.338037   0.020756  -0.014894
    32  H   -0.014894  -0.000024  -0.000212   0.020756   0.338038  -0.086668
    33  C   -0.048808  -0.000161  -0.000648   0.020755  -0.115483  -0.457355
    34  H   -0.000001   0.000001  -0.000006   0.000238  -0.001989  -0.014894
    35  C   -0.012913   0.000286  -0.001675  -0.115483  -0.372887   0.254216
    36  H    0.002753  -0.000006   0.000057   0.025097   0.011979  -0.086667
             31         32         33         34         35         36
     1  C   -0.001675   0.000286   0.005863   0.000212   0.005770  -0.000005
     2  C    0.002753  -0.000001  -0.005354  -0.000437   0.023856  -0.000687
     3  C    0.000205   0.000244  -0.000858   0.001440  -0.019754   0.002043
     4  C    0.002043   0.001440  -0.019753   0.002043  -0.000857   0.001440
     5  C   -0.000687  -0.000437   0.023855  -0.000687  -0.005354  -0.000437
     6  C   -0.000648  -0.000161   0.005770  -0.000005   0.005863   0.000212
     7  C    0.026890   0.023189  -0.158192   0.000244  -0.137040   0.000205
     8  C    0.001440   0.002043  -0.137039   0.000205  -0.158194   0.000244
     9  C    0.000244   0.000205  -0.108923   0.026889   0.010587   0.023188
    10  C    0.023189   0.026890   0.010589   0.023188  -0.108929   0.026890
    11  C   -0.000001   0.002753   0.254214  -0.086667  -0.457347  -0.014894
    12  C    0.000286  -0.001675  -0.372883   0.011978  -0.115479  -0.001990
    13  C   -0.000161  -0.000648  -0.115479   0.025097   0.020757   0.000238
    14  C   -0.000437  -0.000687  -0.012913   0.002754  -0.048805  -0.000001
    15  C    0.000212  -0.000005  -0.044275  -0.001675  -0.029271   0.000286
    16  C   -0.000005   0.000212  -0.029271  -0.000648  -0.018083  -0.000161
    17  H    0.000005   0.000001   0.000286  -0.000006  -0.000161   0.000001
    18  H    0.000001   0.000005  -0.001675   0.000057  -0.000648  -0.000006
    19  H    0.000057  -0.000006   0.000212   0.000001  -0.000005   0.000005
    20  H   -0.000006   0.000001  -0.000005   0.000005   0.000212   0.000001
    21  H   -0.000006   0.000057   0.011978  -0.005237   0.025097  -0.000212
    22  H    0.000001  -0.000006  -0.001990  -0.000212   0.000238  -0.000024
    23  C    0.025097   0.000238  -0.018083  -0.000161  -0.029272  -0.000648
    24  C    0.011977  -0.001989  -0.029272   0.000286  -0.044276  -0.001675
    25  C   -0.086667  -0.014894  -0.048808  -0.000001  -0.012913   0.002753
    26  H   -0.000212  -0.000024  -0.000161   0.000001   0.000286  -0.000006
    27  H   -0.005237  -0.000212  -0.000648  -0.000006  -0.001675   0.000057
    28  C    0.338037   0.020756   0.020755   0.000238  -0.115483   0.025097
    29  C    0.020756   0.338038  -0.115483  -0.001989  -0.372887   0.011979
    30  C   -0.014894  -0.086668  -0.457355  -0.014894   0.254216  -0.086667
    31  H    0.530325   0.004062   0.000238  -0.000024  -0.001989  -0.000212
    32  H    0.004062   0.530325   0.025097  -0.000212   0.011977  -0.005237
    33  C    0.000238   0.025097   6.128474   0.338038   1.133559   0.020755
    34  H   -0.000024  -0.000212   0.338038   0.530325   0.020755   0.004062
    35  C   -0.001989   0.011977   1.133559   0.020755   6.128476   0.338038
    36  H   -0.000212  -0.005237   0.020755   0.004062   0.338038   0.530325
 Mulliken atomic charges:
              1
     1  C   -0.301265
     2  C    0.842730
     3  C   -0.490288
     4  C   -0.490288
     5  C    0.842731
     6  C   -0.301265
     7  C   -0.490291
     8  C   -0.490291
     9  C   -0.490288
    10  C   -0.490288
    11  C    0.842730
    12  C   -0.301267
    13  C   -0.301266
    14  C    0.842731
    15  C   -0.301266
    16  C   -0.301267
    17  H    0.125045
    18  H    0.125045
    19  H    0.125045
    20  H    0.125045
    21  H    0.125045
    22  H    0.125045
    23  C   -0.301266
    24  C   -0.301265
    25  C    0.842732
    26  H    0.125045
    27  H    0.125045
    28  C   -0.301267
    29  C   -0.301268
    30  C    0.842731
    31  H    0.125045
    32  H    0.125045
    33  C   -0.301264
    34  H    0.125045
    35  C   -0.301264
    36  H    0.125045
 Sum of Mulliken atomic charges =   0.00000
 Mulliken charges with hydrogens summed into heavy atoms:
              1
     1  C   -0.176220
     2  C    0.842730
     3  C   -0.490288
     4  C   -0.490288
     5  C    0.842731
     6  C   -0.176220
     7  C   -0.490291
     8  C   -0.490291
     9  C   -0.490288
    10  C   -0.490288
    11  C    0.842730
    12  C   -0.176222
    13  C   -0.176221
    14  C    0.842731
    15  C   -0.176221
    16  C   -0.176222
    23  C   -0.176221
    24  C   -0.176220
    25  C    0.842732
    28  C   -0.176222
    29  C   -0.176223
    30  C    0.842731
    33  C   -0.176219
    35  C   -0.176220
 Sum of Mulliken charges with hydrogens summed into heavy atoms =   0.00000
 Electronic spatial extent (au):  <R**2>=           6123.0514
 Charge=              0.0000 electrons
 Dipole moment (field-independent basis, Debye):
    X=              0.0000    Y=              0.0000    Z=              0.0000  Tot=              0.0000
 Quadrupole moment (field-independent basis, Debye-Ang):
   XX=           -118.4423   YY=           -118.4423   ZZ=           -149.4753
   XY=              0.0000   XZ=              0.0000   YZ=              0.0000
 Traceless Quadrupole moment (field-independent basis, Debye-Ang):
   XX=             10.3443   YY=             10.3443   ZZ=            -20.6887
   XY=              0.0000   XZ=              0.0000   YZ=              0.0000
 Octapole moment (field-independent basis, Debye-Ang**2):
  XXX=              0.0000  YYY=              0.0000  ZZZ=              0.0000  XYY=              0.0000
  XXY=              0.0000  XXZ=              0.0007  XZZ=              0.0000  YZZ=              0.0000
  YYZ=              0.0002  XYZ=              0.0002
 Hexadecapole moment (field-independent basis, Debye-Ang**3):
 XXXX=          -3825.8724 YYYY=          -3825.8724 ZZZZ=           -182.3702 XXXY=              0.0000
 XXXZ=              0.0004 YYYX=              0.0000 YYYZ=              0.0004 ZZZX=              0.0001
 ZZZY=              0.0000 XXYY=          -1275.2908 XXZZ=           -845.1563 YYZZ=           -845.1563
 XXYZ=             -0.0010 YYXZ=              0.0005 ZZXY=              0.0000
 N-N= 1.840424216789D+03 E-N=-5.812970371499D+03  KE= 9.151936691590D+02
 1|1|UNPC-LAPTOP-7BBBEH3F|FOpt|RHF|6-31++G(d,p)|C24H12|SAIF_|02-Aug-202
 5|0||# opt freq hf/6-31++g(d,p) geom=connectivity||Title Card Required
 ||0,1|C,-2.9387506057,-2.7416129258,-0.3401442698|C,-1.5136176015,-2.7
 423860189,-0.3399178792|C,-0.8359314523,-1.5189340249,-0.3394596576|C,
 -1.5713169515,-0.2958863457,-0.3392189686|C,-2.9697005391,-0.320718802
 8,-0.3394447729|C,-3.6373147924,-1.5798040348,-0.3399156567|C,0.590950
 9615,-1.4935953545,-0.3392230169|C,-0.8798195966,0.9524994169,-0.33874
 78728|C,0.5470633534,0.9778380758,-0.3385194227|C,1.2824486338,-0.2452
 092053,-0.3387562583|C,1.2247495129,2.2012900046,-0.338062962|C,0.4681
 57007,3.4090035111,-0.3378245613|C,-0.887281266,3.384933626,-0.3380435
 076|C,-1.600517068,2.1511189826,-0.3385109634|C,-3.0247233261,2.099747
 4952,-0.3387509351|C,-3.6815974534,0.913868243,-0.3391981264|H,-4.7574
 856708,0.8923327427,-0.3393673535|H,-3.5771536832,3.0232300188,-0.3385
 655913|H,-3.458043984,-3.6841273962,-0.3404983162|H,-4.7132893081,-1.5
 964809091,-0.3400858542|H,0.9917014612,4.3491632599,-0.3374608502|H,-1
 .4438759946,4.3059122156,-0.3378573234|C,-0.7570254556,-3.9500989756,-
 0.3401459419|C,0.5984132474,-3.9260291038,-0.3399272659|C,1.3116485682
 ,-2.69221494,-0.3394560652|H,-1.2805696443,-4.8902588944,-0.3405053651
 |H,1.1550075312,-4.8470079792,-0.3401029244|C,2.7358554239,-2.64084323
 29,-0.339220622|C,3.3927292849,-1.4549644277,-0.3387713873|C,2.6808321
 789,-0.220376744,-0.3385298138|H,3.2882853415,-3.5643260132,-0.3393882
 811|H,4.4686174912,-1.433428484,-0.3385902942|C,2.6498819026,2.2005171
 693,-0.337833737|H,3.1691755531,3.1430315233,-0.3374827539|C,3.3484463
 093,1.038707896,-0.3380635701|H,4.4244208313,1.0553849121,-0.337892018
 1||Version=IA32W-G09RevA.02|State=1-A|HF=-915.9934869|RMSD=4.178e-009|
 RMSF=5.977e-005|Dipole=0.,0.,0.000012|Quadrupole=7.6907618,7.6907614,-
 15.3815231,-0.0000016,0.0036222,0.0067031|PG=C01 [X(C24H12)]||@


 IT'S WHAT A FELLER THINKS HE KNOWS THAT HURTS HIM...
                    ------
           KIN HUBBARD
 Job cpu time:  0 days  2 hours 39 minutes 11.0 seconds.
 File lengths (MBytes):  RWF=    175 Int=      0 D2E=      0 Chk=     17 Scr=      1
 Normal termination of Gaussian 09 at Sat Aug 02 18:52:22 2025.
 Link1:  Proceeding to internal job step number  2.
 ---------------------------------------------------------------------
 #N Geom=AllCheck Guess=TCheck SCRF=Check GenChk RHF/6-31++G(d,p) Freq
 ---------------------------------------------------------------------
 1/10=4,29=7,30=1,38=1,40=1/1,3;
 2/12=2,40=1/2;
 3/5=1,6=6,7=1111,11=1,14=-4,16=1,25=1,30=1,70=2,71=2,116=1/1,2,3;
 4/5=101/1;
 5/5=2,98=1/2;
 8/6=4,10=90,11=11/1;
 10/13=10,15=4/2;
 11/6=3,8=1,9=11,15=111,16=1/1,2,10;
 10/6=1/2;
 6/7=2,8=2,9=2,10=2,18=1,28=1/1;
 7/8=1,10=1,25=1/1,2,3,16;
 1/10=4,30=1/3;
 99//99;
 -------------------
 Title Card Required
 -------------------
 Redundant internal coordinates taken from checkpoint file:
 C:\Users\saif_\Desktop\downs\GV\kekule.chk
 Charge =  0 Multiplicity = 1
 C,0,-2.9387506057,-2.7416129258,-0.3401442698
 C,0,-1.5136176015,-2.7423860189,-0.3399178792
 C,0,-0.8359314523,-1.5189340249,-0.3394596576
 C,0,-1.5713169515,-0.2958863457,-0.3392189686
 C,0,-2.9697005391,-0.3207188028,-0.3394447729
 C,0,-3.6373147924,-1.5798040348,-0.3399156567
 C,0,0.5909509615,-1.4935953545,-0.3392230169
 C,0,-0.8798195966,0.9524994169,-0.3387478728
 C,0,0.5470633534,0.9778380758,-0.3385194227
 C,0,1.2824486338,-0.2452092053,-0.3387562583
 C,0,1.2247495129,2.2012900046,-0.338062962
 C,0,0.468157007,3.4090035111,-0.3378245613
 C,0,-0.887281266,3.384933626,-0.3380435076
 C,0,-1.600517068,2.1511189826,-0.3385109634
 C,0,-3.0247233261,2.0997474952,-0.3387509351
 C,0,-3.6815974534,0.913868243,-0.3391981264
 H,0,-4.7574856708,0.8923327427,-0.3393673535
 H,0,-3.5771536832,3.0232300188,-0.3385655913
 H,0,-3.458043984,-3.6841273962,-0.3404983162
 H,0,-4.7132893081,-1.5964809091,-0.3400858542
 H,0,0.9917014612,4.3491632599,-0.3374608502
 H,0,-1.4438759946,4.3059122156,-0.3378573234
 C,0,-0.7570254556,-3.9500989756,-0.3401459419
 C,0,0.5984132474,-3.9260291038,-0.3399272659
 C,0,1.3116485682,-2.69221494,-0.3394560652
 H,0,-1.2805696443,-4.8902588944,-0.3405053651
 H,0,1.1550075312,-4.8470079792,-0.3401029244
 C,0,2.7358554239,-2.6408432329,-0.339220622
 C,0,3.3927292849,-1.4549644277,-0.3387713873
 C,0,2.6808321789,-0.220376744,-0.3385298138
 H,0,3.2882853415,-3.5643260132,-0.3393882811
 H,0,4.4686174912,-1.433428484,-0.3385902942
 C,0,2.6498819026,2.2005171693,-0.337833737
 H,0,3.1691755531,3.1430315233,-0.3374827539
 C,0,3.3484463093,1.038707896,-0.3380635701
 H,0,4.4244208313,1.0553849121,-0.3378920181
 Recover connectivity data from disk.

 GradGradGradGradGradGradGradGradGradGradGradGradGradGradGradGradGradGrad
 Berny optimization.
 Initialization pass.
                           ----------------------------
                           !    Initial Parameters    !
                           ! (Angstroms and Degrees)  !
 --------------------------                            --------------------------
 ! Name  Definition              Value          Derivative Info.                !
 --------------------------------------------------------------------------------
 ! R1    R(1,2)                  1.4251         calculate D2E/DX2 analytically  !
 ! R2    R(1,6)                  1.3557         calculate D2E/DX2 analytically  !
 ! R3    R(1,19)                 1.0761         calculate D2E/DX2 analytically  !
 ! R4    R(2,3)                  1.3986         calculate D2E/DX2 analytically  !
 ! R5    R(2,23)                 1.4251         calculate D2E/DX2 analytically  !
 ! R6    R(3,4)                  1.4271         calculate D2E/DX2 analytically  !
 ! R7    R(3,7)                  1.4271         calculate D2E/DX2 analytically  !
 ! R8    R(4,5)                  1.3986         calculate D2E/DX2 analytically  !
 ! R9    R(4,8)                  1.4271         calculate D2E/DX2 analytically  !
 ! R10   R(5,6)                  1.4251         calculate D2E/DX2 analytically  !
 ! R11   R(5,16)                 1.4251         calculate D2E/DX2 analytically  !
 ! R12   R(6,20)                 1.0761         calculate D2E/DX2 analytically  !
 ! R13   R(7,10)                 1.4271         calculate D2E/DX2 analytically  !
 ! R14   R(7,25)                 1.3986         calculate D2E/DX2 analytically  !
 ! R15   R(8,9)                  1.4271         calculate D2E/DX2 analytically  !
 ! R16   R(8,14)                 1.3986         calculate D2E/DX2 analytically  !
 ! R17   R(9,10)                 1.4271         calculate D2E/DX2 analytically  !
 ! R18   R(9,11)                 1.3986         calculate D2E/DX2 analytically  !
 ! R19   R(10,30)                1.3986         calculate D2E/DX2 analytically  !
 ! R20   R(11,12)                1.4251         calculate D2E/DX2 analytically  !
 ! R21   R(11,33)                1.4251         calculate D2E/DX2 analytically  !
 ! R22   R(12,13)                1.3557         calculate D2E/DX2 analytically  !
 ! R23   R(12,21)                1.0761         calculate D2E/DX2 analytically  !
 ! R24   R(13,14)                1.4251         calculate D2E/DX2 analytically  !
 ! R25   R(13,22)                1.0761         calculate D2E/DX2 analytically  !
 ! R26   R(14,15)                1.4251         calculate D2E/DX2 analytically  !
 ! R27   R(15,16)                1.3557         calculate D2E/DX2 analytically  !
 ! R28   R(15,18)                1.0761         calculate D2E/DX2 analytically  !
 ! R29   R(16,17)                1.0761         calculate D2E/DX2 analytically  !
 ! R30   R(23,24)                1.3557         calculate D2E/DX2 analytically  !
 ! R31   R(23,26)                1.0761         calculate D2E/DX2 analytically  !
 ! R32   R(24,25)                1.4251         calculate D2E/DX2 analytically  !
 ! R33   R(24,27)                1.0761         calculate D2E/DX2 analytically  !
 ! R34   R(25,28)                1.4251         calculate D2E/DX2 analytically  !
 ! R35   R(28,29)                1.3557         calculate D2E/DX2 analytically  !
 ! R36   R(28,31)                1.0761         calculate D2E/DX2 analytically  !
 ! R37   R(29,30)                1.4251         calculate D2E/DX2 analytically  !
 ! R38   R(29,32)                1.0761         calculate D2E/DX2 analytically  !
 ! R39   R(30,35)                1.4251         calculate D2E/DX2 analytically  !
 ! R40   R(33,34)                1.0761         calculate D2E/DX2 analytically  !
 ! R41   R(33,35)                1.3557         calculate D2E/DX2 analytically  !
 ! R42   R(35,36)                1.0761         calculate D2E/DX2 analytically  !
 ! A1    A(2,1,6)              121.0484         calculate D2E/DX2 analytically  !
 ! A2    A(2,1,19)             118.8222         calculate D2E/DX2 analytically  !
 ! A3    A(6,1,19)             120.1294         calculate D2E/DX2 analytically  !
 ! A4    A(1,2,3)              118.9516         calculate D2E/DX2 analytically  !
 ! A5    A(1,2,23)             122.0969         calculate D2E/DX2 analytically  !
 ! A6    A(3,2,23)             118.9516         calculate D2E/DX2 analytically  !
 ! A7    A(2,3,4)              120.0            calculate D2E/DX2 analytically  !
 ! A8    A(2,3,7)              120.0            calculate D2E/DX2 analytically  !
 ! A9    A(4,3,7)              120.0            calculate D2E/DX2 analytically  !
 ! A10   A(3,4,5)              120.0            calculate D2E/DX2 analytically  !
 ! A11   A(3,4,8)              120.0            calculate D2E/DX2 analytically  !
 ! A12   A(5,4,8)              120.0            calculate D2E/DX2 analytically  !
 ! A13   A(4,5,6)              118.9516         calculate D2E/DX2 analytically  !
 ! A14   A(4,5,16)             118.9516         calculate D2E/DX2 analytically  !
 ! A15   A(6,5,16)             122.0969         calculate D2E/DX2 analytically  !
 ! A16   A(1,6,5)              121.0484         calculate D2E/DX2 analytically  !
 ! A17   A(1,6,20)             120.1294         calculate D2E/DX2 analytically  !
 ! A18   A(5,6,20)             118.8222         calculate D2E/DX2 analytically  !
 ! A19   A(3,7,10)             120.0            calculate D2E/DX2 analytically  !
 ! A20   A(3,7,25)             120.0            calculate D2E/DX2 analytically  !
 ! A21   A(10,7,25)            120.0            calculate D2E/DX2 analytically  !
 ! A22   A(4,8,9)              120.0            calculate D2E/DX2 analytically  !
 ! A23   A(4,8,14)             120.0            calculate D2E/DX2 analytically  !
 ! A24   A(9,8,14)             120.0            calculate D2E/DX2 analytically  !
 ! A25   A(8,9,10)             120.0            calculate D2E/DX2 analytically  !
 ! A26   A(8,9,11)             120.0            calculate D2E/DX2 analytically  !
 ! A27   A(10,9,11)            120.0            calculate D2E/DX2 analytically  !
 ! A28   A(7,10,9)             120.0            calculate D2E/DX2 analytically  !
 ! A29   A(7,10,30)            120.0            calculate D2E/DX2 analytically  !
 ! A30   A(9,10,30)            120.0            calculate D2E/DX2 analytically  !
 ! A31   A(9,11,12)            118.9516         calculate D2E/DX2 analytically  !
 ! A32   A(9,11,33)            118.9516         calculate D2E/DX2 analytically  !
 ! A33   A(12,11,33)           122.0968         calculate D2E/DX2 analytically  !
 ! A34   A(11,12,13)           121.0484         calculate D2E/DX2 analytically  !
 ! A35   A(11,12,21)           118.8222         calculate D2E/DX2 analytically  !
 ! A36   A(13,12,21)           120.1294         calculate D2E/DX2 analytically  !
 ! A37   A(12,13,14)           121.0484         calculate D2E/DX2 analytically  !
 ! A38   A(12,13,22)           120.1294         calculate D2E/DX2 analytically  !
 ! A39   A(14,13,22)           118.8222         calculate D2E/DX2 analytically  !
 ! A40   A(8,14,13)            118.9516         calculate D2E/DX2 analytically  !
 ! A41   A(8,14,15)            118.9516         calculate D2E/DX2 analytically  !
 ! A42   A(13,14,15)           122.0969         calculate D2E/DX2 analytically  !
 ! A43   A(14,15,16)           121.0484         calculate D2E/DX2 analytically  !
 ! A44   A(14,15,18)           118.8222         calculate D2E/DX2 analytically  !
 ! A45   A(16,15,18)           120.1293         calculate D2E/DX2 analytically  !
 ! A46   A(5,16,15)            121.0484         calculate D2E/DX2 analytically  !
 ! A47   A(5,16,17)            118.8222         calculate D2E/DX2 analytically  !
 ! A48   A(15,16,17)           120.1294         calculate D2E/DX2 analytically  !
 ! A49   A(2,23,24)            121.0484         calculate D2E/DX2 analytically  !
 ! A50   A(2,23,26)            118.8222         calculate D2E/DX2 analytically  !
 ! A51   A(24,23,26)           120.1294         calculate D2E/DX2 analytically  !
 ! A52   A(23,24,25)           121.0484         calculate D2E/DX2 analytically  !
 ! A53   A(23,24,27)           120.1293         calculate D2E/DX2 analytically  !
 ! A54   A(25,24,27)           118.8222         calculate D2E/DX2 analytically  !
 ! A55   A(7,25,24)            118.9516         calculate D2E/DX2 analytically  !
 ! A56   A(7,25,28)            118.9516         calculate D2E/DX2 analytically  !
 ! A57   A(24,25,28)           122.0969         calculate D2E/DX2 analytically  !
 ! A58   A(25,28,29)           121.0484         calculate D2E/DX2 analytically  !
 ! A59   A(25,28,31)           118.8222         calculate D2E/DX2 analytically  !
 ! A60   A(29,28,31)           120.1294         calculate D2E/DX2 analytically  !
 ! A61   A(28,29,30)           121.0484         calculate D2E/DX2 analytically  !
 ! A62   A(28,29,32)           120.1294         calculate D2E/DX2 analytically  !
 ! A63   A(30,29,32)           118.8222         calculate D2E/DX2 analytically  !
 ! A64   A(10,30,29)           118.9516         calculate D2E/DX2 analytically  !
 ! A65   A(10,30,35)           118.9516         calculate D2E/DX2 analytically  !
 ! A66   A(29,30,35)           122.0969         calculate D2E/DX2 analytically  !
 ! A67   A(11,33,34)           118.8222         calculate D2E/DX2 analytically  !
 ! A68   A(11,33,35)           121.0484         calculate D2E/DX2 analytically  !
 ! A69   A(34,33,35)           120.1294         calculate D2E/DX2 analytically  !
 ! A70   A(30,35,33)           121.0484         calculate D2E/DX2 analytically  !
 ! A71   A(30,35,36)           118.8222         calculate D2E/DX2 analytically  !
 ! A72   A(33,35,36)           120.1294         calculate D2E/DX2 analytically  !
 ! D1    D(6,1,2,3)             -0.0003         calculate D2E/DX2 analytically  !
 ! D2    D(6,1,2,23)           179.9998         calculate D2E/DX2 analytically  !
 ! D3    D(19,1,2,3)           179.9999         calculate D2E/DX2 analytically  !
 ! D4    D(19,1,2,23)            0.0            calculate D2E/DX2 analytically  !
 ! D5    D(2,1,6,5)              0.0002         calculate D2E/DX2 analytically  !
 ! D6    D(2,1,6,20)          -179.9996         calculate D2E/DX2 analytically  !
 ! D7    D(19,1,6,5)           179.9999         calculate D2E/DX2 analytically  !
 ! D8    D(19,1,6,20)            0.0001         calculate D2E/DX2 analytically  !
 ! D9    D(1,2,3,4)              0.0003         calculate D2E/DX2 analytically  !
 ! D10   D(1,2,3,7)            179.9999         calculate D2E/DX2 analytically  !
 ! D11   D(23,2,3,4)          -179.9998         calculate D2E/DX2 analytically  !
 ! D12   D(23,2,3,7)            -0.0002         calculate D2E/DX2 analytically  !
 ! D13   D(1,2,23,24)          179.9998         calculate D2E/DX2 analytically  !
 ! D14   D(1,2,23,26)            0.0003         calculate D2E/DX2 analytically  !
 ! D15   D(3,2,23,24)           -0.0001         calculate D2E/DX2 analytically  !
 ! D16   D(3,2,23,26)         -179.9996         calculate D2E/DX2 analytically  !
 ! D17   D(2,3,4,5)             -0.0002         calculate D2E/DX2 analytically  !
 ! D18   D(2,3,4,8)            179.9998         calculate D2E/DX2 analytically  !
 ! D19   D(7,3,4,5)           -179.9997         calculate D2E/DX2 analytically  !
 ! D20   D(7,3,4,8)              0.0003         calculate D2E/DX2 analytically  !
 ! D21   D(2,3,7,10)           180.0            calculate D2E/DX2 analytically  !
 ! D22   D(2,3,7,25)             0.0003         calculate D2E/DX2 analytically  !
 ! D23   D(4,3,7,10)            -0.0005         calculate D2E/DX2 analytically  !
 ! D24   D(4,3,7,25)           179.9999         calculate D2E/DX2 analytically  !
 ! D25   D(3,4,5,6)              0.0            calculate D2E/DX2 analytically  !
 ! D26   D(3,4,5,16)          -180.0            calculate D2E/DX2 analytically  !
 ! D27   D(8,4,5,6)            180.0            calculate D2E/DX2 analytically  !
 ! D28   D(8,4,5,16)             0.0            calculate D2E/DX2 analytically  !
 ! D29   D(3,4,8,9)              0.0001         calculate D2E/DX2 analytically  !
 ! D30   D(3,4,8,14)          -180.0            calculate D2E/DX2 analytically  !
 ! D31   D(5,4,8,9)           -179.9999         calculate D2E/DX2 analytically  !
 ! D32   D(5,4,8,14)             0.0            calculate D2E/DX2 analytically  !
 ! D33   D(4,5,6,1)              0.0            calculate D2E/DX2 analytically  !
 ! D34   D(4,5,6,20)           179.9998         calculate D2E/DX2 analytically  !
 ! D35   D(16,5,6,1)           180.0            calculate D2E/DX2 analytically  !
 ! D36   D(16,5,6,20)           -0.0002         calculate D2E/DX2 analytically  !
 ! D37   D(4,5,16,15)            0.0            calculate D2E/DX2 analytically  !
 ! D38   D(4,5,16,17)         -179.9997         calculate D2E/DX2 analytically  !
 ! D39   D(6,5,16,15)         -180.0            calculate D2E/DX2 analytically  !
 ! D40   D(6,5,16,17)            0.0004         calculate D2E/DX2 analytically  !
 ! D41   D(3,7,10,9)             0.0003         calculate D2E/DX2 analytically  !
 ! D42   D(3,7,10,30)         -179.9997         calculate D2E/DX2 analytically  !
 ! D43   D(25,7,10,9)          180.0            calculate D2E/DX2 analytically  !
 ! D44   D(25,7,10,30)          -0.0001         calculate D2E/DX2 analytically  !
 ! D45   D(3,7,25,24)           -0.0001         calculate D2E/DX2 analytically  !
 ! D46   D(3,7,25,28)          179.9996         calculate D2E/DX2 analytically  !
 ! D47   D(10,7,25,24)        -179.9998         calculate D2E/DX2 analytically  !
 ! D48   D(10,7,25,28)           0.0            calculate D2E/DX2 analytically  !
 ! D49   D(4,8,9,10)            -0.0003         calculate D2E/DX2 analytically  !
 ! D50   D(4,8,9,11)           179.9998         calculate D2E/DX2 analytically  !
 ! D51   D(14,8,9,10)          179.9998         calculate D2E/DX2 analytically  !
 ! D52   D(14,8,9,11)           -0.0002         calculate D2E/DX2 analytically  !
 ! D53   D(4,8,14,13)         -179.9999         calculate D2E/DX2 analytically  !
 ! D54   D(4,8,14,15)           -0.0002         calculate D2E/DX2 analytically  !
 ! D55   D(9,8,14,13)            0.0001         calculate D2E/DX2 analytically  !
 ! D56   D(9,8,14,15)          179.9998         calculate D2E/DX2 analytically  !
 ! D57   D(8,9,10,7)             0.0001         calculate D2E/DX2 analytically  !
 ! D58   D(8,9,10,30)         -179.9999         calculate D2E/DX2 analytically  !
 ! D59   D(11,9,10,7)         -180.0            calculate D2E/DX2 analytically  !
 ! D60   D(11,9,10,30)           0.0001         calculate D2E/DX2 analytically  !
 ! D61   D(8,9,11,12)            0.0004         calculate D2E/DX2 analytically  !
 ! D62   D(8,9,11,33)          179.9996         calculate D2E/DX2 analytically  !
 ! D63   D(10,9,11,12)        -179.9996         calculate D2E/DX2 analytically  !
 ! D64   D(10,9,11,33)          -0.0004         calculate D2E/DX2 analytically  !
 ! D65   D(7,10,30,29)          -0.0001         calculate D2E/DX2 analytically  !
 ! D66   D(7,10,30,35)        -180.0            calculate D2E/DX2 analytically  !
 ! D67   D(9,10,30,29)         179.9999         calculate D2E/DX2 analytically  !
 ! D68   D(9,10,30,35)           0.0            calculate D2E/DX2 analytically  !
 ! D69   D(9,11,12,13)          -0.0005         calculate D2E/DX2 analytically  !
 ! D70   D(9,11,12,21)         179.9992         calculate D2E/DX2 analytically  !
 ! D71   D(33,11,12,13)       -179.9997         calculate D2E/DX2 analytically  !
 ! D72   D(33,11,12,21)          0.0001         calculate D2E/DX2 analytically  !
 ! D73   D(9,11,33,34)         180.0            calculate D2E/DX2 analytically  !
 ! D74   D(9,11,33,35)           0.0006         calculate D2E/DX2 analytically  !
 ! D75   D(12,11,33,34)         -0.0008         calculate D2E/DX2 analytically  !
 ! D76   D(12,11,33,35)        179.9998         calculate D2E/DX2 analytically  !
 ! D77   D(11,12,13,14)          0.0004         calculate D2E/DX2 analytically  !
 ! D78   D(11,12,13,22)        179.9999         calculate D2E/DX2 analytically  !
 ! D79   D(21,12,13,14)       -179.9993         calculate D2E/DX2 analytically  !
 ! D80   D(21,12,13,22)          0.0002         calculate D2E/DX2 analytically  !
 ! D81   D(12,13,14,8)          -0.0002         calculate D2E/DX2 analytically  !
 ! D82   D(12,13,14,15)       -179.9999         calculate D2E/DX2 analytically  !
 ! D83   D(22,13,14,8)        -179.9997         calculate D2E/DX2 analytically  !
 ! D84   D(22,13,14,15)          0.0006         calculate D2E/DX2 analytically  !
 ! D85   D(8,14,15,16)           0.0002         calculate D2E/DX2 analytically  !
 ! D86   D(8,14,15,18)         179.9999         calculate D2E/DX2 analytically  !
 ! D87   D(13,14,15,16)        179.9999         calculate D2E/DX2 analytically  !
 ! D88   D(13,14,15,18)         -0.0004         calculate D2E/DX2 analytically  !
 ! D89   D(14,15,16,5)          -0.0001         calculate D2E/DX2 analytically  !
 ! D90   D(14,15,16,17)        179.9996         calculate D2E/DX2 analytically  !
 ! D91   D(18,15,16,5)        -179.9998         calculate D2E/DX2 analytically  !
 ! D92   D(18,15,16,17)         -0.0001         calculate D2E/DX2 analytically  !
 ! D93   D(2,23,24,25)           0.0003         calculate D2E/DX2 analytically  !
 ! D94   D(2,23,24,27)         179.9999         calculate D2E/DX2 analytically  !
 ! D95   D(26,23,24,25)        179.9998         calculate D2E/DX2 analytically  !
 ! D96   D(26,23,24,27)         -0.0006         calculate D2E/DX2 analytically  !
 ! D97   D(23,24,25,7)          -0.0002         calculate D2E/DX2 analytically  !
 ! D98   D(23,24,25,28)       -179.9999         calculate D2E/DX2 analytically  !
 ! D99   D(27,24,25,7)        -179.9998         calculate D2E/DX2 analytically  !
 ! D100  D(27,24,25,28)          0.0005         calculate D2E/DX2 analytically  !
 ! D101  D(7,25,28,29)           0.0003         calculate D2E/DX2 analytically  !
 ! D102  D(7,25,28,31)         179.9993         calculate D2E/DX2 analytically  !
 ! D103  D(24,25,28,29)       -180.0            calculate D2E/DX2 analytically  !
 ! D104  D(24,25,28,31)         -0.001          calculate D2E/DX2 analytically  !
 ! D105  D(25,28,29,30)         -0.0005         calculate D2E/DX2 analytically  !
 ! D106  D(25,28,29,32)        179.9995         calculate D2E/DX2 analytically  !
 ! D107  D(31,28,29,30)       -179.9994         calculate D2E/DX2 analytically  !
 ! D108  D(31,28,29,32)          0.0006         calculate D2E/DX2 analytically  !
 ! D109  D(28,29,30,10)          0.0003         calculate D2E/DX2 analytically  !
 ! D110  D(28,29,30,35)       -179.9997         calculate D2E/DX2 analytically  !
 ! D111  D(32,29,30,10)       -179.9996         calculate D2E/DX2 analytically  !
 ! D112  D(32,29,30,35)          0.0003         calculate D2E/DX2 analytically  !
 ! D113  D(10,30,35,33)          0.0003         calculate D2E/DX2 analytically  !
 ! D114  D(10,30,35,36)       -179.9999         calculate D2E/DX2 analytically  !
 ! D115  D(29,30,35,33)       -179.9997         calculate D2E/DX2 analytically  !
 ! D116  D(29,30,35,36)          0.0002         calculate D2E/DX2 analytically  !
 ! D117  D(11,33,35,30)         -0.0006         calculate D2E/DX2 analytically  !
 ! D118  D(11,33,35,36)        179.9996         calculate D2E/DX2 analytically  !
 ! D119  D(34,33,35,30)       -179.9999         calculate D2E/DX2 analytically  !
 ! D120  D(34,33,35,36)          0.0002         calculate D2E/DX2 analytically  !
 --------------------------------------------------------------------------------
 Trust Radius=3.00D-01 FncErr=1.00D-07 GrdErr=1.00D-07
 Number of steps in this run=   2 maximum allowed number of steps=   2.
 GradGradGradGradGradGradGradGradGradGradGradGradGradGradGradGradGradGrad

                          Input orientation:                          
 ---------------------------------------------------------------------
 Center     Atomic      Atomic             Coordinates (Angstroms)
 Number     Number       Type             X           Y           Z
 ---------------------------------------------------------------------
      1          6           0       -2.938751   -2.741613   -0.340144
      2          6           0       -1.513618   -2.742386   -0.339918
      3          6           0       -0.835931   -1.518934   -0.339460
      4          6           0       -1.571317   -0.295886   -0.339219
      5          6           0       -2.969701   -0.320719   -0.339445
      6          6           0       -3.637315   -1.579804   -0.339916
      7          6           0        0.590951   -1.493595   -0.339223
      8          6           0       -0.879820    0.952499   -0.338748
      9          6           0        0.547063    0.977838   -0.338519
     10          6           0        1.282449   -0.245209   -0.338756
     11          6           0        1.224750    2.201290   -0.338063
     12          6           0        0.468157    3.409004   -0.337825
     13          6           0       -0.887281    3.384934   -0.338044
     14          6           0       -1.600517    2.151119   -0.338511
     15          6           0       -3.024723    2.099747   -0.338751
     16          6           0       -3.681597    0.913868   -0.339198
     17          1           0       -4.757486    0.892333   -0.339367
     18          1           0       -3.577154    3.023230   -0.338566
     19          1           0       -3.458044   -3.684127   -0.340498
     20          1           0       -4.713289   -1.596481   -0.340086
     21          1           0        0.991701    4.349163   -0.337461
     22          1           0       -1.443876    4.305912   -0.337857
     23          6           0       -0.757025   -3.950099   -0.340146
     24          6           0        0.598413   -3.926029   -0.339927
     25          6           0        1.311649   -2.692215   -0.339456
     26          1           0       -1.280570   -4.890259   -0.340505
     27          1           0        1.155008   -4.847008   -0.340103
     28          6           0        2.735855   -2.640843   -0.339221
     29          6           0        3.392729   -1.454964   -0.338771
     30          6           0        2.680832   -0.220377   -0.338530
     31          1           0        3.288285   -3.564326   -0.339388
     32          1           0        4.468617   -1.433428   -0.338590
     33          6           0        2.649882    2.200517   -0.337834
     34          1           0        3.169176    3.143032   -0.337483
     35          6           0        3.348446    1.038708   -0.338064
     36          1           0        4.424421    1.055385   -0.337892
 ---------------------------------------------------------------------
                    Distance matrix (angstroms):
                    1          2          3          4          5
     1  C    0.000000
     2  C    1.425133   0.000000
     3  C    2.432446   1.398604   0.000000
     4  C    2.802045   2.447180   1.427108   0.000000
     5  C    2.421092   2.825712   2.447180   1.398604   0.000000
     6  C    1.355652   2.421092   2.802045   2.432446   1.425133
     7  C    3.743841   2.447179   1.427107   2.471823   3.748850
     8  C    4.229145   3.748850   2.471823   1.427108   2.447179
     9  C    5.097570   4.252820   2.854216   2.471823   3.748850
    10  C    4.904137   3.748850   2.471823   2.854216   4.252820
    11  C    6.462741   5.651424   4.252820   3.748850   4.894276
    12  C    7.031153   6.462742   5.097570   4.229145   5.072445
    13  C    6.460890   6.159249   4.904137   3.743841   4.250686
    14  C    5.072445   4.894277   3.748851   2.447180   2.825712
    15  C    4.842124   5.072445   4.229145   2.802044   2.421092
    16  C    3.730196   4.250686   3.743841   2.432445   1.425132
    17  H    4.063663   4.871741   4.603563   3.400520   2.160479
    18  H    5.800084   6.123766   5.305238   3.878133   3.398675
    19  H    1.076104   2.160479   3.400520   3.878133   3.398676
    20  H    2.111946   3.398676   3.878133   3.400520   2.160479
    21  H    8.107254   7.521084   6.146122   5.305238   6.123766
    22  H    7.204323   7.048644   5.856486   4.603563   4.871741
    23  C    2.494066   1.425132   2.432445   3.743840   4.250686
    24  C    3.730197   2.421092   2.802044   4.229145   5.072445
    25  C    4.250686   2.825712   2.447180   3.748851   4.894277
    26  H    2.714082   2.160479   3.400520   4.603563   4.871741
    27  H    4.603427   3.398675   3.878133   5.305238   6.123766
    28  C    5.675501   4.250686   3.743841   4.904137   6.159249
    29  C    6.460890   5.072445   4.229145   5.097570   6.462741
    30  C    6.159249   4.894276   3.748850   4.252820   5.651424
    31  H    6.281149   4.871741   4.603563   5.856486   7.048643
    32  H    7.521998   6.123766   5.305238   6.146122   7.521084
    33  C    7.460393   6.462741   5.097569   4.904136   6.159248
    34  H    8.481498   7.521084   6.146121   5.856486   7.048643
    35  C    7.336189   6.159248   4.904136   5.097569   6.462741
    36  H    8.284533   7.048643   5.856486   6.146121   7.521083
                    6          7          8          9         10
     6  C    0.000000
     7  C    4.229145   0.000000
     8  C    3.743841   2.854215   0.000000
     9  C    4.904137   2.471823   1.427108   0.000000
    10  C    5.097570   1.427108   2.471823   1.427108   0.000000
    11  C    6.159249   3.748850   2.447180   1.398604   2.447180
    12  C    6.460890   4.904137   2.802045   2.432446   3.743841
    13  C    5.675501   5.097570   2.432446   2.802045   4.229145
    14  C    4.250686   4.252820   1.398604   2.447180   3.748851
    15  C    3.730197   5.097569   2.432445   3.743840   4.904136
    16  C    2.494066   4.904136   2.802044   4.229145   5.097569
    17  H    2.714082   5.856486   3.878133   5.305238   6.146121
    18  H    4.603427   6.146121   3.400520   4.603563   5.856486
    19  H    2.111946   4.603563   5.305238   6.146122   5.856486
    20  H    1.076104   5.305238   4.603563   5.856486   6.146122
    21  H    7.521998   5.856486   3.878133   3.400520   4.603563
    22  H    6.281149   6.146122   3.400520   3.878133   5.305238
    23  C    3.730196   2.802044   4.904136   5.097569   4.229145
    24  C    4.842124   2.432445   5.097569   4.904136   3.743840
    25  C    5.072445   1.398604   4.252820   3.748851   2.447180
    26  H    4.063663   3.878133   5.856486   6.146121   5.305238
    27  H    5.800084   3.400520   6.146121   5.856486   4.603563
    28  C    6.460890   2.432446   5.097570   4.229145   2.802045
    29  C    7.031153   2.802045   4.904137   3.743841   2.432446
    30  C    6.462741   2.447180   3.748850   2.447180   1.398604
    31  H    7.204323   3.400520   6.146122   5.305238   3.878133
    32  H    8.107254   3.878133   5.856486   4.603563   3.400520
    33  C    7.336189   4.229145   3.743841   2.432445   2.802044
    34  H    8.284533   5.305238   4.603563   3.400520   3.878133
    35  C    7.460393   3.743841   4.229145   2.802044   2.432445
    36  H    8.481498   4.603563   5.305238   3.878133   3.400520
                   11         12         13         14         15
    11  C    0.000000
    12  C    1.425133   0.000000
    13  C    2.421092   1.355652   0.000000
    14  C    2.825712   2.421092   1.425133   0.000000
    15  C    4.250686   3.730196   2.494065   1.425132   0.000000
    16  C    5.072445   4.842124   3.730197   2.421092   1.355652
    17  H    6.123766   5.800084   4.603427   3.398675   2.111946
    18  H    4.871741   4.063663   2.714082   2.160479   1.076104
    19  H    7.521084   8.107254   7.521998   6.123766   5.800084
    20  H    7.048643   7.204323   6.281149   4.871741   4.063664
    21  H    2.160479   1.076104   2.111946   3.398676   4.603427
    22  H    3.398676   2.111946   1.076104   2.160479   2.714082
    23  C    6.462741   7.460393   7.336189   6.159248   6.460890
    24  C    6.159248   7.336189   7.460393   6.462741   7.031152
    25  C    4.894277   6.159249   6.462742   5.651424   6.462741
    26  H    7.521083   8.481498   8.284533   7.048643   7.204323
    27  H    7.048643   8.284533   8.481498   7.521084   8.107254
    28  C    5.072445   6.460890   7.031153   6.462742   7.460393
    29  C    4.250686   5.675501   6.460890   6.159249   7.336189
    30  C    2.825712   4.250686   5.072445   4.894277   6.159248
    31  H    6.123766   7.521998   8.107254   7.521084   8.481498
    32  H    4.871741   6.281149   7.204323   7.048643   8.284533
    33  C    1.425133   2.494066   3.730196   4.250686   5.675500
    34  H    2.160479   2.714082   4.063663   4.871741   6.281149
    35  C    2.421092   3.730197   4.842124   5.072445   6.460890
    36  H    3.398675   4.603427   5.800084   6.123766   7.521997
                   16         17         18         19         20
    16  C    0.000000
    17  H    1.076104   0.000000
    18  H    2.111946   2.435961   0.000000
    19  H    4.603427   4.757367   6.708415   0.000000
    20  H    2.714082   2.489206   4.757366   2.435962   0.000000
    21  H    5.800084   6.708415   4.757367   9.183355   8.240001
    22  H    4.063664   4.757367   2.489206   8.240001   6.747393
    23  C    5.675500   6.281149   7.521997   2.714082   4.603427
    24  C    6.460890   7.204323   8.107254   4.063664   5.800084
    25  C    6.159248   7.048643   7.521084   4.871741   6.123766
    26  H    6.281149   6.747393   8.240001   2.489206   4.757367
    27  H    7.521997   8.240001   9.183354   4.757366   6.708415
    28  C    7.336189   8.284533   8.481498   6.281149   7.521998
    29  C    7.460393   8.481498   8.284533   7.204323   8.107254
    30  C    6.462741   7.521083   7.048643   7.048643   7.521084
    31  H    8.284533   9.197621   9.514733   6.747393   8.240001
    32  H    8.481498   9.514733   9.197621   8.240001   9.183355
    33  C    6.460890   7.521997   6.281149   8.481498   8.284533
    34  H    7.204322   8.240000   6.747393   9.514733   9.197621
    35  C    7.031152   8.107254   7.204323   8.284533   8.481498
    36  H    8.107254   9.183354   8.240001   9.197621   9.514733
                   21         22         23         24         25
    21  H    0.000000
    22  H    2.435961   0.000000
    23  C    8.481498   8.284533   0.000000
    24  C    8.284533   8.481498   1.355652   0.000000
    25  C    7.048644   7.521084   2.421092   1.425132   0.000000
    26  H    9.514733   9.197621   1.076104   2.111946   3.398675
    27  H    9.197622   9.514733   2.111946   1.076104   2.160479
    28  C    7.204323   8.107254   3.730197   2.494065   1.425133
    29  C    6.281149   7.521998   4.842124   3.730196   2.421092
    30  C    4.871741   6.123766   5.072445   4.250686   2.825712
    31  H    8.240001   9.183355   4.063663   2.714082   2.160479
    32  H    6.747393   8.240001   5.800084   4.603427   3.398676
    33  C    2.714082   4.603427   7.031152   6.460890   5.072445
    34  H    2.489206   4.757367   8.107254   7.521997   6.123766
    35  C    4.063664   5.800084   6.460890   5.675500   4.250686
    36  H    4.757367   6.708415   7.204322   6.281148   4.871741
                   26         27         28         29         30
    26  H    0.000000
    27  H    2.435961   0.000000
    28  C    4.603427   2.714082   0.000000
    29  C    5.800084   4.063663   1.355652   0.000000
    30  C    6.123766   4.871741   2.421092   1.425133   0.000000
    31  H    4.757366   2.489206   1.076104   2.111946   3.398676
    32  H    6.708415   4.757367   2.111946   1.076104   2.160479
    33  C    8.107254   7.204323   4.842124   3.730197   2.421092
    34  H    9.183354   8.240001   5.800084   4.603427   3.398676
    35  C    7.521997   6.281149   3.730196   2.494066   1.425133
    36  H    8.240000   6.747393   4.063663   2.714082   2.160479
                   31         32         33         34         35
    31  H    0.000000
    32  H    2.435962   0.000000
    33  C    5.800084   4.063663   0.000000
    34  H    6.708415   4.757367   1.076104   0.000000
    35  C    4.603427   2.714082   1.355652   2.111946   0.000000
    36  H    4.757366   2.489206   2.111946   2.435962   1.076104
                   36
    36  H    0.000000
 Stoichiometry    C24H12
 Framework group  C1[X(C24H12)]
 Deg. of freedom   102
 Full point group                 C1      NOp   1
 Largest Abelian subgroup         C1      NOp   1
 Largest concise Abelian subgroup C1      NOp   1
                         Standard orientation:                         
 ---------------------------------------------------------------------
 Center     Atomic      Atomic             Coordinates (Angstroms)
 Number     Number       Type             X           Y           Z
 ---------------------------------------------------------------------
      1          6           0       -0.985076    3.597776   -0.000004
      2          6           0       -1.614406    2.319125   -0.000001
      3          6           0       -0.815345    1.171259   -0.000003
      4          6           0        0.606668    1.291739   -0.000001
      5          6           0        1.201219    2.557679    0.000000
      6          6           0        0.365737    3.712224   -0.000002
      7          6           0       -1.422013   -0.120480    0.000002
      8          6           0        1.422013    0.120480    0.000000
      9          6           0        0.815345   -1.171260   -0.000003
     10          6           0       -0.606668   -1.291739   -0.000001
     11          6           0        1.614405   -2.319125   -0.000007
     12          6           0        3.032012   -2.172849    0.000001
     13          6           0        3.608303   -0.945788    0.000002
     14          6           0        2.815624    0.238554    0.000003
     15          6           0        3.397748    1.539374    0.000002
     16          6           0        2.623227    2.651989    0.000001
     17          1           0        3.078482    3.627049    0.000007
     18          1           0        4.470213    1.627800    0.000006
     19          1           0       -1.601875    4.479568   -0.000004
     20          1           0        0.825390    4.685218    0.000001
     21          1           0        3.644823   -3.057418    0.000010
     22          1           0        4.680358   -0.852519    0.000009
     23          6           0       -3.032011    2.172849    0.000002
     24          6           0       -3.608303    0.945787    0.000001
     25          6           0       -2.815624   -0.238553    0.000003
     26          1           0       -3.644823    3.057418   -0.000003
     27          1           0       -4.680358    0.852520    0.000004
     28          6           0       -3.397748   -1.539375    0.000000
     29          6           0       -2.623228   -2.651989    0.000003
     30          6           0       -1.201219   -2.557679   -0.000001
     31          1           0       -4.470213   -1.627800    0.000013
     32          1           0       -3.078482   -3.627049    0.000009
     33          6           0        0.985076   -3.597776   -0.000001
     34          1           0        1.601875   -4.479568   -0.000004
     35          6           0       -0.365737   -3.712223   -0.000004
     36          1           0       -0.825390   -4.685218   -0.000006
 ---------------------------------------------------------------------
 Rotational constants (GHZ):      0.3370410      0.3370410      0.1685205
 Standard basis: 6-31++G(d,p) (6D, 7F)
 There are   528 symmetry adapted basis functions of A   symmetry.
 Integral buffers will be    262144 words long.
 Raffenetti 1 integral format.
 Two-electron integral symmetry is turned on.
   528 basis functions,   864 primitive gaussians,   528 cartesian basis functions
    78 alpha electrons       78 beta electrons
       nuclear repulsion energy      1840.4242167890 Hartrees.
 NAtoms=   36 NActive=   36 NUniq=   36 SFac= 7.50D-01 NAtFMM=   80 NAOKFM=F Big=F
 One-electron integrals computed using PRISM.
 NBasis=   528 RedAO= T  NBF=   528
 NBsUse=   509 1.00D-06 NBFU=   509
 Initial guess read from the checkpoint file:  C:\Users\saif_\Desktop\downs\GV\ke
 kule.chk
 B after Tr=     0.000000    0.000000    0.000000
         Rot=    1.000000    0.000000    0.000000    0.000000 Ang=   0.00 deg.
 Initial guess orbital symmetries:
       Occupied  (A) (A) (A) (A) (A) (A) (A) (A) (A) (A) (A) (A)
                 (A) (A) (A) (A) (A) (A) (A) (A) (A) (A) (A) (A)
                 (A) (A) (A) (A) (A) (A) (A) (A) (A) (A) (A) (A)
                 (A) (A) (A) (A) (A) (A) (A) (A) (A) (A) (A) (A)
                 (A) (A) (A) (A) (A) (A) (A) (A) (A) (A) (A) (A)
                 (A) (A) (A) (A) (A) (A) (A) (A) (A) (A) (A) (A)
                 (A) (A) (A) (A) (A) (A)
       Virtual   (A) (A) (A) (A) (A) (A) (A) (A) (A) (A) (A) (A)
                 (A) (A) (A) (A) (A) (A) (A) (A) (A) (A) (A) (A)
                 (A) (A) (A) (A) (A) (A) (A) (A) (A) (A) (A) (A)
                 (A) (A) (A) (A) (A) (A) (A) (A) (A) (A) (A) (A)
                 (A) (A) (A) (A) (A) (A) (A) (A) (A) (A) (A) (A)
                 (A) (A) (A) (A) (A) (A) (A) (A) (A) (A) (A) (A)
                 (A) (A) (A) (A) (A) (A) (A) (A) (A) (A) (A) (A)
                 (A) (A) (A) (A) (A) (A) (A) (A) (A) (A) (A) (A)
                 (A) (A) (A) (A) (A) (A) (A) (A) (A) (A) (A) (A)
                 (A) (A) (A) (A) (A) (A) (A) (A) (A) (A) (A) (A)
                 (A) (A) (A) (A) (A) (A) (A) (A) (A) (A) (A) (A)
                 (A) (A) (A) (A) (A) (A) (A) (A) (A) (A) (A) (A)
                 (A) (A) (A) (A) (A) (A) (A) (A) (A) (A) (A) (A)
                 (A) (A) (A) (A) (A) (A) (A) (A) (A) (A) (A) (A)
                 (A) (A) (A) (A) (A) (A) (A) (A) (A) (A) (A) (A)
                 (A) (A) (A) (A) (A) (A) (A) (A) (A) (A) (A) (A)
                 (A) (A) (A) (A) (A) (A) (A) (A) (A) (A) (A) (A)
                 (A) (A) (A) (A) (A) (A) (A) (A) (A) (A) (A) (A)
                 (A) (A) (A) (A) (A) (A) (A) (A) (A) (A) (A) (A)
                 (A) (A) (A) (A) (A) (A) (A) (A) (A) (A) (A) (A)
                 (A) (A) (A) (A) (A) (A) (A) (A) (A) (A) (A) (A)
                 (A) (A) (A) (A) (A) (A) (A) (A) (A) (A) (A) (A)
                 (A) (A) (A) (A) (A) (A) (A) (A) (A) (A) (A) (A)
                 (A) (A) (A) (A) (A) (A) (A) (A) (A) (A) (A) (A)
                 (A) (A) (A) (A) (A) (A) (A) (A) (A) (A) (A) (A)
                 (A) (A) (A) (A) (A) (A) (A) (A) (A) (A) (A) (A)
                 (A) (A) (A) (A) (A) (A) (A) (A) (A) (A) (A) (A)
                 (A) (A) (A) (A) (A) (A) (A) (A) (A) (A) (A) (A)
                 (A) (A) (A) (A) (A) (A) (A) (A) (A) (A) (A) (A)
                 (A) (A) (A) (A) (A) (A) (A) (A) (A) (A) (A) (A)
                 (A) (A) (A) (A) (A) (A) (A) (A) (A) (A) (A) (A)
                 (A) (A) (A) (A) (A) (A) (A) (A) (A) (A) (A) (A)
                 (A) (A) (A) (A) (A) (A) (A) (A) (A) (A) (A) (A)
                 (A) (A) (A) (A) (A) (A) (A) (A) (A) (A) (A) (A)
                 (A) (A) (A) (A) (A) (A) (A) (A) (A) (A) (A) (A)
                 (A) (A) (A) (A) (A) (A) (A) (A) (A) (A) (A)
 Requested convergence on RMS density matrix=1.00D-08 within 128 cycles.
 Requested convergence on MAX density matrix=1.00D-06.
 Requested convergence on             energy=1.00D-06.
 No special actions if energy rises.
 SCF Done:  E(RHF) =  -915.993486905     A.U. after    3 cycles
             Convg  =    0.3491D-08             -V/T =  2.0009
 Range of M.O.s used for correlation:     1   509
 NBasis=   528 NAE=    78 NBE=    78 NFC=     0 NFV=     0
 NROrb=    509 NOA=    78 NOB=    78 NVA=   431 NVB=   431

 **** Warning!!: The largest alpha MO coefficient is  0.16336992D+03

          Differentiating once with respect to electric field.
                with respect to dipole field.
          Electric field/nuclear overlap derivatives assumed to be zero.
          There are     3 degrees of freedom in the 1st order CPHF.  IDoFFX=0.
      3 vectors produced by pass  0 Test12= 1.12D-12 3.33D-08 XBig12= 1.95D+02 6.59D+00.
 AX will form     3 AO Fock derivatives at one time.
      3 vectors produced by pass  1 Test12= 1.12D-12 3.33D-08 XBig12= 1.71D+01 6.32D-01.
      3 vectors produced by pass  2 Test12= 1.12D-12 3.33D-08 XBig12= 1.34D+00 2.06D-01.
      3 vectors produced by pass  3 Test12= 1.12D-12 3.33D-08 XBig12= 1.29D-01 6.62D-02.
      3 vectors produced by pass  4 Test12= 1.12D-12 3.33D-08 XBig12= 1.93D-02 3.44D-02.
      3 vectors produced by pass  5 Test12= 1.12D-12 3.33D-08 XBig12= 1.52D-03 7.76D-03.
      3 vectors produced by pass  6 Test12= 1.12D-12 3.33D-08 XBig12= 1.98D-04 2.10D-03.
      3 vectors produced by pass  7 Test12= 1.12D-12 3.33D-08 XBig12= 1.21D-05 5.31D-04.
      3 vectors produced by pass  8 Test12= 1.12D-12 3.33D-08 XBig12= 6.83D-07 1.20D-04.
      3 vectors produced by pass  9 Test12= 1.12D-12 3.33D-08 XBig12= 1.02D-07 3.55D-05.
      3 vectors produced by pass 10 Test12= 1.12D-12 3.33D-08 XBig12= 5.10D-09 8.13D-06.
      3 vectors produced by pass 11 Test12= 1.12D-12 3.33D-08 XBig12= 1.10D-10 1.58D-06.
      2 vectors produced by pass 12 Test12= 1.12D-12 3.33D-08 XBig12= 2.13D-12 2.57D-07.
      2 vectors produced by pass 13 Test12= 1.12D-12 3.33D-08 XBig12= 5.16D-14 4.96D-08.
 Inverted reduced A of dimension    40 with in-core refinement.
 End of Minotr Frequency-dependent properties file   721 does not exist.
 End of Minotr Frequency-dependent properties file   722 does not exist.
 Symmetrizing basis deriv contribution to polar:
 IMax=3 JMax=2 DiffMx= 0.00D+00
 G2DrvN: will do    19 centers at a time, making    2 passes doing MaxLOS=2.
 Calling FoFCou, ICntrl=  3107 FMM=F I1Cent=   0 AccDes= 0.00D+00.
 Calling FoFCou, ICntrl=  3107 FMM=F I1Cent=   0 AccDes= 0.00D+00.
 FoFDir/FoFCou used for L=0 through L=2.
 End of G2Drv Frequency-dependent properties file   721 does not exist.
 End of G2Drv Frequency-dependent properties file   722 does not exist.
          IDoAtm=111111111111111111111111111111111111
          Differentiating once with respect to electric field.
                with respect to dipole field.
          Differentiating once with respect to nuclear coordinates.
          There are   111 degrees of freedom in the 1st order CPHF.  IDoFFX=5.
 Will reuse    3 saved solutions.
    105 vectors produced by pass  0 Test12= 3.36D-14 1.00D-09 XBig12= 9.73D-02 6.37D-02.
 AX will form   105 AO Fock derivatives at one time.
    105 vectors produced by pass  1 Test12= 3.36D-14 1.00D-09 XBig12= 7.37D-03 1.71D-02.
    105 vectors produced by pass  2 Test12= 3.36D-14 1.00D-09 XBig12= 2.79D-04 2.44D-03.
    105 vectors produced by pass  3 Test12= 3.36D-14 1.00D-09 XBig12= 4.09D-06 2.40D-04.
    105 vectors produced by pass  4 Test12= 3.36D-14 1.00D-09 XBig12= 6.42D-08 2.77D-05.
    105 vectors produced by pass  5 Test12= 3.36D-14 1.00D-09 XBig12= 6.49D-10 3.02D-06.
    105 vectors produced by pass  6 Test12= 3.36D-14 1.00D-09 XBig12= 3.97D-12 2.05D-07.
     83 vectors produced by pass  7 Test12= 3.36D-14 1.00D-09 XBig12= 2.49D-14 1.88D-08.
      7 vectors produced by pass  8 Test12= 3.36D-14 1.00D-09 XBig12= 1.41D-16 1.49D-09.
 Inverted reduced A of dimension   825 with in-core refinement.
 Isotropic polarizability for W=    0.000000      271.18 Bohr**3.
 End of Minotr Frequency-dependent properties file   721 does not exist.
 End of Minotr Frequency-dependent properties file   722 does not exist.

 **********************************************************************

            Population analysis using the SCF density.

 **********************************************************************

 Orbital symmetries:
       Occupied  (A) (A) (A) (A) (A) (A) (A) (A) (A) (A) (A) (A)
                 (A) (A) (A) (A) (A) (A) (A) (A) (A) (A) (A) (A)
                 (A) (A) (A) (A) (A) (A) (A) (A) (A) (A) (A) (A)
                 (A) (A) (A) (A) (A) (A) (A) (A) (A) (A) (A) (A)
                 (A) (A) (A) (A) (A) (A) (A) (A) (A) (A) (A) (A)
                 (A) (A) (A) (A) (A) (A) (A) (A) (A) (A) (A) (A)
                 (A) (A) (A) (A) (A) (A)
       Virtual   (A) (A) (A) (A) (A) (A) (A) (A) (A) (A) (A) (A)
                 (A) (A) (A) (A) (A) (A) (A) (A) (A) (A) (A) (A)
                 (A) (A) (A) (A) (A) (A) (A) (A) (A) (A) (A) (A)
                 (A) (A) (A) (A) (A) (A) (A) (A) (A) (A) (A) (A)
                 (A) (A) (A) (A) (A) (A) (A) (A) (A) (A) (A) (A)
                 (A) (A) (A) (A) (A) (A) (A) (A) (A) (A) (A) (A)
                 (A) (A) (A) (A) (A) (A) (A) (A) (A) (A) (A) (A)
                 (A) (A) (A) (A) (A) (A) (A) (A) (A) (A) (A) (A)
                 (A) (A) (A) (A) (A) (A) (A) (A) (A) (A) (A) (A)
                 (A) (A) (A) (A) (A) (A) (A) (A) (A) (A) (A) (A)
                 (A) (A) (A) (A) (A) (A) (A) (A) (A) (A) (A) (A)
                 (A) (A) (A) (A) (A) (A) (A) (A) (A) (A) (A) (A)
                 (A) (A) (A) (A) (A) (A) (A) (A) (A) (A) (A) (A)
                 (A) (A) (A) (A) (A) (A) (A) (A) (A) (A) (A) (A)
                 (A) (A) (A) (A) (A) (A) (A) (A) (A) (A) (A) (A)
                 (A) (A) (A) (A) (A) (A) (A) (A) (A) (A) (A) (A)
                 (A) (A) (A) (A) (A) (A) (A) (A) (A) (A) (A) (A)
                 (A) (A) (A) (A) (A) (A) (A) (A) (A) (A) (A) (A)
                 (A) (A) (A) (A) (A) (A) (A) (A) (A) (A) (A) (A)
                 (A) (A) (A) (A) (A) (A) (A) (A) (A) (A) (A) (A)
                 (A) (A) (A) (A) (A) (A) (A) (A) (A) (A) (A) (A)
                 (A) (A) (A) (A) (A) (A) (A) (A) (A) (A) (A) (A)
                 (A) (A) (A) (A) (A) (A) (A) (A) (A) (A) (A) (A)
                 (A) (A) (A) (A) (A) (A) (A) (A) (A) (A) (A) (A)
                 (A) (A) (A) (A) (A) (A) (A) (A) (A) (A) (A) (A)
                 (A) (A) (A) (A) (A) (A) (A) (A) (A) (A) (A) (A)
                 (A) (A) (A) (A) (A) (A) (A) (A) (A) (A) (A) (A)
                 (A) (A) (A) (A) (A) (A) (A) (A) (A) (A) (A) (A)
                 (A) (A) (A) (A) (A) (A) (A) (A) (A) (A) (A) (A)
                 (A) (A) (A) (A) (A) (A) (A) (A) (A) (A) (A) (A)
                 (A) (A) (A) (A) (A) (A) (A) (A) (A) (A) (A) (A)
                 (A) (A) (A) (A) (A) (A) (A) (A) (A) (A) (A) (A)
                 (A) (A) (A) (A) (A) (A) (A) (A) (A) (A) (A) (A)
                 (A) (A) (A) (A) (A) (A) (A) (A) (A) (A) (A) (A)
                 (A) (A) (A) (A) (A) (A) (A) (A) (A) (A) (A) (A)
                 (A) (A) (A) (A) (A) (A) (A) (A) (A) (A) (A)
 The electronic state is 1-A.
 Alpha  occ. eigenvalues --  -11.25227 -11.25188 -11.25188 -11.25125 -11.25125
 Alpha  occ. eigenvalues --  -11.25109 -11.25050 -11.25043 -11.25043 -11.25006
 Alpha  occ. eigenvalues --  -11.25006 -11.24972 -11.24381 -11.24380 -11.24380
 Alpha  occ. eigenvalues --  -11.24375 -11.24375 -11.24373 -11.24235 -11.24233
 Alpha  occ. eigenvalues --  -11.24233 -11.24229 -11.24229 -11.24227  -1.22318
 Alpha  occ. eigenvalues --   -1.17768  -1.17768  -1.11767  -1.11767  -1.09394
 Alpha  occ. eigenvalues --   -1.05867  -1.03700  -1.01887  -1.01887  -0.97793
 Alpha  occ. eigenvalues --   -0.97793  -0.86813  -0.86813  -0.86731  -0.86731
 Alpha  occ. eigenvalues --   -0.85592  -0.77820  -0.77201  -0.74350  -0.74350
 Alpha  occ. eigenvalues --   -0.73144  -0.70810  -0.65812  -0.65812  -0.64001
 Alpha  occ. eigenvalues --   -0.64001  -0.63768  -0.63768  -0.60101  -0.59327
 Alpha  occ. eigenvalues --   -0.59327  -0.58712  -0.58216  -0.57149  -0.57149
 Alpha  occ. eigenvalues --   -0.53701  -0.53110  -0.52545  -0.52545  -0.51624
 Alpha  occ. eigenvalues --   -0.51502  -0.51502  -0.46307  -0.46307  -0.44949
 Alpha  occ. eigenvalues --   -0.44949  -0.42300  -0.36977  -0.34901  -0.33507
 Alpha  occ. eigenvalues --   -0.33507  -0.26382  -0.26382
 Alpha virt. eigenvalues --    0.03932   0.04414   0.04414   0.05442   0.05442
 Alpha virt. eigenvalues --    0.05948   0.05948   0.06828   0.06924   0.08736
 Alpha virt. eigenvalues --    0.08736   0.09785   0.09785   0.09819   0.11026
 Alpha virt. eigenvalues --    0.11201   0.11201   0.11635   0.11635   0.13060
 Alpha virt. eigenvalues --    0.13481   0.14282   0.14282   0.14488   0.14931
 Alpha virt. eigenvalues --    0.14931   0.16419   0.16419   0.16972   0.17054
 Alpha virt. eigenvalues --    0.17589   0.18090   0.18863   0.18863   0.19449
 Alpha virt. eigenvalues --    0.20187   0.20187   0.20358   0.20423   0.20439
 Alpha virt. eigenvalues --    0.20439   0.20771   0.20771   0.20779   0.21267
 Alpha virt. eigenvalues --    0.21267   0.21724   0.21724   0.22875   0.24384
 Alpha virt. eigenvalues --    0.24501   0.24962   0.24962   0.25646   0.25646
 Alpha virt. eigenvalues --    0.26011   0.26011   0.26741   0.26741   0.27956
 Alpha virt. eigenvalues --    0.28217   0.28217   0.28484   0.28484   0.29161
 Alpha virt. eigenvalues --    0.29862   0.29862   0.30148   0.30311   0.30670
 Alpha virt. eigenvalues --    0.31202   0.31202   0.32647   0.33157   0.33157
 Alpha virt. eigenvalues --    0.34007   0.34089   0.34398   0.34398   0.37757
 Alpha virt. eigenvalues --    0.37757   0.37934   0.37934   0.38671   0.38671
 Alpha virt. eigenvalues --    0.39372   0.39372   0.39416   0.41309   0.41309
 Alpha virt. eigenvalues --    0.41319   0.41319   0.41915   0.43365   0.43365
 Alpha virt. eigenvalues --    0.44100   0.44224   0.44306   0.44568   0.44906
 Alpha virt. eigenvalues --    0.44906   0.45198   0.45198   0.45959   0.46050
 Alpha virt. eigenvalues --    0.46948   0.46948   0.47771   0.47771   0.49071
 Alpha virt. eigenvalues --    0.49071   0.49297   0.49861   0.51616   0.52498
 Alpha virt. eigenvalues --    0.52498   0.52796   0.52796   0.52834   0.52834
 Alpha virt. eigenvalues --    0.52891   0.56361   0.57378   0.57378   0.59169
 Alpha virt. eigenvalues --    0.63340   0.63340   0.64695   0.64695   0.65943
 Alpha virt. eigenvalues --    0.69860   0.71700   0.75481   0.75481   0.77499
 Alpha virt. eigenvalues --    0.77499   0.80733   0.83070   0.86494   0.86501
 Alpha virt. eigenvalues --    0.86501   0.87579   0.88451   0.88451   0.90110
 Alpha virt. eigenvalues --    0.90110   0.92611   0.92611   0.94045   0.95094
 Alpha virt. eigenvalues --    0.95192   0.95192   0.96109   0.96109   0.96234
 Alpha virt. eigenvalues --    0.96719   0.97871   0.99268   1.00112   1.00112
 Alpha virt. eigenvalues --    1.00314   1.00314   1.00395   1.00567   1.00567
 Alpha virt. eigenvalues --    1.00570   1.00570   1.00811   1.01553   1.04673
 Alpha virt. eigenvalues --    1.04673   1.06148   1.06148   1.06602   1.06602
 Alpha virt. eigenvalues --    1.06630   1.06630   1.07787   1.08588   1.09423
 Alpha virt. eigenvalues --    1.11968   1.11968   1.16542   1.16542   1.16750
 Alpha virt. eigenvalues --    1.19892   1.19892   1.20580   1.20580   1.21522
 Alpha virt. eigenvalues --    1.23295   1.23295   1.23918   1.24285   1.26030
 Alpha virt. eigenvalues --    1.26030   1.27408   1.27684   1.28036   1.28036
 Alpha virt. eigenvalues --    1.29092   1.30127   1.33274   1.33274   1.35413
 Alpha virt. eigenvalues --    1.36537   1.36537   1.39233   1.40726   1.40726
 Alpha virt. eigenvalues --    1.41999   1.43260   1.43260   1.44095   1.44422
 Alpha virt. eigenvalues --    1.45418   1.46874   1.46874   1.47293   1.48795
 Alpha virt. eigenvalues --    1.48795   1.49650   1.49650   1.49933   1.49933
 Alpha virt. eigenvalues --    1.51397   1.51397   1.51999   1.54242   1.54242
 Alpha virt. eigenvalues --    1.55898   1.58391   1.58391   1.61397   1.61397
 Alpha virt. eigenvalues --    1.61652   1.61652   1.61696   1.62019   1.62019
 Alpha virt. eigenvalues --    1.63690   1.63756   1.64186   1.66583   1.68359
 Alpha virt. eigenvalues --    1.68359   1.68491   1.68491   1.73624   1.73776
 Alpha virt. eigenvalues --    1.77462   1.77857   1.77857   1.80609   1.80609
 Alpha virt. eigenvalues --    1.82600   1.82600   1.93169   1.93169   1.94264
 Alpha virt. eigenvalues --    1.94264   1.97720   2.00175   2.00189   2.05559
 Alpha virt. eigenvalues --    2.06194   2.06194   2.09821   2.10792   2.11782
 Alpha virt. eigenvalues --    2.11782   2.12001   2.12001   2.12256   2.12256
 Alpha virt. eigenvalues --    2.17841   2.17841   2.21339   2.21802   2.22164
 Alpha virt. eigenvalues --    2.22164   2.22364   2.22364   2.22880   2.24230
 Alpha virt. eigenvalues --    2.24230   2.24300   2.25287   2.26280   2.26280
 Alpha virt. eigenvalues --    2.26957   2.27711   2.27711   2.32069   2.32741
 Alpha virt. eigenvalues --    2.32741   2.33290   2.33996   2.33996   2.35388
 Alpha virt. eigenvalues --    2.37860   2.39746   2.39746   2.45749   2.45749
 Alpha virt. eigenvalues --    2.50234   2.50234   2.53363   2.55058   2.55058
 Alpha virt. eigenvalues --    2.55067   2.55067   2.55600   2.56310   2.59799
 Alpha virt. eigenvalues --    2.59799   2.62077   2.62077   2.62658   2.63771
 Alpha virt. eigenvalues --    2.63771   2.67776   2.67842   2.69569   2.69569
 Alpha virt. eigenvalues --    2.72009   2.72009   2.73262   2.73715   2.73907
 Alpha virt. eigenvalues --    2.73907   2.74904   2.74904   2.77964   2.78610
 Alpha virt. eigenvalues --    2.78610   2.79506   2.80860   2.80860   2.81257
 Alpha virt. eigenvalues --    2.87117   2.89437   2.89437   2.89695   2.90536
 Alpha virt. eigenvalues --    2.90536   2.90757   2.92549   2.92549   2.93825
 Alpha virt. eigenvalues --    2.94414   2.94414   2.94533   2.95728   2.95728
 Alpha virt. eigenvalues --    3.02866   3.02866   3.03466   3.03466   3.04417
 Alpha virt. eigenvalues --    3.04417   3.04991   3.07482   3.09492   3.11451
 Alpha virt. eigenvalues --    3.11451   3.12497   3.12510   3.12526   3.18153
 Alpha virt. eigenvalues --    3.18153   3.18848   3.18848   3.20110   3.22940
 Alpha virt. eigenvalues --    3.22940   3.35662   3.35662   3.36106   3.36106
 Alpha virt. eigenvalues --    3.36598   3.39200   3.53329   3.53329   3.54537
 Alpha virt. eigenvalues --    3.55058   3.55058   3.56783   3.60308   3.60308
 Alpha virt. eigenvalues --    3.64253   3.68592   3.68592   3.70433   3.74206
 Alpha virt. eigenvalues --    3.74206   3.75737   3.75942   3.75942   3.76275
 Alpha virt. eigenvalues --    3.89290   4.10082   4.10082   4.14119   4.17998
 Alpha virt. eigenvalues --    4.17998   4.31803   4.68359   4.72955   4.72955
 Alpha virt. eigenvalues --    4.75161   4.76212   4.77243   4.77243   4.80751
 Alpha virt. eigenvalues --    4.80751   4.81124   4.83559   4.83559   4.88585
 Alpha virt. eigenvalues --    4.88585   4.93990   4.94135   4.94135   4.95228
 Alpha virt. eigenvalues --    5.02320   5.08351   5.08351   5.28741   5.28741
 Alpha virt. eigenvalues --    5.52980
          Condensed to atoms (all electrons):
              1          2          3          4          5          6
     1  C    6.128480   0.254214  -0.108924   0.010593  -0.457356   1.133561
     2  C    0.254214   7.411619  -1.524700  -1.054301   1.114538  -0.457356
     3  C   -0.108924  -1.524700   7.579050   1.474263  -1.054301   0.010592
     4  C    0.010593  -1.054301   1.474263   7.579048  -1.524698  -0.108924
     5  C   -0.457356   1.114538  -1.054301  -1.524698   7.411617   0.254215
     6  C    1.133561  -0.457356   0.010592  -0.108924   0.254215   6.128480
     7  C   -0.137039  -1.054299   1.474264   0.945563  -0.689866  -0.158193
     8  C   -0.158193  -0.689866   0.945563   1.474262  -1.054298  -0.137039
     9  C   -0.000857  -0.395899   0.200861   0.945564  -0.689867  -0.019753
    10  C   -0.019753  -0.689867   0.945564   0.200860  -0.395899  -0.000857
    11  C   -0.005354   0.432657  -0.395899  -0.689867   0.592715   0.023855
    12  C   -0.018083  -0.005354  -0.000857  -0.158193  -0.048807  -0.029272
    13  C   -0.029272   0.023855  -0.019753  -0.137039  -0.012914  -0.044276
    14  C   -0.048807   0.592716  -0.689867  -1.054299   1.114535  -0.012915
    15  C    0.020755  -0.048807  -0.158194   0.010589  -0.457354  -0.115484
    16  C   -0.115483  -0.012914  -0.137041  -0.108927   0.254218  -0.372886
    17  H    0.025097   0.002753   0.000206   0.026891  -0.086668   0.011978
    18  H    0.000238  -0.000001   0.000244   0.023189  -0.014894  -0.001989
    19  H    0.338037  -0.086668   0.026891   0.023189  -0.014895   0.020755
    20  H    0.020755  -0.014895   0.023189   0.026891  -0.086668   0.338037
    21  H   -0.000161  -0.000437   0.001440   0.000244  -0.000001   0.000286
    22  H   -0.000648  -0.000687   0.002043   0.000206   0.002753  -0.001675
    23  C   -0.372887   0.254218  -0.108926  -0.137041  -0.012914  -0.115483
    24  C   -0.115484  -0.457355   0.010590  -0.158194  -0.048807   0.020755
    25  C   -0.012915   1.114537  -1.054301  -0.689868   0.592716  -0.048807
    26  H    0.011978  -0.086668   0.026891   0.000206   0.002753   0.025097
    27  H   -0.001989  -0.014894   0.023189   0.000244  -0.000001   0.000238
    28  C   -0.044276  -0.012914  -0.137040  -0.019753   0.023855  -0.029272
    29  C   -0.029272  -0.048807  -0.158193  -0.000857  -0.005354  -0.018083
    30  C    0.023855   0.592715  -0.689867  -0.395899   0.432657  -0.005354
    31  H   -0.001675   0.002753   0.000206   0.002043  -0.000687  -0.000648
    32  H    0.000286  -0.000001   0.000244   0.001440  -0.000437  -0.000161
    33  C    0.005863  -0.005354  -0.000857  -0.019753   0.023855   0.005770
    34  H    0.000212  -0.000437   0.001440   0.002043  -0.000687  -0.000005
    35  C    0.005770   0.023855  -0.019753  -0.000857  -0.005354   0.005863
    36  H   -0.000005  -0.000687   0.002043   0.001440  -0.000437   0.000212
              7          8          9         10         11         12
     1  C   -0.137039  -0.158193  -0.000857  -0.019753  -0.005354  -0.018083
     2  C   -1.054299  -0.689866  -0.395899  -0.689867   0.432657  -0.005354
     3  C    1.474264   0.945563   0.200861   0.945564  -0.395899  -0.000857
     4  C    0.945563   1.474262   0.945564   0.200860  -0.689867  -0.158193
     5  C   -0.689866  -1.054298  -0.689867  -0.395899   0.592715  -0.048807
     6  C   -0.158193  -0.137039  -0.019753  -0.000857   0.023855  -0.029272
     7  C    7.579050   0.200858   0.945563   1.474262  -0.689866  -0.019753
     8  C    0.200858   7.579049   1.474264   0.945563  -1.054301   0.010592
     9  C    0.945563   1.474264   7.579049   1.474263  -1.524699  -0.108924
    10  C    1.474262   0.945563   1.474263   7.579048  -1.054299  -0.137039
    11  C   -0.689866  -1.054301  -1.524699  -1.054299   7.411618   0.254215
    12  C   -0.019753   0.010592  -0.108924  -0.137039   0.254215   6.128480
    13  C   -0.000857  -0.108924   0.010592  -0.158193  -0.457355   1.133561
    14  C   -0.395898  -1.524699  -1.054302  -0.689867   1.114538  -0.457355
    15  C   -0.000857  -0.108928  -0.137041  -0.019754  -0.012913  -0.115483
    16  C   -0.019753   0.010589  -0.158194  -0.000857  -0.048807   0.020755
    17  H    0.002043   0.023189   0.000244   0.001440  -0.000001   0.000238
    18  H    0.001440   0.026891   0.000206   0.002043   0.002753   0.025097
    19  H    0.000206   0.000244   0.001440   0.002043  -0.000438  -0.000161
    20  H    0.000244   0.000206   0.002043   0.001440  -0.000687  -0.000648
    21  H    0.002043   0.023189   0.026891   0.000206  -0.086668   0.338037
    22  H    0.001440   0.026891   0.023189   0.000244  -0.014895   0.020755
    23  C    0.010590  -0.019753  -0.000857  -0.158194  -0.005354   0.005863
    24  C   -0.108926  -0.000857  -0.019753  -0.137040   0.023855   0.005770
    25  C   -1.524700  -0.395899  -0.689868  -1.054301   0.592716   0.023855
    26  H    0.023189   0.002043   0.001440   0.000244  -0.000437   0.000212
    27  H    0.026891   0.001440   0.002043   0.000206  -0.000687  -0.000005
    28  C   -0.108926  -0.000857  -0.158193   0.010591  -0.048807  -0.029272
    29  C    0.010591  -0.019753  -0.137039  -0.108925  -0.012914  -0.044276
    30  C   -1.054299  -0.689866  -1.054299  -1.524698   1.114535  -0.012915
    31  H    0.026891   0.001440   0.000244   0.023189  -0.000001   0.000286
    32  H    0.023189   0.002043   0.000206   0.026891   0.002753  -0.001675
    33  C   -0.158194  -0.137040  -0.108926   0.010590   0.254218  -0.372887
    34  H    0.000244   0.000206   0.026891   0.023189  -0.086668   0.011978
    35  C   -0.137040  -0.158194   0.010590  -0.108926  -0.457355  -0.115484
    36  H    0.000206   0.000244   0.023189   0.026891  -0.014895  -0.001989
             13         14         15         16         17         18
     1  C   -0.029272  -0.048807   0.020755  -0.115483   0.025097   0.000238
     2  C    0.023855   0.592716  -0.048807  -0.012914   0.002753  -0.000001
     3  C   -0.019753  -0.689867  -0.158194  -0.137041   0.000206   0.000244
     4  C   -0.137039  -1.054299   0.010589  -0.108927   0.026891   0.023189
     5  C   -0.012914   1.114535  -0.457354   0.254218  -0.086668  -0.014894
     6  C   -0.044276  -0.012915  -0.115484  -0.372886   0.011978  -0.001989
     7  C   -0.000857  -0.395898  -0.000857  -0.019753   0.002043   0.001440
     8  C   -0.108924  -1.524699  -0.108928   0.010589   0.023189   0.026891
     9  C    0.010592  -1.054302  -0.137041  -0.158194   0.000244   0.000206
    10  C   -0.158193  -0.689867  -0.019754  -0.000857   0.001440   0.002043
    11  C   -0.457355   1.114538  -0.012913  -0.048807  -0.000001   0.002753
    12  C    1.133561  -0.457355  -0.115483   0.020755   0.000238   0.025097
    13  C    6.128480   0.254216  -0.372887  -0.115484  -0.001989   0.011978
    14  C    0.254216   7.411617   0.254219  -0.457355  -0.014894  -0.086668
    15  C   -0.372887   0.254219   6.128483   1.133561   0.020755   0.338037
    16  C   -0.115484  -0.457355   1.133561   6.128484   0.338037   0.020755
    17  H   -0.001989  -0.014894   0.020755   0.338037   0.530325   0.004062
    18  H    0.011978  -0.086668   0.338037   0.020755   0.004062   0.530325
    19  H    0.000286  -0.000001   0.000238  -0.001989  -0.000212  -0.000024
    20  H   -0.001675   0.002753   0.025097   0.011978  -0.005237  -0.000212
    21  H    0.020755  -0.014895  -0.001989   0.000238  -0.000024  -0.000212
    22  H    0.338037  -0.086668   0.011978   0.025097  -0.000212  -0.005237
    23  C    0.005770   0.023855  -0.029272  -0.044276  -0.001675   0.000286
    24  C    0.005863  -0.005354  -0.018083  -0.029272  -0.000648  -0.000161
    25  C   -0.005354   0.432658  -0.005354   0.023855  -0.000687  -0.000437
    26  H   -0.000005  -0.000687  -0.000648  -0.001675   0.000057  -0.000006
    27  H    0.000212  -0.000437  -0.000161   0.000286  -0.000006   0.000001
    28  C   -0.018083  -0.005354   0.005863   0.005770  -0.000005   0.000212
    29  C   -0.029272   0.023855   0.005770   0.005863   0.000212  -0.000005
    30  C   -0.048807   0.592716   0.023856  -0.005354  -0.000437  -0.000687
    31  H   -0.000161  -0.000437   0.000212  -0.000005   0.000005   0.000001
    32  H   -0.000648  -0.000687  -0.000005   0.000212   0.000001   0.000005
    33  C   -0.115483  -0.012914  -0.044276  -0.029272   0.000286  -0.001675
    34  H    0.025097   0.002753  -0.001675  -0.000648  -0.000006   0.000057
    35  C    0.020755  -0.048807  -0.029272  -0.018083  -0.000161  -0.000648
    36  H    0.000238  -0.000001   0.000286  -0.000161   0.000001  -0.000006
             19         20         21         22         23         24
     1  C    0.338037   0.020755  -0.000161  -0.000648  -0.372887  -0.115484
     2  C   -0.086668  -0.014895  -0.000437  -0.000687   0.254218  -0.457355
     3  C    0.026891   0.023189   0.001440   0.002043  -0.108926   0.010590
     4  C    0.023189   0.026891   0.000244   0.000206  -0.137041  -0.158194
     5  C   -0.014895  -0.086668  -0.000001   0.002753  -0.012914  -0.048807
     6  C    0.020755   0.338037   0.000286  -0.001675  -0.115483   0.020755
     7  C    0.000206   0.000244   0.002043   0.001440   0.010590  -0.108926
     8  C    0.000244   0.000206   0.023189   0.026891  -0.019753  -0.000857
     9  C    0.001440   0.002043   0.026891   0.023189  -0.000857  -0.019753
    10  C    0.002043   0.001440   0.000206   0.000244  -0.158194  -0.137040
    11  C   -0.000438  -0.000687  -0.086668  -0.014895  -0.005354   0.023855
    12  C   -0.000161  -0.000648   0.338037   0.020755   0.005863   0.005770
    13  C    0.000286  -0.001675   0.020755   0.338037   0.005770   0.005863
    14  C   -0.000001   0.002753  -0.014895  -0.086668   0.023855  -0.005354
    15  C    0.000238   0.025097  -0.001989   0.011978  -0.029272  -0.018083
    16  C   -0.001989   0.011978   0.000238   0.025097  -0.044276  -0.029272
    17  H   -0.000212  -0.005237  -0.000024  -0.000212  -0.001675  -0.000648
    18  H   -0.000024  -0.000212  -0.000212  -0.005237   0.000286  -0.000161
    19  H    0.530325   0.004062   0.000001  -0.000006   0.011978   0.025097
    20  H    0.004062   0.530325  -0.000006   0.000057  -0.001989   0.000238
    21  H    0.000001  -0.000006   0.530325   0.004062   0.000212  -0.000005
    22  H   -0.000006   0.000057   0.004062   0.530325  -0.000005   0.000212
    23  C    0.011978  -0.001989   0.000212  -0.000005   6.128483   1.133560
    24  C    0.025097   0.000238  -0.000005   0.000212   1.133560   6.128483
    25  C    0.002753  -0.000001  -0.000687  -0.000438  -0.457355   0.254219
    26  H   -0.005237  -0.000212   0.000001   0.000005   0.338037   0.020755
    27  H   -0.000212  -0.000024   0.000005   0.000001   0.020755   0.338037
    28  C   -0.001675   0.000286  -0.000648  -0.000161  -0.115484  -0.372887
    29  C   -0.000648  -0.000161  -0.001675   0.000286   0.020755  -0.115483
    30  C   -0.000687  -0.000438   0.002753  -0.000001  -0.048807  -0.012913
    31  H    0.000057  -0.000006  -0.000006   0.000001   0.025097   0.011978
    32  H   -0.000006   0.000001   0.000057  -0.000006   0.000238  -0.001989
    33  C    0.000212  -0.000005   0.011978  -0.001989  -0.018083  -0.029272
    34  H    0.000001   0.000005  -0.005237  -0.000212  -0.000161   0.000286
    35  C   -0.000005   0.000212   0.025097   0.000238  -0.029272  -0.044276
    36  H    0.000005   0.000001  -0.000212  -0.000024  -0.000648  -0.001675
             25         26         27         28         29         30
     1  C   -0.012915   0.011978  -0.001989  -0.044276  -0.029272   0.023855
     2  C    1.114537  -0.086668  -0.014894  -0.012914  -0.048807   0.592715
     3  C   -1.054301   0.026891   0.023189  -0.137040  -0.158193  -0.689867
     4  C   -0.689868   0.000206   0.000244  -0.019753  -0.000857  -0.395899
     5  C    0.592716   0.002753  -0.000001   0.023855  -0.005354   0.432657
     6  C   -0.048807   0.025097   0.000238  -0.029272  -0.018083  -0.005354
     7  C   -1.524700   0.023189   0.026891  -0.108926   0.010591  -1.054299
     8  C   -0.395899   0.002043   0.001440  -0.000857  -0.019753  -0.689866
     9  C   -0.689868   0.001440   0.002043  -0.158193  -0.137039  -1.054299
    10  C   -1.054301   0.000244   0.000206   0.010591  -0.108925  -1.524698
    11  C    0.592716  -0.000437  -0.000687  -0.048807  -0.012914   1.114535
    12  C    0.023855   0.000212  -0.000005  -0.029272  -0.044276  -0.012915
    13  C   -0.005354  -0.000005   0.000212  -0.018083  -0.029272  -0.048807
    14  C    0.432658  -0.000687  -0.000437  -0.005354   0.023855   0.592716
    15  C   -0.005354  -0.000648  -0.000161   0.005863   0.005770   0.023856
    16  C    0.023855  -0.001675   0.000286   0.005770   0.005863  -0.005354
    17  H   -0.000687   0.000057  -0.000006  -0.000005   0.000212  -0.000437
    18  H   -0.000437  -0.000006   0.000001   0.000212  -0.000005  -0.000687
    19  H    0.002753  -0.005237  -0.000212  -0.001675  -0.000648  -0.000687
    20  H   -0.000001  -0.000212  -0.000024   0.000286  -0.000161  -0.000438
    21  H   -0.000687   0.000001   0.000005  -0.000648  -0.001675   0.002753
    22  H   -0.000438   0.000005   0.000001  -0.000161   0.000286  -0.000001
    23  C   -0.457355   0.338037   0.020755  -0.115484   0.020755  -0.048807
    24  C    0.254219   0.020755   0.338037  -0.372887  -0.115483  -0.012913
    25  C    7.411619  -0.014895  -0.086668   0.254216  -0.457355   1.114538
    26  H   -0.014895   0.530325   0.004062  -0.001989   0.000238  -0.000001
    27  H   -0.086668   0.004062   0.530325   0.011978   0.025097   0.002753
    28  C    0.254216  -0.001989   0.011978   6.128481   1.133562  -0.457354
    29  C   -0.457355   0.000238   0.025097   1.133562   6.128482   0.254215
    30  C    1.114538  -0.000001   0.002753  -0.457354   0.254215   7.411616
    31  H   -0.086668  -0.000212  -0.005237   0.338037   0.020755  -0.014895
    32  H   -0.014895  -0.000024  -0.000212   0.020755   0.338037  -0.086668
    33  C   -0.048807  -0.000161  -0.000648   0.020755  -0.115484  -0.457355
    34  H   -0.000001   0.000001  -0.000006   0.000238  -0.001989  -0.014895
    35  C   -0.012914   0.000286  -0.001675  -0.115483  -0.372886   0.254218
    36  H    0.002753  -0.000006   0.000057   0.025097   0.011978  -0.086668
             31         32         33         34         35         36
     1  C   -0.001675   0.000286   0.005863   0.000212   0.005770  -0.000005
     2  C    0.002753  -0.000001  -0.005354  -0.000437   0.023855  -0.000687
     3  C    0.000206   0.000244  -0.000857   0.001440  -0.019753   0.002043
     4  C    0.002043   0.001440  -0.019753   0.002043  -0.000857   0.001440
     5  C   -0.000687  -0.000437   0.023855  -0.000687  -0.005354  -0.000437
     6  C   -0.000648  -0.000161   0.005770  -0.000005   0.005863   0.000212
     7  C    0.026891   0.023189  -0.158194   0.000244  -0.137040   0.000206
     8  C    0.001440   0.002043  -0.137040   0.000206  -0.158194   0.000244
     9  C    0.000244   0.000206  -0.108926   0.026891   0.010590   0.023189
    10  C    0.023189   0.026891   0.010590   0.023189  -0.108926   0.026891
    11  C   -0.000001   0.002753   0.254218  -0.086668  -0.457355  -0.014895
    12  C    0.000286  -0.001675  -0.372887   0.011978  -0.115484  -0.001989
    13  C   -0.000161  -0.000648  -0.115483   0.025097   0.020755   0.000238
    14  C   -0.000437  -0.000687  -0.012914   0.002753  -0.048807  -0.000001
    15  C    0.000212  -0.000005  -0.044276  -0.001675  -0.029272   0.000286
    16  C   -0.000005   0.000212  -0.029272  -0.000648  -0.018083  -0.000161
    17  H    0.000005   0.000001   0.000286  -0.000006  -0.000161   0.000001
    18  H    0.000001   0.000005  -0.001675   0.000057  -0.000648  -0.000006
    19  H    0.000057  -0.000006   0.000212   0.000001  -0.000005   0.000005
    20  H   -0.000006   0.000001  -0.000005   0.000005   0.000212   0.000001
    21  H   -0.000006   0.000057   0.011978  -0.005237   0.025097  -0.000212
    22  H    0.000001  -0.000006  -0.001989  -0.000212   0.000238  -0.000024
    23  C    0.025097   0.000238  -0.018083  -0.000161  -0.029272  -0.000648
    24  C    0.011978  -0.001989  -0.029272   0.000286  -0.044276  -0.001675
    25  C   -0.086668  -0.014895  -0.048807  -0.000001  -0.012914   0.002753
    26  H   -0.000212  -0.000024  -0.000161   0.000001   0.000286  -0.000006
    27  H   -0.005237  -0.000212  -0.000648  -0.000006  -0.001675   0.000057
    28  C    0.338037   0.020755   0.020755   0.000238  -0.115483   0.025097
    29  C    0.020755   0.338037  -0.115484  -0.001989  -0.372886   0.011978
    30  C   -0.014895  -0.086668  -0.457355  -0.014895   0.254218  -0.086668
    31  H    0.530325   0.004062   0.000238  -0.000024  -0.001989  -0.000212
    32  H    0.004062   0.530325   0.025097  -0.000212   0.011978  -0.005237
    33  C    0.000238   0.025097   6.128483   0.338037   1.133561   0.020755
    34  H   -0.000024  -0.000212   0.338037   0.530325   0.020755   0.004062
    35  C   -0.001989   0.011978   1.133561   0.020755   6.128483   0.338037
    36  H   -0.000212  -0.005237   0.020755   0.004062   0.338037   0.530325
 Mulliken atomic charges:
              1
     1  C   -0.301264
     2  C    0.842737
     3  C   -0.490300
     4  C   -0.490299
     5  C    0.842737
     6  C   -0.301264
     7  C   -0.490300
     8  C   -0.490300
     9  C   -0.490300
    10  C   -0.490299
    11  C    0.842737
    12  C   -0.301264
    13  C   -0.301264
    14  C    0.842737
    15  C   -0.301263
    16  C   -0.301263
    17  H    0.125045
    18  H    0.125045
    19  H    0.125045
    20  H    0.125045
    21  H    0.125045
    22  H    0.125045
    23  C   -0.301263
    24  C   -0.301263
    25  C    0.842737
    26  H    0.125045
    27  H    0.125045
    28  C   -0.301264
    29  C   -0.301264
    30  C    0.842737
    31  H    0.125045
    32  H    0.125045
    33  C   -0.301263
    34  H    0.125045
    35  C   -0.301263
    36  H    0.125045
 Sum of Mulliken atomic charges =   0.00000
 Mulliken charges with hydrogens summed into heavy atoms:
              1
     1  C   -0.176219
     2  C    0.842737
     3  C   -0.490300
     4  C   -0.490299
     5  C    0.842737
     6  C   -0.176219
     7  C   -0.490300
     8  C   -0.490300
     9  C   -0.490300
    10  C   -0.490299
    11  C    0.842737
    12  C   -0.176219
    13  C   -0.176219
    14  C    0.842737
    15  C   -0.176218
    16  C   -0.176218
    23  C   -0.176218
    24  C   -0.176218
    25  C    0.842737
    28  C   -0.176219
    29  C   -0.176219
    30  C    0.842737
    33  C   -0.176218
    35  C   -0.176219
 Sum of Mulliken charges with hydrogens summed into heavy atoms =   0.00000
 APT atomic charges:
              1
     1  C   -0.012237
     2  C   -0.028952
     3  C   -0.002984
     4  C   -0.002984
     5  C   -0.028952
     6  C   -0.012237
     7  C   -0.002984
     8  C   -0.002984
     9  C   -0.002984
    10  C   -0.002984
    11  C   -0.028952
    12  C   -0.012237
    13  C   -0.012237
    14  C   -0.028952
    15  C   -0.012238
    16  C   -0.012238
    17  H    0.028205
    18  H    0.028205
    19  H    0.028205
    20  H    0.028205
    21  H    0.028205
    22  H    0.028205
    23  C   -0.012238
    24  C   -0.012238
    25  C   -0.028952
    26  H    0.028205
    27  H    0.028205
    28  C   -0.012237
    29  C   -0.012237
    30  C   -0.028952
    31  H    0.028205
    32  H    0.028205
    33  C   -0.012238
    34  H    0.028205
    35  C   -0.012238
    36  H    0.028205
 Sum of APT charges=   0.00000
 APT Atomic charges with hydrogens summed into heavy atoms:
              1
     1  C    0.015968
     2  C   -0.028952
     3  C   -0.002984
     4  C   -0.002984
     5  C   -0.028952
     6  C    0.015968
     7  C   -0.002984
     8  C   -0.002984
     9  C   -0.002984
    10  C   -0.002984
    11  C   -0.028952
    12  C    0.015968
    13  C    0.015968
    14  C   -0.028952
    15  C    0.015968
    16  C    0.015968
    17  H    0.000000
    18  H    0.000000
    19  H    0.000000
    20  H    0.000000
    21  H    0.000000
    22  H    0.000000
    23  C    0.015968
    24  C    0.015968
    25  C   -0.028952
    26  H    0.000000
    27  H    0.000000
    28  C    0.015968
    29  C    0.015968
    30  C   -0.028952
    31  H    0.000000
    32  H    0.000000
    33  C    0.015968
    34  H    0.000000
    35  C    0.015968
    36  H    0.000000
 Sum of APT charges=   0.00000
 Electronic spatial extent (au):  <R**2>=           6123.0514
 Charge=              0.0000 electrons
 Dipole moment (field-independent basis, Debye):
    X=              0.0000    Y=              0.0000    Z=              0.0000  Tot=              0.0000
 Quadrupole moment (field-independent basis, Debye-Ang):
   XX=           -118.4423   YY=           -118.4423   ZZ=           -149.4753
   XY=              0.0000   XZ=              0.0000   YZ=              0.0000
 Traceless Quadrupole moment (field-independent basis, Debye-Ang):
   XX=             10.3443   YY=             10.3443   ZZ=            -20.6887
   XY=              0.0000   XZ=              0.0000   YZ=              0.0000
 Octapole moment (field-independent basis, Debye-Ang**2):
  XXX=              0.0000  YYY=              0.0000  ZZZ=              0.0000  XYY=              0.0000
  XXY=              0.0000  XXZ=              0.0007  XZZ=              0.0000  YZZ=              0.0000
  YYZ=              0.0002  XYZ=              0.0002
 Hexadecapole moment (field-independent basis, Debye-Ang**3):
 XXXX=          -3825.8724 YYYY=          -3825.8724 ZZZZ=           -182.3702 XXXY=              0.0000
 XXXZ=              0.0004 YYYX=              0.0000 YYYZ=              0.0004 ZZZX=              0.0001
 ZZZY=              0.0000 XXYY=          -1275.2908 XXZZ=           -845.1563 YYZZ=           -845.1563
 XXYZ=             -0.0010 YYXZ=              0.0005 ZZXY=              0.0000
 N-N= 1.840424216789D+03 E-N=-5.812970371557D+03  KE= 9.151936692575D+02
  Exact polarizability: 346.187   0.000 346.187   0.000   0.000 121.180
 Approx polarizability: 354.786   0.000 354.786   0.000   0.000 145.328
 Calling FoFJK, ICntrl=    100127 FMM=F ISym2X=0 I1Cent= 0 IOpClX= 0 NMat=1 NMatS=1 NMatT=0.
 Full mass-weighted force constant matrix:
 Low frequencies ---   -0.0017    0.0007    0.0008    1.6773    1.6782    1.6814
 Low frequencies ---   95.2619   95.2619  135.6138
 Diagonal vibrational polarizability:
        1.8830920       1.8830916      22.9769719
 Diagonal vibrational hyperpolarizability:
        0.0000319       0.0000729       0.0011265
 Harmonic frequencies (cm**-1), IR intensities (KM/Mole), Raman scattering
 activities (A**4/AMU), depolarization ratios for plane and unpolarized
 incident light, reduced masses (AMU), force constants (mDyne/A),
 and normal coordinates:
                     1                      2                      3
                     A                      A                      A
 Frequencies --    95.2619                95.2619               135.6138
 Red. masses --     4.9987                 4.9987                 5.0174
 Frc consts  --     0.0267                 0.0267                 0.0544
 IR Inten    --     0.0000                 0.0000                 8.4264
 Raman Activ --     0.0000                 0.0000                 0.0000
 Depolar (P) --     0.2549                 0.0438                 0.5330
 Depolar (U) --     0.4062                 0.0839                 0.6953
  Atom  AN      X      Y      Z        X      Y      Z        X      Y      Z
     1   6     0.00   0.00   0.04     0.00   0.00   0.22     0.00   0.00  -0.10
     2   6     0.00   0.00   0.11     0.00   0.00   0.09     0.00   0.00   0.03
     3   6     0.00   0.00   0.03     0.00   0.00   0.03     0.00   0.00   0.20
     4   6     0.00   0.00  -0.04     0.00   0.00   0.02     0.00   0.00   0.20
     5   6     0.00   0.00  -0.13     0.00   0.00   0.05     0.00   0.00   0.03
     6   6     0.00   0.00  -0.10     0.00   0.00   0.20     0.00   0.00  -0.10
     7   6     0.00   0.00   0.01     0.00   0.00  -0.04     0.00   0.00   0.20
     8   6     0.00   0.00   0.01     0.00   0.00  -0.04     0.00   0.00   0.20
     9   6     0.00   0.00   0.03     0.00   0.00   0.03     0.00   0.00   0.20
    10   6     0.00   0.00  -0.04     0.00   0.00   0.02     0.00   0.00   0.20
    11   6     0.00   0.00   0.11     0.00   0.00   0.09     0.00   0.00   0.03
    12   6     0.00   0.00   0.22     0.00   0.00  -0.01     0.00   0.00  -0.10
    13   6     0.00   0.00   0.17     0.00   0.00  -0.15     0.00   0.00  -0.10
    14   6     0.00   0.00   0.02     0.00   0.00  -0.14     0.00   0.00   0.03
    15   6     0.00   0.00  -0.12     0.00   0.00  -0.19     0.00   0.00  -0.10
    16   6     0.00   0.00  -0.21     0.00   0.00  -0.07     0.00   0.00  -0.10
    17   1     0.00   0.00  -0.32     0.00   0.00  -0.08     0.00   0.00  -0.23
    18   1     0.00   0.00  -0.15     0.00   0.00  -0.29     0.00   0.00  -0.23
    19   1     0.00   0.00   0.09     0.00   0.00   0.31     0.00   0.00  -0.23
    20   1     0.00   0.00  -0.17     0.00   0.00   0.28     0.00   0.00  -0.23
    21   1     0.00   0.00   0.33     0.00   0.00   0.01     0.00   0.00  -0.23
    22   1     0.00   0.00   0.23     0.00   0.00  -0.23     0.00   0.00  -0.23
    23   6     0.00   0.00   0.22     0.00   0.00  -0.01     0.00   0.00  -0.10
    24   6     0.00   0.00   0.17     0.00   0.00  -0.15     0.00   0.00  -0.10
    25   6     0.00   0.00   0.02     0.00   0.00  -0.14     0.00   0.00   0.03
    26   1     0.00   0.00   0.33     0.00   0.00   0.01     0.00   0.00  -0.23
    27   1     0.00   0.00   0.23     0.00   0.00  -0.23     0.00   0.00  -0.23
    28   6     0.00   0.00  -0.12     0.00   0.00  -0.19     0.00   0.00  -0.10
    29   6     0.00   0.00  -0.21     0.00   0.00  -0.07     0.00   0.00  -0.10
    30   6     0.00   0.00  -0.13     0.00   0.00   0.05     0.00   0.00   0.03
    31   1     0.00   0.00  -0.15     0.00   0.00  -0.29     0.00   0.00  -0.23
    32   1     0.00   0.00  -0.32     0.00   0.00  -0.08     0.00   0.00  -0.23
    33   6     0.00   0.00   0.04     0.00   0.00   0.22     0.00   0.00  -0.10
    34   1     0.00   0.00   0.09     0.00   0.00   0.31     0.00   0.00  -0.23
    35   6     0.00   0.00  -0.10     0.00   0.00   0.20     0.00   0.00  -0.10
    36   1     0.00   0.00  -0.17     0.00   0.00   0.28     0.00   0.00  -0.23
                     4                      5                      6
                     A                      A                      A
 Frequencies --   180.2626               243.6469               323.8243
 Red. masses --     4.0066                 5.0014                 4.7661
 Frc consts  --     0.0767                 0.1749                 0.2945
 IR Inten    --     0.0000                 0.0000                 0.0000
 Raman Activ --     0.0000                 0.0000                 0.5242
 Depolar (P) --     0.2867                 0.4358                 0.7500
 Depolar (U) --     0.4456                 0.6071                 0.8571
  Atom  AN      X      Y      Z        X      Y      Z        X      Y      Z
     1   6     0.00   0.00   0.15     0.00   0.00   0.13     0.00   0.00  -0.07
     2   6     0.00   0.00   0.00     0.00   0.00   0.16     0.00   0.00   0.03
     3   6     0.00   0.00   0.00     0.00   0.00   0.04     0.00   0.00   0.05
     4   6     0.00   0.00   0.00     0.00   0.00  -0.04     0.00   0.00   0.25
     5   6     0.00   0.00   0.00     0.00   0.00  -0.16     0.00   0.00   0.16
     6   6     0.00   0.00   0.15     0.00   0.00  -0.13     0.00   0.00  -0.04
     7   6     0.00   0.00   0.00     0.00   0.00  -0.04     0.00   0.00  -0.20
     8   6     0.00   0.00   0.00     0.00   0.00   0.04     0.00   0.00   0.20
     9   6     0.00   0.00   0.00     0.00   0.00  -0.04     0.00   0.00  -0.05
    10   6     0.00   0.00   0.00     0.00   0.00   0.04     0.00   0.00  -0.25
    11   6     0.00   0.00   0.00     0.00   0.00  -0.16     0.00   0.00  -0.03
    12   6     0.00   0.00   0.15     0.00   0.00  -0.13     0.00   0.00  -0.05
    13   6     0.00   0.00   0.15     0.00   0.00   0.13     0.00   0.00  -0.01
    14   6     0.00   0.00   0.00     0.00   0.00   0.16     0.00   0.00   0.13
    15   6     0.00   0.00  -0.15     0.00   0.00   0.13     0.00   0.00  -0.09
    16   6     0.00   0.00  -0.15     0.00   0.00  -0.13     0.00   0.00  -0.08
    17   1     0.00   0.00  -0.25     0.00   0.00  -0.23     0.00   0.00  -0.32
    18   1     0.00   0.00  -0.25     0.00   0.00   0.23     0.00   0.00  -0.33
    19   1     0.00   0.00   0.25     0.00   0.00   0.23     0.00   0.00  -0.23
    20   1     0.00   0.00   0.25     0.00   0.00  -0.23     0.00   0.00  -0.20
    21   1     0.00   0.00   0.25     0.00   0.00  -0.23     0.00   0.00  -0.12
    22   1     0.00   0.00   0.25     0.00   0.00   0.23     0.00   0.00  -0.09
    23   6     0.00   0.00  -0.15     0.00   0.00   0.13     0.00   0.00   0.05
    24   6     0.00   0.00  -0.15     0.00   0.00  -0.13     0.00   0.00   0.01
    25   6     0.00   0.00   0.00     0.00   0.00  -0.16     0.00   0.00  -0.13
    26   1     0.00   0.00  -0.25     0.00   0.00   0.23     0.00   0.00   0.12
    27   1     0.00   0.00  -0.25     0.00   0.00  -0.23     0.00   0.00   0.09
    28   6     0.00   0.00   0.15     0.00   0.00  -0.13     0.00   0.00   0.09
    29   6     0.00   0.00   0.15     0.00   0.00   0.13     0.00   0.00   0.08
    30   6     0.00   0.00   0.00     0.00   0.00   0.16     0.00   0.00  -0.16
    31   1     0.00   0.00   0.25     0.00   0.00  -0.23     0.00   0.00   0.33
    32   1     0.00   0.00   0.25     0.00   0.00   0.23     0.00   0.00   0.32
    33   6     0.00   0.00  -0.15     0.00   0.00  -0.13     0.00   0.00   0.07
    34   1     0.00   0.00  -0.25     0.00   0.00  -0.23     0.00   0.00   0.23
    35   6     0.00   0.00  -0.15     0.00   0.00   0.13     0.00   0.00   0.04
    36   1     0.00   0.00  -0.25     0.00   0.00   0.23     0.00   0.00   0.20
                     7                      8                      9
                     A                      A                      A
 Frequencies --   323.8243               327.2754               327.2755
 Red. masses --     4.7661                 4.0040                 4.0040
 Frc consts  --     0.2945                 0.2527                 0.2527
 IR Inten    --     0.0000                 0.0000                 0.0000
 Raman Activ --     0.5242                 0.0000                 0.0000
 Depolar (P) --     0.7500                 0.1204                 0.1069
 Depolar (U) --     0.8571                 0.2150                 0.1932
  Atom  AN      X      Y      Z        X      Y      Z        X      Y      Z
     1   6     0.00   0.00  -0.05     0.00   0.00  -0.15     0.00   0.00  -0.07
     2   6     0.00   0.00   0.16     0.00   0.00  -0.14     0.00   0.00   0.11
     3   6     0.00   0.00   0.26     0.00   0.00  -0.05     0.00   0.00   0.04
     4   6     0.00   0.00   0.09     0.00   0.00   0.06     0.00   0.00   0.02
     5   6     0.00   0.00   0.05     0.00   0.00   0.17     0.00   0.00   0.06
     6   6     0.00   0.00  -0.08     0.00   0.00   0.12     0.00   0.00  -0.12
     7   6     0.00   0.00   0.17     0.00   0.00  -0.01     0.00   0.00  -0.06
     8   6     0.00   0.00  -0.17     0.00   0.00  -0.01     0.00   0.00  -0.06
     9   6     0.00   0.00  -0.26     0.00   0.00  -0.05     0.00   0.00   0.04
    10   6     0.00   0.00  -0.09     0.00   0.00   0.06     0.00   0.00   0.02
    11   6     0.00   0.00  -0.16     0.00   0.00  -0.14     0.00   0.00   0.11
    12   6     0.00   0.00   0.07     0.00   0.00   0.04     0.00   0.00   0.16
    13   6     0.00   0.00   0.09     0.00   0.00   0.14     0.00   0.00  -0.09
    14   6     0.00   0.00  -0.11     0.00   0.00  -0.03     0.00   0.00  -0.18
    15   6     0.00   0.00  -0.01     0.00   0.00  -0.16     0.00   0.00  -0.04
    16   6     0.00   0.00   0.04     0.00   0.00   0.01     0.00   0.00   0.17
    17   1     0.00   0.00   0.08     0.00   0.00  -0.05     0.00   0.00   0.35
    18   1     0.00   0.00   0.05     0.00   0.00  -0.35     0.00   0.00  -0.02
    19   1     0.00   0.00  -0.24     0.00   0.00  -0.28     0.00   0.00  -0.21
    20   1     0.00   0.00  -0.26     0.00   0.00   0.19     0.00   0.00  -0.29
    21   1     0.00   0.00   0.31     0.00   0.00   0.15     0.00   0.00   0.31
    22   1     0.00   0.00   0.32     0.00   0.00   0.32     0.00   0.00  -0.13
    23   6     0.00   0.00  -0.07     0.00   0.00   0.04     0.00   0.00   0.16
    24   6     0.00   0.00  -0.09     0.00   0.00   0.14     0.00   0.00  -0.09
    25   6     0.00   0.00   0.11     0.00   0.00  -0.03     0.00   0.00  -0.17
    26   1     0.00   0.00  -0.31     0.00   0.00   0.15     0.00   0.00   0.31
    27   1     0.00   0.00  -0.32     0.00   0.00   0.32     0.00   0.00  -0.13
    28   6     0.00   0.00   0.01     0.00   0.00  -0.16     0.00   0.00  -0.04
    29   6     0.00   0.00  -0.04     0.00   0.00   0.01     0.00   0.00   0.17
    30   6     0.00   0.00  -0.05     0.00   0.00   0.17     0.00   0.00   0.06
    31   1     0.00   0.00  -0.05     0.00   0.00  -0.35     0.00   0.00  -0.02
    32   1     0.00   0.00  -0.08     0.00   0.00  -0.05     0.00   0.00   0.35
    33   6     0.00   0.00   0.05     0.00   0.00  -0.15     0.00   0.00  -0.07
    34   1     0.00   0.00   0.24     0.00   0.00  -0.28     0.00   0.00  -0.21
    35   6     0.00   0.00   0.08     0.00   0.00   0.12     0.00   0.00  -0.12
    36   1     0.00   0.00   0.26     0.00   0.00   0.19     0.00   0.00  -0.29
                    10                     11                     12
                     A                      A                      A
 Frequencies --   393.6611               393.6611               408.1732
 Red. masses --     8.5086                 8.5086                 5.4836
 Frc consts  --     0.7769                 0.7769                 0.5383
 IR Inten    --     0.0000                 0.0000                 3.7025
 Raman Activ --    12.1806                12.1806                 0.0000
 Depolar (P) --     0.7500                 0.7500                 0.7483
 Depolar (U) --     0.8571                 0.8571                 0.8561
  Atom  AN      X      Y      Z        X      Y      Z        X      Y      Z
     1   6     0.04  -0.22   0.00     0.12  -0.03   0.00    -0.04   0.06   0.00
     2   6    -0.03  -0.17   0.00     0.17  -0.07   0.00    -0.11   0.06   0.00
     3   6    -0.01  -0.12   0.00     0.12  -0.06   0.00    -0.02   0.12   0.00
     4   6     0.06  -0.09   0.00     0.09   0.11   0.00     0.02   0.13   0.00
     5   6     0.10  -0.13   0.00     0.13   0.15   0.00     0.09   0.10   0.00
     6   6     0.03  -0.20   0.00     0.11   0.12   0.00    -0.01   0.07   0.00
     7   6    -0.15  -0.03   0.00     0.03  -0.09   0.00     0.01   0.08   0.00
     8   6     0.15   0.03   0.00    -0.03   0.09   0.00     0.01   0.08   0.00
     9   6     0.01   0.12   0.00    -0.12   0.06   0.00    -0.02   0.12   0.00
    10   6    -0.06   0.09   0.00    -0.09  -0.11   0.00     0.02   0.13   0.00
    11   6     0.03   0.17   0.00    -0.17   0.07   0.00    -0.11   0.06   0.00
    12   6     0.05   0.10   0.00    -0.19   0.13   0.00    -0.14  -0.11   0.00
    13   6     0.18   0.04   0.00    -0.14   0.11   0.00    -0.06  -0.17   0.00
    14   6     0.20   0.04   0.00    -0.05   0.15   0.00     0.02  -0.09   0.00
    15   6     0.21   0.03   0.00     0.05   0.13   0.00     0.09  -0.13   0.00
    16   6     0.12  -0.03   0.00     0.13   0.18   0.00     0.15  -0.07   0.00
    17   1     0.02   0.02   0.00     0.15   0.18   0.00     0.26  -0.12   0.00
    18   1     0.21   0.07   0.00     0.06   0.02   0.00     0.10  -0.18   0.00
    19   1     0.07  -0.20   0.00     0.03  -0.09   0.00     0.00   0.09   0.00
    20   1    -0.03  -0.17   0.00     0.03   0.15   0.00    -0.07   0.11   0.00
    21   1    -0.04   0.03   0.00    -0.17   0.15   0.00    -0.24  -0.18   0.00
    22   1     0.18  -0.03   0.00    -0.13   0.02   0.00    -0.05  -0.24   0.00
    23   6    -0.05  -0.10   0.00     0.19  -0.13   0.00    -0.14  -0.11   0.00
    24   6    -0.18  -0.04   0.00     0.14  -0.11   0.00    -0.06  -0.17   0.00
    25   6    -0.20  -0.04   0.00     0.05  -0.15   0.00     0.02  -0.09   0.00
    26   1     0.04  -0.03   0.00     0.17  -0.15   0.00    -0.24  -0.18   0.00
    27   1    -0.18   0.03   0.00     0.13  -0.02   0.00    -0.05  -0.24   0.00
    28   6    -0.21  -0.03   0.00    -0.05  -0.13   0.00     0.09  -0.13   0.00
    29   6    -0.12   0.03   0.00    -0.13  -0.18   0.00     0.15  -0.07   0.00
    30   6    -0.10   0.13   0.00    -0.13  -0.15   0.00     0.09   0.10   0.00
    31   1    -0.21  -0.07   0.00    -0.06  -0.02   0.00     0.10  -0.18   0.00
    32   1    -0.02  -0.02   0.00    -0.15  -0.18   0.00     0.26  -0.12   0.00
    33   6    -0.04   0.22   0.00    -0.12   0.03   0.00    -0.04   0.06   0.00
    34   1    -0.07   0.20   0.00    -0.03   0.09   0.00     0.00   0.09   0.00
    35   6    -0.03   0.20   0.00    -0.11  -0.12   0.00    -0.01   0.07   0.00
    36   1     0.03   0.17   0.00    -0.03  -0.15   0.00    -0.07   0.11   0.00
                    13                     14                     15
                     A                      A                      A
 Frequencies --   408.1732               495.8738               495.8738
 Red. masses --     5.4836                 3.7577                 3.7577
 Frc consts  --     0.5383                 0.5444                 0.5444
 IR Inten    --     3.7025                 0.0000                 0.0000
 Raman Activ --     0.0000                 3.4531                 3.4531
 Depolar (P) --     0.7492                 0.7500                 0.7500
 Depolar (U) --     0.8566                 0.8571                 0.8571
  Atom  AN      X      Y      Z        X      Y      Z        X      Y      Z
     1   6     0.18   0.07   0.00     0.00   0.00  -0.17     0.00   0.00   0.05
     2   6     0.02   0.11   0.00     0.00   0.00  -0.05     0.00   0.00  -0.07
     3   6    -0.10   0.03   0.00     0.00   0.00   0.08     0.00   0.00   0.11
     4   6    -0.09  -0.02   0.00     0.00   0.00  -0.05     0.00   0.00   0.12
     5   6     0.05  -0.09   0.00     0.00   0.00   0.03     0.00   0.00  -0.07
     6   6     0.19  -0.03   0.00     0.00   0.00   0.17     0.00   0.00   0.02
     7   6    -0.13   0.00   0.00     0.00   0.00   0.13     0.00   0.00  -0.01
     8   6    -0.13   0.00   0.00     0.00   0.00  -0.13     0.00   0.00   0.01
     9   6    -0.10   0.03   0.00     0.00   0.00  -0.08     0.00   0.00  -0.11
    10   6    -0.09  -0.02   0.00     0.00   0.00   0.05     0.00   0.00  -0.12
    11   6     0.02   0.11   0.00     0.00   0.00   0.05     0.00   0.00   0.07
    12   6     0.00   0.10   0.00     0.00   0.00  -0.10     0.00   0.00   0.14
    13   6    -0.05   0.09   0.00     0.00   0.00   0.04     0.00   0.00  -0.17
    14   6    -0.13  -0.02   0.00     0.00   0.00   0.08     0.00   0.00  -0.01
    15   6    -0.02  -0.13   0.00     0.00   0.00   0.07     0.00   0.00   0.16
    16   6     0.05  -0.11   0.00     0.00   0.00  -0.13     0.00   0.00  -0.12
    17   1     0.06  -0.12   0.00     0.00   0.00  -0.29     0.00   0.00  -0.20
    18   1    -0.01  -0.24   0.00     0.00   0.00   0.10     0.00   0.00   0.34
    19   1     0.27   0.14   0.00     0.00   0.00  -0.32     0.00   0.00   0.15
    20   1     0.28  -0.07   0.00     0.00   0.00   0.34     0.00   0.00   0.08
    21   1    -0.01   0.09   0.00     0.00   0.00  -0.25     0.00   0.00   0.25
    22   1    -0.06   0.19   0.00     0.00   0.00   0.03     0.00   0.00  -0.35
    23   6     0.00   0.10   0.00     0.00   0.00   0.10     0.00   0.00  -0.14
    24   6    -0.05   0.09   0.00     0.00   0.00  -0.04     0.00   0.00   0.17
    25   6    -0.13  -0.02   0.00     0.00   0.00  -0.08     0.00   0.00   0.01
    26   1    -0.01   0.09   0.00     0.00   0.00   0.25     0.00   0.00  -0.25
    27   1    -0.06   0.19   0.00     0.00   0.00  -0.03     0.00   0.00   0.35
    28   6    -0.02  -0.13   0.00     0.00   0.00  -0.07     0.00   0.00  -0.16
    29   6     0.05  -0.11   0.00     0.00   0.00   0.13     0.00   0.00   0.12
    30   6     0.05  -0.09   0.00     0.00   0.00  -0.03     0.00   0.00   0.07
    31   1    -0.01  -0.24   0.00     0.00   0.00  -0.10     0.00   0.00  -0.34
    32   1     0.06  -0.12   0.00     0.00   0.00   0.29     0.00   0.00   0.20
    33   6     0.18   0.07   0.00     0.00   0.00   0.17     0.00   0.00  -0.05
    34   1     0.27   0.14   0.00     0.00   0.00   0.32     0.00   0.00  -0.15
    35   6     0.19  -0.03   0.00     0.00   0.00  -0.17     0.00   0.00  -0.02
    36   1     0.28  -0.07   0.00     0.00   0.00  -0.34     0.00   0.00  -0.08
                    16                     17                     18
                     A                      A                      A
 Frequencies --   509.6751               510.7858               528.9182
 Red. masses --     8.0193                 7.2429                 4.4824
 Frc consts  --     1.2274                 1.1134                 0.7388
 IR Inten    --     0.0000                 0.0000                 0.0000
 Raman Activ --     0.0000                71.4179                 0.0331
 Depolar (P) --     0.0554                 0.0500                 0.7500
 Depolar (U) --     0.1050                 0.0952                 0.8571
  Atom  AN      X      Y      Z        X      Y      Z        X      Y      Z
     1   6    -0.01   0.21   0.00    -0.03   0.17   0.00    -0.11  -0.12   0.00
     2   6     0.12   0.08   0.00    -0.09   0.13   0.00    -0.02  -0.12   0.00
     3   6     0.01   0.01   0.00    -0.06   0.08   0.00     0.07  -0.04   0.00
     4   6    -0.01   0.01   0.00     0.04   0.09   0.00     0.05   0.10   0.00
     5   6    -0.13   0.06   0.00     0.07   0.15   0.00     0.04   0.14   0.00
     6   6    -0.03   0.20   0.00     0.00   0.17   0.00    -0.12   0.07   0.00
     7   6     0.00  -0.01   0.00    -0.10  -0.01   0.00     0.05  -0.03   0.00
     8   6     0.00  -0.01   0.00     0.10   0.01   0.00    -0.05   0.03   0.00
     9   6     0.01   0.01   0.00     0.06  -0.08   0.00    -0.07   0.04   0.00
    10   6    -0.01   0.01   0.00    -0.04  -0.09   0.00    -0.05  -0.10   0.00
    11   6     0.12   0.08   0.00     0.09  -0.13   0.00     0.02   0.12   0.00
    12   6     0.19  -0.08   0.00     0.15  -0.09   0.00     0.02  -0.02   0.00
    13   6     0.18  -0.10   0.00     0.16  -0.06   0.00     0.04  -0.06   0.00
    14   6     0.01  -0.14   0.00     0.16   0.01   0.00    -0.04  -0.11   0.00
    15   6    -0.16  -0.13   0.00     0.15   0.09   0.00    -0.02  -0.15   0.00
    16   6    -0.18  -0.11   0.00     0.13   0.11   0.00     0.09  -0.05   0.00
    17   1    -0.07  -0.16   0.00     0.16   0.10   0.00     0.26  -0.12   0.00
    18   1    -0.17  -0.01   0.00     0.15   0.12   0.00    -0.02  -0.23   0.00
    19   1    -0.10   0.14   0.00     0.00   0.19   0.00    -0.22  -0.19   0.00
    20   1     0.08   0.16   0.00    -0.03   0.19   0.00    -0.29   0.15   0.00
    21   1     0.10  -0.14   0.00     0.18  -0.07   0.00    -0.07  -0.08   0.00
    22   1     0.17   0.02   0.00     0.17  -0.09   0.00     0.03   0.00   0.00
    23   6     0.19  -0.08   0.00    -0.15   0.09   0.00    -0.02   0.02   0.00
    24   6     0.18  -0.10   0.00    -0.16   0.06   0.00    -0.04   0.06   0.00
    25   6     0.01  -0.14   0.00    -0.16  -0.01   0.00     0.04   0.11   0.00
    26   1     0.10  -0.14   0.00    -0.18   0.07   0.00     0.07   0.08   0.00
    27   1     0.17   0.02   0.00    -0.17   0.09   0.00    -0.03   0.00   0.00
    28   6    -0.16  -0.13   0.00    -0.15  -0.09   0.00     0.02   0.15   0.00
    29   6    -0.18  -0.11   0.00    -0.13  -0.11   0.00    -0.09   0.05   0.00
    30   6    -0.13   0.06   0.00    -0.07  -0.15   0.00    -0.04  -0.14   0.00
    31   1    -0.17  -0.01   0.00    -0.15  -0.12   0.00     0.02   0.23   0.00
    32   1    -0.07  -0.16   0.00    -0.16  -0.10   0.00    -0.26   0.12   0.00
    33   6    -0.01   0.21   0.00     0.03  -0.17   0.00     0.11   0.12   0.00
    34   1    -0.10   0.14   0.00     0.00  -0.19   0.00     0.22   0.19   0.00
    35   6    -0.03   0.20   0.00     0.00  -0.17   0.00     0.12  -0.07   0.00
    36   1     0.08   0.16   0.00     0.03  -0.19   0.00     0.29  -0.15   0.00
                    19                     20                     21
                     A                      A                      A
 Frequencies --   528.9182               566.0152               573.8441
 Red. masses --     4.4824                 8.5043                 3.2511
 Frc consts  --     0.7388                 1.6053                 0.6308
 IR Inten    --     0.0000                 0.0000                 0.0000
 Raman Activ --     0.0331                 0.0000                 0.0000
 Depolar (P) --     0.7500                 0.0238                 0.6089
 Depolar (U) --     0.8571                 0.0464                 0.7569
  Atom  AN      X      Y      Z        X      Y      Z        X      Y      Z
     1   6     0.03   0.00   0.00     0.00   0.00  -0.05     0.00   0.00   0.13
     2   6    -0.12   0.05   0.00     0.00   0.00   0.04     0.00   0.00   0.00
     3   6    -0.03   0.09   0.00     0.00   0.00   0.33     0.00   0.00   0.00
     4   6    -0.03   0.03   0.00     0.00   0.00  -0.33     0.00   0.00   0.00
     5   6     0.11  -0.03   0.00     0.00   0.00  -0.04     0.00   0.00   0.00
     6   6     0.07  -0.07   0.00     0.00   0.00   0.05     0.00   0.00  -0.13
     7   6     0.11   0.02   0.00     0.00   0.00  -0.33     0.00   0.00   0.00
     8   6    -0.11  -0.02   0.00     0.00   0.00   0.33     0.00   0.00   0.00
     9   6     0.03  -0.09   0.00     0.00   0.00  -0.33     0.00   0.00   0.00
    10   6     0.03  -0.03   0.00     0.00   0.00   0.33     0.00   0.00   0.00
    11   6     0.12  -0.05   0.00     0.00   0.00  -0.04     0.00   0.00   0.00
    12   6     0.15   0.07   0.00     0.00   0.00   0.05     0.00   0.00  -0.13
    13   6    -0.03   0.15   0.00     0.00   0.00  -0.05     0.00   0.00   0.13
    14   6    -0.14   0.03   0.00     0.00   0.00   0.04     0.00   0.00   0.00
    15   6     0.02  -0.07   0.00     0.00   0.00  -0.05     0.00   0.00  -0.13
    16   6     0.13  -0.02   0.00     0.00   0.00   0.05     0.00   0.00   0.13
    17   1     0.17  -0.04   0.00     0.00   0.00   0.16     0.00   0.00   0.26
    18   1     0.03  -0.25   0.00     0.00   0.00  -0.16     0.00   0.00  -0.26
    19   1     0.15   0.08   0.00     0.00   0.00  -0.16     0.00   0.00   0.26
    20   1     0.05  -0.06   0.00     0.00   0.00   0.16     0.00   0.00  -0.26
    21   1     0.28   0.16   0.00     0.00   0.00   0.16     0.00   0.00  -0.26
    22   1    -0.05   0.33   0.00     0.00   0.00  -0.16     0.00   0.00   0.26
    23   6    -0.15  -0.07   0.00     0.00   0.00  -0.05     0.00   0.00  -0.13
    24   6     0.03  -0.15   0.00     0.00   0.00   0.05     0.00   0.00   0.13
    25   6     0.14  -0.03   0.00     0.00   0.00  -0.04     0.00   0.00   0.00
    26   1    -0.28  -0.16   0.00     0.00   0.00  -0.16     0.00   0.00  -0.26
    27   1     0.05  -0.33   0.00     0.00   0.00   0.16     0.00   0.00   0.26
    28   6    -0.02   0.07   0.00     0.00   0.00   0.05     0.00   0.00  -0.13
    29   6    -0.13   0.02   0.00     0.00   0.00  -0.05     0.00   0.00   0.13
    30   6    -0.11   0.03   0.00     0.00   0.00   0.04     0.00   0.00   0.00
    31   1    -0.03   0.25   0.00     0.00   0.00   0.16     0.00   0.00  -0.26
    32   1    -0.17   0.04   0.00     0.00   0.00  -0.16     0.00   0.00   0.26
    33   6    -0.03   0.00   0.00     0.00   0.00   0.05     0.00   0.00   0.13
    34   1    -0.15  -0.08   0.00     0.00   0.00   0.16     0.00   0.00   0.26
    35   6    -0.07   0.07   0.00     0.00   0.00  -0.05     0.00   0.00  -0.13
    36   1    -0.05   0.06   0.00     0.00   0.00  -0.16     0.00   0.00  -0.26
                    22                     23                     24
                     A                      A                      A
 Frequencies --   596.2466               596.2466               608.3968
 Red. masses --     4.6476                 4.6476                 4.5447
 Frc consts  --     0.9735                 0.9735                 0.9911
 IR Inten    --     0.0000                 0.0000                 0.0000
 Raman Activ --     0.0000                 0.0000                 0.0000
 Depolar (P) --     0.0656                 0.0714                 0.6908
 Depolar (U) --     0.1231                 0.1334                 0.8171
  Atom  AN      X      Y      Z        X      Y      Z        X      Y      Z
     1   6     0.00   0.00   0.01     0.00   0.00   0.12     0.00   0.11   0.00
     2   6     0.00   0.00  -0.08     0.00   0.00  -0.10    -0.09   0.12   0.00
     3   6     0.00   0.00  -0.15     0.00   0.00  -0.21    -0.05   0.07   0.00
     4   6     0.00   0.00  -0.11     0.00   0.00   0.23    -0.04  -0.07   0.00
     5   6     0.00   0.00  -0.05     0.00   0.00   0.12    -0.06  -0.14   0.00
     6   6     0.00   0.00  -0.02     0.00   0.00  -0.12     0.01  -0.11   0.00
     7   6     0.00   0.00   0.25     0.00   0.00  -0.03     0.08   0.01   0.00
     8   6     0.00   0.00   0.25     0.00   0.00  -0.03     0.08   0.01   0.00
     9   6     0.00   0.00  -0.15     0.00   0.00  -0.21    -0.05   0.07   0.00
    10   6     0.00   0.00  -0.11     0.00   0.00   0.23    -0.04  -0.07   0.00
    11   6     0.00   0.00  -0.08     0.00   0.00  -0.10    -0.09   0.12   0.00
    12   6     0.00   0.00   0.11     0.00   0.00   0.04    -0.10   0.04   0.00
    13   6     0.00   0.00  -0.11     0.00   0.00  -0.05     0.10  -0.05   0.00
    14   6     0.00   0.00   0.13     0.00   0.00  -0.01     0.15   0.01   0.00
    15   6     0.00   0.00  -0.09     0.00   0.00   0.07     0.09   0.07   0.00
    16   6     0.00   0.00   0.10     0.00   0.00  -0.06    -0.09  -0.06   0.00
    17   1     0.00   0.00   0.14     0.00   0.00  -0.30    -0.24   0.01   0.00
    18   1     0.00   0.00  -0.33     0.00   0.00   0.04     0.07   0.23   0.00
    19   1     0.00   0.00   0.19     0.00   0.00   0.28     0.13   0.20   0.00
    20   1     0.00   0.00   0.13     0.00   0.00  -0.31     0.16  -0.18   0.00
    21   1     0.00   0.00   0.20     0.00   0.00   0.27    -0.23  -0.05   0.00
    22   1     0.00   0.00  -0.33     0.00   0.00   0.03     0.11  -0.21   0.00
    23   6     0.00   0.00   0.11     0.00   0.00   0.04    -0.10   0.04   0.00
    24   6     0.00   0.00  -0.11     0.00   0.00  -0.05     0.10  -0.05   0.00
    25   6     0.00   0.00   0.13     0.00   0.00  -0.01     0.15   0.01   0.00
    26   1     0.00   0.00   0.20     0.00   0.00   0.27    -0.23  -0.05   0.00
    27   1     0.00   0.00  -0.33     0.00   0.00   0.03     0.11  -0.21   0.00
    28   6     0.00   0.00  -0.09     0.00   0.00   0.07     0.09   0.07   0.00
    29   6     0.00   0.00   0.10     0.00   0.00  -0.06    -0.09  -0.06   0.00
    30   6     0.00   0.00  -0.05     0.00   0.00   0.12    -0.06  -0.14   0.00
    31   1     0.00   0.00  -0.33     0.00   0.00   0.04     0.07   0.23   0.00
    32   1     0.00   0.00   0.14     0.00   0.00  -0.30    -0.24   0.01   0.00
    33   6     0.00   0.00   0.01     0.00   0.00   0.12     0.00   0.11   0.00
    34   1     0.00   0.00   0.19     0.00   0.00   0.28     0.13   0.20   0.00
    35   6     0.00   0.00  -0.02     0.00   0.00  -0.12     0.01  -0.11   0.00
    36   1     0.00   0.00   0.13     0.00   0.00  -0.31     0.16  -0.18   0.00
                    25                     26                     27
                     A                      A                      A
 Frequencies --   608.7521               688.7307               719.3306
 Red. masses --     3.2431                 9.3682                 4.9934
 Frc consts  --     0.7081                 2.6182                 1.5223
 IR Inten    --    56.9484                 0.0000                 0.0000
 Raman Activ --     0.0000                 0.0000                 0.0000
 Depolar (P) --     0.6338                 0.7051                 0.7321
 Depolar (U) --     0.7758                 0.8270                 0.8453
  Atom  AN      X      Y      Z        X      Y      Z        X      Y      Z
     1   6     0.00   0.00  -0.01    -0.11   0.09   0.00    -0.17   0.01   0.00
     2   6     0.00   0.00   0.16     0.06   0.04   0.00    -0.01   0.01   0.00
     3   6     0.00   0.00  -0.09     0.23   0.16   0.00     0.00   0.01   0.00
     4   6     0.00   0.00  -0.09     0.26  -0.12   0.00     0.00  -0.01   0.00
     5   6     0.00   0.00   0.16     0.07  -0.03   0.00    -0.01  -0.01   0.00
     6   6     0.00   0.00  -0.01    -0.09  -0.11   0.00    -0.17  -0.04   0.00
     7   6     0.00   0.00  -0.09    -0.02   0.28   0.00     0.01   0.00   0.00
     8   6     0.00   0.00  -0.09     0.02  -0.28   0.00     0.01   0.00   0.00
     9   6     0.00   0.00  -0.09    -0.23  -0.16   0.00     0.00   0.01   0.00
    10   6     0.00   0.00  -0.09    -0.26   0.12   0.00     0.00  -0.01   0.00
    11   6     0.00   0.00   0.16    -0.06  -0.04   0.00    -0.01   0.01   0.00
    12   6     0.00   0.00  -0.01    -0.05   0.14   0.00     0.05   0.17   0.00
    13   6     0.00   0.00  -0.01     0.13   0.05   0.00     0.09   0.15   0.00
    14   6     0.00   0.00   0.16     0.01  -0.08   0.00     0.01   0.00   0.00
    15   6     0.00   0.00  -0.01    -0.14   0.03   0.00     0.12  -0.13   0.00
    16   6     0.00   0.00  -0.01     0.02   0.14   0.00     0.08  -0.15   0.00
    17   1     0.00   0.00  -0.26     0.09   0.11   0.00     0.14  -0.18   0.00
    18   1     0.00   0.00  -0.26    -0.14  -0.04   0.00     0.12  -0.20   0.00
    19   1     0.00   0.00  -0.26    -0.06   0.13   0.00    -0.23  -0.03   0.00
    20   1     0.00   0.00  -0.26    -0.03  -0.14   0.00    -0.23  -0.01   0.00
    21   1     0.00   0.00  -0.26    -0.10   0.10   0.00     0.11   0.20   0.00
    22   1     0.00   0.00  -0.26     0.14  -0.02   0.00     0.09   0.21   0.00
    23   6     0.00   0.00  -0.01     0.05  -0.14   0.00     0.05   0.17   0.00
    24   6     0.00   0.00  -0.01    -0.13  -0.05   0.00     0.09   0.15   0.00
    25   6     0.00   0.00   0.16    -0.01   0.08   0.00     0.01   0.00   0.00
    26   1     0.00   0.00  -0.26     0.10  -0.10   0.00     0.11   0.20   0.00
    27   1     0.00   0.00  -0.26    -0.14   0.02   0.00     0.09   0.21   0.00
    28   6     0.00   0.00  -0.01     0.14  -0.03   0.00     0.12  -0.13   0.00
    29   6     0.00   0.00  -0.01    -0.02  -0.14   0.00     0.08  -0.15   0.00
    30   6     0.00   0.00   0.16    -0.07   0.03   0.00    -0.01  -0.01   0.00
    31   1     0.00   0.00  -0.26     0.14   0.04   0.00     0.12  -0.20   0.00
    32   1     0.00   0.00  -0.26    -0.09  -0.11   0.00     0.14  -0.18   0.00
    33   6     0.00   0.00  -0.01     0.11  -0.09   0.00    -0.17   0.01   0.00
    34   1     0.00   0.00  -0.26     0.06  -0.13   0.00    -0.23  -0.03   0.00
    35   6     0.00   0.00  -0.01     0.09   0.11   0.00    -0.17  -0.04   0.00
    36   1     0.00   0.00  -0.26     0.03   0.14   0.00    -0.23  -0.01   0.00
                    28                     29                     30
                     A                      A                      A
 Frequencies --   725.6538               725.6538               729.0866
 Red. masses --     3.3612                 3.3612                 6.8300
 Frc consts  --     1.0428                 1.0428                 2.1391
 IR Inten    --     0.0000                 0.0000                 0.0000
 Raman Activ --     0.0558                 0.0558                 0.7418
 Depolar (P) --     0.7500                 0.7500                 0.7500
 Depolar (U) --     0.8571                 0.8571                 0.8571
  Atom  AN      X      Y      Z        X      Y      Z        X      Y      Z
     1   6     0.00   0.00   0.04     0.00   0.00   0.08     0.19  -0.02   0.00
     2   6     0.00   0.00   0.12     0.00   0.00  -0.14     0.03  -0.06   0.00
     3   6     0.00   0.00  -0.10     0.00   0.00   0.12     0.03  -0.04   0.00
     4   6     0.00   0.00  -0.15     0.00   0.00  -0.03     0.02   0.03   0.00
     5   6     0.00   0.00   0.18     0.00   0.00   0.03    -0.03   0.06   0.00
     6   6     0.00   0.00  -0.02     0.00   0.00  -0.09     0.18   0.17   0.00
     7   6     0.00   0.00   0.05     0.00   0.00   0.14    -0.02  -0.01   0.00
     8   6     0.00   0.00  -0.05     0.00   0.00  -0.14     0.02   0.01   0.00
     9   6     0.00   0.00   0.10     0.00   0.00  -0.12    -0.03   0.04   0.00
    10   6     0.00   0.00   0.15     0.00   0.00   0.03    -0.02  -0.03   0.00
    11   6     0.00   0.00  -0.12     0.00   0.00   0.14    -0.03   0.06   0.00
    12   6     0.00   0.00   0.08     0.00   0.00   0.03     0.10   0.12   0.00
    13   6     0.00   0.00  -0.09     0.00   0.00   0.00     0.24   0.07   0.00
    14   6     0.00   0.00   0.06     0.00   0.00   0.17     0.03  -0.06   0.00
    15   6     0.00   0.00   0.07     0.00   0.00  -0.06    -0.18  -0.07   0.00
    16   6     0.00   0.00  -0.05     0.00   0.00   0.08    -0.14  -0.07   0.00
    17   1     0.00   0.00  -0.36     0.00   0.00  -0.06    -0.05  -0.11   0.00
    18   1     0.00   0.00  -0.12     0.00   0.00  -0.34    -0.19   0.03   0.00
    19   1     0.00   0.00  -0.23     0.00   0.00   0.28     0.16  -0.03   0.00
    20   1     0.00   0.00  -0.36     0.00   0.00  -0.07     0.22   0.15   0.00
    21   1     0.00   0.00   0.24     0.00   0.00  -0.27     0.05   0.08   0.00
    22   1     0.00   0.00  -0.12     0.00   0.00  -0.34     0.24   0.14   0.00
    23   6     0.00   0.00  -0.08     0.00   0.00  -0.03    -0.10  -0.12   0.00
    24   6     0.00   0.00   0.09     0.00   0.00   0.00    -0.24  -0.07   0.00
    25   6     0.00   0.00  -0.06     0.00   0.00  -0.17    -0.03   0.06   0.00
    26   1     0.00   0.00  -0.24     0.00   0.00   0.27    -0.05  -0.08   0.00
    27   1     0.00   0.00   0.12     0.00   0.00   0.34    -0.24  -0.14   0.00
    28   6     0.00   0.00  -0.07     0.00   0.00   0.06     0.18   0.07   0.00
    29   6     0.00   0.00   0.05     0.00   0.00  -0.08     0.14   0.07   0.00
    30   6     0.00   0.00  -0.18     0.00   0.00  -0.03     0.03  -0.06   0.00
    31   1     0.00   0.00   0.12     0.00   0.00   0.34     0.19  -0.03   0.00
    32   1     0.00   0.00   0.36     0.00   0.00   0.06     0.05   0.11   0.00
    33   6     0.00   0.00  -0.04     0.00   0.00  -0.08    -0.19   0.02   0.00
    34   1     0.00   0.00   0.23     0.00   0.00  -0.28    -0.16   0.03   0.00
    35   6     0.00   0.00   0.02     0.00   0.00   0.09    -0.18  -0.17   0.00
    36   1     0.00   0.00   0.36     0.00   0.00   0.07    -0.22  -0.15   0.00
                    31                     32                     33
                     A                      A                      A
 Frequencies --   729.0867               785.3631               822.6031
 Red. masses --     6.8300                 5.1396                 3.4706
 Frc consts  --     2.1391                 1.8678                 1.3837
 IR Inten    --     0.0000                 0.0000                 0.0000
 Raman Activ --     0.7418                 0.0000                 0.0000
 Depolar (P) --     0.7500                 0.0406                 0.0947
 Depolar (U) --     0.8571                 0.0780                 0.1731
  Atom  AN      X      Y      Z        X      Y      Z        X      Y      Z
     1   6     0.10  -0.19   0.00     0.00   0.00   0.08     0.00   0.00   0.06
     2   6    -0.06  -0.03   0.00     0.00   0.00  -0.21     0.00   0.00  -0.14
     3   6     0.01   0.01   0.00     0.00   0.00   0.07     0.00   0.00   0.19
     4   6     0.01   0.04   0.00     0.00   0.00  -0.07     0.00   0.00  -0.16
     5   6     0.06   0.03   0.00     0.00   0.00   0.21     0.00   0.00   0.12
     6   6     0.07  -0.12   0.00     0.00   0.00  -0.08     0.00   0.00  -0.07
     7   6     0.05   0.00   0.00     0.00   0.00  -0.07     0.00   0.00  -0.03
     8   6    -0.05   0.00   0.00     0.00   0.00   0.07     0.00   0.00  -0.03
     9   6    -0.01  -0.01   0.00     0.00   0.00  -0.07     0.00   0.00   0.19
    10   6    -0.01  -0.04   0.00     0.00   0.00   0.07     0.00   0.00  -0.16
    11   6     0.06   0.03   0.00     0.00   0.00   0.21     0.00   0.00  -0.14
    12   6     0.12  -0.21   0.00     0.00   0.00  -0.08     0.00   0.00   0.01
    13   6     0.01  -0.14   0.00     0.00   0.00   0.08     0.00   0.00  -0.07
    14   6    -0.06  -0.03   0.00     0.00   0.00  -0.21     0.00   0.00   0.02
    15   6    -0.17   0.13   0.00     0.00   0.00   0.08     0.00   0.00   0.06
    16   6    -0.01   0.24   0.00     0.00   0.00  -0.08     0.00   0.00   0.01
    17   1    -0.03   0.25   0.00     0.00   0.00  -0.23     0.00   0.00  -0.36
    18   1    -0.17   0.11   0.00     0.00   0.00   0.23     0.00   0.00  -0.27
    19   1     0.18  -0.14   0.00     0.00   0.00   0.23     0.00   0.00   0.18
    20   1    -0.02  -0.09   0.00     0.00   0.00  -0.23     0.00   0.00  -0.07
    21   1     0.05  -0.26   0.00     0.00   0.00  -0.23     0.00   0.00   0.34
    22   1     0.01  -0.06   0.00     0.00   0.00   0.23     0.00   0.00   0.18
    23   6    -0.12   0.21   0.00     0.00   0.00   0.08     0.00   0.00   0.01
    24   6    -0.01   0.14   0.00     0.00   0.00  -0.08     0.00   0.00  -0.07
    25   6     0.06   0.03   0.00     0.00   0.00   0.21     0.00   0.00   0.02
    26   1    -0.05   0.26   0.00     0.00   0.00   0.23     0.00   0.00   0.34
    27   1    -0.01   0.06   0.00     0.00   0.00  -0.23     0.00   0.00   0.18
    28   6     0.17  -0.13   0.00     0.00   0.00  -0.08     0.00   0.00   0.06
    29   6     0.01  -0.24   0.00     0.00   0.00   0.08     0.00   0.00   0.01
    30   6    -0.06  -0.03   0.00     0.00   0.00  -0.21     0.00   0.00   0.12
    31   1     0.17  -0.11   0.00     0.00   0.00  -0.23     0.00   0.00  -0.27
    32   1     0.03  -0.25   0.00     0.00   0.00   0.23     0.00   0.00  -0.36
    33   6    -0.10   0.19   0.00     0.00   0.00  -0.08     0.00   0.00   0.06
    34   1    -0.18   0.14   0.00     0.00   0.00  -0.23     0.00   0.00   0.18
    35   6    -0.07   0.12   0.00     0.00   0.00   0.08     0.00   0.00  -0.07
    36   1     0.02   0.09   0.00     0.00   0.00   0.23     0.00   0.00  -0.07
                    34                     35                     36
                     A                      A                      A
 Frequencies --   822.6031               839.5864               839.5864
 Red. masses --     3.4706                 5.7735                 5.7735
 Frc consts  --     1.3837                 2.3978                 2.3978
 IR Inten    --     0.0000                12.6873                12.6873
 Raman Activ --     0.0000                 0.0000                 0.0000
 Depolar (P) --     0.0836                 0.7129                 0.7451
 Depolar (U) --     0.1543                 0.8324                 0.8539
  Atom  AN      X      Y      Z        X      Y      Z        X      Y      Z
     1   6     0.00   0.00   0.05    -0.11   0.15   0.00    -0.05   0.14   0.00
     2   6     0.00   0.00   0.06     0.02   0.11   0.00     0.11  -0.01   0.00
     3   6     0.00   0.00  -0.07     0.02   0.05   0.00     0.06   0.01   0.00
     4   6     0.00   0.00  -0.12     0.06  -0.04   0.00    -0.03  -0.03   0.00
     5   6     0.00   0.00   0.10     0.09  -0.07   0.00    -0.06  -0.08   0.00
     6   6     0.00   0.00   0.03    -0.09  -0.22   0.00    -0.03   0.01   0.00
     7   6     0.00   0.00   0.20    -0.03  -0.03   0.00    -0.02   0.07   0.00
     8   6     0.00   0.00   0.20    -0.03  -0.03   0.00    -0.02   0.07   0.00
     9   6     0.00   0.00  -0.07     0.02   0.05   0.00     0.06   0.01   0.00
    10   6     0.00   0.00  -0.12     0.06  -0.04   0.00    -0.03  -0.03   0.00
    11   6     0.00   0.00   0.06     0.02   0.11   0.00     0.11  -0.01   0.00
    12   6     0.00   0.00  -0.07     0.09  -0.08   0.00     0.12  -0.17   0.00
    13   6     0.00   0.00   0.03     0.03  -0.03   0.00    -0.24  -0.01   0.00
    14   6     0.00   0.00  -0.15    -0.09  -0.04   0.00    -0.04   0.10   0.00
    15   6     0.00   0.00   0.05    -0.12   0.01   0.00     0.20   0.05   0.00
    16   6     0.00   0.00  -0.07     0.12   0.19   0.00    -0.02  -0.09   0.00
    17   1     0.00   0.00   0.01     0.17   0.16   0.00    -0.20  -0.01   0.00
    18   1     0.00   0.00   0.24    -0.10  -0.19   0.00     0.20   0.08   0.00
    19   1     0.00   0.00  -0.31     0.05   0.27   0.00    -0.09   0.11   0.00
    20   1     0.00   0.00  -0.35     0.03  -0.28   0.00     0.12  -0.06   0.00
    21   1     0.00   0.00   0.11     0.03  -0.12   0.00     0.27  -0.06   0.00
    22   1     0.00   0.00   0.31     0.02   0.11   0.00    -0.25   0.14   0.00
    23   6     0.00   0.00  -0.07     0.09  -0.08   0.00     0.12  -0.17   0.00
    24   6     0.00   0.00   0.03     0.03  -0.03   0.00    -0.24  -0.01   0.00
    25   6     0.00   0.00  -0.15    -0.09  -0.04   0.00    -0.04   0.10   0.00
    26   1     0.00   0.00   0.11     0.03  -0.12   0.00     0.27  -0.06   0.00
    27   1     0.00   0.00   0.31     0.02   0.11   0.00    -0.25   0.14   0.00
    28   6     0.00   0.00   0.05    -0.12   0.01   0.00     0.20   0.05   0.00
    29   6     0.00   0.00  -0.07     0.12   0.19   0.00    -0.02  -0.09   0.00
    30   6     0.00   0.00   0.10     0.09  -0.07   0.00    -0.06  -0.08   0.00
    31   1     0.00   0.00   0.24    -0.10  -0.19   0.00     0.20   0.08   0.00
    32   1     0.00   0.00   0.01     0.17   0.16   0.00    -0.20  -0.01   0.00
    33   6     0.00   0.00   0.05    -0.11   0.15   0.00    -0.05   0.14   0.00
    34   1     0.00   0.00  -0.31     0.05   0.27   0.00    -0.09   0.11   0.00
    35   6     0.00   0.00   0.03    -0.09  -0.22   0.00    -0.03   0.01   0.00
    36   1     0.00   0.00  -0.35     0.03  -0.28   0.00     0.12  -0.06   0.00
                    37                     38                     39
                     A                      A                      A
 Frequencies --   856.6930               879.3132               879.3133
 Red. masses --     1.2107                 7.7699                 7.7699
 Frc consts  --     0.5235                 3.5396                 3.5396
 IR Inten    --     0.0000                 0.0041                 0.0041
 Raman Activ --     0.0000                 0.0000                 0.0000
 Depolar (P) --     0.0994                 0.6790                 0.6379
 Depolar (U) --     0.1808                 0.8088                 0.7790
  Atom  AN      X      Y      Z        X      Y      Z        X      Y      Z
     1   6     0.00   0.00   0.04     0.05  -0.20   0.00    -0.01   0.08   0.00
     2   6     0.00   0.00   0.00     0.01   0.00   0.00     0.00   0.01   0.00
     3   6     0.00   0.00   0.00     0.06   0.21   0.00     0.23   0.02   0.00
     4   6     0.00   0.00   0.00    -0.01   0.19   0.00     0.26  -0.05   0.00
     5   6     0.00   0.00   0.00    -0.01  -0.01   0.00     0.01  -0.01   0.00
     6   6     0.00   0.00   0.04    -0.01  -0.22   0.00     0.01  -0.01   0.00
     7   6     0.00   0.00   0.00     0.01   0.27   0.00     0.18  -0.03   0.00
     8   6     0.00   0.00   0.00     0.01   0.27   0.00     0.18  -0.03   0.00
     9   6     0.00   0.00   0.00     0.06   0.21   0.00     0.23   0.02   0.00
    10   6     0.00   0.00   0.00    -0.01   0.19   0.00     0.26  -0.05   0.00
    11   6     0.00   0.00   0.00     0.01   0.00   0.00     0.00   0.01   0.00
    12   6     0.00   0.00   0.04     0.10  -0.06   0.00    -0.16   0.10   0.00
    13   6     0.00   0.00   0.04     0.03   0.00   0.00    -0.21   0.07   0.00
    14   6     0.00   0.00   0.00     0.00   0.01   0.00    -0.01   0.00   0.00
    15   6     0.00   0.00  -0.04    -0.10  -0.04   0.00    -0.17  -0.09   0.00
    16   6     0.00   0.00  -0.04    -0.13  -0.12   0.00    -0.10  -0.10   0.00
    17   1     0.00   0.00   0.29    -0.14  -0.12   0.00     0.04  -0.17   0.00
    18   1     0.00   0.00   0.29    -0.11   0.11   0.00    -0.19  -0.07   0.00
    19   1     0.00   0.00  -0.29     0.17  -0.13   0.00     0.05   0.13   0.00
    20   1     0.00   0.00  -0.29    -0.11  -0.19   0.00     0.12  -0.06   0.00
    21   1     0.00   0.00  -0.29     0.15  -0.03   0.00    -0.04   0.20   0.00
    22   1     0.00   0.00  -0.29     0.02   0.13   0.00    -0.21  -0.01   0.00
    23   6     0.00   0.00  -0.04     0.10  -0.06   0.00    -0.16   0.10   0.00
    24   6     0.00   0.00  -0.04     0.03   0.00   0.00    -0.21   0.07   0.00
    25   6     0.00   0.00   0.00     0.00   0.01   0.00    -0.01   0.00   0.00
    26   1     0.00   0.00   0.29     0.15  -0.03   0.00    -0.04   0.20   0.00
    27   1     0.00   0.00   0.29     0.02   0.13   0.00    -0.21  -0.01   0.00
    28   6     0.00   0.00   0.04    -0.10  -0.04   0.00    -0.17  -0.09   0.00
    29   6     0.00   0.00   0.04    -0.13  -0.12   0.00    -0.10  -0.10   0.00
    30   6     0.00   0.00   0.00    -0.01  -0.01   0.00     0.01  -0.01   0.00
    31   1     0.00   0.00  -0.29    -0.11   0.11   0.00    -0.19  -0.07   0.00
    32   1     0.00   0.00  -0.29    -0.14  -0.12   0.00     0.04  -0.17   0.00
    33   6     0.00   0.00  -0.04     0.05  -0.20   0.00    -0.01   0.08   0.00
    34   1     0.00   0.00   0.29     0.17  -0.13   0.00     0.05   0.13   0.00
    35   6     0.00   0.00  -0.04    -0.01  -0.22   0.00     0.01  -0.01   0.00
    36   1     0.00   0.00   0.29    -0.11  -0.19   0.00     0.12  -0.06   0.00
                    40                     41                     42
                     A                      A                      A
 Frequencies --   898.4108               898.4108               944.8583
 Red. masses --     1.5998                 1.5998                 1.5996
 Frc consts  --     0.7608                 0.7608                 0.8414
 IR Inten    --     0.0000                 0.0000                 0.0000
 Raman Activ --     0.0000                 0.0000                 0.0017
 Depolar (P) --     0.0652                 0.0848                 0.7500
 Depolar (U) --     0.1225                 0.1564                 0.8571
  Atom  AN      X      Y      Z        X      Y      Z        X      Y      Z
     1   6     0.00   0.00  -0.05     0.00   0.00  -0.04     0.00   0.00   0.04
     2   6     0.00   0.00   0.09     0.00   0.00   0.00     0.00   0.00  -0.01
     3   6     0.00   0.00  -0.04     0.00   0.00   0.00     0.00   0.00   0.00
     4   6     0.00   0.00   0.02     0.00   0.00  -0.03     0.00   0.00   0.02
     5   6     0.00   0.00  -0.05     0.00   0.00   0.08     0.00   0.00  -0.08
     6   6     0.00   0.00  -0.01     0.00   0.00  -0.06     0.00   0.00   0.05
     7   6     0.00   0.00   0.02     0.00   0.00   0.03     0.00   0.00  -0.01
     8   6     0.00   0.00   0.02     0.00   0.00   0.03     0.00   0.00   0.01
     9   6     0.00   0.00  -0.04     0.00   0.00   0.00     0.00   0.00   0.00
    10   6     0.00   0.00   0.02     0.00   0.00  -0.03     0.00   0.00  -0.02
    11   6     0.00   0.00   0.09     0.00   0.00   0.00     0.00   0.00   0.01
    12   6     0.00   0.00  -0.05     0.00   0.00   0.04     0.00   0.00   0.02
    13   6     0.00   0.00  -0.01     0.00   0.00   0.06     0.00   0.00   0.03
    14   6     0.00   0.00  -0.05     0.00   0.00  -0.08     0.00   0.00  -0.07
    15   6     0.00   0.00   0.06     0.00   0.00   0.02     0.00   0.00   0.07
    16   6     0.00   0.00   0.06     0.00   0.00  -0.02     0.00   0.00   0.07
    17   1     0.00   0.00  -0.38     0.00   0.00  -0.10     0.00   0.00  -0.38
    18   1     0.00   0.00  -0.39     0.00   0.00   0.09     0.00   0.00  -0.40
    19   1     0.00   0.00   0.11     0.00   0.00   0.38     0.00   0.00  -0.30
    20   1     0.00   0.00   0.27     0.00   0.00   0.29     0.00   0.00  -0.17
    21   1     0.00   0.00   0.11     0.00   0.00  -0.38     0.00   0.00  -0.22
    22   1     0.00   0.00   0.28     0.00   0.00  -0.28     0.00   0.00  -0.08
    23   6     0.00   0.00  -0.05     0.00   0.00   0.04     0.00   0.00  -0.02
    24   6     0.00   0.00  -0.01     0.00   0.00   0.06     0.00   0.00  -0.03
    25   6     0.00   0.00  -0.05     0.00   0.00  -0.08     0.00   0.00   0.07
    26   1     0.00   0.00   0.11     0.00   0.00  -0.38     0.00   0.00   0.22
    27   1     0.00   0.00   0.28     0.00   0.00  -0.28     0.00   0.00   0.08
    28   6     0.00   0.00   0.06     0.00   0.00   0.02     0.00   0.00  -0.07
    29   6     0.00   0.00   0.06     0.00   0.00  -0.02     0.00   0.00  -0.07
    30   6     0.00   0.00  -0.05     0.00   0.00   0.08     0.00   0.00   0.08
    31   1     0.00   0.00  -0.39     0.00   0.00   0.09     0.00   0.00   0.40
    32   1     0.00   0.00  -0.38     0.00   0.00  -0.10     0.00   0.00   0.38
    33   6     0.00   0.00  -0.05     0.00   0.00  -0.04     0.00   0.00  -0.04
    34   1     0.00   0.00   0.11     0.00   0.00   0.38     0.00   0.00   0.30
    35   6     0.00   0.00  -0.01     0.00   0.00  -0.06     0.00   0.00  -0.05
    36   1     0.00   0.00   0.27     0.00   0.00   0.29     0.00   0.00   0.17
                    43                     44                     45
                     A                      A                      A
 Frequencies --   944.8583               966.5304              1012.7717
 Red. masses --     1.5996                 1.6270                 4.8193
 Frc consts  --     0.8414                 0.8955                 2.9124
 IR Inten    --     0.0000               226.0316                 0.0000
 Raman Activ --     0.0017                 0.0000                 0.0000
 Depolar (P) --     0.7500                 0.2437                 0.7375
 Depolar (U) --     0.8571                 0.3919                 0.8489
  Atom  AN      X      Y      Z        X      Y      Z        X      Y      Z
     1   6     0.00   0.00  -0.06     0.00   0.00   0.05     0.04  -0.13   0.00
     2   6     0.00   0.00   0.09     0.00   0.00  -0.06    -0.03  -0.02   0.00
     3   6     0.00   0.00  -0.02     0.00   0.00   0.01     0.11   0.08   0.00
     4   6     0.00   0.00  -0.01     0.00   0.00   0.01     0.13  -0.06   0.00
     5   6     0.00   0.00   0.04     0.00   0.00  -0.06    -0.04   0.02   0.00
     6   6     0.00   0.00  -0.05     0.00   0.00   0.05     0.02   0.13   0.00
     7   6     0.00   0.00  -0.01     0.00   0.00   0.01    -0.01   0.14   0.00
     8   6     0.00   0.00   0.01     0.00   0.00   0.01     0.01  -0.14   0.00
     9   6     0.00   0.00   0.02     0.00   0.00   0.01    -0.11  -0.08   0.00
    10   6     0.00   0.00   0.01     0.00   0.00   0.01    -0.13   0.06   0.00
    11   6     0.00   0.00  -0.09     0.00   0.00  -0.06     0.03   0.02   0.00
    12   6     0.00   0.00   0.07     0.00   0.00   0.05     0.11  -0.08   0.00
    13   6     0.00   0.00   0.06     0.00   0.00   0.05    -0.13   0.03   0.00
    14   6     0.00   0.00  -0.05     0.00   0.00  -0.06     0.00   0.04   0.00
    15   6     0.00   0.00   0.01     0.00   0.00   0.05     0.13   0.05   0.00
    16   6     0.00   0.00   0.00     0.00   0.00   0.05    -0.09  -0.10   0.00
    17   1     0.00   0.00  -0.13     0.00   0.00  -0.28    -0.23  -0.04   0.00
    18   1     0.00   0.00   0.03     0.00   0.00  -0.28     0.11   0.20   0.00
    19   1     0.00   0.00   0.26     0.00   0.00  -0.28    -0.08  -0.22   0.00
    20   1     0.00   0.00   0.36     0.00   0.00  -0.28    -0.12   0.20   0.00
    21   1     0.00   0.00  -0.33     0.00   0.00  -0.28     0.23   0.00   0.00
    22   1     0.00   0.00  -0.39     0.00   0.00  -0.28    -0.15   0.18   0.00
    23   6     0.00   0.00  -0.07     0.00   0.00   0.05    -0.11   0.08   0.00
    24   6     0.00   0.00  -0.06     0.00   0.00   0.05     0.13  -0.03   0.00
    25   6     0.00   0.00   0.05     0.00   0.00  -0.06     0.00  -0.04   0.00
    26   1     0.00   0.00   0.33     0.00   0.00  -0.28    -0.23   0.00   0.00
    27   1     0.00   0.00   0.39     0.00   0.00  -0.28     0.15  -0.18   0.00
    28   6     0.00   0.00  -0.01     0.00   0.00   0.05    -0.13  -0.05   0.00
    29   6     0.00   0.00   0.00     0.00   0.00   0.05     0.09   0.10   0.00
    30   6     0.00   0.00  -0.04     0.00   0.00  -0.06     0.04  -0.02   0.00
    31   1     0.00   0.00  -0.03     0.00   0.00  -0.28    -0.11  -0.20   0.00
    32   1     0.00   0.00   0.13     0.00   0.00  -0.28     0.23   0.04   0.00
    33   6     0.00   0.00   0.06     0.00   0.00   0.05    -0.04   0.13   0.00
    34   1     0.00   0.00  -0.26     0.00   0.00  -0.28     0.08   0.22   0.00
    35   6     0.00   0.00   0.05     0.00   0.00   0.05    -0.02  -0.13   0.00
    36   1     0.00   0.00  -0.36     0.00   0.00  -0.28     0.12  -0.20   0.00
                    46                     47                     48
                     A                      A                      A
 Frequencies --  1078.7478              1078.7479              1087.4787
 Red. masses --     4.8268                 4.8268                 1.3021
 Frc consts  --     3.3094                 3.3094                 0.9073
 IR Inten    --     0.0000                 0.0000                 0.0000
 Raman Activ --    18.3452                18.3452                 0.0000
 Depolar (P) --     0.7500                 0.7500                 0.3523
 Depolar (U) --     0.8571                 0.8571                 0.5211
  Atom  AN      X      Y      Z        X      Y      Z        X      Y      Z
     1   6     0.02  -0.08   0.00     0.03  -0.12   0.00     0.00   0.00   0.05
     2   6     0.01   0.03   0.00    -0.03   0.01   0.00     0.00   0.00   0.00
     3   6     0.03   0.18   0.00    -0.17   0.07   0.00     0.00   0.00   0.00
     4   6    -0.11   0.13   0.00    -0.13  -0.15   0.00     0.00   0.00   0.00
     5   6    -0.02   0.02   0.00    -0.02  -0.02   0.00     0.00   0.00   0.00
     6   6     0.00  -0.04   0.00     0.01   0.15   0.00     0.00   0.00  -0.05
     7   6     0.19   0.04   0.00    -0.05   0.16   0.00     0.00   0.00   0.00
     8   6    -0.19  -0.04   0.00     0.05  -0.16   0.00     0.00   0.00   0.00
     9   6    -0.03  -0.18   0.00     0.17  -0.07   0.00     0.00   0.00   0.00
    10   6     0.11  -0.13   0.00     0.13   0.15   0.00     0.00   0.00   0.00
    11   6    -0.01  -0.03   0.00     0.03  -0.01   0.00     0.00   0.00   0.00
    12   6    -0.09   0.07   0.00    -0.09   0.06   0.00     0.00   0.00  -0.05
    13   6     0.15  -0.04   0.00    -0.01   0.00   0.00     0.00   0.00   0.05
    14   6    -0.03  -0.01   0.00     0.01  -0.03   0.00     0.00   0.00   0.00
    15   6     0.13   0.06   0.00    -0.04  -0.02   0.00     0.00   0.00  -0.05
    16   6    -0.05  -0.05   0.00     0.10   0.10   0.00     0.00   0.00   0.05
    17   1    -0.26   0.05   0.00     0.18   0.07   0.00     0.00   0.00  -0.28
    18   1     0.13   0.19   0.00    -0.02  -0.23   0.00     0.00   0.00   0.28
    19   1     0.06  -0.06   0.00    -0.17  -0.27   0.00     0.00   0.00  -0.28
    20   1    -0.12   0.01   0.00    -0.18   0.25   0.00     0.00   0.00   0.28
    21   1    -0.30  -0.08   0.00    -0.09   0.06   0.00     0.00   0.00   0.28
    22   1     0.17  -0.23   0.00     0.00  -0.16   0.00     0.00   0.00  -0.28
    23   6     0.09  -0.07   0.00     0.09  -0.06   0.00     0.00   0.00  -0.05
    24   6    -0.15   0.04   0.00     0.01   0.00   0.00     0.00   0.00   0.05
    25   6     0.03   0.01   0.00    -0.01   0.03   0.00     0.00   0.00   0.00
    26   1     0.30   0.08   0.00     0.09  -0.06   0.00     0.00   0.00   0.28
    27   1    -0.17   0.23   0.00     0.00   0.16   0.00     0.00   0.00  -0.28
    28   6    -0.13  -0.06   0.00     0.04   0.02   0.00     0.00   0.00  -0.05
    29   6     0.05   0.05   0.00    -0.10  -0.10   0.00     0.00   0.00   0.05
    30   6     0.02  -0.02   0.00     0.02   0.02   0.00     0.00   0.00   0.00
    31   1    -0.13  -0.19   0.00     0.02   0.23   0.00     0.00   0.00   0.28
    32   1     0.26  -0.05   0.00    -0.18  -0.07   0.00     0.00   0.00  -0.28
    33   6    -0.02   0.08   0.00    -0.03   0.12   0.00     0.00   0.00   0.05
    34   1    -0.06   0.06   0.00     0.17   0.27   0.00     0.00   0.00  -0.28
    35   6     0.00   0.04   0.00    -0.01  -0.15   0.00     0.00   0.00  -0.05
    36   1     0.12  -0.01   0.00     0.18  -0.25   0.00     0.00   0.00   0.28
                    49                     50                     51
                     A                      A                      A
 Frequencies --  1095.0886              1095.0886              1106.1078
 Red. masses --     1.3282                 1.3282                 1.3520
 Frc consts  --     0.9385                 0.9385                 0.9746
 IR Inten    --     0.0000                 0.0000                 0.0000
 Raman Activ --     4.0940                 4.0940                 0.0000
 Depolar (P) --     0.7500                 0.7500                 0.0618
 Depolar (U) --     0.8571                 0.8571                 0.1164
  Atom  AN      X      Y      Z        X      Y      Z        X      Y      Z
     1   6     0.00   0.00  -0.01     0.00   0.00  -0.07     0.00   0.00   0.01
     2   6     0.00   0.00   0.01     0.00   0.00   0.01     0.00   0.00   0.01
     3   6     0.00   0.00   0.00     0.00   0.00   0.00     0.00   0.00   0.00
     4   6     0.00   0.00   0.00     0.00   0.00   0.00     0.00   0.00   0.00
     5   6     0.00   0.00   0.01     0.00   0.00  -0.01     0.00   0.00   0.01
     6   6     0.00   0.00   0.00     0.00   0.00   0.07     0.00   0.00  -0.02
     7   6     0.00   0.00   0.00     0.00   0.00   0.00     0.00   0.00  -0.01
     8   6     0.00   0.00   0.00     0.00   0.00   0.00     0.00   0.00  -0.01
     9   6     0.00   0.00   0.00     0.00   0.00   0.00     0.00   0.00   0.00
    10   6     0.00   0.00   0.00     0.00   0.00   0.00     0.00   0.00   0.00
    11   6     0.00   0.00  -0.01     0.00   0.00  -0.01     0.00   0.00   0.01
    12   6     0.00   0.00   0.06     0.00   0.00  -0.03     0.00   0.00  -0.05
    13   6     0.00   0.00  -0.05     0.00   0.00   0.05     0.00   0.00   0.06
    14   6     0.00   0.00   0.00     0.00   0.00  -0.01     0.00   0.00  -0.02
    15   6     0.00   0.00   0.06     0.00   0.00   0.04     0.00   0.00   0.07
    16   6     0.00   0.00  -0.07     0.00   0.00  -0.02     0.00   0.00  -0.06
    17   1     0.00   0.00   0.38     0.00   0.00   0.13     0.00   0.00   0.37
    18   1     0.00   0.00  -0.35     0.00   0.00  -0.20     0.00   0.00  -0.38
    19   1     0.00   0.00   0.07     0.00   0.00   0.40     0.00   0.00  -0.04
    20   1     0.00   0.00  -0.01     0.00   0.00  -0.40     0.00   0.00   0.09
    21   1     0.00   0.00  -0.35     0.00   0.00   0.21     0.00   0.00   0.29
    22   1     0.00   0.00   0.31     0.00   0.00  -0.26     0.00   0.00  -0.33
    23   6     0.00   0.00  -0.06     0.00   0.00   0.03     0.00   0.00  -0.05
    24   6     0.00   0.00   0.05     0.00   0.00  -0.05     0.00   0.00   0.06
    25   6     0.00   0.00   0.00     0.00   0.00   0.01     0.00   0.00  -0.02
    26   1     0.00   0.00   0.35     0.00   0.00  -0.21     0.00   0.00   0.29
    27   1     0.00   0.00  -0.31     0.00   0.00   0.26     0.00   0.00  -0.33
    28   6     0.00   0.00  -0.06     0.00   0.00  -0.04     0.00   0.00   0.07
    29   6     0.00   0.00   0.07     0.00   0.00   0.02     0.00   0.00  -0.06
    30   6     0.00   0.00  -0.01     0.00   0.00   0.01     0.00   0.00   0.01
    31   1     0.00   0.00   0.35     0.00   0.00   0.20     0.00   0.00  -0.38
    32   1     0.00   0.00  -0.38     0.00   0.00  -0.13     0.00   0.00   0.37
    33   6     0.00   0.00   0.01     0.00   0.00   0.07     0.00   0.00   0.01
    34   1     0.00   0.00  -0.07     0.00   0.00  -0.40     0.00   0.00  -0.04
    35   6     0.00   0.00   0.00     0.00   0.00  -0.07     0.00   0.00  -0.02
    36   1     0.00   0.00   0.01     0.00   0.00   0.40     0.00   0.00   0.09
                    52                     53                     54
                     A                      A                      A
 Frequencies --  1106.1079              1112.1862              1113.8700
 Red. masses --     1.3520                 1.3696                 4.6244
 Frc consts  --     0.9746                 0.9982                 3.3805
 IR Inten    --     0.0000                 0.0000                 0.0000
 Raman Activ --     0.0000                 0.0000                 0.0000
 Depolar (P) --     0.0581                 0.0338                 0.0308
 Depolar (U) --     0.1098                 0.0654                 0.0597
  Atom  AN      X      Y      Z        X      Y      Z        X      Y      Z
     1   6     0.00   0.00   0.07     0.00   0.00  -0.05     0.05   0.06   0.00
     2   6     0.00   0.00  -0.02     0.00   0.00   0.01    -0.14  -0.10   0.00
     3   6     0.00   0.00  -0.01     0.00   0.00   0.01    -0.09  -0.06   0.00
     4   6     0.00   0.00   0.00     0.00   0.00  -0.01     0.10  -0.05   0.00
     5   6     0.00   0.00   0.01     0.00   0.00  -0.01     0.15  -0.07   0.00
     6   6     0.00   0.00  -0.07     0.00   0.00   0.05    -0.06   0.05   0.00
     7   6     0.00   0.00   0.00     0.00   0.00  -0.01    -0.01   0.11   0.00
     8   6     0.00   0.00   0.00     0.00   0.00   0.01    -0.01   0.11   0.00
     9   6     0.00   0.00  -0.01     0.00   0.00  -0.01    -0.09  -0.06   0.00
    10   6     0.00   0.00   0.00     0.00   0.00   0.01     0.10  -0.05   0.00
    11   6     0.00   0.00  -0.02     0.00   0.00  -0.01    -0.14  -0.10   0.00
    12   6     0.00   0.00   0.05     0.00   0.00   0.05     0.08   0.03   0.00
    13   6     0.00   0.00  -0.04     0.00   0.00  -0.05     0.03  -0.08   0.00
    14   6     0.00   0.00   0.00     0.00   0.00   0.01    -0.01   0.17   0.00
    15   6     0.00   0.00   0.02     0.00   0.00  -0.05    -0.01  -0.08   0.00
    16   6     0.00   0.00  -0.03     0.00   0.00   0.05    -0.08   0.01   0.00
    17   1     0.00   0.00   0.17     0.00   0.00  -0.28    -0.22   0.08   0.00
    18   1     0.00   0.00  -0.12     0.00   0.00   0.28    -0.01  -0.24   0.00
    19   1     0.00   0.00  -0.40     0.00   0.00   0.28     0.18   0.16   0.00
    20   1     0.00   0.00   0.39     0.00   0.00  -0.28    -0.20   0.12   0.00
    21   1     0.00   0.00  -0.27     0.00   0.00  -0.28     0.21   0.11   0.00
    22   1     0.00   0.00   0.23     0.00   0.00   0.28     0.05  -0.23   0.00
    23   6     0.00   0.00   0.05     0.00   0.00  -0.05     0.08   0.03   0.00
    24   6     0.00   0.00  -0.04     0.00   0.00   0.05     0.03  -0.08   0.00
    25   6     0.00   0.00   0.00     0.00   0.00  -0.01    -0.01   0.17   0.00
    26   1     0.00   0.00  -0.27     0.00   0.00   0.28     0.21   0.11   0.00
    27   1     0.00   0.00   0.23     0.00   0.00  -0.28     0.05  -0.23   0.00
    28   6     0.00   0.00   0.02     0.00   0.00   0.05    -0.01  -0.08   0.00
    29   6     0.00   0.00  -0.03     0.00   0.00  -0.05    -0.08   0.01   0.00
    30   6     0.00   0.00   0.01     0.00   0.00   0.01     0.15  -0.07   0.00
    31   1     0.00   0.00  -0.12     0.00   0.00  -0.28    -0.01  -0.24   0.00
    32   1     0.00   0.00   0.17     0.00   0.00   0.28    -0.22   0.08   0.00
    33   6     0.00   0.00   0.07     0.00   0.00   0.05     0.05   0.06   0.00
    34   1     0.00   0.00  -0.40     0.00   0.00  -0.28     0.18   0.16   0.00
    35   6     0.00   0.00  -0.07     0.00   0.00  -0.05    -0.06   0.05   0.00
    36   1     0.00   0.00   0.39     0.00   0.00   0.28    -0.20   0.12   0.00
                    55                     56                     57
                     A                      A                      A
 Frequencies --  1116.5371              1250.1648              1250.1649
 Red. masses --     3.3703                 1.4182                 1.4182
 Frc consts  --     2.4755                 1.3060                 1.3060
 IR Inten    --     0.0000                 5.3572                 5.3572
 Raman Activ --    44.8110                 0.0000                 0.0000
 Depolar (P) --     0.0313                 0.7034                 0.6768
 Depolar (U) --     0.0607                 0.8259                 0.8073
  Atom  AN      X      Y      Z        X      Y      Z        X      Y      Z
     1   6     0.03  -0.08   0.00    -0.01   0.04   0.00     0.03  -0.01   0.00
     2   6    -0.06   0.08   0.00     0.00  -0.03   0.00    -0.03   0.04   0.00
     3   6    -0.06   0.08   0.00    -0.04  -0.04   0.00    -0.03  -0.01   0.00
     4   6     0.04   0.09   0.00    -0.05   0.03   0.00     0.03  -0.01   0.00
     5   6     0.04   0.09   0.00     0.00   0.03   0.00     0.03   0.04   0.00
     6   6    -0.02  -0.08   0.00     0.00  -0.04   0.00    -0.03  -0.01   0.00
     7   6    -0.10  -0.01   0.00     0.01   0.00   0.00     0.01  -0.06   0.00
     8   6     0.10   0.01   0.00     0.01   0.00   0.00     0.01  -0.06   0.00
     9   6     0.06  -0.08   0.00    -0.04  -0.04   0.00    -0.03  -0.01   0.00
    10   6    -0.04  -0.09   0.00    -0.05   0.03   0.00     0.03  -0.01   0.00
    11   6     0.06  -0.08   0.00     0.00  -0.03   0.00    -0.03   0.04   0.00
    12   6    -0.06   0.06   0.00     0.02   0.02   0.00     0.02  -0.03   0.00
    13   6    -0.09   0.01   0.00    -0.04  -0.01   0.00    -0.02   0.02   0.00
    14   6     0.10   0.01   0.00     0.06   0.00   0.00     0.00  -0.02   0.00
    15   6    -0.08  -0.02   0.00    -0.04   0.01   0.00     0.01   0.02   0.00
    16   6    -0.05  -0.07   0.00     0.02  -0.02   0.00    -0.02  -0.04   0.00
    17   1     0.18  -0.18   0.00     0.35  -0.17   0.00     0.05  -0.07   0.00
    18   1    -0.11   0.23   0.00    -0.06   0.27   0.00    -0.01   0.29   0.00
    19   1     0.25   0.06   0.00     0.08   0.10   0.00     0.33   0.19   0.00
    20   1    -0.26   0.02   0.00     0.09  -0.08   0.00    -0.36   0.14   0.00
    21   1     0.14   0.21   0.00     0.32   0.23   0.00    -0.05  -0.09   0.00
    22   1    -0.07  -0.25   0.00    -0.02  -0.27   0.00    -0.04   0.30   0.00
    23   6     0.06  -0.06   0.00     0.02   0.02   0.00     0.02  -0.03   0.00
    24   6     0.09  -0.01   0.00    -0.04  -0.01   0.00    -0.02   0.02   0.00
    25   6    -0.10  -0.01   0.00     0.06   0.00   0.00     0.00  -0.02   0.00
    26   1    -0.14  -0.21   0.00     0.32   0.23   0.00    -0.05  -0.09   0.00
    27   1     0.07   0.25   0.00    -0.02  -0.27   0.00    -0.04   0.30   0.00
    28   6     0.08   0.02   0.00    -0.04   0.01   0.00     0.01   0.02   0.00
    29   6     0.05   0.07   0.00     0.02  -0.02   0.00    -0.02  -0.04   0.00
    30   6    -0.04  -0.09   0.00     0.00   0.03   0.00     0.03   0.04   0.00
    31   1     0.11  -0.23   0.00    -0.06   0.27   0.00    -0.01   0.29   0.00
    32   1    -0.18   0.18   0.00     0.35  -0.17   0.00     0.05  -0.07   0.00
    33   6    -0.03   0.08   0.00    -0.01   0.04   0.00     0.03  -0.01   0.00
    34   1    -0.25  -0.06   0.00     0.08   0.10   0.00     0.33   0.19   0.00
    35   6     0.02   0.08   0.00     0.00  -0.04   0.00    -0.03  -0.01   0.00
    36   1     0.26  -0.02   0.00     0.09  -0.08   0.00    -0.36   0.14   0.00
                    58                     59                     60
                     A                      A                      A
 Frequencies --  1269.8857              1270.0160              1270.0160
 Red. masses --     3.9881                 1.2025                 1.2025
 Frc consts  --     3.7892                 1.1428                 1.1428
 IR Inten    --     0.0000                 0.0000                 0.0000
 Raman Activ --     0.0000                 6.0557                 6.0556
 Depolar (P) --     0.7499                 0.7500                 0.7500
 Depolar (U) --     0.8571                 0.8571                 0.8571
  Atom  AN      X      Y      Z        X      Y      Z        X      Y      Z
     1   6     0.02  -0.08   0.00     0.01   0.01   0.00    -0.04  -0.02   0.00
     2   6    -0.05   0.08   0.00    -0.01  -0.01   0.00     0.02   0.01   0.00
     3   6    -0.09   0.12   0.00    -0.02  -0.01   0.00     0.02   0.02   0.00
     4   6    -0.06  -0.14   0.00    -0.01   0.00   0.00    -0.03   0.01   0.00
     5   6    -0.04  -0.09   0.00    -0.01   0.01   0.00    -0.02   0.01   0.00
     6   6     0.01   0.08   0.00    -0.01   0.00   0.00     0.04  -0.01   0.00
     7   6     0.15   0.01   0.00     0.00   0.03   0.00     0.00   0.01   0.00
     8   6     0.15   0.01   0.00     0.00  -0.03   0.00     0.00  -0.01   0.00
     9   6    -0.09   0.12   0.00     0.02   0.01   0.00    -0.02  -0.02   0.00
    10   6    -0.06  -0.14   0.00     0.01   0.00   0.00     0.03  -0.01   0.00
    11   6    -0.05   0.08   0.00     0.01   0.01   0.00    -0.02  -0.01   0.00
    12   6     0.06  -0.05   0.00    -0.03  -0.03   0.00     0.01   0.01   0.00
    13   6    -0.08   0.02   0.00     0.01   0.04   0.00    -0.01  -0.01   0.00
    14   6     0.09   0.01   0.00     0.00  -0.03   0.00     0.00   0.00   0.00
    15   6    -0.07  -0.03   0.00    -0.01   0.03   0.00    -0.01   0.03   0.00
    16   6     0.06   0.06   0.00     0.02  -0.02   0.00     0.03  -0.02   0.00
    17   1     0.24  -0.03   0.00     0.25  -0.13   0.00     0.26  -0.13   0.00
    18   1    -0.06  -0.24   0.00    -0.03   0.33   0.00    -0.03   0.23   0.00
    19   1    -0.15  -0.20   0.00     0.09   0.06   0.00    -0.33  -0.21   0.00
    20   1    -0.18   0.17   0.00    -0.03   0.01   0.00     0.37  -0.16   0.00
    21   1     0.24   0.07   0.00    -0.29  -0.22   0.00     0.14   0.10   0.00
    22   1    -0.10   0.23   0.00    -0.02   0.39   0.00     0.00  -0.10   0.00
    23   6     0.06  -0.05   0.00     0.03   0.03   0.00    -0.01  -0.01   0.00
    24   6    -0.08   0.02   0.00    -0.01  -0.04   0.00     0.01   0.01   0.00
    25   6     0.09   0.01   0.00     0.00   0.03   0.00     0.00   0.00   0.00
    26   1     0.24   0.07   0.00     0.29   0.22   0.00    -0.14  -0.10   0.00
    27   1    -0.10   0.23   0.00     0.02  -0.39   0.00     0.00   0.10   0.00
    28   6    -0.07  -0.03   0.00     0.01  -0.03   0.00     0.01  -0.03   0.00
    29   6     0.06   0.06   0.00    -0.02   0.02   0.00    -0.03   0.02   0.00
    30   6    -0.04  -0.09   0.00     0.01  -0.01   0.00     0.02  -0.01   0.00
    31   1    -0.06  -0.24   0.00     0.03  -0.33   0.00     0.03  -0.23   0.00
    32   1     0.24  -0.03   0.00    -0.25   0.13   0.00    -0.26   0.13   0.00
    33   6     0.02  -0.08   0.00    -0.01  -0.01   0.00     0.04   0.02   0.00
    34   1    -0.15  -0.20   0.00    -0.09  -0.06   0.00     0.33   0.21   0.00
    35   6     0.01   0.08   0.00     0.01   0.00   0.00    -0.04   0.01   0.00
    36   1    -0.18   0.17   0.00     0.03  -0.01   0.00    -0.37   0.16   0.00
                    61                     62                     63
                     A                      A                      A
 Frequencies --  1276.0775              1304.1107              1304.1108
 Red. masses --     1.5879                 3.6989                 3.6989
 Frc consts  --     1.5235                 3.7064                 3.7064
 IR Inten    --     0.0000                 0.0000                 0.0000
 Raman Activ --     0.0000                 0.0101                 0.0101
 Depolar (P) --     0.1021                 0.7500                 0.7500
 Depolar (U) --     0.1853                 0.8571                 0.8571
  Atom  AN      X      Y      Z        X      Y      Z        X      Y      Z
     1   6     0.04  -0.02   0.00     0.05  -0.07   0.00     0.02   0.01   0.00
     2   6     0.05   0.04   0.00     0.16   0.13   0.00    -0.11  -0.05   0.00
     3   6     0.02   0.01   0.00     0.06   0.00   0.00     0.01  -0.07   0.00
     4   6    -0.02   0.01   0.00    -0.06  -0.01   0.00     0.00   0.07   0.00
     5   6    -0.06   0.03   0.00    -0.18   0.10   0.00    -0.11   0.03   0.00
     6   6    -0.04  -0.02   0.00    -0.04  -0.08   0.00     0.02   0.00   0.00
     7   6     0.00  -0.02   0.00    -0.07  -0.01   0.00     0.00   0.06   0.00
     8   6     0.00  -0.02   0.00     0.07   0.01   0.00     0.00  -0.06   0.00
     9   6     0.02   0.01   0.00    -0.06   0.00   0.00    -0.01   0.07   0.00
    10   6    -0.02   0.01   0.00     0.06   0.01   0.00     0.00  -0.07   0.00
    11   6     0.05   0.04   0.00    -0.16  -0.13   0.00     0.11   0.05   0.00
    12   6     0.00   0.05   0.00     0.03  -0.03   0.00    -0.04   0.07   0.00
    13   6    -0.04  -0.03   0.00     0.05   0.02   0.00    -0.07   0.00   0.00
    14   6     0.01  -0.06   0.00    -0.02   0.00   0.00     0.02  -0.24   0.00
    15   6     0.04  -0.02   0.00     0.05  -0.01   0.00     0.07   0.01   0.00
    16   6    -0.01   0.05   0.00     0.03   0.03   0.00     0.02   0.08   0.00
    17   1    -0.23   0.16   0.00     0.22  -0.05   0.00    -0.20   0.19   0.00
    18   1     0.07  -0.27   0.00     0.08  -0.33   0.00     0.08   0.07   0.00
    19   1     0.25   0.12   0.00     0.15  -0.02   0.00     0.26   0.18   0.00
    20   1    -0.27   0.08   0.00    -0.15  -0.05   0.00     0.29  -0.13   0.00
    21   1     0.20   0.19   0.00     0.21   0.09   0.00     0.16   0.22   0.00
    22   1    -0.02  -0.28   0.00     0.02   0.34   0.00    -0.09   0.05   0.00
    23   6     0.00   0.05   0.00    -0.03   0.03   0.00     0.04  -0.07   0.00
    24   6    -0.04  -0.03   0.00    -0.05  -0.02   0.00     0.07   0.00   0.00
    25   6     0.01  -0.06   0.00     0.02   0.00   0.00    -0.02   0.24   0.00
    26   1     0.20   0.19   0.00    -0.21  -0.09   0.00    -0.16  -0.22   0.00
    27   1    -0.02  -0.28   0.00    -0.02  -0.34   0.00     0.09  -0.05   0.00
    28   6     0.04  -0.02   0.00    -0.05   0.01   0.00    -0.07  -0.01   0.00
    29   6    -0.01   0.05   0.00    -0.03  -0.03   0.00    -0.02  -0.08   0.00
    30   6    -0.06   0.03   0.00     0.18  -0.10   0.00     0.11  -0.03   0.00
    31   1     0.07  -0.27   0.00    -0.08   0.33   0.00    -0.08  -0.07   0.00
    32   1    -0.23   0.16   0.00    -0.22   0.05   0.00     0.20  -0.19   0.00
    33   6     0.04  -0.02   0.00    -0.05   0.07   0.00    -0.02  -0.01   0.00
    34   1     0.25   0.12   0.00    -0.15   0.02   0.00    -0.26  -0.18   0.00
    35   6    -0.04  -0.02   0.00     0.04   0.08   0.00    -0.02   0.00   0.00
    36   1    -0.27   0.08   0.00     0.15   0.05   0.00    -0.29   0.13   0.00
                    64                     65                     66
                     A                      A                      A
 Frequencies --  1322.8208              1322.8209              1338.4776
 Red. masses --     1.7965                 1.7965                 1.4832
 Frc consts  --     1.8522                 1.8522                 1.5655
 IR Inten    --     2.8458                 2.8458                 0.0000
 Raman Activ --     0.0000                 0.0000                43.7086
 Depolar (P) --     0.7060                 0.7361                 0.1129
 Depolar (U) --     0.8276                 0.8480                 0.2029
  Atom  AN      X      Y      Z        X      Y      Z        X      Y      Z
     1   6    -0.01  -0.01   0.00     0.03  -0.01   0.00     0.02   0.02   0.00
     2   6     0.08   0.06   0.00     0.07   0.04   0.00     0.01  -0.01   0.00
     3   6     0.00   0.05   0.00     0.05  -0.03   0.00     0.04  -0.06   0.00
     4   6     0.02  -0.04   0.00    -0.04  -0.05   0.00    -0.03  -0.07   0.00
     5   6     0.10  -0.05   0.00    -0.05   0.01   0.00    -0.01  -0.01   0.00
     6   6     0.00   0.02   0.00    -0.03  -0.01   0.00    -0.02   0.02   0.00
     7   6    -0.07  -0.01   0.00    -0.01   0.03   0.00     0.08   0.01   0.00
     8   6    -0.07  -0.01   0.00    -0.01   0.03   0.00    -0.08  -0.01   0.00
     9   6     0.00   0.05   0.00     0.05  -0.03   0.00    -0.04   0.06   0.00
    10   6     0.02  -0.04   0.00    -0.04  -0.05   0.00     0.03   0.07   0.00
    11   6     0.08   0.06   0.00     0.07   0.04   0.00    -0.01   0.01   0.00
    12   6    -0.01   0.03   0.00    -0.01  -0.01   0.00     0.02   0.01   0.00
    13   6    -0.02  -0.02   0.00     0.02   0.00   0.00     0.01  -0.02   0.00
    14   6    -0.01  -0.02   0.00    -0.01   0.12   0.00    -0.02   0.00   0.00
    15   6    -0.02   0.02   0.00    -0.02   0.00   0.00     0.00   0.02   0.00
    16   6    -0.01  -0.03   0.00     0.01  -0.02   0.00     0.02   0.00   0.00
    17   1    -0.09   0.01   0.00     0.34  -0.17   0.00     0.26  -0.11   0.00
    18   1    -0.05   0.35   0.00    -0.02  -0.17   0.00    -0.02   0.28   0.00
    19   1    -0.30  -0.22   0.00     0.12   0.04   0.00     0.23   0.17   0.00
    20   1    -0.28   0.15   0.00    -0.22   0.07   0.00    -0.25   0.13   0.00
    21   1     0.01   0.05   0.00    -0.32  -0.22   0.00     0.24   0.16   0.00
    22   1     0.00  -0.29   0.00     0.04  -0.26   0.00     0.03  -0.28   0.00
    23   6    -0.01   0.03   0.00    -0.01  -0.01   0.00    -0.02  -0.01   0.00
    24   6    -0.02  -0.02   0.00     0.02   0.00   0.00    -0.01   0.02   0.00
    25   6    -0.01  -0.02   0.00    -0.01   0.12   0.00     0.02   0.00   0.00
    26   1     0.01   0.05   0.00    -0.32  -0.22   0.00    -0.24  -0.16   0.00
    27   1     0.00  -0.29   0.00     0.04  -0.26   0.00    -0.03   0.28   0.00
    28   6    -0.02   0.02   0.00    -0.02   0.00   0.00     0.00  -0.02   0.00
    29   6    -0.01  -0.03   0.00     0.01  -0.02   0.00    -0.02   0.00   0.00
    30   6     0.10  -0.05   0.00    -0.05   0.01   0.00     0.01   0.01   0.00
    31   1    -0.05   0.35   0.00    -0.02  -0.17   0.00     0.02  -0.28   0.00
    32   1    -0.09   0.01   0.00     0.34  -0.17   0.00    -0.26   0.11   0.00
    33   6    -0.01  -0.01   0.00     0.03  -0.01   0.00    -0.02  -0.02   0.00
    34   1    -0.30  -0.22   0.00     0.12   0.04   0.00    -0.23  -0.17   0.00
    35   6     0.00   0.02   0.00    -0.03  -0.01   0.00     0.02  -0.02   0.00
    36   1    -0.28   0.15   0.00    -0.22   0.07   0.00     0.25  -0.13   0.00
                    67                     68                     69
                     A                      A                      A
 Frequencies --  1351.4729              1429.6931              1429.6933
 Red. masses --     1.5507                 3.4179                 3.4179
 Frc consts  --     1.6687                 4.1162                 4.1162
 IR Inten    --     0.0000                22.3929                22.3929
 Raman Activ --     0.0000                 0.0000                 0.0000
 Depolar (P) --     0.6234                 0.1541                 0.2468
 Depolar (U) --     0.7680                 0.2670                 0.3959
  Atom  AN      X      Y      Z        X      Y      Z        X      Y      Z
     1   6     0.00  -0.01   0.00    -0.01  -0.04   0.00     0.00   0.08   0.00
     2   6    -0.07  -0.05   0.00    -0.02   0.13   0.00     0.11  -0.04   0.00
     3   6     0.02   0.01   0.00    -0.10  -0.01   0.00    -0.06  -0.10   0.00
     4   6     0.02  -0.01   0.00     0.07   0.04   0.00    -0.11   0.08   0.00
     5   6    -0.08   0.04   0.00     0.04   0.15   0.00     0.10   0.01   0.00
     6   6     0.00   0.01   0.00     0.02  -0.07   0.00     0.00  -0.06   0.00
     7   6     0.00   0.02   0.00     0.02  -0.14   0.00     0.07   0.03   0.00
     8   6     0.00  -0.02   0.00     0.02  -0.14   0.00     0.07   0.03   0.00
     9   6    -0.02  -0.01   0.00    -0.10  -0.01   0.00    -0.06  -0.10   0.00
    10   6    -0.02   0.01   0.00     0.07   0.04   0.00    -0.11   0.08   0.00
    11   6     0.07   0.05   0.00    -0.02   0.13   0.00     0.11  -0.04   0.00
    12   6     0.01   0.00   0.00     0.08  -0.03   0.00    -0.03   0.00   0.00
    13   6    -0.01   0.00   0.00    -0.04   0.02   0.00    -0.06   0.04   0.00
    14   6    -0.01   0.09   0.00     0.02   0.09   0.00     0.16   0.00   0.00
    15   6     0.01   0.00   0.00     0.02   0.00   0.00    -0.07  -0.06   0.00
    16   6    -0.01   0.00   0.00    -0.08  -0.04   0.00     0.00   0.01   0.00
    17   1     0.25  -0.12   0.00    -0.09  -0.04   0.00    -0.31   0.15   0.00
    18   1     0.03  -0.28   0.00     0.04  -0.33   0.00    -0.06  -0.13   0.00
    19   1     0.23   0.16   0.00    -0.25  -0.22   0.00    -0.13  -0.01   0.00
    20   1     0.26  -0.12   0.00     0.22  -0.17   0.00    -0.22   0.05   0.00
    21   1    -0.23  -0.16   0.00     0.00  -0.09   0.00    -0.30  -0.18   0.00
    22   1     0.02  -0.28   0.00    -0.02  -0.27   0.00    -0.09   0.22   0.00
    23   6    -0.01   0.00   0.00     0.08  -0.03   0.00    -0.03   0.00   0.00
    24   6     0.01   0.00   0.00    -0.04   0.02   0.00    -0.06   0.04   0.00
    25   6     0.01  -0.09   0.00     0.02   0.09   0.00     0.16   0.00   0.00
    26   1     0.23   0.16   0.00     0.00  -0.09   0.00    -0.30  -0.18   0.00
    27   1    -0.02   0.28   0.00    -0.02  -0.27   0.00    -0.09   0.22   0.00
    28   6    -0.01   0.00   0.00     0.02   0.00   0.00    -0.07  -0.06   0.00
    29   6     0.01   0.00   0.00    -0.08  -0.04   0.00     0.00   0.01   0.00
    30   6     0.08  -0.04   0.00     0.04   0.15   0.00     0.10   0.01   0.00
    31   1    -0.03   0.28   0.00     0.04  -0.33   0.00    -0.06  -0.13   0.00
    32   1    -0.25   0.12   0.00    -0.09  -0.04   0.00    -0.31   0.15   0.00
    33   6     0.00   0.01   0.00    -0.01  -0.04   0.00     0.00   0.08   0.00
    34   1    -0.23  -0.16   0.00    -0.25  -0.22   0.00    -0.13  -0.01   0.00
    35   6     0.00  -0.01   0.00     0.02  -0.07   0.00     0.00  -0.06   0.00
    36   1    -0.26   0.12   0.00     0.22  -0.17   0.00    -0.22   0.05   0.00
                    70                     71                     72
                     A                      A                      A
 Frequencies --  1449.5484              1456.6617              1521.4527
 Red. masses --     9.2697                 3.5917                 6.4173
 Frc consts  --    11.4758                 4.4903                 8.7522
 IR Inten    --     0.0000                 0.0000                 0.0893
 Raman Activ --  1869.1630                 0.0000                 0.0000
 Depolar (P) --     0.1106                 0.1111                 0.7303
 Depolar (U) --     0.1992                 0.1999                 0.8441
  Atom  AN      X      Y      Z        X      Y      Z        X      Y      Z
     1   6    -0.10  -0.06   0.00     0.10  -0.01   0.00     0.02   0.02   0.00
     2   6    -0.13   0.19   0.00     0.06   0.04   0.00    -0.09   0.09   0.00
     3   6     0.12  -0.17   0.00    -0.10  -0.07   0.00     0.01  -0.18   0.00
     4   6    -0.09  -0.19   0.00     0.11  -0.05   0.00    -0.05   0.14   0.00
     5   6     0.10   0.21   0.00    -0.06   0.03   0.00    -0.06  -0.07   0.00
     6   6     0.11  -0.04   0.00    -0.09  -0.03   0.00     0.05  -0.02   0.00
     7   6     0.21   0.02   0.00    -0.01   0.12   0.00     0.25   0.03   0.00
     8   6    -0.21  -0.02   0.00    -0.01   0.12   0.00     0.25   0.03   0.00
     9   6    -0.12   0.17   0.00    -0.10  -0.07   0.00     0.01  -0.18   0.00
    10   6     0.09   0.19   0.00     0.11  -0.05   0.00    -0.05   0.14   0.00
    11   6     0.13  -0.19   0.00     0.06   0.04   0.00    -0.09   0.09   0.00
    12   6    -0.09  -0.07   0.00     0.02   0.09   0.00     0.10   0.09   0.00
    13   6     0.00   0.12   0.00    -0.06  -0.08   0.00    -0.01  -0.10   0.00
    14   6     0.23   0.02   0.00     0.01  -0.07   0.00    -0.22  -0.02   0.00
    15   6     0.02  -0.12   0.00     0.07  -0.07   0.00    -0.03   0.08   0.00
    16   6    -0.10   0.06   0.00    -0.04   0.09   0.00     0.11  -0.07   0.00
    17   1    -0.13   0.07   0.00     0.25  -0.03   0.00    -0.16   0.05   0.00
    18   1     0.02  -0.14   0.00     0.06   0.25   0.00    -0.04   0.17   0.00
    19   1    -0.12  -0.07   0.00    -0.15  -0.20   0.00    -0.24  -0.16   0.00
    20   1     0.13  -0.05   0.00     0.18  -0.17   0.00    -0.26   0.12   0.00
    21   1    -0.11  -0.09   0.00    -0.24  -0.07   0.00    -0.11  -0.05   0.00
    22   1     0.00   0.14   0.00    -0.10   0.23   0.00    -0.02  -0.12   0.00
    23   6     0.09   0.07   0.00     0.02   0.09   0.00     0.10   0.09   0.00
    24   6     0.00  -0.12   0.00    -0.06  -0.08   0.00    -0.01  -0.10   0.00
    25   6    -0.23  -0.02   0.00     0.01  -0.07   0.00    -0.22  -0.02   0.00
    26   1     0.11   0.09   0.00    -0.24  -0.07   0.00    -0.11  -0.05   0.00
    27   1     0.00  -0.14   0.00    -0.10   0.23   0.00    -0.02  -0.12   0.00
    28   6    -0.02   0.12   0.00     0.07  -0.07   0.00    -0.03   0.08   0.00
    29   6     0.10  -0.06   0.00    -0.04   0.09   0.00     0.11  -0.07   0.00
    30   6    -0.10  -0.21   0.00    -0.06   0.03   0.00    -0.06  -0.07   0.00
    31   1    -0.02   0.14   0.00     0.06   0.25   0.00    -0.04   0.17   0.00
    32   1     0.13  -0.07   0.00     0.25  -0.03   0.00    -0.16   0.05   0.00
    33   6     0.10   0.06   0.00     0.10  -0.01   0.00     0.02   0.02   0.00
    34   1     0.12   0.07   0.00    -0.15  -0.20   0.00    -0.24  -0.16   0.00
    35   6    -0.11   0.04   0.00    -0.09  -0.03   0.00     0.05  -0.02   0.00
    36   1    -0.13   0.05   0.00     0.18  -0.17   0.00    -0.26   0.12   0.00
                    73                     74                     75
                     A                      A                      A
 Frequencies --  1521.4529              1526.0287              1526.0288
 Red. masses --     6.4173                 3.0906                 3.0906
 Frc consts  --     8.7522                 4.2405                 4.2405
 IR Inten    --     0.0893                 0.0000                 0.0000
 Raman Activ --     0.0000                 1.2332                 1.2332
 Depolar (P) --     0.7280                 0.7500                 0.7500
 Depolar (U) --     0.8426                 0.8571                 0.8571
  Atom  AN      X      Y      Z        X      Y      Z        X      Y      Z
     1   6     0.12   0.06   0.00    -0.07  -0.03   0.00     0.08   0.02   0.00
     2   6     0.09  -0.15   0.00     0.06  -0.05   0.00     0.05  -0.10   0.00
     3   6    -0.17   0.13   0.00    -0.02   0.08   0.00    -0.08   0.08   0.00
     4   6     0.14   0.19   0.00    -0.05  -0.12   0.00     0.03   0.00   0.00
     5   6    -0.07  -0.19   0.00     0.06   0.12   0.00     0.02  -0.02   0.00
     6   6    -0.12   0.03   0.00     0.01   0.00   0.00    -0.11   0.02   0.00
     7   6     0.04  -0.11   0.00    -0.05  -0.03   0.00     0.12   0.00   0.00
     8   6     0.04  -0.11   0.00     0.05   0.03   0.00    -0.12   0.00   0.00
     9   6    -0.17   0.13   0.00     0.02  -0.08   0.00     0.08  -0.08   0.00
    10   6     0.14   0.19   0.00     0.05   0.12   0.00    -0.03   0.00   0.00
    11   6     0.09  -0.15   0.00    -0.06   0.05   0.00    -0.05   0.10   0.00
    12   6    -0.01  -0.02   0.00     0.06   0.08   0.00    -0.03  -0.03   0.00
    13   6     0.00   0.09   0.00    -0.02  -0.10   0.00     0.00  -0.03   0.00
    14   6    -0.02  -0.03   0.00    -0.06   0.02   0.00     0.12   0.02   0.00
    15   6    -0.02   0.11   0.00     0.03  -0.09   0.00     0.03  -0.06   0.00
    16   6     0.03  -0.03   0.00    -0.02   0.02   0.00    -0.08   0.07   0.00
    17   1     0.21  -0.12   0.00    -0.18   0.11   0.00     0.29  -0.09   0.00
    18   1     0.01  -0.23   0.00     0.00   0.35   0.00     0.04  -0.09   0.00
    19   1    -0.01  -0.04   0.00     0.29   0.23   0.00     0.04  -0.01   0.00
    20   1    -0.04  -0.01   0.00     0.24  -0.10   0.00     0.22  -0.15   0.00
    21   1    -0.21  -0.16   0.00    -0.10  -0.02   0.00     0.29   0.19   0.00
    22   1     0.03  -0.26   0.00    -0.06   0.15   0.00    -0.03   0.33   0.00
    23   6    -0.01  -0.02   0.00    -0.06  -0.08   0.00     0.03   0.03   0.00
    24   6     0.00   0.09   0.00     0.02   0.10   0.00     0.00   0.03   0.00
    25   6    -0.02  -0.03   0.00     0.06  -0.02   0.00    -0.12  -0.02   0.00
    26   1    -0.21  -0.16   0.00     0.10   0.02   0.00    -0.29  -0.19   0.00
    27   1     0.03  -0.26   0.00     0.06  -0.15   0.00     0.03  -0.33   0.00
    28   6    -0.02   0.11   0.00    -0.03   0.09   0.00    -0.03   0.06   0.00
    29   6     0.03  -0.03   0.00     0.02  -0.02   0.00     0.08  -0.07   0.00
    30   6    -0.07  -0.19   0.00    -0.06  -0.12   0.00    -0.02   0.02   0.00
    31   1     0.01  -0.23   0.00     0.00  -0.35   0.00    -0.04   0.09   0.00
    32   1     0.21  -0.12   0.00     0.18  -0.11   0.00    -0.29   0.09   0.00
    33   6     0.12   0.06   0.00     0.07   0.03   0.00    -0.08  -0.02   0.00
    34   1    -0.01  -0.04   0.00    -0.29  -0.23   0.00    -0.04   0.01   0.00
    35   6    -0.12   0.03   0.00    -0.01   0.00   0.00     0.11  -0.02   0.00
    36   1    -0.04  -0.01   0.00    -0.24   0.10   0.00    -0.22   0.15   0.00
                    76                     77                     78
                     A                      A                      A
 Frequencies --  1563.8965              1563.8967              1564.4444
 Red. masses --     5.3234                 5.3234                 1.5660
 Frc consts  --     7.6711                 7.6710                 2.2582
 IR Inten    --     0.0000                 0.0000                 0.0000
 Raman Activ --     0.0648                 0.0648                 0.0000
 Depolar (P) --     0.7500                 0.7500                 0.6487
 Depolar (U) --     0.8571                 0.8571                 0.7869
  Atom  AN      X      Y      Z        X      Y      Z        X      Y      Z
     1   6     0.10  -0.02   0.00    -0.02   0.03   0.00     0.03   0.05   0.00
     2   6    -0.03   0.12   0.00     0.11  -0.09   0.00     0.00   0.00   0.00
     3   6    -0.18  -0.09   0.00    -0.12  -0.12   0.00     0.01  -0.02   0.00
     4   6     0.23  -0.09   0.00    -0.06   0.07   0.00     0.01   0.02   0.00
     5   6    -0.03   0.08   0.00     0.09   0.15   0.00     0.00   0.00   0.00
     6   6    -0.09  -0.02   0.00    -0.04  -0.05   0.00     0.04  -0.05   0.00
     7   6     0.05  -0.04   0.00    -0.01   0.26   0.00    -0.02   0.00   0.00
     8   6    -0.05   0.04   0.00     0.01  -0.26   0.00    -0.02   0.00   0.00
     9   6     0.18   0.09   0.00     0.12   0.12   0.00     0.01  -0.02   0.00
    10   6    -0.23   0.09   0.00     0.06  -0.07   0.00     0.01   0.02   0.00
    11   6     0.03  -0.12   0.00    -0.11   0.09   0.00     0.00   0.00   0.00
    12   6    -0.03   0.01   0.00    -0.01  -0.10   0.00    -0.06  -0.01   0.00
    13   6     0.07   0.04   0.00     0.04   0.07   0.00     0.03  -0.05   0.00
    14   6    -0.18  -0.03   0.00    -0.04   0.06   0.00     0.00   0.00   0.00
    15   6     0.08  -0.04   0.00    -0.02   0.05   0.00     0.02   0.06   0.00
    16   6    -0.04   0.02   0.00     0.02  -0.10   0.00    -0.06   0.00   0.00
    17   1     0.01   0.01   0.00    -0.31   0.04   0.00     0.24  -0.15   0.00
    18   1     0.06   0.30   0.00    -0.03  -0.06   0.00     0.05  -0.28   0.00
    19   1    -0.17  -0.22   0.00     0.10   0.11   0.00    -0.25  -0.13   0.00
    20   1     0.15  -0.15   0.00     0.18  -0.15   0.00    -0.27   0.09   0.00
    21   1    -0.09  -0.04   0.00     0.29   0.09   0.00     0.21   0.18   0.00
    22   1     0.10  -0.25   0.00     0.07  -0.15   0.00     0.01   0.28   0.00
    23   6     0.03  -0.01   0.00     0.01   0.10   0.00    -0.06  -0.01   0.00
    24   6    -0.07  -0.04   0.00    -0.04  -0.07   0.00     0.03  -0.05   0.00
    25   6     0.18   0.03   0.00     0.04  -0.06   0.00     0.00   0.00   0.00
    26   1     0.09   0.04   0.00    -0.29  -0.09   0.00     0.21   0.18   0.00
    27   1    -0.10   0.25   0.00    -0.07   0.15   0.00     0.01   0.28   0.00
    28   6    -0.08   0.04   0.00     0.02  -0.05   0.00     0.02   0.06   0.00
    29   6     0.04  -0.02   0.00    -0.02   0.10   0.00    -0.06   0.00   0.00
    30   6     0.03  -0.08   0.00    -0.09  -0.15   0.00     0.00   0.00   0.00
    31   1    -0.06  -0.30   0.00     0.03   0.06   0.00     0.05  -0.28   0.00
    32   1    -0.01  -0.01   0.00     0.31  -0.04   0.00     0.24  -0.15   0.00
    33   6    -0.10   0.02   0.00     0.02  -0.03   0.00     0.03   0.05   0.00
    34   1     0.17   0.22   0.00    -0.10  -0.11   0.00    -0.25  -0.13   0.00
    35   6     0.09   0.02   0.00     0.04   0.05   0.00     0.04  -0.05   0.00
    36   1    -0.15   0.15   0.00    -0.18   0.15   0.00    -0.27   0.09   0.00
                    79                     80                     81
                     A                      A                      A
 Frequencies --  1599.8508              1599.8510              1656.7495
 Red. masses --     2.7071                 2.7071                 3.0564
 Frc consts  --     4.0824                 4.0824                 4.9428
 IR Inten    --     0.0000                 0.0000                 5.6814
 Raman Activ --    36.6478                36.6479                 0.0000
 Depolar (P) --     0.7500                 0.7500                 0.7499
 Depolar (U) --     0.8571                 0.8571                 0.8571
  Atom  AN      X      Y      Z        X      Y      Z        X      Y      Z
     1   6    -0.04  -0.11   0.00     0.08   0.03   0.00     0.08   0.09   0.00
     2   6    -0.01   0.07   0.00     0.06  -0.02   0.00    -0.09  -0.06   0.00
     3   6     0.03   0.00   0.00     0.02   0.03   0.00     0.02   0.03   0.00
     4   6     0.02   0.01   0.00    -0.03   0.02   0.00     0.03  -0.02   0.00
     5   6    -0.02  -0.08   0.00    -0.06  -0.01   0.00    -0.12   0.05   0.00
     6   6    -0.08   0.10   0.00    -0.06  -0.02   0.00     0.07  -0.08   0.00
     7   6     0.01  -0.04   0.00     0.02   0.01   0.00    -0.02  -0.01   0.00
     8   6    -0.01   0.04   0.00    -0.02  -0.01   0.00    -0.02  -0.01   0.00
     9   6    -0.03   0.00   0.00    -0.02  -0.03   0.00     0.02   0.03   0.00
    10   6    -0.02  -0.01   0.00     0.03  -0.02   0.00     0.03  -0.02   0.00
    11   6     0.01  -0.07   0.00    -0.06   0.02   0.00    -0.09  -0.06   0.00
    12   6    -0.07  -0.06   0.00     0.10  -0.01   0.00     0.01  -0.06   0.00
    13   6     0.05   0.03   0.00    -0.06   0.12   0.00     0.02   0.11   0.00
    14   6     0.01   0.05   0.00     0.08   0.00   0.00     0.00   0.02   0.00
    15   6    -0.06  -0.02   0.00    -0.02  -0.12   0.00     0.02  -0.12   0.00
    16   6     0.11  -0.04   0.00     0.06   0.05   0.00     0.04   0.05   0.00
    17   1    -0.25   0.13   0.00    -0.18   0.17   0.00    -0.09   0.13   0.00
    18   1    -0.09   0.17   0.00    -0.06   0.32   0.00    -0.01   0.30   0.00
    19   1     0.32   0.13   0.00    -0.09  -0.10   0.00    -0.32  -0.17   0.00
    20   1     0.36  -0.10   0.00    -0.01  -0.05   0.00    -0.31   0.08   0.00
    21   1     0.17   0.10   0.00    -0.21  -0.24   0.00     0.03  -0.07   0.00
    22   1     0.06   0.06   0.00    -0.02  -0.37   0.00     0.05  -0.22   0.00
    23   6     0.07   0.06   0.00    -0.10   0.01   0.00     0.01  -0.06   0.00
    24   6    -0.05  -0.03   0.00     0.06  -0.12   0.00     0.02   0.11   0.00
    25   6    -0.01  -0.05   0.00    -0.08   0.00   0.00     0.00   0.02   0.00
    26   1    -0.17  -0.10   0.00     0.21   0.24   0.00     0.03  -0.07   0.00
    27   1    -0.06  -0.06   0.00     0.02   0.37   0.00     0.05  -0.22   0.00
    28   6     0.06   0.02   0.00     0.02   0.12   0.00     0.02  -0.12   0.00
    29   6    -0.11   0.04   0.00    -0.06  -0.05   0.00     0.04   0.05   0.00
    30   6     0.02   0.08   0.00     0.06   0.01   0.00    -0.12   0.05   0.00
    31   1     0.09  -0.17   0.00     0.06  -0.32   0.00    -0.01   0.30   0.00
    32   1     0.25  -0.13   0.00     0.18  -0.17   0.00    -0.09   0.13   0.00
    33   6     0.04   0.11   0.00    -0.08  -0.03   0.00     0.08   0.09   0.00
    34   1    -0.32  -0.13   0.00     0.09   0.10   0.00    -0.32  -0.17   0.00
    35   6     0.08  -0.10   0.00     0.06   0.02   0.00     0.07  -0.08   0.00
    36   1    -0.36   0.10   0.00     0.01   0.05   0.00    -0.31   0.08   0.00
                    82                     83                     84
                     A                      A                      A
 Frequencies --  1656.7497              1672.3556              1696.5064
 Red. masses --     3.0564                 6.3355                 3.6620
 Frc consts  --     4.9428                10.4397                 6.2098
 IR Inten    --     5.6815                 0.0000                 0.0000
 Raman Activ --     0.0000                 0.0000                 0.0000
 Depolar (P) --     0.7491                 0.1184                 0.7317
 Depolar (U) --     0.8566                 0.2117                 0.8451
  Atom  AN      X      Y      Z        X      Y      Z        X      Y      Z
     1   6     0.07  -0.01   0.00    -0.12  -0.03   0.00     0.06   0.08   0.00
     2   6     0.07   0.05   0.00     0.07   0.05   0.00    -0.12  -0.08   0.00
     3   6    -0.03   0.00   0.00    -0.17  -0.12   0.00     0.02   0.02   0.00
     4   6     0.02   0.01   0.00     0.19  -0.09   0.00     0.03  -0.01   0.00
     5   6    -0.04   0.02   0.00    -0.07   0.04   0.00    -0.13   0.06   0.00
     6   6    -0.10   0.00   0.00     0.12  -0.01   0.00     0.07  -0.07   0.00
     7   6     0.01  -0.04   0.00    -0.02   0.21   0.00     0.00   0.03   0.00
     8   6     0.01  -0.04   0.00    -0.02   0.21   0.00     0.00  -0.03   0.00
     9   6    -0.03   0.00   0.00    -0.17  -0.12   0.00    -0.02  -0.02   0.00
    10   6     0.02   0.01   0.00     0.19  -0.09   0.00    -0.03   0.01   0.00
    11   6     0.07   0.05   0.00     0.07   0.05   0.00     0.12   0.08   0.00
    12   6    -0.12  -0.05   0.00    -0.07  -0.10   0.00    -0.10  -0.02   0.00
    13   6     0.06  -0.07   0.00     0.04   0.12   0.00     0.04  -0.09   0.00
    14   6    -0.01   0.13   0.00     0.01  -0.08   0.00    -0.01   0.14   0.00
    15   6    -0.06  -0.04   0.00    -0.05   0.11   0.00    -0.03  -0.09   0.00
    16   6     0.12  -0.05   0.00     0.09  -0.09   0.00     0.10  -0.01   0.00
    17   1    -0.30   0.14   0.00    -0.20   0.04   0.00    -0.21   0.14   0.00
    18   1    -0.09   0.19   0.00    -0.04  -0.20   0.00    -0.06   0.24   0.00
    19   1     0.00  -0.08   0.00     0.13   0.16   0.00    -0.23  -0.11   0.00
    20   1     0.13  -0.11   0.00    -0.16   0.13   0.00    -0.24   0.07   0.00
    21   1     0.28   0.23   0.00     0.20   0.07   0.00     0.18   0.18   0.00
    22   1     0.04   0.29   0.00     0.07  -0.19   0.00     0.02   0.25   0.00
    23   6    -0.12  -0.05   0.00    -0.07  -0.10   0.00     0.10   0.02   0.00
    24   6     0.06  -0.07   0.00     0.04   0.12   0.00    -0.04   0.09   0.00
    25   6    -0.01   0.13   0.00     0.01  -0.08   0.00     0.01  -0.14   0.00
    26   1     0.28   0.23   0.00     0.20   0.07   0.00    -0.18  -0.18   0.00
    27   1     0.04   0.29   0.00     0.07  -0.19   0.00    -0.02  -0.25   0.00
    28   6    -0.06  -0.04   0.00    -0.05   0.11   0.00     0.03   0.09   0.00
    29   6     0.12  -0.05   0.00     0.09  -0.09   0.00    -0.10   0.01   0.00
    30   6    -0.04   0.02   0.00    -0.07   0.04   0.00     0.13  -0.06   0.00
    31   1    -0.09   0.19   0.00    -0.04  -0.20   0.00     0.06  -0.24   0.00
    32   1    -0.30   0.14   0.00    -0.20   0.04   0.00     0.21  -0.14   0.00
    33   6     0.07  -0.01   0.00    -0.12  -0.03   0.00    -0.06  -0.08   0.00
    34   1     0.00  -0.08   0.00     0.13   0.16   0.00     0.23   0.11   0.00
    35   6    -0.10   0.00   0.00     0.12  -0.01   0.00    -0.07   0.07   0.00
    36   1     0.13  -0.11   0.00    -0.16   0.13   0.00     0.24  -0.07   0.00
                    85                     86                     87
                     A                      A                      A
 Frequencies --  1747.1509              1792.1542              1809.9460
 Red. masses --    11.2227                 5.2815                 6.1117
 Frc consts  --    20.1840                 9.9945                11.7963
 IR Inten    --     0.0000                 0.0000                 5.6481
 Raman Activ --     0.0000               212.5569                 0.0000
 Depolar (P) --     0.4009                 0.0389                 0.7364
 Depolar (U) --     0.5724                 0.0749                 0.8482
  Atom  AN      X      Y      Z        X      Y      Z        X      Y      Z
     1   6     0.00   0.08   0.00    -0.16  -0.03   0.00    -0.01   0.04   0.00
     2   6     0.15  -0.22   0.00     0.04  -0.06   0.00    -0.05  -0.12   0.00
     3   6    -0.15   0.22   0.00    -0.04   0.06   0.00     0.01   0.10   0.00
     4   6    -0.11  -0.24   0.00     0.03   0.06   0.00     0.05  -0.07   0.00
     5   6     0.12   0.25   0.00    -0.03  -0.07   0.00    -0.10   0.09   0.00
     6   6     0.01  -0.08   0.00     0.17   0.00   0.00     0.06  -0.05   0.00
     7   6     0.26   0.02   0.00    -0.07  -0.01   0.00    -0.12  -0.02   0.00
     8   6     0.26   0.02   0.00     0.07   0.01   0.00    -0.12  -0.02   0.00
     9   6    -0.15   0.22   0.00     0.04  -0.06   0.00     0.01   0.10   0.00
    10   6    -0.11  -0.24   0.00    -0.03  -0.06   0.00     0.05  -0.07   0.00
    11   6     0.15  -0.22   0.00    -0.04   0.06   0.00    -0.05  -0.12   0.00
    12   6    -0.07   0.03   0.00    -0.08  -0.14   0.00     0.13   0.17   0.00
    13   6     0.07  -0.04   0.00     0.06   0.16   0.00    -0.07  -0.18   0.00
    14   6    -0.27  -0.02   0.00    -0.07  -0.01   0.00     0.11   0.03   0.00
    15   6     0.06   0.05   0.00     0.08  -0.14   0.00    -0.09   0.12   0.00
    16   6    -0.07  -0.04   0.00    -0.11   0.13   0.00     0.15  -0.12   0.00
    17   1    -0.06  -0.04   0.00     0.23  -0.01   0.00    -0.26   0.06   0.00
    18   1     0.06   0.04   0.00     0.07   0.22   0.00    -0.08  -0.17   0.00
    19   1    -0.01   0.08   0.00     0.12   0.19   0.00    -0.06   0.02   0.00
    20   1     0.01  -0.08   0.00    -0.15   0.17   0.00    -0.12   0.04   0.00
    21   1    -0.07   0.03   0.00     0.22   0.05   0.00    -0.28  -0.09   0.00
    22   1     0.07  -0.03   0.00     0.10  -0.20   0.00    -0.12   0.21   0.00
    23   6    -0.07   0.03   0.00     0.08   0.14   0.00     0.13   0.17   0.00
    24   6     0.07  -0.04   0.00    -0.06  -0.16   0.00    -0.07  -0.18   0.00
    25   6    -0.27  -0.02   0.00     0.07   0.01   0.00     0.11   0.03   0.00
    26   1    -0.07   0.03   0.00    -0.22  -0.05   0.00    -0.28  -0.09   0.00
    27   1     0.07  -0.03   0.00    -0.10   0.20   0.00    -0.12   0.21   0.00
    28   6     0.06   0.05   0.00    -0.08   0.14   0.00    -0.09   0.12   0.00
    29   6    -0.07  -0.04   0.00     0.11  -0.13   0.00     0.15  -0.12   0.00
    30   6     0.12   0.25   0.00     0.03   0.07   0.00    -0.10   0.09   0.00
    31   1     0.06   0.04   0.00    -0.07  -0.22   0.00    -0.08  -0.17   0.00
    32   1    -0.06  -0.04   0.00    -0.23   0.01   0.00    -0.26   0.06   0.00
    33   6     0.00   0.08   0.00     0.16   0.03   0.00    -0.01   0.04   0.00
    34   1    -0.01   0.08   0.00    -0.12  -0.19   0.00    -0.06   0.02   0.00
    35   6     0.01  -0.08   0.00    -0.17   0.00   0.00     0.06  -0.05   0.00
    36   1     0.01  -0.08   0.00     0.15  -0.17   0.00    -0.12   0.04   0.00
                    88                     89                     90
                     A                      A                      A
 Frequencies --  1809.9462              1821.1930              1821.1931
 Red. masses --     6.1117                 7.7660                 7.7660
 Frc consts  --    11.7963                15.1760                15.1760
 IR Inten    --     5.6481                 0.0000                 0.0000
 Raman Activ --     0.0000               262.1352               262.1342
 Depolar (P) --     0.7424                 0.7500                 0.7500
 Depolar (U) --     0.8522                 0.8571                 0.8571
  Atom  AN      X      Y      Z        X      Y      Z        X      Y      Z
     1   6     0.21   0.06   0.00    -0.18  -0.05   0.00    -0.03  -0.05   0.00
     2   6    -0.12   0.02   0.00     0.16   0.01   0.00     0.01   0.15   0.00
     3   6     0.10  -0.05   0.00    -0.20   0.00   0.00     0.00  -0.21   0.00
     4   6    -0.08  -0.09   0.00     0.20   0.00   0.00     0.00   0.21   0.00
     5   6     0.09   0.08   0.00    -0.16   0.01   0.00     0.01  -0.15   0.00
     6   6    -0.21   0.01   0.00     0.19  -0.03   0.00     0.00   0.04   0.00
     7   6    -0.03   0.08   0.00     0.21   0.00   0.00     0.00   0.20   0.00
     8   6    -0.03   0.08   0.00    -0.21   0.00   0.00     0.00  -0.20   0.00
     9   6     0.10  -0.05   0.00     0.20   0.00   0.00     0.00   0.21   0.00
    10   6    -0.08  -0.09   0.00    -0.20   0.00   0.00     0.00  -0.21   0.00
    11   6    -0.12   0.02   0.00    -0.16  -0.01   0.00    -0.01  -0.15   0.00
    12   6     0.01  -0.06   0.00     0.09   0.06   0.00     0.08   0.14   0.00
    13   6    -0.01   0.12   0.00    -0.05  -0.05   0.00    -0.02  -0.18   0.00
    14   6     0.03  -0.13   0.00     0.14   0.00   0.00     0.00   0.16   0.00
    15   6    -0.04   0.16   0.00    -0.07   0.06   0.00     0.04  -0.16   0.00
    16   6     0.05  -0.10   0.00     0.12  -0.06   0.00    -0.08   0.11   0.00
    17   1    -0.13  -0.03   0.00    -0.15   0.06   0.00     0.19   0.00   0.00
    18   1    -0.02  -0.23   0.00    -0.06  -0.12   0.00     0.02   0.22   0.00
    19   1    -0.17  -0.23   0.00     0.15   0.20   0.00     0.06   0.00   0.00
    20   1     0.18  -0.20   0.00    -0.19   0.16   0.00     0.03   0.03   0.00
    21   1     0.06  -0.04   0.00    -0.11  -0.08   0.00    -0.21  -0.05   0.00
    22   1     0.02  -0.17   0.00    -0.07   0.07   0.00    -0.07   0.22   0.00
    23   6     0.01  -0.06   0.00    -0.09  -0.06   0.00    -0.08  -0.14   0.00
    24   6    -0.01   0.12   0.00     0.05   0.05   0.00     0.02   0.18   0.00
    25   6     0.03  -0.13   0.00    -0.14   0.00   0.00     0.00  -0.16   0.00
    26   1     0.06  -0.04   0.00     0.11   0.08   0.00     0.21   0.05   0.00
    27   1     0.02  -0.17   0.00     0.07  -0.07   0.00     0.07  -0.22   0.00
    28   6    -0.04   0.16   0.00     0.07  -0.06   0.00    -0.04   0.16   0.00
    29   6     0.05  -0.10   0.00    -0.12   0.06   0.00     0.08  -0.11   0.00
    30   6     0.09   0.08   0.00     0.16  -0.01   0.00    -0.01   0.15   0.00
    31   1    -0.02  -0.23   0.00     0.06   0.12   0.00    -0.02  -0.22   0.00
    32   1    -0.13  -0.03   0.00     0.15  -0.06   0.00    -0.19   0.00   0.00
    33   6     0.21   0.06   0.00     0.18   0.05   0.00     0.03   0.05   0.00
    34   1    -0.17  -0.23   0.00    -0.15  -0.20   0.00    -0.06   0.00   0.00
    35   6    -0.21   0.01   0.00    -0.19   0.03   0.00     0.00  -0.04   0.00
    36   1     0.18  -0.20   0.00     0.19  -0.16   0.00    -0.03  -0.03   0.00
                    91                     92                     93
                     A                      A                      A
 Frequencies --  3337.1555              3338.3924              3338.3924
 Red. masses --     1.0878                 1.0881                 1.0881
 Frc consts  --     7.1374                 7.1447                 7.1447
 IR Inten    --     0.0000                 5.3754                 5.3753
 Raman Activ --     0.0000                 0.0000                 0.0000
 Depolar (P) --     0.6789                 0.7391                 0.7294
 Depolar (U) --     0.8087                 0.8500                 0.8435
  Atom  AN      X      Y      Z        X      Y      Z        X      Y      Z
     1   6     0.01  -0.02   0.00     0.02  -0.03   0.00    -0.01   0.01   0.00
     2   6     0.00   0.00   0.00     0.00   0.00   0.00     0.00   0.00   0.00
     3   6     0.00   0.00   0.00     0.00   0.00   0.00     0.00   0.00   0.00
     4   6     0.00   0.00   0.00     0.00   0.00   0.00     0.00   0.00   0.00
     5   6     0.00   0.00   0.00     0.00   0.00   0.00     0.00   0.00   0.00
     6   6     0.01   0.02   0.00     0.01   0.03   0.00    -0.01  -0.02   0.00
     7   6     0.00   0.00   0.00     0.00   0.00   0.00     0.00   0.00   0.00
     8   6     0.00   0.00   0.00     0.00   0.00   0.00     0.00   0.00   0.00
     9   6     0.00   0.00   0.00     0.00   0.00   0.00     0.00   0.00   0.00
    10   6     0.00   0.00   0.00     0.00   0.00   0.00     0.00   0.00   0.00
    11   6     0.00   0.00   0.00     0.00   0.00   0.00     0.00   0.00   0.00
    12   6     0.01  -0.02   0.00    -0.02   0.03   0.00    -0.01   0.01   0.00
    13   6    -0.02   0.00   0.00     0.03   0.00   0.00     0.02   0.00   0.00
    14   6     0.00   0.00   0.00     0.00   0.00   0.00     0.00   0.00   0.00
    15   6     0.02   0.00   0.00     0.00   0.00   0.00    -0.03   0.00   0.00
    16   6    -0.01  -0.02   0.00     0.00   0.00   0.00     0.02   0.03   0.00
    17   1     0.12   0.26   0.00     0.02   0.05   0.00    -0.17  -0.36   0.00
    18   1    -0.29  -0.02   0.00     0.03   0.00   0.00     0.40   0.03   0.00
    19   1    -0.16   0.24   0.00    -0.22   0.31   0.00     0.09  -0.12   0.00
    20   1    -0.12  -0.26   0.00    -0.14  -0.31   0.00     0.10   0.20   0.00
    21   1    -0.16   0.24   0.00     0.21  -0.30   0.00     0.10  -0.15   0.00
    22   1     0.29   0.02   0.00    -0.32  -0.03   0.00    -0.25  -0.02   0.00
    23   6    -0.01   0.02   0.00    -0.02   0.03   0.00    -0.01   0.01   0.00
    24   6     0.02   0.00   0.00     0.03   0.00   0.00     0.02   0.00   0.00
    25   6     0.00   0.00   0.00     0.00   0.00   0.00     0.00   0.00   0.00
    26   1     0.16  -0.24   0.00     0.21  -0.30   0.00     0.10  -0.15   0.00
    27   1    -0.29  -0.02   0.00    -0.32  -0.03   0.00    -0.25  -0.02   0.00
    28   6    -0.02   0.00   0.00     0.00   0.00   0.00    -0.03   0.00   0.00
    29   6     0.01   0.02   0.00     0.00   0.00   0.00     0.02   0.03   0.00
    30   6     0.00   0.00   0.00     0.00   0.00   0.00     0.00   0.00   0.00
    31   1     0.29   0.02   0.00     0.03   0.00   0.00     0.40   0.03   0.00
    32   1    -0.12  -0.26   0.00     0.02   0.05   0.00    -0.17  -0.36   0.00
    33   6    -0.01   0.02   0.00     0.02  -0.03   0.00    -0.01   0.01   0.00
    34   1     0.16  -0.24   0.00    -0.22   0.31   0.00     0.09  -0.12   0.00
    35   6    -0.01  -0.02   0.00     0.01   0.03   0.00    -0.01  -0.02   0.00
    36   1     0.12   0.26   0.00    -0.14  -0.31   0.00     0.10   0.20   0.00
                    94                     95                     96
                     A                      A                      A
 Frequencies --  3341.0758              3341.0759              3342.2758
 Red. masses --     1.0884                 1.0884                 1.0880
 Frc consts  --     7.1582                 7.1582                 7.1611
 IR Inten    --     0.0000                 0.0000                 0.0000
 Raman Activ --   149.7677               149.7681                 0.0000
 Depolar (P) --     0.7500                 0.7500                 0.7497
 Depolar (U) --     0.8571                 0.8571                 0.8570
  Atom  AN      X      Y      Z        X      Y      Z        X      Y      Z
     1   6    -0.02   0.03   0.00    -0.01   0.01   0.00     0.01  -0.02   0.00
     2   6     0.00   0.00   0.00     0.00   0.00   0.00     0.00   0.00   0.00
     3   6     0.00   0.00   0.00     0.00   0.00   0.00     0.00   0.00   0.00
     4   6     0.00   0.00   0.00     0.00   0.00   0.00     0.00   0.00   0.00
     5   6     0.00   0.00   0.00     0.00   0.00   0.00     0.00   0.00   0.00
     6   6    -0.01  -0.03   0.00     0.00  -0.01   0.00     0.01   0.02   0.00
     7   6     0.00   0.00   0.00     0.00   0.00   0.00     0.00   0.00   0.00
     8   6     0.00   0.00   0.00     0.00   0.00   0.00     0.00   0.00   0.00
     9   6     0.00   0.00   0.00     0.00   0.00   0.00     0.00   0.00   0.00
    10   6     0.00   0.00   0.00     0.00   0.00   0.00     0.00   0.00   0.00
    11   6     0.00   0.00   0.00     0.00   0.00   0.00     0.00   0.00   0.00
    12   6     0.01  -0.02   0.00    -0.01   0.02   0.00     0.01  -0.02   0.00
    13   6    -0.03   0.00   0.00     0.02   0.00   0.00    -0.02   0.00   0.00
    14   6     0.00   0.00   0.00     0.00   0.00   0.00     0.00   0.00   0.00
    15   6     0.01   0.00   0.00     0.03   0.00   0.00    -0.02   0.00   0.00
    16   6     0.00   0.00   0.00    -0.02  -0.03   0.00     0.01   0.02   0.00
    17   1     0.00   0.00   0.00     0.17   0.37   0.00    -0.12  -0.26   0.00
    18   1    -0.11  -0.01   0.00    -0.39  -0.03   0.00     0.29   0.03   0.00
    19   1     0.20  -0.29   0.00     0.11  -0.16   0.00    -0.16   0.24   0.00
    20   1     0.17   0.36   0.00     0.04   0.09   0.00    -0.12  -0.26   0.00
    21   1    -0.16   0.23   0.00     0.17  -0.24   0.00    -0.17   0.24   0.00
    22   1     0.35   0.03   0.00    -0.21  -0.02   0.00     0.29   0.02   0.00
    23   6    -0.01   0.02   0.00     0.01  -0.02   0.00     0.01  -0.02   0.00
    24   6     0.03   0.00   0.00    -0.02   0.00   0.00    -0.02   0.00   0.00
    25   6     0.00   0.00   0.00     0.00   0.00   0.00     0.00   0.00   0.00
    26   1     0.16  -0.23   0.00    -0.17   0.24   0.00    -0.17   0.24   0.00
    27   1    -0.35  -0.03   0.00     0.21   0.02   0.00     0.29   0.02   0.00
    28   6    -0.01   0.00   0.00    -0.03   0.00   0.00    -0.02   0.00   0.00
    29   6     0.00   0.00   0.00     0.02   0.03   0.00     0.01   0.02   0.00
    30   6     0.00   0.00   0.00     0.00   0.00   0.00     0.00   0.00   0.00
    31   1     0.11   0.01   0.00     0.39   0.03   0.00     0.29   0.03   0.00
    32   1     0.00   0.00   0.00    -0.17  -0.37   0.00    -0.12  -0.26   0.00
    33   6     0.02  -0.03   0.00     0.01  -0.01   0.00     0.01  -0.02   0.00
    34   1    -0.20   0.29   0.00    -0.11   0.16   0.00    -0.16   0.24   0.00
    35   6     0.01   0.03   0.00     0.00   0.01   0.00     0.01   0.02   0.00
    36   1    -0.17  -0.36   0.00    -0.04  -0.09   0.00    -0.12  -0.26   0.00
                    97                     98                     99
                     A                      A                      A
 Frequencies --  3357.7399              3359.5170              3359.5170
 Red. masses --     1.0979                 1.0976                 1.0976
 Frc consts  --     7.2929                 7.2984                 7.2984
 IR Inten    --     0.0000                 0.0000                 0.0000
 Raman Activ --     0.0000               243.5513               243.5518
 Depolar (P) --     0.3081                 0.7500                 0.7500
 Depolar (U) --     0.4711                 0.8571                 0.8571
  Atom  AN      X      Y      Z        X      Y      Z        X      Y      Z
     1   6    -0.02   0.02   0.00     0.02  -0.02   0.00    -0.01   0.02   0.00
     2   6     0.00   0.00   0.00     0.00   0.00   0.00     0.00   0.00   0.00
     3   6     0.00   0.00   0.00     0.00   0.00   0.00     0.00   0.00   0.00
     4   6     0.00   0.00   0.00     0.00   0.00   0.00     0.00   0.00   0.00
     5   6     0.00   0.00   0.00     0.00   0.00   0.00     0.00   0.00   0.00
     6   6     0.01   0.02   0.00    -0.02  -0.03   0.00     0.01   0.01   0.00
     7   6     0.00   0.00   0.00     0.00   0.00   0.00     0.00   0.00   0.00
     8   6     0.00   0.00   0.00     0.00   0.00   0.00     0.00   0.00   0.00
     9   6     0.00   0.00   0.00     0.00   0.00   0.00     0.00   0.00   0.00
    10   6     0.00   0.00   0.00     0.00   0.00   0.00     0.00   0.00   0.00
    11   6     0.00   0.00   0.00     0.00   0.00   0.00     0.00   0.00   0.00
    12   6     0.01  -0.02   0.00     0.01  -0.02   0.00     0.01  -0.02   0.00
    13   6     0.03   0.00   0.00     0.03   0.00   0.00     0.02   0.00   0.00
    14   6     0.00   0.00   0.00     0.00   0.00   0.00     0.00   0.00   0.00
    15   6    -0.03   0.00   0.00     0.01   0.00   0.00    -0.04   0.00   0.00
    16   6    -0.01  -0.02   0.00     0.00   0.00   0.00    -0.01  -0.03   0.00
    17   1     0.12   0.26   0.00     0.01   0.01   0.00     0.17   0.37   0.00
    18   1     0.29   0.02   0.00    -0.10  -0.01   0.00     0.39   0.03   0.00
    19   1     0.17  -0.23   0.00    -0.20   0.28   0.00     0.12  -0.18   0.00
    20   1    -0.12  -0.26   0.00     0.17   0.35   0.00    -0.05  -0.10   0.00
    21   1    -0.16   0.24   0.00    -0.17   0.24   0.00    -0.16   0.23   0.00
    22   1    -0.29  -0.03   0.00    -0.36  -0.03   0.00    -0.19  -0.02   0.00
    23   6     0.01  -0.02   0.00    -0.01   0.02   0.00    -0.01   0.02   0.00
    24   6     0.03   0.00   0.00    -0.03   0.00   0.00    -0.02   0.00   0.00
    25   6     0.00   0.00   0.00     0.00   0.00   0.00     0.00   0.00   0.00
    26   1    -0.16   0.24   0.00     0.17  -0.24   0.00     0.16  -0.23   0.00
    27   1    -0.29  -0.03   0.00     0.36   0.03   0.00     0.19   0.02   0.00
    28   6    -0.03   0.00   0.00    -0.01   0.00   0.00     0.04   0.00   0.00
    29   6    -0.01  -0.02   0.00     0.00   0.00   0.00     0.01   0.03   0.00
    30   6     0.00   0.00   0.00     0.00   0.00   0.00     0.00   0.00   0.00
    31   1     0.29   0.02   0.00     0.10   0.01   0.00    -0.39  -0.03   0.00
    32   1     0.12   0.26   0.00    -0.01  -0.01   0.00    -0.17  -0.37   0.00
    33   6    -0.02   0.02   0.00    -0.02   0.02   0.00     0.01  -0.02   0.00
    34   1     0.17  -0.23   0.00     0.20  -0.28   0.00    -0.12   0.18   0.00
    35   6     0.01   0.02   0.00     0.02   0.03   0.00    -0.01  -0.01   0.00
    36   1    -0.12  -0.26   0.00    -0.17  -0.35   0.00     0.05   0.10   0.00
                   100                    101                    102
                     A                      A                      A
 Frequencies --  3362.2930              3362.2931              3363.9627
 Red. masses --     1.0972                 1.0972                 1.0970
 Frc consts  --     7.3083                 7.3083                 7.3140
 IR Inten    --   106.5302               106.5302                 0.0000
 Raman Activ --     0.0000                 0.0000              1079.5494
 Depolar (P) --     0.7123                 0.2427                 0.1336
 Depolar (U) --     0.8320                 0.3906                 0.2356
  Atom  AN      X      Y      Z        X      Y      Z        X      Y      Z
     1   6    -0.02   0.03   0.00     0.01  -0.01   0.00     0.02  -0.02   0.00
     2   6     0.00   0.00   0.00     0.00   0.00   0.00     0.00   0.00   0.00
     3   6     0.00   0.00   0.00     0.00   0.00   0.00     0.00   0.00   0.00
     4   6     0.00   0.00   0.00     0.00   0.00   0.00     0.00   0.00   0.00
     5   6     0.00   0.00   0.00     0.00   0.00   0.00     0.00   0.00   0.00
     6   6     0.01   0.03   0.00    -0.01  -0.02   0.00    -0.01  -0.02   0.00
     7   6     0.00   0.00   0.00     0.00   0.00   0.00     0.00   0.00   0.00
     8   6     0.00   0.00   0.00     0.00   0.00   0.00     0.00   0.00   0.00
     9   6     0.00   0.00   0.00     0.00   0.00   0.00     0.00   0.00   0.00
    10   6     0.00   0.00   0.00     0.00   0.00   0.00     0.00   0.00   0.00
    11   6     0.00   0.00   0.00     0.00   0.00   0.00     0.00   0.00   0.00
    12   6    -0.02   0.03   0.00    -0.01   0.01   0.00    -0.01   0.02   0.00
    13   6    -0.03   0.00   0.00    -0.02   0.00   0.00    -0.03   0.00   0.00
    14   6     0.00   0.00   0.00     0.00   0.00   0.00     0.00   0.00   0.00
    15   6     0.00   0.00   0.00    -0.04   0.00   0.00    -0.03   0.00   0.00
    16   6     0.00   0.00   0.00    -0.01  -0.03   0.00    -0.01  -0.02   0.00
    17   1    -0.01  -0.03   0.00     0.17   0.37   0.00     0.12   0.26   0.00
    18   1     0.06   0.01   0.00     0.40   0.03   0.00     0.29   0.02   0.00
    19   1     0.21  -0.30   0.00    -0.10   0.14   0.00    -0.17   0.24   0.00
    20   1    -0.14  -0.29   0.00     0.11   0.23   0.00     0.12   0.26   0.00
    21   1     0.21  -0.31   0.00     0.09  -0.13   0.00     0.16  -0.24   0.00
    22   1     0.33   0.03   0.00     0.23   0.02   0.00     0.29   0.03   0.00
    23   6    -0.02   0.03   0.00    -0.01   0.01   0.00     0.01  -0.02   0.00
    24   6    -0.03   0.00   0.00    -0.02   0.00   0.00     0.03   0.00   0.00
    25   6     0.00   0.00   0.00     0.00   0.00   0.00     0.00   0.00   0.00
    26   1     0.21  -0.31   0.00     0.09  -0.13   0.00    -0.16   0.24   0.00
    27   1     0.33   0.03   0.00     0.23   0.02   0.00    -0.29  -0.03   0.00
    28   6     0.00   0.00   0.00    -0.04   0.00   0.00     0.03   0.00   0.00
    29   6     0.00   0.00   0.00    -0.01  -0.03   0.00     0.01   0.02   0.00
    30   6     0.00   0.00   0.00     0.00   0.00   0.00     0.00   0.00   0.00
    31   1     0.06   0.01   0.00     0.40   0.03   0.00    -0.29  -0.02   0.00
    32   1    -0.01  -0.03   0.00     0.17   0.37   0.00    -0.12  -0.26   0.00
    33   6    -0.02   0.03   0.00     0.01  -0.01   0.00    -0.02   0.02   0.00
    34   1     0.21  -0.30   0.00    -0.10   0.14   0.00     0.17  -0.24   0.00
    35   6     0.01   0.03   0.00    -0.01  -0.02   0.00     0.01   0.02   0.00
    36   1    -0.14  -0.29   0.00     0.11   0.23   0.00    -0.12  -0.26   0.00

 -------------------
 - Thermochemistry -
 -------------------
 Temperature   298.150 Kelvin.  Pressure   1.00000 Atm.
 Atom     1 has atomic number  6 and mass  12.00000
 Atom     2 has atomic number  6 and mass  12.00000
 Atom     3 has atomic number  6 and mass  12.00000
 Atom     4 has atomic number  6 and mass  12.00000
 Atom     5 has atomic number  6 and mass  12.00000
 Atom     6 has atomic number  6 and mass  12.00000
 Atom     7 has atomic number  6 and mass  12.00000
 Atom     8 has atomic number  6 and mass  12.00000
 Atom     9 has atomic number  6 and mass  12.00000
 Atom    10 has atomic number  6 and mass  12.00000
 Atom    11 has atomic number  6 and mass  12.00000
 Atom    12 has atomic number  6 and mass  12.00000
 Atom    13 has atomic number  6 and mass  12.00000
 Atom    14 has atomic number  6 and mass  12.00000
 Atom    15 has atomic number  6 and mass  12.00000
 Atom    16 has atomic number  6 and mass  12.00000
 Atom    17 has atomic number  1 and mass   1.00783
 Atom    18 has atomic number  1 and mass   1.00783
 Atom    19 has atomic number  1 and mass   1.00783
 Atom    20 has atomic number  1 and mass   1.00783
 Atom    21 has atomic number  1 and mass   1.00783
 Atom    22 has atomic number  1 and mass   1.00783
 Atom    23 has atomic number  6 and mass  12.00000
 Atom    24 has atomic number  6 and mass  12.00000
 Atom    25 has atomic number  6 and mass  12.00000
 Atom    26 has atomic number  1 and mass   1.00783
 Atom    27 has atomic number  1 and mass   1.00783
 Atom    28 has atomic number  6 and mass  12.00000
 Atom    29 has atomic number  6 and mass  12.00000
 Atom    30 has atomic number  6 and mass  12.00000
 Atom    31 has atomic number  1 and mass   1.00783
 Atom    32 has atomic number  1 and mass   1.00783
 Atom    33 has atomic number  6 and mass  12.00000
 Atom    34 has atomic number  1 and mass   1.00783
 Atom    35 has atomic number  6 and mass  12.00000
 Atom    36 has atomic number  1 and mass   1.00783
 Molecular mass:   300.09390 amu.
 Principal axes and moments of inertia in atomic units:
                           1         2         3
     Eigenvalues --  5354.663355354.66357**********
           X            1.00000  -0.00285   0.00000
           Y            0.00285   1.00000   0.00000
           Z            0.00000   0.00000   1.00000
 This molecule is an asymmetric top.
 Rotational symmetry number  1.
 Warning -- assumption of classical behavior for rotation
           may cause significant error
 Rotational temperatures (Kelvin)      0.01618     0.01618     0.00809
 Rotational constants (GHZ):           0.33704     0.33704     0.16852
 Zero-point vibrational energy     783219.9 (Joules/Mol)
                                  187.19404 (Kcal/Mol)
 Warning -- explicit consideration of  25 degrees of freedom as
           vibrations may cause significant error
 Vibrational temperatures:    137.06   137.06   195.12   259.36   350.55
          (Kelvin)            465.91   465.91   470.88   470.88   566.39
                              566.39   587.27   587.27   713.45   713.45
                              733.31   734.91   760.99   760.99   814.37
                              825.63   857.86   857.86   875.35   875.86
                              990.93  1034.95  1044.05  1044.05  1048.99
                             1048.99  1129.96  1183.54  1183.54  1207.98
                             1207.98  1232.59  1265.13  1265.13  1292.61
                             1292.61  1359.44  1359.44  1390.62  1457.15
                             1552.08  1552.08  1564.64  1575.59  1575.59
                             1591.44  1591.44  1600.19  1602.61  1606.45
                             1798.71  1798.71  1827.08  1827.27  1827.27
                             1835.99  1876.32  1876.32  1903.24  1903.24
                             1925.77  1944.47  2057.01  2057.01  2085.57
                             2095.81  2189.03  2189.03  2195.61  2195.61
                             2250.10  2250.10  2250.88  2301.83  2301.83
                             2383.69  2383.69  2406.14  2440.89  2513.76
                             2578.51  2604.11  2604.11  2620.29  2620.29
                             4801.42  4803.20  4803.20  4807.06  4807.06
                             4808.78  4831.03  4833.59  4833.59  4837.58
                             4837.58  4839.99
 
 Zero-point correction=                           0.298313 (Hartree/Particle)
 Thermal correction to Energy=                    0.311382
 Thermal correction to Enthalpy=                  0.312327
 Thermal correction to Gibbs Free Energy=         0.259266
 Sum of electronic and zero-point Energies=           -915.695174
 Sum of electronic and thermal Energies=              -915.682104
 Sum of electronic and thermal Enthalpies=            -915.681160
 Sum of electronic and thermal Free Energies=         -915.734221
 
                     E (Thermal)             CV                S
                      KCal/Mol        Cal/Mol-Kelvin    Cal/Mol-Kelvin
 Total                  195.395             59.433            111.675
 Electronic               0.000              0.000              0.000
 Translational            0.889              2.981             42.994
 Rotational               0.889              2.981             34.084
 Vibrational            193.618             53.472             34.597
 Vibration     1          0.603              1.953              3.549
 Vibration     2          0.603              1.953              3.549
 Vibration     3          0.613              1.918              2.865
 Vibration     4          0.629              1.866              2.326
 Vibration     5          0.659              1.773              1.776
 Vibration     6          0.708              1.628              1.291
 Vibration     7          0.708              1.628              1.291
 Vibration     8          0.711              1.621              1.274
 Vibration     9          0.711              1.621              1.274
 Vibration    10          0.761              1.484              0.986
 Vibration    11          0.761              1.484              0.986
 Vibration    12          0.773              1.452              0.933
 Vibration    13          0.773              1.452              0.933
 Vibration    14          0.851              1.259              0.669
 Vibration    15          0.851              1.259              0.669
 Vibration    16          0.865              1.229              0.634
 Vibration    17          0.866              1.226              0.632
 Vibration    18          0.884              1.186              0.590
 Vibration    19          0.884              1.186              0.590
 Vibration    20          0.922              1.105              0.512
 Vibration    21          0.930              1.088              0.497
 Vibration    22          0.954              1.040              0.456
 Vibration    23          0.954              1.040              0.456
 Vibration    24          0.967              1.014              0.435
 Vibration    25          0.968              1.013              0.435
                       Q            Log10(Q)             Ln(Q)
 Total Bot       0.557185-119       -119.254001       -274.592484
 Total V=0       0.912058D+18         17.960022         41.354480
 Vib (Bot)       0.434709-134       -134.361801       -309.379481
 Vib (Bot)    1  0.215628D+01          0.333705          0.768385
 Vib (Bot)    2  0.215628D+01          0.333705          0.768384
 Vib (Bot)    3  0.150112D+01          0.176415          0.406211
 Vib (Bot)    4  0.111411D+01          0.046928          0.108057
 Vib (Bot)    5  0.803429D+00         -0.095053         -0.218867
 Vib (Bot)    6  0.579175D+00         -0.237190         -0.546150
 Vib (Bot)    7  0.579175D+00         -0.237190         -0.546150
 Vib (Bot)    8  0.571868D+00         -0.242704         -0.558847
 Vib (Bot)    9  0.571868D+00         -0.242704         -0.558847
 Vib (Bot)   10  0.454857D+00         -0.342125         -0.787773
 Vib (Bot)   11  0.454857D+00         -0.342125         -0.787773
 Vib (Bot)   12  0.434040D+00         -0.362470         -0.834617
 Vib (Bot)   13  0.434040D+00         -0.362470         -0.834618
 Vib (Bot)   14  0.332653D+00         -0.478008         -1.100655
 Vib (Bot)   15  0.332653D+00         -0.478008         -1.100655
 Vib (Bot)   16  0.319687D+00         -0.495275         -1.140413
 Vib (Bot)   17  0.318672D+00         -0.496656         -1.143592
 Vib (Bot)   18  0.302675D+00         -0.519024         -1.195097
 Vib (Bot)   19  0.302675D+00         -0.519024         -1.195097
 Vib (Bot)   20  0.272980D+00         -0.563870         -1.298358
 Vib (Bot)   21  0.267182D+00         -0.573194         -1.319827
 Vib (Bot)   22  0.251399D+00         -0.599636         -1.380713
 Vib (Bot)   23  0.251399D+00         -0.599636         -1.380713
 Vib (Bot)   24  0.243310D+00         -0.613841         -1.413421
 Vib (Bot)   25  0.243078D+00         -0.614255         -1.414374
 Vib (V=0)       0.711577D+03          2.852222          6.567483
 Vib (V=0)    1  0.271349D+01          0.433529          0.998237
 Vib (V=0)    2  0.271349D+01          0.433528          0.998236
 Vib (V=0)    3  0.208220D+01          0.318523          0.733426
 Vib (V=0)    4  0.172116D+01          0.235822          0.543001
 Vib (V=0)    5  0.144631D+01          0.160261          0.369014
 Vib (V=0)    6  0.126514D+01          0.102140          0.235185
 Vib (V=0)    7  0.126514D+01          0.102140          0.235185
 Vib (V=0)    8  0.125963D+01          0.100242          0.230816
 Vib (V=0)    9  0.125963D+01          0.100242          0.230816
 Vib (V=0)   10  0.117594D+01          0.070385          0.162068
 Vib (V=0)   11  0.117594D+01          0.070385          0.162068
 Vib (V=0)   12  0.116211D+01          0.065248          0.150238
 Vib (V=0)   13  0.116211D+01          0.065248          0.150238
 Vib (V=0)   14  0.110055D+01          0.041609          0.095808
 Vib (V=0)   15  0.110055D+01          0.041609          0.095808
 Vib (V=0)   16  0.109346D+01          0.038805          0.089351
 Vib (V=0)   17  0.109292D+01          0.038588          0.088851
 Vib (V=0)   18  0.108448D+01          0.035220          0.081097
 Vib (V=0)   19  0.108448D+01          0.035220          0.081097
 Vib (V=0)   20  0.106966D+01          0.029248          0.067345
 Vib (V=0)   21  0.106691D+01          0.028127          0.064766
 Vib (V=0)   22  0.105964D+01          0.025160          0.057933
 Vib (V=0)   23  0.105964D+01          0.025160          0.057933
 Vib (V=0)   24  0.105606D+01          0.023687          0.054542
 Vib (V=0)   25  0.105596D+01          0.023646          0.054446
 Electronic      0.100000D+01          0.000000          0.000000
 Translational   0.204334D+09          8.310341         19.135267
 Rotational      0.627277D+07          6.797460         15.651729
 ***** Axes restored to original set *****
 -------------------------------------------------------------------
 Center     Atomic                   Forces (Hartrees/Bohr)
 Number     Number              X              Y              Z
 -------------------------------------------------------------------
      1        6          -0.000129947    0.000016904    0.000000398
      2        6           0.000060366    0.000109605   -0.000000387
      3        6          -0.000043721   -0.000078445    0.000000874
      4        6          -0.000089759   -0.000001763    0.000000013
      5        6           0.000125081    0.000001927   -0.000000300
      6        6          -0.000046050   -0.000122747    0.000000161
      7        6           0.000046553   -0.000077014   -0.000000568
      8        6          -0.000046194    0.000077107   -0.000000263
      9        6           0.000043447    0.000078558   -0.000000180
     10        6           0.000089695    0.000001489   -0.000000117
     11        6          -0.000060692   -0.000109323    0.000001788
     12        6          -0.000083472    0.000101274   -0.000000187
     13        6           0.000079801    0.000104203    0.000000851
     14        6           0.000064642   -0.000107220   -0.000001091
     15        6          -0.000129744   -0.000021791    0.000000573
     16        6          -0.000050317    0.000121559    0.000000556
     17        1           0.000050932   -0.000021082   -0.000000319
     18        1           0.000044900   -0.000032001   -0.000000184
     19        1           0.000043682    0.000033588   -0.000000016
     20        1           0.000050162    0.000022841   -0.000000212
     21        1          -0.000005279   -0.000054869   -0.000000433
     22        1           0.000007238   -0.000054639   -0.000000147
     23        6           0.000083741   -0.000101494   -0.000000885
     24        6          -0.000080129   -0.000104415    0.000000872
     25        6          -0.000064357    0.000107486   -0.000000884
     26        1           0.000005271    0.000054886    0.000000371
     27        1          -0.000007204    0.000054672   -0.000000272
     28        6           0.000129380    0.000021522    0.000001939
     29        6           0.000050355   -0.000121094   -0.000000476
     30        6          -0.000125042   -0.000002318   -0.000000090
     31        1          -0.000044856    0.000032019   -0.000000684
     32        1          -0.000050929    0.000021047   -0.000000159
     33        6           0.000130290   -0.000017106   -0.000001467
     34        1          -0.000043717   -0.000033597    0.000000214
     35        6           0.000046041    0.000123079    0.000000611
     36        1          -0.000050169   -0.000022845    0.000000099
 -------------------------------------------------------------------
 Cartesian Forces:  Max     0.000130290 RMS     0.000059771

 GradGradGradGradGradGradGradGradGradGradGradGradGradGradGradGradGradGrad
 Berny optimization.
 Internal  Forces:  Max     0.000066243 RMS     0.000023949
 Search for a local minimum.
 Step number   1 out of a maximum of    2
 All quantities printed in internal units (Hartrees-Bohrs-Radians)
 Second derivative matrix not updated -- analytic derivatives used.
     Eigenvalues ---    0.00970   0.01502   0.01502   0.01631   0.01698
     Eigenvalues ---    0.01817   0.01817   0.01845   0.02073   0.02073
     Eigenvalues ---    0.02132   0.02132   0.02274   0.02323   0.02323
     Eigenvalues ---    0.02487   0.02487   0.02528   0.02591   0.02591
     Eigenvalues ---    0.02642   0.02707   0.02707   0.02863   0.02963
     Eigenvalues ---    0.02963   0.02993   0.03009   0.03075   0.03075
     Eigenvalues ---    0.03095   0.03095   0.03112   0.12616   0.13020
     Eigenvalues ---    0.13020   0.13272   0.13272   0.13717   0.13810
     Eigenvalues ---    0.14173   0.14173   0.14318   0.14318   0.14405
     Eigenvalues ---    0.19390   0.19904   0.19904   0.20055   0.21795
     Eigenvalues ---    0.21795   0.22387   0.22577   0.22871   0.22871
     Eigenvalues ---    0.23009   0.23009   0.23364   0.24101   0.24373
     Eigenvalues ---    0.24373   0.26766   0.27967   0.27967   0.29488
     Eigenvalues ---    0.29488   0.32022   0.32022   0.36013   0.36521
     Eigenvalues ---    0.37694   0.39274   0.39274   0.39465   0.39598
     Eigenvalues ---    0.39598   0.39642   0.39732   0.39732   0.39775
     Eigenvalues ---    0.39775   0.39825   0.39897   0.40598   0.40598
     Eigenvalues ---    0.41214   0.43286   0.43286   0.43666   0.43666
     Eigenvalues ---    0.47957   0.47957   0.48929   0.49699   0.49699
     Eigenvalues ---    0.50472   0.57205   0.57590   0.58320   0.58320
     Eigenvalues ---    0.58385   0.583851000.000001000.000001000.00000
     Eigenvalues --- 1000.000001000.000001000.000001000.000001000.00000
     Eigenvalues --- 1000.000001000.000001000.000001000.000001000.00000
     Eigenvalues --- 1000.000001000.000001000.000001000.000001000.00000
     Eigenvalues --- 1000.000001000.000001000.000001000.000001000.00000
     Eigenvalues --- 1000.000001000.000001000.000001000.000001000.00000
     Eigenvalues --- 1000.000001000.000001000.000001000.000001000.00000
     Eigenvalues --- 1000.000001000.000001000.000001000.000001000.00000
     Eigenvalues --- 1000.000001000.000001000.000001000.000001000.00000
     Eigenvalues --- 1000.000001000.000001000.000001000.000001000.00000
     Eigenvalues --- 1000.000001000.000001000.000001000.000001000.00000
     Eigenvalues --- 1000.000001000.000001000.000001000.000001000.00000
     Eigenvalues --- 1000.000001000.000001000.000001000.000001000.00000
     Eigenvalues --- 1000.000001000.000001000.000001000.000001000.00000
     Eigenvalues --- 1000.000001000.000001000.000001000.000001000.00000
     Eigenvalues --- 1000.000001000.000001000.000001000.000001000.00000
     Eigenvalues --- 1000.000001000.000001000.000001000.000001000.00000
     Eigenvalues --- 1000.000001000.000001000.000001000.000001000.00000
     Eigenvalues --- 1000.000001000.000001000.000001000.000001000.00000
     Eigenvalues --- 1000.000001000.000001000.000001000.000001000.00000
     Eigenvalues --- 1000.000001000.000001000.000001000.000001000.00000
     Eigenvalues --- 1000.000001000.000001000.000001000.000001000.00000
     Eigenvalues --- 1000.000001000.000001000.000001000.000001000.00000
     Eigenvalues --- 1000.000001000.000001000.000001000.000001000.00000
     Eigenvalues --- 1000.000001000.000001000.000001000.000001000.00000
     Eigenvalues --- 1000.000001000.000001000.000001000.000001000.00000
     Eigenvalues --- 1000.000001000.000001000.000001000.00000
 Angle between quadratic step and forces=  25.22 degrees.
 Linear search not attempted -- first point.
 Iteration  1 RMS(Cart)=  0.00008694 RMS(Int)=  0.00000001
 Iteration  2 RMS(Cart)=  0.00000001 RMS(Int)=  0.00000001
 Variable       Old X    -DE/DX   Delta X   Delta X   Delta X     New X
                                 (Linear)    (Quad)   (Total)
    R1        2.69311   0.00005   0.00000   0.00020   0.00020   2.69331
    R2        2.56181  -0.00006   0.00000  -0.00015  -0.00015   2.56166
    R3        2.03354  -0.00005   0.00000  -0.00013  -0.00013   2.03341
    R4        2.64298  -0.00007   0.00000  -0.00025  -0.00025   2.64273
    R5        2.69311   0.00005   0.00000   0.00020   0.00020   2.69331
    R6        2.69684   0.00002   0.00000   0.00009   0.00009   2.69694
    R7        2.69684   0.00002   0.00000   0.00009   0.00009   2.69694
    R8        2.64298  -0.00007   0.00000  -0.00025  -0.00025   2.64273
    R9        2.69684   0.00002   0.00000   0.00009   0.00009   2.69694
   R10        2.69311   0.00005   0.00000   0.00020   0.00020   2.69331
   R11        2.69311   0.00005   0.00000   0.00020   0.00020   2.69331
   R12        2.03354  -0.00005   0.00000  -0.00013  -0.00013   2.03341
   R13        2.69684   0.00002   0.00000   0.00009   0.00009   2.69694
   R14        2.64298  -0.00007   0.00000  -0.00025  -0.00025   2.64273
   R15        2.69684   0.00002   0.00000   0.00009   0.00009   2.69694
   R16        2.64298  -0.00007   0.00000  -0.00025  -0.00025   2.64273
   R17        2.69684   0.00002   0.00000   0.00009   0.00009   2.69694
   R18        2.64298  -0.00007   0.00000  -0.00025  -0.00025   2.64273
   R19        2.64298  -0.00007   0.00000  -0.00025  -0.00025   2.64273
   R20        2.69311   0.00005   0.00000   0.00020   0.00020   2.69331
   R21        2.69311   0.00005   0.00000   0.00020   0.00020   2.69331
   R22        2.56181  -0.00006   0.00000  -0.00015  -0.00015   2.56166
   R23        2.03354  -0.00005   0.00000  -0.00013  -0.00013   2.03341
   R24        2.69311   0.00005   0.00000   0.00020   0.00020   2.69331
   R25        2.03354  -0.00005   0.00000  -0.00013  -0.00013   2.03341
   R26        2.69311   0.00005   0.00000   0.00020   0.00020   2.69331
   R27        2.56181  -0.00006   0.00000  -0.00015  -0.00015   2.56166
   R28        2.03354  -0.00005   0.00000  -0.00013  -0.00013   2.03341
   R29        2.03354  -0.00005   0.00000  -0.00013  -0.00013   2.03341
   R30        2.56181  -0.00006   0.00000  -0.00015  -0.00015   2.56166
   R31        2.03354  -0.00005   0.00000  -0.00013  -0.00013   2.03341
   R32        2.69311   0.00005   0.00000   0.00020   0.00020   2.69331
   R33        2.03354  -0.00005   0.00000  -0.00013  -0.00013   2.03341
   R34        2.69311   0.00005   0.00000   0.00020   0.00020   2.69331
   R35        2.56181  -0.00006   0.00000  -0.00015  -0.00015   2.56166
   R36        2.03354  -0.00005   0.00000  -0.00013  -0.00013   2.03341
   R37        2.69311   0.00005   0.00000   0.00020   0.00020   2.69331
   R38        2.03354  -0.00005   0.00000  -0.00013  -0.00013   2.03341
   R39        2.69311   0.00005   0.00000   0.00020   0.00020   2.69331
   R40        2.03354  -0.00005   0.00000  -0.00013  -0.00013   2.03341
   R41        2.56181  -0.00006   0.00000  -0.00015  -0.00015   2.56166
   R42        2.03354  -0.00005   0.00000  -0.00013  -0.00013   2.03341
    A1        2.11269  -0.00001   0.00000  -0.00005  -0.00005   2.11265
    A2        2.07384  -0.00002   0.00000  -0.00017  -0.00017   2.07367
    A3        2.09665   0.00003   0.00000   0.00022   0.00022   2.09687
    A4        2.07610   0.00001   0.00000   0.00005   0.00005   2.07614
    A5        2.13099  -0.00001   0.00000  -0.00009  -0.00009   2.13090
    A6        2.07610   0.00001   0.00000   0.00005   0.00005   2.07614
    A7        2.09440   0.00000   0.00000   0.00000   0.00000   2.09440
    A8        2.09440   0.00000   0.00000   0.00000   0.00000   2.09440
    A9        2.09440   0.00000   0.00000   0.00000   0.00000   2.09440
   A10        2.09440   0.00000   0.00000   0.00000   0.00000   2.09440
   A11        2.09440   0.00000   0.00000   0.00000   0.00000   2.09440
   A12        2.09440   0.00000   0.00000   0.00000   0.00000   2.09440
   A13        2.07610   0.00001   0.00000   0.00005   0.00005   2.07614
   A14        2.07610   0.00001   0.00000   0.00005   0.00005   2.07614
   A15        2.13099  -0.00001   0.00000  -0.00009  -0.00009   2.13090
   A16        2.11269  -0.00001   0.00000  -0.00005  -0.00005   2.11265
   A17        2.09665   0.00003   0.00000   0.00022   0.00022   2.09687
   A18        2.07384  -0.00002   0.00000  -0.00017  -0.00017   2.07367
   A19        2.09440   0.00000   0.00000   0.00000   0.00000   2.09440
   A20        2.09440   0.00000   0.00000   0.00000   0.00000   2.09440
   A21        2.09439   0.00000   0.00000   0.00000   0.00000   2.09440
   A22        2.09440   0.00000   0.00000   0.00000   0.00000   2.09440
   A23        2.09440   0.00000   0.00000   0.00000   0.00000   2.09440
   A24        2.09440   0.00000   0.00000   0.00000   0.00000   2.09440
   A25        2.09440   0.00000   0.00000   0.00000   0.00000   2.09440
   A26        2.09440   0.00000   0.00000   0.00000   0.00000   2.09440
   A27        2.09440   0.00000   0.00000   0.00000   0.00000   2.09440
   A28        2.09440   0.00000   0.00000   0.00000   0.00000   2.09440
   A29        2.09440   0.00000   0.00000   0.00000   0.00000   2.09440
   A30        2.09440   0.00000   0.00000   0.00000   0.00000   2.09440
   A31        2.07610   0.00001   0.00000   0.00005   0.00005   2.07614
   A32        2.07610   0.00001   0.00000   0.00005   0.00005   2.07614
   A33        2.13099  -0.00001   0.00000  -0.00009  -0.00009   2.13090
   A34        2.11269  -0.00001   0.00000  -0.00005  -0.00005   2.11265
   A35        2.07384  -0.00002   0.00000  -0.00017  -0.00017   2.07367
   A36        2.09665   0.00003   0.00000   0.00022   0.00022   2.09687
   A37        2.11269  -0.00001   0.00000  -0.00005  -0.00005   2.11265
   A38        2.09665   0.00003   0.00000   0.00022   0.00022   2.09687
   A39        2.07384  -0.00002   0.00000  -0.00017  -0.00017   2.07367
   A40        2.07610   0.00001   0.00000   0.00005   0.00005   2.07614
   A41        2.07610   0.00001   0.00000   0.00005   0.00005   2.07614
   A42        2.13099  -0.00001   0.00000  -0.00009  -0.00009   2.13090
   A43        2.11269  -0.00001   0.00000  -0.00005  -0.00005   2.11265
   A44        2.07384  -0.00002   0.00000  -0.00017  -0.00017   2.07367
   A45        2.09665   0.00003   0.00000   0.00022   0.00022   2.09687
   A46        2.11269  -0.00001   0.00000  -0.00005  -0.00005   2.11265
   A47        2.07384  -0.00002   0.00000  -0.00017  -0.00017   2.07367
   A48        2.09665   0.00003   0.00000   0.00022   0.00022   2.09687
   A49        2.11269  -0.00001   0.00000  -0.00005  -0.00005   2.11265
   A50        2.07384  -0.00002   0.00000  -0.00017  -0.00017   2.07367
   A51        2.09665   0.00003   0.00000   0.00022   0.00022   2.09687
   A52        2.11269  -0.00001   0.00000  -0.00005  -0.00005   2.11265
   A53        2.09665   0.00003   0.00000   0.00022   0.00022   2.09687
   A54        2.07384  -0.00002   0.00000  -0.00017  -0.00017   2.07367
   A55        2.07610   0.00001   0.00000   0.00005   0.00005   2.07614
   A56        2.07610   0.00001   0.00000   0.00005   0.00005   2.07614
   A57        2.13099  -0.00001   0.00000  -0.00009  -0.00009   2.13090
   A58        2.11269  -0.00001   0.00000  -0.00005  -0.00005   2.11265
   A59        2.07384  -0.00002   0.00000  -0.00017  -0.00017   2.07367
   A60        2.09665   0.00003   0.00000   0.00022   0.00022   2.09687
   A61        2.11269  -0.00001   0.00000  -0.00005  -0.00005   2.11265
   A62        2.09665   0.00003   0.00000   0.00022   0.00022   2.09687
   A63        2.07384  -0.00002   0.00000  -0.00017  -0.00017   2.07367
   A64        2.07610   0.00001   0.00000   0.00005   0.00005   2.07614
   A65        2.07610   0.00001   0.00000   0.00005   0.00005   2.07614
   A66        2.13099  -0.00001   0.00000  -0.00009  -0.00009   2.13090
   A67        2.07384  -0.00002   0.00000  -0.00017  -0.00017   2.07367
   A68        2.11269  -0.00001   0.00000  -0.00005  -0.00005   2.11265
   A69        2.09665   0.00003   0.00000   0.00022   0.00022   2.09687
   A70        2.11269  -0.00001   0.00000  -0.00005  -0.00005   2.11265
   A71        2.07384  -0.00002   0.00000  -0.00017  -0.00017   2.07367
   A72        2.09665   0.00003   0.00000   0.00022   0.00022   2.09687
    D1       -0.00001   0.00000   0.00000   0.00001   0.00001   0.00000
    D2        3.14159   0.00000   0.00000   0.00000   0.00000   3.14159
    D3        3.14159   0.00000   0.00000   0.00000   0.00000   3.14159
    D4        0.00000   0.00000   0.00000   0.00000   0.00000   0.00000
    D5        0.00000   0.00000   0.00000   0.00000   0.00000   0.00000
    D6       -3.14159   0.00000   0.00000  -0.00001  -0.00001  -3.14159
    D7        3.14159   0.00000   0.00000   0.00000   0.00000   3.14159
    D8        0.00000   0.00000   0.00000   0.00000   0.00000   0.00000
    D9        0.00001   0.00000   0.00000  -0.00001  -0.00001   0.00000
   D10        3.14159   0.00000   0.00000   0.00000   0.00000   3.14159
   D11       -3.14159   0.00000   0.00000   0.00000   0.00000   3.14159
   D12        0.00000   0.00000   0.00000   0.00000   0.00000   0.00000
   D13        3.14159   0.00000   0.00000   0.00000   0.00000  -3.14159
   D14        0.00001   0.00000   0.00000  -0.00001  -0.00001   0.00000
   D15        0.00000   0.00000   0.00000   0.00000   0.00000   0.00000
   D16       -3.14159   0.00000   0.00000  -0.00001  -0.00001   3.14159
   D17        0.00000   0.00000   0.00000   0.00000   0.00000   0.00000
   D18        3.14159   0.00000   0.00000   0.00000   0.00000   3.14159
   D19       -3.14159   0.00000   0.00000  -0.00001  -0.00001   3.14159
   D20        0.00001   0.00000   0.00000  -0.00001  -0.00001   0.00000
   D21        3.14159   0.00000   0.00000   0.00000   0.00000   3.14159
   D22        0.00001   0.00000   0.00000  -0.00001  -0.00001   0.00000
   D23       -0.00001   0.00000   0.00000   0.00001   0.00001   0.00000
   D24        3.14159   0.00000   0.00000   0.00000   0.00000   3.14159
   D25        0.00000   0.00000   0.00000   0.00000   0.00000   0.00000
   D26       -3.14159   0.00000   0.00000   0.00000   0.00000  -3.14159
   D27        3.14159   0.00000   0.00000   0.00000   0.00000   3.14159
   D28        0.00000   0.00000   0.00000   0.00000   0.00000   0.00000
   D29        0.00000   0.00000   0.00000   0.00000   0.00000   0.00000
   D30       -3.14159   0.00000   0.00000   0.00000   0.00000   3.14159
   D31       -3.14159   0.00000   0.00000   0.00000   0.00000   3.14159
   D32        0.00000   0.00000   0.00000   0.00000   0.00000   0.00000
   D33        0.00000   0.00000   0.00000   0.00000   0.00000   0.00000
   D34        3.14159   0.00000   0.00000   0.00000   0.00000   3.14159
   D35        3.14159   0.00000   0.00000   0.00000   0.00000   3.14159
   D36        0.00000   0.00000   0.00000   0.00000   0.00000   0.00000
   D37        0.00000   0.00000   0.00000   0.00000   0.00000   0.00000
   D38       -3.14159   0.00000   0.00000  -0.00001  -0.00001   3.14159
   D39       -3.14159   0.00000   0.00000   0.00000   0.00000   3.14159
   D40        0.00001   0.00000   0.00000  -0.00001  -0.00001   0.00000
   D41        0.00001   0.00000   0.00000  -0.00001  -0.00001   0.00000
   D42       -3.14159   0.00000   0.00000   0.00000   0.00000  -3.14159
   D43        3.14159   0.00000   0.00000   0.00000   0.00000   3.14159
   D44        0.00000   0.00000   0.00000   0.00000   0.00000   0.00000
   D45        0.00000   0.00000   0.00000   0.00000   0.00000   0.00000
   D46        3.14159   0.00000   0.00000   0.00001   0.00001   3.14159
   D47       -3.14159   0.00000   0.00000   0.00000   0.00000  -3.14159
   D48        0.00000   0.00000   0.00000   0.00000   0.00000   0.00000
   D49        0.00000   0.00000   0.00000   0.00000   0.00000   0.00000
   D50        3.14159   0.00000   0.00000   0.00000   0.00000   3.14159
   D51        3.14159   0.00000   0.00000   0.00000   0.00000   3.14159
   D52        0.00000   0.00000   0.00000   0.00000   0.00000   0.00000
   D53       -3.14159   0.00000   0.00000   0.00000   0.00000  -3.14159
   D54        0.00000   0.00000   0.00000   0.00000   0.00000   0.00000
   D55        0.00000   0.00000   0.00000   0.00000   0.00000   0.00000
   D56        3.14159   0.00000   0.00000   0.00000   0.00000   3.14159
   D57        0.00000   0.00000   0.00000   0.00000   0.00000   0.00000
   D58       -3.14159   0.00000   0.00000   0.00000   0.00000   3.14159
   D59       -3.14159   0.00000   0.00000   0.00000   0.00000   3.14159
   D60        0.00000   0.00000   0.00000   0.00000   0.00000   0.00000
   D61        0.00001   0.00000   0.00000  -0.00001  -0.00001   0.00000
   D62        3.14159   0.00000   0.00000   0.00001   0.00001  -3.14159
   D63       -3.14159   0.00000   0.00000  -0.00001  -0.00001   3.14159
   D64       -0.00001   0.00000   0.00000   0.00001   0.00001   0.00000
   D65        0.00000   0.00000   0.00000   0.00000   0.00000   0.00000
   D66       -3.14159   0.00000   0.00000   0.00000   0.00000  -3.14159
   D67        3.14159   0.00000   0.00000   0.00000   0.00000   3.14159
   D68        0.00000   0.00000   0.00000   0.00000   0.00000   0.00000
   D69       -0.00001   0.00000   0.00000   0.00001   0.00001   0.00000
   D70        3.14158   0.00000   0.00000   0.00001   0.00001   3.14159
   D71       -3.14159   0.00000   0.00000  -0.00001  -0.00001   3.14159
   D72        0.00000   0.00000   0.00000   0.00000   0.00000   0.00000
   D73        3.14159   0.00000   0.00000   0.00000   0.00000   3.14159
   D74        0.00001   0.00000   0.00000  -0.00001  -0.00001   0.00000
   D75       -0.00001   0.00000   0.00000   0.00001   0.00001   0.00000
   D76        3.14159   0.00000   0.00000   0.00000   0.00000   3.14159
   D77        0.00001   0.00000   0.00000  -0.00001  -0.00001   0.00000
   D78        3.14159   0.00000   0.00000   0.00000   0.00000   3.14159
   D79       -3.14158   0.00000   0.00000  -0.00001  -0.00001   3.14159
   D80        0.00000   0.00000   0.00000   0.00000   0.00000   0.00000
   D81        0.00000   0.00000   0.00000   0.00000   0.00000   0.00000
   D82       -3.14159   0.00000   0.00000   0.00000   0.00000  -3.14159
   D83       -3.14159   0.00000   0.00000   0.00000   0.00000   3.14159
   D84        0.00001   0.00000   0.00000  -0.00001  -0.00001   0.00000
   D85        0.00000   0.00000   0.00000   0.00000   0.00000   0.00000
   D86        3.14159   0.00000   0.00000   0.00000   0.00000   3.14159
   D87        3.14159   0.00000   0.00000   0.00000   0.00000   3.14159
   D88       -0.00001   0.00000   0.00000   0.00001   0.00001   0.00000
   D89        0.00000   0.00000   0.00000   0.00000   0.00000   0.00000
   D90        3.14159   0.00000   0.00000   0.00001   0.00001   3.14159
   D91       -3.14159   0.00000   0.00000   0.00000   0.00000  -3.14159
   D92        0.00000   0.00000   0.00000   0.00000   0.00000   0.00000
   D93        0.00000   0.00000   0.00000   0.00000   0.00000   0.00000
   D94        3.14159   0.00000   0.00000   0.00000   0.00000   3.14159
   D95        3.14159   0.00000   0.00000   0.00000   0.00000   3.14159
   D96       -0.00001   0.00000   0.00000   0.00001   0.00001   0.00000
   D97        0.00000   0.00000   0.00000   0.00000   0.00000   0.00000
   D98       -3.14159   0.00000   0.00000   0.00000   0.00000   3.14159
   D99       -3.14159   0.00000   0.00000   0.00000   0.00000  -3.14159
   D100       0.00001   0.00000   0.00000  -0.00001  -0.00001   0.00000
   D101       0.00001   0.00000   0.00000  -0.00001  -0.00001   0.00000
   D102       3.14158   0.00000   0.00000   0.00001   0.00001   3.14159
   D103      -3.14159   0.00000   0.00000   0.00000   0.00000   3.14159
   D104      -0.00002   0.00000   0.00000   0.00002   0.00002   0.00000
   D105      -0.00001   0.00000   0.00000   0.00001   0.00001   0.00000
   D106       3.14158   0.00000   0.00000   0.00001   0.00001   3.14159
   D107      -3.14158   0.00000   0.00000  -0.00001  -0.00001  -3.14159
   D108       0.00001   0.00000   0.00000  -0.00001  -0.00001   0.00000
   D109       0.00001   0.00000   0.00000  -0.00001  -0.00001   0.00000
   D110      -3.14159   0.00000   0.00000   0.00000   0.00000   3.14159
   D111      -3.14159   0.00000   0.00000  -0.00001  -0.00001  -3.14159
   D112       0.00001   0.00000   0.00000  -0.00001  -0.00001   0.00000
   D113       0.00000   0.00000   0.00000   0.00000   0.00000   0.00000
   D114      -3.14159   0.00000   0.00000   0.00000   0.00000   3.14159
   D115      -3.14159   0.00000   0.00000  -0.00001  -0.00001  -3.14159
   D116       0.00000   0.00000   0.00000   0.00000   0.00000   0.00000
   D117      -0.00001   0.00000   0.00000   0.00001   0.00001   0.00000
   D118       3.14159   0.00000   0.00000   0.00001   0.00001  -3.14159
   D119      -3.14159   0.00000   0.00000   0.00000   0.00000   3.14159
   D120       0.00000   0.00000   0.00000   0.00000   0.00000   0.00000
         Item               Value     Threshold  Converged?
 Maximum Force            0.000066     0.000450     YES
 RMS     Force            0.000024     0.000300     YES
 Maximum Displacement     0.000331     0.001800     YES
 RMS     Displacement     0.000087     0.001200     YES
 Predicted change in Energy=-2.489026D-07
 Optimization completed.
    -- Stationary point found.
                           ----------------------------
                           !   Optimized Parameters   !
                           ! (Angstroms and Degrees)  !
 --------------------------                            --------------------------
 ! Name  Definition              Value          Derivative Info.                !
 --------------------------------------------------------------------------------
 ! R1    R(1,2)                  1.4251         -DE/DX =    0.0001              !
 ! R2    R(1,6)                  1.3557         -DE/DX =   -0.0001              !
 ! R3    R(1,19)                 1.0761         -DE/DX =   -0.0001              !
 ! R4    R(2,3)                  1.3986         -DE/DX =   -0.0001              !
 ! R5    R(2,23)                 1.4251         -DE/DX =    0.0001              !
 ! R6    R(3,4)                  1.4271         -DE/DX =    0.0                 !
 ! R7    R(3,7)                  1.4271         -DE/DX =    0.0                 !
 ! R8    R(4,5)                  1.3986         -DE/DX =   -0.0001              !
 ! R9    R(4,8)                  1.4271         -DE/DX =    0.0                 !
 ! R10   R(5,6)                  1.4251         -DE/DX =    0.0001              !
 ! R11   R(5,16)                 1.4251         -DE/DX =    0.0001              !
 ! R12   R(6,20)                 1.0761         -DE/DX =   -0.0001              !
 ! R13   R(7,10)                 1.4271         -DE/DX =    0.0                 !
 ! R14   R(7,25)                 1.3986         -DE/DX =   -0.0001              !
 ! R15   R(8,9)                  1.4271         -DE/DX =    0.0                 !
 ! R16   R(8,14)                 1.3986         -DE/DX =   -0.0001              !
 ! R17   R(9,10)                 1.4271         -DE/DX =    0.0                 !
 ! R18   R(9,11)                 1.3986         -DE/DX =   -0.0001              !
 ! R19   R(10,30)                1.3986         -DE/DX =   -0.0001              !
 ! R20   R(11,12)                1.4251         -DE/DX =    0.0001              !
 ! R21   R(11,33)                1.4251         -DE/DX =    0.0001              !
 ! R22   R(12,13)                1.3557         -DE/DX =   -0.0001              !
 ! R23   R(12,21)                1.0761         -DE/DX =   -0.0001              !
 ! R24   R(13,14)                1.4251         -DE/DX =    0.0001              !
 ! R25   R(13,22)                1.0761         -DE/DX =   -0.0001              !
 ! R26   R(14,15)                1.4251         -DE/DX =    0.0001              !
 ! R27   R(15,16)                1.3557         -DE/DX =   -0.0001              !
 ! R28   R(15,18)                1.0761         -DE/DX =   -0.0001              !
 ! R29   R(16,17)                1.0761         -DE/DX =   -0.0001              !
 ! R30   R(23,24)                1.3557         -DE/DX =   -0.0001              !
 ! R31   R(23,26)                1.0761         -DE/DX =   -0.0001              !
 ! R32   R(24,25)                1.4251         -DE/DX =    0.0001              !
 ! R33   R(24,27)                1.0761         -DE/DX =   -0.0001              !
 ! R34   R(25,28)                1.4251         -DE/DX =    0.0001              !
 ! R35   R(28,29)                1.3557         -DE/DX =   -0.0001              !
 ! R36   R(28,31)                1.0761         -DE/DX =   -0.0001              !
 ! R37   R(29,30)                1.4251         -DE/DX =    0.0001              !
 ! R38   R(29,32)                1.0761         -DE/DX =   -0.0001              !
 ! R39   R(30,35)                1.4251         -DE/DX =    0.0001              !
 ! R40   R(33,34)                1.0761         -DE/DX =   -0.0001              !
 ! R41   R(33,35)                1.3557         -DE/DX =   -0.0001              !
 ! R42   R(35,36)                1.0761         -DE/DX =   -0.0001              !
 ! A1    A(2,1,6)              121.0484         -DE/DX =    0.0                 !
 ! A2    A(2,1,19)             118.8222         -DE/DX =    0.0                 !
 ! A3    A(6,1,19)             120.1294         -DE/DX =    0.0                 !
 ! A4    A(1,2,3)              118.9516         -DE/DX =    0.0                 !
 ! A5    A(1,2,23)             122.0969         -DE/DX =    0.0                 !
 ! A6    A(3,2,23)             118.9516         -DE/DX =    0.0                 !
 ! A7    A(2,3,4)              120.0            -DE/DX =    0.0                 !
 ! A8    A(2,3,7)              120.0            -DE/DX =    0.0                 !
 ! A9    A(4,3,7)              120.0            -DE/DX =    0.0                 !
 ! A10   A(3,4,5)              120.0            -DE/DX =    0.0                 !
 ! A11   A(3,4,8)              120.0            -DE/DX =    0.0                 !
 ! A12   A(5,4,8)              120.0            -DE/DX =    0.0                 !
 ! A13   A(4,5,6)              118.9516         -DE/DX =    0.0                 !
 ! A14   A(4,5,16)             118.9516         -DE/DX =    0.0                 !
 ! A15   A(6,5,16)             122.0969         -DE/DX =    0.0                 !
 ! A16   A(1,6,5)              121.0484         -DE/DX =    0.0                 !
 ! A17   A(1,6,20)             120.1294         -DE/DX =    0.0                 !
 ! A18   A(5,6,20)             118.8222         -DE/DX =    0.0                 !
 ! A19   A(3,7,10)             120.0            -DE/DX =    0.0                 !
 ! A20   A(3,7,25)             120.0            -DE/DX =    0.0                 !
 ! A21   A(10,7,25)            120.0            -DE/DX =    0.0                 !
 ! A22   A(4,8,9)              120.0            -DE/DX =    0.0                 !
 ! A23   A(4,8,14)             120.0            -DE/DX =    0.0                 !
 ! A24   A(9,8,14)             120.0            -DE/DX =    0.0                 !
 ! A25   A(8,9,10)             120.0            -DE/DX =    0.0                 !
 ! A26   A(8,9,11)             120.0            -DE/DX =    0.0                 !
 ! A27   A(10,9,11)            120.0            -DE/DX =    0.0                 !
 ! A28   A(7,10,9)             120.0            -DE/DX =    0.0                 !
 ! A29   A(7,10,30)            120.0            -DE/DX =    0.0                 !
 ! A30   A(9,10,30)            120.0            -DE/DX =    0.0                 !
 ! A31   A(9,11,12)            118.9516         -DE/DX =    0.0                 !
 ! A32   A(9,11,33)            118.9516         -DE/DX =    0.0                 !
 ! A33   A(12,11,33)           122.0968         -DE/DX =    0.0                 !
 ! A34   A(11,12,13)           121.0484         -DE/DX =    0.0                 !
 ! A35   A(11,12,21)           118.8222         -DE/DX =    0.0                 !
 ! A36   A(13,12,21)           120.1294         -DE/DX =    0.0                 !
 ! A37   A(12,13,14)           121.0484         -DE/DX =    0.0                 !
 ! A38   A(12,13,22)           120.1294         -DE/DX =    0.0                 !
 ! A39   A(14,13,22)           118.8222         -DE/DX =    0.0                 !
 ! A40   A(8,14,13)            118.9516         -DE/DX =    0.0                 !
 ! A41   A(8,14,15)            118.9516         -DE/DX =    0.0                 !
 ! A42   A(13,14,15)           122.0969         -DE/DX =    0.0                 !
 ! A43   A(14,15,16)           121.0484         -DE/DX =    0.0                 !
 ! A44   A(14,15,18)           118.8222         -DE/DX =    0.0                 !
 ! A45   A(16,15,18)           120.1293         -DE/DX =    0.0                 !
 ! A46   A(5,16,15)            121.0484         -DE/DX =    0.0                 !
 ! A47   A(5,16,17)            118.8222         -DE/DX =    0.0                 !
 ! A48   A(15,16,17)           120.1294         -DE/DX =    0.0                 !
 ! A49   A(2,23,24)            121.0484         -DE/DX =    0.0                 !
 ! A50   A(2,23,26)            118.8222         -DE/DX =    0.0                 !
 ! A51   A(24,23,26)           120.1294         -DE/DX =    0.0                 !
 ! A52   A(23,24,25)           121.0484         -DE/DX =    0.0                 !
 ! A53   A(23,24,27)           120.1293         -DE/DX =    0.0                 !
 ! A54   A(25,24,27)           118.8222         -DE/DX =    0.0                 !
 ! A55   A(7,25,24)            118.9516         -DE/DX =    0.0                 !
 ! A56   A(7,25,28)            118.9516         -DE/DX =    0.0                 !
 ! A57   A(24,25,28)           122.0969         -DE/DX =    0.0                 !
 ! A58   A(25,28,29)           121.0484         -DE/DX =    0.0                 !
 ! A59   A(25,28,31)           118.8222         -DE/DX =    0.0                 !
 ! A60   A(29,28,31)           120.1294         -DE/DX =    0.0                 !
 ! A61   A(28,29,30)           121.0484         -DE/DX =    0.0                 !
 ! A62   A(28,29,32)           120.1294         -DE/DX =    0.0                 !
 ! A63   A(30,29,32)           118.8222         -DE/DX =    0.0                 !
 ! A64   A(10,30,29)           118.9516         -DE/DX =    0.0                 !
 ! A65   A(10,30,35)           118.9516         -DE/DX =    0.0                 !
 ! A66   A(29,30,35)           122.0969         -DE/DX =    0.0                 !
 ! A67   A(11,33,34)           118.8222         -DE/DX =    0.0                 !
 ! A68   A(11,33,35)           121.0484         -DE/DX =    0.0                 !
 ! A69   A(34,33,35)           120.1294         -DE/DX =    0.0                 !
 ! A70   A(30,35,33)           121.0484         -DE/DX =    0.0                 !
 ! A71   A(30,35,36)           118.8222         -DE/DX =    0.0                 !
 ! A72   A(33,35,36)           120.1294         -DE/DX =    0.0                 !
 ! D1    D(6,1,2,3)             -0.0003         -DE/DX =    0.0                 !
 ! D2    D(6,1,2,23)           179.9998         -DE/DX =    0.0                 !
 ! D3    D(19,1,2,3)           179.9999         -DE/DX =    0.0                 !
 ! D4    D(19,1,2,23)            0.0            -DE/DX =    0.0                 !
 ! D5    D(2,1,6,5)              0.0002         -DE/DX =    0.0                 !
 ! D6    D(2,1,6,20)          -179.9996         -DE/DX =    0.0                 !
 ! D7    D(19,1,6,5)           179.9999         -DE/DX =    0.0                 !
 ! D8    D(19,1,6,20)            0.0001         -DE/DX =    0.0                 !
 ! D9    D(1,2,3,4)              0.0003         -DE/DX =    0.0                 !
 ! D10   D(1,2,3,7)            179.9999         -DE/DX =    0.0                 !
 ! D11   D(23,2,3,4)           180.0002         -DE/DX =    0.0                 !
 ! D12   D(23,2,3,7)            -0.0002         -DE/DX =    0.0                 !
 ! D13   D(1,2,23,24)         -180.0002         -DE/DX =    0.0                 !
 ! D14   D(1,2,23,26)            0.0003         -DE/DX =    0.0                 !
 ! D15   D(3,2,23,24)           -0.0001         -DE/DX =    0.0                 !
 ! D16   D(3,2,23,26)          180.0004         -DE/DX =    0.0                 !
 ! D17   D(2,3,4,5)             -0.0002         -DE/DX =    0.0                 !
 ! D18   D(2,3,4,8)            179.9998         -DE/DX =    0.0                 !
 ! D19   D(7,3,4,5)            180.0003         -DE/DX =    0.0                 !
 ! D20   D(7,3,4,8)              0.0003         -DE/DX =    0.0                 !
 ! D21   D(2,3,7,10)           180.0            -DE/DX =    0.0                 !
 ! D22   D(2,3,7,25)             0.0003         -DE/DX =    0.0                 !
 ! D23   D(4,3,7,10)            -0.0005         -DE/DX =    0.0                 !
 ! D24   D(4,3,7,25)           179.9999         -DE/DX =    0.0                 !
 ! D25   D(3,4,5,6)              0.0            -DE/DX =    0.0                 !
 ! D26   D(3,4,5,16)          -180.0            -DE/DX =    0.0                 !
 ! D27   D(8,4,5,6)            180.0            -DE/DX =    0.0                 !
 ! D28   D(8,4,5,16)             0.0            -DE/DX =    0.0                 !
 ! D29   D(3,4,8,9)              0.0001         -DE/DX =    0.0                 !
 ! D30   D(3,4,8,14)           180.0            -DE/DX =    0.0                 !
 ! D31   D(5,4,8,9)            180.0001         -DE/DX =    0.0                 !
 ! D32   D(5,4,8,14)             0.0            -DE/DX =    0.0                 !
 ! D33   D(4,5,6,1)              0.0            -DE/DX =    0.0                 !
 ! D34   D(4,5,6,20)           179.9998         -DE/DX =    0.0                 !
 ! D35   D(16,5,6,1)           180.0            -DE/DX =    0.0                 !
 ! D36   D(16,5,6,20)           -0.0002         -DE/DX =    0.0                 !
 ! D37   D(4,5,16,15)            0.0            -DE/DX =    0.0                 !
 ! D38   D(4,5,16,17)          180.0003         -DE/DX =    0.0                 !
 ! D39   D(6,5,16,15)          180.0            -DE/DX =    0.0                 !
 ! D40   D(6,5,16,17)            0.0004         -DE/DX =    0.0                 !
 ! D41   D(3,7,10,9)             0.0003         -DE/DX =    0.0                 !
 ! D42   D(3,7,10,30)         -179.9997         -DE/DX =    0.0                 !
 ! D43   D(25,7,10,9)          180.0            -DE/DX =    0.0                 !
 ! D44   D(25,7,10,30)          -0.0001         -DE/DX =    0.0                 !
 ! D45   D(3,7,25,24)           -0.0001         -DE/DX =    0.0                 !
 ! D46   D(3,7,25,28)          179.9996         -DE/DX =    0.0                 !
 ! D47   D(10,7,25,24)        -179.9998         -DE/DX =    0.0                 !
 ! D48   D(10,7,25,28)           0.0            -DE/DX =    0.0                 !
 ! D49   D(4,8,9,10)            -0.0003         -DE/DX =    0.0                 !
 ! D50   D(4,8,9,11)           179.9998         -DE/DX =    0.0                 !
 ! D51   D(14,8,9,10)          179.9998         -DE/DX =    0.0                 !
 ! D52   D(14,8,9,11)           -0.0002         -DE/DX =    0.0                 !
 ! D53   D(4,8,14,13)         -179.9999         -DE/DX =    0.0                 !
 ! D54   D(4,8,14,15)           -0.0002         -DE/DX =    0.0                 !
 ! D55   D(9,8,14,13)            0.0001         -DE/DX =    0.0                 !
 ! D56   D(9,8,14,15)          179.9998         -DE/DX =    0.0                 !
 ! D57   D(8,9,10,7)             0.0001         -DE/DX =    0.0                 !
 ! D58   D(8,9,10,30)          180.0001         -DE/DX =    0.0                 !
 ! D59   D(11,9,10,7)          180.0            -DE/DX =    0.0                 !
 ! D60   D(11,9,10,30)           0.0001         -DE/DX =    0.0                 !
 ! D61   D(8,9,11,12)            0.0004         -DE/DX =    0.0                 !
 ! D62   D(8,9,11,33)         -180.0004         -DE/DX =    0.0                 !
 ! D63   D(10,9,11,12)         180.0004         -DE/DX =    0.0                 !
 ! D64   D(10,9,11,33)          -0.0004         -DE/DX =    0.0                 !
 ! D65   D(7,10,30,29)          -0.0001         -DE/DX =    0.0                 !
 ! D66   D(7,10,30,35)        -180.0            -DE/DX =    0.0                 !
 ! D67   D(9,10,30,29)         179.9999         -DE/DX =    0.0                 !
 ! D68   D(9,10,30,35)           0.0            -DE/DX =    0.0                 !
 ! D69   D(9,11,12,13)          -0.0005         -DE/DX =    0.0                 !
 ! D70   D(9,11,12,21)         179.9992         -DE/DX =    0.0                 !
 ! D71   D(33,11,12,13)        180.0003         -DE/DX =    0.0                 !
 ! D72   D(33,11,12,21)          0.0001         -DE/DX =    0.0                 !
 ! D73   D(9,11,33,34)         180.0            -DE/DX =    0.0                 !
 ! D74   D(9,11,33,35)           0.0006         -DE/DX =    0.0                 !
 ! D75   D(12,11,33,34)         -0.0008         -DE/DX =    0.0                 !
 ! D76   D(12,11,33,35)        179.9998         -DE/DX =    0.0                 !
 ! D77   D(11,12,13,14)          0.0004         -DE/DX =    0.0                 !
 ! D78   D(11,12,13,22)        179.9999         -DE/DX =    0.0                 !
 ! D79   D(21,12,13,14)        180.0007         -DE/DX =    0.0                 !
 ! D80   D(21,12,13,22)          0.0002         -DE/DX =    0.0                 !
 ! D81   D(12,13,14,8)          -0.0002         -DE/DX =    0.0                 !
 ! D82   D(12,13,14,15)       -179.9999         -DE/DX =    0.0                 !
 ! D83   D(22,13,14,8)         180.0003         -DE/DX =    0.0                 !
 ! D84   D(22,13,14,15)          0.0006         -DE/DX =    0.0                 !
 ! D85   D(8,14,15,16)           0.0002         -DE/DX =    0.0                 !
 ! D86   D(8,14,15,18)         179.9999         -DE/DX =    0.0                 !
 ! D87   D(13,14,15,16)        179.9999         -DE/DX =    0.0                 !
 ! D88   D(13,14,15,18)         -0.0004         -DE/DX =    0.0                 !
 ! D89   D(14,15,16,5)          -0.0001         -DE/DX =    0.0                 !
 ! D90   D(14,15,16,17)        179.9996         -DE/DX =    0.0                 !
 ! D91   D(18,15,16,5)        -179.9998         -DE/DX =    0.0                 !
 ! D92   D(18,15,16,17)         -0.0001         -DE/DX =    0.0                 !
 ! D93   D(2,23,24,25)           0.0003         -DE/DX =    0.0                 !
 ! D94   D(2,23,24,27)         179.9999         -DE/DX =    0.0                 !
 ! D95   D(26,23,24,25)        179.9998         -DE/DX =    0.0                 !
 ! D96   D(26,23,24,27)         -0.0006         -DE/DX =    0.0                 !
 ! D97   D(23,24,25,7)          -0.0002         -DE/DX =    0.0                 !
 ! D98   D(23,24,25,28)        180.0001         -DE/DX =    0.0                 !
 ! D99   D(27,24,25,7)        -179.9998         -DE/DX =    0.0                 !
 ! D100  D(27,24,25,28)          0.0005         -DE/DX =    0.0                 !
 ! D101  D(7,25,28,29)           0.0003         -DE/DX =    0.0                 !
 ! D102  D(7,25,28,31)         179.9993         -DE/DX =    0.0                 !
 ! D103  D(24,25,28,29)        180.0            -DE/DX =    0.0                 !
 ! D104  D(24,25,28,31)         -0.001          -DE/DX =    0.0                 !
 ! D105  D(25,28,29,30)         -0.0005         -DE/DX =    0.0                 !
 ! D106  D(25,28,29,32)        179.9995         -DE/DX =    0.0                 !
 ! D107  D(31,28,29,30)       -179.9994         -DE/DX =    0.0                 !
 ! D108  D(31,28,29,32)          0.0006         -DE/DX =    0.0                 !
 ! D109  D(28,29,30,10)          0.0003         -DE/DX =    0.0                 !
 ! D110  D(28,29,30,35)        180.0003         -DE/DX =    0.0                 !
 ! D111  D(32,29,30,10)       -179.9996         -DE/DX =    0.0                 !
 ! D112  D(32,29,30,35)          0.0003         -DE/DX =    0.0                 !
 ! D113  D(10,30,35,33)          0.0003         -DE/DX =    0.0                 !
 ! D114  D(10,30,35,36)        180.0001         -DE/DX =    0.0                 !
 ! D115  D(29,30,35,33)       -179.9997         -DE/DX =    0.0                 !
 ! D116  D(29,30,35,36)          0.0002         -DE/DX =    0.0                 !
 ! D117  D(11,33,35,30)         -0.0006         -DE/DX =    0.0                 !
 ! D118  D(11,33,35,36)       -180.0004         -DE/DX =    0.0                 !
 ! D119  D(34,33,35,30)        180.0001         -DE/DX =    0.0                 !
 ! D120  D(34,33,35,36)          0.0002         -DE/DX =    0.0                 !
 --------------------------------------------------------------------------------
 GradGradGradGradGradGradGradGradGradGradGradGradGradGradGradGradGradGrad

 1|1|UNPC-LAPTOP-7BBBEH3F|Freq|RHF|6-31++G(d,p)|C24H12|SAIF_|03-Aug-202
 5|0||#N Geom=AllCheck Guess=TCheck SCRF=Check GenChk RHF/6-31++G(d,p) 
 Freq||Title Card Required||0,1|C,-2.9387506057,-2.7416129258,-0.340144
 2698|C,-1.5136176015,-2.7423860189,-0.3399178792|C,-0.8359314523,-1.51
 89340249,-0.3394596576|C,-1.5713169515,-0.2958863457,-0.3392189686|C,-
 2.9697005391,-0.3207188028,-0.3394447729|C,-3.6373147924,-1.5798040348
 ,-0.3399156567|C,0.5909509615,-1.4935953545,-0.3392230169|C,-0.8798195
 966,0.9524994169,-0.3387478728|C,0.5470633534,0.9778380758,-0.33851942
 27|C,1.2824486338,-0.2452092053,-0.3387562583|C,1.2247495129,2.2012900
 046,-0.338062962|C,0.468157007,3.4090035111,-0.3378245613|C,-0.8872812
 66,3.384933626,-0.3380435076|C,-1.600517068,2.1511189826,-0.3385109634
 |C,-3.0247233261,2.0997474952,-0.3387509351|C,-3.6815974534,0.91386824
 3,-0.3391981264|H,-4.7574856708,0.8923327427,-0.3393673535|H,-3.577153
 6832,3.0232300188,-0.3385655913|H,-3.458043984,-3.6841273962,-0.340498
 3162|H,-4.7132893081,-1.5964809091,-0.3400858542|H,0.9917014612,4.3491
 632599,-0.3374608502|H,-1.4438759946,4.3059122156,-0.3378573234|C,-0.7
 570254556,-3.9500989756,-0.3401459419|C,0.5984132474,-3.9260291038,-0.
 3399272659|C,1.3116485682,-2.69221494,-0.3394560652|H,-1.2805696443,-4
 .8902588944,-0.3405053651|H,1.1550075312,-4.8470079792,-0.3401029244|C
 ,2.7358554239,-2.6408432329,-0.339220622|C,3.3927292849,-1.4549644277,
 -0.3387713873|C,2.6808321789,-0.220376744,-0.3385298138|H,3.2882853415
 ,-3.5643260132,-0.3393882811|H,4.4686174912,-1.433428484,-0.3385902942
 |C,2.6498819026,2.2005171693,-0.337833737|H,3.1691755531,3.1430315233,
 -0.3374827539|C,3.3484463093,1.038707896,-0.3380635701|H,4.4244208313,
 1.0553849121,-0.3378920181||Version=IA32W-G09RevA.02|State=1-A|HF=-915
 .9934869|RMSD=3.491e-009|RMSF=5.977e-005|ZeroPoint=0.2983127|Thermal=0
 .3113825|Dipole=0.,0.,0.000012|DipoleDeriv=0.0778074,0.0894312,0.00006
 41,0.1204053,0.0488539,0.0000802,0.0000734,0.0000746,-0.1633735,0.0697
 671,-0.1906767,-0.0000462,-0.1906766,-0.1688509,-0.000083,-0.0000477,-
 0.0000837,0.0122277,0.0311974,-0.0667562,-0.0000158,-0.0667561,-0.0523
 412,-0.0000289,-0.0000162,-0.0000267,0.0121928,-0.0892689,-0.0027965,-
 0.0000168,-0.0027966,0.0681252,0.0000157,-0.0000174,0.0000147,0.012192
 8,-0.2743272,-0.0079857,-0.0000469,-0.0079859,0.1752435,0.0000462,-0.0
 000447,0.0000464,0.0122277,0.142131,0.0862539,0.0000723,0.0552798,-0.0
 154695,0.000052,0.0000603,0.0000569,-0.1633735,0.026355,0.069552,0.000
 0225,0.069552,-0.0474987,-0.0000067,0.0000229,-0.0000074,0.0121928,0.0
 26356,0.0695515,0.0000218,0.0695515,-0.0474996,-0.0000062,0.0000223,-0
 .0000077,0.0121928,0.0311983,-0.0667556,-0.0000164,-0.0667555,-0.05234
 22,-0.00003,-0.0000156,-0.000027,0.0121928,-0.0892689,-0.0027954,-0.00
 00169,-0.0027955,0.0681254,0.0000151,-0.0000169,0.0000157,0.0121928,0.
 0697668,-0.1906768,-0.0000464,-0.1906769,-0.1688504,-0.0000824,-0.0000
 481,-0.0000823,0.0122277,-0.0373554,0.0483467,0.000035,0.0173725,0.164
 0166,0.0000998,0.0000289,0.0001082,-0.1633735,-0.0347695,-0.0554091,0.
 0000018,-0.0244348,0.1614308,0.0000909,0.0000083,0.0000868,-0.1633735,
 0.0559344,0.1986628,0.0000651,0.1986629,-0.1550183,-0.0000176,0.000066
 1,-0.0000191,0.0122277,0.0852152,-0.0881398,0.0000137,-0.1191137,0.041
 4454,0.0000419,0.0000042,0.0000496,-0.1633735,0.1469546,-0.0804829,0.0
 000245,-0.049509,-0.0202941,0.0000332,0.0000289,0.000028,-0.1633735,-0
 .1289143,0.0178791,-0.0000384,-0.0305487,0.0623672,-0.0000303,-0.00004
 97,-0.0000229,0.1511633,0.0142454,0.0590281,-0.0000043,0.1074559,-0.08
 07926,-0.0000508,0.0000105,-0.0000604,0.1511633,0.0200327,-0.0554458,-
 0.0000369,-0.1038738,-0.08658,-0.0000853,-0.0000501,-0.0000765,0.15116
 32,-0.1291228,-0.0246823,-0.000051,0.0237457,0.0625754,-0.0000222,-0.0
 000356,-0.0000299,0.1511632,0.0150565,-0.1069875,-0.0000528,-0.0585596
 ,-0.0816037,-0.0000774,-0.0000392,-0.000088,0.1511632,0.0090606,0.1102
 086,0.0000102,0.0617807,-0.0756079,-0.0000566,-0.0000022,-0.0000505,0.
 1511632,-0.0373558,0.0483474,0.0000346,0.0173735,0.1640163,0.0000977,0
 .0000285,0.0001061,-0.1633735,-0.0347698,-0.0554098,0.000004,-0.024435
 8,0.1614304,0.0000903,0.0000157,0.0000813,-0.1633735,0.0559348,0.19866
 27,0.0000639,0.1986625,-0.1550187,-0.0000164,0.0000627,-0.0000137,0.01
 22277,0.0150566,-0.1069875,-0.0000525,-0.0585598,-0.0816038,-0.0000764
 ,-0.0000404,-0.0000863,0.1511632,0.0090607,0.1102086,0.0000095,0.06178
 09,-0.0756079,-0.000056,-0.000006,-0.0000464,0.1511633,0.0852163,-0.08
 81393,0.000013,-0.1191134,0.041445,0.000038,0.0000077,0.0000338,-0.163
 3735,0.1469543,-0.0804835,0.0000276,-0.0495093,-0.0202929,0.0000348,0.
 0000375,0.0000306,-0.1633735,-0.2743273,-0.0079863,-0.0000474,-0.00798
 62,0.1752433,0.0000462,-0.0000476,0.0000463,0.0122277,0.0142453,0.0590
 279,-0.0000044,0.1074559,-0.0807926,-0.0000496,0.0000065,-0.0000509,0.
 1511632,-0.1289143,0.0178792,-0.0000398,-0.0305488,0.062367,-0.0000305
 ,-0.0000548,-0.0000227,0.1511632,0.0778062,0.0894317,0.0000649,0.12040
 55,0.0488543,0.0000798,0.0000722,0.0000714,-0.1633735,0.0200329,-0.055
 446,-0.0000369,-0.1038738,-0.08658,-0.0000852,-0.00005,-0.0000742,0.15
 11632,0.1421314,0.0862533,0.0000721,0.0552795,-0.0154705,0.0000518,0.0
 000624,0.0000552,-0.1633735,-0.1291228,-0.0246822,-0.0000507,0.0237457
 ,0.0625756,-0.000022,-0.0000368,-0.0000293,0.1511632|Polar=346.1869626
 ,-0.0000098,346.1869521,0.035281,0.065152,121.1797656|PolarDeriv=20.40
 15843,-0.3509085,6.2175429,0.0032382,0.0023107,0.5354582,-13.3568527,-
 2.0068093,-10.1147069,-0.0015475,-0.0006518,-4.4997374,-0.0001029,0.00
 0472,0.0007109,-1.4954325,-4.5380051,-0.0043723,-22.7330379,-1.1638859
 ,-0.8808071,-0.0036755,-0.0000426,0.0443872,-21.2811214,10.2624724,-21
 .349462,-0.0000591,-0.0038783,0.0801588,-0.0095282,0.003599,-0.005104,
 -1.3870335,-2.5040387,-0.0018391,23.4119016,1.1281924,0.2183723,0.0039
 548,0.000067,0.2245158,21.4079571,-11.0147546,21.2530818,0.0000241,0.0
 040823,0.4053391,0.0092236,-0.0032698,0.0052675,0.3989457,0.7202469,0.
 0004466,13.6750982,-0.5921502,35.085616,0.0017841,0.0099324,0.4632946,
 -0.1806183,11.9062578,1.0463146,0.0032032,0.0021736,0.0082225,0.002089
 1,0.0031336,0.0060348,0.8232274,0.0146144,0.0005034,-14.4534517,0.5527
 259,-34.2726593,-0.0016765,-0.0098586,0.0916111,0.1443463,-11.2789957,
 -1.0097972,-0.0023928,-0.0020761,0.0016146,-0.0012468,-0.0023516,-0.00
 55636,-2.8620792,-0.0508383,-0.0009217,-6.7895938,0.4837356,-1.4585424
 ,0.0003585,0.0006016,-3.7232155,13.8466966,6.1720357,20.6708454,0.0049
 234,0.006001,2.5830274,0.004286,0.0031092,0.0052356,-4.7093707,0.80722
 66,-0.000848,-24.1802618,-0.0880966,-0.9497898,-0.0037736,-0.0003342,-
 0.2387659,19.7800362,10.9962796,22.0150687,0.0063192,0.0077389,0.39711
 3,0.0023142,0.0032003,0.0060977,-0.4242657,0.7056276,0.0005437,24.1804
 008,0.0881053,0.9499371,0.003641,0.0003421,0.2387741,-19.7799434,-10.9
 962794,-22.0149906,-0.006347,-0.0077965,-0.3971081,-0.0023885,-0.00320
 77,-0.0061541,0.424274,-0.7056227,-0.0005061,-23.4120486,-1.1281866,-0
 .218523,-0.0038236,-0.0000712,-0.2245246,-21.4078667,11.0147513,-21.25
 30069,-0.0000265,-0.0040606,-0.4053346,-0.0092537,0.003264,-0.0052961,
 -0.3989543,-0.720243,-0.0005038,-13.6750956,0.5921531,-35.0856109,-0.0
 017768,-0.0098762,-0.4632945,0.1804568,-11.9062572,-1.0464924,-0.00311
 14,-0.002163,-0.0082321,-0.0020537,-0.003151,-0.0060049,-0.8232267,-0.
 014624,-0.0004963,22.7328472,1.1639492,0.8806929,0.0036937,0.000048,-0
 .0444042,21.281226,-10.2625049,21.3495272,-0.0000189,0.0038476,-0.0801
 493,0.0079457,-0.0036623,0.0034294,1.3870139,2.504049,0.0015149,13.400
 1045,-3.9564859,20.6170319,-0.0001832,0.003553,4.0985702,-4.0296957,5.
 2290959,-6.0859717,-0.0003341,-0.0026469,1.9328877,0.0004803,-0.000603
 3,-0.0000996,3.0537627,3.6748266,0.0044049,-12.9901645,-3.5054953,-20.
 6463632,-0.001911,-0.0058435,-4.1646142,-4.1250259,-5.2707247,-7.19203
 07,-0.0014917,-0.004511,1.7861501,-0.0026565,-0.0016304,-0.0080235,-3.
 1823112,3.564086,0.0008166,-23.5032416,0.0220267,-1.6089838,-0.003444,
 -0.0008376,0.047224,19.7309923,10.2414385,22.0344621,0.0064643,0.00733
 02,-0.0785204,0.0033954,0.0029731,0.0056681,-1.4750418,2.4532242,0.001
 1516,19.8666741,0.9196841,5.9020296,0.003591,0.0010214,0.3753381,14.20
 94593,-1.8552892,10.1922678,0.0014975,-0.0000023,4.5158998,0.0073501,-
 0.000527,0.0008488,-1.6556373,4.4820372,0.0033701,-6.236828,-0.898411,
 -0.7805975,0.0000128,0.0008408,-3.629158,-14.5238066,6.3708008,-20.264
 5122,0.0013131,-0.0037684,-2.7135663,-0.0037837,0.0032017,-0.0053868,-
 4.677745,-0.9738947,-0.0034012,-14.0228074,1.3551447,-0.5561327,-0.001
 7123,0.0000446,-0.1657933,0.2478246,-1.4927024,-0.2234013,-0.000376,-0
 .000424,0.124318,-0.0019791,-0.0002395,-0.0003318,-0.1322485,0.3315361
 ,0.0001771,-4.0122549,4.2593027,-3.7416014,0.0007053,-0.0003642,-0.193
 33,4.0527065,-5.1770948,8.2932994,-0.0007921,0.0016175,0.0746052,0.000
 6941,-0.0007567,0.0019272,-0.3512005,-0.063747,-0.0001409,-3.5762659,-
 4.0774739,-3.7343426,-0.0016578,-0.0016759,-0.1905603,-3.8200425,-5.16
 15962,-8.7934802,-0.0019792,-0.0033492,-0.0814235,-0.0015455,-0.002026
 5,-0.0031547,-0.3532474,0.0512377,-0.0001278,-13.8958751,-1.7749436,-0
 .6730035,-0.0026268,-0.0003736,-0.1612756,-0.6350672,-1.5696665,0.0930
 482,-0.0005016,-0.0000804,-0.1301264,-0.002253,-0.0006438,0.000129,-0.
 1203956,-0.3360264,-0.0002855,2.3209769,2.825741,4.4940564,0.0012412,0
 .0017372,-0.0320547,1.4792703,3.9552277,11.4087586,0.0014376,0.0038499
 ,0.2047326,0.0008634,0.0016683,0.0039582,-0.2308097,0.2722789,0.000152
 8,-2.5855849,3.0464833,-4.6827411,0.0004562,-0.0009577,0.0247658,1.681
 7302,-4.1920568,10.956207,-0.0010649,0.0024222,0.2057409,0.0000592,-0.
 000903,0.0023817,0.2209967,0.2803011,0.0003177,-13.3998791,3.9564669,-
 20.6169962,0.0001541,-0.0035601,-4.0985515,4.0295851,-5.2290676,6.0859
 115,0.0003586,0.0026197,-1.9328972,0.0003533,0.0006211,0.0011785,-3.05
 3739,-3.6748405,-0.0041647,12.9899446,3.505467,20.6463289,0.0019027,0.
 0058698,4.1645962,4.1249079,5.2706953,7.191969,0.0015668,0.004419,-1.7
 861598,0.0017804,0.0017635,0.0067589,3.1822888,-3.564101,-0.0010569,23
 .5034309,-0.0219639,1.6091014,0.0034318,0.000833,-0.0472068,-19.730880
 1,-10.2414001,-22.0343891,-0.0065262,-0.0072514,0.0785305,-0.0016923,-
 0.0030777,-0.0039005,1.475062,-2.4532125,-0.0007947,-2.3209722,-2.8257
 427,-4.4940548,-0.0012364,-0.0017253,0.0320546,-1.4792713,-3.9552266,-
 11.4087658,-0.0014237,-0.0038137,-0.2047324,-0.0009219,-0.0016549,-0.0
 039611,0.2308064,-0.2722762,-0.0001676,2.5855796,-3.0464841,4.6827383,
 -0.0004268,0.000918,-0.024766,-1.6817308,4.1920559,-10.956217,0.001035
 2,-0.0023497,-0.2057406,0.0000505,0.0008106,-0.0021845,-0.2209942,-0.2
 802984,-0.0002715,-19.8668077,-0.9197614,-5.9021729,-0.0035791,-0.0009
 896,-0.3753545,-14.2094998,1.8552251,-10.1923621,-0.0013698,-0.0001781
 ,-4.5159097,-0.0083821,0.0008418,-0.0019681,1.6556136,-4.4820487,-0.00
 36473,6.236815,0.8984352,0.780584,-0.000109,-0.0008238,3.6291576,14.52
 38791,-6.3707346,20.2647397,-0.001448,0.0038333,2.7135858,0.0039078,-0
 .0032837,0.0056165,4.6777431,0.973921,0.0034962,14.4534529,-0.5527211,
 34.2726603,0.0016711,0.009823,-0.0916101,-0.1444332,11.2789972,1.00954
 16,0.0025292,0.0020534,-0.0016341,0.0013368,0.0023787,0.0056437,2.8620
 801,0.0508163,0.0009402,4.0122458,-4.259301,3.7415986,-0.0006482,0.000
 3085,0.1933301,-4.0527064,5.1770923,-8.2933025,0.0007267,-0.0015076,-0
 .0746055,-0.0005342,0.0006035,-0.0016264,0.351204,0.0637478,0.0002114,
 14.0228052,-1.355142,0.5561323,0.0018184,-0.0000522,0.1657935,-0.24782
 01,1.4927009,0.2234079,0.0003751,0.0004364,-0.1243179,0.002161,0.00023
 65,0.0003163,0.1322494,-0.3315396,-0.0001619,-20.4014447,0.3508275,-6.
 2174005,-0.0032647,-0.0023074,-0.5354413,13.3568137,2.0068705,10.11461
 56,0.001573,0.0006842,4.4997278,0.0009001,-0.0003579,0.0000647,1.49545
 55,4.5379936,0.0045306,3.5762733,4.0774746,3.734345,0.0016441,0.001663
 1,0.1905599,3.8200425,5.1615989,8.7934781,0.001963,0.0033203,0.081423,
 0.0014947,0.0019998,0.0030466,0.3532435,-0.0512365,0.0001023,6.7896033
 ,-0.4837066,1.4585514,-0.0003976,-0.0005932,3.723215,-13.8466171,-6.17
 21027,-20.670613,-0.0049979,-0.0060008,-2.5830078,-0.004671,-0.0031784
 ,-0.005446,4.7093716,-0.8072004,0.0007238,13.8958771,1.7749452,0.67300
 36,0.0026242,0.0003727,0.1612748,0.635069,1.5696673,-0.0930426,0.00049
 85,0.0000801,0.1301263,0.0023076,0.0006484,-0.0001082,0.1203946,0.3360
 226,0.0003034|HyperPolar=-0.0000832,0.0003435,0.0000511,-0.0003649,-0.
 001556,-0.0004881,-0.0016052,-0.0000145,0.000017,-0.0009582|PG=C01 [X(
 C24H12)]|NImag=0||0.71955390,-0.01098160,0.88011224,0.00008427,0.00020
 625,0.16309957,-0.29383107,-0.04652625,-0.00004808,0.75345261,-0.00006
 104,-0.13692961,-0.00001757,0.00011224,0.75359410,-0.00003476,-0.00002
 479,-0.07617275,0.00009079,0.00016530,0.18009189,-0.01051040,-0.041093
 51,-0.00001409,-0.21617637,-0.06619295,-0.00004219,0.75622300,-0.06592
 863,0.03436622,-0.00000167,-0.06619345,-0.29901204,-0.00007626,0.01575
 541,0.77593878,-0.00002145,0.00000215,0.00421367,-0.00004205,-0.000076
 14,-0.06954174,0.00010198,0.00018606,0.14098405,-0.04017825,0.02396595
 ,0.00000092,0.05737080,0.00469376,0.00001101,-0.18500929,0.05826805,-0
 .00000586,0.78465453,0.03802040,-0.02052081,0.00000061,-0.02619243,-0.
 04601683,-0.00001629,0.07201848,-0.25418267,-0.00005142,0.00066015,0.7
 4750720,0.00000505,-0.00000167,-0.00194502,0.00000199,-0.00001141,-0.0
 0411614,-0.00000193,-0.00005362,-0.03902127,0.00010086,0.00017650,0.14
 098403,0.05751271,-0.00910581,0.00000529,-0.03814135,-0.01471804,-0.00
 000963,-0.03218607,0.05224243,0.00001074,-0.33562826,-0.00277213,-0.00
 004250,0.75365613,0.04766432,-0.07350875,-0.00001591,-0.05587574,-0.00
 066078,-0.00000783,0.02135621,0.04353999,0.00001725,-0.00277258,-0.179
 56027,-0.00003246,0.00000429,0.75339069,0.00002177,-0.00002492,0.00723
 004,-0.00002160,-0.00000131,-0.00407146,0.00000183,0.00002210,-0.00411
 613,-0.00004240,-0.00003251,-0.06954171,0.00008961,0.00016655,0.180091
 88,-0.24166442,0.17412800,0.00002441,-0.02872677,0.03668155,0.00000499
 ,0.00082998,0.00219334,0.00000117,-0.01982863,-0.03614617,-0.00001436,
 -0.19072801,-0.10126706,-0.00004735,0.83570850,0.09253817,-0.38324622,
 -0.00007548,0.09345168,0.01273071,0.00001626,0.01624782,-0.06152902,-0
 .00001467,-0.06098131,0.04368443,0.00000191,-0.05480183,-0.24003273,-0
 .00005619,-0.07265185,0.76395768,0.00000091,-0.00006277,-0.07404823,0.
 00002139,0.00000736,0.00723005,0.00000515,-0.00001696,-0.00194502,-0.0
 0002151,0.00000584,0.00421367,-0.00003378,-0.00006360,-0.07617276,0.00
 008320,0.00016340,0.16309956,-0.01045469,0.00303033,-0.00000213,-0.007
 26061,-0.06663361,-0.00001970,-0.29330609,0.00425672,-0.00003982,-0.03
 186774,0.03637563,0.00000929,0.01221490,0.01513816,0.00000461,0.000152
 73,-0.01530833,-0.00000413,0.75736593,-0.00324905,-0.00693477,-0.00000
 494,-0.03574700,0.01861483,0.00000075,-0.00949408,-0.14588698,-0.00003
 230,0.03325142,0.01169874,0.00001546,0.00556078,-0.00819459,-0.0000045
 6,0.00029683,-0.00142091,0.00000015,-0.01641503,0.77479565,-0.00000391
 ,-0.00000394,0.00844208,-0.00001074,-0.00000415,-0.00411611,-0.0000437
 7,-0.00003013,-0.03902122,0.00000828,0.00001603,-0.02338707,0.00000185
 ,-0.00000311,0.01058808,0.00000036,-0.00000229,-0.00178719,0.00009290,
 0.00018016,0.14098407,-0.00729232,0.00424965,0.00000035,0.00486656,0.0
 0946224,0.00000188,0.03095652,-0.00010402,0.00000841,-0.18047384,-0.06
 940029,-0.00004228,-0.02947919,-0.02395043,-0.00001093,-0.00779940,-0.
 00465883,-0.00000386,-0.00995991,-0.01465051,-0.00000876,0.75736543,-0
 .01135549,0.00602414,0.00000046,0.01903961,-0.00084627,-0.00000030,0.0
 0302018,-0.05112548,-0.00000763,-0.05564950,-0.25871904,-0.00007252,-0
 .05483702,0.04083338,0.00000451,0.00162055,-0.00959004,-0.00000495,-0.
 01465052,0.00559697,-0.00000626,-0.01641489,0.77479626,-0.00000415,0.0
 0000295,-0.00178720,0.00000466,-0.00000181,0.01058808,0.00000941,-0.00
 000808,-0.02338709,-0.00003816,-0.00007468,-0.03902125,-0.00001988,0.0
 0000938,-0.00411611,-0.00000205,-0.00000598,0.00844208,-0.00000892,-0.
 00000614,0.01927337,0.00009107,0.00018150,0.14098406,0.00603865,-0.002
 94425,0.00000003,-0.00713773,-0.00253275,-0.00000123,-0.01097998,0.014
 06158,-0.00000067,-0.02934230,-0.03783371,-0.00001176,0.01292364,-0.01
 438785,-0.00000381,0.00007056,0.00627826,0.00000189,0.03095651,0.00302
 016,0.00000930,-0.29330531,-0.00949390,-0.00004225,0.75622252,0.002733
 74,-0.00174512,-0.00000021,-0.00253272,-0.01030731,-0.00000219,0.01406
 159,0.00661705,-0.00000145,-0.03470949,0.00917327,0.00000405,-0.004810
 50,-0.00890324,-0.00000642,-0.00141084,0.00364699,0.00000099,-0.000104
 03,-0.05112548,-0.00000795,0.00425658,-0.14588691,-0.00003030,0.015755
 22,0.77593924,0.00000165,-0.00000109,0.00047213,-0.00000121,-0.0000022
 1,-0.00401525,-0.00000079,-0.00000154,0.01927336,-0.00001104,0.0000035
 5,-0.02338708,-0.00000102,-0.00000792,0.01058810,-0.00000033,0.0000021
 7,-0.00051296,0.00000848,-0.00000753,-0.02338708,-0.00003818,-0.000032
 29,-0.03902126,0.00010011,0.00018535,0.14098405,0.00487651,-0.00396248
 ,-0.00000031,-0.01205504,0.00845150,-0.00000116,-0.02934230,-0.0347094
 9,-0.00001091,0.01439549,0.00058893,-0.00000058,-0.01170834,-0.0001060
 4,-0.00000124,-0.00012064,0.00600391,0.00000166,-0.18047362,-0.0556494
 0,-0.00003817,-0.03186773,0.03325140,0.00000822,-0.18500952,0.05826813
 ,-0.00000585,0.78465462,0.00372662,-0.00115896,0.00000040,-0.00112586,
 0.01607544,0.00000145,-0.03783372,0.00917326,0.00000329,0.00058893,-0.
 01875840,-0.00001084,-0.00010607,-0.00573671,-0.00000055,0.00032592,0.
 00441418,0.00000120,-0.06939986,-0.25871849,-0.00007383,0.03637560,0.0
 1169874,0.00001576,0.07201890,-0.25418315,-0.00005064,0.00065969,0.747
 50712,0.00000195,-0.00000083,-0.00051296,-0.00000397,0.00000299,0.0105
 8811,-0.00001178,0.00000385,-0.02338708,-0.00000056,-0.00001098,0.0192
 7335,-0.00000122,-0.00000052,-0.00401525,0.00000002,0.00000212,0.00047
 213,-0.00004207,-0.00007157,-0.03902128,0.00000923,0.00001528,-0.02338
 708,-0.00000206,-0.00005278,-0.03902125,0.00010097,0.00017427,0.140984
 04,0.00694988,-0.00290376,0.00000025,-0.00595346,0.00932691,0.00000177
 ,-0.00713777,-0.00253279,-0.00000124,-0.01205512,-0.00112585,-0.000003
 81,0.00581218,-0.01241209,-0.00000262,-0.00046705,0.00782651,0.0000022
 5,0.00486661,0.01903953,0.00000458,-0.00726066,-0.03574691,-0.00001077
 ,-0.21617633,-0.06619308,-0.00004178,0.05737119,-0.02619260,0.00000193
 ,0.75345310,-0.00970417,0.00537261,0.,0.00932682,0.00571838,0.00000318
 ,-0.00253273,-0.01030727,-0.00000225,0.00845155,0.01607544,0.00000286,
 -0.00686045,0.01604449,0.00000376,-0.00033633,-0.01122443,-0.00000318,
 0.00946221,-0.00084623,-0.00000177,-0.06663320,0.01861462,-0.00000378,
 -0.06619337,-0.29901218,-0.00007597,0.00469390,-0.04601696,-0.00001121
 ,0.00011265,0.75359367,-0.00000175,0.00000105,0.00009183,0.00000180,0.
 00000318,-0.00019255,-0.00000119,-0.00000222,-0.00401525,-0.00000107,0
 .00000143,0.01058809,-0.00000102,0.00000288,-0.00057019,-0.00000009,-0
 .00000191,-0.00040058,0.00000182,-0.00000031,0.01058810,-0.00001991,0.
 00000095,-0.00411613,-0.00004173,-0.00007617,-0.06954173,0.00001091,-0
 .00001623,-0.00411611,0.00008988,0.00016668,0.18009188,-0.01211058,0.0
 0647241,-0.00000003,0.01148569,-0.00006566,0.00000178,0.00053959,-0.00
 638508,-0.00000184,0.00547269,0.01223687,0.00000464,-0.00780908,0.0206
 5657,0.00000475,-0.00056726,-0.01470818,-0.00000436,0.00064522,-0.0066
 1004,-0.00000171,-0.05392459,0.01536473,-0.00000357,0.06986367,0.00919
 753,0.00001292,-0.00782678,0.00467463,-0.00000108,-0.16012681,0.037134
 23,-0.00000209,0.84481321,0.00581685,-0.00442104,-0.00000035,-0.006866
 06,0.00083680,-0.00000087,-0.00070710,0.00375396,0.00000083,-0.0033683
 1,-0.00674085,-0.00000192,0.00406239,-0.01127684,-0.00000270,0.0012423
 2,0.00784812,0.00000243,0.00107907,0.00307232,0.00000120,0.02941924,-0
 .00677453,0.00000315,-0.01563772,-0.04600782,-0.00001709,-0.00160474,-
 0.00956267,-0.00000554,0.08359955,-0.27063420,-0.00004434,0.06739479,0
 .75485276,-0.00000016,-0.00000025,-0.00005296,-0.00000023,0.00000021,0
 .00009183,-0.00000020,-0.00000003,0.00047213,0.00000012,0.00000042,-0.
 00178719,-0.00000003,-0.00000013,0.00018110,0.00000024,-0.00000003,0.0
 0011625,0.00000051,0.00000002,-0.00051297,0.00000055,0.00000103,-0.001
 94502,0.00000570,-0.00001312,0.00421367,-0.00000298,-0.00000447,0.0084
 4208,0.00001161,-0.00005190,-0.07617273,0.00012693,0.00018606,0.163099
 59,0.01153547,-0.00713536,-0.00000027,-0.01156580,0.00088191,-0.000001
 50,0.00045202,0.00651695,0.00000204,-0.00772006,-0.00460919,-0.0000038
 3,0.00607689,-0.02124386,-0.00000508,0.00140743,0.01503171,0.00000468,
 0.00029199,0.00626208,0.00000176,0.06948908,-0.00509420,0.00000859,-0.
 05227611,-0.01698132,-0.00001276,0.00577195,-0.01179230,-0.00000226,-0
 .05744972,0.07547949,0.00001184,-0.46332004,-0.04615477,-0.00007444,0.
 84948252,0.00881514,-0.00425461,0.00000013,-0.00728095,-0.00012568,-0.
 00000107,-0.00117216,0.00326551,0.00000091,0.00167019,-0.00966943,-0.0
 0000495,0.00573086,-0.01534294,-0.00000332,-0.00020142,0.01068692,0.00
 000326,0.00058411,0.00400155,0.00000111,0.01974100,-0.04563321,-0.0000
 1146,-0.03103578,-0.00842304,-0.00000670,0.00381284,-0.00704012,-0.000
 00097,0.01870926,0.04145372,0.00001304,0.03543515,-0.16159009,-0.00002
 047,-0.06403287,0.75018351,0.00000434,-0.00000239,0.00011625,-0.000003
 85,0.00000021,-0.00040058,-0.00000020,0.00000212,-0.00051296,-0.000002
 02,-0.00000601,0.00844208,0.00000275,-0.00000752,-0.00086691,0.0000002
 7,0.00000564,-0.00066508,0.00000014,0.00000200,0.00047214,0.00001582,-
 0.00001531,0.00421367,-0.00001687,-0.00000452,-0.00194502,0.00000227,-
 0.00000336,-0.00178720,-0.00000441,0.00002169,0.00723005,-0.00005038,-
 0.00003290,-0.07404827,0.00008746,0.00016231,0.16309957,-0.02141630,0.
 01214233,0.00000010,0.02183164,-0.00238853,0.00000285,0.00587072,-0.01
 880089,-0.00000616,0.05647808,0.02983400,0.00001803,-0.04059943,0.0544
 5711,0.00001014,-0.00234067,-0.02651078,-0.00000789,-0.00732150,0.0026
 3885,0.00000020,-0.22097810,0.06896523,-0.00000339,-0.01086071,0.03469
 974,0.00000903,-0.01175972,0.00013695,-0.00000338,0.02053707,-0.019159
 99,-0.00000170,-0.05398303,-0.02209984,-0.00001598,-0.15598216,-0.0795
 2628,-0.00003528,0.75346145,-0.00445185,0.00233043,-0.00000008,0.00316
 316,0.00002499,0.00000066,-0.00922357,-0.00185034,-0.00000506,-0.00105
 254,-0.04512379,-0.00001215,0.01329926,0.00179660,0.00000377,0.0004638
 9,-0.00692540,-0.00000168,0.00263880,-0.01012352,-0.00000129,0.0689655
 9,-0.29421015,-0.00005462,0.06558600,0.02221473,0.00001785,-0.00944043
 ,0.01578002,0.00000003,0.02199774,-0.05933931,-0.00001268,-0.07887007,
 0.03798699,-0.00000319,-0.03306101,-0.27477888,-0.00006280,-0.00011719
 ,0.75358531,-0.00000470,0.00000253,0.00018110,0.00000443,-0.00000020,-
 0.00057019,-0.00000344,-0.00000656,0.01058810,0.00000910,-0.00000722,-
 0.00411611,-0.00000187,0.00001020,-0.00407144,-0.00000009,-0.00000593,
 -0.00086691,0.00000027,-0.00000138,-0.00401526,-0.00000344,-0.00005464
 ,-0.06954174,0.00001798,0.00001307,-0.00411612,-0.00000621,0.00000157,
 0.01058809,0.00001032,-0.00001903,-0.00407146,-0.00003262,0.00000550,0
 .00723005,-0.00002169,-0.00006979,-0.07617273,0.00008947,0.00016665,0.
 18009188,0.02194151,-0.01305478,-0.00000036,-0.02111348,0.00361905,-0.
 00000233,-0.00752770,0.01087394,0.00000228,-0.03795447,-0.03863995,-0.
 00001685,0.05871615,-0.04296700,-0.00000446,-0.00088085,0.03335010,0.0
 0000864,0.00602141,-0.00245788,0.00000015,-0.01425131,0.06420188,0.000
 01580,-0.01045798,0.00312395,-0.00000208,0.00486061,-0.00351277,-0.000
 00018,-0.01705795,0.01801380,0.00000272,0.03024584,-0.01537916,-0.0000
 0068,-0.04986526,-0.02786063,-0.00001657,-0.29528742,-0.00556520,-0.00
 003624,0.71897794,0.01416951,-0.00943537,-0.00000054,-0.01297522,0.002
 02768,-0.00000153,-0.00473113,0.00625943,0.00000160,-0.02458555,-0.022
 74513,-0.00000985,0.01380369,-0.07471190,-0.00002166,0.00617649,0.0178
 0064,0.00000447,0.00322019,-0.00172787,-0.00000011,0.03936625,0.038107
 31,0.00001603,-0.00315548,-0.00693141,-0.00000496,0.00417637,-0.001142
 98,0.00000045,-0.00896091,0.00779178,0.00000115,0.01179449,-0.01332601
 ,-0.00000374,-0.05519532,-0.00576813,-0.00001148,0.04090049,-0.1354745
 0,-0.00001088,0.00525583,0.88068759,0.00000752,-0.00000486,0.00018766,
 -0.00000712,0.00000112,0.00018110,-0.00000227,0.00000405,-0.00178719,-
 0.00001282,-0.00001209,-0.00194504,0.00001207,-0.00003057,0.00723005,0
 .00000078,0.00000876,0.00564601,0.00000180,-0.00000102,0.00047214,0.00
 000865,0.00001996,0.00421369,-0.00000387,-0.00000401,0.00844208,0.0000
 0207,-0.00000073,-0.00051297,-0.00000515,0.00000533,-0.00086690,0.0000
 0726,-0.00000792,0.00564598,-0.00002436,-0.00000714,0.00395264,-0.0000
 2268,-0.00001824,-0.07617268,0.00008804,0.00021027,0.16309962,0.000545
 20,-0.00678955,-0.00000275,-0.00327066,-0.00033403,-0.00000048,-0.0079
 0946,-0.00156085,-0.00000302,-0.02319495,0.03377011,0.00000551,-0.1963
 2828,0.10282047,0.00001112,0.01917187,-0.01199796,-0.00000112,0.000247
 78,0.00129007,0.00000051,0.00140570,0.00004259,0.00000052,-0.00038190,
 -0.00025991,0.00000014,0.00010968,-0.00047885,-0.00000020,-0.00027618,
 0.00006293,-0.00000002,-0.00110845,-0.00025313,-0.00000031,-0.00522919
 ,0.00345569,-0.00000069,-0.02405705,-0.03798851,-0.00001591,-0.2323805
 7,-0.16876742,-0.00007373,0.83046249,-0.03396315,0.01637459,-0.0000022
 5,0.02664063,-0.00599554,0.00000275,0.00471858,-0.00947988,-0.00000449
 ,0.05860580,0.04705091,0.00002157,0.05635471,-0.23443373,-0.00003702,0
 .01533674,-0.07480520,-0.00002039,-0.00639907,0.00346985,0.00000013,-0
 .01401187,-0.06210528,-0.00001971,0.01534521,-0.00088636,0.00000267,-0
 .00615692,0.00418386,0.00000014,0.01665720,-0.01880968,-0.00000296,-0.
 02747745,0.01361462,-0.00000031,0.03062934,0.02214900,0.00000958,-0.09
 475918,0.00806126,-0.00001457,-0.08717708,-0.39252811,-0.00010626,0.07
 501299,0.76920315,-0.00001067,0.00000207,0.00564598,0.00000737,-0.0000
 0154,-0.00086690,-0.00000118,-0.00000543,0.00844208,0.00001273,0.00001
 762,0.00421369,-0.00000227,-0.00002984,-0.07617267,0.00000683,-0.00002
 481,0.00395263,-0.00000173,0.00000133,-0.00051297,-0.00000358,-0.00001
 744,-0.00194504,0.00000469,0.00000022,-0.00178719,-0.00000185,0.000001
 00,0.00047214,0.00000475,-0.00000551,0.00018110,-0.00000818,0.00000389
 ,0.00018766,0.00000721,0.00000532,0.00564601,-0.00003243,-0.00000568,0
 .00723005,-0.00004986,-0.00011887,-0.07404838,0.00012438,0.00018779,0.
 16309961,-0.00007684,0.00049013,0.00000014,0.00036901,0.00001190,0.000
 00006,-0.00056841,-0.00086630,-0.00000036,0.00028655,0.00335905,0.0000
 0028,-0.01305081,-0.00355236,-0.00000369,0.00065494,-0.00185241,0.0000
 0003,-0.00010979,0.00030786,0.00000008,0.00056919,0.00016775,0.0000002
 2,0.00007342,-0.00000176,0.00000013,0.00003930,0.00001877,0.,0.0000414
 3,-0.00008250,-0.00000004,-0.00015384,-0.00033225,-0.00000002,-0.00064
 223,0.00052445,0.00000002,0.00109024,-0.00315648,-0.00000233,-0.011780
 70,0.00317123,-0.00000187,-0.37349520,-0.00516032,-0.00005127,0.395098
 31,-0.00022762,0.00013022,0.00000004,0.00011533,0.00003342,0.00000002,
 0.00155080,0.00078096,0.00000047,0.00217672,-0.00586841,-0.00000283,0.
 03100936,0.00663295,0.00000546,0.00095986,0.00173535,0.00000154,0.0000
 4916,-0.00046913,-0.00000013,-0.00028214,-0.00097963,-0.00000014,0.000
 18733,0.00015823,0.00000030,-0.00019207,-0.00001800,-0.00000005,0.0002
 3831,-0.00022969,-0.00000006,-0.00039055,-0.00033387,0.00000002,-0.001
 21144,0.00082417,0.,-0.00194766,-0.00585563,-0.00000505,-0.03380761,0.
 00610149,-0.00000530,-0.00448377,-0.07203016,-0.00000825,0.00654960,0.
 06892773,-0.00000007,0.00000015,-0.00011178,0.00000009,0.,0.00003013,0
 .00000035,0.00000007,0.00006552,-0.00000009,-0.00000260,0.00500485,0.0
 0000624,0.00000020,0.00423207,0.00000086,0.00000110,-0.00305005,0.,-0.
 00000008,-0.00002251,0.00000011,-0.00000008,-0.00063987,0.00000018,0.0
 0000027,-0.00076971,-0.00000006,-0.00000002,0.00006517,0.00000006,-0.0
 0000011,0.00011600,-0.00000003,0.00000002,-0.00062668,-0.00000050,0.00
 000027,0.00016802,-0.00000204,-0.00000528,0.01052164,-0.00001270,0.000
 00036,0.00640729,-0.00005085,-0.00000839,-0.04581881,0.00005734,0.0000
 1215,0.03044675,0.00004180,-0.00026813,0.00000003,-0.00022347,0.000072
 57,-0.00000003,0.00005092,0.00017326,0.00000017,-0.00049242,-0.0009464
 0,-0.00000025,-0.00160621,-0.00363486,-0.00000294,0.00072050,-0.000358
 76,-0.00000002,0.00007605,-0.00016907,-0.00000004,-0.00662588,-0.00214
 847,-0.00000245,0.00009351,0.00196497,0.00000058,-0.00052856,-0.000212
 87,-0.00000014,0.00007063,-0.00007137,-0.00000001,-0.00004608,-0.00020
 837,-0.00000006,0.00183272,0.00169681,0.00000126,-0.01125162,0.0321351
 3,0.00000700,-0.15251350,0.13378712,0.00002264,0.01484620,-0.01714684,
 -0.00000370,0.00110792,0.00048533,0.00000135,0.15480857,-0.00020984,-0
 .00052951,0.,-0.00024825,0.00003521,-0.00000006,-0.00001584,0.00018072
 ,0.00000028,-0.00049651,0.00008198,0.00000013,-0.00484368,-0.00315919,
 -0.00000476,0.00137713,-0.00053856,0.00000001,0.00004176,-0.00005475,-
 0.00000003,-0.00096614,0.00104403,-0.00000132,-0.00045213,0.00011904,-
 0.00000006,0.00004583,-0.00005036,0.,-0.00017479,0.00033180,0.00000006
 ,0.00050938,0.00009946,0.00000014,-0.00111546,0.00055758,0.00000089,-0
 .00242660,0.00483377,-0.00000020,0.13311056,-0.29301181,-0.00005185,0.
 01983200,-0.02052541,-0.00000479,-0.00048378,0.00110889,0.00000222,-0.
 14380256,0.30921743,0.00000004,0.,-0.00062668,-0.00000012,-0.00000002,
 0.00011600,0.00000013,0.00000030,-0.00076971,-0.00000010,0.00000007,-0
 .00063987,-0.00000330,-0.00000450,0.01052164,0.00000048,-0.00000026,0.
 00016802,0.00000001,-0.00000006,0.00006517,-0.00000212,-0.00000154,0.0
 0500485,-0.00000013,0.00000033,0.00006552,-0.00000007,-0.00000004,-0.0
 0002251,-0.00000004,0.00000007,0.00003013,0.00000015,0.00000004,-0.000
 11178,0.00000045,0.00000133,-0.00305005,-0.00000327,0.00000524,0.00423
 207,0.00002264,-0.00005184,-0.04581882,0.00000709,-0.00001054,0.006407
 29,0.00000104,0.00000234,-0.00671134,-0.00002282,0.00005942,0.03044676
 ,-0.14322028,-0.12846538,-0.00005247,-0.01017723,-0.03266843,-0.000011
 68,-0.00672673,0.00187241,-0.00000135,-0.00054289,0.00092420,0.0000002
 9,-0.00190901,0.00367926,-0.00000088,0.01489689,0.01840531,0.00000666,
 0.00014722,-0.00196397,-0.00000054,0.00005667,-0.00017767,0.00000007,0
 .00007137,0.00017355,0.00000006,-0.00053389,0.00019569,-0.00000003,0.0
 0001358,-0.00012899,-0.00000004,-0.00010583,0.00010524,0.00000001,0.00
 014323,0.00001580,0.00000002,-0.00022938,-0.00008197,-0.00000008,0.000
 02412,0.00028780,0.00000019,0.00075505,0.00040472,0.00000021,-0.000021
 39,-0.00002019,-0.00000003,0.00004347,0.00008137,0.00000003,0.14479814
 ,-0.12778882,-0.30230503,-0.00009423,0.00189330,0.00375936,0.00000016,
 0.00069007,0.00114487,-0.00000102,0.00047431,0.00013246,0.00000031,0.0
 0488810,-0.00285637,-0.00000312,-0.01857353,-0.02057610,-0.00001071,0.
 00045313,0.00006533,0.00000008,0.00001143,0.00017497,0.00000027,-0.000
 03728,-0.00005007,-0.00000004,-0.00006301,-0.00004503,-0.00000002,-0.0
 0008929,0.00004285,0.,0.00006817,-0.00006041,0.,-0.00010055,-0.0000294
 1,-0.00000003,0.00023885,0.00004112,0.00000002,0.00022951,-0.00051183,
 0.00000007,-0.00133117,-0.00057311,-0.00000043,0.00006214,-0.00000216,
 -0.00000003,-0.00007497,-0.00013664,-0.00000005,0.13796113,0.31922786,
 -0.00005223,-0.00009425,-0.04581884,-0.00000170,-0.00000530,0.00423206
 ,-0.00000167,-0.00000083,0.00500482,0.00000015,0.00000040,-0.00063987,
 -0.00000051,-0.00000330,0.01052166,-0.00000406,-0.00000498,0.00640731,
 0.00000014,-0.00000031,0.00006552,0.00000013,0.00000024,-0.00076971,0.
 ,0.,0.00006517,-0.00000010,0.00000002,-0.00002251,-0.00000003,-0.00000
 002,0.00001661,0.,0.,-0.00000630,0.,-0.00000002,0.00003236,0.,-0.00000
 003,0.00011600,0.00000018,0.00000008,-0.00062668,-0.00000030,-0.000000
 17,0.00016802,0.,-0.00000005,0.00014503,-0.00000001,-0.00000002,-0.000
 01144,0.00005787,0.00010518,0.03044677,-0.01284522,-0.00384434,-0.0000
 0410,0.00090038,0.00339650,-0.00000048,0.00056318,-0.00011294,0.000000
 14,0.00047522,-0.00313368,-0.00000158,-0.01205175,0.00288855,-0.000001
 69,-0.37345733,-0.00554844,-0.00005206,0.00008011,-0.00000102,0.000000
 14,-0.00054242,0.00081929,0.00000014,-0.00009758,-0.00029466,-0.000000
 09,0.00003307,-0.00001695,-0.00000001,-0.00012441,0.00010207,0.,0.0000
 7694,-0.00012315,-0.00000002,-0.00004664,-0.00003786,-0.00000002,0.000
 37310,0.00000016,0.00000005,-0.00006727,-0.00049715,-0.00000014,0.0006
 2463,0.00181295,0.00000109,0.00080043,-0.00066737,-0.00000013,-0.00001
 987,-0.00006277,-0.00000004,0.00110798,0.00048374,0.00000134,0.3951518
 9,0.03313450,0.00716599,0.00000537,0.00218767,-0.00566576,-0.00000436,
 0.00033695,-0.00097361,-0.00000005,-0.00195134,-0.00605708,-0.00000351
 ,-0.03167318,0.00563389,-0.00000450,-0.00622500,-0.07206796,-0.0000086
 4,-0.00019011,0.00015154,0.00000024,-0.00159781,0.00075497,-0.00000006
 ,-0.00003596,-0.00048134,-0.00000014,0.00019388,-0.00001178,0.,-0.0000
 8169,-0.00000234,-0.00000002,-0.00010897,-0.00002924,-0.00000002,0.000
 16690,0.00008659,0.00000005,-0.00010326,0.00002933,-0.00000002,0.00022
 060,0.00012065,0.00000010,-0.00099932,0.00176567,0.00000126,0.00071944
 ,-0.00066517,-0.00000019,0.00001956,-0.00000368,-0.00000004,-0.0004853
 6,0.00110883,0.00000220,0.00504012,0.06887410,0.00000659,-0.00000033,0
 .00640732,-0.00000089,-0.00000417,0.01052166,0.00000028,-0.00000013,-0
 .00063987,-0.00000129,-0.00000371,0.00500482,-0.00001177,0.00000084,0.
 00423207,-0.00005211,-0.00000853,-0.04581882,0.00000008,0.00000027,-0.
 00076971,-0.00000056,0.00000033,0.00006552,-0.00000002,-0.00000018,-0.
 00002251,0.00000005,-0.00000003,0.00006517,-0.00000005,0.,0.00001926,-
 0.00000002,-0.00000002,-0.00000929,0.00000004,0.00000001,0.00002366,0.
 00000002,0.,0.00003013,0.00000007,0.,-0.00011178,0.00000028,0.00000168
 ,-0.00305003,0.00000028,-0.00000040,0.00036612,-0.00000002,-0.00000005
 ,0.00014502,0.00000108,0.00000234,-0.00671136,0.00005765,0.00001197,0.
 03044675,-0.00015117,0.00003981,-0.00000001,0.00013277,-0.00001472,0.0
 0000002,-0.00007717,-0.00013023,-0.00000006,0.00021644,0.00011140,0.00
 000019,-0.00010553,0.00031634,0.00000006,0.00005727,-0.00015433,-0.000
 00004,-0.00024224,0.00011948,0.,-0.00068642,0.00038450,0.00000011,-0.0
 0222212,0.00350865,-0.00000011,0.00076774,0.00084139,0.00000034,0.0136
 7659,0.01681891,0.00000648,-0.14231722,-0.12722375,-0.00005321,-0.0105
 1981,-0.03447707,-0.00001284,-0.00644225,0.00205160,-0.00000210,0.0002
 1717,-0.00166773,-0.00000046,-0.00059365,-0.00015704,-0.00000004,-0.00
 008884,-0.00015776,-0.00000006,-0.00002644,0.00005898,-0.00000001,0.00
 000152,-0.00000984,0.,-0.00000317,0.00000200,0.,0.14607863,0.00007688,
 -0.00001507,0.,-0.00005441,-0.00007634,-0.00000003,0.00008060,0.000098
 47,0.00000003,-0.00007770,0.00001521,0.00000021,-0.00000448,-0.0000827
 3,-0.00000006,-0.00003799,0.00005655,0.,0.00037818,-0.00033668,-0.0000
 0004,0.00083440,0.00027598,0.00000042,0.00469099,-0.00335974,-0.000001
 79,-0.00157571,-0.00055518,-0.00000040,-0.01774281,-0.02009444,-0.0000
 0996,-0.12790032,-0.30320808,-0.00009699,0.00250178,0.00484059,-0.0000
 0009,0.00084277,0.00167686,-0.00000255,0.00006817,-0.00003523,-0.00000
 005,-0.00009875,0.00010594,0.00000020,-0.00000142,-0.00000433,0.,-0.00
 002335,0.00000289,-0.00000005,-0.00000789,-0.00000957,0.,-0.00000923,-
 0.00000076,0.,0.13876234,0.31794736,0.,0.,-0.00000630,0.,-0.00000003,0
 .00001661,0.,0.,0.00006517,0.00000013,0.00000025,-0.00076971,-0.000000
 04,0.,0.00011600,0.,-0.00000002,0.00003236,0.00000008,-0.00000007,-0.0
 0002251,0.00000024,0.00000033,-0.00063987,0.00000025,-0.00000189,0.005
 00483,-0.00000036,-0.00000005,0.00006552,-0.00000379,-0.00000453,0.004
 23206,-0.00005353,-0.00009703,-0.04581884,-0.00000183,-0.00000584,0.00
 640731,-0.00000238,-0.00000227,0.01052166,0.00000005,-0.00000030,0.000
 16802,-0.00000002,0.00000018,-0.00062668,-0.00000001,-0.00000002,-0.00
 001144,-0.00000003,-0.00000003,0.00014503,0.,0.,0.00000406,0.,0.,0.000
 00042,0.00005962,0.00010764,0.03044678,0.00010501,-0.00009141,0.,-0.00
 004585,-0.00003254,-0.00000002,-0.00022470,-0.00011550,-0.00000006,0.0
 0074001,-0.00079538,-0.00000012,0.00017241,-0.00022883,-0.00000004,-0.
 00000892,0.00019050,0.00000005,-0.00007871,0.00012393,0.00000001,-0.00
 193261,-0.00345795,-0.00000206,-0.00064195,-0.00041712,-0.00000013,0.0
 0021738,-0.00010421,0.00000012,-0.00632931,-0.00233603,-0.00000332,-0.
 01163501,0.03389173,0.00000724,-0.15157250,0.13261098,0.00002285,0.013
 60123,-0.01562180,-0.00000316,0.00107877,-0.00071516,0.00000042,0.0001
 9213,0.00038291,0.00000016,0.00001120,0.00003900,0.,-0.00027622,0.0000
 4576,-0.00000008,0.00000182,0.00000512,0.,-0.00000486,-0.00001352,0.,0
 .00110932,-0.00048452,0.00000106,0.15614258,-0.00010558,-0.00005731,-0
 .00000003,0.00015123,-0.00008090,0.,-0.00037420,-0.00035422,-0.0000001
 5,0.00162172,-0.00052746,0.00000008,-0.00012541,0.00023002,0.00000004,
 -0.00001426,0.00004887,0.,-0.00008690,0.00010001,0.,-0.00464029,-0.003
 64925,-0.00000324,-0.00086701,0.00023152,0.00000011,0.00008488,0.00001
 426,0.00000025,-0.00112720,0.00156393,-0.00000281,-0.00308711,0.005955
 79,-0.00000060,0.13328754,-0.29395281,-0.00005266,0.01893993,-0.020019
 10,-0.00000422,0.00209710,0.00131153,0.00000161,-0.00033484,-0.0001387
 5,-0.00000005,-0.00004333,-0.00003475,-0.00000006,-0.00134104,0.000411
 49,-0.00000020,-0.00000611,-0.00000574,0.,-0.00003545,-0.00003550,-0.0
 0000002,0.00048458,0.00110749,0.00000238,-0.14451084,0.30788343,0.,-0.
 00000004,-0.00000929,0.00000002,-0.00000003,0.00001926,-0.00000014,-0.
 00000011,-0.00002251,0.00000058,-0.00000030,0.00006552,0.,0.,0.0000301
 3,0.,0.00000006,0.00002366,-0.00000005,0.00000004,0.00006517,-0.000002
 36,-0.00000307,0.00500483,-0.00000030,0.00000016,-0.00063987,0.0000001
 8,0.00000019,-0.00076971,-0.00000305,-0.00000290,0.01052166,-0.0000035
 8,0.00000509,0.00640731,0.00002298,-0.00005307,-0.04581882,0.00000706,
 -0.00000929,0.00423207,0.00000122,0.00000115,-0.00305004,-0.00000005,0
 .00000009,-0.00011178,-0.00000003,-0.00000005,0.00014502,-0.00000050,0
 .00000002,0.00036612,0.,0.,0.00000042,-0.00000001,-0.00000002,0.000016
 29,0.00000139,0.00000227,-0.00671136,-0.00002331,0.00005953,0.03044675
 ,-0.05275666,0.05352594,0.00000645,-0.16012718,0.03713437,-0.00000272,
 0.06986401,0.00919779,0.00001308,-0.00782669,0.00467464,-0.00000117,0.
 00549934,0.02198437,0.00000740,-0.00398526,-0.03155780,-0.00001066,-0.
 05392495,0.01536498,-0.00000387,0.00064526,-0.00661010,-0.00000176,0.0
 0053955,-0.00638515,-0.00000180,0.00547260,0.01223687,0.00000472,0.011
 48577,-0.00006561,0.00000175,-0.00610916,0.00372964,0.00000015,0.00622
 142,0.00379384,0.00000205,-0.01177851,-0.00129585,-0.00000216,0.011575
 24,0.00769780,0.00000403,0.00194536,-0.01534236,-0.00000404,-0.0000418
 9,-0.00017147,-0.00000006,0.00014001,0.00010657,0.00000005,0.00185174,
 0.00116144,0.00000110,-0.00066476,0.00115855,0.00000021,-0.00004652,-0
 .00004028,-0.00000002,0.00004135,-0.00008584,0.,0.84481187,0.02619124,
 -0.00287669,0.00000218,0.08360014,-0.27063489,-0.00004282,-0.01563793,
 -0.04600801,-0.00001697,-0.00160480,-0.00956267,-0.00000546,-0.0049903
 1,-0.01476553,-0.00000482,-0.00438418,0.02090506,0.00000374,0.02941944
 ,-0.00677468,0.00000321,0.00107904,0.00307236,0.00000124,-0.00070708,0
 .00375400,0.00000081,-0.00336826,-0.00674085,-0.00000193,-0.00686610,0
 .00083677,-0.00000087,0.00372964,-0.00240416,-0.00000012,-0.00349048,-
 0.00231736,-0.00000124,0.00686701,0.00008692,0.00000120,-0.00825280,-0
 .00429434,-0.00000258,-0.00010915,0.01014907,0.00000312,0.00003329,0.0
 0008185,0.00000002,-0.00000978,-0.00002619,-0.00000001,-0.00165083,0.0
 0053856,0.00000078,-0.00057735,0.00084670,0.00000011,0.00003969,0.0000
 6234,0.00000002,-0.00004878,-0.00004144,0.,0.06739432,0.75485371,-0.00
 000135,0.00000651,0.00395264,0.00001074,-0.00005027,-0.07617268,0.0000
 0583,-0.00001299,0.00421369,-0.00000300,-0.00000451,0.00844208,-0.0000
 0044,-0.00000059,-0.00086690,-0.00000281,-0.00000057,0.00564598,0.0000
 0036,0.00000101,-0.00194503,0.00000050,0.,-0.00051296,-0.00000019,-0.0
 0000006,0.00047214,0.00000017,0.00000048,-0.00178719,-0.00000019,0.000
 00020,0.00009183,0.00000012,-0.00000011,0.00000632,-0.00000005,-0.0000
 0011,0.00010448,0.00000021,-0.00000006,-0.00040058,-0.00000058,-0.0000
 0008,0.00011625,0.00000037,0.00000072,-0.00066508,0.,0.,0.00002366,0.0
 0000001,0.,0.00003236,0.00000029,0.00000122,-0.00305003,-0.00000030,0.
 00000039,0.00016802,0.,0.,0.00000536,0.,0.,-0.00006811,0.00012774,0.00
 018282,0.16309961,0.03006368,-0.01025297,0.00000091,-0.05744974,0.0754
 7997,0.00001161,-0.05227645,-0.01698156,-0.00001295,0.00577186,-0.0117
 9231,-0.00000221,-0.00693625,-0.02050240,-0.00000708,-0.00207385,0.026
 92006,0.00000744,0.06948942,-0.00509444,0.00000891,0.00029195,0.006262
 15,0.00000180,0.00045206,0.00651701,0.00000201,-0.00771997,-0.00460919
 ,-0.00000391,-0.01156587,0.00088186,-0.00000148,0.00622142,-0.00349048
 ,-0.00000008,-0.00583982,-0.00385170,-0.00000202,0.01122639,0.00043473
 ,0.00000187,-0.01166490,-0.00672980,-0.00000378,-0.00103447,0.01439270
 ,0.00000400,0.00006857,0.00011245,0.00000005,-0.00009962,-0.00006957,-
 0.00000003,-0.00003522,-0.00051416,-0.00000013,-0.00017972,0.00039602,
 0.00000019,0.00003647,0.00008861,0.00000004,-0.00004640,0.00003641,0.,
 -0.46331838,-0.04615496,-0.00007451,0.84948110,0.01692066,-0.01314388,
 -0.00000273,0.01870923,0.04145398,0.00001271,-0.03103599,-0.00842319,-
 0.00000669,0.00381279,-0.00704013,-0.00000097,-0.00390812,-0.01214957,
 -0.00000420,-0.00030424,0.01457999,0.00000411,0.01974123,-0.04563340,-
 0.00001133,0.00058409,0.00400159,0.00000114,-0.00117213,0.00326556,0.0
 0000088,0.00167025,-0.00966942,-0.00000501,-0.00728100,-0.00012571,-0.
 00000103,0.00379384,-0.00231736,-0.00000013,-0.00385170,-0.00267351,-0
 .00000138,0.00723521,0.00109615,0.00000143,-0.00607424,-0.00486682,-0.
 00000234,-0.00155789,0.00831536,0.00000213,0.00012662,-0.00002087,0.00
 000002,-0.00010664,-0.00006662,-0.00000004,0.00020358,0.00008859,0.000
 00009,0.00033773,-0.00030799,0.00000014,0.00005155,-0.00003656,0.00000
 002,-0.00004356,0.00006222,0.,0.03543542,-0.16159023,-0.00001986,-0.06
 403249,0.75018456,0.00000872,-0.00000704,0.00564601,-0.00000488,0.0000
 2179,0.00723006,-0.00001691,-0.00000455,-0.00194503,0.00000229,-0.0000
 0337,-0.00178720,-0.00000226,-0.00000680,0.00018109,-0.00000045,0.0000
 0841,0.00018766,0.00001603,-0.00001526,0.00421368,0.00000014,0.0000020
 2,0.00047214,-0.00000018,0.00000211,-0.00051297,-0.00000205,-0.0000059
 0,0.00844207,-0.00000385,0.00000022,-0.00040058,0.00000205,-0.00000125
 ,0.00010448,-0.00000203,-0.00000137,0.00000632,0.00000385,0.00000035,0
 .00009183,-0.00000358,-0.00000245,-0.00005296,-0.00000063,0.00000464,0
 .00011625,0.00000005,0.00000001,-0.00000929,-0.00000005,-0.00000003,-0
 .00000630,0.00000007,-0.00000002,-0.00011178,0.00000017,0.00000016,-0.
 00062668,0.00000003,0.00000002,-0.00006811,-0.00000002,0.00000002,0.00
 000536,-0.00005080,-0.00003265,-0.07404836,0.00008995,0.00015920,0.163
 09960,-0.01670531,0.00809055,-0.00000015,0.02053696,-0.01916005,-0.000
 00161,-0.01086068,0.03469981,0.00000902,-0.01175964,0.00013696,-0.0000
 0354,0.00514114,0.01202468,0.00000440,0.00029373,-0.01597841,-0.000004
 62,-0.22097814,0.06896557,-0.00000376,-0.00732146,0.00263878,0.0000002
 7,0.00587067,-0.01880097,-0.00000611,0.05647770,0.02983380,0.00001810,
 0.02183162,-0.00238843,0.00000280,-0.01177842,0.00686696,0.00000024,0.
 01122631,0.00723516,0.00000383,-0.00527688,-0.00971744,-0.00000362,0.0
 0650053,0.00294383,0.00000187,-0.00021484,-0.00743537,-0.00000213,-0.0
 0012353,0.00007739,0.,0.00000587,0.00008798,0.00000002,0.00006222,0.00
 016522,0.00000005,0.00004661,-0.00022850,-0.00000008,-0.00004168,-0.00
 014983,-0.00000005,0.00013005,0.00006174,0.00000005,-0.05398303,-0.022
 09983,-0.00001617,-0.15598250,-0.07952685,-0.00003578,0.75346097,-0.01
 888414,0.00743925,-0.00000058,0.02199783,-0.05933982,-0.00001240,0.065
 58639,0.02221497,0.00001804,-0.00944038,0.01578003,-0.00000003,0.00647
 301,0.01671549,0.00000605,0.00061578,-0.01937961,-0.00000558,0.0689651
 3,-0.29420993,-0.00005428,0.00263883,-0.01012357,-0.00000138,-0.009223
 60,-0.00185039,-0.00000501,-0.00105241,-0.04512366,-0.00001189,0.00316
 326,0.00002499,0.00000064,-0.00129590,0.00008695,-0.00000005,0.0004347
 8,0.00109618,0.00000036,-0.00971753,0.00504178,0.,0.00974432,0.0058220
 0,0.00000320,0.00072749,-0.01147674,-0.00000310,-0.00010637,-0.0000032
 2,-0.00000003,0.00012767,0.00005056,0.00000003,0.00006180,0.00034020,0
 .00000010,0.00009232,-0.00023487,-0.00000009,0.00003393,-0.00008507,-0
 .00000003,0.00002205,-0.00007362,-0.00000002,-0.07887057,0.03798724,-0
 .00000348,-0.03306112,-0.27477960,-0.00006286,-0.00011680,0.75358570,-
 0.00000797,0.00000370,-0.00086691,0.00001026,-0.00001906,-0.00407145,0
 .00001791,0.00001315,-0.00411611,-0.00000624,0.00000147,0.01058810,0.0
 0000278,0.00000690,-0.00057018,0.00000020,-0.00000820,0.00018109,-0.00
 000383,-0.00005414,-0.06954176,0.00000023,-0.00000137,-0.00401526,-0.0
 0000337,-0.00000653,0.01058808,0.00000918,-0.00000714,-0.00411613,0.00
 000443,-0.00000022,-0.00057019,-0.00000217,0.00000123,-0.00040058,0.00
 000187,0.00000142,0.00009183,-0.00000361,0.,-0.00019255,0.00000384,0.0
 0000211,0.00009183,0.00000023,-0.00000437,-0.00040058,-0.00000006,0.,0
 .00001926,0.00000004,0.00000002,0.00001661,0.00000002,0.00000012,0.000
 03013,0.00000001,-0.00000014,0.00011600,0.,-0.00000005,0.00001926,0.00
 000003,-0.00000002,0.00001661,-0.00003243,0.00000561,0.00723006,-0.000
 02220,-0.00007018,-0.07617268,0.00009000,0.00016579,0.18009189,0.00112
 809,0.00070865,0.00000087,0.01367660,0.01681891,0.00000640,-0.00222212
 ,0.00350866,-0.00000015,0.00076774,0.00084139,0.00000035,0.00015991,0.
 00022634,0.00000009,0.00019341,-0.00037111,-0.00000006,-0.00068642,0.0
 0038451,0.00000011,-0.00024224,0.00011948,0.,-0.00007718,-0.00013023,-
 0.00000006,0.00021644,0.00011140,0.00000019,0.00013277,-0.00001472,0.0
 0000001,-0.00004652,0.00003969,0.,0.00003647,0.00005155,0.00000003,-0.
 00004168,0.00003393,0.,0.00009782,0.00009692,0.00000004,-0.00000260,-0
 .00019233,-0.00000006,-0.00000663,0.00001455,0.,0.00000177,-0.00000486
 ,0.,-0.00032131,-0.00007180,-0.00000013,0.00001098,-0.00003737,-0.0000
 0003,-0.00000115,-0.00000547,0.,0.00001002,0.00000379,0.,-0.14231715,-
 0.12722368,-0.00005266,-0.01051980,-0.03447707,-0.00001275,-0.00644226
 ,0.00205159,-0.00000208,0.14607855,-0.00210362,0.00126220,0.00000093,-
 0.01774282,-0.02009445,-0.00000989,0.00469099,-0.00335974,-0.00000173,
 -0.00157570,-0.00055518,-0.00000040,0.00012292,0.00024251,0.00000008,0
 .00034664,-0.00014004,0.00000005,0.00083440,0.00027598,0.00000042,0.00
 037818,-0.00033668,-0.00000004,0.00008060,0.00009847,0.00000003,-0.000
 07770,0.00001521,0.00000021,-0.00005441,-0.00007634,-0.00000003,-0.000
 04028,0.00006234,0.,0.00008861,-0.00003656,0.00000002,-0.00014983,-0.0
 0008507,-0.00000005,0.00011109,-0.00005011,0.,0.00001243,0.00004255,0.
 ,0.00003647,-0.00003372,0.,0.00000638,-0.00000570,0.,0.00131501,0.0004
 5658,0.00000023,0.00004495,-0.00003453,-0.00000005,-0.00000547,-0.0000
 1253,0.,-0.00000283,-0.00001710,0.,-0.12790024,-0.30320812,-0.00009577
 ,0.00250177,0.00484059,-0.00000006,0.00084277,0.00167686,-0.00000248,0
 .13876227,0.31794741,0.00000006,0.00000135,-0.00305005,-0.00000366,-0.
 00000428,0.00423207,0.00000019,-0.00000185,0.00500485,-0.00000034,-0.0
 0000004,0.00006552,0.00000006,0.00000009,0.00003012,0.00000016,-0.0000
 0005,-0.00011178,0.00000023,0.00000033,-0.00063987,0.00000007,-0.00000
 007,-0.00002251,0.,0.,0.00006517,0.00000013,0.00000024,-0.00076971,0.,
 -0.00000003,0.00001661,-0.00000002,0.00000002,0.00000536,0.00000004,0.
 00000002,-0.00006811,-0.00000005,-0.00000002,0.00001926,0.00000005,0.,
 -0.00000929,0.,-0.00000002,0.00002366,0.,-0.00000001,0.00001629,0.,0.,
 0.00000042,0.00000028,0.00000001,0.00036612,0.,-0.00000006,0.00014503,
 0.,0.,0.00000713,0.,0.,0.00000668,-0.00005308,-0.00009593,-0.04581884,
 -0.00000180,-0.00000581,0.00640729,-0.00000239,-0.00000224,0.01052164,
 0.00005908,0.00010628,0.03044679,0.00016010,0.00167467,0.00000048,-0.0
 0632932,-0.00233602,-0.00000334,-0.00064196,-0.00041712,-0.00000011,0.
 00021738,-0.00010421,0.00000012,-0.00009444,-0.00031676,-0.00000013,-0
 .00060184,0.00013190,0.00000004,-0.00193261,-0.00345795,-0.00000211,-0
 .00007871,0.00012393,0.00000001,-0.00022470,-0.00011550,-0.00000006,0.
 00074001,-0.00079538,-0.00000013,-0.00004585,-0.00003254,-0.00000002,0
 .00004135,-0.00004878,0.,-0.00004640,-0.00004356,-0.00000002,0.0001300
 5,0.00002205,0.00000002,-0.00014685,-0.00004449,-0.00000003,0.00005044
 ,0.00015412,0.00000005,-0.00000343,-0.00000210,0.,0.00000088,0.0000102
 2,0.,-0.00002513,-0.00005997,-0.00000004,-0.00009438,0.00015456,0.0000
 0003,0.00001002,-0.00000283,0.,-0.00000155,0.00000586,0.,-0.01163501,0
 .03389174,0.00000691,-0.15157239,0.13261089,0.00002129,0.01360124,-0.0
 1562179,-0.00000303,0.00110932,-0.00048452,0.00000110,0.15614245,-0.00
 006123,0.00002184,-0.00000005,-0.00112720,0.00156393,-0.00000273,-0.00
 086701,0.00023152,0.00000009,0.00008488,0.00001427,0.00000025,0.000004
 06,-0.00009382,-0.00000006,0.00007360,0.00011413,0.00000023,-0.0046402
 9,-0.00364924,-0.00000320,-0.00008690,0.00010001,0.,-0.00037420,-0.000
 35422,-0.00000015,0.00162172,-0.00052746,0.00000007,0.00015123,-0.0000
 8090,-0.00000001,-0.00008584,-0.00004144,0.,0.00003641,0.00006222,0.00
 000002,0.00006174,-0.00007362,-0.00000002,-0.00008156,-0.00001939,-0.0
 0000002,0.00003777,0.00006338,0.00000002,0.00000914,-0.00000050,0.,0.0
 0000826,-0.00000893,0.,0.00002235,0.00000158,-0.00000004,-0.00000178,0
 .00000121,0.,0.00000379,-0.00001710,0.,0.00000586,-0.00001213,0.,-0.00
 308710,0.00595578,-0.00000061,0.13328745,-0.29395292,-0.00005012,0.018
 93993,-0.02001909,-0.00000400,0.00048458,0.00110749,0.00000232,-0.1445
 1076,0.30788353,-0.00000002,0.00000022,0.00016802,-0.00000296,-0.00000
 294,0.01052163,-0.00000025,0.00000018,-0.00063987,0.00000017,0.0000002
 1,-0.00076971,-0.00000003,-0.00000010,0.00011600,0.00000003,0.00000023
 ,-0.00062668,-0.00000247,-0.00000305,0.00500485,-0.00000005,0.00000003
 ,0.00006517,-0.00000014,-0.00000011,-0.00002251,0.00000058,-0.00000030
 ,0.00006552,0.00000004,-0.00000004,0.00001926,0.,0.,-0.00006811,0.,0.0
 0000001,0.00000536,0.00000003,-0.00000002,0.00001661,-0.00000005,0.,-0
 .00000630,0.00000002,0.00000003,0.00003236,0.,0.,0.00000042,0.,0.,0.00
 000406,-0.00000002,-0.00000005,0.00014502,-0.00000001,0.00000003,-0.00
 001144,0.,0.,0.00000668,0.,0.,0.00000713,-0.00000360,0.00000512,0.0064
 0729,0.00002131,-0.00004999,-0.04581882,0.00000694,-0.00000961,0.00423
 207,0.00000138,0.00000222,-0.00671134,-0.00002155,0.00005677,0.0304467
 6,0.01478875,-0.00730600,0.00000032,-0.01705786,0.01801386,0.00000263,
 -0.01045804,0.00312387,-0.00000210,0.00486053,-0.00351278,-0.00000017,
 -0.00529174,-0.01061205,-0.00000386,-0.00008662,0.01498569,0.00000432,
 -0.01425122,0.06420142,0.00001555,0.00602137,-0.00245781,0.00000013,-0
 .00752766,0.01087402,0.00000223,-0.03795409,-0.03863977,-0.00001683,-0
 .02111348,0.00361895,-0.00000232,0.01157516,-0.00825275,-0.00000061,-0
 .01166483,-0.00607420,-0.00000357,0.00650054,0.00974423,0.00000384,-0.
 00656037,-0.00346913,-0.00000204,-0.00031403,0.00726371,0.00000205,0.0
 0003755,0.00005098,0.00000003,0.00003538,-0.00008698,-0.00000002,0.000
 11074,-0.00012141,-0.00000002,-0.00002654,0.00010594,0.00000002,0.0000
 9782,0.00011109,0.00000005,-0.00014685,-0.00008156,-0.00000006,0.03024
 583,-0.01537916,-0.00000060,-0.04986526,-0.02786064,-0.00001636,-0.295
 28659,-0.00556494,-0.00003545,0.00021717,0.00006817,0.00000002,0.00107
 876,0.00209711,0.00000127,0.71897727,0.00792713,-0.00269440,0.00000067
 ,-0.00896087,0.00779181,0.00000107,-0.00315552,-0.00693145,-0.00000499
 ,0.00417633,-0.00114299,0.00000048,-0.00244920,-0.00639974,-0.00000213
 ,-0.00096482,0.00736747,0.00000195,0.03936627,0.03810708,0.00001587,0.
 00322017,-0.00172783,-0.00000014,-0.00473110,0.00625948,0.00000156,-0.
 02458534,-0.02274502,-0.00000986,-0.01297523,0.00202762,-0.00000148,0.
 00769775,-0.00429431,-0.00000011,-0.00672976,-0.00486679,-0.00000244,0
 .00294384,0.00582195,0.00000214,-0.00346913,-0.00195295,-0.00000112,-0
 .00002060,0.00421808,0.00000119,0.00008803,-0.00003764,0.00000002,-0.0
 0000701,-0.00001956,0.,0.00008334,-0.00007079,-0.00000001,-0.00001041,
 0.00014037,0.00000003,0.00009692,-0.00005011,0.,-0.00004449,-0.0000193
 8,-0.00000002,0.01179450,-0.01332600,-0.00000365,-0.05519533,-0.005768
 14,-0.00001137,0.04090030,-0.13547435,-0.00001043,-0.00166773,-0.00003
 523,-0.00000033,-0.00071516,0.00131153,0.00000116,0.00525679,0.8806890
 0,0.00000472,-0.00000172,-0.00066508,-0.00000513,0.00000530,-0.0008669
 1,-0.00000387,-0.00000392,0.00844208,0.00000202,-0.00000073,-0.0005129
 7,-0.00000147,-0.00000338,-0.00040058,-0.00000033,0.00000443,0.0001162
 5,0.00000831,0.00001981,0.00421367,0.00000180,-0.00000104,0.00047213,-
 0.00000229,0.00000404,-0.00178719,-0.00001274,-0.00001214,-0.00194502,
 -0.00000708,0.00000109,0.00018110,0.00000403,-0.00000255,0.00011625,-0
 .00000376,-0.00000237,-0.00005296,0.00000184,0.00000318,0.00009183,-0.
 00000202,-0.00000110,0.00000632,-0.00000007,0.00000232,0.00010448,0.00
 000004,0.00000002,-0.00006811,0.,-0.00000002,0.00000536,0.00000004,-0.
 00000005,0.00002366,-0.00000001,0.00000005,0.00003236,0.00000005,0.,-0
 .00000929,-0.00000003,-0.00000002,-0.00000630,0.00000722,-0.00000785,0
 .00564601,-0.00002445,-0.00000722,0.00395264,-0.00002248,-0.00001778,-
 0.07617273,-0.00000047,-0.00000005,0.00016802,0.00000046,0.00000161,-0
 .00305005,0.00009124,0.00020516,0.16309957,0.00042028,0.00071800,0.000
 00027,-0.00027618,0.00006293,-0.00000005,-0.00038190,-0.00025992,0.000
 00013,0.00010968,-0.00047885,-0.00000019,0.00030753,-0.00093120,-0.000
 00024,-0.00102202,-0.00007043,-0.00000018,0.00140571,0.00004257,0.0000
 0064,0.00024778,0.00129008,0.00000048,-0.00790946,-0.00156084,-0.00000
 302,-0.02319490,0.03377012,0.00000533,-0.00327065,-0.00033405,-0.00000
 043,0.00194535,-0.00010914,0.00000036,-0.00103446,-0.00155789,-0.00000
 063,-0.00021484,0.00072747,0.00000025,-0.00031403,-0.00002060,-0.00000
 007,-0.00012941,0.00055480,0.00000014,0.00003816,-0.00000526,0.,-0.000
 07900,0.00001511,0.,-0.00010203,-0.00002813,-0.00000002,0.00000143,0.0
 0004830,0.00000002,-0.00000259,0.00001243,0.,0.00005044,0.00003777,0.,
 -0.00110845,-0.00025312,-0.00000029,-0.00522920,0.00345570,-0.00000071
 ,-0.02405705,-0.03798852,-0.00001608,-0.00059365,-0.00009875,-0.000000
 02,0.00019213,-0.00033484,-0.00000004,-0.23238089,-0.16876808,-0.00007
 423,0.83046241,-0.01523250,0.00686058,-0.00000045,0.01665711,-0.018809
 74,-0.00000283,0.01534527,-0.00088627,0.00000269,-0.00615683,0.0041838
 7,0.00000011,0.00586920,0.01201496,0.00000439,0.00058513,-0.01550960,-
 0.00000439,-0.01401194,-0.06210479,-0.00001948,-0.00639902,0.00346976,
 0.00000017,0.00471853,-0.00947997,-0.00000436,0.05860534,0.04705071,0.
 00002166,0.02664062,-0.00599541,0.00000269,-0.01534227,0.01014901,0.00
 000077,0.01439261,0.00831531,0.00000462,-0.00743538,-0.01147663,-0.000
 00440,0.00726372,0.00421808,0.00000234,0.00055480,-0.00838391,-0.00000
 235,-0.00008524,-0.00002234,-0.00000002,-0.00002195,0.00007890,0.00000
 004,-0.00001395,0.00014973,0.00000004,0.00001122,-0.00016767,-0.000000
 05,-0.00019233,0.00004255,-0.00000002,0.00015412,0.00006338,0.00000005
 ,-0.02747746,0.01361462,-0.00000041,0.03062935,0.02214902,0.00000955,-
 0.09475871,0.00806099,-0.00001478,-0.00015704,0.00010594,0.00000019,0.
 00038291,-0.00013875,0.00000004,-0.08717820,-0.39252955,-0.00010595,0.
 07501435,0.76920384,-0.00000437,0.00000206,0.00011625,0.00000476,-0.00
 000546,0.00018110,0.00000464,0.00000022,-0.00178719,-0.00000182,0.0000
 0099,0.00047213,0.00000172,0.00000331,0.00009183,0.00000003,-0.0000044
 8,-0.00005296,-0.00000347,-0.00001739,-0.00194503,-0.00000175,0.000001
 36,-0.00051297,-0.00000118,-0.00000546,0.00844208,0.00001257,0.0000177
 9,0.00421368,0.00000737,-0.00000155,-0.00086690,-0.00000405,0.00000312
 ,-0.00066508,0.00000400,0.00000214,0.00011625,-0.00000213,-0.00000310,
 -0.00040058,0.00000204,0.00000119,0.00010448,0.00000014,-0.00000235,0.
 00000632,-0.00000002,0.,0.00000536,0.,0.00000004,-0.00006811,-0.000000
 02,0.00000004,-0.00000929,0.,-0.00000004,-0.00000630,-0.00000006,0.,0.
 00002366,0.00000005,0.00000001,0.00003236,-0.00000815,0.00000382,0.000
 18766,0.00000715,0.00000533,0.00564598,-0.00003224,-0.00000572,0.00723
 004,-0.00000004,0.00000020,-0.00062668,0.00000016,-0.00000007,-0.00011
 178,-0.00005086,-0.00011913,-0.07404827,0.00012941,0.00018669,0.163099
 56,-0.00575659,0.00247206,-0.00000013,0.00581209,-0.00686041,-0.000000
 97,0.01292365,-0.00481050,-0.00000104,-0.01170834,-0.00010607,-0.00000
 120,0.01087772,0.00039059,0.00000185,0.00049750,-0.00627839,-0.0000017
 7,-0.02947917,-0.05483664,-0.00001973,0.01221489,0.00556078,0.00000185
 ,-0.03218609,0.05224278,0.00001066,-0.33562836,-0.00277245,-0.00004257
 ,-0.03814175,-0.01471816,-0.00000965,0.00549943,-0.00499037,-0.0000004
 5,-0.00693634,-0.00390817,-0.00000224,0.00514123,0.00647307,0.00000277
 ,-0.00529182,-0.00244924,-0.00000148,0.00030753,0.00586928,0.00000174,
 -0.00005899,0.00008709,0.00000001,-0.00002403,-0.00004412,-0.00000002,
 -0.00002074,0.00004703,0.,-0.00005400,-0.00009311,-0.00000004,0.000159
 91,0.00012292,0.00000006,-0.00009444,0.00000406,-0.00000004,-0.0078089
 9,0.00406235,-0.00000008,0.00607681,0.00573080,0.00000273,-0.04059901,
 0.01329913,-0.00000185,-0.00010553,-0.00000448,-0.00000004,0.00017241,
 -0.00012541,-0.00000001,0.05871576,0.01380343,0.00001223,-0.19632796,0
 .05635460,-0.00000310,0.75365620,0.01063490,-0.00593490,0.00000007,-0.
 01241204,0.01604458,0.00000279,-0.01438790,-0.00890333,-0.00000778,-0.
 00010612,-0.00573671,-0.00000055,0.00039068,-0.01111280,-0.00000312,0.
 00052201,0.01182499,0.00000348,-0.02395037,0.04083310,0.00000901,0.015
 13810,-0.00819450,-0.00000302,0.02135626,0.04354028,0.00001693,-0.0027
 7212,-0.17956025,-0.00003215,-0.05587596,-0.00066101,-0.00000771,0.021
 98431,-0.01476549,-0.00000067,-0.02050234,-0.01214954,-0.00000676,0.01
 202473,0.01671540,0.00000691,-0.01061209,-0.00639976,-0.00000342,-0.00
 093120,0.01201501,0.00000331,0.00004740,0.00011542,0.00000004,0.000139
 64,-0.00010272,0.,-0.00013673,-0.00010601,-0.00000005,-0.00005341,0.00
 011042,0.00000002,0.00022634,0.00024252,0.00000010,-0.00031675,-0.0000
 9382,-0.00000014,0.02065662,-0.01127686,-0.00000006,-0.02124391,-0.015
 34298,-0.00000751,0.05445688,0.00179681,0.00001028,0.00031634,-0.00008
 273,-0.00000001,-0.00022883,0.00023002,0.00000003,-0.04296677,-0.07471
 176,-0.00003019,0.10281991,-0.23443301,-0.00002899,0.00000486,0.753390
 61,0.00000220,-0.00000119,-0.00040058,-0.00000255,0.00000366,-0.000570
 19,-0.00000378,-0.00000637,0.01058809,-0.00000125,-0.00000046,-0.00401
 526,0.00000186,-0.00000307,-0.00019255,0.00000020,0.00000237,0.0000918
 3,-0.00001084,0.00000418,-0.00411613,0.00000459,-0.00000453,0.01058810
 ,0.00000177,0.00002184,-0.00411611,-0.00004251,-0.00003195,-0.06954171
 ,-0.00002135,-0.00000130,-0.00407145,0.00000730,-0.00000476,-0.0008669
 1,-0.00000699,-0.00000414,0.00018109,0.00000434,0.00000596,-0.00057018
 ,-0.00000381,-0.00000211,-0.00040058,-0.00000023,0.00000434,0.00009183
 ,0.,0.00000004,0.00001661,0.00000003,-0.00000004,0.00001926,-0.0000000
 4,-0.00000003,0.00001926,-0.00000003,0.00000001,0.00001661,0.00000009,
 0.00000007,0.00003013,-0.00000012,-0.00000006,0.00011600,0.00000465,-0
 .00000264,0.00018110,-0.00000499,-0.00000324,-0.00086690,0.00000980,0.
 00000376,-0.00407145,0.00000005,-0.00000006,0.00011600,-0.00000004,0.0
 0000004,0.00003013,-0.00000406,-0.00002157,0.00723004,0.00001046,-0.00
 003652,-0.07617272,0.00009018,0.00016475,0.18009187,0.00010916,-0.0000
 7695,0.,0.00007063,-0.00007137,-0.00000002,0.00009351,0.00196497,0.000
 00061,-0.00052856,-0.00021287,-0.00000015,-0.00002403,0.00013964,0.000
 00004,-0.00010320,0.00000497,-0.00000001,-0.00662588,-0.00214848,-0.00
 000251,0.00007605,-0.00016907,-0.00000004,0.00005092,0.00017326,0.0000
 0017,-0.00049242,-0.00094640,-0.00000023,-0.00022347,0.00007257,-0.000
 00003,0.00014001,-0.00000978,0.00000001,-0.00009962,-0.00010664,-0.000
 00004,0.00000587,0.00012767,0.00000004,0.00003538,-0.00000701,0.,-0.00
 007900,-0.00002195,0.,-0.00001074,0.00001481,0.,-0.00000495,0.00000766
 ,0.,-0.00004905,-0.00001199,-0.00000001,-0.00000449,-0.00000276,0.,0.0
 0000177,0.00000638,0.,0.00000088,0.00000826,0.,-0.00004608,-0.00020837
 ,-0.00000005,0.00183272,0.00169681,0.00000128,-0.01125164,0.03213513,0
 .00000660,-0.00002644,-0.00002335,-0.00000004,-0.00027622,-0.00134104,
 -0.00000049,-0.15251338,0.13378708,0.00002014,0.01484620,-0.01714685,-
 0.00000349,-0.00160621,-0.00363485,-0.00000305,0.15480845,0.00012781,-
 0.00006921,0.,-0.00017479,0.00033180,0.00000006,-0.00045213,0.00011904
 ,-0.00000006,0.00004583,-0.00005036,0.,-0.00004412,-0.00010271,-0.0000
 0004,0.00001914,0.00015091,0.00000005,-0.00096614,0.00104402,-0.000001
 23,0.00004176,-0.00005475,-0.00000003,-0.00001583,0.00018072,0.0000002
 7,-0.00049651,0.00008198,0.00000010,-0.00024825,0.00003521,-0.00000006
 ,0.00010656,-0.00002619,0.,-0.00006956,-0.00006662,-0.00000003,0.00008
 798,0.00005056,0.00000002,-0.00008698,-0.00001956,-0.00000002,0.000015
 11,0.00007890,0.00000004,0.00000819,0.00000366,0.,0.00000766,-0.000008
 73,0.,0.00000994,0.00000869,0.,0.00000847,0.00000056,0.,-0.00000486,-0
 .00000570,0.,0.00001022,-0.00000893,0.,0.00050938,0.00009946,0.0000001
 3,-0.00111546,0.00055758,0.00000084,-0.00242660,0.00483376,-0.00000024
 ,0.00005898,0.00000289,-0.00000003,0.00004576,0.00041149,0.00000003,0.
 13311052,-0.29301193,-0.00004755,0.01983199,-0.02052542,-0.00000440,-0
 .00484368,-0.00315917,-0.00000463,-0.14380251,0.30921756,0.00000006,-0
 .00000005,0.00002366,-0.00000006,0.00000009,0.00003013,-0.00000013,0.0
 0000031,0.00006552,-0.00000006,-0.00000004,-0.00002251,-0.00000003,-0.
 00000003,0.00001926,0.,0.00000006,-0.00000929,-0.00000206,-0.00000139,
 0.00500482,0.00000002,-0.00000006,0.00006517,0.00000012,0.00000031,-0.
 00076971,-0.00000015,0.00000005,-0.00063987,-0.00000015,0.,0.00011600,
 0.00000005,-0.00000004,0.00003236,-0.00000005,-0.00000003,-0.00000630,
 0.00000003,0.00000004,0.00001661,-0.00000003,-0.00000001,0.00000536,0.
 ,0.00000005,-0.00006811,0.,0.,0.00000668,0.,0.,0.00000713,0.,0.,0.0000
 1629,0.,0.,0.00000042,0.,0.,0.00000042,0.,0.,0.00000406,0.00000020,0.,
 -0.00011178,0.00000041,0.00000130,-0.00305003,-0.00000285,0.00000518,0
 .00423207,0.,-0.00000004,0.00014502,-0.00000010,-0.00000021,0.00036612
 ,0.00001951,-0.00004692,-0.04581882,0.00000706,-0.00001065,0.00640731,
 -0.00000337,-0.00000462,0.01052166,-0.00002011,0.00005474,0.03044675,-
 0.00002294,0.00000460,0.,0.00004143,-0.00008250,-0.00000004,0.00007342
 ,-0.00000176,0.00000014,0.00003930,0.00001877,0.,-0.00005899,0.0000474
 0,0.,0.00000333,-0.00000515,0.,0.00056919,0.00016775,0.00000024,-0.000
 10979,0.00030786,0.00000008,-0.00056841,-0.00086630,-0.00000035,0.0002
 8655,0.00335905,0.00000020,0.00036901,0.00001191,0.00000005,-0.0000418
 9,0.00003329,0.,0.00006857,0.00012662,0.00000005,-0.00012353,-0.000106
 37,-0.00000005,0.00003755,0.00008804,0.00000004,0.00003816,-0.00008524
 ,-0.00000002,-0.00001456,0.00000165,0.,-0.00001074,0.00000819,0.,-0.00
 000428,-0.00000864,0.,-0.00001448,0.00000061,0.,-0.00000663,0.00003647
 ,0.,-0.00000343,0.00000914,0.,-0.00015384,-0.00033225,-0.00000002,-0.0
 0064223,0.00052445,0.00000003,0.00109024,-0.00315647,-0.00000247,-0.00
 008884,-0.00000142,-0.00000001,0.00001120,-0.00004333,-0.00000003,-0.0
 1178070,0.00317122,-0.00000201,-0.37349519,-0.00516044,-0.00005473,-0.
 01305081,-0.00355237,-0.00000380,0.00110792,-0.00048378,0.00000115,0.3
 9509830,-0.00011174,0.00013677,0.00000001,0.00023831,-0.00022969,-0.00
 000006,0.00018733,0.00015823,0.00000030,-0.00019207,-0.00001800,-0.000
 00005,0.00008709,0.00011542,0.00000004,-0.00004222,-0.00016957,-0.0000
 0005,-0.00028214,-0.00097963,-0.00000013,0.00004916,-0.00046913,-0.000
 00013,0.00155080,0.00078096,0.00000044,0.00217672,-0.00586841,-0.00000
 278,0.00011533,0.00003342,0.00000002,-0.00017147,0.00008185,-0.0000000
 1,0.00011245,-0.00002087,0.00000001,0.00007739,-0.00000322,0.,0.000050
 97,-0.00003764,0.00000002,-0.00000526,-0.00002234,0.,0.00000165,0.0000
 0088,0.,0.00001481,0.00000366,0.,0.00000259,0.00000035,0.,-0.00000135,
 0.00000643,0.,0.00001455,-0.00003372,-0.00000001,-0.00000210,-0.000000
 50,0.,-0.00039055,-0.00033386,0.00000002,-0.00121144,0.00082417,0.,-0.
 00194765,-0.00585563,-0.00000506,-0.00015776,-0.00000433,-0.00000002,0
 .00003900,-0.00003475,-0.00000005,-0.03380762,0.00610148,-0.00000552,-
 0.00448388,-0.07203014,-0.00000833,0.03100936,0.00663294,0.00000569,0.
 00048533,0.00110889,0.00000234,0.00654972,0.06892773,-0.00000003,0.000
 00003,0.00003236,0.00000005,-0.00000010,0.00011600,0.00000017,0.000000
 27,-0.00076971,-0.00000005,-0.00000003,0.00006517,0.,0.00000003,0.0000
 1661,-0.00000001,-0.00000004,-0.00000630,0.00000013,-0.00000003,-0.000
 63987,0.,-0.00000008,-0.00002251,0.00000034,0.00000007,0.00006552,-0.0
 0000016,-0.00000263,0.00500482,0.00000007,0.,0.00003013,-0.00000005,0.
 00000001,0.00002366,0.00000003,0.00000001,-0.00000929,0.,-0.00000002,0
 .00001926,0.00000003,0.00000002,-0.00006811,0.,-0.00000002,0.00000536,
 0.,0.,0.00000713,0.,0.,0.00000668,0.,0.,0.00000042,0.,0.,0.00000406,0.
 ,0.,0.00001629,0.,0.,0.00000042,-0.00000002,0.00000002,-0.00062668,-0.
 00000048,0.00000026,0.00016802,-0.00000199,-0.00000521,0.01052166,-0.0
 0000006,0.,-0.00001144,0.,-0.00000006,0.00014503,-0.00001284,0.0000003
 4,0.00640731,-0.00005454,-0.00000822,-0.04581882,0.00000623,0.00000001
 ,0.00423207,0.00000142,0.00000211,-0.00671136,0.00006109,0.00001219,0.
 03044675,-0.00680075,0.00329690,-0.00000013,0.00694988,-0.00970426,-0.
 00000170,0.00603870,0.00273381,0.00000164,0.00487660,0.00372662,0.0000
 0193,-0.00575668,0.01063494,0.00000226,-0.00005131,-0.00741539,-0.0000
 0217,-0.00729236,-0.01135540,-0.00000411,-0.01045463,-0.00324913,-0.00
 000393,-0.01051047,-0.06592908,-0.00002125,-0.04017864,0.03802055,0.00
 000499,-0.29383193,-0.00006080,-0.00003526,-0.05275666,0.02619123,-0.0
 0000133,0.03006368,0.01692065,0.00000871,-0.01670540,-0.01888408,-0.00
 000798,0.01478884,0.00792717,0.00000473,0.00042028,-0.01523259,-0.0000
 0437,-0.00002295,-0.00011175,-0.00000004,0.00010916,0.00012781,0.00000
 005,0.00003197,0.00008881,0.00000003,0.00004239,-0.00004813,0.,0.00112
 810,-0.00210362,0.00000005,0.00016010,-0.00006123,0.00000002,-0.012110
 65,0.00581689,-0.00000020,0.01153554,0.00881519,0.00000433,-0.02141629
 ,-0.00445195,-0.00000467,-0.00015117,0.00007688,0.,0.00010501,-0.00010
 558,-0.00000002,0.02194150,0.01416951,0.00000753,0.00054520,-0.0339631
 3,-0.00001065,0.05751310,0.04766456,0.00002155,0.00004180,-0.00020984,
 0.00000005,-0.00007685,-0.00022762,-0.00000003,0.71955454,0.00329690,-
 0.00171256,0.00000002,-0.00290376,0.00537266,0.00000106,-0.00294427,-0
 .00174516,-0.00000112,-0.00396252,-0.00115896,-0.00000079,0.00247210,-
 0.00593492,-0.00000122,-0.00013108,0.00395536,0.00000109,0.00424967,0.
 00602409,0.00000291,0.00303030,-0.00693473,-0.00000398,-0.04109348,0.0
 3436643,0.00000213,0.02396615,-0.02052089,-0.00000165,-0.04652647,-0.1
 3692975,-0.00002483,0.05352593,-0.00287668,0.00000653,-0.01025296,-0.0
 1314389,-0.00000708,0.00809059,0.00743922,0.00000366,-0.00730604,-0.00
 269442,-0.00000174,0.00071800,0.00686063,0.00000208,0.00000460,0.00013
 677,0.00000003,-0.00007695,-0.00006921,-0.00000004,0.00000884,-0.00001
 615,0.,-0.00008519,-0.00004248,0.,0.00070864,0.00126220,0.00000137,0.0
 0167467,0.00002184,0.00000020,0.00647245,-0.00442107,-0.00000024,-0.00
 713540,-0.00425464,-0.00000238,0.01214232,0.00233049,0.00000253,0.0000
 3981,-0.00001507,0.,-0.00009141,-0.00005731,-0.00000003,-0.01305477,-0
 .00943537,-0.00000478,-0.00678954,0.01637458,0.00000204,-0.00910606,-0
 .07350887,-0.00002486,-0.00026813,-0.00052951,-0.00000004,0.00049013,0
 .00013022,0.00000013,-0.01098075,0.88011111,-0.00000014,0.00000004,0.0
 0000632,0.00000027,0.,0.00009183,0.00000002,-0.00000023,0.00047214,-0.
 00000027,0.00000042,-0.00051297,-0.00000014,0.00000011,-0.00040058,-0.
 00000006,-0.00000008,0.00010448,0.00000035,0.00000044,-0.00178720,-0.0
 0000214,-0.00000489,0.00844208,-0.00001399,-0.00000164,0.00421368,0.00
 000090,0.00000062,-0.00194503,-0.00004845,-0.00001770,-0.07617271,0.00
 000668,0.00000218,0.00395265,0.00000097,-0.00000280,0.00564598,-0.0000
 0021,-0.00000063,-0.00086690,0.00000035,0.00000067,-0.00066508,0.00000
 026,-0.00000048,0.00011625,0.,0.00000001,0.00003236,-0.00000001,0.,0.0
 0002366,0.,0.,0.00000536,0.,0.,-0.00006811,0.00000085,0.00000096,-0.00
 305003,0.00000050,-0.00000005,0.00016802,-0.00000004,-0.00000035,-0.00
 005296,-0.00000026,0.00000013,0.00011625,0.00000008,-0.00000007,0.0001
 8110,-0.00000001,0.,-0.00000630,0.,-0.00000003,-0.00000929,-0.00000032
 ,-0.00000050,0.00018766,-0.00000278,-0.00000227,0.00564600,0.00000528,
 -0.00001568,0.00723005,0.00000003,0.,-0.00062668,0.00000015,0.00000004
 ,-0.00011178,0.00008394,0.00020553,0.16309961,0.00003197,0.00000884,0.
 ,0.00001358,-0.00012899,-0.00000004,0.00007137,0.00017355,0.00000006,-
 0.00053389,0.00019569,-0.00000003,-0.00002074,-0.00013673,-0.00000005,
 -0.00007904,0.00001634,0.,0.00005667,-0.00017767,0.00000007,0.00014722
 ,-0.00196397,-0.00000055,-0.00672673,0.00187240,-0.00000133,-0.0005428
 9,0.00092420,0.00000029,-0.01017722,-0.03266843,-0.00001162,0.00185174
 ,-0.00165083,0.00000027,-0.00003522,0.00020358,0.00000007,0.00006222,0
 .00006179,0.00000003,0.00011074,0.00008334,0.00000004,-0.00010203,-0.0
 0001395,-0.00000002,-0.00000428,0.00000259,0.,-0.00004905,0.00000994,0
 .,-0.00000441,-0.00000751,0.,-0.00000990,-0.00001529,0.,-0.00032132,0.
 00131501,0.00000029,-0.00002513,0.00002235,-0.00000002,-0.00010583,0.0
 0010524,0.00000001,0.00014323,0.00001580,0.00000002,-0.00022938,-0.000
 08197,-0.00000008,0.00000152,-0.00000789,0.,0.00000182,-0.00000611,0.,
 0.00002412,0.00028780,0.00000018,0.00075505,0.00040472,0.00000021,-0.0
 0190901,0.00367927,-0.00000087,0.00004347,0.00008137,0.00000003,-0.000
 02139,-0.00002019,-0.00000003,-0.14322034,-0.12846538,-0.00005208,0.14
 479819,0.00008881,-0.00001615,0.,-0.00008929,0.00004285,0.,-0.00003729
 ,-0.00005007,-0.00000004,-0.00006301,-0.00004503,-0.00000002,0.0000470
 3,-0.00010601,-0.00000003,-0.00002072,0.00007894,0.00000004,0.00001143
 ,0.00017498,0.00000028,0.00045313,0.00006533,0.00000007,0.00069007,0.0
 0114487,-0.00000100,0.00047431,0.00013246,0.00000029,0.00189330,0.0037
 5936,0.00000016,0.00116144,0.00053856,0.00000122,-0.00051416,0.0000885
 9,-0.00000002,0.00016522,0.00034020,0.00000012,-0.00012142,-0.00007079
 ,-0.00000005,-0.00002813,0.00014973,0.00000004,-0.00000864,0.00000035,
 0.,-0.00001199,0.00000869,0.,-0.00000751,-0.00000927,0.,-0.00000867,0.
 00000282,0.,-0.00007180,0.00045658,0.00000002,-0.00005997,0.00000158,-
 0.00000005,0.00006817,-0.00006041,0.,-0.00010055,-0.00002941,-0.000000
 03,0.00023885,0.00004112,0.00000002,-0.00000984,-0.00000957,0.,0.00000
 512,-0.00000574,0.,0.00022951,-0.00051183,0.00000007,-0.00133117,-0.00
 057310,-0.00000042,0.00488810,-0.00285638,-0.00000310,-0.00007497,-0.0
 0013664,-0.00000005,0.00006214,-0.00000216,-0.00000003,-0.12778883,-0.
 30230493,-0.00009351,0.13796114,0.31922776,0.00000003,0.,0.00000536,-0
 .00000004,0.,0.00001661,-0.00000001,0.,0.00006517,-0.00000010,0.000000
 03,-0.00002251,0.,-0.00000007,0.00001926,0.,0.00000005,-0.00006811,0.0
 0000013,0.00000025,-0.00076971,0.00000015,-0.00000032,0.00006552,-0.00
 000169,-0.00000075,0.00500485,0.00000018,0.00000037,-0.00063987,-0.000
 00192,-0.00000540,0.00423207,0.00000112,0.00000080,-0.00305005,-0.0000
 0016,0.00000007,-0.00011178,0.00000006,0.00000011,0.00003013,-0.000000
 03,-0.00000002,0.00002366,-0.00000003,0.00000005,-0.00000929,0.,0.,0.0
 0000042,-0.00000001,0.,0.00001629,0.,0.,0.00000713,0.,0.,0.00000668,-0
 .00000012,0.00000022,0.00036612,-0.00000004,-0.00000004,0.00014503,0.0
 0000001,0.,-0.00000630,-0.00000002,-0.00000003,0.00003236,0.00000003,-
 0.00000002,0.00011600,0.,0.,0.00000406,0.,0.,0.00000042,0.00000017,0.0
 0000006,-0.00062668,-0.00000031,-0.00000014,0.00016802,-0.00000049,-0.
 00000335,0.01052164,-0.00000001,-0.00000002,-0.00001144,0.,-0.00000005
 ,0.00014502,-0.00005162,-0.00009334,-0.04581884,0.00005746,0.00010439,
 0.03044678,-0.00005131,-0.00013108,-0.00000006,-0.00046705,-0.00033634
 ,-0.00000011,0.00007056,-0.00141084,-0.00000030,-0.00012064,0.00032592
 ,0.,0.00049751,0.00052202,0.00000022,-0.00010045,-0.00026051,-0.000000
 09,-0.00779940,0.00162055,-0.00000207,0.00015274,0.00029683,0.00000037
 ,0.00082997,0.00219334,0.00000106,-0.01982866,-0.03614616,-0.00001416,
 -0.02872679,0.03668153,0.00000520,-0.00398526,-0.00438417,-0.00000286,
 -0.00207384,-0.00030424,-0.00000043,0.00029373,0.00061576,0.00000021,-
 0.00008662,-0.00096482,-0.00000031,-0.00102202,0.00058513,0.,0.0000033
 3,-0.00004222,0.,-0.00010320,0.00001914,-0.00000001,-0.00007904,-0.000
 02072,0.,0.00003487,0.00000730,0.,0.00019341,0.00034664,0.00000016,-0.
 00060184,0.00007360,0.00000002,-0.00056727,0.00124232,0.00000024,0.001
 40744,-0.00020142,0.00000027,-0.00234067,0.00046388,-0.00000012,0.0000
 5727,-0.00003799,0.,-0.00000892,-0.00001426,0.,-0.00088085,0.00617650,
 0.00000074,0.01917187,0.01533672,0.00000680,-0.19072829,-0.10126755,-0
 .00004705,0.00072050,0.00137713,0.00000050,0.00065494,0.00095986,0.000
 00086,-0.24166409,0.17412741,0.00002442,0.01489689,-0.01857354,-0.0000
 0407,0.83570849,-0.00741539,0.00395536,-0.00000006,0.00782651,-0.01122
 454,-0.00000187,0.00627830,0.00364707,0.00000218,0.00600400,0.00441418
 ,0.00000208,-0.00627848,0.01182503,0.00000243,-0.00026051,-0.00841287,
 -0.00000247,-0.00465888,-0.00958994,-0.00000588,-0.01530826,-0.0014210
 0,-0.00000228,0.01624776,-0.06152950,-0.00001452,-0.06098179,0.0436846
 0,0.00000190,0.09345213,0.01273099,0.00001615,-0.03155778,0.02090505,-
 0.00000049,0.02692005,0.01457999,0.00000837,-0.01597851,-0.01937955,-0
 .00000818,0.01498578,0.00736752,0.00000446,-0.00007043,-0.01550970,-0.
 00000450,-0.00000515,-0.00016957,-0.00000005,0.00000497,0.00015091,0.0
 0000004,0.00001634,0.00007894,0.00000004,0.00008727,-0.00001905,0.,-0.
 00037111,-0.00014004,-0.00000006,0.00013190,0.00011413,0.00000027,-0.0
 1470828,0.00784817,-0.00000008,0.01503180,0.01068698,0.00000564,-0.026
 51077,-0.00692553,-0.00000592,-0.00015434,0.00005655,-0.00000001,0.000
 19050,0.00004887,0.00000003,0.03335010,0.01780064,0.00000877,-0.011997
 98,-0.07480518,-0.00002469,-0.05480186,-0.24003338,-0.00005557,-0.0003
 5876,-0.00053856,-0.00000025,-0.00185241,0.00173536,0.00000112,0.09253
 716,-0.38324503,-0.00007566,0.01840530,-0.02057609,-0.00000502,-0.0726
 5072,0.76395717,-0.00000217,0.00000110,0.00010448,0.00000227,-0.000003
 20,-0.00040058,0.00000193,0.00000100,-0.00051297,0.00000163,0.00000119
 ,0.00047213,-0.00000174,0.00000349,0.00009183,-0.00000009,-0.00000248,
 0.00000632,-0.00000392,-0.00000501,0.00844208,-0.00000410,0.00000015,-
 0.00178720,0.00000510,-0.00001693,-0.00194503,-0.00002135,0.00000580,0
 .00421369,0.00002130,0.00000746,0.00723006,-0.00001066,0.00000370,0.00
 564600,0.00000743,0.00000411,0.00018766,-0.00000461,-0.00000556,0.0001
 8110,0.00000431,0.00000195,0.00011625,-0.00000018,-0.00000438,-0.00005
 296,0.,-0.00000005,-0.00000630,-0.00000001,0.00000005,-0.00000929,0.,0
 .00000004,-0.00006811,0.00000003,0.,0.00000536,-0.00000006,0.00000005,
 -0.00011178,0.00000004,0.00000023,-0.00062668,-0.00000439,0.00000244,0
 .00011625,0.00000469,0.00000328,-0.00066508,-0.00000796,-0.00000170,-0
 .00086690,-0.00000004,0.,0.00003236,0.00000005,0.,0.00002366,0.0000086
 5,0.00000454,0.00564598,-0.00000102,-0.00002041,0.00395263,-0.00003363
 ,-0.00006282,-0.07617272,-0.00000002,0.,0.00016802,0.00000007,0.000001
 52,-0.00305003,0.00000099,-0.00006282,-0.07404832,0.00000661,-0.000010
 64,0.00640729,0.00008324,0.00016252,0.16309960,0.00004239,-0.00008519,
 0.,-0.00012441,0.00010207,0.,-0.00009758,-0.00029466,-0.00000009,0.000
 03307,-0.00001695,-0.00000001,-0.00005400,-0.00005341,-0.00000003,0.00
 003487,0.00008727,0.00000003,-0.00054242,0.00081928,0.00000013,0.00008
 011,-0.00000101,0.00000014,0.00056318,-0.00011294,0.00000014,0.0004752
 2,-0.00313368,-0.00000158,0.00090037,0.00339650,-0.00000047,-0.0006647
 6,-0.00057735,-0.00000031,-0.00017972,0.00033773,0.00000017,0.00004661
 ,0.00009232,0.00000001,-0.00002654,-0.00001040,-0.00000001,0.00000143,
 0.00001122,0.,-0.00001448,-0.00000135,0.,-0.00000449,0.00000847,0.,-0.
 00000990,-0.00000867,0.,-0.00001442,-0.00000220,0.,0.00001098,0.000044
 95,0.,-0.00009438,-0.00000178,-0.00000001,0.00007694,-0.00012315,-0.00
 000002,-0.00004664,-0.00003786,-0.00000002,0.00037310,0.00000017,0.000
 00005,-0.00000317,-0.00000923,0.,-0.00000486,-0.00003545,-0.00000001,-
 0.00006727,-0.00049715,-0.00000014,0.00062463,0.00181295,0.00000109,-0
 .01205176,0.00288855,-0.00000172,-0.00001987,-0.00006277,-0.00000004,0
 .00080043,-0.00066737,-0.00000012,-0.01284521,-0.00384435,-0.00000413,
 0.00110798,0.00048374,0.00000134,-0.37345730,-0.00554848,-0.00005239,0
 .39515187,-0.00004813,-0.00004248,0.,-0.00008169,-0.00000234,-0.000000
 02,-0.00003596,-0.00048134,-0.00000013,0.00019388,-0.00001177,0.,-0.00
 009311,0.00011042,0.00000001,0.00000730,-0.00001905,0.,-0.00159781,0.0
 0075497,-0.00000007,-0.00019011,0.00015154,0.00000024,0.00033695,-0.00
 097362,-0.00000005,-0.00195135,-0.00605707,-0.00000347,0.00218768,-0.0
 0566577,-0.00000438,0.00115854,0.00084670,0.00000040,0.00039603,-0.000
 30799,0.00000015,-0.00022850,-0.00023487,-0.00000014,0.00010594,0.0001
 4037,0.00000005,0.00004829,-0.00016767,-0.00000004,0.00000061,0.000006
 43,0.,-0.00000276,0.00000056,0.,-0.00001529,0.00000282,0.,-0.00000219,
 0.00000074,0.,-0.00003737,-0.00003453,-0.00000006,0.00015456,0.0000012
 1,0.00000003,-0.00010897,-0.00002924,-0.00000002,0.00016690,0.00008659
 ,0.00000004,-0.00010326,0.00002933,-0.00000001,0.00000200,-0.00000076,
 0.,-0.00001352,-0.00003550,-0.00000002,0.00022060,0.00012065,0.0000001
 0,-0.00099932,0.00176566,0.00000122,-0.03167318,0.00563389,-0.00000454
 ,0.00001956,-0.00000368,-0.00000004,0.00071944,-0.00066517,-0.00000018
 ,0.03313448,0.00716600,0.00000543,-0.00048536,0.00110883,0.00000220,-0
 .00622502,-0.07206798,-0.00000860,0.00504017,0.06887411,0.,0.,-0.00006
 811,-0.00000005,0.,0.00001926,-0.00000002,-0.00000018,-0.00002251,0.00
 000005,-0.00000003,0.00006517,-0.00000004,0.00000002,0.00001661,0.,0.,
 0.00000536,-0.00000055,0.00000033,0.00006552,0.00000008,0.00000026,-0.
 00076971,0.00000027,-0.00000012,-0.00063987,-0.00000127,-0.00000368,0.
 00500484,-0.00000088,-0.00000416,0.01052164,0.00000019,0.00000011,0.00
 016802,0.00000019,0.00000015,-0.00062668,-0.00000008,-0.00000009,0.000
 11600,0.00000002,0.00000003,0.00003236,0.00000001,-0.00000005,-0.00000
 630,0.,0.,0.00000406,0.,0.,0.00000042,0.,0.,0.00000668,0.,0.,0.0000071
 3,-0.00000003,-0.00000005,0.00014502,0.00000003,0.,-0.00001144,-0.0000
 0002,-0.00000002,-0.00000929,0.00000004,0.00000001,0.00002366,0.000000
 02,0.,0.00003013,0.,0.,0.00000042,0.,-0.00000002,0.00001629,0.00000006
 ,-0.00000002,-0.00011178,0.00000031,0.00000167,-0.00305005,-0.00001169
 ,0.00000086,0.00423207,-0.00000002,-0.00000005,0.00014503,0.00000027,-
 0.00000040,0.00036612,0.00000666,-0.00000037,0.00640729,0.00000108,0.0
 0000232,-0.00671134,-0.00005264,-0.00000844,-0.04581882,0.00005802,0.0
 0001191,0.03044676||0.00012995,-0.00001690,-0.00000040,-0.00006037,-0.
 00010961,0.00000039,0.00004372,0.00007845,-0.00000087,0.00008976,0.000
 00176,-0.00000001,-0.00012508,-0.00000193,0.00000030,0.00004605,0.0001
 2275,-0.00000016,-0.00004655,0.00007701,0.00000057,0.00004619,-0.00007
 711,0.00000026,-0.00004345,-0.00007856,0.00000018,-0.00008970,-0.00000
 149,0.00000012,0.00006069,0.00010932,-0.00000179,0.00008347,-0.0001012
 7,0.00000019,-0.00007980,-0.00010420,-0.00000085,-0.00006464,0.0001072
 2,0.00000109,0.00012974,0.00002179,-0.00000057,0.00005032,-0.00012156,
 -0.00000056,-0.00005093,0.00002108,0.00000032,-0.00004490,0.00003200,0
 .00000018,-0.00004368,-0.00003359,0.00000002,-0.00005016,-0.00002284,0
 .00000021,0.00000528,0.00005487,0.00000043,-0.00000724,0.00005464,0.00
 000015,-0.00008374,0.00010149,0.00000088,0.00008013,0.00010442,-0.0000
 0087,0.00006436,-0.00010749,0.00000088,-0.00000527,-0.00005489,-0.0000
 0037,0.00000720,-0.00005467,0.00000027,-0.00012938,-0.00002152,-0.0000
 0194,-0.00005036,0.00012109,0.00000048,0.00012504,0.00000232,0.0000000
 9,0.00004486,-0.00003202,0.00000068,0.00005093,-0.00002105,0.00000016,
 -0.00013029,0.00001711,0.00000147,0.00004372,0.00003360,-0.00000021,-0
 .00004604,-0.00012308,-0.00000061,0.00005017,0.00002284,-0.00000010|||
 @


 I MET A TRAVELLER FROM AN ANTIQUE LAND
 WHO SAID... TWO VAST AND TRUNKLESS LEGS OF STONE
 STAND IN THE DESERT..... NEAR THEM,  ON THE SAND,
 HALF SUNK,  A SHATTERED VISAGE LIES,  WHOSE FROWN,
 AND WRINKLED LIP,  AND SNEER OF COLD COMMAND
 TELL THAT ITS SCULPTOR WELL THOSE PASSIONS READ
 WHICH YET SURVIVE,  STAMPED ON THESE LIFELESS THINGS
 THE HAND THAT MOCKED THEM,  AND THE HEART THAT FED-
 AND ON THE PEDESTAL THESE WORDS APPEAR 
 MY NAME IS OZYMANDIAS, KING OF KINGS--   
 LOOK ON MY WORKS YE MIGHTY AND DESPAIR. 
 NOTHING BESIDE REMAINS,  ROUND THE DECAY 
 OF THAT COLOSSAL WRECK,  BOUNDLESS AND BARE
 THE LONE AND LEVEL SANDS STRETCH FAR AWAY.
                                    SHELLEY
 Job cpu time:  0 days  5 hours  9 minutes 22.0 seconds.
 File lengths (MBytes):  RWF=    859 Int=      0 D2E=      0 Chk=     20 Scr=      1
 Normal termination of Gaussian 09 at Sun Aug 03 00:01:44 2025.
