 Entering Link 1 = C:\G09W\l1.exe PID=      3520.
  
 Copyright (c) 1988,1990,1992,1993,1995,1998,2003,2009, Gaussian, Inc.
                  All Rights Reserved.
  
 This is part of the Gaussian(R) 09 program.  It is based on
 the Gaussian(R) 03 system (copyright 2003, Gaussian, Inc.),
 the Gaussian(R) 98 system (copyright 1998, Gaussian, Inc.),
 the Gaussian(R) 94 system (copyright 1995, Gaussian, Inc.),
 the Gaussian 92(TM) system (copyright 1992, Gaussian, Inc.),
 the Gaussian 90(TM) system (copyright 1990, Gaussian, Inc.),
 the Gaussian 88(TM) system (copyright 1988, Gaussian, Inc.),
 the Gaussian 86(TM) system (copyright 1986, Carnegie Mellon
 University), and the Gaussian 82(TM) system (copyright 1983,
 Carnegie Mellon University). Gaussian is a federally registered
 trademark of Gaussian, Inc.
  
 This software contains proprietary and confidential information,
 including trade secrets, belonging to Gaussian, Inc.
  
 This software is provided under written license and may be
 used, copied, transmitted, or stored only in accord with that
 written license.
  
 The following legend is applicable only to US Government
 contracts under FAR:
  
                    RESTRICTED RIGHTS LEGEND
  
 Use, reproduction and disclosure by the US Government is
 subject to restrictions as set forth in subparagraphs (a)
 and (c) of the Commercial Computer Software - Restricted
 Rights clause in FAR 52.227-19.
  
 Gaussian, Inc.
 340 Quinnipiac St., Bldg. 40, Wallingford CT 06492
  
  
 ---------------------------------------------------------------
 Warning -- This program may not be used in any manner that
 competes with the business of Gaussian, Inc. or will provide
 assistance to any competitor of Gaussian, Inc.  The licensee
 of this program is prohibited from giving any competitor of
 Gaussian, Inc. access to this program.  By using this program,
 the user acknowledges that Gaussian, Inc. is engaged in the
 business of creating and licensing software in the field of
 computational chemistry and represents and warrants to the
 licensee that it is not a competitor of Gaussian, Inc. and that
 it will not use this program in any manner prohibited above.
 ---------------------------------------------------------------
  

 Cite this work as:
 Gaussian 09, Revision A.02,
 M. J. Frisch, G. W. Trucks, H. B. Schlegel, G. E. Scuseria, 
 M. A. Robb, J. R. Cheeseman, G. Scalmani, V. Barone, B. Mennucci, 
 G. A. Petersson, H. Nakatsuji, M. Caricato, X. Li, H. P. Hratchian, 
 A. F. Izmaylov, J. Bloino, G. Zheng, J. L. Sonnenberg, M. Hada, 
 M. Ehara, K. Toyota, R. Fukuda, J. Hasegawa, M. Ishida, T. Nakajima, 
 Y. Honda, O. Kitao, H. Nakai, T. Vreven, J. A. Montgomery, Jr., 
 J. E. Peralta, F. Ogliaro, M. Bearpark, J. J. Heyd, E. Brothers, 
 K. N. Kudin, V. N. Staroverov, R. Kobayashi, J. Normand, 
 K. Raghavachari, A. Rendell, J. C. Burant, S. S. Iyengar, J. Tomasi, 
 M. Cossi, N. Rega, J. M. Millam, M. Klene, J. E. Knox, J. B. Cross, 
 V. Bakken, C. Adamo, J. Jaramillo, R. Gomperts, R. E. Stratmann, 
 O. Yazyev, A. J. Austin, R. Cammi, C. Pomelli, J. W. Ochterski, 
 R. L. Martin, K. Morokuma, V. G. Zakrzewski, G. A. Voth, 
 P. Salvador, J. J. Dannenberg, S. Dapprich, A. D. Daniels, 
 O. Farkas, J. B. Foresman, J. V. Ortiz, J. Cioslowski, 
 and D. J. Fox, Gaussian, Inc., Wallingford CT, 2009.
 
 ******************************************
 Gaussian 09:  IA32W-G09RevA.02 11-Jun-2009
                08-Apr-2025 
 ******************************************
 %chk=C:\Users\saif_\Desktop\downs\GV\N-BAP Opt+Freq (DFT B3lyp).chk
 ----------------------------------------------------------------------
 # opt freq ub3lyp/6-311++g(d,p) scrf=(cpcm,solvent=water) geom=connect
 ivity
 ----------------------------------------------------------------------
 1/14=-1,18=20,19=15,26=3,38=1,57=2/1,3;
 2/9=110,12=2,17=6,18=5,40=1/2;
 3/5=4,6=6,7=1111,11=2,16=1,25=1,30=1,70=2101,71=1,72=1,74=-5,116=2/1,2,3;
 4//1;
 5/5=2,38=5,53=1/2;
 6/7=2,8=2,9=2,10=2,28=1/1;
 7//1,2,3,16;
 1/14=-1,18=20,19=15/3(2);
 2/9=110/2;
 99//99;
 2/9=110/2;
 3/5=4,6=6,7=1111,11=2,16=1,25=1,30=1,70=2105,71=1,72=1,74=-5,116=2/1,2,3;
 4/5=5,16=3/1;
 5/5=2,38=5,53=1/2;
 7//1,2,3,16;
 1/14=-1,18=20,19=15/3(-5);
 2/9=110/2;
 6/7=2,8=2,9=2,10=2,19=2,28=1/1;
 99/9=1/99;
 --------------------------
 N-BAP Opt+Freq (DFT B3lyp)
 --------------------------
 Symbolic Z-matrix:
 Charge =  1 Multiplicity = 1
 C                     2.35942  -0.80329   0.1419 
 C                    -0.01178  -0.63699   0.09987 
 C                     0.0092    0.73245  -0.14764 
 C                     1.27809   1.36538  -0.23737 
 C                     2.46196   0.54458  -0.09808 
 C                    -1.24332   1.39759  -0.26313 
 C                    -2.45916   0.61208  -0.13979 
 C                    -2.39135  -0.73285   0.12484 
 C                    -1.18542   2.78676  -0.47342 
 C                     0.05087   3.42934  -0.55464 
 C                     1.26656   2.75421  -0.43918 
 H                    -2.08982   3.37272  -0.55912 
 H                     0.06758   4.50286  -0.70766 
 H                     2.18979   3.31483  -0.49537 
 C                     3.53247  -1.74696   0.25575 
 H                     4.37784  -1.21595   0.69042 
 H                     3.2948   -2.54806   0.95886 
 C                     3.94274  -2.35295  -1.0992 
 H                     4.25061  -1.57224  -1.79868 
 H                     4.78139  -3.03899  -0.95965 
 H                     3.12242  -2.9111   -1.55614 
 C                     3.81191   1.24194  -0.19794 
 H                     4.61047   0.51419  -0.44102 
 H                     3.79714   1.92     -1.07022 
 C                     4.43956   1.92372   1.08336 
 H                     4.98525   2.82996   0.82461 
 H                     3.71357   2.18213   1.86382 
 H                     5.16047   1.23459   1.53455 
 C                    -3.84049   1.3267   -0.25133 
 H                    -3.73511   2.09964  -1.03918 
 H                    -4.54416   0.63195  -0.74736 
 C                    -4.3605    1.89357   1.10336 
 H                    -4.36076   1.10397   1.86198 
 H                    -3.73614   2.71733   1.46664 
 H                    -5.37937   2.28392   1.03855 
 C                    -3.58565  -1.64387   0.26774 
 H                    -4.43264  -1.0723    0.64651 
 H                    -3.3759   -2.40232   1.02459 
 C                    -3.97561  -2.32476  -1.0583 
 H                    -4.82692  -2.99028  -0.89785 
 H                    -4.25666  -1.58409  -1.81082 
 H                    -3.15452  -2.91921  -1.46518 
 N                     1.0991   -1.37179   0.26142 
 N                    -1.14639  -1.34289   0.23127 
 C                    -0.8148   -2.73302   0.63827 
 H                    -1.30767  -3.45676  -0.00536 
 H                    -1.12878  -2.89141   1.66941 
 C                     0.72739  -2.79005   0.49311 
 H                     1.03397  -3.3951   -0.3593 
 H                     1.20161  -3.16894   1.39493 
 

 GradGradGradGradGradGradGradGradGradGradGradGradGradGradGradGradGradGrad
 Berny optimization.
 Initialization pass.
                           ----------------------------
                           !    Initial Parameters    !
                           ! (Angstroms and Degrees)  !
 --------------------------                            --------------------------
 ! Name  Definition              Value          Derivative Info.                !
 --------------------------------------------------------------------------------
 ! R1    R(1,5)                  1.3729         estimate D2E/DX2                !
 ! R2    R(1,15)                 1.5098         estimate D2E/DX2                !
 ! R3    R(1,43)                 1.3878         estimate D2E/DX2                !
 ! R4    R(2,3)                  1.3918         estimate D2E/DX2                !
 ! R5    R(2,43)                 1.3417         estimate D2E/DX2                !
 ! R6    R(2,44)                 1.3427         estimate D2E/DX2                !
 ! R7    R(3,4)                  1.4208         estimate D2E/DX2                !
 ! R8    R(3,6)                  1.4229         estimate D2E/DX2                !
 ! R9    R(4,5)                  1.4473         estimate D2E/DX2                !
 ! R10   R(4,11)                 1.4035         estimate D2E/DX2                !
 ! R11   R(5,22)                 1.5227         estimate D2E/DX2                !
 ! R12   R(6,7)                  1.4528         estimate D2E/DX2                !
 ! R13   R(6,9)                  1.4062         estimate D2E/DX2                !
 ! R14   R(7,8)                  1.3724         estimate D2E/DX2                !
 ! R15   R(7,29)                 1.5592         estimate D2E/DX2                !
 ! R16   R(8,36)                 1.5089         estimate D2E/DX2                !
 ! R17   R(8,44)                 1.3905         estimate D2E/DX2                !
 ! R18   R(9,10)                 1.3957         estimate D2E/DX2                !
 ! R19   R(9,12)                 1.081          estimate D2E/DX2                !
 ! R20   R(10,11)                1.3954         estimate D2E/DX2                !
 ! R21   R(10,13)                1.0845         estimate D2E/DX2                !
 ! R22   R(11,14)                1.0816         estimate D2E/DX2                !
 ! R23   R(15,16)                1.0888         estimate D2E/DX2                !
 ! R24   R(15,17)                1.0921         estimate D2E/DX2                !
 ! R25   R(15,18)                1.5399         estimate D2E/DX2                !
 ! R26   R(18,19)                1.0925         estimate D2E/DX2                !
 ! R27   R(18,20)                1.0925         estimate D2E/DX2                !
 ! R28   R(18,21)                1.0924         estimate D2E/DX2                !
 ! R29   R(22,23)                1.1074         estimate D2E/DX2                !
 ! R30   R(22,24)                1.1049         estimate D2E/DX2                !
 ! R31   R(22,25)                1.5813         estimate D2E/DX2                !
 ! R32   R(25,26)                1.089          estimate D2E/DX2                !
 ! R33   R(25,27)                1.0968         estimate D2E/DX2                !
 ! R34   R(25,28)                1.0946         estimate D2E/DX2                !
 ! R35   R(29,30)                1.1087         estimate D2E/DX2                !
 ! R36   R(29,31)                1.1063         estimate D2E/DX2                !
 ! R37   R(29,32)                1.5579         estimate D2E/DX2                !
 ! R38   R(32,33)                1.095          estimate D2E/DX2                !
 ! R39   R(32,34)                1.0956         estimate D2E/DX2                !
 ! R40   R(32,35)                1.093          estimate D2E/DX2                !
 ! R41   R(36,37)                1.0897         estimate D2E/DX2                !
 ! R42   R(36,38)                1.0918         estimate D2E/DX2                !
 ! R43   R(36,39)                1.5408         estimate D2E/DX2                !
 ! R44   R(39,40)                1.0924         estimate D2E/DX2                !
 ! R45   R(39,41)                1.0926         estimate D2E/DX2                !
 ! R46   R(39,42)                1.0923         estimate D2E/DX2                !
 ! R47   R(43,48)                1.4844         estimate D2E/DX2                !
 ! R48   R(44,45)                1.4859         estimate D2E/DX2                !
 ! R49   R(45,46)                1.0867         estimate D2E/DX2                !
 ! R50   R(45,47)                1.0895         estimate D2E/DX2                !
 ! R51   R(45,48)                1.5501         estimate D2E/DX2                !
 ! R52   R(48,49)                1.0893         estimate D2E/DX2                !
 ! R53   R(48,50)                1.0871         estimate D2E/DX2                !
 ! A1    A(5,1,15)             124.6658         estimate D2E/DX2                !
 ! A2    A(5,1,43)             119.016          estimate D2E/DX2                !
 ! A3    A(15,1,43)            116.3            estimate D2E/DX2                !
 ! A4    A(3,2,43)             123.2169         estimate D2E/DX2                !
 ! A5    A(3,2,44)             123.1911         estimate D2E/DX2                !
 ! A6    A(43,2,44)            113.5742         estimate D2E/DX2                !
 ! A7    A(2,3,4)              117.5816         estimate D2E/DX2                !
 ! A8    A(2,3,6)              117.4594         estimate D2E/DX2                !
 ! A9    A(4,3,6)              124.9444         estimate D2E/DX2                !
 ! A10   A(3,4,5)              118.1515         estimate D2E/DX2                !
 ! A11   A(3,4,11)             116.2678         estimate D2E/DX2                !
 ! A12   A(5,4,11)             125.5753         estimate D2E/DX2                !
 ! A13   A(1,5,4)              120.8318         estimate D2E/DX2                !
 ! A14   A(1,5,22)             121.8227         estimate D2E/DX2                !
 ! A15   A(4,5,22)             117.332          estimate D2E/DX2                !
 ! A16   A(3,6,7)              118.4945         estimate D2E/DX2                !
 ! A17   A(3,6,9)              115.9573         estimate D2E/DX2                !
 ! A18   A(7,6,9)              125.5428         estimate D2E/DX2                !
 ! A19   A(6,7,8)              120.3242         estimate D2E/DX2                !
 ! A20   A(6,7,29)             119.1794         estimate D2E/DX2                !
 ! A21   A(8,7,29)             120.4455         estimate D2E/DX2                !
 ! A22   A(7,8,36)             124.8082         estimate D2E/DX2                !
 ! A23   A(7,8,44)             119.2718         estimate D2E/DX2                !
 ! A24   A(36,8,44)            115.8838         estimate D2E/DX2                !
 ! A25   A(6,9,10)             120.0005         estimate D2E/DX2                !
 ! A26   A(6,9,12)             120.8561         estimate D2E/DX2                !
 ! A27   A(10,9,12)            119.1369         estimate D2E/DX2                !
 ! A28   A(9,10,11)            122.9678         estimate D2E/DX2                !
 ! A29   A(9,10,13)            118.5291         estimate D2E/DX2                !
 ! A30   A(11,10,13)           118.5018         estimate D2E/DX2                !
 ! A31   A(4,11,10)            119.8576         estimate D2E/DX2                !
 ! A32   A(4,11,14)            120.8897         estimate D2E/DX2                !
 ! A33   A(10,11,14)           119.2487         estimate D2E/DX2                !
 ! A34   A(1,15,16)            109.1783         estimate D2E/DX2                !
 ! A35   A(1,15,17)            109.7522         estimate D2E/DX2                !
 ! A36   A(1,15,18)            112.7431         estimate D2E/DX2                !
 ! A37   A(16,15,17)           105.6469         estimate D2E/DX2                !
 ! A38   A(16,15,18)           109.6521         estimate D2E/DX2                !
 ! A39   A(17,15,18)           109.6215         estimate D2E/DX2                !
 ! A40   A(15,18,19)           110.9293         estimate D2E/DX2                !
 ! A41   A(15,18,20)           109.831          estimate D2E/DX2                !
 ! A42   A(15,18,21)           111.6572         estimate D2E/DX2                !
 ! A43   A(19,18,20)           108.3131         estimate D2E/DX2                !
 ! A44   A(19,18,21)           107.9948         estimate D2E/DX2                !
 ! A45   A(20,18,21)           108.0024         estimate D2E/DX2                !
 ! A46   A(5,22,23)            110.6537         estimate D2E/DX2                !
 ! A47   A(5,22,24)            108.7214         estimate D2E/DX2                !
 ! A48   A(5,22,25)            119.749          estimate D2E/DX2                !
 ! A49   A(23,22,24)           103.8653         estimate D2E/DX2                !
 ! A50   A(23,22,25)           100.0766         estimate D2E/DX2                !
 ! A51   A(24,22,25)           112.3583         estimate D2E/DX2                !
 ! A52   A(22,25,26)           111.4168         estimate D2E/DX2                !
 ! A53   A(22,25,27)           114.547          estimate D2E/DX2                !
 ! A54   A(22,25,28)           108.9029         estimate D2E/DX2                !
 ! A55   A(26,25,27)           107.739          estimate D2E/DX2                !
 ! A56   A(26,25,28)           106.9663         estimate D2E/DX2                !
 ! A57   A(27,25,28)           106.9156         estimate D2E/DX2                !
 ! A58   A(7,29,30)            106.6276         estimate D2E/DX2                !
 ! A59   A(7,29,31)            107.9229         estimate D2E/DX2                !
 ! A60   A(7,29,32)            113.5955         estimate D2E/DX2                !
 ! A61   A(30,29,31)           100.3492         estimate D2E/DX2                !
 ! A62   A(30,29,32)           113.3268         estimate D2E/DX2                !
 ! A63   A(31,29,32)           113.9601         estimate D2E/DX2                !
 ! A64   A(29,32,33)           109.8858         estimate D2E/DX2                !
 ! A65   A(29,32,34)           111.8204         estimate D2E/DX2                !
 ! A66   A(29,32,35)           112.9261         estimate D2E/DX2                !
 ! A67   A(33,32,34)           108.2153         estimate D2E/DX2                !
 ! A68   A(33,32,35)           107.3611         estimate D2E/DX2                !
 ! A69   A(34,32,35)           106.4015         estimate D2E/DX2                !
 ! A70   A(8,36,37)            109.3556         estimate D2E/DX2                !
 ! A71   A(8,36,38)            109.451          estimate D2E/DX2                !
 ! A72   A(8,36,39)            112.6828         estimate D2E/DX2                !
 ! A73   A(37,36,38)           105.8267         estimate D2E/DX2                !
 ! A74   A(37,36,39)           109.5243         estimate D2E/DX2                !
 ! A75   A(38,36,39)           109.7691         estimate D2E/DX2                !
 ! A76   A(36,39,40)           109.8793         estimate D2E/DX2                !
 ! A77   A(36,39,41)           110.9938         estimate D2E/DX2                !
 ! A78   A(36,39,42)           111.7665         estimate D2E/DX2                !
 ! A79   A(40,39,41)           108.2809         estimate D2E/DX2                !
 ! A80   A(40,39,42)           107.9961         estimate D2E/DX2                !
 ! A81   A(41,39,42)           107.8019         estimate D2E/DX2                !
 ! A82   A(1,43,2)             121.1464         estimate D2E/DX2                !
 ! A83   A(1,43,48)            129.2177         estimate D2E/DX2                !
 ! A84   A(2,43,48)            109.5569         estimate D2E/DX2                !
 ! A85   A(2,44,8)             121.2272         estimate D2E/DX2                !
 ! A86   A(2,44,45)            109.273          estimate D2E/DX2                !
 ! A87   A(8,44,45)            129.1386         estimate D2E/DX2                !
 ! A88   A(44,45,46)           111.0762         estimate D2E/DX2                !
 ! A89   A(44,45,47)           109.3254         estimate D2E/DX2                !
 ! A90   A(44,45,48)           103.3434         estimate D2E/DX2                !
 ! A91   A(46,45,47)           109.4528         estimate D2E/DX2                !
 ! A92   A(46,45,48)           111.7938         estimate D2E/DX2                !
 ! A93   A(47,45,48)           111.7167         estimate D2E/DX2                !
 ! A94   A(43,48,45)           103.215          estimate D2E/DX2                !
 ! A95   A(43,48,49)           109.7595         estimate D2E/DX2                !
 ! A96   A(43,48,50)           110.6872         estimate D2E/DX2                !
 ! A97   A(45,48,49)           111.9454         estimate D2E/DX2                !
 ! A98   A(45,48,50)           111.6639         estimate D2E/DX2                !
 ! A99   A(49,48,50)           109.4384         estimate D2E/DX2                !
 ! D1    D(15,1,5,4)           177.85           estimate D2E/DX2                !
 ! D2    D(15,1,5,22)           -3.5207         estimate D2E/DX2                !
 ! D3    D(43,1,5,4)            -0.5395         estimate D2E/DX2                !
 ! D4    D(43,1,5,22)          178.0898         estimate D2E/DX2                !
 ! D5    D(5,1,15,16)           32.6811         estimate D2E/DX2                !
 ! D6    D(5,1,15,17)          148.0409         estimate D2E/DX2                !
 ! D7    D(5,1,15,18)          -89.4521         estimate D2E/DX2                !
 ! D8    D(43,1,15,16)        -148.8898         estimate D2E/DX2                !
 ! D9    D(43,1,15,17)         -33.5301         estimate D2E/DX2                !
 ! D10   D(43,1,15,18)          88.977          estimate D2E/DX2                !
 ! D11   D(5,1,43,2)             2.3719         estimate D2E/DX2                !
 ! D12   D(5,1,43,48)          178.7838         estimate D2E/DX2                !
 ! D13   D(15,1,43,2)         -176.1506         estimate D2E/DX2                !
 ! D14   D(15,1,43,48)           0.2613         estimate D2E/DX2                !
 ! D15   D(43,2,3,4)             0.3387         estimate D2E/DX2                !
 ! D16   D(43,2,3,6)          -178.3449         estimate D2E/DX2                !
 ! D17   D(44,2,3,4)           178.704          estimate D2E/DX2                !
 ! D18   D(44,2,3,6)             0.0205         estimate D2E/DX2                !
 ! D19   D(3,2,43,1)            -2.3172         estimate D2E/DX2                !
 ! D20   D(3,2,43,48)         -179.3677         estimate D2E/DX2                !
 ! D21   D(44,2,43,1)          179.1753         estimate D2E/DX2                !
 ! D22   D(44,2,43,48)           2.1247         estimate D2E/DX2                !
 ! D23   D(3,2,44,8)             0.0195         estimate D2E/DX2                !
 ! D24   D(3,2,44,45)         -173.6789         estimate D2E/DX2                !
 ! D25   D(43,2,44,8)          178.5275         estimate D2E/DX2                !
 ! D26   D(43,2,44,45)           4.8291         estimate D2E/DX2                !
 ! D27   D(2,3,4,5)              1.4366         estimate D2E/DX2                !
 ! D28   D(2,3,4,11)          -177.7665         estimate D2E/DX2                !
 ! D29   D(6,3,4,5)           -179.9885         estimate D2E/DX2                !
 ! D30   D(6,3,4,11)             0.8084         estimate D2E/DX2                !
 ! D31   D(2,3,6,7)             -1.0223         estimate D2E/DX2                !
 ! D32   D(2,3,6,9)            178.1742         estimate D2E/DX2                !
 ! D33   D(4,3,6,7)           -179.5988         estimate D2E/DX2                !
 ! D34   D(4,3,6,9)             -0.4023         estimate D2E/DX2                !
 ! D35   D(3,4,5,1)             -1.3368         estimate D2E/DX2                !
 ! D36   D(3,4,5,22)           179.9741         estimate D2E/DX2                !
 ! D37   D(11,4,5,1)           177.7846         estimate D2E/DX2                !
 ! D38   D(11,4,5,22)           -0.9044         estimate D2E/DX2                !
 ! D39   D(3,4,11,10)           -0.713          estimate D2E/DX2                !
 ! D40   D(3,4,11,14)          178.5558         estimate D2E/DX2                !
 ! D41   D(5,4,11,10)         -179.8491         estimate D2E/DX2                !
 ! D42   D(5,4,11,14)           -0.5803         estimate D2E/DX2                !
 ! D43   D(1,5,22,23)           21.6592         estimate D2E/DX2                !
 ! D44   D(1,5,22,24)          135.122          estimate D2E/DX2                !
 ! D45   D(1,5,22,25)          -93.8592         estimate D2E/DX2                !
 ! D46   D(4,5,22,23)         -159.6656         estimate D2E/DX2                !
 ! D47   D(4,5,22,24)          -46.2028         estimate D2E/DX2                !
 ! D48   D(4,5,22,25)           84.816          estimate D2E/DX2                !
 ! D49   D(3,6,7,8)              2.0547         estimate D2E/DX2                !
 ! D50   D(3,6,7,29)           179.4723         estimate D2E/DX2                !
 ! D51   D(9,6,7,8)           -177.0575         estimate D2E/DX2                !
 ! D52   D(9,6,7,29)             0.3602         estimate D2E/DX2                !
 ! D53   D(3,6,9,10)            -0.0971         estimate D2E/DX2                !
 ! D54   D(3,6,9,12)          -179.1615         estimate D2E/DX2                !
 ! D55   D(7,6,9,10)           179.0351         estimate D2E/DX2                !
 ! D56   D(7,6,9,12)            -0.0293         estimate D2E/DX2                !
 ! D57   D(6,7,8,36)          -179.7495         estimate D2E/DX2                !
 ! D58   D(6,7,8,44)            -2.0303         estimate D2E/DX2                !
 ! D59   D(29,7,8,36)            2.8659         estimate D2E/DX2                !
 ! D60   D(29,7,8,44)         -179.415          estimate D2E/DX2                !
 ! D61   D(6,7,29,30)           38.3222         estimate D2E/DX2                !
 ! D62   D(6,7,29,31)          145.3982         estimate D2E/DX2                !
 ! D63   D(6,7,29,32)          -87.227          estimate D2E/DX2                !
 ! D64   D(8,7,29,30)         -144.2634         estimate D2E/DX2                !
 ! D65   D(8,7,29,31)          -37.1874         estimate D2E/DX2                !
 ! D66   D(8,7,29,32)           90.1874         estimate D2E/DX2                !
 ! D67   D(7,8,36,37)          -29.447          estimate D2E/DX2                !
 ! D68   D(7,8,36,38)         -144.954          estimate D2E/DX2                !
 ! D69   D(7,8,36,39)           92.6087         estimate D2E/DX2                !
 ! D70   D(44,8,36,37)         152.7644         estimate D2E/DX2                !
 ! D71   D(44,8,36,38)          37.2574         estimate D2E/DX2                !
 ! D72   D(44,8,36,39)         -85.1799         estimate D2E/DX2                !
 ! D73   D(7,8,44,2)             1.0092         estimate D2E/DX2                !
 ! D74   D(7,8,44,45)          173.3325         estimate D2E/DX2                !
 ! D75   D(36,8,44,2)          178.9278         estimate D2E/DX2                !
 ! D76   D(36,8,44,45)          -8.7489         estimate D2E/DX2                !
 ! D77   D(6,9,10,11)            0.1571         estimate D2E/DX2                !
 ! D78   D(6,9,10,13)         -179.4141         estimate D2E/DX2                !
 ! D79   D(12,9,10,11)         179.2376         estimate D2E/DX2                !
 ! D80   D(12,9,10,13)          -0.3336         estimate D2E/DX2                !
 ! D81   D(9,10,11,4)            0.2737         estimate D2E/DX2                !
 ! D82   D(9,10,11,14)        -179.0072         estimate D2E/DX2                !
 ! D83   D(13,10,11,4)         179.845          estimate D2E/DX2                !
 ! D84   D(13,10,11,14)          0.5642         estimate D2E/DX2                !
 ! D85   D(1,15,18,19)          61.2684         estimate D2E/DX2                !
 ! D86   D(1,15,18,20)        -179.0265         estimate D2E/DX2                !
 ! D87   D(1,15,18,21)         -59.245          estimate D2E/DX2                !
 ! D88   D(16,15,18,19)        -60.5976         estimate D2E/DX2                !
 ! D89   D(16,15,18,20)         59.1075         estimate D2E/DX2                !
 ! D90   D(16,15,18,21)        178.8891         estimate D2E/DX2                !
 ! D91   D(17,15,18,19)       -176.1513         estimate D2E/DX2                !
 ! D92   D(17,15,18,20)        -56.4462         estimate D2E/DX2                !
 ! D93   D(17,15,18,21)         63.3353         estimate D2E/DX2                !
 ! D94   D(5,22,25,26)        -144.709          estimate D2E/DX2                !
 ! D95   D(5,22,25,27)         -22.0974         estimate D2E/DX2                !
 ! D96   D(5,22,25,28)          97.5395         estimate D2E/DX2                !
 ! D97   D(23,22,25,26)         94.3477         estimate D2E/DX2                !
 ! D98   D(23,22,25,27)       -143.0408         estimate D2E/DX2                !
 ! D99   D(23,22,25,28)        -23.4038         estimate D2E/DX2                !
 ! D100  D(24,22,25,26)        -15.3024         estimate D2E/DX2                !
 ! D101  D(24,22,25,27)        107.3092         estimate D2E/DX2                !
 ! D102  D(24,22,25,28)       -133.0539         estimate D2E/DX2                !
 ! D103  D(7,29,32,33)         -53.217          estimate D2E/DX2                !
 ! D104  D(7,29,32,34)          66.9743         estimate D2E/DX2                !
 ! D105  D(7,29,32,35)        -173.0528         estimate D2E/DX2                !
 ! D106  D(30,29,32,33)       -175.1149         estimate D2E/DX2                !
 ! D107  D(30,29,32,34)        -54.9236         estimate D2E/DX2                !
 ! D108  D(30,29,32,35)         65.0492         estimate D2E/DX2                !
 ! D109  D(31,29,32,33)         70.9488         estimate D2E/DX2                !
 ! D110  D(31,29,32,34)       -168.8599         estimate D2E/DX2                !
 ! D111  D(31,29,32,35)        -48.8871         estimate D2E/DX2                !
 ! D112  D(8,36,39,40)         178.6138         estimate D2E/DX2                !
 ! D113  D(8,36,39,41)         -61.649          estimate D2E/DX2                !
 ! D114  D(8,36,39,42)          58.7374         estimate D2E/DX2                !
 ! D115  D(37,36,39,40)        -59.4257         estimate D2E/DX2                !
 ! D116  D(37,36,39,41)         60.3115         estimate D2E/DX2                !
 ! D117  D(37,36,39,42)       -179.3021         estimate D2E/DX2                !
 ! D118  D(38,36,39,40)         56.3555         estimate D2E/DX2                !
 ! D119  D(38,36,39,41)        176.0927         estimate D2E/DX2                !
 ! D120  D(38,36,39,42)        -63.5209         estimate D2E/DX2                !
 ! D121  D(1,43,48,45)         175.6033         estimate D2E/DX2                !
 ! D122  D(1,43,48,49)         -64.9075         estimate D2E/DX2                !
 ! D123  D(1,43,48,50)          55.9987         estimate D2E/DX2                !
 ! D124  D(2,43,48,45)          -7.6552         estimate D2E/DX2                !
 ! D125  D(2,43,48,49)         111.834          estimate D2E/DX2                !
 ! D126  D(2,43,48,50)        -127.2598         estimate D2E/DX2                !
 ! D127  D(2,44,45,46)        -129.2012         estimate D2E/DX2                !
 ! D128  D(2,44,45,47)         109.9101         estimate D2E/DX2                !
 ! D129  D(2,44,45,48)          -9.1791         estimate D2E/DX2                !
 ! D130  D(8,44,45,46)          57.7492         estimate D2E/DX2                !
 ! D131  D(8,44,45,47)         -63.1394         estimate D2E/DX2                !
 ! D132  D(8,44,45,48)         177.7714         estimate D2E/DX2                !
 ! D133  D(44,45,48,43)          9.7738         estimate D2E/DX2                !
 ! D134  D(44,45,48,49)       -108.1964         estimate D2E/DX2                !
 ! D135  D(44,45,48,50)        128.7032         estimate D2E/DX2                !
 ! D136  D(46,45,48,43)        129.3035         estimate D2E/DX2                !
 ! D137  D(46,45,48,49)         11.3333         estimate D2E/DX2                !
 ! D138  D(46,45,48,50)       -111.7671         estimate D2E/DX2                !
 ! D139  D(47,45,48,43)       -107.65           estimate D2E/DX2                !
 ! D140  D(47,45,48,49)        134.3798         estimate D2E/DX2                !
 ! D141  D(47,45,48,50)         11.2794         estimate D2E/DX2                !
 --------------------------------------------------------------------------------
 Trust Radius=3.00D-01 FncErr=1.00D-07 GrdErr=1.00D-06
 Number of steps in this run= 300 maximum allowed number of steps= 300.
 GradGradGradGradGradGradGradGradGradGradGradGradGradGradGradGradGradGrad

                          Input orientation:                          
 ---------------------------------------------------------------------
 Center     Atomic      Atomic             Coordinates (Angstroms)
 Number     Number       Type             X           Y           Z
 ---------------------------------------------------------------------
      1          6           0        2.359425   -0.803294    0.141902
      2          6           0       -0.011782   -0.636988    0.099873
      3          6           0        0.009203    0.732446   -0.147645
      4          6           0        1.278094    1.365377   -0.237366
      5          6           0        2.461956    0.544584   -0.098082
      6          6           0       -1.243316    1.397586   -0.263129
      7          6           0       -2.459162    0.612080   -0.139787
      8          6           0       -2.391345   -0.732853    0.124845
      9          6           0       -1.185417    2.786762   -0.473418
     10          6           0        0.050868    3.429338   -0.554637
     11          6           0        1.266563    2.754212   -0.439179
     12          1           0       -2.089816    3.372718   -0.559117
     13          1           0        0.067579    4.502864   -0.707660
     14          1           0        2.189794    3.314829   -0.495366
     15          6           0        3.532470   -1.746962    0.255754
     16          1           0        4.377842   -1.215947    0.690416
     17          1           0        3.294796   -2.548061    0.958862
     18          6           0        3.942739   -2.352948   -1.099197
     19          1           0        4.250609   -1.572240   -1.798684
     20          1           0        4.781395   -3.038991   -0.959648
     21          1           0        3.122416   -2.911101   -1.556137
     22          6           0        3.811909    1.241941   -0.197943
     23          1           0        4.610475    0.514185   -0.441015
     24          1           0        3.797139    1.920001   -1.070216
     25          6           0        4.439557    1.923716    1.083360
     26          1           0        4.985254    2.829960    0.824612
     27          1           0        3.713575    2.182126    1.863816
     28          1           0        5.160470    1.234590    1.534546
     29          6           0       -3.840491    1.326705   -0.251330
     30          1           0       -3.735114    2.099639   -1.039178
     31          1           0       -4.544156    0.631952   -0.747364
     32          6           0       -4.360502    1.893573    1.103359
     33          1           0       -4.360759    1.103969    1.861982
     34          1           0       -3.736143    2.717325    1.466642
     35          1           0       -5.379369    2.283917    1.038548
     36          6           0       -3.585654   -1.643868    0.267739
     37          1           0       -4.432635   -1.072295    0.646508
     38          1           0       -3.375899   -2.402315    1.024594
     39          6           0       -3.975610   -2.324759   -1.058301
     40          1           0       -4.826918   -2.990284   -0.897850
     41          1           0       -4.256662   -1.584093   -1.810818
     42          1           0       -3.154520   -2.919215   -1.465176
     43          7           0        1.099096   -1.371786    0.261420
     44          7           0       -1.146386   -1.342895    0.231269
     45          6           0       -0.814801   -2.733020    0.638267
     46          1           0       -1.307673   -3.456763   -0.005364
     47          1           0       -1.128778   -2.891407    1.669406
     48          6           0        0.727387   -2.790054    0.493112
     49          1           0        1.033967   -3.395095   -0.359296
     50          1           0        1.201608   -3.168938    1.394932
 ---------------------------------------------------------------------
                    Distance matrix (angstroms):
                    1          2          3          4          5
     1  C    0.000000
     2  C    2.377403   0.000000
     3  C    2.822388   1.391781   0.000000
     4  C    2.452805   2.405613   1.420822   0.000000
     5  C    1.372909   2.748578   2.460436   1.447285   0.000000
     6  C    4.241186   2.405813   1.422868   2.521746   3.805771
     7  C    5.030051   2.758129   2.471311   3.813667   4.921758
     8  C    4.751323   2.381624   2.825595   4.242470   5.023552
     9  C    5.082620   3.664443   2.398638   2.853934   4.297857
    10  C    4.871321   4.119140   2.727747   2.422122   3.787294
    11  C    3.766676   3.664011   2.398642   1.403468   2.535305
    12  H    6.142169   4.564015   3.397974   3.933924   5.378618
    13  H    5.842056   5.203507   3.812228   3.395636   4.666113
    14  H    4.170590   4.562686   3.397733   2.167516   2.811791
    15  C    1.509803   3.717266   4.327077   3.874537   2.553895
    16  H    2.131938   4.466848   4.856293   4.139137   2.718789
    17  H    2.141624   3.914526   4.772965   4.562131   3.372714
    18  C    2.539417   4.474430   5.088989   4.655001   3.404503
    19  H    2.816688   4.758907   5.101669   4.461295   3.251502
    20  H    3.475298   5.465048   6.136521   5.673912   4.354779
    21  H    2.812178   4.211551   4.995135   4.840346   3.808397
    22  C    2.531440   4.270794   3.837015   2.537126   1.522712
    23  H    2.672596   4.794061   4.615777   3.445397   2.175927
    24  H    3.309469   4.734467   4.075522   2.710505   2.149309
    25  C    3.556667   5.228659   4.750004   3.471442   2.684905
    26  H    4.534490   6.124977   5.486887   4.125025   3.527228
    27  H    3.702896   4.993714   4.457568   3.318676   2.845546
    28  H    3.733401   5.684477   5.442193   4.269616   3.228553
    29  C    6.567380   4.317226   3.896670   5.118749   6.352640
    30  H    6.853129   4.759177   4.084601   5.129746   6.458138
    31  H    7.107049   4.782304   4.593783   5.890382   7.036676
    32  C    7.304444   5.130505   4.691220   5.819819   7.057561
    33  H    7.194247   5.004953   4.824231   6.022645   7.120688
    34  H    7.162795   5.195222   4.535778   5.465708   6.751710
    35  H    8.379963   6.182539   5.731564   6.840576   8.111941
    36  C    6.005528   3.716793   4.329251   5.741666   6.441796
    37  H    6.816089   4.475739   4.859804   6.271834   7.120681
    38  H    6.019133   3.910086   4.760230   6.119453   6.635147
    39  C    6.624803   4.461151   5.104364   6.472437   7.113185
    40  H    7.583372   5.451512   6.148950   7.528558   8.140185
    41  H    6.942288   4.750448   5.131287   6.465961   7.252900
    42  H    6.120736   4.187450   5.007959   6.285961   6.738817
    43  N    1.387767   1.341669   2.404785   2.787990   2.378887
    44  N    3.548220   1.342719   2.405410   3.665031   4.085484
    45  C    3.747790   2.308259   3.647751   4.684421   4.692764
    46  H    4.528818   3.105083   4.393618   5.476591   5.498134
    47  H    4.342931   2.965387   4.210580   5.248716   5.274791
    48  C    2.595017   2.310130   3.651624   4.254936   3.805003
    49  H    2.953891   2.985228   4.258114   4.768287   4.198625
    50  H    2.916658   3.091967   4.361440   4.819778   4.196166
                    6          7          8          9         10
     6  C    0.000000
     7  C    1.452762   0.000000
     8  C    2.450973   1.372398   0.000000
     9  C    1.406194   2.542238   3.768272   0.000000
    10  C    2.426500   3.795957   4.873391   1.395673   0.000000
    11  C    2.858482   4.308061   5.085080   2.452435   1.395363
    12  H    2.169174   2.816625   4.173061   1.081030   2.141438
    13  H    3.399824   4.673874   5.843981   2.137727   1.084506
    14  H    3.939035   5.389256   6.144529   3.416342   2.142809
    15  C    5.741563   6.451449   6.011417   6.583677   6.290656
    16  H    6.271939   7.125696   6.809930   6.951694   6.469276
    17  H    6.136436   6.655941   6.026837   7.112247   6.967283
    18  C    6.454509   7.120127   6.651587   7.287401   6.991283
    19  H    6.431252   7.248739   6.965636   7.092785   6.648402
    20  H    7.514352   8.150347   7.612003   8.353363   8.023789
    21  H    6.268674   6.750768   6.162145   7.224635   7.116078
    22  C    5.058040   6.302891   6.518003   5.237903   4.365474
    23  H    5.922744   7.076729   7.134478   6.225594   5.413043
    24  H    5.131324   6.458921   6.838358   5.092475   4.071665
    25  C    5.863863   7.128030   7.391708   5.899894   4.920419
    26  H    6.483051   7.827412   8.221771   6.305864   5.158463
    27  H    5.450702   6.676986   6.985067   5.461535   4.562879
    28  H    6.653320   7.826219   7.930196   6.834577   5.940508
    29  C    2.598169   1.559230   2.546234   3.038175   4.433479
    30  H    2.702627   2.156337   3.344200   2.700588   4.041849
    31  H    3.422897   2.171806   2.694074   3.999922   5.383006
    32  C    3.439497   2.608204   3.425373   3.655841   4.956583
    33  H    3.784278   2.804479   3.204708   4.285870   5.541646
    34  H    3.308777   2.939957   3.938608   3.205441   4.351319
    35  H    4.425707   3.565265   4.343276   4.486438   5.773881
    36  C    3.875412   2.554284   1.508888   5.093225   6.295873
    37  H    4.135156   2.711084   2.134061   5.166332   6.466007
    38  H    4.543721   3.358984   2.136820   5.828274   6.945854
    39  C    4.685465   3.430497   2.538482   5.852769   7.041011
    40  H    5.700744   4.376980   3.474753   6.842144   8.069829
    41  H    4.512872   3.293407   2.819717   5.506865   6.728098
    42  H    4.871590   3.835391   2.809053   6.117117   7.169917
    43  N    3.664897   4.093641   3.551066   4.801303   4.981518
    44  N    2.786407   2.383903   1.390468   4.189531   4.982496
    45  C    4.249476   3.807754   2.598030   5.642800   6.336170
    46  H    4.861614   4.230778   2.934448   6.262238   7.040293
    47  H    4.705664   4.161433   2.939235   6.069309   6.803657
    48  C    4.689552   4.704166   3.754222   5.974435   6.343208
    49  H    5.307077   5.320488   4.365168   6.569175   6.897647
    50  H    5.438746   5.482034   4.522935   6.682737   6.975834
                   11         12         13         14         15
    11  C    0.000000
    12  H    3.414999   0.000000
    13  H    2.137154   2.440010   0.000000
    14  H    1.081575   4.280477   2.441371   0.000000
    15  C    5.087026   7.647564   7.210684   5.290433   0.000000
    16  H    5.168966   8.027938   7.296423   5.169291   1.088835
    17  H    5.846566   8.145792   7.931441   6.140788   1.092066
    18  C    5.803501   8.334666   7.884943   5.963315   1.539946
    19  H    5.428717   8.135731   7.456202   5.461597   2.183339
    20  H    6.796038   9.406592   8.897367   6.877717   2.169414
    21  H    6.065275   8.224828   8.063425   6.384139   2.192331
    22  C    2.970512   6.284983   4.991336   2.648883   3.036028
    23  H    4.024856   7.285537   6.051327   3.702196   2.600071
    24  H    2.738234   6.085051   4.551070   2.204440   3.908307
    25  C    3.616039   6.886948   5.382746   3.080423   3.870609
    26  H    3.928303   7.229516   5.415717   3.129222   4.835534
    27  H    3.408656   6.400582   5.029075   3.028310   4.249281
    28  H    4.622483   7.843575   6.453421   4.156062   3.629785
    29  C    5.306135   2.710307   5.056603   6.354253   8.004068
    30  H    5.079886   2.134993   4.510640   6.072640   8.324120
    31  H    6.193821   3.683886   6.021099   7.253097   8.479231
    32  C    5.897795   3.179263   5.449412   6.890738   8.733323
    33  H    6.299635   4.020712   6.145383   7.304433   8.544638
    34  H    5.353557   2.691399   4.731177   6.270822   8.615616
    35  H    6.824461   3.815649   6.135325   7.791528   9.812320
    36  C    6.586870   5.299751   7.216636   7.650282   7.118881
    37  H    6.949945   5.167250   7.291646   8.025416   8.003172
    38  H    7.091182   6.124799   7.908208   8.122374   6.981846
    39  C    7.325274   6.022180   7.942718   8.374608   7.644073
    40  H    8.386902   6.935002   8.952069   9.441965   8.529714
    41  H    7.155998   5.552653   7.547653   8.202844   8.060262
    42  H    7.265426   6.445383   8.126685   8.268345   7.003685
    43  N    4.188406   5.775185   6.042736   4.871007   2.462133
    44  N    4.801886   4.873579   6.043856   5.775161   4.696335
    45  C    5.966798   6.351333   7.412701   6.847568   4.474080
    46  H    6.737292   6.896391   8.108033   7.637201   5.139902
    47  H    6.485122   6.717825   7.858560   7.363187   5.003539
    48  C    5.647899   6.857374   7.420502   6.354945   3.002144
    49  H    6.154223   7.456625   7.964485   6.810106   3.055674
    50  H    6.200958   7.579250   8.035139   6.825611   2.958489
                   16         17         18         19         20
    16  H    0.000000
    17  H    1.737693   0.000000
    18  C    2.164440   2.166449   0.000000
    19  H    2.517688   3.077314   1.092507   0.000000
    20  H    2.491798   2.476221   1.092461   1.771179   0.000000
    21  H    3.081662   2.546906   1.092364   1.767540   1.767587
    22  C    2.674075   3.996212   3.708450   3.267176   4.454938
    23  H    2.080292   3.614971   3.016543   2.515142   3.594893
    24  H    3.642968   4.932857   4.275528   3.596116   5.056935
    25  C    3.164759   4.617658   4.827033   4.534710   5.377658
    26  H    4.093449   5.639040   5.625870   5.176944   6.137567
    27  H    3.655819   4.834147   5.422071   5.272340   6.030941
    28  H    2.707433   4.256830   4.614098   4.451580   4.962681
    29  C    8.654072   8.209183   8.650861   8.732930   9.690094
    30  H    8.933346   8.660999   8.875729   8.822206   9.946998
    31  H    9.224098   8.629765   9.003377   9.127519  10.024309
    32  C    9.284303   8.851698   9.582693   9.725479  10.590583
    33  H    9.116892   8.529974   9.469263   9.732329  10.426154
    34  H    9.050409   8.798649   9.552823   9.635918  10.562694
    35  H   10.371760   9.929526  10.628837  10.754362  11.643335
    36  C    7.986178   6.973938   7.684270   8.104459   8.570902
    37  H    8.811757   7.873286   8.650691   9.034801   9.557509
    38  H    7.851092   6.672611   7.620721   8.174567   8.419265
    39  C    8.606256   7.548351   7.918505   8.293680   8.786637
    40  H    9.507811   8.342972   8.795091   9.231676   9.608635
    41  H    8.997020   8.100918   8.266058   8.507287   9.193894
    42  H    8.017741   6.899810   7.129213   7.534022   7.952901
    43  N    3.310362   2.586724   3.301555   3.770444   4.222547
    44  N    5.544729   4.658960   5.356261   5.770689   6.279618
    45  C    5.409969   4.126230   5.079116   5.739731   5.827895
    46  H    6.150646   4.789383   5.475555   6.136931   6.177535
    47  H    5.838532   4.493413   5.803049   6.534956   6.470228
    48  C    3.980272   2.620509   3.614553   4.375899   4.313637
    49  H    4.126994   2.750700   3.177180   3.967546   3.811882
    50  H    3.794599   2.226450   3.794775   4.695214   4.286701
                   21         22         23         24         25
    21  H    0.000000
    22  C    4.423556   0.000000
    23  H    3.897487   1.107438   0.000000
    24  H    4.902134   1.104918   1.741760   0.000000
    25  C    5.663680   1.581297   2.083197   2.247356   0.000000
    26  H    6.488290   2.223547   2.665536   2.414543   1.089042
    27  H    6.163319   2.268142   2.983069   2.946903   1.096785
    28  H    5.558124   2.195493   2.173550   3.018815   1.094613
    29  C    8.254913   7.653055   8.492054   7.704282   8.408152
    30  H    8.508847   7.642047   8.515886   7.534458   8.447566
    31  H    8.484319   8.396294   9.160511   8.446330   9.258904
    32  C    9.281803   8.300982   9.206857   8.442288   8.800133
    33  H    9.154356   8.429402   9.280877   8.707180   8.872643
    34  H    9.373164   7.868969   8.840758   7.988848   8.223064
    35  H   10.295676   9.332428  10.252708   9.422718   9.825633
    36  C    7.066160   7.954162   8.505061   8.306439   8.820256
    37  H    8.081563   8.604725   9.245402   8.923573   9.374578
    38  H    7.010502   8.151060   8.627639   8.632678   8.933049
    39  C    7.139581   8.608543   9.064298   8.856283   9.667021
    40  H    7.976937   9.645254  10.077419   9.925470  10.674275
    41  H    7.501773   8.699981   9.214404   8.814242   9.813522
    42  H    6.277600   8.212930   8.551741   8.479361   9.360503
    43  N    3.125193   3.794988   4.047232   4.459658   4.763885
    44  N    4.886385   5.608055   6.086226   6.064552   6.526834
    45  C    4.510965   6.156785   6.414266   6.770488   7.035025
    46  H    4.725287   6.951620   7.140217   7.490167   7.947675
    47  H    5.336400   6.706858   6.999354   7.410792   7.384797
    48  C    3.154400   5.123359   5.183528   5.835408   6.028949
    49  H    2.455259   5.407874   5.299109   6.032477   6.478353
    50  H    3.530551   5.367194   5.343825   6.221819   6.042890
                   26         27         28         29         30
    26  H    0.000000
    27  H    1.765447   0.000000
    28  H    1.754968   1.760610   0.000000
    29  C    9.017272   7.891102   9.176880   0.000000
    30  H    8.947173   7.994820   9.300741   1.108710   0.000000
    31  H    9.905149   8.798375   9.987494   1.106289   1.701120
    32  C    9.396683   8.114941   9.553485   1.557862   2.241437
    33  H    9.560498   8.145998   9.527753   2.187779   3.130419
    34  H    8.745721   7.479470   9.019580   2.212722   2.580828
    35  H   10.381201   9.130884  10.603552   2.224452   2.656027
    36  C    9.684302   8.394310   9.294354   3.026331   3.967899
    37  H   10.195879   8.856287   9.906462   2.629058   3.659131
    38  H    9.865373   8.484223   9.292832   3.968554   4.965459
    39  C   10.507786   9.379463  10.141981   3.742011   4.430971
    40  H   11.537800  10.359567  11.113687   4.475200   5.207622
    41  H   10.575555   9.550498  10.383584   3.328355   3.799648
    42  H   10.225070   9.180228   9.766856   4.468983   5.070252
    43  N    5.751006   4.693981   4.990872   5.651927   6.091957
    44  N    7.440549   6.221751   6.936742   3.823332   4.490723
    45  C    8.038787   6.794616   7.228354   5.140773   5.890386
    46  H    8.933794   7.778421   8.137382   5.418231   6.151004
    47  H    8.416003   7.016189   7.523077   5.369830   6.248196
    48  C    7.058603   5.959758   6.077382   6.194143   6.794919
    49  H    7.467638   6.574794   6.484493   6.787297   7.307427
    50  H    7.115337   5.929899   5.923102   6.952966   7.619319
                   31         32         33         34         35
    31  H    0.000000
    32  C    2.247353   0.000000
    33  H    2.658030   1.094981   0.000000
    34  H    3.146981   1.095612   1.774643   0.000000
    35  H    2.572169   1.093005   1.762920   1.752512   0.000000
    36  C    2.669928   3.716469   3.270017   4.525486   4.386235
    37  H    2.204490   3.001715   2.493726   3.939409   3.509154
    38  H    3.702896   4.407982   3.737004   5.151301   5.096554
    39  C    3.026890   4.755548   4.520240   5.644049   5.254256
    40  H    3.636371   5.298532   4.959525   6.273549   5.645532
    41  H    2.474762   4.538433   4.552579   5.432760   4.933646
    42  H    3.880352   5.587011   5.358265   6.380002   6.187986
    43  N    6.072800   6.417058   6.204932   6.446155   7.479211
    44  N    4.050010   4.643900   4.356439   4.971758   5.632372
    45  C    5.210672   5.847535   5.365984   6.239127   6.794495
    46  H    5.267160   6.259004   5.797292   6.795854   7.115045
    47  H    5.469885   5.801765   5.142550   6.188485   6.726774
    48  C    6.406096   6.942289   6.551828   7.155563   7.958338
    49  H    6.890803   7.694782   7.367410   7.965531   8.679633
    50  H    7.214568   7.526692   7.029637   7.683399   8.553940
                   36         37         38         39         40
    36  C    0.000000
    37  H    1.089742   0.000000
    38  H    1.091819   1.740285   0.000000
    39  C    1.540798   2.164234   2.168898   0.000000
    40  H    2.170753   2.493828   2.479305   1.092425   0.000000
    41  H    2.185000   2.516219   3.079739   1.092638   1.770896
    42  H    2.194398   3.082840   2.552479   1.092298   1.767435
    43  N    4.692649   5.553200   4.655106   5.329396   6.251487
    44  N    2.458037   3.323414   2.592772   3.260607   4.187496
    45  C    3.000195   3.980804   2.611099   3.610504   4.303827
    46  H    2.924102   3.984471   2.539731   3.083504   3.660495
    47  H    3.091482   3.907807   2.388419   3.983205   4.502979
    48  C    4.468429   5.440593   4.155692   4.974089   5.729326
    49  H    4.980048   6.024183   4.727334   5.170116   5.899482
    50  H    5.149202   6.058114   4.656010   5.790904   6.452278
                   41         42         43         44         45
    41  H    0.000000
    42  H    1.765428   0.000000
    43  N    5.746598   4.844473   0.000000
    44  N    3.728554   3.065178   2.245870   0.000000
    45  C    4.377723   3.151734   2.378649   1.485949   0.000000
    46  H    3.932314   2.414716   3.195441   2.133178   1.086733
    47  H    4.858465   3.732292   3.042219   2.113395   1.089456
    48  C    5.621670   4.349802   1.484363   2.381985   1.550054
    49  H    5.777318   4.358080   2.117383   3.051923   2.202594
    50  H    6.525433   5.217128   2.127231   3.193997   2.197378
                   46         47         48         49         50
    46  H    0.000000
    47  H    1.776650   0.000000
    48  C    2.198738   2.199838   0.000000
    49  H    2.369040   3.007790   1.089342   0.000000
    50  H    2.887934   2.362849   1.087068   1.776672   0.000000
 Stoichiometry    C21H27N2(1+)
 Framework group  C1[X(C21H27N2)]
 Deg. of freedom   144
 Full point group                 C1      NOp   1
 Largest Abelian subgroup         C1      NOp   1
 Largest concise Abelian subgroup C1      NOp   1
                         Standard orientation:                         
 ---------------------------------------------------------------------
 Center     Atomic      Atomic             Coordinates (Angstroms)
 Number     Number       Type             X           Y           Z
 ---------------------------------------------------------------------
      1          6           0        2.359425   -0.803294    0.141902
      2          6           0       -0.011782   -0.636988    0.099873
      3          6           0        0.009203    0.732446   -0.147645
      4          6           0        1.278094    1.365377   -0.237366
      5          6           0        2.461956    0.544584   -0.098082
      6          6           0       -1.243316    1.397586   -0.263129
      7          6           0       -2.459162    0.612080   -0.139787
      8          6           0       -2.391345   -0.732853    0.124845
      9          6           0       -1.185417    2.786762   -0.473418
     10          6           0        0.050868    3.429338   -0.554637
     11          6           0        1.266563    2.754212   -0.439179
     12          1           0       -2.089816    3.372718   -0.559117
     13          1           0        0.067579    4.502864   -0.707660
     14          1           0        2.189794    3.314829   -0.495366
     15          6           0        3.532470   -1.746962    0.255754
     16          1           0        4.377842   -1.215947    0.690416
     17          1           0        3.294796   -2.548061    0.958862
     18          6           0        3.942739   -2.352948   -1.099197
     19          1           0        4.250609   -1.572240   -1.798684
     20          1           0        4.781395   -3.038991   -0.959648
     21          1           0        3.122416   -2.911101   -1.556137
     22          6           0        3.811909    1.241941   -0.197943
     23          1           0        4.610475    0.514185   -0.441015
     24          1           0        3.797139    1.920001   -1.070216
     25          6           0        4.439557    1.923716    1.083360
     26          1           0        4.985254    2.829960    0.824612
     27          1           0        3.713575    2.182126    1.863816
     28          1           0        5.160470    1.234590    1.534546
     29          6           0       -3.840491    1.326705   -0.251330
     30          1           0       -3.735114    2.099639   -1.039178
     31          1           0       -4.544156    0.631952   -0.747364
     32          6           0       -4.360502    1.893573    1.103359
     33          1           0       -4.360759    1.103969    1.861982
     34          1           0       -3.736143    2.717325    1.466641
     35          1           0       -5.379369    2.283917    1.038548
     36          6           0       -3.585654   -1.643868    0.267739
     37          1           0       -4.432635   -1.072295    0.646508
     38          1           0       -3.375899   -2.402315    1.024594
     39          6           0       -3.975610   -2.324759   -1.058301
     40          1           0       -4.826918   -2.990284   -0.897850
     41          1           0       -4.256662   -1.584093   -1.810818
     42          1           0       -3.154520   -2.919215   -1.465176
     43          7           0        1.099096   -1.371786    0.261420
     44          7           0       -1.146386   -1.342895    0.231269
     45          6           0       -0.814801   -2.733020    0.638267
     46          1           0       -1.307673   -3.456763   -0.005364
     47          1           0       -1.128778   -2.891407    1.669406
     48          6           0        0.727387   -2.790054    0.493112
     49          1           0        1.033967   -3.395095   -0.359296
     50          1           0        1.201608   -3.168938    1.394932
 ---------------------------------------------------------------------
 Rotational constants (GHZ):      0.4001754      0.2107982      0.1476133
 Standard basis: 6-311++G(d,p) (5D, 7F)
 There are   695 symmetry adapted basis functions of A   symmetry.
 Integral buffers will be    262144 words long.
 Raffenetti 2 integral format.
 Two-electron integral symmetry is turned on.
   695 basis functions,  1071 primitive gaussians,   718 cartesian basis functions
    83 alpha electrons       83 beta electrons
       nuclear repulsion energy      1988.7410160060 Hartrees.
 NAtoms=   50 NActive=   50 NUniq=   50 SFac= 7.50D-01 NAtFMM=   80 NAOKFM=F Big=F
 ------------------------------------------------------------------------------
 Polarizable Continuum Model (PCM)
 =================================
 Model                : C-PCM.
 Atomic radii         : UFF (Universal Force Field).
 Polarization charges : Total charges.
 Charge compensation  : None.
 Solution method      : Matrix inversion.
 Cavity type          : Scaled VdW (van der Waals Surface) (Alpha=1.100).
 Cavity algorithm     : GePol (No added spheres)
                        Default sphere list used, NSphG=   50.
                        Lebedev-Laikov grids with approx.  5.0 points / Ang**2.
                        Smoothing algorithm: Karplus/York (Gamma=1.0000).
                        Polarization charges: spherical gaussians, with
                                              point-specific exponents (IZeta= 3).
                        Self-potential: point-specific (ISelfS= 7).
                        Self-field    : sphere-specific E.n sum rule (ISelfD= 2).
 1st derivatives      : Analytical E(r).r(x)/FMM algorithm (CHGder, D1EAlg=3).
                        Cavity 1st derivative terms included.
 Solvent              : Water, Eps=  78.355300 Eps(inf)=   1.777849
 ------------------------------------------------------------------------------
 One-electron integrals computed using PRISM.
 NBasis=   695 RedAO= T  NBF=   695
 NBsUse=   685 1.00D-06 NBFU=   685
 Harris functional with IExCor=  402 diagonalized for initial guess.
 ExpMin= 3.60D-02 ExpMax= 6.29D+03 ExpMxC= 9.49D+02 IAcc=3 IRadAn=         0 AccDes= 0.00D+00
 HarFok:  IExCor=  402 AccDes= 0.00D+00 IRadAn=         0 IDoV= 1
 ScaDFX=  1.000000  1.000000  1.000000  1.000000
 FoFCou: FMM=F IPFlag=           0 FMFlag=      100000 FMFlg1=           0
         NFxFlg=           0 DoJE=T BraDBF=F KetDBF=T FulRan=T
         Omega=  0.000000  0.000000  1.000000  0.000000  0.000000 ICntrl=     500 IOpCl=  0
         NMat0=    1 NMatS0=    1 NMatT0=    0 NMatD0=    1 NMtDS0=    0 NMtDT0=    0
         I1Cent=           4 NGrid=           0.
 Petite list used in FoFCou.
 Initial guess orbital symmetries:
 Alpha Orbitals:
       Occupied  (A) (A) (A) (A) (A) (A) (A) (A) (A) (A) (A) (A)
                 (A) (A) (A) (A) (A) (A) (A) (A) (A) (A) (A) (A)
                 (A) (A) (A) (A) (A) (A) (A) (A) (A) (A) (A) (A)
                 (A) (A) (A) (A) (A) (A) (A) (A) (A) (A) (A) (A)
                 (A) (A) (A) (A) (A) (A) (A) (A) (A) (A) (A) (A)
                 (A) (A) (A) (A) (A) (A) (A) (A) (A) (A) (A) (A)
                 (A) (A) (A) (A) (A) (A) (A) (A) (A) (A) (A)
       Virtual   (A) (A) (A) (A) (A) (A) (A) (A) (A) (A) (A) (A)
                 (A) (A) (A) (A) (A) (A) (A) (A) (A) (A) (A) (A)
                 (A) (A) (A) (A) (A) (A) (A) (A) (A) (A) (A) (A)
                 (A) (A) (A) (A) (A) (A) (A) (A) (A) (A) (A) (A)
                 (A) (A) (A) (A) (A) (A) (A) (A) (A) (A) (A) (A)
                 (A) (A) (A) (A) (A) (A) (A) (A) (A) (A) (A) (A)
                 (A) (A) (A) (A) (A) (A) (A) (A) (A) (A) (A) (A)
                 (A) (A) (A) (A) (A) (A) (A) (A) (A) (A) (A) (A)
                 (A) (A) (A) (A) (A) (A) (A) (A) (A) (A) (A) (A)
                 (A) (A) (A) (A) (A) (A) (A) (A) (A) (A) (A) (A)
                 (A) (A) (A) (A) (A) (A) (A) (A) (A) (A) (A) (A)
                 (A) (A) (A) (A) (A) (A) (A) (A) (A) (A) (A) (A)
                 (A) (A) (A) (A) (A) (A) (A) (A) (A) (A) (A) (A)
                 (A) (A) (A) (A) (A) (A) (A) (A) (A) (A) (A) (A)
                 (A) (A) (A) (A) (A) (A) (A) (A) (A) (A) (A) (A)
                 (A) (A) (A) (A) (A) (A) (A) (A) (A) (A) (A) (A)
                 (A) (A) (A) (A) (A) (A) (A) (A) (A) (A) (A) (A)
                 (A) (A) (A) (A) (A) (A) (A) (A) (A) (A) (A) (A)
                 (A) (A) (A) (A) (A) (A) (A) (A) (A) (A) (A) (A)
                 (A) (A) (A) (A) (A) (A) (A) (A) (A) (A) (A) (A)
                 (A) (A) (A) (A) (A) (A) (A) (A) (A) (A) (A) (A)
                 (A) (A) (A) (A) (A) (A) (A) (A) (A) (A) (A) (A)
                 (A) (A) (A) (A) (A) (A) (A) (A) (A) (A) (A) (A)
                 (A) (A) (A) (A) (A) (A) (A) (A) (A) (A) (A) (A)
                 (A) (A) (A) (A) (A) (A) (A) (A) (A) (A) (A) (A)
                 (A) (A) (A) (A) (A) (A) (A) (A) (A) (A) (A) (A)
                 (A) (A) (A) (A) (A) (A) (A) (A) (A) (A) (A) (A)
                 (A) (A) (A) (A) (A) (A) (A) (A) (A) (A) (A) (A)
                 (A) (A) (A) (A) (A) (A) (A) (A) (A) (A) (A) (A)
                 (A) (A) (A) (A) (A) (A) (A) (A) (A) (A) (A) (A)
                 (A) (A) (A) (A) (A) (A) (A) (A) (A) (A) (A) (A)
                 (A) (A) (A) (A) (A) (A) (A) (A) (A) (A) (A) (A)
                 (A) (A) (A) (A) (A) (A) (A) (A) (A) (A) (A) (A)
                 (A) (A) (A) (A) (A) (A) (A) (A) (A) (A) (A) (A)
                 (A) (A) (A) (A) (A) (A) (A) (A) (A) (A) (A) (A)
                 (A) (A) (A) (A) (A) (A) (A) (A) (A) (A) (A) (A)
                 (A) (A) (A) (A) (A) (A) (A) (A) (A) (A) (A) (A)
                 (A) (A) (A) (A) (A) (A) (A) (A) (A) (A) (A) (A)
                 (A) (A) (A) (A) (A) (A) (A) (A) (A) (A) (A) (A)
                 (A) (A) (A) (A) (A) (A) (A) (A) (A) (A) (A) (A)
                 (A) (A) (A) (A) (A) (A) (A) (A) (A) (A) (A) (A)
                 (A) (A) (A) (A) (A) (A) (A) (A) (A) (A) (A) (A)
                 (A) (A) (A) (A) (A) (A) (A) (A) (A) (A) (A) (A)
                 (A) (A) (A) (A) (A) (A) (A) (A) (A) (A) (A) (A)
                 (A) (A) (A) (A) (A) (A) (A) (A) (A) (A) (A) (A)
                 (A) (A) (A) (A) (A) (A) (A) (A) (A) (A) (A) (A)
                 (A) (A) (A) (A) (A) (A) (A) (A) (A) (A) (A) (A)
                 (A) (A) (A) (A) (A) (A) (A) (A) (A) (A) (A) (A)
                 (A) (A) (A) (A) (A) (A) (A) (A) (A) (A) (A) (A)
                 (A) (A) (A) (A) (A) (A) (A) (A) (A) (A) (A) (A)
                 (A) (A)
 Beta  Orbitals:
       Occupied  (A) (A) (A) (A) (A) (A) (A) (A) (A) (A) (A) (A)
                 (A) (A) (A) (A) (A) (A) (A) (A) (A) (A) (A) (A)
                 (A) (A) (A) (A) (A) (A) (A) (A) (A) (A) (A) (A)
                 (A) (A) (A) (A) (A) (A) (A) (A) (A) (A) (A) (A)
                 (A) (A) (A) (A) (A) (A) (A) (A) (A) (A) (A) (A)
                 (A) (A) (A) (A) (A) (A) (A) (A) (A) (A) (A) (A)
                 (A) (A) (A) (A) (A) (A) (A) (A) (A) (A) (A)
       Virtual   (A) (A) (A) (A) (A) (A) (A) (A) (A) (A) (A) (A)
                 (A) (A) (A) (A) (A) (A) (A) (A) (A) (A) (A) (A)
                 (A) (A) (A) (A) (A) (A) (A) (A) (A) (A) (A) (A)
                 (A) (A) (A) (A) (A) (A) (A) (A) (A) (A) (A) (A)
                 (A) (A) (A) (A) (A) (A) (A) (A) (A) (A) (A) (A)
                 (A) (A) (A) (A) (A) (A) (A) (A) (A) (A) (A) (A)
                 (A) (A) (A) (A) (A) (A) (A) (A) (A) (A) (A) (A)
                 (A) (A) (A) (A) (A) (A) (A) (A) (A) (A) (A) (A)
                 (A) (A) (A) (A) (A) (A) (A) (A) (A) (A) (A) (A)
                 (A) (A) (A) (A) (A) (A) (A) (A) (A) (A) (A) (A)
                 (A) (A) (A) (A) (A) (A) (A) (A) (A) (A) (A) (A)
                 (A) (A) (A) (A) (A) (A) (A) (A) (A) (A) (A) (A)
                 (A) (A) (A) (A) (A) (A) (A) (A) (A) (A) (A) (A)
                 (A) (A) (A) (A) (A) (A) (A) (A) (A) (A) (A) (A)
                 (A) (A) (A) (A) (A) (A) (A) (A) (A) (A) (A) (A)
                 (A) (A) (A) (A) (A) (A) (A) (A) (A) (A) (A) (A)
                 (A) (A) (A) (A) (A) (A) (A) (A) (A) (A) (A) (A)
                 (A) (A) (A) (A) (A) (A) (A) (A) (A) (A) (A) (A)
                 (A) (A) (A) (A) (A) (A) (A) (A) (A) (A) (A) (A)
                 (A) (A) (A) (A) (A) (A) (A) (A) (A) (A) (A) (A)
                 (A) (A) (A) (A) (A) (A) (A) (A) (A) (A) (A) (A)
                 (A) (A) (A) (A) (A) (A) (A) (A) (A) (A) (A) (A)
                 (A) (A) (A) (A) (A) (A) (A) (A) (A) (A) (A) (A)
                 (A) (A) (A) (A) (A) (A) (A) (A) (A) (A) (A) (A)
                 (A) (A) (A) (A) (A) (A) (A) (A) (A) (A) (A) (A)
                 (A) (A) (A) (A) (A) (A) (A) (A) (A) (A) (A) (A)
                 (A) (A) (A) (A) (A) (A) (A) (A) (A) (A) (A) (A)
                 (A) (A) (A) (A) (A) (A) (A) (A) (A) (A) (A) (A)
                 (A) (A) (A) (A) (A) (A) (A) (A) (A) (A) (A) (A)
                 (A) (A) (A) (A) (A) (A) (A) (A) (A) (A) (A) (A)
                 (A) (A) (A) (A) (A) (A) (A) (A) (A) (A) (A) (A)
                 (A) (A) (A) (A) (A) (A) (A) (A) (A) (A) (A) (A)
                 (A) (A) (A) (A) (A) (A) (A) (A) (A) (A) (A) (A)
                 (A) (A) (A) (A) (A) (A) (A) (A) (A) (A) (A) (A)
                 (A) (A) (A) (A) (A) (A) (A) (A) (A) (A) (A) (A)
                 (A) (A) (A) (A) (A) (A) (A) (A) (A) (A) (A) (A)
                 (A) (A) (A) (A) (A) (A) (A) (A) (A) (A) (A) (A)
                 (A) (A) (A) (A) (A) (A) (A) (A) (A) (A) (A) (A)
                 (A) (A) (A) (A) (A) (A) (A) (A) (A) (A) (A) (A)
                 (A) (A) (A) (A) (A) (A) (A) (A) (A) (A) (A) (A)
                 (A) (A) (A) (A) (A) (A) (A) (A) (A) (A) (A) (A)
                 (A) (A) (A) (A) (A) (A) (A) (A) (A) (A) (A) (A)
                 (A) (A) (A) (A) (A) (A) (A) (A) (A) (A) (A) (A)
                 (A) (A) (A) (A) (A) (A) (A) (A) (A) (A) (A) (A)
                 (A) (A) (A) (A) (A) (A) (A) (A) (A) (A) (A) (A)
                 (A) (A) (A) (A) (A) (A) (A) (A) (A) (A) (A) (A)
                 (A) (A) (A) (A) (A) (A) (A) (A) (A) (A) (A) (A)
                 (A) (A) (A) (A) (A) (A) (A) (A) (A) (A) (A) (A)
                 (A) (A) (A) (A) (A) (A) (A) (A) (A) (A) (A) (A)
                 (A) (A) (A) (A) (A) (A) (A) (A) (A) (A) (A) (A)
                 (A) (A)
 The electronic state of the initial guess is 1-A.
 Initial guess <Sx>= 0.0000 <Sy>= 0.0000 <Sz>= 0.0000 <S**2>= 0.0000 S= 0.0000
 Requested convergence on RMS density matrix=1.00D-08 within 128 cycles.
 Requested convergence on MAX density matrix=1.00D-06.
 Requested convergence on             energy=1.00D-06.
 No special actions if energy rises.
 Error on total polarization charges =  0.01803
 SCF Done:  E(UB3LYP) =  -926.120442901     A.U. after   15 cycles
             Convg  =    0.1935D-08             -V/T =  2.0050
 <Sx>= 0.0000 <Sy>= 0.0000 <Sz>= 0.0000 <S**2>= 0.0000 S= 0.0000
 <L.S>= 0.000000000000E+00
 Annihilation of the first spin contaminant:
 S**2 before annihilation     0.0000,   after     0.0000
 DiagDN has N=   695 LTot=  2117 but NE2=     3 cannot use DSYEVD.

 **********************************************************************

            Population analysis using the SCF density.

 **********************************************************************

 Orbital symmetries:
 Alpha Orbitals:
       Occupied  (A) (A) (A) (A) (A) (A) (A) (A) (A) (A) (A) (A)
                 (A) (A) (A) (A) (A) (A) (A) (A) (A) (A) (A) (A)
                 (A) (A) (A) (A) (A) (A) (A) (A) (A) (A) (A) (A)
                 (A) (A) (A) (A) (A) (A) (A) (A) (A) (A) (A) (A)
                 (A) (A) (A) (A) (A) (A) (A) (A) (A) (A) (A) (A)
                 (A) (A) (A) (A) (A) (A) (A) (A) (A) (A) (A) (A)
                 (A) (A) (A) (A) (A) (A) (A) (A) (A) (A) (A)
       Virtual   (A) (A) (A) (A) (A) (A) (A) (A) (A) (A) (A) (A)
                 (A) (A) (A) (A) (A) (A) (A) (A) (A) (A) (A) (A)
                 (A) (A) (A) (A) (A) (A) (A) (A) (A) (A) (A) (A)
                 (A) (A) (A) (A) (A) (A) (A) (A) (A) (A) (A) (A)
                 (A) (A) (A) (A) (A) (A) (A) (A) (A) (A) (A) (A)
                 (A) (A) (A) (A) (A) (A) (A) (A) (A) (A) (A) (A)
                 (A) (A) (A) (A) (A) (A) (A) (A) (A) (A) (A) (A)
                 (A) (A) (A) (A) (A) (A) (A) (A) (A) (A) (A) (A)
                 (A) (A) (A) (A) (A) (A) (A) (A) (A) (A) (A) (A)
                 (A) (A) (A) (A) (A) (A) (A) (A) (A) (A) (A) (A)
                 (A) (A) (A) (A) (A) (A) (A) (A) (A) (A) (A) (A)
                 (A) (A) (A) (A) (A) (A) (A) (A) (A) (A) (A) (A)
                 (A) (A) (A) (A) (A) (A) (A) (A) (A) (A) (A) (A)
                 (A) (A) (A) (A) (A) (A) (A) (A) (A) (A) (A) (A)
                 (A) (A) (A) (A) (A) (A) (A) (A) (A) (A) (A) (A)
                 (A) (A) (A) (A) (A) (A) (A) (A) (A) (A) (A) (A)
                 (A) (A) (A) (A) (A) (A) (A) (A) (A) (A) (A) (A)
                 (A) (A) (A) (A) (A) (A) (A) (A) (A) (A) (A) (A)
                 (A) (A) (A) (A) (A) (A) (A) (A) (A) (A) (A) (A)
                 (A) (A) (A) (A) (A) (A) (A) (A) (A) (A) (A) (A)
                 (A) (A) (A) (A) (A) (A) (A) (A) (A) (A) (A) (A)
                 (A) (A) (A) (A) (A) (A) (A) (A) (A) (A) (A) (A)
                 (A) (A) (A) (A) (A) (A) (A) (A) (A) (A) (A) (A)
                 (A) (A) (A) (A) (A) (A) (A) (A) (A) (A) (A) (A)
                 (A) (A) (A) (A) (A) (A) (A) (A) (A) (A) (A) (A)
                 (A) (A) (A) (A) (A) (A) (A) (A) (A) (A) (A) (A)
                 (A) (A) (A) (A) (A) (A) (A) (A) (A) (A) (A) (A)
                 (A) (A) (A) (A) (A) (A) (A) (A) (A) (A) (A) (A)
                 (A) (A) (A) (A) (A) (A) (A) (A) (A) (A) (A) (A)
                 (A) (A) (A) (A) (A) (A) (A) (A) (A) (A) (A) (A)
                 (A) (A) (A) (A) (A) (A) (A) (A) (A) (A) (A) (A)
                 (A) (A) (A) (A) (A) (A) (A) (A) (A) (A) (A) (A)
                 (A) (A) (A) (A) (A) (A) (A) (A) (A) (A) (A) (A)
                 (A) (A) (A) (A) (A) (A) (A) (A) (A) (A) (A) (A)
                 (A) (A) (A) (A) (A) (A) (A) (A) (A) (A) (A) (A)
                 (A) (A) (A) (A) (A) (A) (A) (A) (A) (A) (A) (A)
                 (A) (A) (A) (A) (A) (A) (A) (A) (A) (A) (A) (A)
                 (A) (A) (A) (A) (A) (A) (A) (A) (A) (A) (A) (A)
                 (A) (A) (A) (A) (A) (A) (A) (A) (A) (A) (A) (A)
                 (A) (A) (A) (A) (A) (A) (A) (A) (A) (A) (A) (A)
                 (A) (A) (A) (A) (A) (A) (A) (A) (A) (A) (A) (A)
                 (A) (A) (A) (A) (A) (A) (A) (A) (A) (A) (A) (A)
                 (A) (A) (A) (A) (A) (A) (A) (A) (A) (A) (A) (A)
                 (A) (A) (A) (A) (A) (A) (A) (A) (A) (A) (A) (A)
                 (A) (A) (A) (A) (A) (A) (A) (A) (A) (A) (A) (A)
                 (A) (A) (A) (A) (A) (A) (A) (A) (A) (A) (A) (A)
                 (A) (A) (A) (A) (A) (A) (A) (A) (A) (A) (A) (A)
                 (A) (A) (A) (A) (A) (A) (A) (A) (A) (A) (A) (A)
                 (A) (A) (A) (A) (A) (A) (A) (A) (A) (A) (A) (A)
                 (A) (A) (A) (A) (A) (A) (A) (A) (A) (A) (A) (A)
                 (A) (A)
 Beta  Orbitals:
       Occupied  (A) (A) (A) (A) (A) (A) (A) (A) (A) (A) (A) (A)
                 (A) (A) (A) (A) (A) (A) (A) (A) (A) (A) (A) (A)
                 (A) (A) (A) (A) (A) (A) (A) (A) (A) (A) (A) (A)
                 (A) (A) (A) (A) (A) (A) (A) (A) (A) (A) (A) (A)
                 (A) (A) (A) (A) (A) (A) (A) (A) (A) (A) (A) (A)
                 (A) (A) (A) (A) (A) (A) (A) (A) (A) (A) (A) (A)
                 (A) (A) (A) (A) (A) (A) (A) (A) (A) (A) (A)
       Virtual   (A) (A) (A) (A) (A) (A) (A) (A) (A) (A) (A) (A)
                 (A) (A) (A) (A) (A) (A) (A) (A) (A) (A) (A) (A)
                 (A) (A) (A) (A) (A) (A) (A) (A) (A) (A) (A) (A)
                 (A) (A) (A) (A) (A) (A) (A) (A) (A) (A) (A) (A)
                 (A) (A) (A) (A) (A) (A) (A) (A) (A) (A) (A) (A)
                 (A) (A) (A) (A) (A) (A) (A) (A) (A) (A) (A) (A)
                 (A) (A) (A) (A) (A) (A) (A) (A) (A) (A) (A) (A)
                 (A) (A) (A) (A) (A) (A) (A) (A) (A) (A) (A) (A)
                 (A) (A) (A) (A) (A) (A) (A) (A) (A) (A) (A) (A)
                 (A) (A) (A) (A) (A) (A) (A) (A) (A) (A) (A) (A)
                 (A) (A) (A) (A) (A) (A) (A) (A) (A) (A) (A) (A)
                 (A) (A) (A) (A) (A) (A) (A) (A) (A) (A) (A) (A)
                 (A) (A) (A) (A) (A) (A) (A) (A) (A) (A) (A) (A)
                 (A) (A) (A) (A) (A) (A) (A) (A) (A) (A) (A) (A)
                 (A) (A) (A) (A) (A) (A) (A) (A) (A) (A) (A) (A)
                 (A) (A) (A) (A) (A) (A) (A) (A) (A) (A) (A) (A)
                 (A) (A) (A) (A) (A) (A) (A) (A) (A) (A) (A) (A)
                 (A) (A) (A) (A) (A) (A) (A) (A) (A) (A) (A) (A)
                 (A) (A) (A) (A) (A) (A) (A) (A) (A) (A) (A) (A)
                 (A) (A) (A) (A) (A) (A) (A) (A) (A) (A) (A) (A)
                 (A) (A) (A) (A) (A) (A) (A) (A) (A) (A) (A) (A)
                 (A) (A) (A) (A) (A) (A) (A) (A) (A) (A) (A) (A)
                 (A) (A) (A) (A) (A) (A) (A) (A) (A) (A) (A) (A)
                 (A) (A) (A) (A) (A) (A) (A) (A) (A) (A) (A) (A)
                 (A) (A) (A) (A) (A) (A) (A) (A) (A) (A) (A) (A)
                 (A) (A) (A) (A) (A) (A) (A) (A) (A) (A) (A) (A)
                 (A) (A) (A) (A) (A) (A) (A) (A) (A) (A) (A) (A)
                 (A) (A) (A) (A) (A) (A) (A) (A) (A) (A) (A) (A)
                 (A) (A) (A) (A) (A) (A) (A) (A) (A) (A) (A) (A)
                 (A) (A) (A) (A) (A) (A) (A) (A) (A) (A) (A) (A)
                 (A) (A) (A) (A) (A) (A) (A) (A) (A) (A) (A) (A)
                 (A) (A) (A) (A) (A) (A) (A) (A) (A) (A) (A) (A)
                 (A) (A) (A) (A) (A) (A) (A) (A) (A) (A) (A) (A)
                 (A) (A) (A) (A) (A) (A) (A) (A) (A) (A) (A) (A)
                 (A) (A) (A) (A) (A) (A) (A) (A) (A) (A) (A) (A)
                 (A) (A) (A) (A) (A) (A) (A) (A) (A) (A) (A) (A)
                 (A) (A) (A) (A) (A) (A) (A) (A) (A) (A) (A) (A)
                 (A) (A) (A) (A) (A) (A) (A) (A) (A) (A) (A) (A)
                 (A) (A) (A) (A) (A) (A) (A) (A) (A) (A) (A) (A)
                 (A) (A) (A) (A) (A) (A) (A) (A) (A) (A) (A) (A)
                 (A) (A) (A) (A) (A) (A) (A) (A) (A) (A) (A) (A)
                 (A) (A) (A) (A) (A) (A) (A) (A) (A) (A) (A) (A)
                 (A) (A) (A) (A) (A) (A) (A) (A) (A) (A) (A) (A)
                 (A) (A) (A) (A) (A) (A) (A) (A) (A) (A) (A) (A)
                 (A) (A) (A) (A) (A) (A) (A) (A) (A) (A) (A) (A)
                 (A) (A) (A) (A) (A) (A) (A) (A) (A) (A) (A) (A)
                 (A) (A) (A) (A) (A) (A) (A) (A) (A) (A) (A) (A)
                 (A) (A) (A) (A) (A) (A) (A) (A) (A) (A) (A) (A)
                 (A) (A) (A) (A) (A) (A) (A) (A) (A) (A) (A) (A)
                 (A) (A) (A) (A) (A) (A) (A) (A) (A) (A) (A) (A)
                 (A) (A)
 The electronic state is 1-A.
 Alpha  occ. eigenvalues --  -14.41086 -14.41015 -10.29648 -10.25320 -10.25234
 Alpha  occ. eigenvalues --  -10.25143 -10.25121 -10.22180 -10.22134 -10.21999
 Alpha  occ. eigenvalues --  -10.20726 -10.20638 -10.19970 -10.19544 -10.19516
 Alpha  occ. eigenvalues --  -10.19224 -10.19064 -10.19028 -10.18865 -10.17413
 Alpha  occ. eigenvalues --  -10.17382 -10.17092 -10.16947  -1.07893  -0.99172
 Alpha  occ. eigenvalues --   -0.90846  -0.85405  -0.84376  -0.83195  -0.80028
 Alpha  occ. eigenvalues --   -0.78784  -0.76985  -0.75961  -0.74983  -0.73859
 Alpha  occ. eigenvalues --   -0.69302  -0.68552  -0.67099  -0.66659  -0.64150
 Alpha  occ. eigenvalues --   -0.63603  -0.61387  -0.60982  -0.57885  -0.56816
 Alpha  occ. eigenvalues --   -0.54934  -0.54532  -0.52155  -0.50495  -0.50151
 Alpha  occ. eigenvalues --   -0.47337  -0.47008  -0.46937  -0.46583  -0.45649
 Alpha  occ. eigenvalues --   -0.45159  -0.44783  -0.44552  -0.44041  -0.43495
 Alpha  occ. eigenvalues --   -0.43229  -0.42551  -0.42132  -0.40817  -0.40572
 Alpha  occ. eigenvalues --   -0.39744  -0.39407  -0.38861  -0.38787  -0.37965
 Alpha  occ. eigenvalues --   -0.37360  -0.36958  -0.36358  -0.36217  -0.36084
 Alpha  occ. eigenvalues --   -0.35186  -0.35057  -0.34604  -0.33892  -0.30440
 Alpha  occ. eigenvalues --   -0.29237  -0.28192  -0.21141
 Alpha virt. eigenvalues --   -0.07331  -0.05821  -0.04583  -0.01439  -0.00605
 Alpha virt. eigenvalues --   -0.00344   0.00280   0.00928   0.01075   0.01437
 Alpha virt. eigenvalues --    0.01728   0.02166   0.02615   0.02747   0.03182
 Alpha virt. eigenvalues --    0.03572   0.03870   0.04061   0.04415   0.04724
 Alpha virt. eigenvalues --    0.04863   0.05198   0.05311   0.06055   0.06236
 Alpha virt. eigenvalues --    0.06410   0.06625   0.06798   0.07180   0.07258
 Alpha virt. eigenvalues --    0.07466   0.07814   0.08071   0.08408   0.09101
 Alpha virt. eigenvalues --    0.09319   0.09680   0.09835   0.09907   0.10368
 Alpha virt. eigenvalues --    0.10426   0.10908   0.11049   0.11193   0.11560
 Alpha virt. eigenvalues --    0.11759   0.11989   0.12149   0.12294   0.12516
 Alpha virt. eigenvalues --    0.12761   0.12910   0.13031   0.13182   0.13396
 Alpha virt. eigenvalues --    0.13678   0.13842   0.14015   0.14189   0.14385
 Alpha virt. eigenvalues --    0.14707   0.14802   0.14999   0.15132   0.15405
 Alpha virt. eigenvalues --    0.15468   0.15752   0.15852   0.16051   0.16194
 Alpha virt. eigenvalues --    0.16448   0.16687   0.16707   0.16854   0.17206
 Alpha virt. eigenvalues --    0.17347   0.17628   0.17811   0.17999   0.18182
 Alpha virt. eigenvalues --    0.18424   0.18515   0.18936   0.19289   0.19361
 Alpha virt. eigenvalues --    0.19422   0.19646   0.19829   0.19882   0.20508
 Alpha virt. eigenvalues --    0.20679   0.20953   0.21165   0.21328   0.21532
 Alpha virt. eigenvalues --    0.21687   0.22100   0.22349   0.22452   0.22896
 Alpha virt. eigenvalues --    0.23127   0.23487   0.23829   0.24316   0.24377
 Alpha virt. eigenvalues --    0.24671   0.25247   0.25271   0.25838   0.26008
 Alpha virt. eigenvalues --    0.26352   0.26389   0.26727   0.27038   0.27223
 Alpha virt. eigenvalues --    0.27343   0.27738   0.27942   0.28403   0.28752
 Alpha virt. eigenvalues --    0.28987   0.29235   0.29579   0.29789   0.30021
 Alpha virt. eigenvalues --    0.30273   0.30910   0.31072   0.31458   0.31660
 Alpha virt. eigenvalues --    0.31812   0.32184   0.32481   0.32497   0.32606
 Alpha virt. eigenvalues --    0.33238   0.33442   0.33645   0.34044   0.34344
 Alpha virt. eigenvalues --    0.34350   0.34884   0.34899   0.35045   0.35886
 Alpha virt. eigenvalues --    0.35896   0.36507   0.36770   0.37012   0.37278
 Alpha virt. eigenvalues --    0.37930   0.38217   0.38950   0.39252   0.39699
 Alpha virt. eigenvalues --    0.41356   0.41637   0.42470   0.43329   0.43969
 Alpha virt. eigenvalues --    0.44508   0.45259   0.46337   0.47181   0.48092
 Alpha virt. eigenvalues --    0.48294   0.49174   0.49820   0.50066   0.50773
 Alpha virt. eigenvalues --    0.50872   0.51221   0.52513   0.52763   0.53125
 Alpha virt. eigenvalues --    0.53158   0.54245   0.54697   0.55436   0.55577
 Alpha virt. eigenvalues --    0.56395   0.56631   0.56748   0.56840   0.57620
 Alpha virt. eigenvalues --    0.58105   0.58733   0.59029   0.59546   0.60379
 Alpha virt. eigenvalues --    0.61117   0.61586   0.61919   0.62429   0.62731
 Alpha virt. eigenvalues --    0.63521   0.63565   0.63856   0.64132   0.64295
 Alpha virt. eigenvalues --    0.65563   0.65954   0.66209   0.66455   0.66760
 Alpha virt. eigenvalues --    0.67175   0.67444   0.67666   0.67999   0.68401
 Alpha virt. eigenvalues --    0.68541   0.69271   0.69404   0.69579   0.70245
 Alpha virt. eigenvalues --    0.70498   0.70699   0.71269   0.71438   0.72176
 Alpha virt. eigenvalues --    0.72336   0.72661   0.73207   0.73523   0.74123
 Alpha virt. eigenvalues --    0.74182   0.74432   0.74786   0.75273   0.75641
 Alpha virt. eigenvalues --    0.76261   0.76739   0.77103   0.77177   0.77949
 Alpha virt. eigenvalues --    0.78060   0.78328   0.79040   0.79623   0.79883
 Alpha virt. eigenvalues --    0.80690   0.81153   0.81802   0.82576   0.83107
 Alpha virt. eigenvalues --    0.84381   0.85904   0.86540   0.87746   0.88143
 Alpha virt. eigenvalues --    0.89069   0.89505   0.90100   0.91537   0.92103
 Alpha virt. eigenvalues --    0.92570   0.93556   0.94018   0.94863   0.95948
 Alpha virt. eigenvalues --    0.95954   0.97170   0.97375   0.98185   0.98420
 Alpha virt. eigenvalues --    0.99045   1.00026   1.00477   1.00853   1.01567
 Alpha virt. eigenvalues --    1.03060   1.03695   1.04157   1.05894   1.06625
 Alpha virt. eigenvalues --    1.07190   1.08117   1.08920   1.09564   1.10096
 Alpha virt. eigenvalues --    1.11057   1.11867   1.11959   1.13968   1.14646
 Alpha virt. eigenvalues --    1.17455   1.18959   1.19931   1.20508   1.21872
 Alpha virt. eigenvalues --    1.23048   1.24333   1.25871   1.26771   1.27332
 Alpha virt. eigenvalues --    1.28631   1.29271   1.31300   1.31588   1.32258
 Alpha virt. eigenvalues --    1.33283   1.34251   1.37816   1.38784   1.39447
 Alpha virt. eigenvalues --    1.40386   1.42138   1.42985   1.43680   1.44715
 Alpha virt. eigenvalues --    1.45553   1.45748   1.46684   1.47073   1.48278
 Alpha virt. eigenvalues --    1.48587   1.49254   1.49822   1.50057   1.50189
 Alpha virt. eigenvalues --    1.50644   1.51105   1.52200   1.52888   1.53504
 Alpha virt. eigenvalues --    1.54454   1.54831   1.55377   1.56561   1.56902
 Alpha virt. eigenvalues --    1.57470   1.57837   1.58481   1.58870   1.59160
 Alpha virt. eigenvalues --    1.59658   1.60145   1.60579   1.61195   1.61598
 Alpha virt. eigenvalues --    1.61772   1.62199   1.62691   1.63327   1.63483
 Alpha virt. eigenvalues --    1.64316   1.64965   1.65448   1.66181   1.66485
 Alpha virt. eigenvalues --    1.66896   1.67618   1.68214   1.68575   1.68991
 Alpha virt. eigenvalues --    1.69271   1.70426   1.70921   1.72030   1.72838
 Alpha virt. eigenvalues --    1.73785   1.75043   1.75264   1.75799   1.76363
 Alpha virt. eigenvalues --    1.77158   1.77241   1.77821   1.78684   1.79457
 Alpha virt. eigenvalues --    1.80262   1.81117   1.82351   1.82619   1.83574
 Alpha virt. eigenvalues --    1.83905   1.85225   1.86084   1.87504   1.87687
 Alpha virt. eigenvalues --    1.88197   1.90097   1.90782   1.92173   1.92551
 Alpha virt. eigenvalues --    1.93200   1.94014   1.94406   1.94850   1.95294
 Alpha virt. eigenvalues --    1.96715   1.97290   1.99850   2.00155   2.00511
 Alpha virt. eigenvalues --    2.01390   2.02306   2.03235   2.03786   2.04093
 Alpha virt. eigenvalues --    2.04549   2.05446   2.06783   2.07253   2.08540
 Alpha virt. eigenvalues --    2.10633   2.11218   2.11989   2.12618   2.13157
 Alpha virt. eigenvalues --    2.14277   2.15049   2.15696   2.16532   2.16728
 Alpha virt. eigenvalues --    2.18067   2.18764   2.20624   2.21868   2.22369
 Alpha virt. eigenvalues --    2.23886   2.24466   2.25471   2.26772   2.27386
 Alpha virt. eigenvalues --    2.28303   2.28826   2.29001   2.31020   2.32175
 Alpha virt. eigenvalues --    2.33158   2.34253   2.34860   2.36055   2.37900
 Alpha virt. eigenvalues --    2.38288   2.39928   2.40638   2.41304   2.42250
 Alpha virt. eigenvalues --    2.45380   2.47463   2.48212   2.48762   2.49426
 Alpha virt. eigenvalues --    2.49905   2.50176   2.50950   2.52051   2.52621
 Alpha virt. eigenvalues --    2.53504   2.54077   2.54388   2.55480   2.57029
 Alpha virt. eigenvalues --    2.57145   2.57620   2.58500   2.59170   2.59575
 Alpha virt. eigenvalues --    2.59842   2.60838   2.61345   2.61792   2.62492
 Alpha virt. eigenvalues --    2.63325   2.64234   2.64870   2.65453   2.65883
 Alpha virt. eigenvalues --    2.66466   2.67127   2.68243   2.69086   2.69439
 Alpha virt. eigenvalues --    2.70598   2.70985   2.72342   2.73137   2.73440
 Alpha virt. eigenvalues --    2.74805   2.75400   2.76556   2.77368   2.77687
 Alpha virt. eigenvalues --    2.78146   2.78844   2.79424   2.80020   2.80558
 Alpha virt. eigenvalues --    2.80952   2.81733   2.82241   2.83091   2.84087
 Alpha virt. eigenvalues --    2.85061   2.85939   2.87034   2.87997   2.88904
 Alpha virt. eigenvalues --    2.89588   2.90354   2.90899   2.91850   2.92856
 Alpha virt. eigenvalues --    2.93225   2.95068   2.97058   2.97994   2.99580
 Alpha virt. eigenvalues --    3.00180   3.00554   3.01513   3.03796   3.07061
 Alpha virt. eigenvalues --    3.08717   3.10004   3.11796   3.13563   3.15117
 Alpha virt. eigenvalues --    3.17151   3.20456   3.22036   3.24341   3.24992
 Alpha virt. eigenvalues --    3.27391   3.28698   3.29714   3.32250   3.33342
 Alpha virt. eigenvalues --    3.37047   3.38627   3.42016   3.43010   3.46273
 Alpha virt. eigenvalues --    3.53544   3.56918   3.58223   3.59081   3.65779
 Alpha virt. eigenvalues --    3.67528   3.70721   3.71119   3.73925   3.77508
 Alpha virt. eigenvalues --    3.78528   3.79327   3.80673   3.81340   3.81652
 Alpha virt. eigenvalues --    3.81819   3.82838   3.84579   3.86610   3.89166
 Alpha virt. eigenvalues --    3.91040   3.92805   3.93688   3.96586   3.98928
 Alpha virt. eigenvalues --    4.02366   4.03983   4.05125   4.13947   4.15035
 Alpha virt. eigenvalues --    4.20034   4.21154   4.22071   4.25837   4.29945
 Alpha virt. eigenvalues --    4.33569   4.39777   4.43105   4.61258   4.78934
 Alpha virt. eigenvalues --    4.81287   5.04144   5.18000   5.34102  23.54149
 Alpha virt. eigenvalues --   23.73678  23.78106  23.84195  23.85371  23.87060
 Alpha virt. eigenvalues --   23.88854  23.89769  23.90765  23.92705  23.94712
 Alpha virt. eigenvalues --   23.97830  23.99181  23.99456  24.00714  24.00776
 Alpha virt. eigenvalues --   24.05132  24.05645  24.10786  24.10952  24.15449
 Alpha virt. eigenvalues --   35.54292  35.71208
  Beta  occ. eigenvalues --  -14.41086 -14.41015 -10.29648 -10.25320 -10.25234
  Beta  occ. eigenvalues --  -10.25143 -10.25121 -10.22180 -10.22134 -10.21999
  Beta  occ. eigenvalues --  -10.20726 -10.20638 -10.19970 -10.19544 -10.19516
  Beta  occ. eigenvalues --  -10.19224 -10.19064 -10.19028 -10.18865 -10.17413
  Beta  occ. eigenvalues --  -10.17382 -10.17092 -10.16947  -1.07893  -0.99172
  Beta  occ. eigenvalues --   -0.90846  -0.85405  -0.84376  -0.83195  -0.80028
  Beta  occ. eigenvalues --   -0.78784  -0.76985  -0.75961  -0.74983  -0.73859
  Beta  occ. eigenvalues --   -0.69302  -0.68552  -0.67099  -0.66659  -0.64150
  Beta  occ. eigenvalues --   -0.63603  -0.61387  -0.60982  -0.57885  -0.56816
  Beta  occ. eigenvalues --   -0.54934  -0.54532  -0.52155  -0.50495  -0.50151
  Beta  occ. eigenvalues --   -0.47337  -0.47008  -0.46937  -0.46583  -0.45649
  Beta  occ. eigenvalues --   -0.45159  -0.44783  -0.44552  -0.44041  -0.43495
  Beta  occ. eigenvalues --   -0.43229  -0.42551  -0.42132  -0.40817  -0.40572
  Beta  occ. eigenvalues --   -0.39744  -0.39407  -0.38861  -0.38787  -0.37965
  Beta  occ. eigenvalues --   -0.37360  -0.36958  -0.36358  -0.36217  -0.36084
  Beta  occ. eigenvalues --   -0.35186  -0.35057  -0.34604  -0.33892  -0.30440
  Beta  occ. eigenvalues --   -0.29237  -0.28192  -0.21141
  Beta virt. eigenvalues --   -0.07331  -0.05821  -0.04583  -0.01439  -0.00605
  Beta virt. eigenvalues --   -0.00344   0.00280   0.00928   0.01075   0.01437
  Beta virt. eigenvalues --    0.01728   0.02166   0.02615   0.02747   0.03182
  Beta virt. eigenvalues --    0.03572   0.03870   0.04061   0.04415   0.04724
  Beta virt. eigenvalues --    0.04863   0.05198   0.05311   0.06055   0.06236
  Beta virt. eigenvalues --    0.06410   0.06625   0.06798   0.07180   0.07258
  Beta virt. eigenvalues --    0.07466   0.07814   0.08071   0.08408   0.09101
  Beta virt. eigenvalues --    0.09319   0.09680   0.09835   0.09907   0.10368
  Beta virt. eigenvalues --    0.10426   0.10908   0.11049   0.11193   0.11560
  Beta virt. eigenvalues --    0.11759   0.11989   0.12149   0.12294   0.12516
  Beta virt. eigenvalues --    0.12761   0.12910   0.13031   0.13182   0.13396
  Beta virt. eigenvalues --    0.13678   0.13842   0.14015   0.14189   0.14385
  Beta virt. eigenvalues --    0.14707   0.14802   0.14999   0.15132   0.15405
  Beta virt. eigenvalues --    0.15468   0.15752   0.15852   0.16051   0.16194
  Beta virt. eigenvalues --    0.16448   0.16687   0.16707   0.16854   0.17206
  Beta virt. eigenvalues --    0.17347   0.17628   0.17811   0.17999   0.18182
  Beta virt. eigenvalues --    0.18424   0.18515   0.18936   0.19289   0.19361
  Beta virt. eigenvalues --    0.19422   0.19646   0.19829   0.19882   0.20508
  Beta virt. eigenvalues --    0.20679   0.20953   0.21165   0.21328   0.21532
  Beta virt. eigenvalues --    0.21687   0.22100   0.22349   0.22452   0.22896
  Beta virt. eigenvalues --    0.23127   0.23487   0.23829   0.24316   0.24377
  Beta virt. eigenvalues --    0.24671   0.25247   0.25271   0.25838   0.26008
  Beta virt. eigenvalues --    0.26352   0.26389   0.26727   0.27038   0.27223
  Beta virt. eigenvalues --    0.27343   0.27738   0.27942   0.28403   0.28752
  Beta virt. eigenvalues --    0.28987   0.29235   0.29579   0.29789   0.30021
  Beta virt. eigenvalues --    0.30273   0.30910   0.31072   0.31458   0.31660
  Beta virt. eigenvalues --    0.31812   0.32184   0.32481   0.32497   0.32606
  Beta virt. eigenvalues --    0.33238   0.33442   0.33645   0.34044   0.34344
  Beta virt. eigenvalues --    0.34350   0.34884   0.34899   0.35045   0.35886
  Beta virt. eigenvalues --    0.35896   0.36507   0.36770   0.37012   0.37278
  Beta virt. eigenvalues --    0.37930   0.38217   0.38950   0.39252   0.39699
  Beta virt. eigenvalues --    0.41356   0.41637   0.42470   0.43329   0.43969
  Beta virt. eigenvalues --    0.44508   0.45259   0.46337   0.47181   0.48092
  Beta virt. eigenvalues --    0.48294   0.49174   0.49820   0.50066   0.50773
  Beta virt. eigenvalues --    0.50872   0.51221   0.52513   0.52763   0.53125
  Beta virt. eigenvalues --    0.53158   0.54245   0.54697   0.55436   0.55577
  Beta virt. eigenvalues --    0.56395   0.56631   0.56748   0.56840   0.57620
  Beta virt. eigenvalues --    0.58105   0.58733   0.59029   0.59546   0.60379
  Beta virt. eigenvalues --    0.61117   0.61586   0.61919   0.62429   0.62731
  Beta virt. eigenvalues --    0.63521   0.63565   0.63856   0.64132   0.64295
  Beta virt. eigenvalues --    0.65563   0.65954   0.66209   0.66455   0.66760
  Beta virt. eigenvalues --    0.67175   0.67444   0.67666   0.67999   0.68401
  Beta virt. eigenvalues --    0.68541   0.69271   0.69404   0.69579   0.70245
  Beta virt. eigenvalues --    0.70498   0.70699   0.71269   0.71438   0.72176
  Beta virt. eigenvalues --    0.72336   0.72661   0.73207   0.73523   0.74123
  Beta virt. eigenvalues --    0.74182   0.74432   0.74786   0.75273   0.75641
  Beta virt. eigenvalues --    0.76261   0.76739   0.77103   0.77177   0.77949
  Beta virt. eigenvalues --    0.78060   0.78328   0.79040   0.79623   0.79883
  Beta virt. eigenvalues --    0.80690   0.81153   0.81802   0.82576   0.83107
  Beta virt. eigenvalues --    0.84381   0.85904   0.86540   0.87746   0.88143
  Beta virt. eigenvalues --    0.89069   0.89505   0.90100   0.91537   0.92103
  Beta virt. eigenvalues --    0.92570   0.93556   0.94018   0.94863   0.95948
  Beta virt. eigenvalues --    0.95954   0.97170   0.97375   0.98185   0.98420
  Beta virt. eigenvalues --    0.99045   1.00026   1.00477   1.00853   1.01567
  Beta virt. eigenvalues --    1.03060   1.03695   1.04157   1.05894   1.06625
  Beta virt. eigenvalues --    1.07190   1.08117   1.08920   1.09564   1.10096
  Beta virt. eigenvalues --    1.11057   1.11867   1.11959   1.13968   1.14646
  Beta virt. eigenvalues --    1.17455   1.18959   1.19931   1.20508   1.21872
  Beta virt. eigenvalues --    1.23048   1.24333   1.25871   1.26771   1.27332
  Beta virt. eigenvalues --    1.28631   1.29271   1.31300   1.31588   1.32258
  Beta virt. eigenvalues --    1.33283   1.34251   1.37816   1.38784   1.39447
  Beta virt. eigenvalues --    1.40386   1.42138   1.42985   1.43680   1.44715
  Beta virt. eigenvalues --    1.45553   1.45748   1.46684   1.47073   1.48278
  Beta virt. eigenvalues --    1.48587   1.49254   1.49822   1.50057   1.50189
  Beta virt. eigenvalues --    1.50644   1.51105   1.52200   1.52888   1.53504
  Beta virt. eigenvalues --    1.54454   1.54831   1.55377   1.56561   1.56902
  Beta virt. eigenvalues --    1.57470   1.57837   1.58481   1.58870   1.59160
  Beta virt. eigenvalues --    1.59658   1.60145   1.60579   1.61195   1.61598
  Beta virt. eigenvalues --    1.61772   1.62199   1.62691   1.63327   1.63483
  Beta virt. eigenvalues --    1.64316   1.64965   1.65448   1.66181   1.66485
  Beta virt. eigenvalues --    1.66896   1.67618   1.68214   1.68575   1.68991
  Beta virt. eigenvalues --    1.69271   1.70426   1.70921   1.72030   1.72838
  Beta virt. eigenvalues --    1.73785   1.75043   1.75264   1.75799   1.76363
  Beta virt. eigenvalues --    1.77158   1.77241   1.77821   1.78684   1.79457
  Beta virt. eigenvalues --    1.80262   1.81117   1.82351   1.82619   1.83574
  Beta virt. eigenvalues --    1.83905   1.85225   1.86084   1.87504   1.87687
  Beta virt. eigenvalues --    1.88197   1.90097   1.90782   1.92173   1.92551
  Beta virt. eigenvalues --    1.93200   1.94014   1.94406   1.94850   1.95294
  Beta virt. eigenvalues --    1.96715   1.97290   1.99850   2.00155   2.00511
  Beta virt. eigenvalues --    2.01390   2.02306   2.03235   2.03786   2.04093
  Beta virt. eigenvalues --    2.04549   2.05446   2.06783   2.07253   2.08540
  Beta virt. eigenvalues --    2.10633   2.11218   2.11989   2.12618   2.13157
  Beta virt. eigenvalues --    2.14277   2.15049   2.15696   2.16532   2.16728
  Beta virt. eigenvalues --    2.18067   2.18764   2.20624   2.21868   2.22369
  Beta virt. eigenvalues --    2.23886   2.24466   2.25471   2.26772   2.27386
  Beta virt. eigenvalues --    2.28303   2.28826   2.29001   2.31020   2.32175
  Beta virt. eigenvalues --    2.33158   2.34253   2.34860   2.36055   2.37900
  Beta virt. eigenvalues --    2.38288   2.39928   2.40638   2.41304   2.42250
  Beta virt. eigenvalues --    2.45380   2.47463   2.48212   2.48762   2.49426
  Beta virt. eigenvalues --    2.49905   2.50176   2.50950   2.52051   2.52621
  Beta virt. eigenvalues --    2.53504   2.54077   2.54388   2.55480   2.57029
  Beta virt. eigenvalues --    2.57145   2.57620   2.58500   2.59170   2.59575
  Beta virt. eigenvalues --    2.59842   2.60838   2.61345   2.61792   2.62492
  Beta virt. eigenvalues --    2.63325   2.64234   2.64870   2.65453   2.65883
  Beta virt. eigenvalues --    2.66466   2.67127   2.68243   2.69086   2.69439
  Beta virt. eigenvalues --    2.70598   2.70985   2.72342   2.73137   2.73440
  Beta virt. eigenvalues --    2.74805   2.75400   2.76556   2.77368   2.77687
  Beta virt. eigenvalues --    2.78146   2.78844   2.79424   2.80020   2.80558
  Beta virt. eigenvalues --    2.80952   2.81733   2.82241   2.83091   2.84087
  Beta virt. eigenvalues --    2.85061   2.85939   2.87034   2.87997   2.88904
  Beta virt. eigenvalues --    2.89588   2.90354   2.90899   2.91850   2.92856
  Beta virt. eigenvalues --    2.93225   2.95068   2.97058   2.97994   2.99580
  Beta virt. eigenvalues --    3.00180   3.00554   3.01513   3.03796   3.07061
  Beta virt. eigenvalues --    3.08717   3.10004   3.11796   3.13563   3.15117
  Beta virt. eigenvalues --    3.17151   3.20456   3.22036   3.24341   3.24992
  Beta virt. eigenvalues --    3.27391   3.28698   3.29714   3.32250   3.33342
  Beta virt. eigenvalues --    3.37047   3.38627   3.42016   3.43010   3.46273
  Beta virt. eigenvalues --    3.53544   3.56918   3.58223   3.59081   3.65779
  Beta virt. eigenvalues --    3.67528   3.70721   3.71119   3.73925   3.77508
  Beta virt. eigenvalues --    3.78528   3.79327   3.80673   3.81340   3.81652
  Beta virt. eigenvalues --    3.81819   3.82838   3.84579   3.86610   3.89166
  Beta virt. eigenvalues --    3.91040   3.92805   3.93688   3.96586   3.98928
  Beta virt. eigenvalues --    4.02366   4.03983   4.05125   4.13947   4.15035
  Beta virt. eigenvalues --    4.20034   4.21154   4.22071   4.25837   4.29945
  Beta virt. eigenvalues --    4.33569   4.39777   4.43105   4.61258   4.78934
  Beta virt. eigenvalues --    4.81287   5.04144   5.18000   5.34102  23.54149
  Beta virt. eigenvalues --   23.73678  23.78106  23.84195  23.85371  23.87060
  Beta virt. eigenvalues --   23.88854  23.89769  23.90765  23.92705  23.94712
  Beta virt. eigenvalues --   23.97830  23.99181  23.99456  24.00714  24.00776
  Beta virt. eigenvalues --   24.05132  24.05645  24.10786  24.10952  24.15449
  Beta virt. eigenvalues --   35.54292  35.71208
          Condensed to atoms (all electrons):
              1          2          3          4          5          6
     1  C    9.407417  -0.072843  -0.086434   0.209493   0.677330  -0.189872
     2  C   -0.072843   8.882708   0.405202   0.283955  -0.103580   0.258120
     3  C   -0.086434   0.405202   5.981944   0.261257   0.266367   0.042976
     4  C    0.209493   0.283955   0.261257   6.313741   0.525685   0.441895
     5  C    0.677330  -0.103580   0.266367   0.525685   8.608140  -0.025188
     6  C   -0.189872   0.258120   0.042976   0.441895  -0.025188   6.924799
     7  C   -0.267617  -0.473974   0.301608  -0.007703  -0.140839  -0.018059
     8  C    0.266913  -0.083922  -0.202893  -0.180244  -0.404935   0.306539
     9  C   -0.095285  -0.348456  -0.139623  -0.146183  -0.401171   0.207256
    10  C   -0.087403  -0.741100   0.674346  -1.252696  -0.395051  -1.581667
    11  C   -0.187378  -0.236732  -0.220506   0.546150  -0.017062   0.148049
    12  H   -0.008878   0.016457  -0.007202   0.019554  -0.003068  -0.018734
    13  H   -0.004247  -0.022957   0.038581  -0.035799  -0.000537  -0.052773
    14  H    0.012099   0.015216  -0.012716  -0.004085  -0.041318   0.028813
    15  C   -2.433196   0.294588  -0.700990  -0.887628  -0.068210  -0.006792
    16  H   -0.241547   0.028649  -0.014665  -0.034345  -0.099660   0.000790
    17  H    0.067782   0.033698   0.004909   0.002614   0.019399   0.001825
    18  C    0.008913   0.049734   0.025020  -0.045931  -0.011289  -0.005475
    19  H    0.007697   0.014979   0.001498   0.008202   0.000130   0.001010
    20  H   -0.016189  -0.006494  -0.004209  -0.008238   0.006439  -0.000187
    21  H   -0.135898   0.014735  -0.004045  -0.008587  -0.039822  -0.000068
    22  C   -0.005571  -1.030468  -0.300930  -0.142863  -2.447216  -0.028768
    23  H   -0.026531  -0.002419   0.000566   0.002494  -0.099499  -0.000510
    24  H    0.007159   0.005510  -0.007864  -0.060700  -0.121186  -0.002132
    25  C    0.013506  -0.077854  -0.012648   0.054685  -0.045585  -0.004358
    26  H    0.000049  -0.004644   0.000739  -0.005460  -0.004979  -0.000753
    27  H   -0.011850  -0.010217   0.003282   0.019319  -0.025212  -0.000229
    28  H   -0.008400  -0.001714  -0.003808  -0.014007  -0.054229   0.000184
    29  C   -0.218331  -0.455263  -0.359442   0.016723   0.162692   0.470830
    30  H    0.001369  -0.009101  -0.009356  -0.001376   0.000035  -0.093098
    31  H   -0.001158   0.028327   0.008810   0.000627   0.004366   0.026347
    32  C   -0.004378  -0.037294   0.008792  -0.009165  -0.003619   0.011814
    33  H   -0.001210  -0.004645  -0.002901  -0.000198   0.000807  -0.001155
    34  H    0.001646   0.003002   0.011377  -0.001817   0.000130  -0.000311
    35  H   -0.000820  -0.008508  -0.006680  -0.000152   0.000393   0.001879
    36  C    0.306614  -0.211415  -0.764598  -0.069888  -0.218098  -0.914034
    37  H    0.001656   0.033656  -0.012664   0.000682  -0.001233  -0.038486
    38  H    0.006882  -0.018838  -0.006550  -0.000176  -0.005050   0.001451
    39  C   -0.003037   0.115119   0.039003  -0.000029   0.017483  -0.051098
    40  H    0.000491  -0.008886  -0.002623  -0.000686  -0.000554  -0.007768
    41  H    0.000886  -0.010981  -0.000930   0.000547  -0.001736   0.016573
    42  H   -0.000175   0.026645  -0.000644   0.000176   0.001507  -0.009521
    43  N   -0.156442   0.157393   0.073334  -0.075870   0.135702  -0.101008
    44  N   -0.255878   0.318879   0.028243  -0.046516  -0.246494  -0.084942
    45  C    0.569009  -0.304717  -0.051672  -0.165814  -0.104368  -0.138716
    46  H    0.012431  -0.027234  -0.011011  -0.008470  -0.001034  -0.014401
    47  H   -0.022731  -0.031278   0.000067   0.002675  -0.000235   0.013785
    48  C   -0.764871  -0.128243   0.131282  -0.031633   0.132700  -0.093412
    49  H   -0.031993  -0.040628  -0.003196   0.004644   0.015242  -0.004340
    50  H   -0.023829  -0.010343  -0.013392  -0.003014   0.003658  -0.000624
              7          8          9         10         11         12
     1  C   -0.267617   0.266913  -0.095285  -0.087403  -0.187378  -0.008878
     2  C   -0.473974  -0.083922  -0.348456  -0.741100  -0.236732   0.016457
     3  C    0.301608  -0.202893  -0.139623   0.674346  -0.220506  -0.007202
     4  C   -0.007703  -0.180244  -0.146183  -1.252696   0.546150   0.019554
     5  C   -0.140839  -0.404935  -0.401171  -0.395051  -0.017062  -0.003068
     6  C   -0.018059   0.306539   0.207256  -1.581667   0.148049  -0.018734
     7  C    9.534720   0.175242   0.507112  -0.110181  -0.291879  -0.019969
     8  C    0.175242  10.018886  -0.058618  -0.012076  -0.257939   0.008177
     9  C    0.507112  -0.058618   7.149137   0.550764  -1.178102   0.421342
    10  C   -0.110181  -0.012076   0.550764   9.949794  -0.022549  -0.101881
    11  C   -0.291879  -0.257939  -1.178102  -0.022549   7.261727   0.008469
    12  H   -0.019969   0.008177   0.421342  -0.101881   0.008469   0.528887
    13  H   -0.002781  -0.002194  -0.090844   0.563726  -0.073445  -0.023608
    14  H    0.003090  -0.011410   0.020289  -0.118277   0.413176   0.005559
    15  C   -0.201613   0.349752  -0.094390  -0.013567  -0.086670  -0.003828
    16  H   -0.003079   0.005292  -0.001456   0.006249   0.007597  -0.000056
    17  H    0.000402   0.000504  -0.001355  -0.004595  -0.012717  -0.000064
    18  C    0.013403  -0.002645   0.002493   0.001954   0.012224   0.000096
    19  H    0.000622   0.000433  -0.000190  -0.001552  -0.008214  -0.000009
    20  H   -0.000936   0.000624  -0.000320   0.000039   0.000253  -0.000007
    21  H    0.000942   0.002167  -0.000179   0.000412  -0.000995  -0.000005
    22  C    0.174710  -0.288486   0.090267  -0.434057   0.482147   0.000252
    23  H    0.003749  -0.003735  -0.001233  -0.028608  -0.029652   0.000031
    24  H   -0.002397   0.003232   0.006444   0.043689   0.085091  -0.000204
    25  C   -0.002114  -0.006283  -0.009151   0.009993   0.050659   0.000085
    26  H    0.000113  -0.000437   0.001947   0.009122   0.013816  -0.000038
    27  H    0.002472  -0.001708  -0.003466  -0.021645  -0.003586  -0.000124
    28  H   -0.000054  -0.000088   0.000411   0.000785   0.001352  -0.000026
    29  C   -3.368080   0.422250  -0.277368  -0.558179   0.184183   0.059503
    30  H   -0.144586   0.024672   0.088892   0.047638   0.007506  -0.014527
    31  H   -0.082009   0.000290  -0.056589  -0.038053  -0.000216   0.006209
    32  C    0.247398  -0.027112   0.086586   0.060449   0.002086  -0.008225
    33  H   -0.147358   0.057001  -0.013481  -0.002421   0.001269  -0.000773
    34  H    0.009888  -0.022070  -0.000407  -0.013048  -0.005081  -0.008363
    35  H   -0.048748  -0.001550   0.012284   0.003597   0.001806  -0.000862
    36  C    0.437166  -2.672576   0.213283   0.040769  -0.163252  -0.004679
    37  H   -0.123954  -0.214088   0.011548   0.004890  -0.001451  -0.000670
    38  H    0.061843   0.075630  -0.004682  -0.000833  -0.002022   0.000386
    39  C   -0.063646  -0.042557  -0.002299  -0.000299   0.003830  -0.001944
    40  H    0.013358  -0.004044   0.000202  -0.000161  -0.000442  -0.000067
    41  H    0.050629   0.026541   0.000143   0.002625  -0.000167  -0.000189
    42  H   -0.056800  -0.200616   0.000632   0.000207  -0.000317  -0.000122
    43  N   -0.192762  -0.421006  -0.035892   0.014390   0.042711   0.001104
    44  N    0.007830  -0.114753   0.034422   0.062782  -0.014920  -0.007491
    45  C    0.046047  -0.533668   0.038580  -0.042886  -0.066206   0.001859
    46  H   -0.008625  -0.057443  -0.000883  -0.001988  -0.000997   0.000011
    47  H    0.026834  -0.002183   0.002945   0.001068  -0.000053  -0.000092
    48  C   -0.060349   0.364701  -0.059774  -0.032137   0.088628   0.000300
    49  H   -0.010060  -0.010431  -0.001755  -0.000634   0.002391   0.000045
    50  H    0.004002   0.001041   0.001000   0.001675   0.001718   0.000035
             13         14         15         16         17         18
     1  C   -0.004247   0.012099  -2.433196  -0.241547   0.067782   0.008913
     2  C   -0.022957   0.015216   0.294588   0.028649   0.033698   0.049734
     3  C    0.038581  -0.012716  -0.700990  -0.014665   0.004909   0.025020
     4  C   -0.035799  -0.004085  -0.887628  -0.034345   0.002614  -0.045931
     5  C   -0.000537  -0.041318  -0.068210  -0.099660   0.019399  -0.011289
     6  C   -0.052773   0.028813  -0.006792   0.000790   0.001825  -0.005475
     7  C   -0.002781   0.003090  -0.201613  -0.003079   0.000402   0.013403
     8  C   -0.002194  -0.011410   0.349752   0.005292   0.000504  -0.002645
     9  C   -0.090844   0.020289  -0.094390  -0.001456  -0.001355   0.002493
    10  C    0.563726  -0.118277  -0.013567   0.006249  -0.004595   0.001954
    11  C   -0.073445   0.413176  -0.086670   0.007597  -0.012717   0.012224
    12  H   -0.023608   0.005559  -0.003828  -0.000056  -0.000064   0.000096
    13  H    0.501059  -0.024410   0.000219   0.000158   0.000000  -0.000089
    14  H   -0.024410   0.521341  -0.010916  -0.001738   0.000345  -0.000266
    15  C    0.000219  -0.010916  10.253841   0.679220   0.358949  -0.319233
    16  H    0.000158  -0.001738   0.679220   0.525236  -0.043788  -0.048998
    17  H    0.000000   0.000345   0.358949  -0.043788   0.600768  -0.096345
    18  C   -0.000089  -0.000266  -0.319233  -0.048998  -0.096345   5.617317
    19  H    0.000011   0.000015   0.019921   0.002719   0.012186   0.351477
    20  H   -0.000002  -0.000011  -0.020823  -0.000968  -0.001708   0.397719
    21  H    0.000031  -0.000354   0.078413   0.005370  -0.012679   0.422055
    22  C   -0.004773   0.062776  -0.839504  -0.006299  -0.030978   0.051487
    23  H   -0.000655   0.007512   0.031324  -0.014437   0.009612  -0.012194
    24  H    0.001515  -0.011589  -0.015701   0.006964  -0.002841   0.013658
    25  C    0.001169  -0.006504   0.003815  -0.008151   0.001824  -0.035921
    26  H    0.000526  -0.005621  -0.007787   0.002253  -0.000497  -0.000308
    27  H   -0.000012  -0.002184  -0.008338   0.003354  -0.000404  -0.000454
    28  H   -0.000014   0.000906   0.005897  -0.008818   0.000413   0.006796
    29  C   -0.005338   0.003038  -0.045141  -0.000724   0.000203   0.001186
    30  H    0.002628  -0.000595   0.000397  -0.000012   0.000066  -0.000073
    31  H   -0.000731   0.000047  -0.000537  -0.000006  -0.000012   0.000001
    32  C    0.001312   0.000299  -0.000737  -0.000014  -0.000025   0.000037
    33  H    0.000243  -0.000085  -0.000150  -0.000005   0.000024  -0.000009
    34  H   -0.000177  -0.000072   0.000291   0.000008  -0.000020   0.000007
    35  H    0.000144  -0.000011  -0.000127  -0.000004   0.000002   0.000001
    36  C    0.000123  -0.003836   0.092948   0.000041  -0.000811   0.002793
    37  H    0.000077   0.000003  -0.000441  -0.000038   0.000060   0.000114
    38  H   -0.000022  -0.000053   0.002606   0.000073  -0.000656   0.000087
    39  C    0.000039   0.000047   0.004525   0.000177   0.000066  -0.001435
    40  H   -0.000001  -0.000003   0.000606   0.000007  -0.000039   0.000006
    41  H    0.000028  -0.000022   0.000635   0.000021  -0.000037  -0.000024
    42  H    0.000023   0.000021  -0.002202  -0.000034   0.000143  -0.000008
    43  N    0.001328  -0.007408  -0.177920   0.034248  -0.050654   0.094946
    44  N    0.001475   0.001608  -0.012807   0.001693  -0.000660   0.027126
    45  C   -0.000758   0.000358  -0.302054  -0.026003  -0.007568   0.078232
    46  H   -0.000030  -0.000021   0.000009  -0.000582  -0.000809   0.003726
    47  H    0.000034   0.000053  -0.003086  -0.000092   0.003570  -0.001322
    48  C   -0.000441   0.002554   0.301559   0.017380   0.014862  -0.030040
    49  H   -0.000018   0.000011   0.063072   0.001182   0.004635  -0.021692
    50  H    0.000000  -0.000011  -0.005583   0.001978  -0.015154   0.012605
             19         20         21         22         23         24
     1  C    0.007697  -0.016189  -0.135898  -0.005571  -0.026531   0.007159
     2  C    0.014979  -0.006494   0.014735  -1.030468  -0.002419   0.005510
     3  C    0.001498  -0.004209  -0.004045  -0.300930   0.000566  -0.007864
     4  C    0.008202  -0.008238  -0.008587  -0.142863   0.002494  -0.060700
     5  C    0.000130   0.006439  -0.039822  -2.447216  -0.099499  -0.121186
     6  C    0.001010  -0.000187  -0.000068  -0.028768  -0.000510  -0.002132
     7  C    0.000622  -0.000936   0.000942   0.174710   0.003749  -0.002397
     8  C    0.000433   0.000624   0.002167  -0.288486  -0.003735   0.003232
     9  C   -0.000190  -0.000320  -0.000179   0.090267  -0.001233   0.006444
    10  C   -0.001552   0.000039   0.000412  -0.434057  -0.028608   0.043689
    11  C   -0.008214   0.000253  -0.000995   0.482147  -0.029652   0.085091
    12  H   -0.000009  -0.000007  -0.000005   0.000252   0.000031  -0.000204
    13  H    0.000011  -0.000002   0.000031  -0.004773  -0.000655   0.001515
    14  H    0.000015  -0.000011  -0.000354   0.062776   0.007512  -0.011589
    15  C    0.019921  -0.020823   0.078413  -0.839504   0.031324  -0.015701
    16  H    0.002719  -0.000968   0.005370  -0.006299  -0.014437   0.006964
    17  H    0.012186  -0.001708  -0.012679  -0.030978   0.009612  -0.002841
    18  C    0.351477   0.397719   0.422055   0.051487  -0.012194   0.013658
    19  H    0.567898  -0.023913  -0.062523  -0.017869   0.002303  -0.008340
    20  H   -0.023913   0.524672  -0.021622   0.000509  -0.002582  -0.000305
    21  H   -0.062523  -0.021622   0.585989  -0.004519  -0.002474   0.003279
    22  C   -0.017869   0.000509  -0.004519   9.896218   0.523520   0.441622
    23  H    0.002303  -0.002582  -0.002474   0.523520   0.560606  -0.035492
    24  H   -0.008340  -0.000305   0.003279   0.441622  -0.035492   0.576088
    25  C    0.002137   0.000754  -0.000677   0.234760  -0.053502  -0.099974
    26  H   -0.000002  -0.000242   0.000157  -0.018742  -0.004819   0.004295
    27  H    0.000554  -0.000182   0.000062  -0.000862   0.005611   0.000595
    28  H   -0.002553   0.000846   0.000245   0.030210  -0.003219   0.004250
    29  C    0.000078  -0.000154   0.000210   0.076947   0.000918  -0.000153
    30  H    0.000017  -0.000001  -0.000020   0.000549   0.000024  -0.000100
    31  H   -0.000006  -0.000002  -0.000004   0.001094   0.000012   0.000033
    32  C    0.000003  -0.000003  -0.000004  -0.001136  -0.000032  -0.000030
    33  H    0.000004  -0.000001  -0.000003   0.000155   0.000004  -0.000002
    34  H   -0.000002   0.000001   0.000002  -0.000097  -0.000006   0.000008
    35  H    0.000001  -0.000001   0.000000   0.000179   0.000002   0.000000
    36  C    0.000041   0.000632  -0.000443  -0.048836  -0.000746   0.000304
    37  H    0.000007   0.000008  -0.000029  -0.000346   0.000007  -0.000041
    38  H   -0.000029  -0.000002   0.000181  -0.001187  -0.000040   0.000050
    39  C   -0.000030   0.000019  -0.000026   0.001963  -0.000008  -0.000051
    40  H   -0.000004   0.000012  -0.000011  -0.000114  -0.000004   0.000000
    41  H   -0.000008  -0.000006   0.000073  -0.000348  -0.000012   0.000022
    42  H    0.000008  -0.000003  -0.000144   0.000184   0.000012  -0.000037
    43  N   -0.019999   0.003386   0.038207   0.183025   0.000729   0.003493
    44  N    0.000614  -0.000333   0.001753  -0.081188  -0.000634   0.000679
    45  C   -0.003072   0.000820  -0.004676  -0.048200   0.002518  -0.000856
    46  H   -0.000311  -0.000100   0.001215   0.000088   0.000087   0.000112
    47  H    0.000233   0.000063  -0.000818   0.000824   0.000051  -0.000121
    48  C   -0.003865   0.005553  -0.007081   0.092916  -0.002256   0.001455
    49  H    0.000222   0.002662  -0.003829   0.005257  -0.000030  -0.000271
    50  H    0.001292  -0.001557   0.000130   0.001120  -0.000679  -0.000071
             25         26         27         28         29         30
     1  C    0.013506   0.000049  -0.011850  -0.008400  -0.218331   0.001369
     2  C   -0.077854  -0.004644  -0.010217  -0.001714  -0.455263  -0.009101
     3  C   -0.012648   0.000739   0.003282  -0.003808  -0.359442  -0.009356
     4  C    0.054685  -0.005460   0.019319  -0.014007   0.016723  -0.001376
     5  C   -0.045585  -0.004979  -0.025212  -0.054229   0.162692   0.000035
     6  C   -0.004358  -0.000753  -0.000229   0.000184   0.470830  -0.093098
     7  C   -0.002114   0.000113   0.002472  -0.000054  -3.368080  -0.144586
     8  C   -0.006283  -0.000437  -0.001708  -0.000088   0.422250   0.024672
     9  C   -0.009151   0.001947  -0.003466   0.000411  -0.277368   0.088892
    10  C    0.009993   0.009122  -0.021645   0.000785  -0.558179   0.047638
    11  C    0.050659   0.013816  -0.003586   0.001352   0.184183   0.007506
    12  H    0.000085  -0.000038  -0.000124  -0.000026   0.059503  -0.014527
    13  H    0.001169   0.000526  -0.000012  -0.000014  -0.005338   0.002628
    14  H   -0.006504  -0.005621  -0.002184   0.000906   0.003038  -0.000595
    15  C    0.003815  -0.007787  -0.008338   0.005897  -0.045141   0.000397
    16  H   -0.008151   0.002253   0.003354  -0.008818  -0.000724  -0.000012
    17  H    0.001824  -0.000497  -0.000404   0.000413   0.000203   0.000066
    18  C   -0.035921  -0.000308  -0.000454   0.006796   0.001186  -0.000073
    19  H    0.002137  -0.000002   0.000554  -0.002553   0.000078   0.000017
    20  H    0.000754  -0.000242  -0.000182   0.000846  -0.000154  -0.000001
    21  H   -0.000677   0.000157   0.000062   0.000245   0.000210  -0.000020
    22  C    0.234760  -0.018742  -0.000862   0.030210   0.076947   0.000549
    23  H   -0.053502  -0.004819   0.005611  -0.003219   0.000918   0.000024
    24  H   -0.099974   0.004295   0.000595   0.004250  -0.000153  -0.000100
    25  C    5.484693   0.386423   0.417756   0.397979  -0.000366  -0.000002
    26  H    0.386423   0.541863  -0.025358  -0.031210   0.000106  -0.000005
    27  H    0.417756  -0.025358   0.547583  -0.040965   0.000823   0.000027
    28  H    0.397979  -0.031210  -0.040965   0.546279   0.000001   0.000002
    29  C   -0.000366   0.000106   0.000823   0.000001  10.537429   0.451980
    30  H   -0.000002  -0.000005   0.000027   0.000002   0.451980   0.609521
    31  H   -0.000027   0.000002  -0.000002   0.000002   0.481665  -0.056522
    32  C    0.000057   0.000000  -0.000015   0.000002  -0.104262  -0.067617
    33  H    0.000021   0.000000   0.000003   0.000000   0.106382   0.009949
    34  H   -0.000041   0.000004  -0.000007   0.000001   0.000217  -0.006698
    35  H    0.000001   0.000001   0.000002   0.000000  -0.002700   0.002432
    36  C   -0.000348  -0.000053  -0.000194   0.000039  -1.353556  -0.021090
    37  H    0.000020  -0.000004   0.000015   0.000001   0.012307   0.009781
    38  H   -0.000047   0.000003  -0.000029  -0.000002  -0.069513  -0.004001
    39  C    0.000034   0.000001   0.000004  -0.000002   0.024146   0.013447
    40  H   -0.000002   0.000000  -0.000001   0.000000  -0.007684  -0.000166
    41  H   -0.000002   0.000002  -0.000004  -0.000001  -0.046508  -0.005702
    42  H    0.000002   0.000000   0.000002  -0.000001   0.011193   0.001838
    43  N   -0.001795  -0.000589   0.001960   0.002015  -0.023681   0.000542
    44  N   -0.006561  -0.000170  -0.000199  -0.000143   0.097256   0.003418
    45  C   -0.003546  -0.000641   0.000665   0.001475   0.084249  -0.000414
    46  H   -0.000090  -0.000015   0.000006   0.000049  -0.003588  -0.000072
    47  H    0.000168   0.000001   0.000022  -0.000027   0.020234   0.000325
    48  C    0.000568  -0.000103  -0.001998   0.000461  -0.041121  -0.000737
    49  H    0.000093  -0.000034  -0.000138   0.000113  -0.002199  -0.000048
    50  H    0.000400   0.000075   0.000387  -0.000442  -0.000575  -0.000038
             31         32         33         34         35         36
     1  C   -0.001158  -0.004378  -0.001210   0.001646  -0.000820   0.306614
     2  C    0.028327  -0.037294  -0.004645   0.003002  -0.008508  -0.211415
     3  C    0.008810   0.008792  -0.002901   0.011377  -0.006680  -0.764598
     4  C    0.000627  -0.009165  -0.000198  -0.001817  -0.000152  -0.069888
     5  C    0.004366  -0.003619   0.000807   0.000130   0.000393  -0.218098
     6  C    0.026347   0.011814  -0.001155  -0.000311   0.001879  -0.914034
     7  C   -0.082009   0.247398  -0.147358   0.009888  -0.048748   0.437166
     8  C    0.000290  -0.027112   0.057001  -0.022070  -0.001550  -2.672576
     9  C   -0.056589   0.086586  -0.013481  -0.000407   0.012284   0.213283
    10  C   -0.038053   0.060449  -0.002421  -0.013048   0.003597   0.040769
    11  C   -0.000216   0.002086   0.001269  -0.005081   0.001806  -0.163252
    12  H    0.006209  -0.008225  -0.000773  -0.008363  -0.000862  -0.004679
    13  H   -0.000731   0.001312   0.000243  -0.000177   0.000144   0.000123
    14  H    0.000047   0.000299  -0.000085  -0.000072  -0.000011  -0.003836
    15  C   -0.000537  -0.000737  -0.000150   0.000291  -0.000127   0.092948
    16  H   -0.000006  -0.000014  -0.000005   0.000008  -0.000004   0.000041
    17  H   -0.000012  -0.000025   0.000024  -0.000020   0.000002  -0.000811
    18  C    0.000001   0.000037  -0.000009   0.000007   0.000001   0.002793
    19  H   -0.000006   0.000003   0.000004  -0.000002   0.000001   0.000041
    20  H   -0.000002  -0.000003  -0.000001   0.000001  -0.000001   0.000632
    21  H   -0.000004  -0.000004  -0.000003   0.000002   0.000000  -0.000443
    22  C    0.001094  -0.001136   0.000155  -0.000097   0.000179  -0.048836
    23  H    0.000012  -0.000032   0.000004  -0.000006   0.000002  -0.000746
    24  H    0.000033  -0.000030  -0.000002   0.000008   0.000000   0.000304
    25  C   -0.000027   0.000057   0.000021  -0.000041   0.000001  -0.000348
    26  H    0.000002   0.000000   0.000000   0.000004   0.000001  -0.000053
    27  H   -0.000002  -0.000015   0.000003  -0.000007   0.000002  -0.000194
    28  H    0.000002   0.000002   0.000000   0.000001   0.000000   0.000039
    29  C    0.481665  -0.104262   0.106382   0.000217  -0.002700  -1.353556
    30  H   -0.056522  -0.067617   0.009949  -0.006698   0.002432  -0.021090
    31  H    0.556506  -0.056678   0.008898   0.005674  -0.011581   0.007083
    32  C   -0.056678   5.444766   0.379422   0.377803   0.413605   0.015161
    33  H    0.008898   0.379422   0.565403  -0.045588  -0.019987  -0.039993
    34  H    0.005674   0.377803  -0.045588   0.551068  -0.024531   0.007521
    35  H   -0.011581   0.413605  -0.019987  -0.024531   0.536725  -0.005092
    36  C    0.007083   0.015161  -0.039993   0.007521  -0.005092  11.351739
    37  H   -0.024373  -0.007143   0.004512  -0.002272  -0.000268   0.644978
    38  H    0.008047   0.003863  -0.005919   0.002115  -0.000807   0.450034
    39  C   -0.017116  -0.023663  -0.001926  -0.001295   0.000976  -0.460996
    40  H   -0.001769   0.002032   0.000743   0.000197  -0.000596  -0.038552
    41  H   -0.002203   0.004460  -0.002758   0.000624   0.000146   0.031218
    42  H   -0.000137  -0.002115   0.000500  -0.000121   0.000199   0.111833
    43  N    0.001467  -0.005553   0.000020  -0.000159  -0.000198  -0.054735
    44  N   -0.002445  -0.000070   0.000509   0.001205  -0.000491  -0.290604
    45  C    0.000130   0.002750   0.000652   0.000034   0.000237   0.453533
    46  H   -0.000093  -0.000007   0.000124   0.000042  -0.000057   0.078594
    47  H   -0.000690   0.000601   0.000290  -0.000310   0.000271  -0.037184
    48  C    0.003469  -0.001059  -0.001254   0.000016  -0.000584  -0.547406
    49  H    0.000263   0.000071  -0.000035  -0.000011  -0.000002  -0.012318
    50  H   -0.000117  -0.000169  -0.000015   0.000049  -0.000013   0.015555
             37         38         39         40         41         42
     1  C    0.001656   0.006882  -0.003037   0.000491   0.000886  -0.000175
     2  C    0.033656  -0.018838   0.115119  -0.008886  -0.010981   0.026645
     3  C   -0.012664  -0.006550   0.039003  -0.002623  -0.000930  -0.000644
     4  C    0.000682  -0.000176  -0.000029  -0.000686   0.000547   0.000176
     5  C   -0.001233  -0.005050   0.017483  -0.000554  -0.001736   0.001507
     6  C   -0.038486   0.001451  -0.051098  -0.007768   0.016573  -0.009521
     7  C   -0.123954   0.061843  -0.063646   0.013358   0.050629  -0.056800
     8  C   -0.214088   0.075630  -0.042557  -0.004044   0.026541  -0.200616
     9  C    0.011548  -0.004682  -0.002299   0.000202   0.000143   0.000632
    10  C    0.004890  -0.000833  -0.000299  -0.000161   0.002625   0.000207
    11  C   -0.001451  -0.002022   0.003830  -0.000442  -0.000167  -0.000317
    12  H   -0.000670   0.000386  -0.001944  -0.000067  -0.000189  -0.000122
    13  H    0.000077  -0.000022   0.000039  -0.000001   0.000028   0.000023
    14  H    0.000003  -0.000053   0.000047  -0.000003  -0.000022   0.000021
    15  C   -0.000441   0.002606   0.004525   0.000606   0.000635  -0.002202
    16  H   -0.000038   0.000073   0.000177   0.000007   0.000021  -0.000034
    17  H    0.000060  -0.000656   0.000066  -0.000039  -0.000037   0.000143
    18  C    0.000114   0.000087  -0.001435   0.000006  -0.000024  -0.000008
    19  H    0.000007  -0.000029  -0.000030  -0.000004  -0.000008   0.000008
    20  H    0.000008  -0.000002   0.000019   0.000012  -0.000006  -0.000003
    21  H   -0.000029   0.000181  -0.000026  -0.000011   0.000073  -0.000144
    22  C   -0.000346  -0.001187   0.001963  -0.000114  -0.000348   0.000184
    23  H    0.000007  -0.000040  -0.000008  -0.000004  -0.000012   0.000012
    24  H   -0.000041   0.000050  -0.000051   0.000000   0.000022  -0.000037
    25  C    0.000020  -0.000047   0.000034  -0.000002  -0.000002   0.000002
    26  H   -0.000004   0.000003   0.000001   0.000000   0.000002   0.000000
    27  H    0.000015  -0.000029   0.000004  -0.000001  -0.000004   0.000002
    28  H    0.000001  -0.000002  -0.000002   0.000000  -0.000001  -0.000001
    29  C    0.012307  -0.069513   0.024146  -0.007684  -0.046508   0.011193
    30  H    0.009781  -0.004001   0.013447  -0.000166  -0.005702   0.001838
    31  H   -0.024373   0.008047  -0.017116  -0.001769  -0.002203  -0.000137
    32  C   -0.007143   0.003863  -0.023663   0.002032   0.004460  -0.002115
    33  H    0.004512  -0.005919  -0.001926   0.000743  -0.002758   0.000500
    34  H   -0.002272   0.002115  -0.001295   0.000197   0.000624  -0.000121
    35  H   -0.000268  -0.000807   0.000976  -0.000596   0.000146   0.000199
    36  C    0.644978   0.450034  -0.460996  -0.038552   0.031218   0.111833
    37  H    0.524017  -0.048191  -0.019209  -0.007565  -0.003056   0.010492
    38  H   -0.048191   0.590460  -0.132143  -0.000671   0.017531  -0.013060
    39  C   -0.019209  -0.132143   5.744789   0.404774   0.320338   0.436922
    40  H   -0.007565  -0.000671   0.404774   0.519634  -0.024854  -0.019242
    41  H   -0.003056   0.017531   0.320338  -0.024854   0.580995  -0.065040
    42  H    0.010492  -0.013060   0.436922  -0.019242  -0.065040   0.584972
    43  N    0.000594  -0.004625   0.037501   0.000421  -0.002238   0.002989
    44  N    0.041909  -0.077512   0.159460   0.003149  -0.030320   0.051400
    45  C    0.007428   0.022542  -0.037118   0.007286  -0.005421  -0.003207
    46  H    0.000381  -0.001024  -0.021073   0.003209  -0.000695  -0.004684
    47  H    0.002201  -0.015028   0.009156  -0.002492   0.000754  -0.000204
    48  C   -0.024489   0.005604   0.095118  -0.000167   0.000145  -0.020647
    49  H   -0.000413  -0.002424   0.006455  -0.000003  -0.000620   0.000351
    50  H   -0.000019   0.004407  -0.002124   0.000240   0.000255  -0.000186
             43         44         45         46         47         48
     1  C   -0.156442  -0.255878   0.569009   0.012431  -0.022731  -0.764871
     2  C    0.157393   0.318879  -0.304717  -0.027234  -0.031278  -0.128243
     3  C    0.073334   0.028243  -0.051672  -0.011011   0.000067   0.131282
     4  C   -0.075870  -0.046516  -0.165814  -0.008470   0.002675  -0.031633
     5  C    0.135702  -0.246494  -0.104368  -0.001034  -0.000235   0.132700
     6  C   -0.101008  -0.084942  -0.138716  -0.014401   0.013785  -0.093412
     7  C   -0.192762   0.007830   0.046047  -0.008625   0.026834  -0.060349
     8  C   -0.421006  -0.114753  -0.533668  -0.057443  -0.002183   0.364701
     9  C   -0.035892   0.034422   0.038580  -0.000883   0.002945  -0.059774
    10  C    0.014390   0.062782  -0.042886  -0.001988   0.001068  -0.032137
    11  C    0.042711  -0.014920  -0.066206  -0.000997  -0.000053   0.088628
    12  H    0.001104  -0.007491   0.001859   0.000011  -0.000092   0.000300
    13  H    0.001328   0.001475  -0.000758  -0.000030   0.000034  -0.000441
    14  H   -0.007408   0.001608   0.000358  -0.000021   0.000053   0.002554
    15  C   -0.177920  -0.012807  -0.302054   0.000009  -0.003086   0.301559
    16  H    0.034248   0.001693  -0.026003  -0.000582  -0.000092   0.017380
    17  H   -0.050654  -0.000660  -0.007568  -0.000809   0.003570   0.014862
    18  C    0.094946   0.027126   0.078232   0.003726  -0.001322  -0.030040
    19  H   -0.019999   0.000614  -0.003072  -0.000311   0.000233  -0.003865
    20  H    0.003386  -0.000333   0.000820  -0.000100   0.000063   0.005553
    21  H    0.038207   0.001753  -0.004676   0.001215  -0.000818  -0.007081
    22  C    0.183025  -0.081188  -0.048200   0.000088   0.000824   0.092916
    23  H    0.000729  -0.000634   0.002518   0.000087   0.000051  -0.002256
    24  H    0.003493   0.000679  -0.000856   0.000112  -0.000121   0.001455
    25  C   -0.001795  -0.006561  -0.003546  -0.000090   0.000168   0.000568
    26  H   -0.000589  -0.000170  -0.000641  -0.000015   0.000001  -0.000103
    27  H    0.001960  -0.000199   0.000665   0.000006   0.000022  -0.001998
    28  H    0.002015  -0.000143   0.001475   0.000049  -0.000027   0.000461
    29  C   -0.023681   0.097256   0.084249  -0.003588   0.020234  -0.041121
    30  H    0.000542   0.003418  -0.000414  -0.000072   0.000325  -0.000737
    31  H    0.001467  -0.002445   0.000130  -0.000093  -0.000690   0.003469
    32  C   -0.005553  -0.000070   0.002750  -0.000007   0.000601  -0.001059
    33  H    0.000020   0.000509   0.000652   0.000124   0.000290  -0.001254
    34  H   -0.000159   0.001205   0.000034   0.000042  -0.000310   0.000016
    35  H   -0.000198  -0.000491   0.000237  -0.000057   0.000271  -0.000584
    36  C   -0.054735  -0.290604   0.453533   0.078594  -0.037184  -0.547406
    37  H    0.000594   0.041909   0.007428   0.000381   0.002201  -0.024489
    38  H   -0.004625  -0.077512   0.022542  -0.001024  -0.015028   0.005604
    39  C    0.037501   0.159460  -0.037118  -0.021073   0.009156   0.095118
    40  H    0.000421   0.003149   0.007286   0.003209  -0.002492  -0.000167
    41  H   -0.002238  -0.030320  -0.005421  -0.000695   0.000754   0.000145
    42  H    0.002989   0.051400  -0.003207  -0.004684  -0.000204  -0.020647
    43  N    7.466404  -0.442699  -0.182555   0.028331  -0.012962   0.451038
    44  N   -0.442699   7.433712   0.400705  -0.041322  -0.013152  -0.164144
    45  C   -0.182555   0.400705   7.940491   0.504914   0.380903  -2.005407
    46  H    0.028331  -0.041322   0.504914   0.499030  -0.039245  -0.084052
    47  H   -0.012962  -0.013152   0.380903  -0.039245   0.454174  -0.013554
    48  C    0.451038  -0.164144  -2.005407  -0.084052  -0.013554   7.753769
    49  H    0.000718  -0.019766  -0.154241  -0.003750   0.007062   0.549627
    50  H   -0.064141   0.030341   0.066546  -0.003248  -0.005230   0.333684
             49         50
     1  C   -0.031993  -0.023829
     2  C   -0.040628  -0.010343
     3  C   -0.003196  -0.013392
     4  C    0.004644  -0.003014
     5  C    0.015242   0.003658
     6  C   -0.004340  -0.000624
     7  C   -0.010060   0.004002
     8  C   -0.010431   0.001041
     9  C   -0.001755   0.001000
    10  C   -0.000634   0.001675
    11  C    0.002391   0.001718
    12  H    0.000045   0.000035
    13  H   -0.000018   0.000000
    14  H    0.000011  -0.000011
    15  C    0.063072  -0.005583
    16  H    0.001182   0.001978
    17  H    0.004635  -0.015154
    18  C   -0.021692   0.012605
    19  H    0.000222   0.001292
    20  H    0.002662  -0.001557
    21  H   -0.003829   0.000130
    22  C    0.005257   0.001120
    23  H   -0.000030  -0.000679
    24  H   -0.000271  -0.000071
    25  C    0.000093   0.000400
    26  H   -0.000034   0.000075
    27  H   -0.000138   0.000387
    28  H    0.000113  -0.000442
    29  C   -0.002199  -0.000575
    30  H   -0.000048  -0.000038
    31  H    0.000263  -0.000117
    32  C    0.000071  -0.000169
    33  H   -0.000035  -0.000015
    34  H   -0.000011   0.000049
    35  H   -0.000002  -0.000013
    36  C   -0.012318   0.015555
    37  H   -0.000413  -0.000019
    38  H   -0.002424   0.004407
    39  C    0.006455  -0.002124
    40  H   -0.000003   0.000240
    41  H   -0.000620   0.000255
    42  H    0.000351  -0.000186
    43  N    0.000718  -0.064141
    44  N   -0.019766   0.030341
    45  C   -0.154241   0.066546
    46  H   -0.003750  -0.003248
    47  H    0.007062  -0.005230
    48  C    0.549627   0.333684
    49  H    0.491291  -0.051104
    50  H   -0.051104   0.495811
 Mulliken atomic charges:
              1
     1  C   -0.215350
     2  C   -0.461822
     3  C    0.654991
     4  C    0.534158
     5  C    0.553847
     6  C    0.583542
     7  C    0.226990
     8  C   -0.268179
     9  C   -0.424828
    10  C   -0.433421
    11  C   -0.484289
    12  H    0.157343
    13  H    0.232207
    14  H    0.164339
    15  C   -0.272615
    16  H    0.224861
    17  H    0.145556
    18  C   -0.561461
    19  H    0.156180
    20  H    0.166087
    21  H    0.155909
    22  C   -0.569422
    23  H    0.174315
    24  H    0.160909
    25  C   -0.686055
    26  H    0.151016
    27  H    0.154876
    28  H    0.169008
    29  C   -0.282820
    30  H    0.158899
    31  H    0.203707
    32  C   -0.703244
    33  H    0.154938
    34  H    0.159572
    35  H    0.159486
    36  C   -0.326669
    37  H    0.219103
    38  H    0.161341
    39  C   -0.552272
    40  H    0.172801
    41  H    0.148690
    42  H    0.157015
    43  N    0.256895
    44  N    0.246045
    45  C   -0.418178
    46  H    0.204593
    47  H    0.273725
    48  C   -0.226566
    49  H    0.220575
    50  H    0.223672
 Sum of Mulliken atomic charges =   1.00000
 Mulliken charges with hydrogens summed into heavy atoms:
              1
     1  C   -0.215350
     2  C   -0.461822
     3  C    0.654991
     4  C    0.534158
     5  C    0.553847
     6  C    0.583542
     7  C    0.226990
     8  C   -0.268179
     9  C   -0.267485
    10  C   -0.201213
    11  C   -0.319949
    15  C    0.097801
    18  C   -0.083285
    22  C   -0.234198
    25  C   -0.211154
    29  C    0.079786
    32  C   -0.229247
    36  C    0.053775
    39  C   -0.073766
    43  N    0.256895
    44  N    0.246045
    45  C    0.060139
    48  C    0.217682
 Sum of Mulliken charges with hydrogens summed into heavy atoms =   1.00000
          Atomic-Atomic Spin Densities.
              1          2          3          4          5          6
     1  C    0.000000   0.000000   0.000000   0.000000   0.000000   0.000000
     2  C    0.000000   0.000000   0.000000   0.000000   0.000000   0.000000
     3  C    0.000000   0.000000   0.000000   0.000000   0.000000   0.000000
     4  C    0.000000   0.000000   0.000000   0.000000   0.000000   0.000000
     5  C    0.000000   0.000000   0.000000   0.000000   0.000000   0.000000
     6  C    0.000000   0.000000   0.000000   0.000000   0.000000   0.000000
     7  C    0.000000   0.000000   0.000000   0.000000   0.000000   0.000000
     8  C    0.000000   0.000000   0.000000   0.000000   0.000000   0.000000
     9  C    0.000000   0.000000   0.000000   0.000000   0.000000   0.000000
    10  C    0.000000   0.000000   0.000000   0.000000   0.000000   0.000000
    11  C    0.000000   0.000000   0.000000   0.000000   0.000000   0.000000
    12  H    0.000000   0.000000   0.000000   0.000000   0.000000   0.000000
    13  H    0.000000   0.000000   0.000000   0.000000   0.000000   0.000000
    14  H    0.000000   0.000000   0.000000   0.000000   0.000000   0.000000
    15  C    0.000000   0.000000   0.000000   0.000000   0.000000   0.000000
    16  H    0.000000   0.000000   0.000000   0.000000   0.000000   0.000000
    17  H    0.000000   0.000000   0.000000   0.000000   0.000000   0.000000
    18  C    0.000000   0.000000   0.000000   0.000000   0.000000   0.000000
    19  H    0.000000   0.000000   0.000000   0.000000   0.000000   0.000000
    20  H    0.000000   0.000000   0.000000   0.000000   0.000000   0.000000
    21  H    0.000000   0.000000   0.000000   0.000000   0.000000   0.000000
    22  C    0.000000   0.000000   0.000000   0.000000   0.000000   0.000000
    23  H    0.000000   0.000000   0.000000   0.000000   0.000000   0.000000
    24  H    0.000000   0.000000   0.000000   0.000000   0.000000   0.000000
    25  C    0.000000   0.000000   0.000000   0.000000   0.000000   0.000000
    26  H    0.000000   0.000000   0.000000   0.000000   0.000000   0.000000
    27  H    0.000000   0.000000   0.000000   0.000000   0.000000   0.000000
    28  H    0.000000   0.000000   0.000000   0.000000   0.000000   0.000000
    29  C    0.000000   0.000000   0.000000   0.000000   0.000000   0.000000
    30  H    0.000000   0.000000   0.000000   0.000000   0.000000   0.000000
    31  H    0.000000   0.000000   0.000000   0.000000   0.000000   0.000000
    32  C    0.000000   0.000000   0.000000   0.000000   0.000000   0.000000
    33  H    0.000000   0.000000   0.000000   0.000000   0.000000   0.000000
    34  H    0.000000   0.000000   0.000000   0.000000   0.000000   0.000000
    35  H    0.000000   0.000000   0.000000   0.000000   0.000000   0.000000
    36  C    0.000000   0.000000   0.000000   0.000000   0.000000   0.000000
    37  H    0.000000   0.000000   0.000000   0.000000   0.000000   0.000000
    38  H    0.000000   0.000000   0.000000   0.000000   0.000000   0.000000
    39  C    0.000000   0.000000   0.000000   0.000000   0.000000   0.000000
    40  H    0.000000   0.000000   0.000000   0.000000   0.000000   0.000000
    41  H    0.000000   0.000000   0.000000   0.000000   0.000000   0.000000
    42  H    0.000000   0.000000   0.000000   0.000000   0.000000   0.000000
    43  N    0.000000   0.000000   0.000000   0.000000   0.000000   0.000000
    44  N    0.000000   0.000000   0.000000   0.000000   0.000000   0.000000
    45  C    0.000000   0.000000   0.000000   0.000000   0.000000   0.000000
    46  H    0.000000   0.000000   0.000000   0.000000   0.000000   0.000000
    47  H    0.000000   0.000000   0.000000   0.000000   0.000000   0.000000
    48  C    0.000000   0.000000   0.000000   0.000000   0.000000   0.000000
    49  H    0.000000   0.000000   0.000000   0.000000   0.000000   0.000000
    50  H    0.000000   0.000000   0.000000   0.000000   0.000000   0.000000
              7          8          9         10         11         12
     1  C    0.000000   0.000000   0.000000   0.000000   0.000000   0.000000
     2  C    0.000000   0.000000   0.000000   0.000000   0.000000   0.000000
     3  C    0.000000   0.000000   0.000000   0.000000   0.000000   0.000000
     4  C    0.000000   0.000000   0.000000   0.000000   0.000000   0.000000
     5  C    0.000000   0.000000   0.000000   0.000000   0.000000   0.000000
     6  C    0.000000   0.000000   0.000000   0.000000   0.000000   0.000000
     7  C    0.000000   0.000000   0.000000   0.000000   0.000000   0.000000
     8  C    0.000000   0.000000   0.000000   0.000000   0.000000   0.000000
     9  C    0.000000   0.000000   0.000000   0.000000   0.000000   0.000000
    10  C    0.000000   0.000000   0.000000   0.000000   0.000000   0.000000
    11  C    0.000000   0.000000   0.000000   0.000000   0.000000   0.000000
    12  H    0.000000   0.000000   0.000000   0.000000   0.000000   0.000000
    13  H    0.000000   0.000000   0.000000   0.000000   0.000000   0.000000
    14  H    0.000000   0.000000   0.000000   0.000000   0.000000   0.000000
    15  C    0.000000   0.000000   0.000000   0.000000   0.000000   0.000000
    16  H    0.000000   0.000000   0.000000   0.000000   0.000000   0.000000
    17  H    0.000000   0.000000   0.000000   0.000000   0.000000   0.000000
    18  C    0.000000   0.000000   0.000000   0.000000   0.000000   0.000000
    19  H    0.000000   0.000000   0.000000   0.000000   0.000000   0.000000
    20  H    0.000000   0.000000   0.000000   0.000000   0.000000   0.000000
    21  H    0.000000   0.000000   0.000000   0.000000   0.000000   0.000000
    22  C    0.000000   0.000000   0.000000   0.000000   0.000000   0.000000
    23  H    0.000000   0.000000   0.000000   0.000000   0.000000   0.000000
    24  H    0.000000   0.000000   0.000000   0.000000   0.000000   0.000000
    25  C    0.000000   0.000000   0.000000   0.000000   0.000000   0.000000
    26  H    0.000000   0.000000   0.000000   0.000000   0.000000   0.000000
    27  H    0.000000   0.000000   0.000000   0.000000   0.000000   0.000000
    28  H    0.000000   0.000000   0.000000   0.000000   0.000000   0.000000
    29  C    0.000000   0.000000   0.000000   0.000000   0.000000   0.000000
    30  H    0.000000   0.000000   0.000000   0.000000   0.000000   0.000000
    31  H    0.000000   0.000000   0.000000   0.000000   0.000000   0.000000
    32  C    0.000000   0.000000   0.000000   0.000000   0.000000   0.000000
    33  H    0.000000   0.000000   0.000000   0.000000   0.000000   0.000000
    34  H    0.000000   0.000000   0.000000   0.000000   0.000000   0.000000
    35  H    0.000000   0.000000   0.000000   0.000000   0.000000   0.000000
    36  C    0.000000   0.000000   0.000000   0.000000   0.000000   0.000000
    37  H    0.000000   0.000000   0.000000   0.000000   0.000000   0.000000
    38  H    0.000000   0.000000   0.000000   0.000000   0.000000   0.000000
    39  C    0.000000   0.000000   0.000000   0.000000   0.000000   0.000000
    40  H    0.000000   0.000000   0.000000   0.000000   0.000000   0.000000
    41  H    0.000000   0.000000   0.000000   0.000000   0.000000   0.000000
    42  H    0.000000   0.000000   0.000000   0.000000   0.000000   0.000000
    43  N    0.000000   0.000000   0.000000   0.000000   0.000000   0.000000
    44  N    0.000000   0.000000   0.000000   0.000000   0.000000   0.000000
    45  C    0.000000   0.000000   0.000000   0.000000   0.000000   0.000000
    46  H    0.000000   0.000000   0.000000   0.000000   0.000000   0.000000
    47  H    0.000000   0.000000   0.000000   0.000000   0.000000   0.000000
    48  C    0.000000   0.000000   0.000000   0.000000   0.000000   0.000000
    49  H    0.000000   0.000000   0.000000   0.000000   0.000000   0.000000
    50  H    0.000000   0.000000   0.000000   0.000000   0.000000   0.000000
             13         14         15         16         17         18
     1  C    0.000000   0.000000   0.000000   0.000000   0.000000   0.000000
     2  C    0.000000   0.000000   0.000000   0.000000   0.000000   0.000000
     3  C    0.000000   0.000000   0.000000   0.000000   0.000000   0.000000
     4  C    0.000000   0.000000   0.000000   0.000000   0.000000   0.000000
     5  C    0.000000   0.000000   0.000000   0.000000   0.000000   0.000000
     6  C    0.000000   0.000000   0.000000   0.000000   0.000000   0.000000
     7  C    0.000000   0.000000   0.000000   0.000000   0.000000   0.000000
     8  C    0.000000   0.000000   0.000000   0.000000   0.000000   0.000000
     9  C    0.000000   0.000000   0.000000   0.000000   0.000000   0.000000
    10  C    0.000000   0.000000   0.000000   0.000000   0.000000   0.000000
    11  C    0.000000   0.000000   0.000000   0.000000   0.000000   0.000000
    12  H    0.000000   0.000000   0.000000   0.000000   0.000000   0.000000
    13  H    0.000000   0.000000   0.000000   0.000000   0.000000   0.000000
    14  H    0.000000   0.000000   0.000000   0.000000   0.000000   0.000000
    15  C    0.000000   0.000000   0.000000   0.000000   0.000000   0.000000
    16  H    0.000000   0.000000   0.000000   0.000000   0.000000   0.000000
    17  H    0.000000   0.000000   0.000000   0.000000   0.000000   0.000000
    18  C    0.000000   0.000000   0.000000   0.000000   0.000000   0.000000
    19  H    0.000000   0.000000   0.000000   0.000000   0.000000   0.000000
    20  H    0.000000   0.000000   0.000000   0.000000   0.000000   0.000000
    21  H    0.000000   0.000000   0.000000   0.000000   0.000000   0.000000
    22  C    0.000000   0.000000   0.000000   0.000000   0.000000   0.000000
    23  H    0.000000   0.000000   0.000000   0.000000   0.000000   0.000000
    24  H    0.000000   0.000000   0.000000   0.000000   0.000000   0.000000
    25  C    0.000000   0.000000   0.000000   0.000000   0.000000   0.000000
    26  H    0.000000   0.000000   0.000000   0.000000   0.000000   0.000000
    27  H    0.000000   0.000000   0.000000   0.000000   0.000000   0.000000
    28  H    0.000000   0.000000   0.000000   0.000000   0.000000   0.000000
    29  C    0.000000   0.000000   0.000000   0.000000   0.000000   0.000000
    30  H    0.000000   0.000000   0.000000   0.000000   0.000000   0.000000
    31  H    0.000000   0.000000   0.000000   0.000000   0.000000   0.000000
    32  C    0.000000   0.000000   0.000000   0.000000   0.000000   0.000000
    33  H    0.000000   0.000000   0.000000   0.000000   0.000000   0.000000
    34  H    0.000000   0.000000   0.000000   0.000000   0.000000   0.000000
    35  H    0.000000   0.000000   0.000000   0.000000   0.000000   0.000000
    36  C    0.000000   0.000000   0.000000   0.000000   0.000000   0.000000
    37  H    0.000000   0.000000   0.000000   0.000000   0.000000   0.000000
    38  H    0.000000   0.000000   0.000000   0.000000   0.000000   0.000000
    39  C    0.000000   0.000000   0.000000   0.000000   0.000000   0.000000
    40  H    0.000000   0.000000   0.000000   0.000000   0.000000   0.000000
    41  H    0.000000   0.000000   0.000000   0.000000   0.000000   0.000000
    42  H    0.000000   0.000000   0.000000   0.000000   0.000000   0.000000
    43  N    0.000000   0.000000   0.000000   0.000000   0.000000   0.000000
    44  N    0.000000   0.000000   0.000000   0.000000   0.000000   0.000000
    45  C    0.000000   0.000000   0.000000   0.000000   0.000000   0.000000
    46  H    0.000000   0.000000   0.000000   0.000000   0.000000   0.000000
    47  H    0.000000   0.000000   0.000000   0.000000   0.000000   0.000000
    48  C    0.000000   0.000000   0.000000   0.000000   0.000000   0.000000
    49  H    0.000000   0.000000   0.000000   0.000000   0.000000   0.000000
    50  H    0.000000   0.000000   0.000000   0.000000   0.000000   0.000000
             19         20         21         22         23         24
     1  C    0.000000   0.000000   0.000000   0.000000   0.000000   0.000000
     2  C    0.000000   0.000000   0.000000   0.000000   0.000000   0.000000
     3  C    0.000000   0.000000   0.000000   0.000000   0.000000   0.000000
     4  C    0.000000   0.000000   0.000000   0.000000   0.000000   0.000000
     5  C    0.000000   0.000000   0.000000   0.000000   0.000000   0.000000
     6  C    0.000000   0.000000   0.000000   0.000000   0.000000   0.000000
     7  C    0.000000   0.000000   0.000000   0.000000   0.000000   0.000000
     8  C    0.000000   0.000000   0.000000   0.000000   0.000000   0.000000
     9  C    0.000000   0.000000   0.000000   0.000000   0.000000   0.000000
    10  C    0.000000   0.000000   0.000000   0.000000   0.000000   0.000000
    11  C    0.000000   0.000000   0.000000   0.000000   0.000000   0.000000
    12  H    0.000000   0.000000   0.000000   0.000000   0.000000   0.000000
    13  H    0.000000   0.000000   0.000000   0.000000   0.000000   0.000000
    14  H    0.000000   0.000000   0.000000   0.000000   0.000000   0.000000
    15  C    0.000000   0.000000   0.000000   0.000000   0.000000   0.000000
    16  H    0.000000   0.000000   0.000000   0.000000   0.000000   0.000000
    17  H    0.000000   0.000000   0.000000   0.000000   0.000000   0.000000
    18  C    0.000000   0.000000   0.000000   0.000000   0.000000   0.000000
    19  H    0.000000   0.000000   0.000000   0.000000   0.000000   0.000000
    20  H    0.000000   0.000000   0.000000   0.000000   0.000000   0.000000
    21  H    0.000000   0.000000   0.000000   0.000000   0.000000   0.000000
    22  C    0.000000   0.000000   0.000000   0.000000   0.000000   0.000000
    23  H    0.000000   0.000000   0.000000   0.000000   0.000000   0.000000
    24  H    0.000000   0.000000   0.000000   0.000000   0.000000   0.000000
    25  C    0.000000   0.000000   0.000000   0.000000   0.000000   0.000000
    26  H    0.000000   0.000000   0.000000   0.000000   0.000000   0.000000
    27  H    0.000000   0.000000   0.000000   0.000000   0.000000   0.000000
    28  H    0.000000   0.000000   0.000000   0.000000   0.000000   0.000000
    29  C    0.000000   0.000000   0.000000   0.000000   0.000000   0.000000
    30  H    0.000000   0.000000   0.000000   0.000000   0.000000   0.000000
    31  H    0.000000   0.000000   0.000000   0.000000   0.000000   0.000000
    32  C    0.000000   0.000000   0.000000   0.000000   0.000000   0.000000
    33  H    0.000000   0.000000   0.000000   0.000000   0.000000   0.000000
    34  H    0.000000   0.000000   0.000000   0.000000   0.000000   0.000000
    35  H    0.000000   0.000000   0.000000   0.000000   0.000000   0.000000
    36  C    0.000000   0.000000   0.000000   0.000000   0.000000   0.000000
    37  H    0.000000   0.000000   0.000000   0.000000   0.000000   0.000000
    38  H    0.000000   0.000000   0.000000   0.000000   0.000000   0.000000
    39  C    0.000000   0.000000   0.000000   0.000000   0.000000   0.000000
    40  H    0.000000   0.000000   0.000000   0.000000   0.000000   0.000000
    41  H    0.000000   0.000000   0.000000   0.000000   0.000000   0.000000
    42  H    0.000000   0.000000   0.000000   0.000000   0.000000   0.000000
    43  N    0.000000   0.000000   0.000000   0.000000   0.000000   0.000000
    44  N    0.000000   0.000000   0.000000   0.000000   0.000000   0.000000
    45  C    0.000000   0.000000   0.000000   0.000000   0.000000   0.000000
    46  H    0.000000   0.000000   0.000000   0.000000   0.000000   0.000000
    47  H    0.000000   0.000000   0.000000   0.000000   0.000000   0.000000
    48  C    0.000000   0.000000   0.000000   0.000000   0.000000   0.000000
    49  H    0.000000   0.000000   0.000000   0.000000   0.000000   0.000000
    50  H    0.000000   0.000000   0.000000   0.000000   0.000000   0.000000
             25         26         27         28         29         30
     1  C    0.000000   0.000000   0.000000   0.000000   0.000000   0.000000
     2  C    0.000000   0.000000   0.000000   0.000000   0.000000   0.000000
     3  C    0.000000   0.000000   0.000000   0.000000   0.000000   0.000000
     4  C    0.000000   0.000000   0.000000   0.000000   0.000000   0.000000
     5  C    0.000000   0.000000   0.000000   0.000000   0.000000   0.000000
     6  C    0.000000   0.000000   0.000000   0.000000   0.000000   0.000000
     7  C    0.000000   0.000000   0.000000   0.000000   0.000000   0.000000
     8  C    0.000000   0.000000   0.000000   0.000000   0.000000   0.000000
     9  C    0.000000   0.000000   0.000000   0.000000   0.000000   0.000000
    10  C    0.000000   0.000000   0.000000   0.000000   0.000000   0.000000
    11  C    0.000000   0.000000   0.000000   0.000000   0.000000   0.000000
    12  H    0.000000   0.000000   0.000000   0.000000   0.000000   0.000000
    13  H    0.000000   0.000000   0.000000   0.000000   0.000000   0.000000
    14  H    0.000000   0.000000   0.000000   0.000000   0.000000   0.000000
    15  C    0.000000   0.000000   0.000000   0.000000   0.000000   0.000000
    16  H    0.000000   0.000000   0.000000   0.000000   0.000000   0.000000
    17  H    0.000000   0.000000   0.000000   0.000000   0.000000   0.000000
    18  C    0.000000   0.000000   0.000000   0.000000   0.000000   0.000000
    19  H    0.000000   0.000000   0.000000   0.000000   0.000000   0.000000
    20  H    0.000000   0.000000   0.000000   0.000000   0.000000   0.000000
    21  H    0.000000   0.000000   0.000000   0.000000   0.000000   0.000000
    22  C    0.000000   0.000000   0.000000   0.000000   0.000000   0.000000
    23  H    0.000000   0.000000   0.000000   0.000000   0.000000   0.000000
    24  H    0.000000   0.000000   0.000000   0.000000   0.000000   0.000000
    25  C    0.000000   0.000000   0.000000   0.000000   0.000000   0.000000
    26  H    0.000000   0.000000   0.000000   0.000000   0.000000   0.000000
    27  H    0.000000   0.000000   0.000000   0.000000   0.000000   0.000000
    28  H    0.000000   0.000000   0.000000   0.000000   0.000000   0.000000
    29  C    0.000000   0.000000   0.000000   0.000000   0.000000   0.000000
    30  H    0.000000   0.000000   0.000000   0.000000   0.000000   0.000000
    31  H    0.000000   0.000000   0.000000   0.000000   0.000000   0.000000
    32  C    0.000000   0.000000   0.000000   0.000000   0.000000   0.000000
    33  H    0.000000   0.000000   0.000000   0.000000   0.000000   0.000000
    34  H    0.000000   0.000000   0.000000   0.000000   0.000000   0.000000
    35  H    0.000000   0.000000   0.000000   0.000000   0.000000   0.000000
    36  C    0.000000   0.000000   0.000000   0.000000   0.000000   0.000000
    37  H    0.000000   0.000000   0.000000   0.000000   0.000000   0.000000
    38  H    0.000000   0.000000   0.000000   0.000000   0.000000   0.000000
    39  C    0.000000   0.000000   0.000000   0.000000   0.000000   0.000000
    40  H    0.000000   0.000000   0.000000   0.000000   0.000000   0.000000
    41  H    0.000000   0.000000   0.000000   0.000000   0.000000   0.000000
    42  H    0.000000   0.000000   0.000000   0.000000   0.000000   0.000000
    43  N    0.000000   0.000000   0.000000   0.000000   0.000000   0.000000
    44  N    0.000000   0.000000   0.000000   0.000000   0.000000   0.000000
    45  C    0.000000   0.000000   0.000000   0.000000   0.000000   0.000000
    46  H    0.000000   0.000000   0.000000   0.000000   0.000000   0.000000
    47  H    0.000000   0.000000   0.000000   0.000000   0.000000   0.000000
    48  C    0.000000   0.000000   0.000000   0.000000   0.000000   0.000000
    49  H    0.000000   0.000000   0.000000   0.000000   0.000000   0.000000
    50  H    0.000000   0.000000   0.000000   0.000000   0.000000   0.000000
             31         32         33         34         35         36
     1  C    0.000000   0.000000   0.000000   0.000000   0.000000   0.000000
     2  C    0.000000   0.000000   0.000000   0.000000   0.000000   0.000000
     3  C    0.000000   0.000000   0.000000   0.000000   0.000000   0.000000
     4  C    0.000000   0.000000   0.000000   0.000000   0.000000   0.000000
     5  C    0.000000   0.000000   0.000000   0.000000   0.000000   0.000000
     6  C    0.000000   0.000000   0.000000   0.000000   0.000000   0.000000
     7  C    0.000000   0.000000   0.000000   0.000000   0.000000   0.000000
     8  C    0.000000   0.000000   0.000000   0.000000   0.000000   0.000000
     9  C    0.000000   0.000000   0.000000   0.000000   0.000000   0.000000
    10  C    0.000000   0.000000   0.000000   0.000000   0.000000   0.000000
    11  C    0.000000   0.000000   0.000000   0.000000   0.000000   0.000000
    12  H    0.000000   0.000000   0.000000   0.000000   0.000000   0.000000
    13  H    0.000000   0.000000   0.000000   0.000000   0.000000   0.000000
    14  H    0.000000   0.000000   0.000000   0.000000   0.000000   0.000000
    15  C    0.000000   0.000000   0.000000   0.000000   0.000000   0.000000
    16  H    0.000000   0.000000   0.000000   0.000000   0.000000   0.000000
    17  H    0.000000   0.000000   0.000000   0.000000   0.000000   0.000000
    18  C    0.000000   0.000000   0.000000   0.000000   0.000000   0.000000
    19  H    0.000000   0.000000   0.000000   0.000000   0.000000   0.000000
    20  H    0.000000   0.000000   0.000000   0.000000   0.000000   0.000000
    21  H    0.000000   0.000000   0.000000   0.000000   0.000000   0.000000
    22  C    0.000000   0.000000   0.000000   0.000000   0.000000   0.000000
    23  H    0.000000   0.000000   0.000000   0.000000   0.000000   0.000000
    24  H    0.000000   0.000000   0.000000   0.000000   0.000000   0.000000
    25  C    0.000000   0.000000   0.000000   0.000000   0.000000   0.000000
    26  H    0.000000   0.000000   0.000000   0.000000   0.000000   0.000000
    27  H    0.000000   0.000000   0.000000   0.000000   0.000000   0.000000
    28  H    0.000000   0.000000   0.000000   0.000000   0.000000   0.000000
    29  C    0.000000   0.000000   0.000000   0.000000   0.000000   0.000000
    30  H    0.000000   0.000000   0.000000   0.000000   0.000000   0.000000
    31  H    0.000000   0.000000   0.000000   0.000000   0.000000   0.000000
    32  C    0.000000   0.000000   0.000000   0.000000   0.000000   0.000000
    33  H    0.000000   0.000000   0.000000   0.000000   0.000000   0.000000
    34  H    0.000000   0.000000   0.000000   0.000000   0.000000   0.000000
    35  H    0.000000   0.000000   0.000000   0.000000   0.000000   0.000000
    36  C    0.000000   0.000000   0.000000   0.000000   0.000000   0.000000
    37  H    0.000000   0.000000   0.000000   0.000000   0.000000   0.000000
    38  H    0.000000   0.000000   0.000000   0.000000   0.000000   0.000000
    39  C    0.000000   0.000000   0.000000   0.000000   0.000000   0.000000
    40  H    0.000000   0.000000   0.000000   0.000000   0.000000   0.000000
    41  H    0.000000   0.000000   0.000000   0.000000   0.000000   0.000000
    42  H    0.000000   0.000000   0.000000   0.000000   0.000000   0.000000
    43  N    0.000000   0.000000   0.000000   0.000000   0.000000   0.000000
    44  N    0.000000   0.000000   0.000000   0.000000   0.000000   0.000000
    45  C    0.000000   0.000000   0.000000   0.000000   0.000000   0.000000
    46  H    0.000000   0.000000   0.000000   0.000000   0.000000   0.000000
    47  H    0.000000   0.000000   0.000000   0.000000   0.000000   0.000000
    48  C    0.000000   0.000000   0.000000   0.000000   0.000000   0.000000
    49  H    0.000000   0.000000   0.000000   0.000000   0.000000   0.000000
    50  H    0.000000   0.000000   0.000000   0.000000   0.000000   0.000000
             37         38         39         40         41         42
     1  C    0.000000   0.000000   0.000000   0.000000   0.000000   0.000000
     2  C    0.000000   0.000000   0.000000   0.000000   0.000000   0.000000
     3  C    0.000000   0.000000   0.000000   0.000000   0.000000   0.000000
     4  C    0.000000   0.000000   0.000000   0.000000   0.000000   0.000000
     5  C    0.000000   0.000000   0.000000   0.000000   0.000000   0.000000
     6  C    0.000000   0.000000   0.000000   0.000000   0.000000   0.000000
     7  C    0.000000   0.000000   0.000000   0.000000   0.000000   0.000000
     8  C    0.000000   0.000000   0.000000   0.000000   0.000000   0.000000
     9  C    0.000000   0.000000   0.000000   0.000000   0.000000   0.000000
    10  C    0.000000   0.000000   0.000000   0.000000   0.000000   0.000000
    11  C    0.000000   0.000000   0.000000   0.000000   0.000000   0.000000
    12  H    0.000000   0.000000   0.000000   0.000000   0.000000   0.000000
    13  H    0.000000   0.000000   0.000000   0.000000   0.000000   0.000000
    14  H    0.000000   0.000000   0.000000   0.000000   0.000000   0.000000
    15  C    0.000000   0.000000   0.000000   0.000000   0.000000   0.000000
    16  H    0.000000   0.000000   0.000000   0.000000   0.000000   0.000000
    17  H    0.000000   0.000000   0.000000   0.000000   0.000000   0.000000
    18  C    0.000000   0.000000   0.000000   0.000000   0.000000   0.000000
    19  H    0.000000   0.000000   0.000000   0.000000   0.000000   0.000000
    20  H    0.000000   0.000000   0.000000   0.000000   0.000000   0.000000
    21  H    0.000000   0.000000   0.000000   0.000000   0.000000   0.000000
    22  C    0.000000   0.000000   0.000000   0.000000   0.000000   0.000000
    23  H    0.000000   0.000000   0.000000   0.000000   0.000000   0.000000
    24  H    0.000000   0.000000   0.000000   0.000000   0.000000   0.000000
    25  C    0.000000   0.000000   0.000000   0.000000   0.000000   0.000000
    26  H    0.000000   0.000000   0.000000   0.000000   0.000000   0.000000
    27  H    0.000000   0.000000   0.000000   0.000000   0.000000   0.000000
    28  H    0.000000   0.000000   0.000000   0.000000   0.000000   0.000000
    29  C    0.000000   0.000000   0.000000   0.000000   0.000000   0.000000
    30  H    0.000000   0.000000   0.000000   0.000000   0.000000   0.000000
    31  H    0.000000   0.000000   0.000000   0.000000   0.000000   0.000000
    32  C    0.000000   0.000000   0.000000   0.000000   0.000000   0.000000
    33  H    0.000000   0.000000   0.000000   0.000000   0.000000   0.000000
    34  H    0.000000   0.000000   0.000000   0.000000   0.000000   0.000000
    35  H    0.000000   0.000000   0.000000   0.000000   0.000000   0.000000
    36  C    0.000000   0.000000   0.000000   0.000000   0.000000   0.000000
    37  H    0.000000   0.000000   0.000000   0.000000   0.000000   0.000000
    38  H    0.000000   0.000000   0.000000   0.000000   0.000000   0.000000
    39  C    0.000000   0.000000   0.000000   0.000000   0.000000   0.000000
    40  H    0.000000   0.000000   0.000000   0.000000   0.000000   0.000000
    41  H    0.000000   0.000000   0.000000   0.000000   0.000000   0.000000
    42  H    0.000000   0.000000   0.000000   0.000000   0.000000   0.000000
    43  N    0.000000   0.000000   0.000000   0.000000   0.000000   0.000000
    44  N    0.000000   0.000000   0.000000   0.000000   0.000000   0.000000
    45  C    0.000000   0.000000   0.000000   0.000000   0.000000   0.000000
    46  H    0.000000   0.000000   0.000000   0.000000   0.000000   0.000000
    47  H    0.000000   0.000000   0.000000   0.000000   0.000000   0.000000
    48  C    0.000000   0.000000   0.000000   0.000000   0.000000   0.000000
    49  H    0.000000   0.000000   0.000000   0.000000   0.000000   0.000000
    50  H    0.000000   0.000000   0.000000   0.000000   0.000000   0.000000
             43         44         45         46         47         48
     1  C    0.000000   0.000000   0.000000   0.000000   0.000000   0.000000
     2  C    0.000000   0.000000   0.000000   0.000000   0.000000   0.000000
     3  C    0.000000   0.000000   0.000000   0.000000   0.000000   0.000000
     4  C    0.000000   0.000000   0.000000   0.000000   0.000000   0.000000
     5  C    0.000000   0.000000   0.000000   0.000000   0.000000   0.000000
     6  C    0.000000   0.000000   0.000000   0.000000   0.000000   0.000000
     7  C    0.000000   0.000000   0.000000   0.000000   0.000000   0.000000
     8  C    0.000000   0.000000   0.000000   0.000000   0.000000   0.000000
     9  C    0.000000   0.000000   0.000000   0.000000   0.000000   0.000000
    10  C    0.000000   0.000000   0.000000   0.000000   0.000000   0.000000
    11  C    0.000000   0.000000   0.000000   0.000000   0.000000   0.000000
    12  H    0.000000   0.000000   0.000000   0.000000   0.000000   0.000000
    13  H    0.000000   0.000000   0.000000   0.000000   0.000000   0.000000
    14  H    0.000000   0.000000   0.000000   0.000000   0.000000   0.000000
    15  C    0.000000   0.000000   0.000000   0.000000   0.000000   0.000000
    16  H    0.000000   0.000000   0.000000   0.000000   0.000000   0.000000
    17  H    0.000000   0.000000   0.000000   0.000000   0.000000   0.000000
    18  C    0.000000   0.000000   0.000000   0.000000   0.000000   0.000000
    19  H    0.000000   0.000000   0.000000   0.000000   0.000000   0.000000
    20  H    0.000000   0.000000   0.000000   0.000000   0.000000   0.000000
    21  H    0.000000   0.000000   0.000000   0.000000   0.000000   0.000000
    22  C    0.000000   0.000000   0.000000   0.000000   0.000000   0.000000
    23  H    0.000000   0.000000   0.000000   0.000000   0.000000   0.000000
    24  H    0.000000   0.000000   0.000000   0.000000   0.000000   0.000000
    25  C    0.000000   0.000000   0.000000   0.000000   0.000000   0.000000
    26  H    0.000000   0.000000   0.000000   0.000000   0.000000   0.000000
    27  H    0.000000   0.000000   0.000000   0.000000   0.000000   0.000000
    28  H    0.000000   0.000000   0.000000   0.000000   0.000000   0.000000
    29  C    0.000000   0.000000   0.000000   0.000000   0.000000   0.000000
    30  H    0.000000   0.000000   0.000000   0.000000   0.000000   0.000000
    31  H    0.000000   0.000000   0.000000   0.000000   0.000000   0.000000
    32  C    0.000000   0.000000   0.000000   0.000000   0.000000   0.000000
    33  H    0.000000   0.000000   0.000000   0.000000   0.000000   0.000000
    34  H    0.000000   0.000000   0.000000   0.000000   0.000000   0.000000
    35  H    0.000000   0.000000   0.000000   0.000000   0.000000   0.000000
    36  C    0.000000   0.000000   0.000000   0.000000   0.000000   0.000000
    37  H    0.000000   0.000000   0.000000   0.000000   0.000000   0.000000
    38  H    0.000000   0.000000   0.000000   0.000000   0.000000   0.000000
    39  C    0.000000   0.000000   0.000000   0.000000   0.000000   0.000000
    40  H    0.000000   0.000000   0.000000   0.000000   0.000000   0.000000
    41  H    0.000000   0.000000   0.000000   0.000000   0.000000   0.000000
    42  H    0.000000   0.000000   0.000000   0.000000   0.000000   0.000000
    43  N    0.000000   0.000000   0.000000   0.000000   0.000000   0.000000
    44  N    0.000000   0.000000   0.000000   0.000000   0.000000   0.000000
    45  C    0.000000   0.000000   0.000000   0.000000   0.000000   0.000000
    46  H    0.000000   0.000000   0.000000   0.000000   0.000000   0.000000
    47  H    0.000000   0.000000   0.000000   0.000000   0.000000   0.000000
    48  C    0.000000   0.000000   0.000000   0.000000   0.000000   0.000000
    49  H    0.000000   0.000000   0.000000   0.000000   0.000000   0.000000
    50  H    0.000000   0.000000   0.000000   0.000000   0.000000   0.000000
             49         50
     1  C    0.000000   0.000000
     2  C    0.000000   0.000000
     3  C    0.000000   0.000000
     4  C    0.000000   0.000000
     5  C    0.000000   0.000000
     6  C    0.000000   0.000000
     7  C    0.000000   0.000000
     8  C    0.000000   0.000000
     9  C    0.000000   0.000000
    10  C    0.000000   0.000000
    11  C    0.000000   0.000000
    12  H    0.000000   0.000000
    13  H    0.000000   0.000000
    14  H    0.000000   0.000000
    15  C    0.000000   0.000000
    16  H    0.000000   0.000000
    17  H    0.000000   0.000000
    18  C    0.000000   0.000000
    19  H    0.000000   0.000000
    20  H    0.000000   0.000000
    21  H    0.000000   0.000000
    22  C    0.000000   0.000000
    23  H    0.000000   0.000000
    24  H    0.000000   0.000000
    25  C    0.000000   0.000000
    26  H    0.000000   0.000000
    27  H    0.000000   0.000000
    28  H    0.000000   0.000000
    29  C    0.000000   0.000000
    30  H    0.000000   0.000000
    31  H    0.000000   0.000000
    32  C    0.000000   0.000000
    33  H    0.000000   0.000000
    34  H    0.000000   0.000000
    35  H    0.000000   0.000000
    36  C    0.000000   0.000000
    37  H    0.000000   0.000000
    38  H    0.000000   0.000000
    39  C    0.000000   0.000000
    40  H    0.000000   0.000000
    41  H    0.000000   0.000000
    42  H    0.000000   0.000000
    43  N    0.000000   0.000000
    44  N    0.000000   0.000000
    45  C    0.000000   0.000000
    46  H    0.000000   0.000000
    47  H    0.000000   0.000000
    48  C    0.000000   0.000000
    49  H    0.000000   0.000000
    50  H    0.000000   0.000000
 Mulliken atomic spin densities:
              1
     1  C    0.000000
     2  C    0.000000
     3  C    0.000000
     4  C    0.000000
     5  C    0.000000
     6  C    0.000000
     7  C    0.000000
     8  C    0.000000
     9  C    0.000000
    10  C    0.000000
    11  C    0.000000
    12  H    0.000000
    13  H    0.000000
    14  H    0.000000
    15  C    0.000000
    16  H    0.000000
    17  H    0.000000
    18  C    0.000000
    19  H    0.000000
    20  H    0.000000
    21  H    0.000000
    22  C    0.000000
    23  H    0.000000
    24  H    0.000000
    25  C    0.000000
    26  H    0.000000
    27  H    0.000000
    28  H    0.000000
    29  C    0.000000
    30  H    0.000000
    31  H    0.000000
    32  C    0.000000
    33  H    0.000000
    34  H    0.000000
    35  H    0.000000
    36  C    0.000000
    37  H    0.000000
    38  H    0.000000
    39  C    0.000000
    40  H    0.000000
    41  H    0.000000
    42  H    0.000000
    43  N    0.000000
    44  N    0.000000
    45  C    0.000000
    46  H    0.000000
    47  H    0.000000
    48  C    0.000000
    49  H    0.000000
    50  H    0.000000
 Sum of Mulliken atomic spin densities =   0.00000
 Electronic spatial extent (au):  <R**2>=           7617.9348
 Charge=              1.0000 electrons
 Dipole moment (field-independent basis, Debye):
    X=             -0.1361    Y=             -6.4946    Z=              1.2964  Tot=              6.6242
 Quadrupole moment (field-independent basis, Debye-Ang):
   XX=            -96.5427   YY=           -100.3175   ZZ=           -138.1884
   XY=             -0.2322   XZ=             -0.0549   YZ=             -6.4089
 Traceless Quadrupole moment (field-independent basis, Debye-Ang):
   XX=             15.1401   YY=             11.3654   ZZ=            -26.5055
   XY=             -0.2322   XZ=             -0.0549   YZ=             -6.4089
 Octapole moment (field-independent basis, Debye-Ang**2):
  XXX=              0.9479  YYY=            -47.4161  ZZZ=             10.3547  XYY=              0.2620
  XXY=            -23.4233  XXZ=              3.3005  XZZ=             -1.9777  YZZ=            -20.3487
  YYZ=              3.7863  XYZ=             -0.5699
 Hexadecapole moment (field-independent basis, Debye-Ang**3):
 XXXX=          -5986.3175 YYYY=          -2923.4217 ZZZZ=           -535.4455 XXXY=             -8.3988
 XXXZ=              7.5618 YYYX=              2.0087 YYYZ=            -80.4298 ZZZX=             -1.5264
 ZZZY=            -14.5656 XXYY=          -1482.5366 XXZZ=          -1199.7079 YYZZ=           -638.2492
 XXYZ=            -20.1187 YYXZ=             -3.9065 ZZXY=             -1.1585
 N-N= 1.988741016006D+03 E-N=-9.153221898469D+03  KE= 1.382260449591D+03
                          Isotropic Fermi Contact Couplings
        Atom                 a.u.       MegaHertz       Gauss      10(-4) cm-1
     1  C(13)              0.00000       0.00000       0.00000       0.00000
     2  C(13)              0.00000       0.00000       0.00000       0.00000
     3  C(13)              0.00000       0.00000       0.00000       0.00000
     4  C(13)              0.00000       0.00000       0.00000       0.00000
     5  C(13)              0.00000       0.00000       0.00000       0.00000
     6  C(13)              0.00000       0.00000       0.00000       0.00000
     7  C(13)              0.00000       0.00000       0.00000       0.00000
     8  C(13)              0.00000       0.00000       0.00000       0.00000
     9  C(13)              0.00000       0.00000       0.00000       0.00000
    10  C(13)              0.00000       0.00000       0.00000       0.00000
    11  C(13)              0.00000       0.00000       0.00000       0.00000
    12  H(1)               0.00000       0.00000       0.00000       0.00000
    13  H(1)               0.00000       0.00000       0.00000       0.00000
    14  H(1)               0.00000       0.00000       0.00000       0.00000
    15  C(13)              0.00000       0.00000       0.00000       0.00000
    16  H(1)               0.00000       0.00000       0.00000       0.00000
    17  H(1)               0.00000       0.00000       0.00000       0.00000
    18  C(13)              0.00000       0.00000       0.00000       0.00000
    19  H(1)               0.00000       0.00000       0.00000       0.00000
    20  H(1)               0.00000       0.00000       0.00000       0.00000
    21  H(1)               0.00000       0.00000       0.00000       0.00000
    22  C(13)              0.00000       0.00000       0.00000       0.00000
    23  H(1)               0.00000       0.00000       0.00000       0.00000
    24  H(1)               0.00000       0.00000       0.00000       0.00000
    25  C(13)              0.00000       0.00000       0.00000       0.00000
    26  H(1)               0.00000       0.00000       0.00000       0.00000
    27  H(1)               0.00000       0.00000       0.00000       0.00000
    28  H(1)               0.00000       0.00000       0.00000       0.00000
    29  C(13)              0.00000       0.00000       0.00000       0.00000
    30  H(1)               0.00000       0.00000       0.00000       0.00000
    31  H(1)               0.00000       0.00000       0.00000       0.00000
    32  C(13)              0.00000       0.00000       0.00000       0.00000
    33  H(1)               0.00000       0.00000       0.00000       0.00000
    34  H(1)               0.00000       0.00000       0.00000       0.00000
    35  H(1)               0.00000       0.00000       0.00000       0.00000
    36  C(13)              0.00000       0.00000       0.00000       0.00000
    37  H(1)               0.00000       0.00000       0.00000       0.00000
    38  H(1)               0.00000       0.00000       0.00000       0.00000
    39  C(13)              0.00000       0.00000       0.00000       0.00000
    40  H(1)               0.00000       0.00000       0.00000       0.00000
    41  H(1)               0.00000       0.00000       0.00000       0.00000
    42  H(1)               0.00000       0.00000       0.00000       0.00000
    43  N(14)              0.00000       0.00000       0.00000       0.00000
    44  N(14)              0.00000       0.00000       0.00000       0.00000
    45  C(13)              0.00000       0.00000       0.00000       0.00000
    46  H(1)               0.00000       0.00000       0.00000       0.00000
    47  H(1)               0.00000       0.00000       0.00000       0.00000
    48  C(13)              0.00000       0.00000       0.00000       0.00000
    49  H(1)               0.00000       0.00000       0.00000       0.00000
    50  H(1)               0.00000       0.00000       0.00000       0.00000
 --------------------------------------------------------
       Center         ----  Spin Dipole Couplings  ----
                      3XX-RR        3YY-RR        3ZZ-RR
 --------------------------------------------------------
     1   Atom        0.000000      0.000000      0.000000
     2   Atom        0.000000      0.000000      0.000000
     3   Atom        0.000000      0.000000      0.000000
     4   Atom        0.000000      0.000000      0.000000
     5   Atom        0.000000      0.000000      0.000000
     6   Atom        0.000000      0.000000      0.000000
     7   Atom        0.000000      0.000000      0.000000
     8   Atom        0.000000      0.000000      0.000000
     9   Atom        0.000000      0.000000      0.000000
    10   Atom        0.000000      0.000000      0.000000
    11   Atom        0.000000      0.000000      0.000000
    12   Atom        0.000000      0.000000      0.000000
    13   Atom        0.000000      0.000000      0.000000
    14   Atom        0.000000      0.000000      0.000000
    15   Atom        0.000000      0.000000      0.000000
    16   Atom        0.000000      0.000000      0.000000
    17   Atom        0.000000      0.000000      0.000000
    18   Atom        0.000000      0.000000      0.000000
    19   Atom        0.000000      0.000000      0.000000
    20   Atom        0.000000      0.000000      0.000000
    21   Atom        0.000000      0.000000      0.000000
    22   Atom        0.000000      0.000000      0.000000
    23   Atom        0.000000      0.000000      0.000000
    24   Atom        0.000000      0.000000      0.000000
    25   Atom        0.000000      0.000000      0.000000
    26   Atom        0.000000      0.000000      0.000000
    27   Atom        0.000000      0.000000      0.000000
    28   Atom        0.000000      0.000000      0.000000
    29   Atom        0.000000      0.000000      0.000000
    30   Atom        0.000000      0.000000      0.000000
    31   Atom        0.000000      0.000000      0.000000
    32   Atom        0.000000      0.000000      0.000000
    33   Atom        0.000000      0.000000      0.000000
    34   Atom        0.000000      0.000000      0.000000
    35   Atom        0.000000      0.000000      0.000000
    36   Atom        0.000000      0.000000      0.000000
    37   Atom        0.000000      0.000000      0.000000
    38   Atom        0.000000      0.000000      0.000000
    39   Atom        0.000000      0.000000      0.000000
    40   Atom        0.000000      0.000000      0.000000
    41   Atom        0.000000      0.000000      0.000000
    42   Atom        0.000000      0.000000      0.000000
    43   Atom        0.000000      0.000000      0.000000
    44   Atom        0.000000      0.000000      0.000000
    45   Atom        0.000000      0.000000      0.000000
    46   Atom        0.000000      0.000000      0.000000
    47   Atom        0.000000      0.000000      0.000000
    48   Atom        0.000000      0.000000      0.000000
    49   Atom        0.000000      0.000000      0.000000
    50   Atom        0.000000      0.000000      0.000000
 --------------------------------------------------------
                        XY            XZ            YZ
 --------------------------------------------------------
     1   Atom        0.000000      0.000000      0.000000
     2   Atom        0.000000      0.000000      0.000000
     3   Atom        0.000000      0.000000      0.000000
     4   Atom        0.000000      0.000000      0.000000
     5   Atom        0.000000      0.000000      0.000000
     6   Atom        0.000000      0.000000      0.000000
     7   Atom        0.000000      0.000000      0.000000
     8   Atom        0.000000      0.000000      0.000000
     9   Atom        0.000000      0.000000      0.000000
    10   Atom        0.000000      0.000000      0.000000
    11   Atom        0.000000      0.000000      0.000000
    12   Atom        0.000000      0.000000      0.000000
    13   Atom        0.000000      0.000000      0.000000
    14   Atom        0.000000      0.000000      0.000000
    15   Atom        0.000000      0.000000      0.000000
    16   Atom        0.000000      0.000000      0.000000
    17   Atom        0.000000      0.000000      0.000000
    18   Atom        0.000000      0.000000      0.000000
    19   Atom        0.000000      0.000000      0.000000
    20   Atom        0.000000      0.000000      0.000000
    21   Atom        0.000000      0.000000      0.000000
    22   Atom        0.000000      0.000000      0.000000
    23   Atom        0.000000      0.000000      0.000000
    24   Atom        0.000000      0.000000      0.000000
    25   Atom        0.000000      0.000000      0.000000
    26   Atom        0.000000      0.000000      0.000000
    27   Atom        0.000000      0.000000      0.000000
    28   Atom        0.000000      0.000000      0.000000
    29   Atom        0.000000      0.000000      0.000000
    30   Atom        0.000000      0.000000      0.000000
    31   Atom        0.000000      0.000000      0.000000
    32   Atom        0.000000      0.000000      0.000000
    33   Atom        0.000000      0.000000      0.000000
    34   Atom        0.000000      0.000000      0.000000
    35   Atom        0.000000      0.000000      0.000000
    36   Atom        0.000000      0.000000      0.000000
    37   Atom        0.000000      0.000000      0.000000
    38   Atom        0.000000      0.000000      0.000000
    39   Atom        0.000000      0.000000      0.000000
    40   Atom        0.000000      0.000000      0.000000
    41   Atom        0.000000      0.000000      0.000000
    42   Atom        0.000000      0.000000      0.000000
    43   Atom        0.000000      0.000000      0.000000
    44   Atom        0.000000      0.000000      0.000000
    45   Atom        0.000000      0.000000      0.000000
    46   Atom        0.000000      0.000000      0.000000
    47   Atom        0.000000      0.000000      0.000000
    48   Atom        0.000000      0.000000      0.000000
    49   Atom        0.000000      0.000000      0.000000
    50   Atom        0.000000      0.000000      0.000000
 --------------------------------------------------------


 ---------------------------------------------------------------------------------
              Anisotropic Spin Dipole Couplings in Principal Axis System
 ---------------------------------------------------------------------------------

       Atom             a.u.   MegaHertz   Gauss  10(-4) cm-1        Axes

              Baa     0.0000     0.000     0.000     0.000 -0.0909 -0.2558  0.9624
     1 C(13)  Bbb     0.0000     0.000     0.000     0.000  0.3789  0.8849  0.2710
              Bcc     0.0000     0.000     0.000     0.000  0.9210 -0.3893 -0.0165
 
              Baa     0.0000     0.000     0.000     0.000  0.8074  0.0067  0.5899
     2 C(13)  Bbb     0.0000     0.000     0.000     0.000  0.4005  0.7280 -0.5564
              Bcc     0.0000     0.000     0.000     0.000 -0.4332  0.6855  0.5851
 
              Baa     0.0000     0.000     0.000     0.000  0.9186  0.3691 -0.1410
     3 C(13)  Bbb     0.0000     0.000     0.000     0.000 -0.3679  0.6686 -0.6462
              Bcc     0.0000     0.000     0.000     0.000 -0.1443  0.6455  0.7500
 
              Baa     0.0000     0.000     0.000     0.000  0.1732  0.1624  0.9714
     4 C(13)  Bbb     0.0000     0.000     0.000     0.000 -0.5255  0.8494 -0.0483
              Bcc     0.0000     0.000     0.000     0.000  0.8330  0.5021 -0.2324
 
              Baa     0.0000     0.000     0.000     0.000 -0.1980 -0.2196  0.9553
     5 C(13)  Bbb     0.0000     0.000     0.000     0.000 -0.4967  0.8627  0.0954
              Bcc     0.0000     0.000     0.000     0.000  0.8451  0.4556  0.2799
 
              Baa     0.0000     0.000     0.000     0.000  0.0038  0.9833  0.1819
     6 C(13)  Bbb     0.0000     0.000     0.000     0.000  0.1213 -0.1810  0.9760
              Bcc     0.0000     0.000     0.000     0.000  0.9926  0.0183 -0.1200
 
              Baa     0.0000     0.000     0.000     0.000 -0.2111  0.5136  0.8317
     7 C(13)  Bbb     0.0000     0.000     0.000     0.000 -0.4016  0.7301 -0.5528
              Bcc     0.0000     0.000     0.000     0.000  0.8912  0.4507 -0.0522
 
              Baa     0.0000     0.000     0.000     0.000  0.9747  0.1935 -0.1120
     8 C(13)  Bbb     0.0000     0.000     0.000     0.000 -0.0111  0.5421  0.8402
              Bcc     0.0000     0.000     0.000     0.000 -0.2233  0.8177 -0.5305
 
              Baa     0.0000     0.000     0.000     0.000  0.0951  0.4312  0.8973
     9 C(13)  Bbb     0.0000     0.000     0.000     0.000  0.9225  0.3006 -0.2422
              Bcc     0.0000     0.000     0.000     0.000 -0.3742  0.8507 -0.3692
 
              Baa     0.0000     0.000     0.000     0.000  0.1412  0.2559  0.9563
    10 C(13)  Bbb     0.0000     0.000     0.000     0.000  0.9197  0.3236 -0.2223
              Bcc     0.0000     0.000     0.000     0.000 -0.3664  0.9109 -0.1897
 
              Baa     0.0000     0.000     0.000     0.000  0.0280  0.5213  0.8529
    11 C(13)  Bbb     0.0000     0.000     0.000     0.000  0.4888  0.7371 -0.4665
              Bcc     0.0000     0.000     0.000     0.000  0.8719 -0.4300  0.2342
 
              Baa     0.0000     0.000     0.000     0.000  0.5296  0.8332 -0.1590
    12 H(1)   Bbb     0.0000     0.000     0.000     0.000  0.7997 -0.5529 -0.2340
              Bcc     0.0000     0.000     0.000     0.000  0.2829  0.0032  0.9591
 
              Baa     0.0000     0.000     0.000     0.000  0.0030  0.9984 -0.0561
    13 H(1)   Bbb     0.0000     0.000     0.000     0.000 -0.1333  0.0560  0.9895
              Bcc     0.0000     0.000     0.000     0.000  0.9911  0.0045  0.1332
 
              Baa     0.0000     0.000     0.000     0.000  0.3002  0.2709  0.9146
    14 H(1)   Bbb     0.0000     0.000     0.000     0.000  0.8109  0.4324 -0.3942
              Bcc     0.0000     0.000     0.000     0.000 -0.5023  0.8600 -0.0899
 
              Baa     0.0000     0.000     0.000     0.000  0.9138  0.2925  0.2820
    15 C(13)  Bbb     0.0000     0.000     0.000     0.000 -0.0571  0.7797 -0.6235
              Bcc     0.0000     0.000     0.000     0.000 -0.4022  0.5536  0.7292
 
              Baa     0.0000     0.000     0.000     0.000 -0.5277  0.6322  0.5673
    16 H(1)   Bbb     0.0000     0.000     0.000     0.000  0.1776 -0.5710  0.8015
              Bcc     0.0000     0.000     0.000     0.000  0.8306  0.5237  0.1890
 
              Baa     0.0000     0.000     0.000     0.000  0.6961  0.5001  0.5152
    17 H(1)   Bbb     0.0000     0.000     0.000     0.000  0.7031 -0.6201 -0.3481
              Bcc     0.0000     0.000     0.000     0.000 -0.1454 -0.6045  0.7832
 
              Baa     0.0000     0.000     0.000     0.000 -0.5079  0.7826  0.3601
    18 C(13)  Bbb     0.0000     0.000     0.000     0.000 -0.3778 -0.5780  0.7233
              Bcc     0.0000     0.000     0.000     0.000  0.7742  0.2313  0.5892
 
              Baa     0.0000     0.000     0.000     0.000  0.6419  0.7646 -0.0572
    19 H(1)   Bbb     0.0000     0.000     0.000     0.000  0.7665 -0.6419  0.0212
              Bcc     0.0000     0.000     0.000     0.000  0.0205  0.0575  0.9981
 
              Baa     0.0000     0.000     0.000     0.000  0.5629  0.7745 -0.2886
    20 H(1)   Bbb     0.0000     0.000     0.000     0.000  0.7118 -0.2768  0.6455
              Bcc     0.0000     0.000     0.000     0.000 -0.4201  0.5688  0.7071
 
              Baa     0.0000     0.000     0.000     0.000  0.9913  0.0897  0.0963
    21 H(1)   Bbb     0.0000     0.000     0.000     0.000 -0.1273  0.8391  0.5289
              Bcc     0.0000     0.000     0.000     0.000 -0.0334 -0.5366  0.8432
 
              Baa     0.0000     0.000     0.000     0.000  0.4609  0.6546  0.5992
    22 C(13)  Bbb     0.0000     0.000     0.000     0.000 -0.6403 -0.2222  0.7353
              Bcc     0.0000     0.000     0.000     0.000 -0.6145  0.7226 -0.3168
 
              Baa     0.0000     0.000     0.000     0.000  0.4950 -0.1435  0.8570
    23 H(1)   Bbb     0.0000     0.000     0.000     0.000  0.8546  0.2586 -0.4503
              Bcc     0.0000     0.000     0.000     0.000 -0.1570  0.9553  0.2506
 
              Baa     0.0000     0.000     0.000     0.000 -0.4147  0.7065  0.5735
    24 H(1)   Bbb     0.0000     0.000     0.000     0.000  0.8504  0.5251 -0.0319
              Bcc     0.0000     0.000     0.000     0.000  0.3237 -0.4745  0.8186
 
              Baa     0.0000     0.000     0.000     0.000  0.3007  0.0026  0.9537
    25 C(13)  Bbb     0.0000     0.000     0.000     0.000 -0.2270  0.9715  0.0689
              Bcc     0.0000     0.000     0.000     0.000  0.9263  0.2372 -0.2927
 
              Baa     0.0000     0.000     0.000     0.000  0.4242  0.6155  0.6642
    26 H(1)   Bbb     0.0000     0.000     0.000     0.000 -0.5096 -0.4441  0.7370
              Bcc     0.0000     0.000     0.000     0.000  0.7486 -0.6511  0.1253
 
              Baa     0.0000     0.000     0.000     0.000 -0.3863  0.8850 -0.2599
    27 H(1)   Bbb     0.0000     0.000     0.000     0.000  0.7996  0.4618  0.3838
              Bcc     0.0000     0.000     0.000     0.000 -0.4597  0.0596  0.8861
 
              Baa     0.0000     0.000     0.000     0.000  0.8071  0.0129 -0.5903
    28 H(1)   Bbb     0.0000     0.000     0.000     0.000  0.3186  0.8322  0.4538
              Bcc     0.0000     0.000     0.000     0.000  0.4971 -0.5543  0.6675
 
              Baa     0.0000     0.000     0.000     0.000  0.9493 -0.1527 -0.2748
    29 C(13)  Bbb     0.0000     0.000     0.000     0.000  0.2903  0.7614  0.5797
              Bcc     0.0000     0.000     0.000     0.000  0.1207 -0.6300  0.7671
 
              Baa     0.0000     0.000     0.000     0.000  0.8734 -0.3068  0.3783
    30 H(1)   Bbb     0.0000     0.000     0.000     0.000 -0.0476  0.7193  0.6930
              Bcc     0.0000     0.000     0.000     0.000  0.4847  0.6233 -0.6136
 
              Baa     0.0000     0.000     0.000     0.000  0.3889  0.7253  0.5681
    31 H(1)   Bbb     0.0000     0.000     0.000     0.000  0.8666 -0.4972  0.0415
              Bcc     0.0000     0.000     0.000     0.000 -0.3126 -0.4762  0.8219
 
              Baa     0.0000     0.000     0.000     0.000  0.5019 -0.2396  0.8311
    32 C(13)  Bbb     0.0000     0.000     0.000     0.000  0.4636  0.8857 -0.0246
              Bcc     0.0000     0.000     0.000     0.000  0.7302 -0.3976 -0.5556
 
              Baa     0.0000     0.000     0.000     0.000  0.7738  0.5777  0.2596
    33 H(1)   Bbb     0.0000     0.000     0.000     0.000 -0.4944  0.2948  0.8177
              Bcc     0.0000     0.000     0.000     0.000 -0.3959  0.7611 -0.5138
 
              Baa     0.0000     0.000     0.000     0.000  0.0051 -0.1087  0.9941
    34 H(1)   Bbb     0.0000     0.000     0.000     0.000 -0.1089  0.9881  0.1086
              Bcc     0.0000     0.000     0.000     0.000  0.9940  0.1088  0.0068
 
              Baa     0.0000     0.000     0.000     0.000  0.9635 -0.2675 -0.0087
    35 H(1)   Bbb     0.0000     0.000     0.000     0.000  0.2670  0.9585  0.1005
              Bcc     0.0000     0.000     0.000     0.000 -0.0185 -0.0992  0.9949
 
              Baa     0.0000     0.000     0.000     0.000  0.9252  0.2808  0.2551
    36 C(13)  Bbb     0.0000     0.000     0.000     0.000 -0.0756  0.7954 -0.6014
              Bcc     0.0000     0.000     0.000     0.000 -0.3718  0.5372  0.7571
 
              Baa     0.0000     0.000     0.000     0.000  0.7782 -0.4748 -0.4109
    37 H(1)   Bbb     0.0000     0.000     0.000     0.000  0.5189  0.1177  0.8467
              Bcc     0.0000     0.000     0.000     0.000  0.3537  0.8722 -0.3380
 
              Baa     0.0000     0.000     0.000     0.000  0.7690  0.0251 -0.6388
    38 H(1)   Bbb     0.0000     0.000     0.000     0.000  0.2790  0.8859  0.3707
              Bcc     0.0000     0.000     0.000     0.000  0.5752 -0.4633  0.6742
 
              Baa     0.0000     0.000     0.000     0.000  0.7384 -0.6651  0.1118
    39 C(13)  Bbb     0.0000     0.000     0.000     0.000  0.5877  0.7159  0.3770
              Bcc     0.0000     0.000     0.000     0.000 -0.3308 -0.2127  0.9194
 
              Baa     0.0000     0.000     0.000     0.000  0.7212  0.6690 -0.1798
    40 H(1)   Bbb     0.0000     0.000     0.000     0.000 -0.6781  0.7348  0.0144
              Bcc     0.0000     0.000     0.000     0.000  0.1418  0.1116  0.9836
 
              Baa     0.0000     0.000     0.000     0.000 -0.3869 -0.4543  0.8024
    41 H(1)   Bbb     0.0000     0.000     0.000     0.000 -0.0933  0.8850  0.4561
              Bcc     0.0000     0.000     0.000     0.000  0.9174 -0.1017  0.3848
 
              Baa     0.0000     0.000     0.000     0.000 -0.5714  0.6157  0.5426
    42 H(1)   Bbb     0.0000     0.000     0.000     0.000  0.2031 -0.5345  0.8204
              Bcc     0.0000     0.000     0.000     0.000  0.7951  0.5790  0.1804
 
              Baa     0.0000     0.000     0.000     0.000  0.9726  0.1126 -0.2032
    43 N(14)  Bbb     0.0000     0.000     0.000     0.000 -0.0057  0.8860  0.4636
              Bcc     0.0000     0.000     0.000     0.000  0.2323 -0.4497  0.8624
 
              Baa     0.0000     0.000     0.000     0.000 -0.2713  0.4836  0.8322
    44 N(14)  Bbb     0.0000     0.000     0.000     0.000  0.9322 -0.0833  0.3523
              Bcc     0.0000     0.000     0.000     0.000  0.2397  0.8713 -0.4282
 
              Baa     0.0000     0.000     0.000     0.000  0.9657  0.1254 -0.2276
    45 C(13)  Bbb     0.0000     0.000     0.000     0.000  0.2434 -0.1296  0.9612
              Bcc     0.0000     0.000     0.000     0.000 -0.0911  0.9836  0.1556
 
              Baa     0.0000     0.000     0.000     0.000 -0.2889 -0.5857  0.7572
    46 H(1)   Bbb     0.0000     0.000     0.000     0.000  0.3971  0.6464  0.6515
              Bcc     0.0000     0.000     0.000     0.000  0.8711 -0.4889 -0.0458
 
              Baa     0.0000     0.000     0.000     0.000 -0.6755  0.7304 -0.1010
    47 H(1)   Bbb     0.0000     0.000     0.000     0.000  0.6700  0.6652  0.3297
              Bcc     0.0000     0.000     0.000     0.000 -0.3080 -0.1550  0.9387
 
              Baa     0.0000     0.000     0.000     0.000  0.3430  0.9371 -0.0643
    48 C(13)  Bbb     0.0000     0.000     0.000     0.000 -0.6263  0.2792  0.7279
              Bcc     0.0000     0.000     0.000     0.000  0.7001 -0.2094  0.6827
 
              Baa     0.0000     0.000     0.000     0.000 -0.3710  0.4643  0.8042
    49 H(1)   Bbb     0.0000     0.000     0.000     0.000  0.5672 -0.5724  0.5921
              Bcc     0.0000     0.000     0.000     0.000  0.7353  0.6758 -0.0510
 
              Baa     0.0000     0.000     0.000     0.000  0.3441  0.0578  0.9371
    50 H(1)   Bbb     0.0000     0.000     0.000     0.000 -0.2580  0.9655  0.0352
              Bcc     0.0000     0.000     0.000     0.000  0.9028  0.2539 -0.3472
 

 ---------------------------------------------------------------------------------

 D1PCM: C-PCM CHGder 1st derivatives, ID1Alg=3 FixD1E=F DoIter=F DoCFld=F I1PDM=0.
 Calling FoFJK, ICntrl=      2127 FMM=F ISym2X=0 I1Cent= 0 IOpClX= 1 NMat=1 NMatS=1 NMatT=0.
 ***** Axes restored to original set *****
 -------------------------------------------------------------------
 Center     Atomic                   Forces (Hartrees/Bohr)
 Number     Number              X              Y              Z
 -------------------------------------------------------------------
      1        6           0.004787310   -0.000982977    0.001492778
      2        6          -0.001180921    0.002172884   -0.000082067
      3        6          -0.002082640   -0.002314252   -0.000604564
      4        6          -0.002987759    0.000402077    0.001614804
      5        6           0.010745424    0.009266080    0.006027757
      6        6          -0.000899953    0.002504778    0.000392338
      7        6          -0.014916610    0.010815874    0.002577201
      8        6          -0.003232881   -0.001425159    0.000465343
      9        6           0.000375967   -0.000932516    0.000075665
     10        6          -0.000426387   -0.000554119    0.000271480
     11        6           0.000147712    0.000502074   -0.000183395
     12        1          -0.000142962   -0.000276389   -0.000188717
     13        1          -0.000076055   -0.000015593    0.000019534
     14        1          -0.000137445   -0.000516515   -0.000277500
     15        6          -0.001122473    0.000252290    0.000453842
     16        1          -0.000048458    0.000254862    0.000069319
     17        1          -0.000343588    0.000090761   -0.000065515
     18        6           0.000466596   -0.000306617   -0.000109125
     19        1          -0.000154740   -0.000337511    0.000017980
     20        1          -0.000060913    0.000003054   -0.000209203
     21        1           0.000148892   -0.000057747   -0.000260464
     22        6           0.024348838   -0.008394827   -0.002836630
     23        1          -0.013496497    0.002805889   -0.006623339
     24        1          -0.001438625   -0.000633881    0.009816909
     25        6          -0.012226526   -0.003517949   -0.001034072
     26        1          -0.000072254    0.001508224   -0.002657591
     27        1          -0.001011957    0.000025920   -0.004319478
     28        1          -0.002164852    0.000940227    0.000598133
     29        6           0.011649178   -0.006052256   -0.014001176
     30        1          -0.000926586   -0.000223858    0.012323365
     31        1           0.001428208    0.003579393    0.012889356
     32        6           0.002858922   -0.003559212   -0.007191615
     33        1           0.000318045    0.001593758   -0.000409242
     34        1           0.001512978   -0.003139121   -0.001326001
     35        1          -0.000284798   -0.001388238   -0.004304722
     36        6           0.000513138    0.000724110   -0.000696369
     37        1           0.000836935    0.000092232   -0.000257303
     38        1           0.000249026   -0.000540683    0.000215826
     39        6          -0.000602187   -0.000469994    0.000035599
     40        1           0.000033696    0.000041570   -0.000190995
     41        1           0.000125665   -0.000174494    0.000227921
     42        1           0.000001461   -0.000126449   -0.000112879
     43        7          -0.001482013   -0.001395324   -0.001172571
     44        7           0.002122234   -0.000666722   -0.000061473
     45        6          -0.000446836    0.000350962   -0.000150923
     46        1          -0.000284576   -0.000010383   -0.000295634
     47        1          -0.000164566   -0.000139498    0.000316891
     48        6          -0.000251131    0.000400613   -0.000395608
     49        1           0.000008940   -0.000184366   -0.000143807
     50        1          -0.000011975    0.000009020    0.000259939
 -------------------------------------------------------------------
 Cartesian Forces:  Max     0.024348838 RMS     0.004235739

 GradGradGradGradGradGradGradGradGradGradGradGradGradGradGradGradGradGrad
 Berny optimization.
 Internal  Forces:  Max     0.018731893 RMS     0.002823995
 Search for a local minimum.
 Step number   1 out of a maximum of  300
 All quantities printed in internal units (Hartrees-Bohrs-Radians)
 Mixed Optimization -- RFO/linear search
 Second derivative matrix not updated -- first step.
     Eigenvalues ---    0.00230   0.00230   0.00230   0.00230   0.00238
     Eigenvalues ---    0.00466   0.00485   0.00636   0.00648   0.01257
     Eigenvalues ---    0.01366   0.01427   0.01463   0.01507   0.01521
     Eigenvalues ---    0.01668   0.01738   0.01817   0.01840   0.01927
     Eigenvalues ---    0.02069   0.02092   0.02111   0.02118   0.02131
     Eigenvalues ---    0.02148   0.02208   0.03115   0.03519   0.03975
     Eigenvalues ---    0.03988   0.04032   0.04100   0.04828   0.05003
     Eigenvalues ---    0.05216   0.05295   0.05323   0.05324   0.05369
     Eigenvalues ---    0.05387   0.05443   0.05537   0.05557   0.05584
     Eigenvalues ---    0.05606   0.05893   0.08016   0.08118   0.08192
     Eigenvalues ---    0.09412   0.09421   0.09847   0.10262   0.10360
     Eigenvalues ---    0.12867   0.12877   0.13053   0.13625   0.15998
     Eigenvalues ---    0.15999   0.16000   0.16000   0.16000   0.16000
     Eigenvalues ---    0.16000   0.16000   0.16000   0.16000   0.16000
     Eigenvalues ---    0.16000   0.16000   0.16000   0.16000   0.21689
     Eigenvalues ---    0.21903   0.21909   0.21944   0.22142   0.22801
     Eigenvalues ---    0.23526   0.24701   0.24773   0.24936   0.24969
     Eigenvalues ---    0.24976   0.24982   0.24986   0.24987   0.24990
     Eigenvalues ---    0.24994   0.25153   0.26881   0.26993   0.27014
     Eigenvalues ---    0.28448   0.28524   0.30107   0.31370   0.31463
     Eigenvalues ---    0.31967   0.32737   0.32873   0.32996   0.33144
     Eigenvalues ---    0.33563   0.34040   0.34172   0.34243   0.34285
     Eigenvalues ---    0.34468   0.34510   0.34524   0.34530   0.34534
     Eigenvalues ---    0.34541   0.34548   0.34575   0.34603   0.34674
     Eigenvalues ---    0.34842   0.34876   0.34889   0.34924   0.34948
     Eigenvalues ---    0.35154   0.35193   0.35455   0.35805   0.35870
     Eigenvalues ---    0.36109   0.37192   0.39645   0.42108   0.42701
     Eigenvalues ---    0.44796   0.44873   0.45987   0.46171   0.46458
     Eigenvalues ---    0.49105   0.49158   0.50688   0.533161000.00000
     Eigenvalues --- 1000.000001000.000001000.000001000.000001000.00000
     Eigenvalues --- 1000.000001000.000001000.000001000.000001000.00000
     Eigenvalues --- 1000.000001000.000001000.000001000.000001000.00000
     Eigenvalues --- 1000.000001000.000001000.000001000.000001000.00000
     Eigenvalues --- 1000.000001000.000001000.000001000.000001000.00000
     Eigenvalues --- 1000.000001000.000001000.000001000.000001000.00000
     Eigenvalues --- 1000.000001000.000001000.000001000.000001000.00000
     Eigenvalues --- 1000.000001000.000001000.000001000.000001000.00000
     Eigenvalues --- 1000.000001000.000001000.000001000.000001000.00000
     Eigenvalues --- 1000.000001000.000001000.000001000.000001000.00000
     Eigenvalues --- 1000.000001000.000001000.000001000.000001000.00000
     Eigenvalues --- 1000.000001000.000001000.000001000.000001000.00000
     Eigenvalues --- 1000.000001000.000001000.000001000.000001000.00000
     Eigenvalues --- 1000.000001000.000001000.000001000.000001000.00000
     Eigenvalues --- 1000.000001000.000001000.000001000.000001000.00000
     Eigenvalues --- 1000.000001000.000001000.000001000.000001000.00000
     Eigenvalues --- 1000.000001000.000001000.000001000.000001000.00000
     Eigenvalues --- 1000.000001000.000001000.000001000.000001000.00000
     Eigenvalues --- 1000.000001000.000001000.000001000.000001000.00000
     Eigenvalues --- 1000.000001000.000001000.000001000.000001000.00000
     Eigenvalues --- 1000.000001000.000001000.000001000.000001000.00000
     Eigenvalues --- 1000.000001000.000001000.000001000.000001000.00000
     Eigenvalues --- 1000.000001000.000001000.000001000.000001000.00000
     Eigenvalues --- 1000.000001000.000001000.000001000.000001000.00000
     Eigenvalues --- 1000.000001000.000001000.000001000.000001000.00000
     Eigenvalues --- 1000.000001000.000001000.000001000.000001000.00000
     Eigenvalues --- 1000.000001000.000001000.000001000.000001000.00000
     Eigenvalues --- 1000.000001000.000001000.000001000.000001000.00000
     Eigenvalues --- 1000.000001000.000001000.000001000.000001000.00000
     Eigenvalues --- 1000.000001000.000001000.00000
 RFO step:  Lambda=-1.32096707D-02 EMin= 2.30000000D-03
 Linear search not attempted -- first point.
 Maximum step size (   0.300) exceeded in Quadratic search.
    -- Step size scaled by   0.804
 Iteration  1 RMS(Cart)=  0.04183760 RMS(Int)=  0.00125626
 Iteration  2 RMS(Cart)=  0.00183499 RMS(Int)=  0.00036532
 Iteration  3 RMS(Cart)=  0.00000445 RMS(Int)=  0.00036531
 Iteration  4 RMS(Cart)=  0.00000001 RMS(Int)=  0.00036531
 Variable       Old X    -DE/DX   Delta X   Delta X   Delta X     New X
                                 (Linear)    (Quad)   (Total)
    R1        2.59442   0.00227   0.00000   0.00390   0.00390   2.59832
    R2        2.85312  -0.00081   0.00000  -0.00198  -0.00198   2.85113
    R3        2.62250   0.00348   0.00000   0.00595   0.00595   2.62845
    R4        2.63008  -0.00158   0.00000  -0.00329  -0.00330   2.62678
    R5        2.53539   0.00146   0.00000   0.00192   0.00191   2.53730
    R6        2.53737   0.00005   0.00000  -0.00006  -0.00006   2.53731
    R7        2.68496   0.00159   0.00000   0.00266   0.00266   2.68763
    R8        2.68883   0.00050   0.00000   0.00062   0.00062   2.68945
    R9        2.73497   0.00415   0.00000   0.00854   0.00855   2.74352
   R10        2.65217  -0.00007   0.00000  -0.00001  -0.00001   2.65216
   R11        2.87751  -0.00824   0.00000  -0.02108  -0.02108   2.85643
   R12        2.74532  -0.00068   0.00000  -0.00130  -0.00129   2.74403
   R13        2.65732  -0.00167   0.00000  -0.00303  -0.00302   2.65430
   R14        2.59346   0.00149   0.00000   0.00256   0.00257   2.59602
   R15        2.94652  -0.01873   0.00000  -0.05337  -0.05337   2.89315
   R16        2.85138  -0.00072   0.00000  -0.00177  -0.00177   2.84961
   R17        2.62760   0.00104   0.00000   0.00191   0.00191   2.62951
   R18        2.63744  -0.00053   0.00000  -0.00092  -0.00092   2.63652
   R19        2.04285  -0.00002   0.00000  -0.00004  -0.00004   2.04281
   R20        2.63685   0.00007   0.00000   0.00019   0.00019   2.63705
   R21        2.04942  -0.00002   0.00000  -0.00004  -0.00004   2.04938
   R22        2.04388  -0.00037   0.00000  -0.00080  -0.00080   2.04308
   R23        2.05760   0.00011   0.00000   0.00025   0.00025   2.05785
   R24        2.06371  -0.00003   0.00000  -0.00007  -0.00007   2.06364
   R25        2.91008   0.00088   0.00000   0.00236   0.00236   2.91244
   R26        2.06454  -0.00030   0.00000  -0.00067  -0.00067   2.06387
   R27        2.06445  -0.00007   0.00000  -0.00017  -0.00017   2.06429
   R28        2.06427   0.00003   0.00000   0.00006   0.00006   2.06433
   R29        2.09275  -0.01012   0.00000  -0.02378  -0.02378   2.06897
   R30        2.08799  -0.00812   0.00000  -0.01894  -0.01894   2.06906
   R31        2.98822  -0.01260   0.00000  -0.03823  -0.03823   2.94998
   R32        2.05799   0.00185   0.00000   0.00410   0.00410   2.06209
   R33        2.07262  -0.00240   0.00000  -0.00545  -0.00545   2.06717
   R34        2.06852  -0.00177   0.00000  -0.00399  -0.00399   2.06453
   R35        2.09516  -0.00900   0.00000  -0.02123  -0.02123   2.07393
   R36        2.09058  -0.00894   0.00000  -0.02093  -0.02093   2.06966
   R37        2.94393  -0.01534   0.00000  -0.04353  -0.04353   2.90040
   R38        2.06921  -0.00144   0.00000  -0.00324  -0.00324   2.06597
   R39        2.07041  -0.00194   0.00000  -0.00438  -0.00438   2.06603
   R40        2.06548   0.00002   0.00000   0.00006   0.00006   2.06554
   R41        2.05931  -0.00069   0.00000  -0.00153  -0.00153   2.05778
   R42        2.06324   0.00057   0.00000   0.00127   0.00127   2.06451
   R43        2.91169   0.00047   0.00000   0.00127   0.00127   2.91296
   R44        2.06438  -0.00008   0.00000  -0.00018  -0.00018   2.06420
   R45        2.06479  -0.00030   0.00000  -0.00068  -0.00068   2.06411
   R46        2.06414   0.00011   0.00000   0.00025   0.00025   2.06439
   R47        2.80504   0.00026   0.00000   0.00070   0.00070   2.80574
   R48        2.80804  -0.00082   0.00000  -0.00196  -0.00196   2.80608
   R49        2.05363   0.00031   0.00000   0.00069   0.00069   2.05432
   R50        2.05877   0.00037   0.00000   0.00081   0.00081   2.05959
   R51        2.92918   0.00013   0.00000   0.00039   0.00040   2.92957
   R52        2.05856   0.00022   0.00000   0.00048   0.00048   2.05904
   R53        2.05426   0.00021   0.00000   0.00045   0.00045   2.05471
    A1        2.17583   0.00162   0.00000   0.00440   0.00440   2.18023
    A2        2.07722  -0.00074   0.00000  -0.00135  -0.00137   2.07585
    A3        2.02982  -0.00089   0.00000  -0.00325  -0.00325   2.02657
    A4        2.15054   0.00021   0.00000   0.00009   0.00008   2.15062
    A5        2.15009   0.00004   0.00000  -0.00016  -0.00016   2.14993
    A6        1.98224  -0.00024   0.00000   0.00012   0.00012   1.98237
    A7        2.05219  -0.00031   0.00000  -0.00156  -0.00156   2.05062
    A8        2.05005   0.00058   0.00000   0.00145   0.00145   2.05150
    A9        2.18069  -0.00027   0.00000   0.00016   0.00016   2.18085
   A10        2.06213   0.00170   0.00000   0.00479   0.00477   2.06691
   A11        2.02926  -0.00071   0.00000  -0.00200  -0.00202   2.02724
   A12        2.19170  -0.00098   0.00000  -0.00267  -0.00268   2.18902
   A13        2.10891  -0.00201   0.00000  -0.00528  -0.00530   2.10362
   A14        2.12621  -0.00068   0.00000  -0.00242  -0.00243   2.12378
   A15        2.04783   0.00270   0.00000   0.00790   0.00789   2.05571
   A16        2.06812  -0.00026   0.00000  -0.00108  -0.00108   2.06704
   A17        2.02384   0.00039   0.00000   0.00085   0.00084   2.02467
   A18        2.19113  -0.00013   0.00000   0.00031   0.00030   2.19144
   A19        2.10005   0.00037   0.00000   0.00157   0.00155   2.10161
   A20        2.08007  -0.00083   0.00000  -0.00250  -0.00254   2.07753
   A21        2.10217   0.00047   0.00000   0.00149   0.00145   2.10362
   A22        2.17831   0.00133   0.00000   0.00380   0.00379   2.18211
   A23        2.08169  -0.00103   0.00000  -0.00275  -0.00275   2.07894
   A24        2.02255  -0.00030   0.00000  -0.00118  -0.00119   2.02136
   A25        2.09440   0.00008   0.00000  -0.00038  -0.00038   2.09402
   A26        2.10934  -0.00033   0.00000  -0.00112  -0.00112   2.10821
   A27        2.07933   0.00025   0.00000   0.00156   0.00155   2.08088
   A28        2.14619   0.00032   0.00000   0.00081   0.00081   2.14700
   A29        2.06872  -0.00023   0.00000  -0.00074  -0.00074   2.06798
   A30        2.06825  -0.00009   0.00000  -0.00006  -0.00006   2.06819
   A31        2.09191   0.00019   0.00000   0.00064   0.00064   2.09255
   A32        2.10992  -0.00043   0.00000  -0.00188  -0.00188   2.10805
   A33        2.08128   0.00025   0.00000   0.00126   0.00126   2.08255
   A34        1.90552  -0.00046   0.00000  -0.00167  -0.00167   1.90385
   A35        1.91554  -0.00052   0.00000  -0.00291  -0.00291   1.91262
   A36        1.96774   0.00104   0.00000   0.00360   0.00360   1.97134
   A37        1.84389   0.00023   0.00000   0.00077   0.00077   1.84466
   A38        1.91379  -0.00010   0.00000   0.00082   0.00083   1.91462
   A39        1.91326  -0.00025   0.00000  -0.00081  -0.00080   1.91245
   A40        1.93608   0.00016   0.00000   0.00067   0.00067   1.93675
   A41        1.91691   0.00020   0.00000   0.00104   0.00104   1.91795
   A42        1.94879   0.00033   0.00000   0.00150   0.00150   1.95028
   A43        1.89042  -0.00017   0.00000  -0.00067  -0.00068   1.88974
   A44        1.88486  -0.00030   0.00000  -0.00159  -0.00159   1.88327
   A45        1.88500  -0.00026   0.00000  -0.00108  -0.00108   1.88391
   A46        1.93127  -0.00323   0.00000  -0.00549  -0.00386   1.92741
   A47        1.89755   0.00812   0.00000   0.00099  -0.00283   1.89471
   A48        2.09001  -0.01633   0.00000  -0.06112  -0.06268   2.02733
   A49        1.81279  -0.00260   0.00000   0.00929   0.01003   1.82282
   A50        1.74667   0.01651   0.00000   0.10900   0.11014   1.85681
   A51        1.96102  -0.00072   0.00000  -0.03463  -0.03720   1.92382
   A52        1.94459  -0.00274   0.00000  -0.01463  -0.01487   1.92972
   A53        1.99922  -0.00451   0.00000  -0.02478  -0.02497   1.97426
   A54        1.90072   0.00267   0.00000   0.01800   0.01811   1.91882
   A55        1.88040   0.00256   0.00000   0.00232   0.00184   1.88224
   A56        1.86691   0.00128   0.00000   0.01366   0.01371   1.88063
   A57        1.86603   0.00124   0.00000   0.00878   0.00892   1.87495
   A58        1.86100   0.00300   0.00000   0.02052   0.02013   1.88113
   A59        1.88361   0.00350   0.00000   0.02188   0.02142   1.90503
   A60        1.98262   0.00039   0.00000  -0.00557  -0.00560   1.97702
   A61        1.75142   0.00556   0.00000   0.05112   0.05019   1.80162
   A62        1.97793  -0.00530   0.00000  -0.03662  -0.03662   1.94130
   A63        1.98898  -0.00590   0.00000  -0.04048  -0.04049   1.94849
   A64        1.91787   0.00233   0.00000   0.01116   0.01122   1.92909
   A65        1.95163  -0.00228   0.00000  -0.01113  -0.01121   1.94043
   A66        1.97093  -0.00592   0.00000  -0.02722  -0.02727   1.94366
   A67        1.88871  -0.00015   0.00000  -0.00115  -0.00111   1.88760
   A68        1.87381   0.00197   0.00000   0.01020   0.01029   1.88409
   A69        1.85706   0.00439   0.00000   0.01980   0.01962   1.87668
   A70        1.90861  -0.00085   0.00000  -0.00439  -0.00439   1.90423
   A71        1.91028  -0.00028   0.00000  -0.00054  -0.00054   1.90974
   A72        1.96669   0.00134   0.00000   0.00458   0.00458   1.97127
   A73        1.84702   0.00032   0.00000   0.00120   0.00120   1.84823
   A74        1.91156  -0.00003   0.00000   0.00072   0.00072   1.91228
   A75        1.91583  -0.00057   0.00000  -0.00182  -0.00182   1.91401
   A76        1.91776   0.00024   0.00000   0.00124   0.00124   1.91900
   A77        1.93721  -0.00015   0.00000  -0.00084  -0.00084   1.93637
   A78        1.95069   0.00015   0.00000   0.00075   0.00075   1.95144
   A79        1.88986  -0.00007   0.00000  -0.00042  -0.00042   1.88944
   A80        1.88489  -0.00016   0.00000  -0.00044  -0.00044   1.88445
   A81        1.88150  -0.00003   0.00000  -0.00035  -0.00035   1.88115
   A82        2.11440   0.00116   0.00000   0.00353   0.00352   2.11792
   A83        2.25527  -0.00043   0.00000  -0.00124  -0.00123   2.25405
   A84        1.91213  -0.00072   0.00000  -0.00220  -0.00220   1.90993
   A85        2.11581   0.00031   0.00000   0.00106   0.00106   2.11688
   A86        1.90717   0.00063   0.00000   0.00169   0.00169   1.90886
   A87        2.25389  -0.00094   0.00000  -0.00254  -0.00253   2.25136
   A88        1.93865  -0.00009   0.00000  -0.00111  -0.00111   1.93753
   A89        1.90809   0.00007   0.00000   0.00033   0.00033   1.90841
   A90        1.80368  -0.00018   0.00000  -0.00110  -0.00110   1.80258
   A91        1.91031  -0.00005   0.00000   0.00010   0.00010   1.91041
   A92        1.95117   0.00017   0.00000   0.00123   0.00123   1.95240
   A93        1.94982   0.00007   0.00000   0.00048   0.00048   1.95030
   A94        1.80144   0.00053   0.00000   0.00190   0.00190   1.80334
   A95        1.91566  -0.00016   0.00000  -0.00011  -0.00011   1.91555
   A96        1.93186  -0.00011   0.00000  -0.00023  -0.00022   1.93163
   A97        1.95381  -0.00014   0.00000  -0.00055  -0.00055   1.95326
   A98        1.94890  -0.00023   0.00000  -0.00112  -0.00112   1.94778
   A99        1.91006   0.00013   0.00000   0.00018   0.00018   1.91024
    D1        3.10407   0.00032   0.00000   0.00600   0.00597   3.11004
    D2       -0.06145   0.00071   0.00000   0.01639   0.01632  -0.04512
    D3       -0.00942   0.00062   0.00000   0.01453   0.01451   0.00509
    D4        3.10825   0.00102   0.00000   0.02491   0.02486   3.13311
    D5        0.57039   0.00029   0.00000   0.00408   0.00408   0.57447
    D6        2.58380   0.00001   0.00000   0.00245   0.00245   2.58625
    D7       -1.56123   0.00004   0.00000   0.00179   0.00179  -1.55945
    D8       -2.59862  -0.00001   0.00000  -0.00422  -0.00422  -2.60284
    D9       -0.58521  -0.00028   0.00000  -0.00585  -0.00584  -0.59105
   D10        1.55294  -0.00025   0.00000  -0.00651  -0.00651   1.54643
   D11        0.04140  -0.00052   0.00000  -0.01265  -0.01267   0.02872
   D12        3.12037  -0.00044   0.00000  -0.01050  -0.01051   3.10985
   D13       -3.07441  -0.00028   0.00000  -0.00494  -0.00500  -3.07941
   D14        0.00456  -0.00020   0.00000  -0.00280  -0.00284   0.00172
   D15        0.00591   0.00013   0.00000   0.00223   0.00223   0.00814
   D16       -3.11271   0.00005   0.00000  -0.00018  -0.00017  -3.11288
   D17        3.11897   0.00018   0.00000   0.00435   0.00434   3.12331
   D18        0.00036   0.00009   0.00000   0.00195   0.00194   0.00229
   D19       -0.04044   0.00012   0.00000   0.00419   0.00419  -0.03625
   D20       -3.13056   0.00006   0.00000   0.00244   0.00243  -3.12813
   D21        3.12720   0.00008   0.00000   0.00226   0.00227   3.12947
   D22        0.03708   0.00002   0.00000   0.00051   0.00051   0.03759
   D23        0.00034  -0.00011   0.00000  -0.00197  -0.00195  -0.00161
   D24       -3.03127  -0.00009   0.00000  -0.00372  -0.00371  -3.03498
   D25        3.11589  -0.00006   0.00000  -0.00003  -0.00003   3.11586
   D26        0.08428  -0.00004   0.00000  -0.00178  -0.00178   0.08250
   D27        0.02507  -0.00001   0.00000  -0.00024  -0.00022   0.02485
   D28       -3.10261  -0.00035   0.00000  -0.00882  -0.00882  -3.11143
   D29       -3.14139   0.00010   0.00000   0.00237   0.00240  -3.13900
   D30        0.01411  -0.00025   0.00000  -0.00620  -0.00620   0.00791
   D31       -0.01784   0.00000   0.00000   0.00043   0.00043  -0.01741
   D32        3.10973   0.00023   0.00000   0.00631   0.00631   3.11604
   D33       -3.13459  -0.00009   0.00000  -0.00214  -0.00214  -3.13673
   D34       -0.00702   0.00014   0.00000   0.00373   0.00374  -0.00329
   D35       -0.02333  -0.00034   0.00000  -0.00816  -0.00819  -0.03152
   D36        3.14114  -0.00068   0.00000  -0.01797  -0.01801   3.12313
   D37        3.10293   0.00004   0.00000   0.00130   0.00130   3.10422
   D38       -0.01579  -0.00030   0.00000  -0.00850  -0.00853  -0.02431
   D39       -0.01244   0.00023   0.00000   0.00556   0.00557  -0.00688
   D40        3.11639   0.00034   0.00000   0.00798   0.00798   3.12436
   D41       -3.13896  -0.00016   0.00000  -0.00380  -0.00378   3.14045
   D42       -0.01013  -0.00006   0.00000  -0.00138  -0.00137  -0.01150
   D43        0.37802   0.00241   0.00000   0.01249   0.01257   0.39060
   D44        2.35832   0.00211   0.00000   0.02122   0.02090   2.37923
   D45       -1.63815  -0.00586   0.00000  -0.08721  -0.08702  -1.72517
   D46       -2.78669   0.00273   0.00000   0.02237   0.02248  -2.76421
   D47       -0.80639   0.00243   0.00000   0.03109   0.03081  -0.77558
   D48        1.48032  -0.00554   0.00000  -0.07734  -0.07712   1.40320
   D49        0.03586  -0.00008   0.00000  -0.00280  -0.00280   0.03306
   D50        3.13238   0.00039   0.00000   0.01122   0.01121  -3.13959
   D51       -3.09024  -0.00033   0.00000  -0.00930  -0.00930  -3.09954
   D52        0.00629   0.00014   0.00000   0.00472   0.00471   0.01100
   D53       -0.00169  -0.00002   0.00000  -0.00067  -0.00066  -0.00236
   D54       -3.12696  -0.00020   0.00000  -0.00488  -0.00488  -3.13184
   D55        3.12475   0.00023   0.00000   0.00567   0.00568   3.13043
   D56       -0.00051   0.00005   0.00000   0.00145   0.00146   0.00095
   D57       -3.13722   0.00024   0.00000   0.00729   0.00730  -3.12992
   D58       -0.03544   0.00008   0.00000   0.00290   0.00291  -0.03253
   D59        0.05002  -0.00020   0.00000  -0.00680  -0.00682   0.04320
   D60       -3.13138  -0.00037   0.00000  -0.01119  -0.01122   3.14059
   D61        0.66885  -0.00427   0.00000  -0.02365  -0.02404   0.64481
   D62        2.53768   0.00473   0.00000   0.05188   0.05230   2.58998
   D63       -1.52240   0.00002   0.00000   0.01180   0.01178  -1.51061
   D64       -2.51787  -0.00381   0.00000  -0.00961  -0.01001  -2.52788
   D65       -0.64904   0.00520   0.00000   0.06592   0.06634  -0.58271
   D66        1.57407   0.00049   0.00000   0.02584   0.02582   1.59988
   D67       -0.51395  -0.00025   0.00000  -0.00240  -0.00240  -0.51635
   D68       -2.52992   0.00000   0.00000  -0.00109  -0.00109  -2.53102
   D69        1.61633   0.00001   0.00000  -0.00151  -0.00152   1.61481
   D70        2.66624  -0.00007   0.00000   0.00190   0.00190   2.66815
   D71        0.65026   0.00018   0.00000   0.00321   0.00321   0.65347
   D72       -1.48667   0.00019   0.00000   0.00279   0.00279  -1.48388
   D73        0.01761   0.00001   0.00000  -0.00059  -0.00060   0.01702
   D74        3.02522   0.00011   0.00000   0.00190   0.00189   3.02712
   D75        3.12288  -0.00010   0.00000  -0.00448  -0.00448   3.11840
   D76       -0.15270   0.00000   0.00000  -0.00199  -0.00199  -0.15469
   D77        0.00274   0.00002   0.00000   0.00041   0.00040   0.00314
   D78       -3.13137  -0.00011   0.00000  -0.00271  -0.00272  -3.13408
   D79        3.12829   0.00019   0.00000   0.00453   0.00453   3.13282
   D80       -0.00582   0.00006   0.00000   0.00141   0.00141  -0.00441
   D81        0.00478  -0.00013   0.00000  -0.00300  -0.00300   0.00178
   D82       -3.12426  -0.00023   0.00000  -0.00535  -0.00535  -3.12962
   D83        3.13889   0.00000   0.00000   0.00012   0.00012   3.13901
   D84        0.00985  -0.00009   0.00000  -0.00224  -0.00224   0.00761
   D85        1.06934   0.00002   0.00000  -0.00018  -0.00018   1.06915
   D86       -3.12460   0.00004   0.00000   0.00007   0.00007  -3.12453
   D87       -1.03402   0.00006   0.00000   0.00036   0.00037  -1.03365
   D88       -1.05763  -0.00003   0.00000  -0.00109  -0.00109  -1.05872
   D89        1.03162  -0.00001   0.00000  -0.00083  -0.00084   1.03078
   D90        3.12220   0.00002   0.00000  -0.00054  -0.00054   3.12166
   D91       -3.07442  -0.00010   0.00000  -0.00203  -0.00203  -3.07645
   D92       -0.98517  -0.00008   0.00000  -0.00177  -0.00177  -0.98695
   D93        1.10541  -0.00006   0.00000  -0.00148  -0.00148   1.10393
   D94       -2.52565   0.00210   0.00000   0.02984   0.02843  -2.49722
   D95       -0.38567  -0.00008   0.00000   0.00255   0.00144  -0.38423
   D96        1.70239   0.00048   0.00000   0.01054   0.00924   1.71163
   D97        1.64668   0.00244   0.00000  -0.01379  -0.01368   1.63299
   D98       -2.49653   0.00027   0.00000  -0.04108  -0.04067  -2.53720
   D99       -0.40847   0.00083   0.00000  -0.03309  -0.03287  -0.44134
   D100      -0.26708  -0.00264   0.00000  -0.06721  -0.06632  -0.33340
   D101       1.87290  -0.00481   0.00000  -0.09450  -0.09331   1.77959
   D102      -2.32223  -0.00425   0.00000  -0.08651  -0.08551  -2.40774
   D103      -0.92881  -0.00020   0.00000  -0.01275  -0.01279  -0.94160
   D104       1.16892  -0.00030   0.00000  -0.01394  -0.01402   1.15490
   D105      -3.02034  -0.00043   0.00000  -0.01552  -0.01548  -3.03582
   D106      -3.05633  -0.00038   0.00000  -0.00727  -0.00728  -3.06361
   D107      -0.95860  -0.00048   0.00000  -0.00845  -0.00851  -0.96710
   D108       1.13532  -0.00061   0.00000  -0.01003  -0.00996   1.12536
   D109       1.23829   0.00004   0.00000  -0.02093  -0.02092   1.21737
   D110      -2.94716  -0.00006   0.00000  -0.02211  -0.02215  -2.96931
   D111      -0.85324  -0.00019   0.00000  -0.02370  -0.02360  -0.87684
   D112       3.11740   0.00018   0.00000   0.00289   0.00289   3.12029
   D113      -1.07598   0.00016   0.00000   0.00264   0.00264  -1.07334
   D114       1.02516   0.00011   0.00000   0.00212   0.00212   1.02728
   D115      -1.03717  -0.00002   0.00000   0.00090   0.00090  -1.03627
   D116       1.05263  -0.00005   0.00000   0.00065   0.00065   1.05329
   D117      -3.12941  -0.00009   0.00000   0.00014   0.00014  -3.12927
   D118       0.98359   0.00002   0.00000   0.00173   0.00173   0.98532
   D119       3.07340   0.00000   0.00000   0.00148   0.00148   3.07488
   D120      -1.10865  -0.00004   0.00000   0.00097   0.00097  -1.10768
   D121       3.06486  -0.00009   0.00000  -0.00118  -0.00119   3.06367
   D122      -1.13285  -0.00005   0.00000  -0.00084  -0.00084  -1.13369
   D123       0.97736  -0.00006   0.00000  -0.00083  -0.00084   0.97652
   D124      -0.13361   0.00003   0.00000   0.00093   0.00094  -0.13267
   D125       1.95187   0.00008   0.00000   0.00127   0.00128   1.95315
   D126      -2.22110   0.00006   0.00000   0.00128   0.00128  -2.21982
   D127      -2.25499   0.00000   0.00000   0.00203   0.00203  -2.25296
   D128       1.91829   0.00007   0.00000   0.00241   0.00241   1.92070
   D129      -0.16021   0.00005   0.00000   0.00229   0.00229  -0.15792
   D130       1.00791  -0.00008   0.00000  -0.00023  -0.00023   1.00769
   D131      -1.10199  -0.00002   0.00000   0.00015   0.00015  -1.10184
   D132       3.10270  -0.00004   0.00000   0.00002   0.00003   3.10273
   D133       0.17058  -0.00001   0.00000  -0.00179  -0.00179   0.16879
   D134      -1.88838  -0.00007   0.00000  -0.00250  -0.00250  -1.89088
   D135       2.24629   0.00005   0.00000  -0.00149  -0.00150   2.24480
   D136       2.25677  -0.00014   0.00000  -0.00315  -0.00315   2.25362
   D137       0.19780  -0.00020   0.00000  -0.00386  -0.00386   0.19394
   D138      -1.95070  -0.00008   0.00000  -0.00286  -0.00286  -1.95356
   D139      -1.87885  -0.00002   0.00000  -0.00177  -0.00177  -1.88062
   D140       2.34537  -0.00008   0.00000  -0.00248  -0.00248   2.34289
   D141       0.19686   0.00004   0.00000  -0.00148  -0.00147   0.19539
         Item               Value     Threshold  Converged?
 Maximum Force            0.018732     0.000450     NO 
 RMS     Force            0.002824     0.000300     NO 
 Maximum Displacement     0.336567     0.001800     NO 
 RMS     Displacement     0.042580     0.001200     NO 
 Predicted change in Energy=-6.883957D-03
 GradGradGradGradGradGradGradGradGradGradGradGradGradGradGradGradGradGrad

                          Input orientation:                          
 ---------------------------------------------------------------------
 Center     Atomic      Atomic             Coordinates (Angstroms)
 Number     Number       Type             X           Y           Z
 ---------------------------------------------------------------------
      1          6           0        2.371396   -0.811816    0.148888
      2          6           0       -0.005326   -0.638606    0.107019
      3          6           0        0.017366    0.730704   -0.131028
      4          6           0        1.289402    1.360369   -0.221511
      5          6           0        2.478550    0.537541   -0.092581
      6          6           0       -1.233602    1.400526   -0.240107
      7          6           0       -2.450199    0.617036   -0.119439
      8          6           0       -2.386551   -0.731731    0.133505
      9          6           0       -1.173015    2.788204   -0.448829
     10          6           0        0.064409    3.426984   -0.534159
     11          6           0        1.279192    2.748988   -0.424844
     12          1           0       -2.076900    3.374997   -0.533980
     13          1           0        0.082912    4.500255   -0.688605
     14          1           0        2.203821    3.305624   -0.488930
     15          6           0        3.536169   -1.764155    0.261555
     16          1           0        4.384333   -1.239138    0.698388
     17          1           0        3.289394   -2.562771    0.964293
     18          6           0        3.945295   -2.376005   -1.092526
     19          1           0        4.260330   -1.599555   -1.793010
     20          1           0        4.778438   -3.068197   -0.951032
     21          1           0        3.122709   -2.928957   -1.551798
     22          6           0        3.822788    1.217792   -0.215419
     23          1           0        4.596217    0.490455   -0.482801
     24          1           0        3.788811    1.905575   -1.066653
     25          6           0        4.337434    1.959922    1.057885
     26          1           0        4.863417    2.875247    0.781734
     27          1           0        3.535471    2.230249    1.750993
     28          1           0        5.039365    1.323569    1.601861
     29          6           0       -3.803491    1.323184   -0.237234
     30          1           0       -3.706902    2.107952   -0.998326
     31          1           0       -4.531124    0.634000   -0.678902
     32          6           0       -4.305051    1.898956    1.094165
     33          1           0       -4.321800    1.123871    1.865002
     34          1           0       -3.660232    2.710720    1.441354
     35          1           0       -5.317089    2.300584    0.998245
     36          6           0       -3.579339   -1.645013    0.264217
     37          1           0       -4.424328   -1.075019    0.647455
     38          1           0       -3.369957   -2.410834    1.014697
     39          6           0       -3.970793   -2.316522   -1.066937
     40          1           0       -4.823521   -2.981456   -0.912340
     41          1           0       -4.250063   -1.569853   -1.813640
     42          1           0       -3.151092   -2.909764   -1.478708
     43          7           0        1.105449   -1.376907    0.261546
     44          7           0       -1.140910   -1.343761    0.233549
     45          6           0       -0.813726   -2.737997    0.626005
     46          1           0       -1.308968   -3.452951   -0.026188
     47          1           0       -1.129063   -2.906690    1.655549
     48          6           0        0.728634   -2.796176    0.480903
     49          1           0        1.034107   -3.395042   -0.376575
     50          1           0        1.200908   -3.184167    1.380158
 ---------------------------------------------------------------------
                    Distance matrix (angstroms):
                    1          2          3          4          5
     1  C    0.000000
     2  C    2.383393   0.000000
     3  C    2.828282   1.390033   0.000000
     4  C    2.454852   2.404195   1.422230   0.000000
     5  C    1.374974   2.755503   2.469051   1.451807   0.000000
     6  C    4.247563   2.405664   1.423194   2.523392   3.813998
     7  C    5.036010   2.757775   2.470209   3.814128   4.929463
     8  C    4.758646   2.383193   2.826219   4.244473   5.033028
     9  C    5.087265   3.662716   2.398189   2.855500   4.304222
    10  C    4.874030   4.116430   2.726656   2.422654   3.791036
    11  C    3.768476   3.661783   2.398333   1.403464   2.537589
    12  H    6.146792   4.561941   3.397147   3.935524   5.384990
    13  H    5.844369   5.200835   3.811128   3.395979   4.668771
    14  H    4.169917   4.559872   3.396894   2.166032   2.809778
    15  C    1.508754   3.719265   4.331330   3.878656   2.557690
    16  H    2.129899   4.469839   4.861955   4.145148   2.722908
    17  H    2.138562   3.910564   4.769997   4.560387   3.374372
    18  C    2.542628   4.479383   5.099485   4.666148   3.411742
    19  H    2.821271   4.767531   5.118109   4.478524   3.260886
    20  H    3.477777   5.468710   6.145882   5.684873   4.362083
    21  H    2.817639   4.216869   5.005483   4.850670   3.815870
    22  C    2.521620   4.266689   3.837397   2.537403   1.511558
    23  H    2.654199   4.774606   4.598623   3.429293   2.153834
    24  H    3.297093   4.716549   4.059496   2.694172   2.130051
    25  C    3.517686   5.149374   4.646232   3.359586   2.608101
    26  H    4.495008   6.042107   5.377397   4.009357   3.452085
    27  H    3.629872   4.844607   4.262357   3.113244   2.716819
    28  H    3.713362   5.615478   5.345546   4.169924   3.169661
    29  C    6.544964   4.288728   3.867980   5.093053   6.332630
    30  H    6.840092   4.739940   4.064381   5.111298   6.445648
    31  H    7.100733   4.766555   4.582388   5.883480   7.034814
    32  C    7.267516   5.089334   4.642112   5.772260   7.019905
    33  H    7.175709   4.982848   4.792398   5.991247   7.100751
    34  H    7.103468   5.133884   4.462911   5.393277   6.690314
    35  H    8.337940   6.135792   5.674169   6.783621   8.066610
    36  C    6.009889   3.716334   4.328573   5.742202   6.448943
    37  H    6.819070   4.473266   4.857502   6.271596   7.127252
    38  H    6.022426   3.909656   4.759822   6.120441   6.642590
    39  C    6.630666   4.463015   5.105578   6.473323   7.119625
    40  H    7.589491   5.453718   6.150185   7.529709   8.147121
    41  H    6.947651   4.751205   5.131735   6.465814   7.257919
    42  H    6.127669   4.191484   5.010827   6.287493   6.745230
    43  N    1.390914   1.342679   2.404176   2.785653   2.382420
    44  N    3.553368   1.342685   2.403732   3.664125   4.092205
    45  C    3.752708   2.308745   3.646327   4.683806   4.699425
    46  H    4.533357   3.104475   4.390117   5.473365   5.502157
    47  H    4.348762   2.967311   4.211507   5.251677   5.285220
    48  C    2.597418   2.309458   3.649554   4.252612   3.808511
    49  H    2.955928   2.985335   4.256271   4.764783   4.199080
    50  H    2.917896   3.091240   4.360123   4.819334   4.201481
                    6          7          8          9         10
     6  C    0.000000
     7  C    1.452076   0.000000
     8  C    2.452631   1.373755   0.000000
     9  C    1.404594   2.540406   3.768517   0.000000
    10  C    2.424423   3.793554   4.873181   1.395184   0.000000
    11  C    2.857728   4.306605   5.085748   2.452638   1.395466
    12  H    2.167037   2.813814   4.172126   1.081011   2.141939
    13  H    3.397451   4.671187   5.843611   2.136812   1.084484
    14  H    3.937917   5.387479   6.144850   3.416483   2.143329
    15  C    5.746094   6.453823   6.013395   6.588250   6.295571
    16  H    6.277722   7.129169   6.813327   6.958427   6.477161
    17  H    6.133172   6.650457   6.021567   7.109356   6.965850
    18  C    6.466049   7.127940   6.655754   7.299349   7.003409
    19  H    6.449441   7.262597   6.974640   7.111996   6.667575
    20  H    7.524595   8.156328   7.613959   8.364774   8.036370
    21  H    6.280319   6.758921   6.166036   7.235725   7.126484
    22  C    5.059752   6.302419   6.517537   5.242015   4.371218
    23  H    5.905415   7.056914   7.115660   6.210060   5.400290
    24  H    5.114967   6.440713   6.821353   5.077446   4.058251
    25  C    5.747534   7.018646   7.301469   5.772460   4.790159
    26  H    6.355517   7.707179   8.123579   6.161199   5.006643
    27  H    5.234212   6.475277   6.816152   5.226889   4.324623
    28  H    6.538264   7.717230   7.843760   6.704040   5.808368
    29  C    2.571054   1.530987   2.523459   3.018353   4.413025
    30  H    2.681894   2.138826   3.329890   2.680535   4.022198
    31  H    3.413759   2.154886   2.669161   3.996300   5.379649
    32  C    3.385634   2.560592   3.394706   3.602949   4.906984
    33  H    3.747664   2.774487   3.191634   4.247194   5.504464
    34  H    3.229930   2.878154   3.896563   3.124907   4.276521
    35  H    4.361018   3.507508   4.304737   4.416462   5.707675
    36  C    3.877130   2.557150   1.507950   5.094334   6.295987
    37  H    4.134830   2.710786   2.129443   5.166949   6.466297
    38  H    4.545878   3.361579   2.136111   5.830819   6.947945
    39  C    4.689596   3.437400   2.542134   5.853874   7.039500
    40  H    5.704488   4.382977   3.477625   6.843245   8.068641
    41  H    4.516436   3.300350   2.822498   5.506686   6.724591
    42  H    4.877449   3.844110   2.815596   6.118846   7.168403
    43  N    3.665644   4.094336   3.553408   4.800435   4.979385
    44  N    2.786405   2.384022   1.391478   4.188054   4.980178
    45  C    4.248979   3.806570   2.596428   5.641210   6.334358
    46  H    4.858774   4.227990   2.931165   6.256926   7.034039
    47  H    4.707075   4.160844   2.937404   6.071421   6.806954
    48  C    4.688553   4.702702   3.753265   5.972099   6.340289
    49  H    5.306468   5.320082   4.365125   6.565755   6.892401
    50  H    5.437969   5.479828   4.520890   6.682059   6.975927
                   11         12         13         14         15
    11  C    0.000000
    12  H    3.415721   0.000000
    13  H    2.137192   2.440266   0.000000
    14  H    1.081152   4.281520   2.442390   0.000000
    15  C    5.092500   7.651817   7.215998   5.295379   0.000000
    16  H    5.177712   8.034706   7.305245   5.178727   1.088966
    17  H    5.846829   8.142422   7.930948   6.142344   1.092029
    18  C    5.815451   8.345827   7.897095   5.973104   1.541195
    19  H    5.446916   8.154251   7.475173   5.476371   2.184660
    20  H    6.808910   9.417237   8.910573   6.889687   2.171203
    21  H    6.075166   8.234787   8.073330   6.390934   2.194530
    22  C    2.976290   6.289780   4.998514   2.656107   3.033425
    23  H    4.013351   7.270054   6.040759   3.694424   2.600199
    24  H    2.724234   6.070379   4.539710   2.192280   3.910868
    25  C    3.489120   6.758709   5.253996   2.959029   3.891647
    26  H    3.783972   7.081585   5.258876   2.978802   4.853476
    27  H    3.177129   6.166867   4.798409   2.819038   4.263061
    28  H    4.503139   7.707880   6.316961   4.042309   3.686470
    29  C    5.282214   2.697983   5.040004   6.330973   7.978162
    30  H    5.059737   2.116111   4.492407   6.052317   8.309187
    31  H    6.188496   3.682021   6.019746   7.247975   8.468579
    32  C    5.849249   3.129571   5.403632   6.844730   8.694617
    33  H    6.265421   3.982745   6.109203   7.272191   8.524049
    34  H    5.280347   2.617279   4.663720   6.202179   8.555970
    35  H    6.762926   3.741778   6.069927   7.732133   9.769595
    36  C    6.586909   5.300467   7.216943   7.649901   7.116506
    37  H    6.950036   5.168061   7.292732   8.025819   7.999584
    38  H    7.092998   6.127498   7.911174   8.124394   6.977105
    39  C    7.323525   6.021982   7.940031   8.370691   7.643591
    40  H    8.385627   6.934809   8.949812   9.438760   8.529025
    41  H    7.152189   5.550830   7.542319   8.196204   8.060372
    42  H    7.263575   6.445512   8.123510   8.263523   7.004313
    43  N    4.186207   5.774149   6.040645   4.867826   2.461375
    44  N    4.800101   4.871535   6.041574   5.772866   4.696018
    45  C    5.965870   6.349006   7.411103   6.846461   4.472447
    46  H    6.732129   6.889735   8.101210   7.631000   5.139084
    47  H    6.489563   6.719526   7.863000   7.368836   5.001299
    48  C    5.645559   6.854516   7.417722   6.352063   2.999239
    49  H    6.149106   7.452287   7.958508   6.802925   3.054066
    50  H    6.202136   7.578297   8.036170   6.827644   2.953160
                   16         17         18         19         20
    16  H    0.000000
    17  H    1.738276   0.000000
    18  C    2.166240   2.166932   0.000000
    19  H    2.520385   3.077860   1.092153   0.000000
    20  H    2.494266   2.478140   1.092373   1.770388   0.000000
    21  H    3.083913   2.548057   1.092398   1.766259   1.766846
    22  C    2.680836   3.996109   3.701311   3.258478   4.452426
    23  H    2.105135   3.622714   3.002009   2.489500   3.593947
    24  H    3.655029   4.933587   4.284518   3.610522   5.072588
    25  C    3.219537   4.643479   4.855750   4.561077   5.432514
    26  H    4.143022   5.664179   5.650792   5.197776   6.191464
    27  H    3.723599   4.863383   5.428732   5.268090   6.076136
    28  H    2.795138   4.309586   4.705695   4.547164   5.086547
    29  C    8.630258   8.176389   8.628976   8.717113   9.666605
    30  H    8.919077   8.638037   8.869660   8.823487   9.939605
    31  H    9.213628   8.606970   9.004493   9.138910  10.022388
    32  C    9.247145   8.809057   9.545949   9.692323  10.552972
    33  H    9.096238   8.504874   9.452035   9.718593  10.407584
    34  H    8.992686   8.736967   9.494175   9.579921  10.503835
    35  H   10.331366   9.885592  10.584591  10.711169  11.599274
    36  C    7.985819   6.965047   7.680834   8.105224   8.564737
    37  H    8.810337   7.862271   8.647005   9.036276   9.550855
    38  H    7.848690   6.661274   7.612786   8.170843   8.407886
    39  C    8.607279   7.543000   7.916353   8.294131   8.782226
    40  H    9.508664   8.337652   8.791540   9.230470   9.602429
    41  H    8.998470   8.096062   8.266425   8.510470   9.192549
    42  H    8.019562   6.896994   7.126903   7.532902   7.948648
    43  N    3.310724   2.582585   3.300975   3.771478   4.221571
    44  N    5.545749   4.652695   5.356630   5.774579   6.278184
    45  C    5.410327   4.120769   5.072738   5.735305   5.819654
    46  H    6.151395   4.787317   5.468471   6.129749   6.169270
    47  H    5.839043   4.485407   5.795054   6.530445   6.459018
    48  C    3.979422   2.616416   3.605430   4.367545   4.304108
    49  H    4.126437   2.752621   3.166392   3.954564   3.802215
    50  H    3.792380   2.218299   3.781396   4.684021   4.271606
                   21         22         23         24         25
    21  H    0.000000
    22  C    4.412657   0.000000
    23  H    3.873804   1.094853   0.000000
    24  H    4.904259   1.094897   1.730709   0.000000
    25  C    5.673371   1.561064   2.144764   2.194904   0.000000
    26  H    6.493398   2.196447   2.712504   2.347675   1.091209
    27  H    6.139723   2.230335   3.023557   2.847582   1.093901
    28  H    5.630552   2.189465   2.288291   3.003929   1.092503
    29  C    8.232924   7.627039   8.444456   7.659645   8.267855
    30  H    8.504138   7.622438   8.474895   7.498755   8.304291
    31  H    8.487507   8.387102   9.130576   8.425471   9.133773
    32  C    9.245620   8.260797   9.148950   8.377337   8.642777
    33  H    9.138963   8.406621   9.243615   8.659542   8.736861
    34  H    9.315213   7.808286   8.763612   7.901050   8.041978
    35  H   10.250903   9.283468  10.185465   9.345440   9.660715
    36  C    7.061436   7.950924   8.482805   8.286587   8.735031
    37  H    8.076606   8.603282   9.224880   8.903806   9.281584
    38  H    7.000719   8.149582   8.609292   8.614601   8.860544
    39  C    7.136381   8.599789   9.034046   8.833886   9.582769
    40  H    7.972092   9.637326  10.048390   9.903492  10.593493
    41  H    7.501566   8.688855   9.180015   8.789772   9.718543
    42  H    6.274257   8.201685   8.519045   8.456923   9.285805
    43  N    3.125127   3.787333   4.028220   4.442886   4.713206
    44  N    4.886590   5.603697   6.065652   6.045730   6.450279
    45  C    4.502756   6.152522   6.396861   6.753607   6.985085
    46  H    4.716124   6.941655   7.115487   7.468850   7.896598
    47  H    5.325893   6.710641   6.992279   7.399578   7.343276
    48  C    3.143421   5.115720   5.166126   5.819456   5.998067
    49  H    2.441443   5.392676   5.272286   6.013414   6.453316
    50  H    3.514942   5.366318   5.338688   6.212053   6.033516
                   26         27         28         29         30
    26  H    0.000000
    27  H    1.766049   0.000000
    28  H    1.763880   1.762387   0.000000
    29  C    8.863549   7.657426   9.032075   0.000000
    30  H    8.786792   7.747623   9.158243   1.097475   0.000000
    31  H    9.768011   8.574517   9.862639   1.095214   1.718694
    32  C    9.225593   7.874958   9.375871   1.534828   2.186316
    33  H    9.413235   7.935601   9.366992   2.174342   3.089524
    34  H    8.550717   7.218370   8.810956   2.182529   2.513472
    35  H   10.199010   8.884784  10.419935   2.184650   2.572179
    36  C    9.590657   8.237030   9.213242   3.018592   3.961697
    37  H   10.093802   8.689130   9.809465   2.630493   3.654395
    38  H    9.787000   8.352646   9.219936   3.962092   4.958349
    39  C   10.412267   9.217258  10.077485   3.736825   4.432868
    40  H   11.445856  10.204310  11.051288   4.475059   5.211171
    41  H   10.466633   9.368133  10.311693   3.324778   3.806050
    42  H   10.139443   9.031103   9.720834   4.459231   5.071210
    43  N    5.698573   4.597285   4.956281   5.624675   6.073733
    44  N    7.358837   6.078216   6.868969   3.797838   4.473942
    45  C    7.985156   6.698102   7.190778   5.116354   5.873001
    46  H    8.876777   7.676309   8.109687   5.392463   6.133416
    47  H    8.372823   6.939389   7.479805   5.350423   6.231769
    48  C    7.025095   5.895456   6.067227   6.166442   6.775881
    49  H    7.437864   6.513621   6.497815   6.758953   7.290178
    50  H    7.105532   5.907927   5.924745   6.926484   7.599362
                   31         32         33         34         35
    31  H    0.000000
    32  C    2.189746   0.000000
    33  H    2.599084   1.093265   0.000000
    34  H    3.093008   1.093294   1.770660   0.000000
    35  H    2.491599   1.093035   1.768197   1.763443   0.000000
    36  C    2.643723   3.711495   3.283364   4.512716   4.373364
    37  H    2.165959   3.009702   2.515562   3.942834   3.509241
    38  H    3.672547   4.410783   3.758079   5.147485   5.097946
    39  C    3.028221   4.748931   4.533848   5.626822   5.234038
    40  H    3.634764   5.302197   4.981873   6.268491   5.638607
    41  H    2.494714   4.526698   4.560011   5.409823   4.901584
    42  H    3.886186   5.574503   5.368534   6.354197   6.162350
    43  N    6.057981   6.379502   6.187082   6.388454   7.437449
    44  N    4.029598   4.611688   4.343835   4.923879   5.595219
    45  C    5.185769   5.823218   5.362436   6.201283   6.768023
    46  H    5.245140   6.234952   5.796642   6.758177   7.086442
    47  H    5.436926   5.787598   5.146150   6.165062   6.714709
    48  C    6.385633   6.910741   6.541359   7.107075   7.924353
    49  H    6.877237   7.661339   7.357376   7.913407   8.641064
    50  H    7.188485   7.499035   7.021009   7.640950   8.527170
                   36         37         38         39         40
    36  C    0.000000
    37  H    1.088931   0.000000
    38  H    1.092493   1.740967   0.000000
    39  C    1.541471   2.164755   2.168663   0.000000
    40  H    2.172177   2.495359   2.480309   1.092329   0.000000
    41  H    2.184722   2.516390   3.079176   1.092278   1.770259
    42  H    2.195627   3.083502   2.552235   1.092428   1.767182
    43  N    4.692454   5.551440   4.654621   5.330663   6.253420
    44  N    2.457159   3.320297   2.591812   3.262785   4.190075
    45  C    2.995684   3.975224   2.606230   3.607044   4.301655
    46  H    2.916772   3.976660   2.533204   3.075702   3.655086
    47  H    3.087310   3.902569   2.382891   3.979404   4.499851
    48  C    4.464388   5.435360   4.151129   4.970965   5.727293
    49  H    4.975651   6.018776   4.722297   5.166123   5.896601
    50  H    5.144421   6.052159   4.650205   5.786844   6.449060
                   41         42         43         44         45
    41  H    0.000000
    42  H    1.765015   0.000000
    43  N    5.746749   4.847296   0.000000
    44  N    3.729468   3.070020   2.246777   0.000000
    45  C    4.373196   3.150016   2.380888   1.484913   0.000000
    46  H    3.923147   2.407964   3.197211   2.131758   1.087097
    47  H    4.854178   3.729903   3.045738   2.113048   1.089887
    48  C    5.617492   4.348017   1.484732   2.380313   1.550263
    49  H    5.772255   4.355007   2.117819   3.051345   2.202581
    50  H    6.520693   5.214241   2.127580   3.191538   2.196943
                   46         47         48         49         50
    46  H    0.000000
    47  H    1.777359   0.000000
    48  C    2.200072   2.200692   0.000000
    49  H    2.369837   3.007876   1.089598   0.000000
    50  H    2.889555   2.362540   1.087308   1.777189   0.000000
 Stoichiometry    C21H27N2(1+)
 Framework group  C1[X(C21H27N2)]
 Deg. of freedom   144
 Full point group                 C1      NOp   1
 Largest Abelian subgroup         C1      NOp   1
 Largest concise Abelian subgroup C1      NOp   1
                         Standard orientation:                         
 ---------------------------------------------------------------------
 Center     Atomic      Atomic             Coordinates (Angstroms)
 Number     Number       Type             X           Y           Z
 ---------------------------------------------------------------------
      1          6           0        2.368197   -0.804770    0.153113
      2          6           0       -0.008785   -0.636480    0.106247
      3          6           0        0.011610    0.731979   -0.136846
      4          6           0        1.282549    1.363852   -0.227339
      5          6           0        2.473099    0.543893   -0.093174
      6          6           0       -1.240492    1.398883   -0.250705
      7          6           0       -2.455741    0.613409   -0.129354
      8          6           0       -2.389864   -0.734279    0.128718
      9          6           0       -1.182293    2.785894   -0.464473
     10          6           0        0.054007    3.426832   -0.549911
     11          6           0        1.269939    2.751683   -0.435851
     12          1           0       -2.087190    3.370554   -0.553461
     13          1           0        0.070650    4.499556   -0.708311
     14          1           0        2.193571    3.309929   -0.500312
     15          6           0        3.534661   -1.754348    0.271452
     16          1           0        4.380970   -1.226013    0.707883
     17          1           0        3.288190   -2.550841    0.976701
     18          6           0        3.947498   -2.370401   -1.079594
     19          1           0        4.262269   -1.595928   -1.782381
     20          1           0        4.781760   -3.060392   -0.934001
     21          1           0        3.126864   -2.926702   -1.538313
     22          6           0        3.816200    1.226376   -0.216078
     23          1           0        4.591570    0.499603   -0.479337
     24          1           0        3.782414    1.910924   -1.069924
     25          6           0        4.327020    1.974260    1.055399
     26          1           0        4.851680    2.889605    0.776811
     27          1           0        3.523245    2.245551    1.746027
     28          1           0        5.029219    1.341339    1.603022
     29          6           0       -3.810222    1.316401   -0.252251
     30          1           0       -3.713801    2.098529   -1.016077
     31          1           0       -4.535663    0.624125   -0.692687
     32          6           0       -4.315379    1.896107    1.076077
     33          1           0       -4.331996    1.123858    1.849758
     34          1           0       -3.672822    2.710445    1.421426
     35          1           0       -5.328038    2.295346    0.976811
     36          6           0       -3.581064   -1.649459    0.260640
     37          1           0       -4.427893   -1.079740    0.640208
     38          1           0       -3.371533   -2.412065    1.014344
     39          6           0       -3.968727   -2.326689   -1.068724
     40          1           0       -4.820408   -2.992752   -0.913218
     41          1           0       -4.248114   -1.583360   -1.818708
     42          1           0       -3.147087   -2.919813   -1.476785
     43          7           0        1.103176   -1.371975    0.265552
     44          7           0       -1.143189   -1.343435    0.233317
     45          6           0       -0.813943   -2.735546    0.631553
     46          1           0       -1.306556   -3.453908   -0.018884
     47          1           0       -1.130835   -2.901046    1.661137
     48          6           0        0.728795   -2.791171    0.489492
     49          1           0        1.037040   -3.392605   -0.365192
     50          1           0        1.200187   -3.174874    1.391047
 ---------------------------------------------------------------------
 Rotational constants (GHZ):      0.3996167      0.2132073      0.1484746
 Standard basis: 6-311++G(d,p) (5D, 7F)
 There are   695 symmetry adapted basis functions of A   symmetry.
 Integral buffers will be    262144 words long.
 Raffenetti 2 integral format.
 Two-electron integral symmetry is turned on.
   695 basis functions,  1071 primitive gaussians,   718 cartesian basis functions
    83 alpha electrons       83 beta electrons
       nuclear repulsion energy      1993.3563198816 Hartrees.
 NAtoms=   50 NActive=   50 NUniq=   50 SFac= 7.50D-01 NAtFMM=   80 NAOKFM=F Big=F
 ------------------------------------------------------------------------------
 Polarizable Continuum Model (PCM)
 =================================
 Model                : C-PCM.
 Atomic radii         : UFF (Universal Force Field).
 Polarization charges : Total charges.
 Charge compensation  : None.
 Solution method      : Matrix inversion.
 Cavity type          : Scaled VdW (van der Waals Surface) (Alpha=1.100).
 Cavity algorithm     : GePol (No added spheres)
                        Default sphere list used, NSphG=   50.
                        Lebedev-Laikov grids with approx.  5.0 points / Ang**2.
                        Smoothing algorithm: Karplus/York (Gamma=1.0000).
                        Polarization charges: spherical gaussians, with
                                              point-specific exponents (IZeta= 3).
                        Self-potential: point-specific (ISelfS= 7).
                        Self-field    : sphere-specific E.n sum rule (ISelfD= 2).
 1st derivatives      : Analytical E(r).r(x)/FMM algorithm (CHGder, D1EAlg=3).
                        Cavity 1st derivative terms included.
 Solvent              : Water, Eps=  78.355300 Eps(inf)=   1.777849
 ------------------------------------------------------------------------------
 One-electron integrals computed using PRISM.
 NBasis=   695 RedAO= T  NBF=   695
 NBsUse=   685 1.00D-06 NBFU=   685
 Initial guess read from the read-write file.
 B after Tr=     0.000000    0.000000    0.000000
         Rot=    1.000000    0.000000    0.000000    0.000000 Ang=   0.00 deg.
 Initial guess orbital symmetries:
 Alpha Orbitals:
       Occupied  (A) (A) (A) (A) (A) (A) (A) (A) (A) (A) (A) (A)
                 (A) (A) (A) (A) (A) (A) (A) (A) (A) (A) (A) (A)
                 (A) (A) (A) (A) (A) (A) (A) (A) (A) (A) (A) (A)
                 (A) (A) (A) (A) (A) (A) (A) (A) (A) (A) (A) (A)
                 (A) (A) (A) (A) (A) (A) (A) (A) (A) (A) (A) (A)
                 (A) (A) (A) (A) (A) (A) (A) (A) (A) (A) (A) (A)
                 (A) (A) (A) (A) (A) (A) (A) (A) (A) (A) (A)
       Virtual   (A) (A) (A) (A) (A) (A) (A) (A) (A) (A) (A) (A)
                 (A) (A) (A) (A) (A) (A) (A) (A) (A) (A) (A) (A)
                 (A) (A) (A) (A) (A) (A) (A) (A) (A) (A) (A) (A)
                 (A) (A) (A) (A) (A) (A) (A) (A) (A) (A) (A) (A)
                 (A) (A) (A) (A) (A) (A) (A) (A) (A) (A) (A) (A)
                 (A) (A) (A) (A) (A) (A) (A) (A) (A) (A) (A) (A)
                 (A) (A) (A) (A) (A) (A) (A) (A) (A) (A) (A) (A)
                 (A) (A) (A) (A) (A) (A) (A) (A) (A) (A) (A) (A)
                 (A) (A) (A) (A) (A) (A) (A) (A) (A) (A) (A) (A)
                 (A) (A) (A) (A) (A) (A) (A) (A) (A) (A) (A) (A)
                 (A) (A) (A) (A) (A) (A) (A) (A) (A) (A) (A) (A)
                 (A) (A) (A) (A) (A) (A) (A) (A) (A) (A) (A) (A)
                 (A) (A) (A) (A) (A) (A) (A) (A) (A) (A) (A) (A)
                 (A) (A) (A) (A) (A) (A) (A) (A) (A) (A) (A) (A)
                 (A) (A) (A) (A) (A) (A) (A) (A) (A) (A) (A) (A)
                 (A) (A) (A) (A) (A) (A) (A) (A) (A) (A) (A) (A)
                 (A) (A) (A) (A) (A) (A) (A) (A) (A) (A) (A) (A)
                 (A) (A) (A) (A) (A) (A) (A) (A) (A) (A) (A) (A)
                 (A) (A) (A) (A) (A) (A) (A) (A) (A) (A) (A) (A)
                 (A) (A) (A) (A) (A) (A) (A) (A) (A) (A) (A) (A)
                 (A) (A) (A) (A) (A) (A) (A) (A) (A) (A) (A) (A)
                 (A) (A) (A) (A) (A) (A) (A) (A) (A) (A) (A) (A)
                 (A) (A) (A) (A) (A) (A) (A) (A) (A) (A) (A) (A)
                 (A) (A) (A) (A) (A) (A) (A) (A) (A) (A) (A) (A)
                 (A) (A) (A) (A) (A) (A) (A) (A) (A) (A) (A) (A)
                 (A) (A) (A) (A) (A) (A) (A) (A) (A) (A) (A) (A)
                 (A) (A) (A) (A) (A) (A) (A) (A) (A) (A) (A) (A)
                 (A) (A) (A) (A) (A) (A) (A) (A) (A) (A) (A) (A)
                 (A) (A) (A) (A) (A) (A) (A) (A) (A) (A) (A) (A)
                 (A) (A) (A) (A) (A) (A) (A) (A) (A) (A) (A) (A)
                 (A) (A) (A) (A) (A) (A) (A) (A) (A) (A) (A) (A)
                 (A) (A) (A) (A) (A) (A) (A) (A) (A) (A) (A) (A)
                 (A) (A) (A) (A) (A) (A) (A) (A) (A) (A) (A) (A)
                 (A) (A) (A) (A) (A) (A) (A) (A) (A) (A) (A) (A)
                 (A) (A) (A) (A) (A) (A) (A) (A) (A) (A) (A) (A)
                 (A) (A) (A) (A) (A) (A) (A) (A) (A) (A) (A) (A)
                 (A) (A) (A) (A) (A) (A) (A) (A) (A) (A) (A) (A)
                 (A) (A) (A) (A) (A) (A) (A) (A) (A) (A) (A) (A)
                 (A) (A) (A) (A) (A) (A) (A) (A) (A) (A) (A) (A)
                 (A) (A) (A) (A) (A) (A) (A) (A) (A) (A) (A) (A)
                 (A) (A) (A) (A) (A) (A) (A) (A) (A) (A) (A) (A)
                 (A) (A) (A) (A) (A) (A) (A) (A) (A) (A) (A) (A)
                 (A) (A) (A) (A) (A) (A) (A) (A) (A) (A) (A) (A)
                 (A) (A) (A) (A) (A) (A) (A) (A) (A) (A) (A) (A)
                 (A) (A) (A) (A) (A) (A) (A) (A) (A) (A) (A) (A)
                 (A) (A) (A) (A) (A) (A) (A) (A) (A) (A) (A) (A)
                 (A) (A) (A) (A) (A) (A) (A) (A) (A) (A) (A) (A)
                 (A) (A) (A) (A) (A) (A) (A) (A) (A) (A) (A) (A)
                 (A) (A) (A) (A) (A) (A) (A) (A) (A) (A) (A) (A)
                 (A) (A) (A) (A) (A) (A) (A) (A) (A) (A) (A) (A)
                 (A) (A)
 Beta  Orbitals:
       Occupied  (A) (A) (A) (A) (A) (A) (A) (A) (A) (A) (A) (A)
                 (A) (A) (A) (A) (A) (A) (A) (A) (A) (A) (A) (A)
                 (A) (A) (A) (A) (A) (A) (A) (A) (A) (A) (A) (A)
                 (A) (A) (A) (A) (A) (A) (A) (A) (A) (A) (A) (A)
                 (A) (A) (A) (A) (A) (A) (A) (A) (A) (A) (A) (A)
                 (A) (A) (A) (A) (A) (A) (A) (A) (A) (A) (A) (A)
                 (A) (A) (A) (A) (A) (A) (A) (A) (A) (A) (A)
       Virtual   (A) (A) (A) (A) (A) (A) (A) (A) (A) (A) (A) (A)
                 (A) (A) (A) (A) (A) (A) (A) (A) (A) (A) (A) (A)
                 (A) (A) (A) (A) (A) (A) (A) (A) (A) (A) (A) (A)
                 (A) (A) (A) (A) (A) (A) (A) (A) (A) (A) (A) (A)
                 (A) (A) (A) (A) (A) (A) (A) (A) (A) (A) (A) (A)
                 (A) (A) (A) (A) (A) (A) (A) (A) (A) (A) (A) (A)
                 (A) (A) (A) (A) (A) (A) (A) (A) (A) (A) (A) (A)
                 (A) (A) (A) (A) (A) (A) (A) (A) (A) (A) (A) (A)
                 (A) (A) (A) (A) (A) (A) (A) (A) (A) (A) (A) (A)
                 (A) (A) (A) (A) (A) (A) (A) (A) (A) (A) (A) (A)
                 (A) (A) (A) (A) (A) (A) (A) (A) (A) (A) (A) (A)
                 (A) (A) (A) (A) (A) (A) (A) (A) (A) (A) (A) (A)
                 (A) (A) (A) (A) (A) (A) (A) (A) (A) (A) (A) (A)
                 (A) (A) (A) (A) (A) (A) (A) (A) (A) (A) (A) (A)
                 (A) (A) (A) (A) (A) (A) (A) (A) (A) (A) (A) (A)
                 (A) (A) (A) (A) (A) (A) (A) (A) (A) (A) (A) (A)
                 (A) (A) (A) (A) (A) (A) (A) (A) (A) (A) (A) (A)
                 (A) (A) (A) (A) (A) (A) (A) (A) (A) (A) (A) (A)
                 (A) (A) (A) (A) (A) (A) (A) (A) (A) (A) (A) (A)
                 (A) (A) (A) (A) (A) (A) (A) (A) (A) (A) (A) (A)
                 (A) (A) (A) (A) (A) (A) (A) (A) (A) (A) (A) (A)
                 (A) (A) (A) (A) (A) (A) (A) (A) (A) (A) (A) (A)
                 (A) (A) (A) (A) (A) (A) (A) (A) (A) (A) (A) (A)
                 (A) (A) (A) (A) (A) (A) (A) (A) (A) (A) (A) (A)
                 (A) (A) (A) (A) (A) (A) (A) (A) (A) (A) (A) (A)
                 (A) (A) (A) (A) (A) (A) (A) (A) (A) (A) (A) (A)
                 (A) (A) (A) (A) (A) (A) (A) (A) (A) (A) (A) (A)
                 (A) (A) (A) (A) (A) (A) (A) (A) (A) (A) (A) (A)
                 (A) (A) (A) (A) (A) (A) (A) (A) (A) (A) (A) (A)
                 (A) (A) (A) (A) (A) (A) (A) (A) (A) (A) (A) (A)
                 (A) (A) (A) (A) (A) (A) (A) (A) (A) (A) (A) (A)
                 (A) (A) (A) (A) (A) (A) (A) (A) (A) (A) (A) (A)
                 (A) (A) (A) (A) (A) (A) (A) (A) (A) (A) (A) (A)
                 (A) (A) (A) (A) (A) (A) (A) (A) (A) (A) (A) (A)
                 (A) (A) (A) (A) (A) (A) (A) (A) (A) (A) (A) (A)
                 (A) (A) (A) (A) (A) (A) (A) (A) (A) (A) (A) (A)
                 (A) (A) (A) (A) (A) (A) (A) (A) (A) (A) (A) (A)
                 (A) (A) (A) (A) (A) (A) (A) (A) (A) (A) (A) (A)
                 (A) (A) (A) (A) (A) (A) (A) (A) (A) (A) (A) (A)
                 (A) (A) (A) (A) (A) (A) (A) (A) (A) (A) (A) (A)
                 (A) (A) (A) (A) (A) (A) (A) (A) (A) (A) (A) (A)
                 (A) (A) (A) (A) (A) (A) (A) (A) (A) (A) (A) (A)
                 (A) (A) (A) (A) (A) (A) (A) (A) (A) (A) (A) (A)
                 (A) (A) (A) (A) (A) (A) (A) (A) (A) (A) (A) (A)
                 (A) (A) (A) (A) (A) (A) (A) (A) (A) (A) (A) (A)
                 (A) (A) (A) (A) (A) (A) (A) (A) (A) (A) (A) (A)
                 (A) (A) (A) (A) (A) (A) (A) (A) (A) (A) (A) (A)
                 (A) (A) (A) (A) (A) (A) (A) (A) (A) (A) (A) (A)
                 (A) (A) (A) (A) (A) (A) (A) (A) (A) (A) (A) (A)
                 (A) (A) (A) (A) (A) (A) (A) (A) (A) (A) (A) (A)
                 (A) (A)
 Initial guess <Sx>= 0.0000 <Sy>= 0.0000 <Sz>= 0.0000 <S**2>= 0.0000 S= 0.0000
 Harris functional with IExCor=  402 diagonalized for initial guess.
 ExpMin= 3.60D-02 ExpMax= 6.29D+03 ExpMxC= 9.49D+02 IAcc=3 IRadAn=         0 AccDes= 0.00D+00
 HarFok:  IExCor=  402 AccDes= 0.00D+00 IRadAn=         0 IDoV= 1
 ScaDFX=  1.000000  1.000000  1.000000  1.000000
 FoFCou: FMM=F IPFlag=           0 FMFlag=      100000 FMFlg1=           0
         NFxFlg=           0 DoJE=T BraDBF=F KetDBF=T FulRan=T
         Omega=  0.000000  0.000000  1.000000  0.000000  0.000000 ICntrl=     500 IOpCl=  0
         NMat0=    1 NMatS0=    1 NMatT0=    0 NMatD0=    1 NMtDS0=    0 NMtDT0=    0
         I1Cent=           4 NGrid=           0.
 Petite list used in FoFCou.
 Requested convergence on RMS density matrix=1.00D-08 within 128 cycles.
 Requested convergence on MAX density matrix=1.00D-06.
 Requested convergence on             energy=1.00D-06.
 No special actions if energy rises.
