 Entering Link 1 = C:\G09W\l1.exe PID=     28112.
  
 Copyright (c) 1988,1990,1992,1993,1995,1998,2003,2009, Gaussian, Inc.
                  All Rights Reserved.
  
 This is part of the Gaussian(R) 09 program.  It is based on
 the Gaussian(R) 03 system (copyright 2003, Gaussian, Inc.),
 the Gaussian(R) 98 system (copyright 1998, Gaussian, Inc.),
 the Gaussian(R) 94 system (copyright 1995, Gaussian, Inc.),
 the Gaussian 92(TM) system (copyright 1992, Gaussian, Inc.),
 the Gaussian 90(TM) system (copyright 1990, Gaussian, Inc.),
 the Gaussian 88(TM) system (copyright 1988, Gaussian, Inc.),
 the Gaussian 86(TM) system (copyright 1986, Carnegie Mellon
 University), and the Gaussian 82(TM) system (copyright 1983,
 Carnegie Mellon University). Gaussian is a federally registered
 trademark of Gaussian, Inc.
  
 This software contains proprietary and confidential information,
 including trade secrets, belonging to Gaussian, Inc.
  
 This software is provided under written license and may be
 used, copied, transmitted, or stored only in accord with that
 written license.
  
 The following legend is applicable only to US Government
 contracts under FAR:
  
                    RESTRICTED RIGHTS LEGEND
  
 Use, reproduction and disclosure by the US Government is
 subject to restrictions as set forth in subparagraphs (a)
 and (c) of the Commercial Computer Software - Restricted
 Rights clause in FAR 52.227-19.
  
 Gaussian, Inc.
 340 Quinnipiac St., Bldg. 40, Wallingford CT 06492
  
  
 ---------------------------------------------------------------
 Warning -- This program may not be used in any manner that
 competes with the business of Gaussian, Inc. or will provide
 assistance to any competitor of Gaussian, Inc.  The licensee
 of this program is prohibited from giving any competitor of
 Gaussian, Inc. access to this program.  By using this program,
 the user acknowledges that Gaussian, Inc. is engaged in the
 business of creating and licensing software in the field of
 computational chemistry and represents and warrants to the
 licensee that it is not a competitor of Gaussian, Inc. and that
 it will not use this program in any manner prohibited above.
 ---------------------------------------------------------------
  

 Cite this work as:
 Gaussian 09, Revision A.02,
 M. J. Frisch, G. W. Trucks, H. B. Schlegel, G. E. Scuseria, 
 M. A. Robb, J. R. Cheeseman, G. Scalmani, V. Barone, B. Mennucci, 
 G. A. Petersson, H. Nakatsuji, M. Caricato, X. Li, H. P. Hratchian, 
 A. F. Izmaylov, J. Bloino, G. Zheng, J. L. Sonnenberg, M. Hada, 
 M. Ehara, K. Toyota, R. Fukuda, J. Hasegawa, M. Ishida, T. Nakajima, 
 Y. Honda, O. Kitao, H. Nakai, T. Vreven, J. A. Montgomery, Jr., 
 J. E. Peralta, F. Ogliaro, M. Bearpark, J. J. Heyd, E. Brothers, 
 K. N. Kudin, V. N. Staroverov, R. Kobayashi, J. Normand, 
 K. Raghavachari, A. Rendell, J. C. Burant, S. S. Iyengar, J. Tomasi, 
 M. Cossi, N. Rega, J. M. Millam, M. Klene, J. E. Knox, J. B. Cross, 
 V. Bakken, C. Adamo, J. Jaramillo, R. Gomperts, R. E. Stratmann, 
 O. Yazyev, A. J. Austin, R. Cammi, C. Pomelli, J. W. Ochterski, 
 R. L. Martin, K. Morokuma, V. G. Zakrzewski, G. A. Voth, 
 P. Salvador, J. J. Dannenberg, S. Dapprich, A. D. Daniels, 
 O. Farkas, J. B. Foresman, J. V. Ortiz, J. Cioslowski, 
 and D. J. Fox, Gaussian, Inc., Wallingford CT, 2009.
 
 ******************************************
 Gaussian 09:  IA32W-G09RevA.02 11-Jun-2009
                06-Aug-2025 
 ******************************************
 %chk=C:\Users\saif_\Desktop\downs\GV\N-BAP-freq-0chg.chk
 ----------------------------------------------------------------------
 # freq ub3lyp/6-311++g(d,p) scrf=(cpcm,solvent=water) geom=connectivit
 y
 ----------------------------------------------------------------------
 1/10=4,30=1,38=1,57=2/1,3;
 2/12=2,17=6,18=5,40=1/2;
 3/5=4,6=6,7=1111,11=2,16=1,25=1,30=1,70=2101,71=2,72=1,74=-5,116=2/1,2,3;
 4//1;
 5/5=2,38=5,53=1,98=1/2;
 8/6=4,10=90,11=11/1;
 11/6=1,8=1,9=11,15=111,16=1/1,2,10;
 10/6=1/2;
 6/7=2,8=2,9=2,10=2,18=1,28=1/1;
 7/8=1,10=1,25=1/1,2,3,16;
 1/10=4,30=1/3;
 99//99;
 --------------------------
 N-BAP Opt+Freq (DFT B3lyp)
 --------------------------
 Symbolic Z-matrix:
 Charge =  0 Multiplicity = 2
 C                     2.35942  -0.80329   0.1419 
 C                    -0.01178  -0.63699   0.09987 
 C                     0.0092    0.73245  -0.14764 
 C                     1.27809   1.36538  -0.23737 
 C                     2.46196   0.54458  -0.09808 
 C                    -1.24332   1.39759  -0.26313 
 C                    -2.45916   0.61208  -0.13979 
 C                    -2.39135  -0.73285   0.12484 
 C                    -1.18542   2.78676  -0.47342 
 C                     0.05087   3.42934  -0.55464 
 C                     1.26656   2.75421  -0.43918 
 H                    -2.08982   3.37272  -0.55912 
 H                     0.06758   4.50286  -0.70766 
 H                     2.18979   3.31483  -0.49537 
 C                     3.53247  -1.74696   0.25575 
 H                     4.37784  -1.21595   0.69042 
 H                     3.2948   -2.54806   0.95886 
 C                     3.94274  -2.35295  -1.0992 
 H                     4.25061  -1.57224  -1.79868 
 H                     4.78139  -3.03899  -0.95965 
 H                     3.12242  -2.9111   -1.55614 
 C                     3.81191   1.24194  -0.19794 
 H                     4.61047   0.51419  -0.44102 
 H                     3.79714   1.92     -1.07022 
 C                     4.43956   1.92372   1.08336 
 H                     4.98525   2.82996   0.82461 
 H                     3.71357   2.18213   1.86382 
 H                     5.16047   1.23459   1.53455 
 C                    -3.84049   1.3267   -0.25133 
 H                    -3.73511   2.09964  -1.03918 
 H                    -4.54416   0.63195  -0.74736 
 C                    -4.3605    1.89357   1.10336 
 H                    -4.36076   1.10397   1.86198 
 H                    -3.73614   2.71733   1.46664 
 H                    -5.37937   2.28392   1.03855 
 C                    -3.58565  -1.64387   0.26774 
 H                    -4.43264  -1.0723    0.64651 
 H                    -3.3759   -2.40232   1.02459 
 C                    -3.97561  -2.32476  -1.0583 
 H                    -4.82692  -2.99028  -0.89785 
 H                    -4.25666  -1.58409  -1.81082 
 H                    -3.15452  -2.91921  -1.46518 
 N                     1.0991   -1.37179   0.26142 
 N                    -1.14639  -1.34289   0.23127 
 C                    -0.8148   -2.73302   0.63827 
 H                    -1.30767  -3.45676  -0.00536 
 H                    -1.12878  -2.89141   1.66941 
 C                     0.72739  -2.79005   0.49311 
 H                     1.03397  -3.3951   -0.3593 
 H                     1.20161  -3.16894   1.39493 
 

 GradGradGradGradGradGradGradGradGradGradGradGradGradGradGradGradGradGrad
 Berny optimization.
 Initialization pass.
 Trust Radius=3.00D-01 FncErr=1.00D-07 GrdErr=1.00D-07
 Number of steps in this run=   2 maximum allowed number of steps=   2.
 GradGradGradGradGradGradGradGradGradGradGradGradGradGradGradGradGradGrad

                          Input orientation:                          
 ---------------------------------------------------------------------
 Center     Atomic      Atomic             Coordinates (Angstroms)
 Number     Number       Type             X           Y           Z
 ---------------------------------------------------------------------
      1          6           0        2.359425   -0.803294    0.141902
      2          6           0       -0.011782   -0.636988    0.099873
      3          6           0        0.009203    0.732446   -0.147645
      4          6           0        1.278094    1.365377   -0.237366
      5          6           0        2.461956    0.544584   -0.098082
      6          6           0       -1.243316    1.397586   -0.263129
      7          6           0       -2.459162    0.612080   -0.139787
      8          6           0       -2.391345   -0.732853    0.124845
      9          6           0       -1.185417    2.786762   -0.473418
     10          6           0        0.050868    3.429338   -0.554637
     11          6           0        1.266563    2.754212   -0.439179
     12          1           0       -2.089816    3.372718   -0.559117
     13          1           0        0.067579    4.502864   -0.707660
     14          1           0        2.189794    3.314829   -0.495366
     15          6           0        3.532470   -1.746962    0.255754
     16          1           0        4.377842   -1.215947    0.690416
     17          1           0        3.294796   -2.548061    0.958862
     18          6           0        3.942739   -2.352948   -1.099197
     19          1           0        4.250609   -1.572240   -1.798684
     20          1           0        4.781395   -3.038991   -0.959648
     21          1           0        3.122416   -2.911101   -1.556137
     22          6           0        3.811909    1.241941   -0.197943
     23          1           0        4.610475    0.514185   -0.441015
     24          1           0        3.797139    1.920001   -1.070216
     25          6           0        4.439557    1.923716    1.083360
     26          1           0        4.985254    2.829960    0.824612
     27          1           0        3.713575    2.182126    1.863816
     28          1           0        5.160470    1.234590    1.534546
     29          6           0       -3.840491    1.326705   -0.251330
     30          1           0       -3.735114    2.099639   -1.039178
     31          1           0       -4.544156    0.631952   -0.747364
     32          6           0       -4.360502    1.893573    1.103359
     33          1           0       -4.360759    1.103969    1.861982
     34          1           0       -3.736143    2.717325    1.466642
     35          1           0       -5.379369    2.283917    1.038548
     36          6           0       -3.585654   -1.643868    0.267739
     37          1           0       -4.432635   -1.072295    0.646508
     38          1           0       -3.375899   -2.402315    1.024594
     39          6           0       -3.975610   -2.324759   -1.058301
     40          1           0       -4.826918   -2.990284   -0.897850
     41          1           0       -4.256662   -1.584093   -1.810818
     42          1           0       -3.154520   -2.919215   -1.465176
     43          7           0        1.099096   -1.371786    0.261420
     44          7           0       -1.146386   -1.342895    0.231269
     45          6           0       -0.814801   -2.733020    0.638267
     46          1           0       -1.307673   -3.456763   -0.005364
     47          1           0       -1.128778   -2.891407    1.669406
     48          6           0        0.727387   -2.790054    0.493112
     49          1           0        1.033967   -3.395095   -0.359296
     50          1           0        1.201608   -3.168938    1.394932
 ---------------------------------------------------------------------
                    Distance matrix (angstroms):
                    1          2          3          4          5
     1  C    0.000000
     2  C    2.377403   0.000000
     3  C    2.822388   1.391781   0.000000
     4  C    2.452805   2.405613   1.420822   0.000000
     5  C    1.372909   2.748578   2.460436   1.447285   0.000000
     6  C    4.241186   2.405813   1.422868   2.521746   3.805771
     7  C    5.030051   2.758129   2.471311   3.813667   4.921758
     8  C    4.751323   2.381624   2.825595   4.242470   5.023552
     9  C    5.082620   3.664443   2.398638   2.853934   4.297857
    10  C    4.871321   4.119140   2.727747   2.422122   3.787294
    11  C    3.766676   3.664011   2.398642   1.403468   2.535305
    12  H    6.142169   4.564015   3.397974   3.933924   5.378618
    13  H    5.842056   5.203507   3.812228   3.395636   4.666113
    14  H    4.170590   4.562686   3.397733   2.167516   2.811791
    15  C    1.509803   3.717266   4.327077   3.874537   2.553895
    16  H    2.131938   4.466848   4.856293   4.139137   2.718789
    17  H    2.141624   3.914526   4.772965   4.562131   3.372714
    18  C    2.539417   4.474430   5.088989   4.655001   3.404503
    19  H    2.816688   4.758907   5.101669   4.461295   3.251502
    20  H    3.475298   5.465048   6.136521   5.673912   4.354779
    21  H    2.812178   4.211551   4.995135   4.840346   3.808397
    22  C    2.531440   4.270794   3.837015   2.537126   1.522712
    23  H    2.672596   4.794061   4.615777   3.445397   2.175927
    24  H    3.309469   4.734467   4.075522   2.710505   2.149309
    25  C    3.556667   5.228659   4.750004   3.471442   2.684905
    26  H    4.534490   6.124977   5.486887   4.125025   3.527228
    27  H    3.702896   4.993714   4.457568   3.318676   2.845546
    28  H    3.733401   5.684477   5.442193   4.269616   3.228553
    29  C    6.567380   4.317226   3.896670   5.118749   6.352640
    30  H    6.853129   4.759177   4.084601   5.129746   6.458138
    31  H    7.107049   4.782304   4.593783   5.890382   7.036676
    32  C    7.304444   5.130505   4.691220   5.819819   7.057561
    33  H    7.194247   5.004953   4.824231   6.022645   7.120688
    34  H    7.162795   5.195222   4.535778   5.465708   6.751710
    35  H    8.379963   6.182539   5.731564   6.840576   8.111941
    36  C    6.005528   3.716793   4.329251   5.741666   6.441796
    37  H    6.816089   4.475739   4.859804   6.271834   7.120681
    38  H    6.019133   3.910086   4.760230   6.119453   6.635147
    39  C    6.624803   4.461151   5.104364   6.472437   7.113185
    40  H    7.583372   5.451512   6.148950   7.528558   8.140185
    41  H    6.942288   4.750448   5.131287   6.465961   7.252900
    42  H    6.120736   4.187450   5.007959   6.285961   6.738817
    43  N    1.387767   1.341669   2.404785   2.787990   2.378887
    44  N    3.548220   1.342719   2.405410   3.665031   4.085484
    45  C    3.747790   2.308259   3.647751   4.684421   4.692764
    46  H    4.528818   3.105083   4.393618   5.476591   5.498134
    47  H    4.342931   2.965387   4.210580   5.248716   5.274791
    48  C    2.595017   2.310130   3.651624   4.254936   3.805003
    49  H    2.953891   2.985228   4.258114   4.768287   4.198625
    50  H    2.916658   3.091967   4.361440   4.819778   4.196166
                    6          7          8          9         10
     6  C    0.000000
     7  C    1.452762   0.000000
     8  C    2.450973   1.372398   0.000000
     9  C    1.406194   2.542238   3.768272   0.000000
    10  C    2.426500   3.795957   4.873391   1.395673   0.000000
    11  C    2.858482   4.308061   5.085080   2.452435   1.395363
    12  H    2.169174   2.816625   4.173061   1.081030   2.141438
    13  H    3.399824   4.673874   5.843981   2.137727   1.084506
    14  H    3.939035   5.389256   6.144529   3.416342   2.142809
    15  C    5.741563   6.451449   6.011417   6.583677   6.290656
    16  H    6.271939   7.125696   6.809930   6.951694   6.469276
    17  H    6.136436   6.655941   6.026837   7.112247   6.967283
    18  C    6.454509   7.120127   6.651587   7.287401   6.991283
    19  H    6.431252   7.248739   6.965636   7.092785   6.648402
    20  H    7.514352   8.150347   7.612003   8.353363   8.023789
    21  H    6.268674   6.750768   6.162145   7.224635   7.116078
    22  C    5.058040   6.302891   6.518003   5.237903   4.365474
    23  H    5.922744   7.076729   7.134478   6.225594   5.413043
    24  H    5.131324   6.458921   6.838358   5.092475   4.071665
    25  C    5.863863   7.128030   7.391708   5.899894   4.920419
    26  H    6.483051   7.827412   8.221771   6.305864   5.158463
    27  H    5.450702   6.676986   6.985067   5.461535   4.562879
    28  H    6.653320   7.826219   7.930196   6.834577   5.940508
    29  C    2.598169   1.559230   2.546234   3.038175   4.433479
    30  H    2.702627   2.156337   3.344200   2.700588   4.041849
    31  H    3.422897   2.171806   2.694074   3.999922   5.383006
    32  C    3.439497   2.608204   3.425373   3.655841   4.956583
    33  H    3.784278   2.804479   3.204708   4.285870   5.541646
    34  H    3.308777   2.939957   3.938608   3.205441   4.351319
    35  H    4.425707   3.565265   4.343276   4.486438   5.773881
    36  C    3.875412   2.554284   1.508888   5.093225   6.295873
    37  H    4.135156   2.711084   2.134061   5.166332   6.466007
    38  H    4.543721   3.358984   2.136820   5.828274   6.945854
    39  C    4.685465   3.430497   2.538482   5.852769   7.041011
    40  H    5.700744   4.376980   3.474753   6.842144   8.069829
    41  H    4.512872   3.293407   2.819717   5.506865   6.728098
    42  H    4.871590   3.835391   2.809053   6.117117   7.169917
    43  N    3.664897   4.093641   3.551066   4.801303   4.981518
    44  N    2.786407   2.383903   1.390468   4.189531   4.982496
    45  C    4.249476   3.807754   2.598030   5.642800   6.336170
    46  H    4.861614   4.230778   2.934448   6.262238   7.040293
    47  H    4.705664   4.161433   2.939235   6.069309   6.803657
    48  C    4.689552   4.704166   3.754222   5.974435   6.343208
    49  H    5.307077   5.320488   4.365168   6.569175   6.897647
    50  H    5.438746   5.482034   4.522935   6.682737   6.975834
                   11         12         13         14         15
    11  C    0.000000
    12  H    3.414999   0.000000
    13  H    2.137154   2.440010   0.000000
    14  H    1.081575   4.280477   2.441371   0.000000
    15  C    5.087026   7.647564   7.210684   5.290433   0.000000
    16  H    5.168966   8.027938   7.296423   5.169291   1.088835
    17  H    5.846566   8.145792   7.931441   6.140788   1.092066
    18  C    5.803501   8.334666   7.884943   5.963315   1.539946
    19  H    5.428717   8.135731   7.456202   5.461597   2.183339
    20  H    6.796038   9.406592   8.897367   6.877717   2.169414
    21  H    6.065275   8.224828   8.063425   6.384139   2.192331
    22  C    2.970512   6.284983   4.991336   2.648883   3.036028
    23  H    4.024856   7.285537   6.051327   3.702196   2.600071
    24  H    2.738234   6.085051   4.551070   2.204440   3.908307
    25  C    3.616039   6.886948   5.382746   3.080423   3.870609
    26  H    3.928303   7.229516   5.415717   3.129222   4.835534
    27  H    3.408656   6.400582   5.029075   3.028310   4.249281
    28  H    4.622483   7.843575   6.453421   4.156062   3.629785
    29  C    5.306135   2.710307   5.056603   6.354253   8.004068
    30  H    5.079886   2.134993   4.510640   6.072640   8.324120
    31  H    6.193821   3.683886   6.021099   7.253097   8.479231
    32  C    5.897795   3.179263   5.449412   6.890738   8.733323
    33  H    6.299635   4.020712   6.145383   7.304433   8.544638
    34  H    5.353557   2.691399   4.731177   6.270822   8.615616
    35  H    6.824461   3.815649   6.135325   7.791528   9.812320
    36  C    6.586870   5.299751   7.216636   7.650282   7.118881
    37  H    6.949945   5.167250   7.291646   8.025416   8.003172
    38  H    7.091182   6.124799   7.908208   8.122374   6.981846
    39  C    7.325274   6.022180   7.942718   8.374608   7.644073
    40  H    8.386902   6.935002   8.952069   9.441965   8.529714
    41  H    7.155998   5.552653   7.547653   8.202844   8.060262
    42  H    7.265426   6.445383   8.126685   8.268345   7.003685
    43  N    4.188406   5.775185   6.042736   4.871007   2.462133
    44  N    4.801886   4.873579   6.043856   5.775161   4.696335
    45  C    5.966798   6.351333   7.412701   6.847568   4.474080
    46  H    6.737292   6.896391   8.108033   7.637201   5.139902
    47  H    6.485122   6.717825   7.858560   7.363187   5.003539
    48  C    5.647899   6.857374   7.420502   6.354945   3.002144
    49  H    6.154223   7.456625   7.964485   6.810106   3.055674
    50  H    6.200958   7.579250   8.035139   6.825611   2.958489
                   16         17         18         19         20
    16  H    0.000000
    17  H    1.737693   0.000000
    18  C    2.164440   2.166449   0.000000
    19  H    2.517688   3.077314   1.092507   0.000000
    20  H    2.491798   2.476221   1.092461   1.771179   0.000000
    21  H    3.081662   2.546906   1.092364   1.767540   1.767587
    22  C    2.674075   3.996212   3.708450   3.267176   4.454938
    23  H    2.080292   3.614971   3.016543   2.515142   3.594893
    24  H    3.642968   4.932857   4.275528   3.596116   5.056935
    25  C    3.164759   4.617658   4.827033   4.534710   5.377658
    26  H    4.093449   5.639040   5.625870   5.176944   6.137567
    27  H    3.655819   4.834147   5.422071   5.272340   6.030941
    28  H    2.707433   4.256830   4.614098   4.451580   4.962681
    29  C    8.654072   8.209183   8.650861   8.732930   9.690094
    30  H    8.933346   8.660999   8.875729   8.822206   9.946998
    31  H    9.224098   8.629765   9.003377   9.127519  10.024309
    32  C    9.284303   8.851698   9.582693   9.725479  10.590583
    33  H    9.116892   8.529974   9.469263   9.732329  10.426154
    34  H    9.050409   8.798649   9.552823   9.635918  10.562694
    35  H   10.371760   9.929526  10.628837  10.754362  11.643335
    36  C    7.986178   6.973938   7.684270   8.104459   8.570902
    37  H    8.811757   7.873286   8.650691   9.034801   9.557509
    38  H    7.851092   6.672611   7.620721   8.174567   8.419265
    39  C    8.606256   7.548351   7.918505   8.293680   8.786637
    40  H    9.507811   8.342972   8.795091   9.231676   9.608635
    41  H    8.997020   8.100918   8.266058   8.507287   9.193894
    42  H    8.017741   6.899810   7.129213   7.534022   7.952901
    43  N    3.310362   2.586724   3.301555   3.770444   4.222547
    44  N    5.544729   4.658960   5.356261   5.770689   6.279618
    45  C    5.409969   4.126230   5.079116   5.739731   5.827895
    46  H    6.150646   4.789383   5.475555   6.136931   6.177535
    47  H    5.838532   4.493413   5.803049   6.534956   6.470228
    48  C    3.980272   2.620509   3.614553   4.375899   4.313637
    49  H    4.126994   2.750700   3.177180   3.967546   3.811882
    50  H    3.794599   2.226450   3.794775   4.695214   4.286701
                   21         22         23         24         25
    21  H    0.000000
    22  C    4.423556   0.000000
    23  H    3.897487   1.107438   0.000000
    24  H    4.902134   1.104918   1.741760   0.000000
    25  C    5.663680   1.581297   2.083197   2.247356   0.000000
    26  H    6.488290   2.223547   2.665536   2.414543   1.089042
    27  H    6.163319   2.268142   2.983069   2.946903   1.096785
    28  H    5.558124   2.195493   2.173550   3.018815   1.094613
    29  C    8.254913   7.653055   8.492054   7.704282   8.408152
    30  H    8.508847   7.642047   8.515886   7.534458   8.447566
    31  H    8.484319   8.396294   9.160511   8.446330   9.258904
    32  C    9.281803   8.300982   9.206857   8.442288   8.800133
    33  H    9.154356   8.429402   9.280877   8.707180   8.872643
    34  H    9.373164   7.868969   8.840758   7.988848   8.223064
    35  H   10.295676   9.332428  10.252708   9.422718   9.825633
    36  C    7.066160   7.954162   8.505061   8.306439   8.820256
    37  H    8.081563   8.604725   9.245402   8.923573   9.374578
    38  H    7.010502   8.151060   8.627639   8.632678   8.933049
    39  C    7.139581   8.608543   9.064298   8.856283   9.667021
    40  H    7.976937   9.645254  10.077419   9.925470  10.674275
    41  H    7.501773   8.699981   9.214404   8.814242   9.813522
    42  H    6.277600   8.212930   8.551741   8.479361   9.360503
    43  N    3.125193   3.794988   4.047232   4.459658   4.763885
    44  N    4.886385   5.608055   6.086226   6.064552   6.526834
    45  C    4.510965   6.156785   6.414266   6.770488   7.035025
    46  H    4.725287   6.951620   7.140217   7.490167   7.947675
    47  H    5.336400   6.706858   6.999354   7.410792   7.384797
    48  C    3.154400   5.123359   5.183528   5.835408   6.028949
    49  H    2.455259   5.407874   5.299109   6.032477   6.478353
    50  H    3.530551   5.367194   5.343825   6.221819   6.042890
                   26         27         28         29         30
    26  H    0.000000
    27  H    1.765447   0.000000
    28  H    1.754968   1.760610   0.000000
    29  C    9.017272   7.891102   9.176880   0.000000
    30  H    8.947173   7.994820   9.300741   1.108710   0.000000
    31  H    9.905149   8.798375   9.987494   1.106289   1.701120
    32  C    9.396683   8.114941   9.553485   1.557862   2.241437
    33  H    9.560498   8.145998   9.527753   2.187779   3.130419
    34  H    8.745721   7.479470   9.019580   2.212722   2.580828
    35  H   10.381201   9.130884  10.603552   2.224452   2.656027
    36  C    9.684302   8.394310   9.294354   3.026331   3.967899
    37  H   10.195879   8.856287   9.906462   2.629058   3.659131
    38  H    9.865373   8.484223   9.292832   3.968554   4.965459
    39  C   10.507786   9.379463  10.141981   3.742011   4.430971
    40  H   11.537800  10.359567  11.113687   4.475200   5.207622
    41  H   10.575555   9.550498  10.383584   3.328355   3.799648
    42  H   10.225070   9.180228   9.766856   4.468983   5.070252
    43  N    5.751006   4.693981   4.990872   5.651927   6.091957
    44  N    7.440549   6.221751   6.936742   3.823332   4.490723
    45  C    8.038787   6.794616   7.228354   5.140773   5.890386
    46  H    8.933794   7.778421   8.137382   5.418231   6.151004
    47  H    8.416003   7.016189   7.523077   5.369830   6.248196
    48  C    7.058603   5.959758   6.077382   6.194143   6.794919
    49  H    7.467638   6.574794   6.484493   6.787297   7.307427
    50  H    7.115337   5.929899   5.923102   6.952966   7.619319
                   31         32         33         34         35
    31  H    0.000000
    32  C    2.247353   0.000000
    33  H    2.658030   1.094981   0.000000
    34  H    3.146981   1.095612   1.774643   0.000000
    35  H    2.572169   1.093005   1.762920   1.752512   0.000000
    36  C    2.669928   3.716469   3.270017   4.525486   4.386235
    37  H    2.204490   3.001715   2.493726   3.939409   3.509154
    38  H    3.702896   4.407982   3.737004   5.151301   5.096554
    39  C    3.026890   4.755548   4.520240   5.644049   5.254256
    40  H    3.636371   5.298532   4.959525   6.273549   5.645532
    41  H    2.474762   4.538433   4.552579   5.432760   4.933646
    42  H    3.880352   5.587011   5.358265   6.380002   6.187986
    43  N    6.072800   6.417058   6.204932   6.446155   7.479211
    44  N    4.050010   4.643900   4.356439   4.971758   5.632372
    45  C    5.210672   5.847535   5.365984   6.239127   6.794495
    46  H    5.267160   6.259004   5.797292   6.795854   7.115045
    47  H    5.469885   5.801765   5.142550   6.188485   6.726774
    48  C    6.406096   6.942289   6.551828   7.155563   7.958338
    49  H    6.890803   7.694782   7.367410   7.965531   8.679633
    50  H    7.214568   7.526692   7.029637   7.683399   8.553940
                   36         37         38         39         40
    36  C    0.000000
    37  H    1.089742   0.000000
    38  H    1.091819   1.740285   0.000000
    39  C    1.540798   2.164234   2.168898   0.000000
    40  H    2.170753   2.493828   2.479305   1.092425   0.000000
    41  H    2.185000   2.516219   3.079739   1.092638   1.770896
    42  H    2.194398   3.082840   2.552479   1.092298   1.767435
    43  N    4.692649   5.553200   4.655106   5.329396   6.251487
    44  N    2.458037   3.323414   2.592772   3.260607   4.187496
    45  C    3.000195   3.980804   2.611099   3.610504   4.303827
    46  H    2.924102   3.984471   2.539731   3.083504   3.660495
    47  H    3.091482   3.907807   2.388419   3.983205   4.502979
    48  C    4.468429   5.440593   4.155692   4.974089   5.729326
    49  H    4.980048   6.024183   4.727334   5.170116   5.899482
    50  H    5.149202   6.058114   4.656010   5.790904   6.452278
                   41         42         43         44         45
    41  H    0.000000
    42  H    1.765428   0.000000
    43  N    5.746598   4.844473   0.000000
    44  N    3.728554   3.065178   2.245870   0.000000
    45  C    4.377723   3.151734   2.378649   1.485949   0.000000
    46  H    3.932314   2.414716   3.195441   2.133178   1.086733
    47  H    4.858465   3.732292   3.042219   2.113395   1.089456
    48  C    5.621670   4.349802   1.484363   2.381985   1.550054
    49  H    5.777318   4.358080   2.117383   3.051923   2.202594
    50  H    6.525433   5.217128   2.127231   3.193997   2.197378
                   46         47         48         49         50
    46  H    0.000000
    47  H    1.776650   0.000000
    48  C    2.198738   2.199838   0.000000
    49  H    2.369040   3.007790   1.089342   0.000000
    50  H    2.887934   2.362849   1.087068   1.776672   0.000000
 Stoichiometry    C21H27N2(2)
 Framework group  C1[X(C21H27N2)]
 Deg. of freedom   144
 Full point group                 C1      NOp   1
 Largest Abelian subgroup         C1      NOp   1
 Largest concise Abelian subgroup C1      NOp   1
                         Standard orientation:                         
 ---------------------------------------------------------------------
 Center     Atomic      Atomic             Coordinates (Angstroms)
 Number     Number       Type             X           Y           Z
 ---------------------------------------------------------------------
      1          6           0        2.359425   -0.803294    0.141902
      2          6           0       -0.011782   -0.636988    0.099873
      3          6           0        0.009203    0.732446   -0.147645
      4          6           0        1.278094    1.365377   -0.237366
      5          6           0        2.461956    0.544584   -0.098082
      6          6           0       -1.243316    1.397586   -0.263129
      7          6           0       -2.459162    0.612080   -0.139787
      8          6           0       -2.391345   -0.732853    0.124845
      9          6           0       -1.185417    2.786762   -0.473418
     10          6           0        0.050868    3.429338   -0.554637
     11          6           0        1.266563    2.754212   -0.439179
     12          1           0       -2.089816    3.372718   -0.559117
     13          1           0        0.067579    4.502864   -0.707660
     14          1           0        2.189794    3.314829   -0.495366
     15          6           0        3.532470   -1.746962    0.255754
     16          1           0        4.377842   -1.215947    0.690416
     17          1           0        3.294796   -2.548061    0.958862
     18          6           0        3.942739   -2.352948   -1.099197
     19          1           0        4.250609   -1.572240   -1.798684
     20          1           0        4.781395   -3.038991   -0.959648
     21          1           0        3.122416   -2.911101   -1.556137
     22          6           0        3.811909    1.241941   -0.197943
     23          1           0        4.610475    0.514185   -0.441015
     24          1           0        3.797139    1.920001   -1.070216
     25          6           0        4.439557    1.923716    1.083360
     26          1           0        4.985254    2.829960    0.824612
     27          1           0        3.713575    2.182126    1.863816
     28          1           0        5.160470    1.234590    1.534546
     29          6           0       -3.840491    1.326705   -0.251330
     30          1           0       -3.735114    2.099639   -1.039178
     31          1           0       -4.544156    0.631952   -0.747364
     32          6           0       -4.360502    1.893573    1.103359
     33          1           0       -4.360759    1.103969    1.861982
     34          1           0       -3.736143    2.717325    1.466641
     35          1           0       -5.379369    2.283917    1.038548
     36          6           0       -3.585654   -1.643868    0.267739
     37          1           0       -4.432635   -1.072295    0.646508
     38          1           0       -3.375899   -2.402315    1.024594
     39          6           0       -3.975610   -2.324759   -1.058301
     40          1           0       -4.826918   -2.990284   -0.897850
     41          1           0       -4.256662   -1.584093   -1.810818
     42          1           0       -3.154520   -2.919215   -1.465176
     43          7           0        1.099096   -1.371786    0.261420
     44          7           0       -1.146386   -1.342895    0.231269
     45          6           0       -0.814801   -2.733020    0.638267
     46          1           0       -1.307673   -3.456763   -0.005364
     47          1           0       -1.128778   -2.891407    1.669406
     48          6           0        0.727387   -2.790054    0.493112
     49          1           0        1.033967   -3.395095   -0.359296
     50          1           0        1.201608   -3.168938    1.394932
 ---------------------------------------------------------------------
 Rotational constants (GHZ):      0.4001754      0.2107982      0.1476133
 Standard basis: 6-311++G(d,p) (5D, 7F)
 There are   695 symmetry adapted basis functions of A   symmetry.
 Integral buffers will be    262144 words long.
 Raffenetti 2 integral format.
 Two-electron integral symmetry is turned on.
   695 basis functions,  1071 primitive gaussians,   718 cartesian basis functions
    84 alpha electrons       83 beta electrons
       nuclear repulsion energy      1988.7410160060 Hartrees.
 NAtoms=   50 NActive=   50 NUniq=   50 SFac= 7.50D-01 NAtFMM=   80 NAOKFM=F Big=F
 ------------------------------------------------------------------------------
 Polarizable Continuum Model (PCM)
 =================================
 Model                : C-PCM.
 Atomic radii         : UFF (Universal Force Field).
 Polarization charges : Total charges.
 Charge compensation  : None.
 Solution method      : Matrix inversion.
 Cavity type          : Scaled VdW (van der Waals Surface) (Alpha=1.100).
 Cavity algorithm     : GePol (No added spheres)
                        Default sphere list used, NSphG=   50.
                        Lebedev-Laikov grids with approx.  5.0 points / Ang**2.
                        Smoothing algorithm: Karplus/York (Gamma=1.0000).
                        Polarization charges: spherical gaussians, with
                                              point-specific exponents (IZeta= 3).
                        Self-potential: point-specific (ISelfS= 7).
                        Self-field    : sphere-specific E.n sum rule (ISelfD= 2).
 1st derivatives      : Analytical E(r).r(x)/FMM algorithm (CHGder, D1EAlg=3).
                        Cavity 1st derivative terms included.
 2nd derivatives      : Analytical E(r).r(xy)/FMM algorithm (CHGder, D2EAlg=3).
                        Cavity 2nd derivative terms included.
 Solvent              : Water, Eps=  78.355300 Eps(inf)=   1.777849
 ------------------------------------------------------------------------------
 One-electron integrals computed using PRISM.
 NBasis=   695 RedAO= T  NBF=   695
 NBsUse=   685 1.00D-06 NBFU=   685
 Harris functional with IExCor=  402 diagonalized for initial guess.
 ExpMin= 3.60D-02 ExpMax= 6.29D+03 ExpMxC= 9.49D+02 IAcc=3 IRadAn=         0 AccDes= 0.00D+00
 HarFok:  IExCor=  402 AccDes= 0.00D+00 IRadAn=         0 IDoV= 1
 ScaDFX=  1.000000  1.000000  1.000000  1.000000
 FoFCou: FMM=F IPFlag=           0 FMFlag=      100000 FMFlg1=           0
         NFxFlg=           0 DoJE=T BraDBF=F KetDBF=T FulRan=T
         Omega=  0.000000  0.000000  1.000000  0.000000  0.000000 ICntrl=     500 IOpCl=  0
         NMat0=    1 NMatS0=    1 NMatT0=    0 NMatD0=    1 NMtDS0=    0 NMtDT0=    0
         I1Cent=           4 NGrid=           0.
 Petite list used in FoFCou.
 Initial guess orbital symmetries:
 Alpha Orbitals:
       Occupied  (A) (A) (A) (A) (A) (A) (A) (A) (A) (A) (A) (A)
                 (A) (A) (A) (A) (A) (A) (A) (A) (A) (A) (A) (A)
                 (A) (A) (A) (A) (A) (A) (A) (A) (A) (A) (A) (A)
                 (A) (A) (A) (A) (A) (A) (A) (A) (A) (A) (A) (A)
                 (A) (A) (A) (A) (A) (A) (A) (A) (A) (A) (A) (A)
                 (A) (A) (A) (A) (A) (A) (A) (A) (A) (A) (A) (A)
                 (A) (A) (A) (A) (A) (A) (A) (A) (A) (A) (A) (A)
       Virtual   (A) (A) (A) (A) (A) (A) (A) (A) (A) (A) (A) (A)
                 (A) (A) (A) (A) (A) (A) (A) (A) (A) (A) (A) (A)
                 (A) (A) (A) (A) (A) (A) (A) (A) (A) (A) (A) (A)
                 (A) (A) (A) (A) (A) (A) (A) (A) (A) (A) (A) (A)
                 (A) (A) (A) (A) (A) (A) (A) (A) (A) (A) (A) (A)
                 (A) (A) (A) (A) (A) (A) (A) (A) (A) (A) (A) (A)
                 (A) (A) (A) (A) (A) (A) (A) (A) (A) (A) (A) (A)
                 (A) (A) (A) (A) (A) (A) (A) (A) (A) (A) (A) (A)
                 (A) (A) (A) (A) (A) (A) (A) (A) (A) (A) (A) (A)
                 (A) (A) (A) (A) (A) (A) (A) (A) (A) (A) (A) (A)
                 (A) (A) (A) (A) (A) (A) (A) (A) (A) (A) (A) (A)
                 (A) (A) (A) (A) (A) (A) (A) (A) (A) (A) (A) (A)
                 (A) (A) (A) (A) (A) (A) (A) (A) (A) (A) (A) (A)
                 (A) (A) (A) (A) (A) (A) (A) (A) (A) (A) (A) (A)
                 (A) (A) (A) (A) (A) (A) (A) (A) (A) (A) (A) (A)
                 (A) (A) (A) (A) (A) (A) (A) (A) (A) (A) (A) (A)
                 (A) (A) (A) (A) (A) (A) (A) (A) (A) (A) (A) (A)
                 (A) (A) (A) (A) (A) (A) (A) (A) (A) (A) (A) (A)
                 (A) (A) (A) (A) (A) (A) (A) (A) (A) (A) (A) (A)
                 (A) (A) (A) (A) (A) (A) (A) (A) (A) (A) (A) (A)
                 (A) (A) (A) (A) (A) (A) (A) (A) (A) (A) (A) (A)
                 (A) (A) (A) (A) (A) (A) (A) (A) (A) (A) (A) (A)
                 (A) (A) (A) (A) (A) (A) (A) (A) (A) (A) (A) (A)
                 (A) (A) (A) (A) (A) (A) (A) (A) (A) (A) (A) (A)
                 (A) (A) (A) (A) (A) (A) (A) (A) (A) (A) (A) (A)
                 (A) (A) (A) (A) (A) (A) (A) (A) (A) (A) (A) (A)
                 (A) (A) (A) (A) (A) (A) (A) (A) (A) (A) (A) (A)
                 (A) (A) (A) (A) (A) (A) (A) (A) (A) (A) (A) (A)
                 (A) (A) (A) (A) (A) (A) (A) (A) (A) (A) (A) (A)
                 (A) (A) (A) (A) (A) (A) (A) (A) (A) (A) (A) (A)
                 (A) (A) (A) (A) (A) (A) (A) (A) (A) (A) (A) (A)
                 (A) (A) (A) (A) (A) (A) (A) (A) (A) (A) (A) (A)
                 (A) (A) (A) (A) (A) (A) (A) (A) (A) (A) (A) (A)
                 (A) (A) (A) (A) (A) (A) (A) (A) (A) (A) (A) (A)
                 (A) (A) (A) (A) (A) (A) (A) (A) (A) (A) (A) (A)
                 (A) (A) (A) (A) (A) (A) (A) (A) (A) (A) (A) (A)
                 (A) (A) (A) (A) (A) (A) (A) (A) (A) (A) (A) (A)
                 (A) (A) (A) (A) (A) (A) (A) (A) (A) (A) (A) (A)
                 (A) (A) (A) (A) (A) (A) (A) (A) (A) (A) (A) (A)
                 (A) (A) (A) (A) (A) (A) (A) (A) (A) (A) (A) (A)
                 (A) (A) (A) (A) (A) (A) (A) (A) (A) (A) (A) (A)
                 (A) (A) (A) (A) (A) (A) (A) (A) (A) (A) (A) (A)
                 (A) (A) (A) (A) (A) (A) (A) (A) (A) (A) (A) (A)
                 (A) (A) (A) (A) (A) (A) (A) (A) (A) (A) (A) (A)
                 (A) (A) (A) (A) (A) (A) (A) (A) (A) (A) (A) (A)
                 (A) (A) (A) (A) (A) (A) (A) (A) (A) (A) (A) (A)
                 (A) (A) (A) (A) (A) (A) (A) (A) (A) (A) (A) (A)
                 (A) (A) (A) (A) (A) (A) (A) (A) (A) (A) (A) (A)
                 (A) (A) (A) (A) (A) (A) (A) (A) (A) (A) (A) (A)
                 (A) (A) (A) (A) (A) (A) (A) (A) (A) (A) (A) (A)
                 (A)
 Beta  Orbitals:
       Occupied  (A) (A) (A) (A) (A) (A) (A) (A) (A) (A) (A) (A)
                 (A) (A) (A) (A) (A) (A) (A) (A) (A) (A) (A) (A)
                 (A) (A) (A) (A) (A) (A) (A) (A) (A) (A) (A) (A)
                 (A) (A) (A) (A) (A) (A) (A) (A) (A) (A) (A) (A)
                 (A) (A) (A) (A) (A) (A) (A) (A) (A) (A) (A) (A)
                 (A) (A) (A) (A) (A) (A) (A) (A) (A) (A) (A) (A)
                 (A) (A) (A) (A) (A) (A) (A) (A) (A) (A) (A)
       Virtual   (A) (A) (A) (A) (A) (A) (A) (A) (A) (A) (A) (A)
                 (A) (A) (A) (A) (A) (A) (A) (A) (A) (A) (A) (A)
                 (A) (A) (A) (A) (A) (A) (A) (A) (A) (A) (A) (A)
                 (A) (A) (A) (A) (A) (A) (A) (A) (A) (A) (A) (A)
                 (A) (A) (A) (A) (A) (A) (A) (A) (A) (A) (A) (A)
                 (A) (A) (A) (A) (A) (A) (A) (A) (A) (A) (A) (A)
                 (A) (A) (A) (A) (A) (A) (A) (A) (A) (A) (A) (A)
                 (A) (A) (A) (A) (A) (A) (A) (A) (A) (A) (A) (A)
                 (A) (A) (A) (A) (A) (A) (A) (A) (A) (A) (A) (A)
                 (A) (A) (A) (A) (A) (A) (A) (A) (A) (A) (A) (A)
                 (A) (A) (A) (A) (A) (A) (A) (A) (A) (A) (A) (A)
                 (A) (A) (A) (A) (A) (A) (A) (A) (A) (A) (A) (A)
                 (A) (A) (A) (A) (A) (A) (A) (A) (A) (A) (A) (A)
                 (A) (A) (A) (A) (A) (A) (A) (A) (A) (A) (A) (A)
                 (A) (A) (A) (A) (A) (A) (A) (A) (A) (A) (A) (A)
                 (A) (A) (A) (A) (A) (A) (A) (A) (A) (A) (A) (A)
                 (A) (A) (A) (A) (A) (A) (A) (A) (A) (A) (A) (A)
                 (A) (A) (A) (A) (A) (A) (A) (A) (A) (A) (A) (A)
                 (A) (A) (A) (A) (A) (A) (A) (A) (A) (A) (A) (A)
                 (A) (A) (A) (A) (A) (A) (A) (A) (A) (A) (A) (A)
                 (A) (A) (A) (A) (A) (A) (A) (A) (A) (A) (A) (A)
                 (A) (A) (A) (A) (A) (A) (A) (A) (A) (A) (A) (A)
                 (A) (A) (A) (A) (A) (A) (A) (A) (A) (A) (A) (A)
                 (A) (A) (A) (A) (A) (A) (A) (A) (A) (A) (A) (A)
                 (A) (A) (A) (A) (A) (A) (A) (A) (A) (A) (A) (A)
                 (A) (A) (A) (A) (A) (A) (A) (A) (A) (A) (A) (A)
                 (A) (A) (A) (A) (A) (A) (A) (A) (A) (A) (A) (A)
                 (A) (A) (A) (A) (A) (A) (A) (A) (A) (A) (A) (A)
                 (A) (A) (A) (A) (A) (A) (A) (A) (A) (A) (A) (A)
                 (A) (A) (A) (A) (A) (A) (A) (A) (A) (A) (A) (A)
                 (A) (A) (A) (A) (A) (A) (A) (A) (A) (A) (A) (A)
                 (A) (A) (A) (A) (A) (A) (A) (A) (A) (A) (A) (A)
                 (A) (A) (A) (A) (A) (A) (A) (A) (A) (A) (A) (A)
                 (A) (A) (A) (A) (A) (A) (A) (A) (A) (A) (A) (A)
                 (A) (A) (A) (A) (A) (A) (A) (A) (A) (A) (A) (A)
                 (A) (A) (A) (A) (A) (A) (A) (A) (A) (A) (A) (A)
                 (A) (A) (A) (A) (A) (A) (A) (A) (A) (A) (A) (A)
                 (A) (A) (A) (A) (A) (A) (A) (A) (A) (A) (A) (A)
                 (A) (A) (A) (A) (A) (A) (A) (A) (A) (A) (A) (A)
                 (A) (A) (A) (A) (A) (A) (A) (A) (A) (A) (A) (A)
                 (A) (A) (A) (A) (A) (A) (A) (A) (A) (A) (A) (A)
                 (A) (A) (A) (A) (A) (A) (A) (A) (A) (A) (A) (A)
                 (A) (A) (A) (A) (A) (A) (A) (A) (A) (A) (A) (A)
                 (A) (A) (A) (A) (A) (A) (A) (A) (A) (A) (A) (A)
                 (A) (A) (A) (A) (A) (A) (A) (A) (A) (A) (A) (A)
                 (A) (A) (A) (A) (A) (A) (A) (A) (A) (A) (A) (A)
                 (A) (A) (A) (A) (A) (A) (A) (A) (A) (A) (A) (A)
                 (A) (A) (A) (A) (A) (A) (A) (A) (A) (A) (A) (A)
                 (A) (A) (A) (A) (A) (A) (A) (A) (A) (A) (A) (A)
                 (A) (A) (A) (A) (A) (A) (A) (A) (A) (A) (A) (A)
                 (A) (A)
 The electronic state of the initial guess is 2-A.
 Initial guess <Sx>= 0.0000 <Sy>= 0.0000 <Sz>= 0.5000 <S**2>= 0.7500 S= 0.5000
 Requested convergence on RMS density matrix=1.00D-08 within 128 cycles.
 Requested convergence on MAX density matrix=1.00D-06.
 Requested convergence on             energy=1.00D-06.
 No special actions if energy rises.
 Restarting incremental Fock formation.
 Error on total polarization charges =  0.02342
 SCF Done:  E(UB3LYP) =  -926.199223224     A.U. after   25 cycles
             Convg  =    0.5906D-08             -V/T =  2.0046
 <Sx>= 0.0000 <Sy>= 0.0000 <Sz>= 0.5000 <S**2>= 0.7694 S= 0.5097
 <L.S>= 0.000000000000E+00
 Annihilation of the first spin contaminant:
 S**2 before annihilation     0.7694,   after     0.7503
 DiagDN has N=   695 LTot=  2117 but NE2=     3 cannot use DSYEVD.
 Range of M.O.s used for correlation:     1   685
 NBasis=   695 NAE=    84 NBE=    83 NFC=     0 NFV=     0
 NROrb=    685 NOA=    84 NOB=    83 NVA=   601 NVB=   602

 **** Warning!!: The largest alpha MO coefficient is  0.13513078D+03


 **** Warning!!: The smallest alpha delta epsilon is  0.53855756D-01


 **** Warning!!: The largest beta MO coefficient is  0.13613938D+03

 Symmetrizing basis deriv contribution to polar:
 IMax=3 JMax=2 DiffMx= 0.00D+00
 G2DrvN: will do     8 centers at a time, making    7 passes doing MaxLOS=2.
 Calling FoFCou, ICntrl=  3107 FMM=F I1Cent=   0 AccDes= 0.00D+00.
 Calling FoFCou, ICntrl=  3107 FMM=F I1Cent=   0 AccDes= 0.00D+00.
 Calling FoFCou, ICntrl=  3107 FMM=F I1Cent=   0 AccDes= 0.00D+00.
 Calling FoFCou, ICntrl=  3107 FMM=F I1Cent=   0 AccDes= 0.00D+00.
 Calling FoFCou, ICntrl=  3107 FMM=F I1Cent=   0 AccDes= 0.00D+00.
 Calling FoFCou, ICntrl=  3107 FMM=F I1Cent=   0 AccDes= 0.00D+00.
 Calling FoFCou, ICntrl=  3107 FMM=F I1Cent=   0 AccDes= 0.00D+00.
 FoFDir/FoFCou used for L=0 through L=2.
 G2PCM: DoFxE=T DoFxN=T DoGrad=T DoPD/DQ/DG=FFF NFrqRd=   0 IEInf=0 DoCFld=F IF1Alg=4.
 End of G2Drv Frequency-dependent properties file   721 does not exist.
 End of G2Drv Frequency-dependent properties file   722 does not exist.
          IDoAtm=11111111111111111111111111111111111111111111111111
 NEqPCM:  Using equilibrium solvation (IEInf=0, Eps=  78.3553, EpsInf=   1.7778)
          Differentiating once with respect to electric field.
                with respect to dipole field.
          Differentiating once with respect to nuclear coordinates.
          There are   153 degrees of freedom in the 1st order CPHF.  IDoFFX=5.
    153 vectors produced by pass  0 Test12= 1.00D-13 1.00D-09 XBig12= 1.42D+03 1.99D+01.
 AX will form    10 AO Fock derivatives at one time.
    153 vectors produced by pass  1 Test12= 1.00D-13 1.00D-09 XBig12= 4.16D+02 4.13D+00.
    153 vectors produced by pass  2 Test12= 1.00D-13 1.00D-09 XBig12= 7.39D+00 4.25D-01.
    153 vectors produced by pass  3 Test12= 1.00D-13 1.00D-09 XBig12= 6.71D-02 4.06D-02.
    153 vectors produced by pass  4 Test12= 1.00D-13 1.00D-09 XBig12= 3.21D-04 1.26D-03.
    153 vectors produced by pass  5 Test12= 1.00D-13 1.00D-09 XBig12= 2.04D-06 7.20D-05.
    153 vectors produced by pass  6 Test12= 1.00D-13 1.00D-09 XBig12= 1.43D-08 7.00D-06.
    125 vectors produced by pass  7 Test12= 1.00D-13 1.00D-09 XBig12= 9.24D-11 4.04D-07.
     38 vectors produced by pass  8 Test12= 1.00D-13 1.00D-09 XBig12= 4.70D-12 9.75D-08.
      9 vectors produced by pass  9 Test12= 1.00D-13 1.00D-09 XBig12= 1.68D-13 1.97D-08.
      1 vectors produced by pass 10 Test12= 1.00D-13 1.00D-09 XBig12= 5.61D-16 1.95D-09.
 Inverted reduced A of dimension  1244 with in-core refinement.
 Isotropic polarizability for W=    0.000000      451.04 Bohr**3.
 End of Minotr Frequency-dependent properties file   721 does not exist.
 End of Minotr Frequency-dependent properties file   722 does not exist.

 **********************************************************************

            Population analysis using the SCF density.

 **********************************************************************

 Orbital symmetries:
 Alpha Orbitals:
       Occupied  (A) (A) (A) (A) (A) (A) (A) (A) (A) (A) (A) (A)
                 (A) (A) (A) (A) (A) (A) (A) (A) (A) (A) (A) (A)
                 (A) (A) (A) (A) (A) (A) (A) (A) (A) (A) (A) (A)
                 (A) (A) (A) (A) (A) (A) (A) (A) (A) (A) (A) (A)
                 (A) (A) (A) (A) (A) (A) (A) (A) (A) (A) (A) (A)
                 (A) (A) (A) (A) (A) (A) (A) (A) (A) (A) (A) (A)
                 (A) (A) (A) (A) (A) (A) (A) (A) (A) (A) (A) (A)
       Virtual   (A) (A) (A) (A) (A) (A) (A) (A) (A) (A) (A) (A)
                 (A) (A) (A) (A) (A) (A) (A) (A) (A) (A) (A) (A)
                 (A) (A) (A) (A) (A) (A) (A) (A) (A) (A) (A) (A)
                 (A) (A) (A) (A) (A) (A) (A) (A) (A) (A) (A) (A)
                 (A) (A) (A) (A) (A) (A) (A) (A) (A) (A) (A) (A)
                 (A) (A) (A) (A) (A) (A) (A) (A) (A) (A) (A) (A)
                 (A) (A) (A) (A) (A) (A) (A) (A) (A) (A) (A) (A)
                 (A) (A) (A) (A) (A) (A) (A) (A) (A) (A) (A) (A)
                 (A) (A) (A) (A) (A) (A) (A) (A) (A) (A) (A) (A)
                 (A) (A) (A) (A) (A) (A) (A) (A) (A) (A) (A) (A)
                 (A) (A) (A) (A) (A) (A) (A) (A) (A) (A) (A) (A)
                 (A) (A) (A) (A) (A) (A) (A) (A) (A) (A) (A) (A)
                 (A) (A) (A) (A) (A) (A) (A) (A) (A) (A) (A) (A)
                 (A) (A) (A) (A) (A) (A) (A) (A) (A) (A) (A) (A)
                 (A) (A) (A) (A) (A) (A) (A) (A) (A) (A) (A) (A)
                 (A) (A) (A) (A) (A) (A) (A) (A) (A) (A) (A) (A)
                 (A) (A) (A) (A) (A) (A) (A) (A) (A) (A) (A) (A)
                 (A) (A) (A) (A) (A) (A) (A) (A) (A) (A) (A) (A)
                 (A) (A) (A) (A) (A) (A) (A) (A) (A) (A) (A) (A)
                 (A) (A) (A) (A) (A) (A) (A) (A) (A) (A) (A) (A)
                 (A) (A) (A) (A) (A) (A) (A) (A) (A) (A) (A) (A)
                 (A) (A) (A) (A) (A) (A) (A) (A) (A) (A) (A) (A)
                 (A) (A) (A) (A) (A) (A) (A) (A) (A) (A) (A) (A)
                 (A) (A) (A) (A) (A) (A) (A) (A) (A) (A) (A) (A)
                 (A) (A) (A) (A) (A) (A) (A) (A) (A) (A) (A) (A)
                 (A) (A) (A) (A) (A) (A) (A) (A) (A) (A) (A) (A)
                 (A) (A) (A) (A) (A) (A) (A) (A) (A) (A) (A) (A)
                 (A) (A) (A) (A) (A) (A) (A) (A) (A) (A) (A) (A)
                 (A) (A) (A) (A) (A) (A) (A) (A) (A) (A) (A) (A)
                 (A) (A) (A) (A) (A) (A) (A) (A) (A) (A) (A) (A)
                 (A) (A) (A) (A) (A) (A) (A) (A) (A) (A) (A) (A)
                 (A) (A) (A) (A) (A) (A) (A) (A) (A) (A) (A) (A)
                 (A) (A) (A) (A) (A) (A) (A) (A) (A) (A) (A) (A)
                 (A) (A) (A) (A) (A) (A) (A) (A) (A) (A) (A) (A)
                 (A) (A) (A) (A) (A) (A) (A) (A) (A) (A) (A) (A)
                 (A) (A) (A) (A) (A) (A) (A) (A) (A) (A) (A) (A)
                 (A) (A) (A) (A) (A) (A) (A) (A) (A) (A) (A) (A)
                 (A) (A) (A) (A) (A) (A) (A) (A) (A) (A) (A) (A)
                 (A) (A) (A) (A) (A) (A) (A) (A) (A) (A) (A) (A)
                 (A) (A) (A) (A) (A) (A) (A) (A) (A) (A) (A) (A)
                 (A) (A) (A) (A) (A) (A) (A) (A) (A) (A) (A) (A)
                 (A) (A) (A) (A) (A) (A) (A) (A) (A) (A) (A) (A)
                 (A) (A) (A) (A) (A) (A) (A) (A) (A) (A) (A) (A)
                 (A) (A) (A) (A) (A) (A) (A) (A) (A) (A) (A) (A)
                 (A) (A) (A) (A) (A) (A) (A) (A) (A) (A) (A) (A)
                 (A) (A) (A) (A) (A) (A) (A) (A) (A) (A) (A) (A)
                 (A) (A) (A) (A) (A) (A) (A) (A) (A) (A) (A) (A)
                 (A) (A) (A) (A) (A) (A) (A) (A) (A) (A) (A) (A)
                 (A) (A) (A) (A) (A) (A) (A) (A) (A) (A) (A) (A)
                 (A) (A) (A) (A) (A) (A) (A) (A) (A) (A) (A) (A)
                 (A)
 Beta  Orbitals:
       Occupied  (A) (A) (A) (A) (A) (A) (A) (A) (A) (A) (A) (A)
                 (A) (A) (A) (A) (A) (A) (A) (A) (A) (A) (A) (A)
                 (A) (A) (A) (A) (A) (A) (A) (A) (A) (A) (A) (A)
                 (A) (A) (A) (A) (A) (A) (A) (A) (A) (A) (A) (A)
                 (A) (A) (A) (A) (A) (A) (A) (A) (A) (A) (A) (A)
                 (A) (A) (A) (A) (A) (A) (A) (A) (A) (A) (A) (A)
                 (A) (A) (A) (A) (A) (A) (A) (A) (A) (A) (A)
       Virtual   (A) (A) (A) (A) (A) (A) (A) (A) (A) (A) (A) (A)
                 (A) (A) (A) (A) (A) (A) (A) (A) (A) (A) (A) (A)
                 (A) (A) (A) (A) (A) (A) (A) (A) (A) (A) (A) (A)
                 (A) (A) (A) (A) (A) (A) (A) (A) (A) (A) (A) (A)
                 (A) (A) (A) (A) (A) (A) (A) (A) (A) (A) (A) (A)
                 (A) (A) (A) (A) (A) (A) (A) (A) (A) (A) (A) (A)
                 (A) (A) (A) (A) (A) (A) (A) (A) (A) (A) (A) (A)
                 (A) (A) (A) (A) (A) (A) (A) (A) (A) (A) (A) (A)
                 (A) (A) (A) (A) (A) (A) (A) (A) (A) (A) (A) (A)
                 (A) (A) (A) (A) (A) (A) (A) (A) (A) (A) (A) (A)
                 (A) (A) (A) (A) (A) (A) (A) (A) (A) (A) (A) (A)
                 (A) (A) (A) (A) (A) (A) (A) (A) (A) (A) (A) (A)
                 (A) (A) (A) (A) (A) (A) (A) (A) (A) (A) (A) (A)
                 (A) (A) (A) (A) (A) (A) (A) (A) (A) (A) (A) (A)
                 (A) (A) (A) (A) (A) (A) (A) (A) (A) (A) (A) (A)
                 (A) (A) (A) (A) (A) (A) (A) (A) (A) (A) (A) (A)
                 (A) (A) (A) (A) (A) (A) (A) (A) (A) (A) (A) (A)
                 (A) (A) (A) (A) (A) (A) (A) (A) (A) (A) (A) (A)
                 (A) (A) (A) (A) (A) (A) (A) (A) (A) (A) (A) (A)
                 (A) (A) (A) (A) (A) (A) (A) (A) (A) (A) (A) (A)
                 (A) (A) (A) (A) (A) (A) (A) (A) (A) (A) (A) (A)
                 (A) (A) (A) (A) (A) (A) (A) (A) (A) (A) (A) (A)
                 (A) (A) (A) (A) (A) (A) (A) (A) (A) (A) (A) (A)
                 (A) (A) (A) (A) (A) (A) (A) (A) (A) (A) (A) (A)
                 (A) (A) (A) (A) (A) (A) (A) (A) (A) (A) (A) (A)
                 (A) (A) (A) (A) (A) (A) (A) (A) (A) (A) (A) (A)
                 (A) (A) (A) (A) (A) (A) (A) (A) (A) (A) (A) (A)
                 (A) (A) (A) (A) (A) (A) (A) (A) (A) (A) (A) (A)
                 (A) (A) (A) (A) (A) (A) (A) (A) (A) (A) (A) (A)
                 (A) (A) (A) (A) (A) (A) (A) (A) (A) (A) (A) (A)
                 (A) (A) (A) (A) (A) (A) (A) (A) (A) (A) (A) (A)
                 (A) (A) (A) (A) (A) (A) (A) (A) (A) (A) (A) (A)
                 (A) (A) (A) (A) (A) (A) (A) (A) (A) (A) (A) (A)
                 (A) (A) (A) (A) (A) (A) (A) (A) (A) (A) (A) (A)
                 (A) (A) (A) (A) (A) (A) (A) (A) (A) (A) (A) (A)
                 (A) (A) (A) (A) (A) (A) (A) (A) (A) (A) (A) (A)
                 (A) (A) (A) (A) (A) (A) (A) (A) (A) (A) (A) (A)
                 (A) (A) (A) (A) (A) (A) (A) (A) (A) (A) (A) (A)
                 (A) (A) (A) (A) (A) (A) (A) (A) (A) (A) (A) (A)
                 (A) (A) (A) (A) (A) (A) (A) (A) (A) (A) (A) (A)
                 (A) (A) (A) (A) (A) (A) (A) (A) (A) (A) (A) (A)
                 (A) (A) (A) (A) (A) (A) (A) (A) (A) (A) (A) (A)
                 (A) (A) (A) (A) (A) (A) (A) (A) (A) (A) (A) (A)
                 (A) (A) (A) (A) (A) (A) (A) (A) (A) (A) (A) (A)
                 (A) (A) (A) (A) (A) (A) (A) (A) (A) (A) (A) (A)
                 (A) (A) (A) (A) (A) (A) (A) (A) (A) (A) (A) (A)
                 (A) (A) (A) (A) (A) (A) (A) (A) (A) (A) (A) (A)
                 (A) (A) (A) (A) (A) (A) (A) (A) (A) (A) (A) (A)
                 (A) (A) (A) (A) (A) (A) (A) (A) (A) (A) (A) (A)
                 (A) (A) (A) (A) (A) (A) (A) (A) (A) (A) (A) (A)
                 (A) (A)
 The electronic state is 2-A.
 Alpha  occ. eigenvalues --  -14.36119 -14.35906 -10.23601 -10.22793 -10.22738
 Alpha  occ. eigenvalues --  -10.21977 -10.21688 -10.18068 -10.17967 -10.17713
 Alpha  occ. eigenvalues --  -10.17505 -10.17459 -10.17401 -10.16922 -10.16913
 Alpha  occ. eigenvalues --  -10.16801 -10.16521 -10.16500 -10.16263 -10.16141
 Alpha  occ. eigenvalues --  -10.15264 -10.15179 -10.14432  -1.03766  -0.95311
 Alpha  occ. eigenvalues --   -0.86805  -0.82457  -0.81368  -0.79712  -0.77946
 Alpha  occ. eigenvalues --   -0.76723  -0.73993  -0.73841  -0.72878  -0.70962
 Alpha  occ. eigenvalues --   -0.66800  -0.66132  -0.64754  -0.63415  -0.62098
 Alpha  occ. eigenvalues --   -0.61345  -0.59369  -0.58498  -0.54510  -0.53515
 Alpha  occ. eigenvalues --   -0.52058  -0.51383  -0.49230  -0.47723  -0.47555
 Alpha  occ. eigenvalues --   -0.45354  -0.44948  -0.44583  -0.43552  -0.43359
 Alpha  occ. eigenvalues --   -0.43129  -0.42659  -0.42522  -0.42133  -0.41353
 Alpha  occ. eigenvalues --   -0.40956  -0.40494  -0.40183  -0.38891  -0.38856
 Alpha  occ. eigenvalues --   -0.38069  -0.37806  -0.37038  -0.36616  -0.35945
 Alpha  occ. eigenvalues --   -0.35556  -0.35522  -0.35035  -0.34682  -0.34140
 Alpha  occ. eigenvalues --   -0.33481  -0.32846  -0.32374  -0.31554  -0.27556
 Alpha  occ. eigenvalues --   -0.26308  -0.25607  -0.18455  -0.08420
 Alpha virt. eigenvalues --   -0.03034  -0.01976  -0.00841  -0.00244  -0.00073
 Alpha virt. eigenvalues --    0.00519   0.01155   0.01457   0.01653   0.02133
 Alpha virt. eigenvalues --    0.02398   0.02866   0.03038   0.03408   0.04077
 Alpha virt. eigenvalues --    0.04208   0.04645   0.04844   0.05004   0.05306
 Alpha virt. eigenvalues --    0.06110   0.06279   0.06370   0.06604   0.06842
 Alpha virt. eigenvalues --    0.07318   0.07383   0.07665   0.07865   0.07926
 Alpha virt. eigenvalues --    0.08095   0.08533   0.08793   0.09474   0.09729
 Alpha virt. eigenvalues --    0.10129   0.10377   0.10481   0.10810   0.10854
 Alpha virt. eigenvalues --    0.11328   0.11507   0.11832   0.11993   0.12213
 Alpha virt. eigenvalues --    0.12575   0.12655   0.12799   0.13076   0.13183
 Alpha virt. eigenvalues --    0.13346   0.13631   0.13829   0.13920   0.14034
 Alpha virt. eigenvalues --    0.14400   0.14522   0.14615   0.14832   0.15133
 Alpha virt. eigenvalues --    0.15344   0.15401   0.15630   0.15860   0.16081
 Alpha virt. eigenvalues --    0.16237   0.16442   0.16490   0.16668   0.17109
 Alpha virt. eigenvalues --    0.17234   0.17372   0.17422   0.17600   0.17905
 Alpha virt. eigenvalues --    0.18429   0.18656   0.18756   0.19034   0.19069
 Alpha virt. eigenvalues --    0.19220   0.19617   0.20025   0.20161   0.20286
 Alpha virt. eigenvalues --    0.20437   0.20590   0.21030   0.21128   0.21714
 Alpha virt. eigenvalues --    0.21766   0.21876   0.22145   0.22374   0.22601
 Alpha virt. eigenvalues --    0.22790   0.23063   0.23691   0.24008   0.24185
 Alpha virt. eigenvalues --    0.24582   0.24671   0.25099   0.25293   0.25921
 Alpha virt. eigenvalues --    0.26099   0.26439   0.26783   0.26882   0.27122
 Alpha virt. eigenvalues --    0.27541   0.27671   0.27960   0.28052   0.28409
 Alpha virt. eigenvalues --    0.28816   0.29236   0.29535   0.29713   0.29790
 Alpha virt. eigenvalues --    0.30338   0.30622   0.30897   0.31040   0.31342
 Alpha virt. eigenvalues --    0.31839   0.32172   0.32453   0.32646   0.32838
 Alpha virt. eigenvalues --    0.33107   0.33309   0.33497   0.33585   0.34072
 Alpha virt. eigenvalues --    0.34394   0.34497   0.34932   0.35241   0.35555
 Alpha virt. eigenvalues --    0.35597   0.35901   0.36080   0.36621   0.36929
 Alpha virt. eigenvalues --    0.37342   0.37709   0.38301   0.38446   0.39011
 Alpha virt. eigenvalues --    0.39140   0.40540   0.40669   0.41170   0.42366
 Alpha virt. eigenvalues --    0.42538   0.43407   0.44660   0.45726   0.46137
 Alpha virt. eigenvalues --    0.46312   0.47442   0.48538   0.49399   0.50055
 Alpha virt. eigenvalues --    0.50537   0.50783   0.51022   0.51651   0.52174
 Alpha virt. eigenvalues --    0.52375   0.53495   0.54019   0.54594   0.55073
 Alpha virt. eigenvalues --    0.55728   0.55967   0.56492   0.57151   0.57553
 Alpha virt. eigenvalues --    0.57833   0.58112   0.58455   0.59136   0.59695
 Alpha virt. eigenvalues --    0.60377   0.60810   0.61154   0.61784   0.62592
 Alpha virt. eigenvalues --    0.63086   0.63366   0.63767   0.64352   0.64601
 Alpha virt. eigenvalues --    0.64785   0.65490   0.65611   0.65918   0.67103
 Alpha virt. eigenvalues --    0.67473   0.67694   0.67935   0.68337   0.68660
 Alpha virt. eigenvalues --    0.68882   0.69020   0.69502   0.69760   0.70108
 Alpha virt. eigenvalues --    0.70456   0.70769   0.71153   0.71466   0.72004
 Alpha virt. eigenvalues --    0.72204   0.72878   0.73019   0.73718   0.73750
 Alpha virt. eigenvalues --    0.74033   0.74724   0.74933   0.75384   0.75449
 Alpha virt. eigenvalues --    0.76080   0.76332   0.76795   0.77495   0.77569
 Alpha virt. eigenvalues --    0.78066   0.78437   0.78784   0.79182   0.79478
 Alpha virt. eigenvalues --    0.80187   0.80550   0.81028   0.81856   0.82106
 Alpha virt. eigenvalues --    0.82887   0.83541   0.84285   0.84988   0.85738
 Alpha virt. eigenvalues --    0.87720   0.88499   0.89904   0.90301   0.91239
 Alpha virt. eigenvalues --    0.91476   0.92168   0.93477   0.94165   0.94955
 Alpha virt. eigenvalues --    0.95857   0.96446   0.97298   0.97791   0.98310
 Alpha virt. eigenvalues --    0.99045   0.99586   1.00077   1.00555   1.01664
 Alpha virt. eigenvalues --    1.02332   1.02921   1.03182   1.03697   1.05059
 Alpha virt. eigenvalues --    1.05713   1.06394   1.07848   1.08776   1.09428
 Alpha virt. eigenvalues --    1.10306   1.11423   1.11763   1.12592   1.13514
 Alpha virt. eigenvalues --    1.14091   1.14423   1.16167   1.16858   1.19674
 Alpha virt. eigenvalues --    1.20932   1.21804   1.22602   1.23720   1.25110
 Alpha virt. eigenvalues --    1.26120   1.28040   1.28619   1.29274   1.30434
 Alpha virt. eigenvalues --    1.31084   1.33239   1.33487   1.34151   1.34853
 Alpha virt. eigenvalues --    1.36169   1.39916   1.40982   1.41884   1.42309
 Alpha virt. eigenvalues --    1.44239   1.45312   1.45570   1.46664   1.47340
 Alpha virt. eigenvalues --    1.48035   1.48327   1.48643   1.49564   1.50683
 Alpha virt. eigenvalues --    1.51024   1.52151   1.52315   1.52523   1.52784
 Alpha virt. eigenvalues --    1.53546   1.54327   1.54711   1.55285   1.56543
 Alpha virt. eigenvalues --    1.56820   1.57830   1.58225   1.58597   1.59213
 Alpha virt. eigenvalues --    1.59655   1.60271   1.60403   1.60585   1.61405
 Alpha virt. eigenvalues --    1.61689   1.62239   1.62868   1.63119   1.63606
 Alpha virt. eigenvalues --    1.63843   1.64184   1.64885   1.65218   1.66192
 Alpha virt. eigenvalues --    1.66279   1.67351   1.67515   1.68197   1.68599
 Alpha virt. eigenvalues --    1.69404   1.69923   1.70348   1.71004   1.71734
 Alpha virt. eigenvalues --    1.72501   1.73097   1.74005   1.74755   1.76031
 Alpha virt. eigenvalues --    1.76802   1.77591   1.77867   1.78152   1.78816
 Alpha virt. eigenvalues --    1.79370   1.79596   1.80710   1.81280   1.81883
 Alpha virt. eigenvalues --    1.82763   1.83742   1.84417   1.85339   1.85850
 Alpha virt. eigenvalues --    1.87415   1.88751   1.89583   1.90635   1.90789
 Alpha virt. eigenvalues --    1.92658   1.92897   1.93951   1.94684   1.95895
 Alpha virt. eigenvalues --    1.96264   1.96935   1.97283   1.97704   1.98967
 Alpha virt. eigenvalues --    1.99383   2.01797   2.02326   2.03212   2.03744
 Alpha virt. eigenvalues --    2.04315   2.05149   2.05671   2.06473   2.07067
 Alpha virt. eigenvalues --    2.07769   2.09235   2.09476   2.10814   2.12564
 Alpha virt. eigenvalues --    2.13184   2.13650   2.14574   2.14921   2.16051
 Alpha virt. eigenvalues --    2.16532   2.17421   2.18233   2.18615   2.19965
 Alpha virt. eigenvalues --    2.20813   2.22737   2.23979   2.24312   2.26053
 Alpha virt. eigenvalues --    2.27055   2.27336   2.28543   2.29578   2.30392
 Alpha virt. eigenvalues --    2.31035   2.31425   2.33334   2.34058   2.34841
 Alpha virt. eigenvalues --    2.35941   2.37385   2.37838   2.39663   2.39894
 Alpha virt. eigenvalues --    2.41741   2.43121   2.43532   2.44862   2.47560
 Alpha virt. eigenvalues --    2.48774   2.50189   2.50323   2.50613   2.51119
 Alpha virt. eigenvalues --    2.51638   2.52828   2.53853   2.54118   2.55180
 Alpha virt. eigenvalues --    2.55723   2.55778   2.57085   2.58546   2.58926
 Alpha virt. eigenvalues --    2.59348   2.60206   2.60559   2.60832   2.61264
 Alpha virt. eigenvalues --    2.62687   2.62909   2.63273   2.64531   2.64998
 Alpha virt. eigenvalues --    2.65601   2.66644   2.66882   2.67842   2.68347
 Alpha virt. eigenvalues --    2.69449   2.70198   2.70549   2.71670   2.72512
 Alpha virt. eigenvalues --    2.72970   2.74826   2.75081   2.75765   2.76995
 Alpha virt. eigenvalues --    2.77381   2.78751   2.79048   2.79642   2.80282
 Alpha virt. eigenvalues --    2.81272   2.81356   2.82538   2.82783   2.83397
 Alpha virt. eigenvalues --    2.83752   2.84507   2.84881   2.86249   2.86775
 Alpha virt. eigenvalues --    2.87607   2.88718   2.90066   2.91018   2.92101
 Alpha virt. eigenvalues --    2.92498   2.92978   2.94253   2.95137   2.95466
 Alpha virt. eigenvalues --    2.97068   2.99819   3.00741   3.01517   3.02879
 Alpha virt. eigenvalues --    3.03559   3.04720   3.06031   3.10063   3.11207
 Alpha virt. eigenvalues --    3.12702   3.13966   3.16239   3.17734   3.19525
 Alpha virt. eigenvalues --    3.23461   3.23878   3.26340   3.28912   3.30951
 Alpha virt. eigenvalues --    3.31458   3.32494   3.34568   3.35317   3.39622
 Alpha virt. eigenvalues --    3.42648   3.45455   3.46324   3.50136   3.57335
 Alpha virt. eigenvalues --    3.60478   3.60738   3.62671   3.68056   3.69868
 Alpha virt. eigenvalues --    3.73631   3.74473   3.75391   3.78903   3.80242
 Alpha virt. eigenvalues --    3.80326   3.81573   3.82339   3.82561   3.82785
 Alpha virt. eigenvalues --    3.85032   3.87251   3.88202   3.92008   3.93778
 Alpha virt. eigenvalues --    3.94847   3.96810   4.00012   4.02187   4.05316
 Alpha virt. eigenvalues --    4.06650   4.08584   4.15737   4.18466   4.21253
 Alpha virt. eigenvalues --    4.22521   4.23444   4.28286   4.34415   4.36017
 Alpha virt. eigenvalues --    4.41969   4.46625   4.64898   4.83010   4.85612
 Alpha virt. eigenvalues --    5.08090   5.22335   5.38355  23.58447  23.76977
 Alpha virt. eigenvalues --   23.81435  23.86585  23.87149  23.89016  23.90864
 Alpha virt. eigenvalues --   23.91344  23.92787  23.97439  23.98856  23.99106
 Alpha virt. eigenvalues --   24.00431  24.01616  24.01952  24.04803  24.09270
 Alpha virt. eigenvalues --   24.11074  24.13811  24.14037  24.20015  35.59255
 Alpha virt. eigenvalues --   35.76172
  Beta  occ. eigenvalues --  -14.35851 -14.35613 -10.23333 -10.22809 -10.22754
  Beta  occ. eigenvalues --  -10.21896 -10.21578 -10.18074 -10.17975 -10.17708
  Beta  occ. eigenvalues --  -10.17573 -10.17511 -10.17398 -10.16763 -10.16648
  Beta  occ. eigenvalues --  -10.16615 -10.16510 -10.16487 -10.16266 -10.16145
  Beta  occ. eigenvalues --  -10.15392 -10.15290 -10.13994  -1.03278  -0.94863
  Beta  occ. eigenvalues --   -0.86465  -0.82248  -0.81174  -0.79415  -0.77837
  Beta  occ. eigenvalues --   -0.76686  -0.73863  -0.73490  -0.72740  -0.70798
  Beta  occ. eigenvalues --   -0.66754  -0.66059  -0.64768  -0.63035  -0.61675
  Beta  occ. eigenvalues --   -0.61306  -0.59281  -0.58388  -0.54361  -0.53363
  Beta  occ. eigenvalues --   -0.51544  -0.51059  -0.49147  -0.47593  -0.47420
  Beta  occ. eigenvalues --   -0.45310  -0.44722  -0.44373  -0.43523  -0.43172
  Beta  occ. eigenvalues --   -0.42976  -0.42424  -0.42277  -0.41701  -0.41258
  Beta  occ. eigenvalues --   -0.40766  -0.40378  -0.40109  -0.38802  -0.38645
  Beta  occ. eigenvalues --   -0.37992  -0.37677  -0.36959  -0.36583  -0.35891
  Beta  occ. eigenvalues --   -0.35519  -0.35005  -0.34798  -0.34513  -0.33982
  Beta  occ. eigenvalues --   -0.33452  -0.32283  -0.32227  -0.31482  -0.26415
  Beta  occ. eigenvalues --   -0.25137  -0.24355  -0.17823
  Beta virt. eigenvalues --   -0.02598  -0.02511  -0.01712  -0.00733  -0.00211
  Beta virt. eigenvalues --   -0.00045   0.00577   0.01161   0.01506   0.01625
  Beta virt. eigenvalues --    0.02131   0.02427   0.02865   0.03031   0.03387
  Beta virt. eigenvalues --    0.04077   0.04210   0.04713   0.04836   0.04988
  Beta virt. eigenvalues --    0.05320   0.06191   0.06311   0.06461   0.06757
  Beta virt. eigenvalues --    0.07139   0.07324   0.07640   0.07788   0.07952
  Beta virt. eigenvalues --    0.08213   0.08387   0.08545   0.08815   0.09487
  Beta virt. eigenvalues --    0.09763   0.10124   0.10392   0.10581   0.10852
  Beta virt. eigenvalues --    0.10923   0.11400   0.11575   0.11839   0.12017
  Beta virt. eigenvalues --    0.12256   0.12582   0.12676   0.12819   0.13134
  Beta virt. eigenvalues --    0.13191   0.13350   0.13643   0.13848   0.13964
  Beta virt. eigenvalues --    0.14079   0.14403   0.14553   0.14644   0.14831
  Beta virt. eigenvalues --    0.15148   0.15344   0.15412   0.15648   0.15892
  Beta virt. eigenvalues --    0.16105   0.16280   0.16447   0.16577   0.16691
  Beta virt. eigenvalues --    0.17115   0.17252   0.17372   0.17455   0.17627
  Beta virt. eigenvalues --    0.17903   0.18444   0.18697   0.18781   0.19048
  Beta virt. eigenvalues --    0.19082   0.19287   0.19678   0.20074   0.20197
  Beta virt. eigenvalues --    0.20362   0.20589   0.20644   0.21091   0.21343
  Beta virt. eigenvalues --    0.21754   0.21836   0.21980   0.22181   0.22418
  Beta virt. eigenvalues --    0.22685   0.22841   0.23134   0.23860   0.24098
  Beta virt. eigenvalues --    0.24264   0.24651   0.24730   0.25145   0.25338
  Beta virt. eigenvalues --    0.25966   0.26184   0.26542   0.26820   0.27005
  Beta virt. eigenvalues --    0.27209   0.27584   0.27767   0.28026   0.28094
  Beta virt. eigenvalues --    0.28425   0.28862   0.29307   0.29592   0.29811
  Beta virt. eigenvalues --    0.29924   0.30409   0.30677   0.30962   0.31081
  Beta virt. eigenvalues --    0.31398   0.31914   0.32281   0.32501   0.32700
  Beta virt. eigenvalues --    0.32886   0.33156   0.33312   0.33558   0.33768
  Beta virt. eigenvalues --    0.34169   0.34453   0.34559   0.34940   0.35255
  Beta virt. eigenvalues --    0.35614   0.35632   0.35930   0.36120   0.36663
  Beta virt. eigenvalues --    0.36964   0.37377   0.37751   0.38361   0.38586
  Beta virt. eigenvalues --    0.39084   0.39216   0.40614   0.40744   0.41246
  Beta virt. eigenvalues --    0.42435   0.42560   0.43452   0.44744   0.45862
  Beta virt. eigenvalues --    0.46245   0.46371   0.47497   0.48581   0.49472
  Beta virt. eigenvalues --    0.50097   0.50599   0.50934   0.51052   0.51719
  Beta virt. eigenvalues --    0.52268   0.52437   0.53530   0.54051   0.54622
  Beta virt. eigenvalues --    0.55264   0.55796   0.56017   0.56516   0.57263
  Beta virt. eigenvalues --    0.57637   0.57954   0.58179   0.58607   0.59425
  Beta virt. eigenvalues --    0.59796   0.60519   0.60916   0.61361   0.61871
  Beta virt. eigenvalues --    0.62694   0.63131   0.63454   0.63980   0.64526
  Beta virt. eigenvalues --    0.64737   0.65024   0.65543   0.65741   0.66150
  Beta virt. eigenvalues --    0.67140   0.67485   0.67777   0.68006   0.68377
  Beta virt. eigenvalues --    0.68719   0.68952   0.69105   0.69592   0.69835
  Beta virt. eigenvalues --    0.70149   0.70507   0.70834   0.71226   0.71506
  Beta virt. eigenvalues --    0.72125   0.72270   0.72965   0.73078   0.73772
  Beta virt. eigenvalues --    0.73851   0.74167   0.74826   0.75090   0.75457
  Beta virt. eigenvalues --    0.75537   0.76205   0.76518   0.76889   0.77577
  Beta virt. eigenvalues --    0.77638   0.78128   0.78539   0.78848   0.79275
  Beta virt. eigenvalues --    0.79548   0.80256   0.80594   0.81145   0.81921
  Beta virt. eigenvalues --    0.82342   0.83052   0.83618   0.84380   0.85075
  Beta virt. eigenvalues --    0.85800   0.88124   0.88783   0.90001   0.90457
  Beta virt. eigenvalues --    0.91302   0.91614   0.92260   0.93643   0.94287
  Beta virt. eigenvalues --    0.95040   0.95977   0.96647   0.97501   0.97910
  Beta virt. eigenvalues --    0.98657   0.99126   0.99759   1.00242   1.00729
  Beta virt. eigenvalues --    1.01921   1.02524   1.03136   1.03472   1.03988
  Beta virt. eigenvalues --    1.05233   1.05901   1.06661   1.07996   1.09031
  Beta virt. eigenvalues --    1.09590   1.10473   1.11729   1.12076   1.12921
  Beta virt. eigenvalues --    1.13690   1.14251   1.14832   1.16302   1.17021
  Beta virt. eigenvalues --    1.19846   1.21062   1.21911   1.22702   1.23878
  Beta virt. eigenvalues --    1.25241   1.26234   1.28189   1.28739   1.29428
  Beta virt. eigenvalues --    1.30531   1.31208   1.33320   1.33578   1.34265
  Beta virt. eigenvalues --    1.34959   1.36283   1.40095   1.41163   1.42098
  Beta virt. eigenvalues --    1.42432   1.44378   1.45501   1.45706   1.46777
  Beta virt. eigenvalues --    1.47464   1.48182   1.48448   1.48692   1.49623
  Beta virt. eigenvalues --    1.50773   1.51091   1.52209   1.52411   1.52602
  Beta virt. eigenvalues --    1.52941   1.53703   1.54405   1.54817   1.55395
  Beta virt. eigenvalues --    1.56679   1.56910   1.58136   1.58350   1.58698
  Beta virt. eigenvalues --    1.59325   1.59757   1.60338   1.60515   1.60656
  Beta virt. eigenvalues --    1.61468   1.61785   1.62310   1.62962   1.63194
  Beta virt. eigenvalues --    1.63626   1.63935   1.64298   1.64992   1.65306
  Beta virt. eigenvalues --    1.66278   1.66347   1.67471   1.67556   1.68284
  Beta virt. eigenvalues --    1.68697   1.69539   1.70029   1.70419   1.71081
  Beta virt. eigenvalues --    1.71869   1.72630   1.73264   1.74145   1.74865
  Beta virt. eigenvalues --    1.76211   1.76865   1.77770   1.77959   1.78255
  Beta virt. eigenvalues --    1.78905   1.79578   1.79668   1.80896   1.81417
  Beta virt. eigenvalues --    1.81974   1.82908   1.83806   1.84515   1.85402
  Beta virt. eigenvalues --    1.85915   1.87582   1.88910   1.89670   1.90848
  Beta virt. eigenvalues --    1.90989   1.92896   1.93007   1.94023   1.94912
  Beta virt. eigenvalues --    1.96168   1.96406   1.97202   1.97550   1.98056
  Beta virt. eigenvalues --    1.99068   1.99721   2.02053   2.02410   2.03469
  Beta virt. eigenvalues --    2.04023   2.04341   2.05253   2.05734   2.06569
  Beta virt. eigenvalues --    2.07295   2.07931   2.09340   2.09586   2.11001
  Beta virt. eigenvalues --    2.12732   2.13250   2.13752   2.14734   2.14981
  Beta virt. eigenvalues --    2.16118   2.16618   2.17491   2.18276   2.18745
  Beta virt. eigenvalues --    2.20070   2.20961   2.22811   2.24069   2.24435
  Beta virt. eigenvalues --    2.26160   2.27276   2.27430   2.28622   2.29674
  Beta virt. eigenvalues --    2.30569   2.31195   2.31671   2.33565   2.34168
  Beta virt. eigenvalues --    2.34918   2.36057   2.37656   2.37916   2.39780
  Beta virt. eigenvalues --    2.39984   2.41865   2.43478   2.43701   2.45240
  Beta virt. eigenvalues --    2.47762   2.48799   2.50248   2.50425   2.50641
  Beta virt. eigenvalues --    2.51166   2.51698   2.52899   2.53912   2.54187
  Beta virt. eigenvalues --    2.55230   2.55765   2.55852   2.57160   2.58589
  Beta virt. eigenvalues --    2.59064   2.59551   2.60283   2.60629   2.60901
  Beta virt. eigenvalues --    2.61360   2.62792   2.62997   2.63385   2.64679
  Beta virt. eigenvalues --    2.65092   2.65677   2.66773   2.67018   2.67962
  Beta virt. eigenvalues --    2.68489   2.69826   2.70427   2.70626   2.71976
  Beta virt. eigenvalues --    2.72654   2.73122   2.75005   2.75256   2.75924
  Beta virt. eigenvalues --    2.77229   2.77546   2.78861   2.79096   2.79718
  Beta virt. eigenvalues --    2.80349   2.81373   2.81424   2.82647   2.82908
  Beta virt. eigenvalues --    2.83526   2.84311   2.84733   2.84942   2.86372
  Beta virt. eigenvalues --    2.86822   2.87663   2.88851   2.90225   2.91161
  Beta virt. eigenvalues --    2.92406   2.92560   2.93009   2.94652   2.95413
  Beta virt. eigenvalues --    2.95635   2.97214   2.99970   3.00972   3.01607
  Beta virt. eigenvalues --    3.03240   3.04048   3.05123   3.06226   3.10406
  Beta virt. eigenvalues --    3.11359   3.12968   3.14145   3.16407   3.18217
  Beta virt. eigenvalues --    3.19604   3.23551   3.23923   3.26395   3.29025
  Beta virt. eigenvalues --    3.31057   3.31539   3.32554   3.34620   3.35358
  Beta virt. eigenvalues --    3.39687   3.42806   3.45547   3.46467   3.50279
  Beta virt. eigenvalues --    3.57518   3.60592   3.60941   3.62812   3.68099
  Beta virt. eigenvalues --    3.69991   3.73723   3.74575   3.75404   3.78947
  Beta virt. eigenvalues --    3.80270   3.80337   3.81586   3.82351   3.82576
  Beta virt. eigenvalues --    3.82804   3.85103   3.87358   3.88235   3.92147
  Beta virt. eigenvalues --    3.94043   3.94863   3.96973   4.00791   4.02997
  Beta virt. eigenvalues --    4.05713   4.06729   4.08950   4.15771   4.18628
  Beta virt. eigenvalues --    4.21255   4.22541   4.23464   4.28329   4.34765
  Beta virt. eigenvalues --    4.36083   4.42000   4.46857   4.65135   4.83333
  Beta virt. eigenvalues --    4.86002   5.08363   5.22726   5.38652  23.58572
  Beta virt. eigenvalues --   23.77007  23.81491  23.86579  23.87164  23.89052
  Beta virt. eigenvalues --   23.90869  23.91348  23.92780  23.97598  23.98868
  Beta virt. eigenvalues --   23.99277  24.00438  24.01640  24.01964  24.05130
  Beta virt. eigenvalues --   24.09269  24.11251  24.13829  24.14059  24.20173
  Beta virt. eigenvalues --   35.59544  35.76462
          Condensed to atoms (all electrons):
              1          2          3          4          5          6
     1  C    8.738745  -0.046811  -0.021986   0.096558   0.749222  -0.198117
     2  C   -0.046811   8.475021   0.637740   0.185656  -0.079975   0.189011
     3  C   -0.021986   0.637740   6.064776   0.046106   0.289027  -0.196951
     4  C    0.096558   0.185656   0.046106   6.444040   0.376793   0.631013
     5  C    0.749222  -0.079975   0.289027   0.376793   8.552385  -0.074307
     6  C   -0.198117   0.189011  -0.196951   0.631013  -0.074307   7.451846
     7  C   -0.196687  -0.388087   0.333166  -0.055054  -0.050867  -0.394810
     8  C    0.206060  -0.082463  -0.107546  -0.193965  -0.361192   0.139134
     9  C   -0.075750  -0.325606  -0.138214  -0.145290  -0.401581   0.108566
    10  C   -0.018039  -0.659909   0.863861  -1.537865  -0.239738  -2.092020
    11  C   -0.163910  -0.181494  -0.292698   0.762560   0.001216   0.346888
    12  H   -0.007590   0.012965  -0.003116   0.015953  -0.004370  -0.042671
    13  H   -0.002559  -0.022196   0.043600  -0.045175   0.000223  -0.069217
    14  H    0.012305   0.008619  -0.007950  -0.024571  -0.042158   0.024834
    15  C   -2.009728   0.276207  -0.604100  -0.725490  -0.089962   0.011156
    16  H   -0.239644   0.029052  -0.011436  -0.032144  -0.081655   0.001241
    17  H    0.065957   0.024942   0.002531  -0.004954   0.010019  -0.000867
    18  C   -0.000478   0.038871   0.023076   0.000148   0.026528   0.003298
    19  H   -0.002519   0.013308   0.001386   0.000161  -0.008446   0.000050
    20  H   -0.003706  -0.006844  -0.004415  -0.006112   0.008223   0.000063
    21  H   -0.118074   0.012444  -0.003025  -0.008222  -0.033857  -0.000389
    22  C   -0.018678  -0.890592  -0.388067  -0.075621  -2.609285  -0.003622
    23  H   -0.020878  -0.003397  -0.004752  -0.008662  -0.163502  -0.001860
    24  H    0.012402   0.004812   0.003961  -0.040392  -0.049006  -0.004587
    25  C    0.008987  -0.069079  -0.007946   0.023644  -0.051043  -0.006193
    26  H    0.002393  -0.002734   0.002198  -0.004522   0.022418  -0.000862
    27  H   -0.009777  -0.009756  -0.001390   0.022972  -0.051935   0.001577
    28  H   -0.012264  -0.001579  -0.002869  -0.012605  -0.043471  -0.000002
    29  C   -0.192528  -0.364535  -0.377488   0.085461   0.189379   0.802892
    30  H    0.000858  -0.013386  -0.006286  -0.006666  -0.002204  -0.127052
    31  H   -0.001288   0.026100   0.007866   0.003472   0.007531   0.047345
    32  C   -0.002513  -0.026044   0.012961  -0.008755  -0.001935  -0.009057
    33  H   -0.001057  -0.002302  -0.002177  -0.000732   0.000543  -0.006159
    34  H    0.001320   0.001581   0.008319   0.000568   0.000703   0.007079
    35  H   -0.000776  -0.007278  -0.007293   0.000642   0.000627   0.011615
    36  C    0.244488  -0.158445  -0.685801  -0.065511  -0.248192  -0.741418
    37  H    0.001428   0.034084  -0.010795  -0.001029  -0.003785  -0.045471
    38  H    0.007160  -0.022340  -0.005010  -0.000028   0.000165  -0.002963
    39  C   -0.004662   0.088048   0.025198   0.002668   0.005517  -0.016202
    40  H    0.000431  -0.008796  -0.002478  -0.000548  -0.000438  -0.006028
    41  H    0.000944  -0.007982  -0.000362   0.000205  -0.001209   0.010190
    42  H   -0.000659   0.020761  -0.002556   0.000341  -0.000072  -0.006458
    43  N   -0.126172   0.057360  -0.014436  -0.002911   0.060081  -0.023265
    44  N   -0.215983   0.210656  -0.065733   0.004129  -0.190701  -0.008898
    45  C    0.471347  -0.263960  -0.047574  -0.129380  -0.065310  -0.122581
    46  H    0.016516  -0.045345  -0.002072  -0.010828   0.010706  -0.026298
    47  H   -0.027142   0.004099   0.001872   0.002387  -0.013292   0.020150
    48  C   -0.621291  -0.169617   0.131347  -0.021601   0.133720  -0.091238
    49  H   -0.000684  -0.055545   0.005410  -0.007244   0.039181  -0.016904
    50  H   -0.036658   0.016586  -0.012192   0.002794  -0.011024   0.007203
              7          8          9         10         11         12
     1  C   -0.196687   0.206060  -0.075750  -0.018039  -0.163910  -0.007590
     2  C   -0.388087  -0.082463  -0.325606  -0.659909  -0.181494   0.012965
     3  C    0.333166  -0.107546  -0.138214   0.863861  -0.292698  -0.003116
     4  C   -0.055054  -0.193965  -0.145290  -1.537865   0.762560   0.015953
     5  C   -0.050867  -0.361192  -0.401581  -0.239738   0.001216  -0.004370
     6  C   -0.394810   0.139134   0.108566  -2.092020   0.346888  -0.042671
     7  C    9.620033   0.159823   0.566336  -0.023610  -0.289375  -0.013138
     8  C    0.159823   9.840856  -0.025078   0.159098  -0.249351   0.008561
     9  C    0.566336  -0.025078   7.161673   0.649051  -1.028434   0.425239
    10  C   -0.023610   0.159098   0.649051  11.094612  -0.467842  -0.082237
    11  C   -0.289375  -0.249351  -1.028434  -0.467842   7.165341   0.001461
    12  H   -0.013138   0.008561   0.425239  -0.082237   0.001461   0.584236
    13  H   -0.002369   0.000711  -0.106775   0.624071  -0.096182  -0.026485
    14  H    0.001603  -0.009660   0.020986  -0.089315   0.405680   0.004162
    15  C   -0.190634   0.302949  -0.076854   0.018079  -0.065637  -0.003368
    16  H   -0.003755   0.005523  -0.001011   0.008666   0.008593  -0.000027
    17  H    0.003977  -0.001948  -0.002118  -0.007501  -0.014030  -0.000089
    18  C    0.003308   0.002902   0.003651   0.012281   0.023103   0.000138
    19  H    0.001182  -0.000136  -0.000393  -0.002396  -0.008867  -0.000019
    20  H   -0.000997   0.000580  -0.000256   0.000299   0.000617  -0.000006
    21  H    0.000782   0.002251  -0.000105   0.000299  -0.000932  -0.000003
    22  C    0.228822  -0.316213   0.070272  -0.949466   0.335409  -0.002891
    23  H    0.007576  -0.006678  -0.001020  -0.049834  -0.041637  -0.000094
    24  H   -0.006104   0.005550   0.003824   0.079227   0.097125   0.000063
    25  C   -0.003731  -0.003084  -0.008590   0.044031   0.050734   0.000048
    26  H    0.000072  -0.000274   0.001341   0.008143   0.012921  -0.000016
    27  H    0.003135  -0.002437  -0.001921  -0.030705  -0.002149  -0.000139
    28  H   -0.000399   0.000162   0.000120   0.003256  -0.000513  -0.000021
    29  C   -3.498418   0.440248  -0.674208  -0.912051   0.264415   0.046264
    30  H   -0.097563   0.021486   0.134958   0.077407  -0.001242  -0.012715
    31  H   -0.159624   0.048557  -0.094004  -0.056436   0.005352   0.005775
    32  C    0.259058  -0.011295   0.088302   0.070426   0.000739  -0.008985
    33  H   -0.134773   0.048786  -0.011928  -0.000592   0.000645  -0.000478
    34  H   -0.006571  -0.016880  -0.003020  -0.018265  -0.001533  -0.008382
    35  H   -0.059656   0.003087   0.002599  -0.002793   0.002645  -0.001419
    36  C    0.429350  -2.707438   0.338726   0.133133  -0.162206   0.000840
    37  H   -0.089759  -0.269299   0.026587   0.012371  -0.003067  -0.000832
    38  H    0.049229   0.151269  -0.014556  -0.005796  -0.000981   0.000390
    39  C   -0.029863  -0.205357   0.034665   0.013595   0.000899  -0.001366
    40  H    0.013582   0.019166   0.000102  -0.000104  -0.000372  -0.000021
    41  H    0.043346   0.024534  -0.003000   0.001350  -0.000145  -0.000176
    42  H   -0.051067  -0.188689   0.003041   0.001302  -0.000504  -0.000127
    43  N   -0.197336  -0.328339  -0.017367   0.052213   0.046634   0.001222
    44  N   -0.025582  -0.181659   0.007410  -0.000451  -0.004217  -0.006437
    45  C    0.063135  -0.345396   0.003950  -0.053132  -0.048952   0.001002
    46  H    0.018470   0.032828  -0.006100  -0.005255  -0.000400  -0.000005
    47  H    0.008595  -0.069677   0.009201   0.006680  -0.000619  -0.000088
    48  C   -0.014980   0.366875  -0.056534  -0.039432   0.075748   0.000543
    49  H    0.006803  -0.005889  -0.004435  -0.004678   0.001286   0.000014
    50  H   -0.008572  -0.004721   0.003326   0.005548   0.002130   0.000072
             13         14         15         16         17         18
     1  C   -0.002559   0.012305  -2.009728  -0.239644   0.065957  -0.000478
     2  C   -0.022196   0.008619   0.276207   0.029052   0.024942   0.038871
     3  C    0.043600  -0.007950  -0.604100  -0.011436   0.002531   0.023076
     4  C   -0.045175  -0.024571  -0.725490  -0.032144  -0.004954   0.000148
     5  C    0.000223  -0.042158  -0.089962  -0.081655   0.010019   0.026528
     6  C   -0.069217   0.024834   0.011156   0.001241  -0.000867   0.003298
     7  C   -0.002369   0.001603  -0.190634  -0.003755   0.003977   0.003308
     8  C    0.000711  -0.009660   0.302949   0.005523  -0.001948   0.002902
     9  C   -0.106775   0.020986  -0.076854  -0.001011  -0.002118   0.003651
    10  C    0.624071  -0.089315   0.018079   0.008666  -0.007501   0.012281
    11  C   -0.096182   0.405680  -0.065637   0.008593  -0.014030   0.023103
    12  H   -0.026485   0.004162  -0.003368  -0.000027  -0.000089   0.000138
    13  H    0.568476  -0.027094   0.000570   0.000170  -0.000027   0.000046
    14  H   -0.027094   0.575912  -0.008017  -0.001521   0.000260   0.000187
    15  C    0.000570  -0.008017   9.572210   0.667999   0.356560  -0.300358
    16  H    0.000170  -0.001521   0.667999   0.544790  -0.049376  -0.040896
    17  H   -0.000027   0.000260   0.356560  -0.049376   0.628952  -0.112707
    18  C    0.000046   0.000187  -0.300358  -0.040896  -0.112707   5.646370
    19  H    0.000002  -0.000103   0.023767   0.002451   0.012818   0.353892
    20  H    0.000000   0.000020  -0.022395  -0.000310   0.000535   0.381462
    21  H    0.000025  -0.000285   0.061114   0.005221  -0.010740   0.419300
    22  C   -0.012160   0.048732  -0.797537  -0.030457  -0.000920  -0.047863
    23  H   -0.000919   0.006554   0.028051  -0.018632   0.015131  -0.030228
    24  H    0.001997  -0.007522  -0.026408   0.009127  -0.005200   0.024619
    25  C    0.001367  -0.004896   0.026292  -0.008229   0.003611  -0.038032
    26  H    0.000485  -0.005095  -0.008255   0.002205  -0.000824   0.001164
    27  H   -0.000122  -0.003343  -0.009836   0.002480   0.000082  -0.001579
    28  H    0.000031   0.001212   0.009520  -0.007231   0.000020   0.006826
    29  C   -0.011791   0.001055  -0.045324  -0.000947   0.000861  -0.000154
    30  H    0.003104  -0.000477   0.000470   0.000001   0.000036  -0.000006
    31  H   -0.001034  -0.000030  -0.000872  -0.000026   0.000043  -0.000092
    32  C    0.001428   0.000307  -0.000627  -0.000022   0.000007   0.000014
    33  H    0.000235  -0.000075  -0.000129  -0.000005   0.000015   0.000000
    34  H   -0.000157  -0.000105   0.000239   0.000004  -0.000003  -0.000011
    35  H    0.000066  -0.000019  -0.000137  -0.000005   0.000005  -0.000003
    36  C    0.001093  -0.003189   0.096301   0.000894  -0.003456   0.004810
    37  H    0.000169   0.000029   0.000218  -0.000002  -0.000026   0.000175
    38  H   -0.000070  -0.000070   0.001432   0.000019  -0.000355  -0.000216
    39  C    0.000203   0.000076   0.004722   0.000201  -0.000249  -0.000866
    40  H   -0.000001  -0.000002   0.000522   0.000006  -0.000025  -0.000010
    41  H    0.000011  -0.000023   0.000503   0.000015  -0.000039  -0.000015
    42  H    0.000032   0.000026  -0.001390  -0.000013   0.000053   0.000165
    43  N    0.001558  -0.005234  -0.202270   0.033002  -0.044908   0.100333
    44  N    0.000936   0.001101  -0.021771   0.001534   0.000109   0.019928
    45  C   -0.000726   0.000099  -0.229293  -0.019690  -0.007864   0.061129
    46  H   -0.000058  -0.000036  -0.006723  -0.000776   0.000894   0.001480
    47  H    0.000076   0.000094   0.005020   0.000317   0.001321   0.000415
    48  C   -0.000546   0.002065   0.176409   0.011815   0.019771  -0.022201
    49  H   -0.000046  -0.000042   0.034451  -0.000732   0.015048  -0.035534
    50  H    0.000026   0.000023   0.019725   0.004362  -0.029334   0.022884
             19         20         21         22         23         24
     1  C   -0.002519  -0.003706  -0.118074  -0.018678  -0.020878   0.012402
     2  C    0.013308  -0.006844   0.012444  -0.890592  -0.003397   0.004812
     3  C    0.001386  -0.004415  -0.003025  -0.388067  -0.004752   0.003961
     4  C    0.000161  -0.006112  -0.008222  -0.075621  -0.008662  -0.040392
     5  C   -0.008446   0.008223  -0.033857  -2.609285  -0.163502  -0.049006
     6  C    0.000050   0.000063  -0.000389  -0.003622  -0.001860  -0.004587
     7  C    0.001182  -0.000997   0.000782   0.228822   0.007576  -0.006104
     8  C   -0.000136   0.000580   0.002251  -0.316213  -0.006678   0.005550
     9  C   -0.000393  -0.000256  -0.000105   0.070272  -0.001020   0.003824
    10  C   -0.002396   0.000299   0.000299  -0.949466  -0.049834   0.079227
    11  C   -0.008867   0.000617  -0.000932   0.335409  -0.041637   0.097125
    12  H   -0.000019  -0.000006  -0.000003  -0.002891  -0.000094   0.000063
    13  H    0.000002   0.000000   0.000025  -0.012160  -0.000919   0.001997
    14  H   -0.000103   0.000020  -0.000285   0.048732   0.006554  -0.007522
    15  C    0.023767  -0.022395   0.061114  -0.797537   0.028051  -0.026408
    16  H    0.002451  -0.000310   0.005221  -0.030457  -0.018632   0.009127
    17  H    0.012818   0.000535  -0.010740  -0.000920   0.015131  -0.005200
    18  C    0.353892   0.381462   0.419300  -0.047863  -0.030228   0.024619
    19  H    0.572787  -0.022473  -0.059434   0.000810   0.005000  -0.009430
    20  H   -0.022473   0.539335  -0.023297  -0.000694  -0.002032  -0.000820
    21  H   -0.059434  -0.023297   0.588328  -0.005367  -0.002510   0.003209
    22  C    0.000810  -0.000694  -0.005367  10.760967   0.650304   0.273036
    23  H    0.005000  -0.002032  -0.002510   0.650304   0.603054  -0.054517
    24  H   -0.009430  -0.000820   0.003209   0.273036  -0.054517   0.619629
    25  C    0.002421   0.001422  -0.000977   0.197952  -0.053885  -0.100240
    26  H   -0.000055  -0.000182   0.000145  -0.049157  -0.008061   0.008852
    27  H    0.000569  -0.000184   0.000110   0.027617   0.008472  -0.000094
    28  H   -0.002581   0.000604   0.000312   0.015569  -0.004465   0.004633
    29  C    0.000165  -0.000163   0.000142   0.103217   0.002073  -0.001880
    30  H    0.000012  -0.000001  -0.000017  -0.001566  -0.000055   0.000060
    31  H    0.000002  -0.000003  -0.000004   0.002776   0.000083  -0.000070
    32  C    0.000003  -0.000002  -0.000009  -0.000735  -0.000016  -0.000025
    33  H    0.000002  -0.000001  -0.000002  -0.000027  -0.000003   0.000011
    34  H    0.000000   0.000001   0.000002   0.000658   0.000021  -0.000048
    35  H    0.000001  -0.000001   0.000000   0.000317   0.000007  -0.000007
    36  C   -0.000155   0.000657  -0.000320  -0.067941  -0.001950   0.001029
    37  H    0.000002   0.000009  -0.000030  -0.001406  -0.000045   0.000001
    38  H   -0.000015  -0.000003   0.000184   0.000424   0.000047  -0.000003
    39  C   -0.000038   0.000016   0.000010  -0.000492  -0.000123   0.000047
    40  H   -0.000001   0.000011  -0.000009  -0.000089  -0.000002  -0.000003
    41  H   -0.000010  -0.000004   0.000074  -0.000230  -0.000006   0.000018
    42  H    0.000001   0.000006  -0.000163  -0.000367  -0.000028  -0.000010
    43  N   -0.018361   0.000449   0.032707   0.076723  -0.005753   0.008292
    44  N    0.000677  -0.000491   0.001105  -0.039855   0.000621  -0.000257
    45  C   -0.003233   0.000716  -0.005033  -0.037462   0.002005  -0.001399
    46  H   -0.000179  -0.000154   0.001336   0.004517   0.000473  -0.000061
    47  H    0.000116   0.000107  -0.000945  -0.005722  -0.000425   0.000062
    48  C   -0.003306   0.003719  -0.003445   0.088852  -0.001871   0.001814
    49  H    0.001729   0.002393  -0.004251   0.023500   0.002467  -0.001364
    50  H    0.000487  -0.001320   0.000545  -0.016866  -0.003097   0.000866
             25         26         27         28         29         30
     1  C    0.008987   0.002393  -0.009777  -0.012264  -0.192528   0.000858
     2  C   -0.069079  -0.002734  -0.009756  -0.001579  -0.364535  -0.013386
     3  C   -0.007946   0.002198  -0.001390  -0.002869  -0.377488  -0.006286
     4  C    0.023644  -0.004522   0.022972  -0.012605   0.085461  -0.006666
     5  C   -0.051043   0.022418  -0.051935  -0.043471   0.189379  -0.002204
     6  C   -0.006193  -0.000862   0.001577  -0.000002   0.802892  -0.127052
     7  C   -0.003731   0.000072   0.003135  -0.000399  -3.498418  -0.097563
     8  C   -0.003084  -0.000274  -0.002437   0.000162   0.440248   0.021486
     9  C   -0.008590   0.001341  -0.001921   0.000120  -0.674208   0.134958
    10  C    0.044031   0.008143  -0.030705   0.003256  -0.912051   0.077407
    11  C    0.050734   0.012921  -0.002149  -0.000513   0.264415  -0.001242
    12  H    0.000048  -0.000016  -0.000139  -0.000021   0.046264  -0.012715
    13  H    0.001367   0.000485  -0.000122   0.000031  -0.011791   0.003104
    14  H   -0.004896  -0.005095  -0.003343   0.001212   0.001055  -0.000477
    15  C    0.026292  -0.008255  -0.009836   0.009520  -0.045324   0.000470
    16  H   -0.008229   0.002205   0.002480  -0.007231  -0.000947   0.000001
    17  H    0.003611  -0.000824   0.000082   0.000020   0.000861   0.000036
    18  C   -0.038032   0.001164  -0.001579   0.006826  -0.000154  -0.000006
    19  H    0.002421  -0.000055   0.000569  -0.002581   0.000165   0.000012
    20  H    0.001422  -0.000182  -0.000184   0.000604  -0.000163  -0.000001
    21  H   -0.000977   0.000145   0.000110   0.000312   0.000142  -0.000017
    22  C    0.197952  -0.049157   0.027617   0.015569   0.103217  -0.001566
    23  H   -0.053885  -0.008061   0.008472  -0.004465   0.002073  -0.000055
    24  H   -0.100240   0.008852  -0.000094   0.004633  -0.001880   0.000060
    25  C    5.484349   0.380154   0.419517   0.401978  -0.001528   0.000091
    26  H    0.380154   0.553981  -0.026397  -0.031486   0.000108  -0.000004
    27  H    0.419517  -0.026397   0.556114  -0.042920   0.001355  -0.000018
    28  H    0.401978  -0.031486  -0.042920   0.555546  -0.000123   0.000008
    29  C   -0.001528   0.000108   0.001355  -0.000123  10.996502   0.348039
    30  H    0.000091  -0.000004  -0.000018   0.000008   0.348039   0.642466
    31  H   -0.000070   0.000002   0.000026  -0.000004   0.600960  -0.073147
    32  C    0.000048  -0.000002  -0.000014   0.000003  -0.146064  -0.061544
    33  H    0.000031   0.000000  -0.000007   0.000002   0.086325   0.009756
    34  H   -0.000080   0.000001   0.000023  -0.000005   0.005268  -0.005158
    35  H   -0.000005   0.000001   0.000006  -0.000001   0.023107   0.000907
    36  C    0.000252  -0.000038  -0.000502   0.000119  -1.553080  -0.005163
    37  H    0.000048  -0.000003  -0.000008   0.000005  -0.034774   0.015129
    38  H   -0.000091   0.000004   0.000003  -0.000010  -0.038833  -0.006637
    39  C    0.000082  -0.000001  -0.000020   0.000006  -0.052740   0.026236
    40  H   -0.000001   0.000000   0.000000   0.000000  -0.006049  -0.000619
    41  H   -0.000007   0.000001  -0.000002  -0.000001  -0.036256  -0.006942
    42  H    0.000009   0.000000  -0.000004   0.000002   0.004904   0.002413
    43  N    0.000292  -0.000392   0.001483   0.001654  -0.036868   0.001788
    44  N   -0.006965  -0.000087   0.000358  -0.000326   0.121121   0.002225
    45  C   -0.003384  -0.000455   0.000690   0.001074   0.130727  -0.002605
    46  H   -0.000132  -0.000009   0.000060   0.000006   0.007599  -0.000941
    47  H    0.000323  -0.000006  -0.000109   0.000043   0.005415   0.001265
    48  C    0.000561  -0.000036  -0.001706   0.000050  -0.018932  -0.002095
    49  H    0.000253  -0.000051   0.000042  -0.000082   0.002267  -0.000205
    50  H    0.000124   0.000098   0.000037  -0.000110  -0.003856   0.000059
             31         32         33         34         35         36
     1  C   -0.001288  -0.002513  -0.001057   0.001320  -0.000776   0.244488
     2  C    0.026100  -0.026044  -0.002302   0.001581  -0.007278  -0.158445
     3  C    0.007866   0.012961  -0.002177   0.008319  -0.007293  -0.685801
     4  C    0.003472  -0.008755  -0.000732   0.000568   0.000642  -0.065511
     5  C    0.007531  -0.001935   0.000543   0.000703   0.000627  -0.248192
     6  C    0.047345  -0.009057  -0.006159   0.007079   0.011615  -0.741418
     7  C   -0.159624   0.259058  -0.134773  -0.006571  -0.059656   0.429350
     8  C    0.048557  -0.011295   0.048786  -0.016880   0.003087  -2.707438
     9  C   -0.094004   0.088302  -0.011928  -0.003020   0.002599   0.338726
    10  C   -0.056436   0.070426  -0.000592  -0.018265  -0.002793   0.133133
    11  C    0.005352   0.000739   0.000645  -0.001533   0.002645  -0.162206
    12  H    0.005775  -0.008985  -0.000478  -0.008382  -0.001419   0.000840
    13  H   -0.001034   0.001428   0.000235  -0.000157   0.000066   0.001093
    14  H   -0.000030   0.000307  -0.000075  -0.000105  -0.000019  -0.003189
    15  C   -0.000872  -0.000627  -0.000129   0.000239  -0.000137   0.096301
    16  H   -0.000026  -0.000022  -0.000005   0.000004  -0.000005   0.000894
    17  H    0.000043   0.000007   0.000015  -0.000003   0.000005  -0.003456
    18  C   -0.000092   0.000014   0.000000  -0.000011  -0.000003   0.004810
    19  H    0.000002   0.000003   0.000002   0.000000   0.000001  -0.000155
    20  H   -0.000003  -0.000002  -0.000001   0.000001  -0.000001   0.000657
    21  H   -0.000004  -0.000009  -0.000002   0.000002   0.000000  -0.000320
    22  C    0.002776  -0.000735  -0.000027   0.000658   0.000317  -0.067941
    23  H    0.000083  -0.000016  -0.000003   0.000021   0.000007  -0.001950
    24  H   -0.000070  -0.000025   0.000011  -0.000048  -0.000007   0.001029
    25  C   -0.000070   0.000048   0.000031  -0.000080  -0.000005   0.000252
    26  H    0.000002  -0.000002   0.000000   0.000001   0.000001  -0.000038
    27  H    0.000026  -0.000014  -0.000007   0.000023   0.000006  -0.000502
    28  H   -0.000004   0.000003   0.000002  -0.000005  -0.000001   0.000119
    29  C    0.600960  -0.146064   0.086325   0.005268   0.023107  -1.553080
    30  H   -0.073147  -0.061544   0.009756  -0.005158   0.000907  -0.005163
    31  H    0.600798  -0.056579   0.008207   0.006189  -0.006079  -0.046904
    32  C   -0.056579   5.458830   0.386334   0.385078   0.396492   0.004298
    33  H    0.008207   0.386334   0.571061  -0.044881  -0.021520  -0.030480
    34  H    0.006189   0.385078  -0.044881   0.553505  -0.023974   0.001043
    35  H   -0.006079   0.396492  -0.021520  -0.023974   0.552775  -0.010885
    36  C   -0.046904   0.004298  -0.030480   0.001043  -0.010885  11.275024
    37  H   -0.035198  -0.011720   0.004005  -0.002077  -0.002206   0.696359
    38  H    0.016199   0.009118  -0.006269   0.002279  -0.000365   0.346659
    39  C   -0.047748  -0.034008   0.000722  -0.002624  -0.000117  -0.236505
    40  H   -0.000733   0.002587   0.000623   0.000174  -0.000467  -0.047133
    41  H    0.001512   0.004660  -0.002803   0.000664   0.000199   0.025598
    42  H   -0.001893  -0.002287   0.000508  -0.000085   0.000076   0.105527
    43  N   -0.000729  -0.005163   0.000191  -0.000247  -0.000230  -0.037588
    44  N   -0.004590   0.002523   0.000407   0.001473  -0.000028  -0.269053
    45  C    0.007195   0.004888  -0.000511   0.000443   0.000833   0.209180
    46  H    0.002360   0.001165  -0.000091   0.000129   0.000057  -0.026592
    47  H   -0.003100  -0.001564   0.000639  -0.000470   0.000071   0.068556
    48  C    0.005568   0.000958  -0.001172   0.000058  -0.000312  -0.571271
    49  H    0.000746   0.000227  -0.000059   0.000025   0.000022  -0.035920
    50  H   -0.000430  -0.000327   0.000016   0.000001  -0.000036   0.037059
             37         38         39         40         41         42
     1  C    0.001428   0.007160  -0.004662   0.000431   0.000944  -0.000659
     2  C    0.034084  -0.022340   0.088048  -0.008796  -0.007982   0.020761
     3  C   -0.010795  -0.005010   0.025198  -0.002478  -0.000362  -0.002556
     4  C   -0.001029  -0.000028   0.002668  -0.000548   0.000205   0.000341
     5  C   -0.003785   0.000165   0.005517  -0.000438  -0.001209  -0.000072
     6  C   -0.045471  -0.002963  -0.016202  -0.006028   0.010190  -0.006458
     7  C   -0.089759   0.049229  -0.029863   0.013582   0.043346  -0.051067
     8  C   -0.269299   0.151269  -0.205357   0.019166   0.024534  -0.188689
     9  C    0.026587  -0.014556   0.034665   0.000102  -0.003000   0.003041
    10  C    0.012371  -0.005796   0.013595  -0.000104   0.001350   0.001302
    11  C   -0.003067  -0.000981   0.000899  -0.000372  -0.000145  -0.000504
    12  H   -0.000832   0.000390  -0.001366  -0.000021  -0.000176  -0.000127
    13  H    0.000169  -0.000070   0.000203  -0.000001   0.000011   0.000032
    14  H    0.000029  -0.000070   0.000076  -0.000002  -0.000023   0.000026
    15  C    0.000218   0.001432   0.004722   0.000522   0.000503  -0.001390
    16  H   -0.000002   0.000019   0.000201   0.000006   0.000015  -0.000013
    17  H   -0.000026  -0.000355  -0.000249  -0.000025  -0.000039   0.000053
    18  C    0.000175  -0.000216  -0.000866  -0.000010  -0.000015   0.000165
    19  H    0.000002  -0.000015  -0.000038  -0.000001  -0.000010   0.000001
    20  H    0.000009  -0.000003   0.000016   0.000011  -0.000004   0.000006
    21  H   -0.000030   0.000184   0.000010  -0.000009   0.000074  -0.000163
    22  C   -0.001406   0.000424  -0.000492  -0.000089  -0.000230  -0.000367
    23  H   -0.000045   0.000047  -0.000123  -0.000002  -0.000006  -0.000028
    24  H    0.000001  -0.000003   0.000047  -0.000003   0.000018  -0.000010
    25  C    0.000048  -0.000091   0.000082  -0.000001  -0.000007   0.000009
    26  H   -0.000003   0.000004  -0.000001   0.000000   0.000001   0.000000
    27  H   -0.000008   0.000003  -0.000020   0.000000  -0.000002  -0.000004
    28  H    0.000005  -0.000010   0.000006   0.000000  -0.000001   0.000002
    29  C   -0.034774  -0.038833  -0.052740  -0.006049  -0.036256   0.004904
    30  H    0.015129  -0.006637   0.026236  -0.000619  -0.006942   0.002413
    31  H   -0.035198   0.016199  -0.047748  -0.000733   0.001512  -0.001893
    32  C   -0.011720   0.009118  -0.034008   0.002587   0.004660  -0.002287
    33  H    0.004005  -0.006269   0.000722   0.000623  -0.002803   0.000508
    34  H   -0.002077   0.002279  -0.002624   0.000174   0.000664  -0.000085
    35  H   -0.002206  -0.000365  -0.000117  -0.000467   0.000199   0.000076
    36  C    0.696359   0.346659  -0.236505  -0.047133   0.025598   0.105527
    37  H    0.553047  -0.062864   0.012009  -0.008795  -0.004460   0.012080
    38  H   -0.062864   0.633165  -0.166128   0.003042   0.019100  -0.014057
    39  C    0.012009  -0.166128   5.800589   0.383825   0.322206   0.440224
    40  H   -0.008795   0.003042   0.383825   0.535812  -0.022901  -0.022194
    41  H   -0.004460   0.019100   0.322206  -0.022901   0.586362  -0.063022
    42  H    0.012080  -0.014057   0.440224  -0.022194  -0.063022   0.589030
    43  N    0.002262  -0.004456   0.032553   0.000069  -0.001983   0.003142
    44  N    0.041635  -0.079424   0.165163  -0.000810  -0.028423   0.048442
    45  C   -0.004228   0.042459  -0.068302   0.007259  -0.002020  -0.002359
    46  H   -0.005015   0.015312  -0.046136   0.003317   0.001265  -0.008098
    47  H    0.008543  -0.035598   0.028150  -0.002475  -0.000376   0.002148
    48  C   -0.026765   0.020696   0.062816  -0.000690   0.000008  -0.021644
    49  H   -0.001304   0.000226   0.002602   0.000108  -0.000429  -0.000682
    50  H    0.000895   0.001321   0.000469   0.000165   0.000155   0.000459
             43         44         45         46         47         48
     1  C   -0.126172  -0.215983   0.471347   0.016516  -0.027142  -0.621291
     2  C    0.057360   0.210656  -0.263960  -0.045345   0.004099  -0.169617
     3  C   -0.014436  -0.065733  -0.047574  -0.002072   0.001872   0.131347
     4  C   -0.002911   0.004129  -0.129380  -0.010828   0.002387  -0.021601
     5  C    0.060081  -0.190701  -0.065310   0.010706  -0.013292   0.133720
     6  C   -0.023265  -0.008898  -0.122581  -0.026298   0.020150  -0.091238
     7  C   -0.197336  -0.025582   0.063135   0.018470   0.008595  -0.014980
     8  C   -0.328339  -0.181659  -0.345396   0.032828  -0.069677   0.366875
     9  C   -0.017367   0.007410   0.003950  -0.006100   0.009201  -0.056534
    10  C    0.052213  -0.000451  -0.053132  -0.005255   0.006680  -0.039432
    11  C    0.046634  -0.004217  -0.048952  -0.000400  -0.000619   0.075748
    12  H    0.001222  -0.006437   0.001002  -0.000005  -0.000088   0.000543
    13  H    0.001558   0.000936  -0.000726  -0.000058   0.000076  -0.000546
    14  H   -0.005234   0.001101   0.000099  -0.000036   0.000094   0.002065
    15  C   -0.202270  -0.021771  -0.229293  -0.006723   0.005020   0.176409
    16  H    0.033002   0.001534  -0.019690  -0.000776   0.000317   0.011815
    17  H   -0.044908   0.000109  -0.007864   0.000894   0.001321   0.019771
    18  C    0.100333   0.019928   0.061129   0.001480   0.000415  -0.022201
    19  H   -0.018361   0.000677  -0.003233  -0.000179   0.000116  -0.003306
    20  H    0.000449  -0.000491   0.000716  -0.000154   0.000107   0.003719
    21  H    0.032707   0.001105  -0.005033   0.001336  -0.000945  -0.003445
    22  C    0.076723  -0.039855  -0.037462   0.004517  -0.005722   0.088852
    23  H   -0.005753   0.000621   0.002005   0.000473  -0.000425  -0.001871
    24  H    0.008292  -0.000257  -0.001399  -0.000061   0.000062   0.001814
    25  C    0.000292  -0.006965  -0.003384  -0.000132   0.000323   0.000561
    26  H   -0.000392  -0.000087  -0.000455  -0.000009  -0.000006  -0.000036
    27  H    0.001483   0.000358   0.000690   0.000060  -0.000109  -0.001706
    28  H    0.001654  -0.000326   0.001074   0.000006   0.000043   0.000050
    29  C   -0.036868   0.121121   0.130727   0.007599   0.005415  -0.018932
    30  H    0.001788   0.002225  -0.002605  -0.000941   0.001265  -0.002095
    31  H   -0.000729  -0.004590   0.007195   0.002360  -0.003100   0.005568
    32  C   -0.005163   0.002523   0.004888   0.001165  -0.001564   0.000958
    33  H    0.000191   0.000407  -0.000511  -0.000091   0.000639  -0.001172
    34  H   -0.000247   0.001473   0.000443   0.000129  -0.000470   0.000058
    35  H   -0.000230  -0.000028   0.000833   0.000057   0.000071  -0.000312
    36  C   -0.037588  -0.269053   0.209180  -0.026592   0.068556  -0.571271
    37  H    0.002262   0.041635  -0.004228  -0.005015   0.008543  -0.026765
    38  H   -0.004456  -0.079424   0.042459   0.015312  -0.035598   0.020696
    39  C    0.032553   0.165163  -0.068302  -0.046136   0.028150   0.062816
    40  H    0.000069  -0.000810   0.007259   0.003317  -0.002475  -0.000690
    41  H   -0.001983  -0.028423  -0.002020   0.001265  -0.000376   0.000008
    42  H    0.003142   0.048442  -0.002359  -0.008098   0.002148  -0.021644
    43  N    7.586929  -0.377347  -0.210101   0.019546  -0.014724   0.463222
    44  N   -0.377347   7.595344   0.396214  -0.086116  -0.021063  -0.177712
    45  C   -0.210101   0.396214   7.523865   0.501019   0.368272  -1.658459
    46  H    0.019546  -0.086116   0.501019   0.586350  -0.079661  -0.034366
    47  H   -0.014724  -0.021063   0.368272  -0.079661   0.561662  -0.063399
    48  C    0.463222  -0.177712  -1.658459  -0.034366  -0.063399   7.400388
    49  H   -0.030469  -0.026964  -0.166574   0.004758   0.002020   0.577144
    50  H   -0.080719   0.026968   0.090217  -0.011017   0.006035   0.282556
             49         50
     1  C   -0.000684  -0.036658
     2  C   -0.055545   0.016586
     3  C    0.005410  -0.012192
     4  C   -0.007244   0.002794
     5  C    0.039181  -0.011024
     6  C   -0.016904   0.007203
     7  C    0.006803  -0.008572
     8  C   -0.005889  -0.004721
     9  C   -0.004435   0.003326
    10  C   -0.004678   0.005548
    11  C    0.001286   0.002130
    12  H    0.000014   0.000072
    13  H   -0.000046   0.000026
    14  H   -0.000042   0.000023
    15  C    0.034451   0.019725
    16  H   -0.000732   0.004362
    17  H    0.015048  -0.029334
    18  C   -0.035534   0.022884
    19  H    0.001729   0.000487
    20  H    0.002393  -0.001320
    21  H   -0.004251   0.000545
    22  C    0.023500  -0.016866
    23  H    0.002467  -0.003097
    24  H   -0.001364   0.000866
    25  C    0.000253   0.000124
    26  H   -0.000051   0.000098
    27  H    0.000042   0.000037
    28  H   -0.000082  -0.000110
    29  C    0.002267  -0.003856
    30  H   -0.000205   0.000059
    31  H    0.000746  -0.000430
    32  C    0.000227  -0.000327
    33  H   -0.000059   0.000016
    34  H    0.000025   0.000001
    35  H    0.000022  -0.000036
    36  C   -0.035920   0.037059
    37  H   -0.001304   0.000895
    38  H    0.000226   0.001321
    39  C    0.002602   0.000469
    40  H    0.000108   0.000165
    41  H   -0.000429   0.000155
    42  H   -0.000682   0.000459
    43  N   -0.030469  -0.080719
    44  N   -0.026964   0.026968
    45  C   -0.166574   0.090217
    46  H    0.004758  -0.011017
    47  H    0.002020   0.006035
    48  C    0.577144   0.282556
    49  H    0.587328  -0.088716
    50  H   -0.088716   0.586249
 Mulliken atomic charges:
              1
     1  C   -0.238513
     2  C   -0.451828
     3  C    0.534312
     4  C    0.467602
     5  C    0.490304
     6  C    0.521319
     7  C    0.171995
     8  C   -0.296332
     9  C   -0.439778
    10  C   -0.589540
    11  C   -0.484853
    12  H    0.118363
    13  H    0.174996
    14  H    0.124889
    15  C   -0.247370
    16  H    0.208852
    17  H    0.134002
    18  C   -0.551255
    19  H    0.148350
    20  H    0.155623
    21  H    0.151800
    22  C   -0.539129
    23  H    0.158995
    24  H    0.145183
    25  C   -0.680431
    26  H    0.142318
    27  H    0.150345
    28  H    0.160307
    29  C   -0.261280
    30  H    0.145537
    31  H    0.186021
    32  C   -0.701164
    33  H    0.149167
    34  H    0.157725
    35  H    0.149453
    36  C   -0.303859
    37  H    0.203872
    38  H    0.147238
    39  C   -0.539971
    40  H    0.160996
    41  H    0.139906
    42  H    0.153736
    43  N    0.203662
    44  N    0.190865
    45  C   -0.387739
    46  H    0.172304
    47  H    0.226799
    48  C   -0.202082
    49  H    0.178751
    50  H    0.189533
 Sum of Mulliken atomic charges =   0.00000
 Mulliken charges with hydrogens summed into heavy atoms:
              1
     1  C   -0.238513
     2  C   -0.451828
     3  C    0.534312
     4  C    0.467602
     5  C    0.490304
     6  C    0.521319
     7  C    0.171995
     8  C   -0.296332
     9  C   -0.321415
    10  C   -0.414543
    11  C   -0.359963
    15  C    0.095484
    18  C   -0.095481
    22  C   -0.234951
    25  C   -0.227461
    29  C    0.070279
    32  C   -0.244819
    36  C    0.047251
    39  C   -0.085332
    43  N    0.203662
    44  N    0.190865
    45  C    0.011365
    48  C    0.166202
 Sum of Mulliken charges with hydrogens summed into heavy atoms =   0.00000
          Atomic-Atomic Spin Densities.
              1          2          3          4          5          6
     1  C    0.156062   0.001548   0.036820  -0.069142   0.065848  -0.021625
     2  C    0.001548   0.332145   0.142559  -0.042127   0.007026  -0.020741
     3  C    0.036820   0.142559   0.301663  -0.278566   0.086829  -0.334167
     4  C   -0.069142  -0.042127  -0.278566   0.568564  -0.111768   0.267435
     5  C    0.065848   0.007026   0.086829  -0.111768   0.387698  -0.060981
     6  C   -0.021625  -0.020741  -0.334167   0.267435  -0.060981   1.013135
     7  C    0.017930   0.009607   0.100234  -0.054458   0.066001  -0.447215
     8  C   -0.008983   0.018839   0.059151  -0.029421  -0.018952  -0.101480
     9  C    0.001218  -0.025583   0.000694  -0.012625  -0.057305  -0.116962
    10  C    0.024945  -0.046654   0.291202  -0.444570   0.086083  -0.674524
    11  C   -0.007740   0.017449  -0.082133   0.203529   0.038205   0.201960
    12  H    0.000448  -0.000830   0.003256  -0.002467  -0.000320  -0.009636
    13  H   -0.000010  -0.000667   0.000476  -0.003848   0.001683  -0.007352
    14  H    0.000608  -0.000043   0.003714  -0.004478   0.007795  -0.002395
    15  C   -0.030211   0.026048   0.007334   0.023206  -0.023738   0.012232
    16  H   -0.005418   0.002850   0.000807   0.002404   0.011087   0.000973
    17  H    0.009720  -0.009469  -0.000578  -0.007240  -0.003698  -0.003105
    18  C   -0.031495   0.001558  -0.004713   0.030091   0.023835   0.008412
    19  H    0.005669  -0.000481   0.000779  -0.004255  -0.003349  -0.000926
    20  H   -0.001601   0.000563   0.000014  -0.000506  -0.000633   0.000038
    21  H    0.002459  -0.000541   0.000289   0.000119   0.000809   0.000038
    22  C    0.014848   0.007232  -0.115668   0.038591  -0.549163   0.010342
    23  H    0.006425  -0.001060  -0.003665  -0.009537  -0.063271  -0.002171
    24  H   -0.000508  -0.003372   0.005282   0.008940   0.067866   0.000058
    25  C   -0.000087   0.000880   0.010339  -0.015362   0.027122  -0.004487
    26  H    0.000976  -0.000042   0.000553  -0.001338   0.009792  -0.000046
    27  H   -0.001592  -0.000804  -0.004620   0.007340  -0.018012   0.001987
    28  H   -0.000594   0.000349   0.001032  -0.001008   0.004644  -0.000185
    29  C    0.000593   0.043627  -0.050967   0.068345   0.047382   0.412705
    30  H    0.000083  -0.004450   0.000408  -0.004558  -0.003162  -0.044209
    31  H   -0.000022   0.003454   0.001645   0.002460   0.003793   0.025235
    32  C   -0.000154  -0.002667   0.002294  -0.001216   0.001289  -0.018101
    33  H    0.000076   0.000917   0.001025  -0.000679  -0.000310  -0.006197
    34  H   -0.000050   0.000164  -0.002722   0.002544   0.000534   0.014435
    35  H   -0.000033   0.000332  -0.001038   0.000737   0.000263   0.009251
    36  C   -0.013336   0.038910  -0.005307  -0.003979  -0.056379   0.033849
    37  H   -0.000189   0.001323  -0.000339  -0.000969  -0.003019  -0.006818
    38  H    0.000581  -0.009781   0.001517  -0.000137   0.004806  -0.003927
    39  C   -0.001608  -0.000057  -0.012552   0.001928  -0.009458   0.018885
    40  H   -0.000020  -0.000605   0.000377  -0.000034   0.000081  -0.000520
    41  H    0.000051   0.000950   0.001366  -0.000271   0.000621  -0.002387
    42  H   -0.000471  -0.000969  -0.001916   0.000668  -0.001598   0.002811
    43  N   -0.087635  -0.138769  -0.067511   0.061661  -0.059197   0.045897
    44  N   -0.004689  -0.134691  -0.081630   0.028043   0.020139   0.067169
    45  C    0.009028  -0.031517   0.002337   0.005016   0.022845  -0.017963
    46  H    0.005649  -0.017458   0.007723  -0.004521   0.011363  -0.015158
    47  H   -0.004544   0.039786   0.001284   0.001694  -0.012498   0.009581
    48  C   -0.007063  -0.038457  -0.002479  -0.005522   0.014651  -0.013391
    49  H    0.021363  -0.014791   0.008599  -0.013087   0.018687  -0.012551
    50  H   -0.014136   0.031962   0.000317   0.006851  -0.014485   0.007841
              7          8          9         10         11         12
     1  C    0.017930  -0.008983   0.001218   0.024945  -0.007740   0.000448
     2  C    0.009607   0.018839  -0.025583  -0.046654   0.017449  -0.000830
     3  C    0.100234   0.059151   0.000694   0.291202  -0.082133   0.003256
     4  C   -0.054458  -0.029421  -0.012625  -0.444570   0.203529  -0.002467
     5  C    0.066001  -0.018952  -0.057305   0.086083   0.038205  -0.000320
     6  C   -0.447215  -0.101480  -0.116962  -0.674524   0.201960  -0.009636
     7  C    0.566305  -0.109996   0.152519   0.071291  -0.027364   0.007521
     8  C   -0.109996   0.624596   0.023165   0.142868  -0.023740   0.000804
     9  C    0.152519   0.023165   0.119401   0.099297  -0.038676   0.004776
    10  C    0.071291   0.142868   0.099297   2.034972  -0.491337   0.012990
    11  C   -0.027364  -0.023740  -0.038676  -0.491337   0.048682  -0.004124
    12  H    0.007521   0.000804   0.004776   0.012990  -0.004124   0.003767
    13  H    0.001649   0.001238   0.002050   0.021700  -0.005988   0.001256
    14  H   -0.000490   0.001381   0.000081   0.016307  -0.006188   0.000084
    15  C   -0.016090   0.006709   0.004894   0.017008   0.006023   0.000198
    16  H   -0.001300   0.001111   0.000292   0.003240   0.002223   0.000012
    17  H    0.003507  -0.001440  -0.000712  -0.003427  -0.002466  -0.000011
    18  C   -0.007896   0.003466   0.001266   0.010655   0.010664   0.000035
    19  H    0.000687  -0.000442  -0.000131  -0.001221  -0.001465  -0.000006
    20  H   -0.000061   0.000104   0.000011   0.000075   0.000065   0.000001
    21  H   -0.000032  -0.000172   0.000067   0.000160   0.000019   0.000000
    22  C    0.076317  -0.061222   0.000122  -0.509505  -0.048206  -0.001618
    23  H    0.004251  -0.003170   0.000120  -0.022846  -0.011259  -0.000062
    24  H   -0.004438   0.003076  -0.001482   0.045268   0.011913   0.000154
    25  C   -0.001408   0.001705  -0.001310   0.024476  -0.006651   0.000093
    26  H   -0.000044   0.000020  -0.000114   0.002580   0.002191   0.000004
    27  H    0.000874  -0.000988   0.000302  -0.013016  -0.000064  -0.000041
    28  H   -0.000317   0.000274  -0.000158   0.002742   0.000093   0.000006
    29  C   -0.520386   0.087626  -0.410620  -0.394392   0.098415  -0.012916
    30  H    0.069607  -0.009164   0.050540   0.039598  -0.009652   0.001646
    31  H   -0.073864   0.053115  -0.042455  -0.023285   0.005485  -0.000740
    32  C    0.006498   0.018101   0.002727   0.012931  -0.002212   0.000300
    33  H    0.009462  -0.002858   0.004125   0.003279  -0.000593   0.000009
    34  H   -0.013886   0.001279  -0.007618  -0.011922   0.002789  -0.000118
    35  H   -0.019659   0.004322  -0.006789  -0.004732   0.000937  -0.000118
    36  C    0.040457  -0.416051   0.135553   0.083727  -0.015123   0.001782
    37  H    0.029870  -0.057422   0.015849   0.008073  -0.001731   0.000218
    38  H   -0.005413   0.092178  -0.010536  -0.005284   0.000990  -0.000136
    39  C    0.026650  -0.210649   0.034699   0.013545  -0.002811   0.000515
    40  H   -0.000300   0.014829  -0.000457  -0.000104   0.000031  -0.000012
    41  H   -0.002042   0.017623  -0.002918  -0.001024   0.000199  -0.000023
    42  H   -0.000585  -0.011912   0.002436   0.001289  -0.000223   0.000034
    43  N   -0.039353   0.028124   0.017226   0.038322   0.002405   0.000255
    44  N   -0.028235  -0.175693  -0.029186  -0.055251   0.010883  -0.000444
    45  C    0.034627   0.090475  -0.027606  -0.021439   0.003704  -0.000422
    46  H    0.022826   0.059370  -0.005349  -0.003775   0.000096  -0.000030
    47  H   -0.020135  -0.051306   0.006856   0.006091  -0.000374   0.000048
    48  C    0.025743   0.031618  -0.007922  -0.009807   0.000929   0.000035
    49  H    0.016050   0.006610  -0.002923  -0.004395  -0.001337  -0.000047
    50  H   -0.011948  -0.003983   0.002423   0.004199   0.001136   0.000040
             13         14         15         16         17         18
     1  C   -0.000010   0.000608  -0.030211  -0.005418   0.009720  -0.031495
     2  C   -0.000667  -0.000043   0.026048   0.002850  -0.009469   0.001558
     3  C    0.000476   0.003714   0.007334   0.000807  -0.000578  -0.004713
     4  C   -0.003848  -0.004478   0.023206   0.002404  -0.007240   0.030091
     5  C    0.001683   0.007795  -0.023738   0.011087  -0.003698   0.023835
     6  C   -0.007352  -0.002395   0.012232   0.000973  -0.003105   0.008412
     7  C    0.001649  -0.000490  -0.016090  -0.001300   0.003507  -0.007896
     8  C    0.001238   0.001381   0.006709   0.001111  -0.001440   0.003466
     9  C    0.002050   0.000081   0.004894   0.000292  -0.000712   0.001266
    10  C    0.021700   0.016307   0.017008   0.003240  -0.003427   0.010655
    11  C   -0.005988  -0.006188   0.006023   0.002223  -0.002466   0.010664
    12  H    0.001256   0.000084   0.000198   0.000012  -0.000011   0.000035
    13  H   -0.030230   0.001384   0.000037   0.000030  -0.000027   0.000096
    14  H    0.001384   0.002876   0.000598   0.000041  -0.000070   0.000392
    15  C    0.000037   0.000598   0.001050   0.004854  -0.010589   0.017902
    16  H    0.000030   0.000041   0.004854   0.001474  -0.003903   0.008768
    17  H   -0.000027  -0.000070  -0.010589  -0.003903   0.013201  -0.015555
    18  C    0.000096   0.000392   0.017902   0.008768  -0.015555   0.044470
    19  H   -0.000012  -0.000038  -0.000783  -0.000942   0.001615  -0.007564
    20  H    0.000000   0.000010   0.001480  -0.000445   0.000933  -0.002330
    21  H    0.000002  -0.000009  -0.002217  -0.000079   0.000409  -0.001735
    22  C   -0.006220  -0.017941  -0.066446  -0.026340   0.029131  -0.098738
    23  H   -0.000307  -0.000797  -0.002390  -0.004861   0.005335  -0.018908
    24  H    0.000670   0.002080  -0.000141   0.002591  -0.001723   0.008727
    25  C    0.000318   0.000647   0.000988  -0.000239  -0.000210   0.000178
    26  H    0.000049   0.000059  -0.000729   0.000348  -0.000114   0.000376
    27  H   -0.000190  -0.000295  -0.000559  -0.000738   0.000641  -0.001377
    28  H    0.000038   0.000129   0.001191   0.000219  -0.000407   0.001013
    29  C   -0.005018  -0.001007  -0.004548  -0.000297   0.000723  -0.001339
    30  H    0.000664   0.000104   0.000176   0.000014  -0.000034   0.000069
    31  H   -0.000349  -0.000045  -0.000366  -0.000020   0.000060  -0.000098
    32  C    0.000278   0.000025  -0.000136  -0.000006   0.000027  -0.000025
    33  H    0.000048   0.000007   0.000039   0.000002  -0.000005   0.000006
    34  H   -0.000211  -0.000026  -0.000059  -0.000006   0.000012  -0.000013
    35  H   -0.000084  -0.000007  -0.000022  -0.000001   0.000003  -0.000004
    36  C    0.000662   0.000371   0.011807   0.000694  -0.002904   0.003227
    37  H    0.000086   0.000015   0.000523   0.000024  -0.000115   0.000116
    38  H   -0.000046  -0.000011  -0.001288  -0.000063   0.000381  -0.000298
    39  C    0.000141   0.000027   0.001384   0.000063  -0.000328   0.000403
    40  H   -0.000001   0.000000  -0.000012  -0.000001   0.000007   0.000000
    41  H   -0.000014  -0.000002  -0.000056  -0.000002   0.000015  -0.000027
    42  H    0.000013   0.000002   0.000397   0.000017  -0.000121   0.000173
    43  N    0.000364   0.000394   0.021844   0.001077   0.000746   0.019917
    44  N   -0.000455  -0.000147  -0.001414  -0.000558   0.001903  -0.002287
    45  C   -0.000139  -0.000052  -0.004212   0.000481  -0.001553   0.000650
    46  H   -0.000030  -0.000024  -0.006747  -0.000318   0.001808  -0.001766
    47  H    0.000044   0.000038   0.008500   0.000479  -0.002539   0.001680
    48  C   -0.000102  -0.000064  -0.008715  -0.000943   0.006621  -0.004375
    49  H   -0.000032  -0.000036  -0.020356  -0.001795   0.008379  -0.010529
    50  H    0.000027   0.000032   0.021932   0.002242  -0.011729   0.008663
             19         20         21         22         23         24
     1  C    0.005669  -0.001601   0.002459   0.014848   0.006425  -0.000508
     2  C   -0.000481   0.000563  -0.000541   0.007232  -0.001060  -0.003372
     3  C    0.000779   0.000014   0.000289  -0.115668  -0.003665   0.005282
     4  C   -0.004255  -0.000506   0.000119   0.038591  -0.009537   0.008940
     5  C   -0.003349  -0.000633   0.000809  -0.549163  -0.063271   0.067866
     6  C   -0.000926   0.000038   0.000038   0.010342  -0.002171   0.000058
     7  C    0.000687  -0.000061  -0.000032   0.076317   0.004251  -0.004438
     8  C   -0.000442   0.000104  -0.000172  -0.061222  -0.003170   0.003076
     9  C   -0.000131   0.000011   0.000067   0.000122   0.000120  -0.001482
    10  C   -0.001221   0.000075   0.000160  -0.509505  -0.022846   0.045268
    11  C   -0.001465   0.000065   0.000019  -0.048206  -0.011259   0.011913
    12  H   -0.000006   0.000001   0.000000  -0.001618  -0.000062   0.000154
    13  H   -0.000012   0.000000   0.000002  -0.006220  -0.000307   0.000670
    14  H   -0.000038   0.000010  -0.000009  -0.017941  -0.000797   0.002080
    15  C   -0.000783   0.001480  -0.002217  -0.066446  -0.002390  -0.000141
    16  H   -0.000942  -0.000445  -0.000079  -0.026340  -0.004861   0.002591
    17  H    0.001615   0.000933   0.000409   0.029131   0.005335  -0.001723
    18  C   -0.007564  -0.002330  -0.001735  -0.098738  -0.018908   0.008727
    19  H    0.001315   0.000478   0.000269   0.013064   0.003024  -0.001621
    20  H    0.000478   0.001623  -0.000158  -0.000329   0.000581  -0.000070
    21  H    0.000269  -0.000158  -0.000200   0.001075   0.000020  -0.000002
    22  C    0.013064  -0.000329   0.001075   1.383113   0.127284  -0.154322
    23  H    0.003024   0.000581   0.000020   0.127284   0.018586  -0.017298
    24  H   -0.001621  -0.000070  -0.000002  -0.154322  -0.017298   0.025212
    25  C    0.000352  -0.000089   0.000081  -0.039541  -0.000590   0.003056
    26  H   -0.000079  -0.000007   0.000012  -0.016510  -0.002388   0.002717
    27  H    0.000163  -0.000001  -0.000010   0.031940   0.002969  -0.003077
    28  H   -0.000115   0.000015  -0.000027  -0.009161  -0.000858   0.000817
    29  C    0.000111  -0.000013  -0.000017   0.035920   0.001269  -0.002019
    30  H   -0.000006   0.000000   0.000003  -0.002470  -0.000086   0.000172
    31  H    0.000009  -0.000001  -0.000001   0.001837   0.000072  -0.000105
    32  C    0.000001   0.000000  -0.000001   0.000252   0.000012   0.000003
    33  H    0.000000   0.000000   0.000000  -0.000218  -0.000007   0.000009
    34  H    0.000001   0.000000   0.000000   0.000792   0.000026  -0.000044
    35  H    0.000000   0.000000   0.000000   0.000156   0.000004  -0.000008
    36  C   -0.000219   0.000035   0.000009  -0.022945  -0.001229   0.000908
    37  H   -0.000008   0.000001   0.000003  -0.001120  -0.000051   0.000048
    38  H    0.000020  -0.000001  -0.000017   0.001656   0.000096  -0.000065
    39  C   -0.000032   0.000005   0.000022  -0.002503  -0.000131   0.000118
    40  H    0.000001   0.000000  -0.000003   0.000019   0.000001  -0.000001
    41  H    0.000001   0.000000  -0.000001   0.000149   0.000008  -0.000008
    42  H   -0.000017  -0.000001   0.000020  -0.000568  -0.000039   0.000031
    43  N   -0.002758   0.000417  -0.001037  -0.078985  -0.006453   0.005841
    44  N    0.000012   0.000142  -0.000226   0.031924   0.001506  -0.001329
    45  C    0.000084  -0.000321  -0.000828   0.007119  -0.000128  -0.000369
    46  H    0.000171  -0.000030   0.000009   0.004455   0.000391  -0.000180
    47  H   -0.000121   0.000029   0.000000  -0.006622  -0.000511   0.000220
    48  C   -0.000087   0.000861   0.000303   0.014557   0.001403  -0.000497
    49  H    0.001187   0.000194   0.000827   0.017592   0.002353  -0.000890
    50  H   -0.000654  -0.000108  -0.000160  -0.018099  -0.002271   0.000739
             25         26         27         28         29         30
     1  C   -0.000087   0.000976  -0.001592  -0.000594   0.000593   0.000083
     2  C    0.000880  -0.000042  -0.000804   0.000349   0.043627  -0.004450
     3  C    0.010339   0.000553  -0.004620   0.001032  -0.050967   0.000408
     4  C   -0.015362  -0.001338   0.007340  -0.001008   0.068345  -0.004558
     5  C    0.027122   0.009792  -0.018012   0.004644   0.047382  -0.003162
     6  C   -0.004487  -0.000046   0.001987  -0.000185   0.412705  -0.044209
     7  C   -0.001408  -0.000044   0.000874  -0.000317  -0.520386   0.069607
     8  C    0.001705   0.000020  -0.000988   0.000274   0.087626  -0.009164
     9  C   -0.001310  -0.000114   0.000302  -0.000158  -0.410620   0.050540
    10  C    0.024476   0.002580  -0.013016   0.002742  -0.394392   0.039598
    11  C   -0.006651   0.002191  -0.000064   0.000093   0.098415  -0.009652
    12  H    0.000093   0.000004  -0.000041   0.000006  -0.012916   0.001646
    13  H    0.000318   0.000049  -0.000190   0.000038  -0.005018   0.000664
    14  H    0.000647   0.000059  -0.000295   0.000129  -0.001007   0.000104
    15  C    0.000988  -0.000729  -0.000559   0.001191  -0.004548   0.000176
    16  H   -0.000239   0.000348  -0.000738   0.000219  -0.000297   0.000014
    17  H   -0.000210  -0.000114   0.000641  -0.000407   0.000723  -0.000034
    18  C    0.000178   0.000376  -0.001377   0.001013  -0.001339   0.000069
    19  H    0.000352  -0.000079   0.000163  -0.000115   0.000111  -0.000006
    20  H   -0.000089  -0.000007  -0.000001   0.000015  -0.000013   0.000000
    21  H    0.000081   0.000012  -0.000010  -0.000027  -0.000017   0.000003
    22  C   -0.039541  -0.016510   0.031940  -0.009161   0.035920  -0.002470
    23  H   -0.000590  -0.002388   0.002969  -0.000858   0.001269  -0.000086
    24  H    0.003056   0.002717  -0.003077   0.000817  -0.002019   0.000172
    25  C   -0.000749   0.001306  -0.002328   0.000429  -0.001095   0.000069
    26  H    0.001306   0.001856  -0.001017  -0.000158   0.000002   0.000001
    27  H   -0.002328  -0.001017   0.001450  -0.000220   0.000652  -0.000038
    28  H    0.000429  -0.000158  -0.000220   0.000769  -0.000121   0.000007
    29  C   -0.001095   0.000002   0.000652  -0.000121   0.936056  -0.119143
    30  H    0.000069   0.000001  -0.000038   0.000007  -0.119143   0.020165
    31  H   -0.000045   0.000000   0.000027  -0.000005   0.113146  -0.018137
    32  C    0.000006   0.000001  -0.000003  -0.000001  -0.005338   0.004529
    33  H    0.000012   0.000000  -0.000006   0.000001  -0.013929   0.001639
    34  H   -0.000046  -0.000001   0.000028  -0.000004   0.019929  -0.002592
    35  H   -0.000007   0.000000   0.000004  -0.000001   0.022654  -0.003372
    36  C    0.000476  -0.000001  -0.000340   0.000095  -0.334542   0.025152
    37  H    0.000027   0.000000  -0.000020   0.000005  -0.047440   0.005142
    38  H   -0.000034   0.000000   0.000028  -0.000009   0.032446  -0.002363
    39  C    0.000038   0.000000  -0.000027   0.000008  -0.101694   0.010778
    40  H    0.000000   0.000000   0.000000   0.000000   0.002148  -0.000207
    41  H   -0.000002   0.000000   0.000001   0.000000   0.007461  -0.001400
    42  H    0.000005   0.000000  -0.000005   0.000002  -0.005534   0.000620
    43  N    0.000113   0.000035  -0.000117   0.000190  -0.014998   0.001167
    44  N   -0.000815  -0.000017   0.000590  -0.000189   0.040882  -0.001074
    45  C    0.000120   0.000009   0.000116  -0.000016   0.063128  -0.003173
    46  H   -0.000050   0.000000   0.000048  -0.000030   0.012648  -0.000770
    47  H    0.000140   0.000000  -0.000124   0.000064  -0.016322   0.000807
    48  C   -0.000884  -0.000007   0.000248  -0.000167   0.013036  -0.001079
    49  H   -0.000136  -0.000012   0.000200  -0.000127   0.003923  -0.000187
    50  H    0.000242   0.000022  -0.000362   0.000206  -0.003217   0.000120
             31         32         33         34         35         36
     1  C   -0.000022  -0.000154   0.000076  -0.000050  -0.000033  -0.013336
     2  C    0.003454  -0.002667   0.000917   0.000164   0.000332   0.038910
     3  C    0.001645   0.002294   0.001025  -0.002722  -0.001038  -0.005307
     4  C    0.002460  -0.001216  -0.000679   0.002544   0.000737  -0.003979
     5  C    0.003793   0.001289  -0.000310   0.000534   0.000263  -0.056379
     6  C    0.025235  -0.018101  -0.006197   0.014435   0.009251   0.033849
     7  C   -0.073864   0.006498   0.009462  -0.013886  -0.019659   0.040457
     8  C    0.053115   0.018101  -0.002858   0.001279   0.004322  -0.416051
     9  C   -0.042455   0.002727   0.004125  -0.007618  -0.006789   0.135553
    10  C   -0.023285   0.012931   0.003279  -0.011922  -0.004732   0.083727
    11  C    0.005485  -0.002212  -0.000593   0.002789   0.000937  -0.015123
    12  H   -0.000740   0.000300   0.000009  -0.000118  -0.000118   0.001782
    13  H   -0.000349   0.000278   0.000048  -0.000211  -0.000084   0.000662
    14  H   -0.000045   0.000025   0.000007  -0.000026  -0.000007   0.000371
    15  C   -0.000366  -0.000136   0.000039  -0.000059  -0.000022   0.011807
    16  H   -0.000020  -0.000006   0.000002  -0.000006  -0.000001   0.000694
    17  H    0.000060   0.000027  -0.000005   0.000012   0.000003  -0.002904
    18  C   -0.000098  -0.000025   0.000006  -0.000013  -0.000004   0.003227
    19  H    0.000009   0.000001   0.000000   0.000001   0.000000  -0.000219
    20  H   -0.000001   0.000000   0.000000   0.000000   0.000000   0.000035
    21  H   -0.000001  -0.000001   0.000000   0.000000   0.000000   0.000009
    22  C    0.001837   0.000252  -0.000218   0.000792   0.000156  -0.022945
    23  H    0.000072   0.000012  -0.000007   0.000026   0.000004  -0.001229
    24  H   -0.000105   0.000003   0.000009  -0.000044  -0.000008   0.000908
    25  C   -0.000045   0.000006   0.000012  -0.000046  -0.000007   0.000476
    26  H    0.000000   0.000001   0.000000  -0.000001   0.000000  -0.000001
    27  H    0.000027  -0.000003  -0.000006   0.000028   0.000004  -0.000340
    28  H   -0.000005  -0.000001   0.000001  -0.000004  -0.000001   0.000095
    29  C    0.113146  -0.005338  -0.013929   0.019929   0.022654  -0.334542
    30  H   -0.018137   0.004529   0.001639  -0.002592  -0.003372   0.025152
    31  H    0.024982   0.002009  -0.002227   0.002523   0.003794  -0.057867
    32  C    0.002009   0.007166   0.000269  -0.001346  -0.001161  -0.027257
    33  H   -0.002227   0.000269   0.000478  -0.000556  -0.000766   0.006403
    34  H    0.002523  -0.001346  -0.000556   0.001069   0.000791  -0.005702
    35  H    0.003794  -0.001161  -0.000766   0.000791   0.001283  -0.005432
    36  C   -0.057867  -0.027257   0.006403  -0.005702  -0.005432   0.594087
    37  H   -0.012083  -0.003954   0.001706  -0.001194  -0.001895   0.064936
    38  H    0.008252   0.003918  -0.001228   0.000705   0.000812  -0.111089
    39  C   -0.031411  -0.008180   0.002132  -0.001598  -0.002276   0.203761
    40  H    0.001350   0.000244  -0.000075   0.000035   0.000059  -0.010716
    41  H    0.003653   0.000850  -0.000197   0.000130   0.000191  -0.012796
    42  H   -0.001813  -0.000414   0.000130  -0.000087  -0.000105   0.014236
    43  N   -0.001629  -0.000209   0.000142  -0.000186  -0.000046   0.020165
    44  N   -0.001669   0.001412  -0.000753   0.001144   0.000440   0.046488
    45  C    0.008722   0.003429  -0.000920   0.000812   0.000703  -0.170509
    46  H    0.002612   0.000912  -0.000245   0.000155   0.000128  -0.082658
    47  H   -0.002546  -0.001506   0.000494  -0.000316  -0.000217   0.093286
    48  C    0.002246   0.001455  -0.000388   0.000310   0.000118  -0.067000
    49  H    0.000508   0.000165  -0.000032   0.000040   0.000018  -0.023528
    50  H   -0.000341  -0.000181   0.000040  -0.000049  -0.000019   0.021279
             37         38         39         40         41         42
     1  C   -0.000189   0.000581  -0.001608  -0.000020   0.000051  -0.000471
     2  C    0.001323  -0.009781  -0.000057  -0.000605   0.000950  -0.000969
     3  C   -0.000339   0.001517  -0.012552   0.000377   0.001366  -0.001916
     4  C   -0.000969  -0.000137   0.001928  -0.000034  -0.000271   0.000668
     5  C   -0.003019   0.004806  -0.009458   0.000081   0.000621  -0.001598
     6  C   -0.006818  -0.003927   0.018885  -0.000520  -0.002387   0.002811
     7  C    0.029870  -0.005413   0.026650  -0.000300  -0.002042  -0.000585
     8  C   -0.057422   0.092178  -0.210649   0.014829   0.017623  -0.011912
     9  C    0.015849  -0.010536   0.034699  -0.000457  -0.002918   0.002436
    10  C    0.008073  -0.005284   0.013545  -0.000104  -0.001024   0.001289
    11  C   -0.001731   0.000990  -0.002811   0.000031   0.000199  -0.000223
    12  H    0.000218  -0.000136   0.000515  -0.000012  -0.000023   0.000034
    13  H    0.000086  -0.000046   0.000141  -0.000001  -0.000014   0.000013
    14  H    0.000015  -0.000011   0.000027   0.000000  -0.000002   0.000002
    15  C    0.000523  -0.001288   0.001384  -0.000012  -0.000056   0.000397
    16  H    0.000024  -0.000063   0.000063  -0.000001  -0.000002   0.000017
    17  H   -0.000115   0.000381  -0.000328   0.000007   0.000015  -0.000121
    18  C    0.000116  -0.000298   0.000403   0.000000  -0.000027   0.000173
    19  H   -0.000008   0.000020  -0.000032   0.000001   0.000001  -0.000017
    20  H    0.000001  -0.000001   0.000005   0.000000   0.000000  -0.000001
    21  H    0.000003  -0.000017   0.000022  -0.000003  -0.000001   0.000020
    22  C   -0.001120   0.001656  -0.002503   0.000019   0.000149  -0.000568
    23  H   -0.000051   0.000096  -0.000131   0.000001   0.000008  -0.000039
    24  H    0.000048  -0.000065   0.000118  -0.000001  -0.000008   0.000031
    25  C    0.000027  -0.000034   0.000038   0.000000  -0.000002   0.000005
    26  H    0.000000   0.000000   0.000000   0.000000   0.000000   0.000000
    27  H   -0.000020   0.000028  -0.000027   0.000000   0.000001  -0.000005
    28  H    0.000005  -0.000009   0.000008   0.000000   0.000000   0.000002
    29  C   -0.047440   0.032446  -0.101694   0.002148   0.007461  -0.005534
    30  H    0.005142  -0.002363   0.010778  -0.000207  -0.001400   0.000620
    31  H   -0.012083   0.008252  -0.031411   0.001350   0.003653  -0.001813
    32  C   -0.003954   0.003918  -0.008180   0.000244   0.000850  -0.000414
    33  H    0.001706  -0.001228   0.002132  -0.000075  -0.000197   0.000130
    34  H   -0.001194   0.000705  -0.001598   0.000035   0.000130  -0.000087
    35  H   -0.001895   0.000812  -0.002276   0.000059   0.000191  -0.000105
    36  C    0.064936  -0.111089   0.203761  -0.010716  -0.012796   0.014236
    37  H    0.010424  -0.012514   0.027318  -0.001733  -0.002346   0.001493
    38  H   -0.012514   0.027301  -0.036116   0.002582   0.002449  -0.002522
    39  C    0.027318  -0.036116   0.108203  -0.008232  -0.011219   0.005750
    40  H   -0.001733   0.002582  -0.008232   0.001575   0.001165  -0.000648
    41  H   -0.002346   0.002449  -0.011219   0.001165   0.001361  -0.000650
    42  H    0.001493  -0.002522   0.005750  -0.000648  -0.000650   0.000200
    43  N    0.000695  -0.000611   0.004490  -0.000173  -0.000231   0.000861
    44  N    0.001777  -0.008175   0.031481  -0.001601  -0.002880   0.003107
    45  C   -0.011826   0.022507  -0.038155   0.001334   0.002435  -0.002571
    46  H   -0.004879   0.014758  -0.020175   0.000958   0.001423  -0.002886
    47  H    0.005903  -0.017824   0.015213  -0.000466  -0.000764   0.001928
    48  C   -0.004090   0.013380  -0.014096   0.000644   0.000847  -0.002391
    49  H   -0.000943   0.002844  -0.003605   0.000078   0.000248  -0.001189
    50  H    0.000882  -0.002937   0.002374  -0.000037  -0.000111   0.000610
             43         44         45         46         47         48
     1  C   -0.087635  -0.004689   0.009028   0.005649  -0.004544  -0.007063
     2  C   -0.138769  -0.134691  -0.031517  -0.017458   0.039786  -0.038457
     3  C   -0.067511  -0.081630   0.002337   0.007723   0.001284  -0.002479
     4  C    0.061661   0.028043   0.005016  -0.004521   0.001694  -0.005522
     5  C   -0.059197   0.020139   0.022845   0.011363  -0.012498   0.014651
     6  C    0.045897   0.067169  -0.017963  -0.015158   0.009581  -0.013391
     7  C   -0.039353  -0.028235   0.034627   0.022826  -0.020135   0.025743
     8  C    0.028124  -0.175693   0.090475   0.059370  -0.051306   0.031618
     9  C    0.017226  -0.029186  -0.027606  -0.005349   0.006856  -0.007922
    10  C    0.038322  -0.055251  -0.021439  -0.003775   0.006091  -0.009807
    11  C    0.002405   0.010883   0.003704   0.000096  -0.000374   0.000929
    12  H    0.000255  -0.000444  -0.000422  -0.000030   0.000048   0.000035
    13  H    0.000364  -0.000455  -0.000139  -0.000030   0.000044  -0.000102
    14  H    0.000394  -0.000147  -0.000052  -0.000024   0.000038  -0.000064
    15  C    0.021844  -0.001414  -0.004212  -0.006747   0.008500  -0.008715
    16  H    0.001077  -0.000558   0.000481  -0.000318   0.000479  -0.000943
    17  H    0.000746   0.001903  -0.001553   0.001808  -0.002539   0.006621
    18  C    0.019917  -0.002287   0.000650  -0.001766   0.001680  -0.004375
    19  H   -0.002758   0.000012   0.000084   0.000171  -0.000121  -0.000087
    20  H    0.000417   0.000142  -0.000321  -0.000030   0.000029   0.000861
    21  H   -0.001037  -0.000226  -0.000828   0.000009   0.000000   0.000303
    22  C   -0.078985   0.031924   0.007119   0.004455  -0.006622   0.014557
    23  H   -0.006453   0.001506  -0.000128   0.000391  -0.000511   0.001403
    24  H    0.005841  -0.001329  -0.000369  -0.000180   0.000220  -0.000497
    25  C    0.000113  -0.000815   0.000120  -0.000050   0.000140  -0.000884
    26  H    0.000035  -0.000017   0.000009   0.000000   0.000000  -0.000007
    27  H   -0.000117   0.000590   0.000116   0.000048  -0.000124   0.000248
    28  H    0.000190  -0.000189  -0.000016  -0.000030   0.000064  -0.000167
    29  C   -0.014998   0.040882   0.063128   0.012648  -0.016322   0.013036
    30  H    0.001167  -0.001074  -0.003173  -0.000770   0.000807  -0.001079
    31  H   -0.001629  -0.001669   0.008722   0.002612  -0.002546   0.002246
    32  C   -0.000209   0.001412   0.003429   0.000912  -0.001506   0.001455
    33  H    0.000142  -0.000753  -0.000920  -0.000245   0.000494  -0.000388
    34  H   -0.000186   0.001144   0.000812   0.000155  -0.000316   0.000310
    35  H   -0.000046   0.000440   0.000703   0.000128  -0.000217   0.000118
    36  C    0.020165   0.046488  -0.170509  -0.082658   0.093286  -0.067000
    37  H    0.000695   0.001777  -0.011826  -0.004879   0.005903  -0.004090
    38  H   -0.000611  -0.008175   0.022507   0.014758  -0.017824   0.013380
    39  C    0.004490   0.031481  -0.038155  -0.020175   0.015213  -0.014096
    40  H   -0.000173  -0.001601   0.001334   0.000958  -0.000466   0.000644
    41  H   -0.000231  -0.002880   0.002435   0.001423  -0.000764   0.000847
    42  H    0.000861   0.003107  -0.002571  -0.002886   0.001928  -0.002391
    43  N    0.295477   0.045975  -0.006550  -0.005609  -0.006650   0.017994
    44  N    0.045975   0.336338   0.001233  -0.033627  -0.004219  -0.001112
    45  C   -0.006550   0.001233   0.019689   0.019971  -0.024154   0.029725
    46  H   -0.005609  -0.033627   0.019971   0.043738  -0.027754   0.029607
    47  H   -0.006650  -0.004219  -0.024154  -0.027754   0.058535  -0.041143
    48  C    0.017994  -0.001112   0.029725   0.029607  -0.041143   0.017707
    49  H   -0.020395  -0.007357  -0.005273   0.015388  -0.010964   0.025723
    50  H   -0.014508  -0.004605   0.006470  -0.010988   0.017568  -0.034894
             49         50
     1  C    0.021363  -0.014136
     2  C   -0.014791   0.031962
     3  C    0.008599   0.000317
     4  C   -0.013087   0.006851
     5  C    0.018687  -0.014485
     6  C   -0.012551   0.007841
     7  C    0.016050  -0.011948
     8  C    0.006610  -0.003983
     9  C   -0.002923   0.002423
    10  C   -0.004395   0.004199
    11  C   -0.001337   0.001136
    12  H   -0.000047   0.000040
    13  H   -0.000032   0.000027
    14  H   -0.000036   0.000032
    15  C   -0.020356   0.021932
    16  H   -0.001795   0.002242
    17  H    0.008379  -0.011729
    18  C   -0.010529   0.008663
    19  H    0.001187  -0.000654
    20  H    0.000194  -0.000108
    21  H    0.000827  -0.000160
    22  C    0.017592  -0.018099
    23  H    0.002353  -0.002271
    24  H   -0.000890   0.000739
    25  C   -0.000136   0.000242
    26  H   -0.000012   0.000022
    27  H    0.000200  -0.000362
    28  H   -0.000127   0.000206
    29  C    0.003923  -0.003217
    30  H   -0.000187   0.000120
    31  H    0.000508  -0.000341
    32  C    0.000165  -0.000181
    33  H   -0.000032   0.000040
    34  H    0.000040  -0.000049
    35  H    0.000018  -0.000019
    36  C   -0.023528   0.021279
    37  H   -0.000943   0.000882
    38  H    0.002844  -0.002937
    39  C   -0.003605   0.002374
    40  H    0.000078  -0.000037
    41  H    0.000248  -0.000111
    42  H   -0.001189   0.000610
    43  N   -0.020395  -0.014508
    44  N   -0.007357  -0.004605
    45  C   -0.005273   0.006470
    46  H    0.015388  -0.010988
    47  H   -0.010964   0.017568
    48  C    0.025723  -0.034894
    49  H    0.045154  -0.024226
    50  H   -0.024226   0.046241
 Mulliken atomic spin densities:
              1
     1  C    0.069991
     2  C    0.183452
     3  C    0.031348
     4  C    0.202476
     5  C   -0.032521
     6  C    0.215048
     7  C   -0.046431
     8  C    0.094735
     9  C   -0.126731
    10  C    0.376400
    11  C   -0.120442
    12  H    0.006165
    13  H   -0.026329
    14  H    0.005031
    15  C   -0.003470
    16  H    0.000142
    17  H    0.001105
    18  C   -0.004264
    19  H    0.001677
    20  H    0.000970
    21  H   -0.000451
    22  C   -0.004973
    23  H   -0.000608
    24  H    0.002950
    25  C   -0.002947
    26  H    0.000281
    27  H   -0.000383
    28  H    0.000461
    29  C   -0.002084
    30  H    0.001954
    31  H   -0.000131
    32  C   -0.002969
    33  H    0.000259
    34  H   -0.000109
    35  H   -0.000790
    36  C   -0.004555
    37  H   -0.000243
    38  H    0.001780
    39  C   -0.006981
    40  H    0.001560
    41  H    0.001826
    42  H   -0.002402
    43  N    0.078185
    44  N    0.088261
    45  C   -0.012927
    46  H    0.011150
    47  H    0.016649
    48  C   -0.016913
    49  H    0.015387
    50  H    0.010408
 Sum of Mulliken atomic spin densities =   1.00000
 APT atomic charges:
              1
     1  C    0.056626
     2  C    1.209341
     3  C    0.289864
     4  C   -0.418355
     5  C   -0.094846
     6  C   -0.491148
     7  C   -0.018549
     8  C   -0.048968
     9  C    0.788657
    10  C   -1.695623
    11  C    0.763491
    12  H    0.047827
    13  H   -0.029648
    14  H    0.048330
    15  C    0.199991
    16  H   -0.043463
    17  H   -0.052746
    18  C    0.042744
    19  H   -0.007782
    20  H   -0.082726
    21  H   -0.012861
    22  C    0.216382
    23  H   -0.053189
    24  H   -0.068096
    25  C    0.089360
    26  H   -0.057814
    27  H   -0.024522
    28  H   -0.045597
    29  C    0.234633
    30  H   -0.059671
    31  H   -0.056582
    32  C    0.060965
    33  H   -0.016974
    34  H   -0.015029
    35  H   -0.062015
    36  C    0.219730
    37  H   -0.038843
    38  H   -0.057401
    39  C    0.039768
    40  H   -0.085617
    41  H   -0.010293
    42  H   -0.014282
    43  N   -0.773717
    44  N   -0.685866
    45  C    0.620561
    46  H   -0.092035
    47  H   -0.124414
    48  C    0.612496
    49  H   -0.131646
    50  H   -0.070449
 Sum of APT charges=   0.00000
 APT Atomic charges with hydrogens summed into heavy atoms:
              1
     1  C    0.056626
     2  C    1.209341
     3  C    0.289864
     4  C   -0.418355
     5  C   -0.094846
     6  C   -0.491148
     7  C   -0.018549
     8  C   -0.048968
     9  C    0.836483
    10  C   -1.725271
    11  C    0.811821
    12  H    0.000000
    13  H    0.000000
    14  H    0.000000
    15  C    0.103782
    16  H    0.000000
    17  H    0.000000
    18  C   -0.060625
    19  H    0.000000
    20  H    0.000000
    21  H    0.000000
    22  C    0.095097
    23  H    0.000000
    24  H    0.000000
    25  C   -0.038573
    26  H    0.000000
    27  H    0.000000
    28  H    0.000000
    29  C    0.118380
    30  H    0.000000
    31  H    0.000000
    32  C   -0.033053
    33  H    0.000000
    34  H    0.000000
    35  H    0.000000
    36  C    0.123486
    37  H    0.000000
    38  H    0.000000
    39  C   -0.070425
    40  H    0.000000
    41  H    0.000000
    42  H    0.000000
    43  N   -0.773717
    44  N   -0.685866
    45  C    0.404112
    46  H    0.000000
    47  H    0.000000
    48  C    0.410402
    49  H    0.000000
    50  H    0.000000
 Sum of APT charges=   0.00000
 Electronic spatial extent (au):  <R**2>=           7668.2314
 Charge=              0.0000 electrons
 Dipole moment (field-independent basis, Debye):
    X=             -0.0811    Y=             -9.6025    Z=              1.8458  Tot=              9.7786
 Quadrupole moment (field-independent basis, Debye-Ang):
   XX=           -122.7183   YY=           -133.6763   ZZ=           -146.3047
   XY=             -0.6795   XZ=             -0.0259   YZ=             -2.8745
 Traceless Quadrupole moment (field-independent basis, Debye-Ang):
   XX=             11.5148   YY=              0.5568   ZZ=            -12.0716
   XY=             -0.6795   XZ=             -0.0259   YZ=             -2.8745
 Octapole moment (field-independent basis, Debye-Ang**2):
  XXX=              2.2569  YYY=            -97.5384  ZZZ=             12.2165  XYY=             -0.1508
  XXY=            -26.5031  XXZ=              4.0810  XZZ=             -1.7686  YZZ=            -24.4652
  YYZ=             11.4145  XYZ=             -0.7612
 Hexadecapole moment (field-independent basis, Debye-Ang**3):
 XXXX=          -6457.5721 YYYY=          -3408.5805 ZZZZ=           -569.9236 XXXY=            -12.5513
 XXXZ=              6.0590 YYYX=             -3.2728 YYYZ=            -34.4266 ZZZX=             -0.8961
 ZZZY=             -0.4320 XXYY=          -1625.7090 XXZZ=          -1252.3222 YYZZ=           -696.1250
 XXYZ=            -29.1571 YYXZ=             -2.9171 ZZXY=             -2.1602
 N-N= 1.988741016006D+03 E-N=-9.174279798556D+03  KE= 1.382061741475D+03
  Exact polarizability: 518.902   3.280 563.525  -1.663 -34.004 270.695
 Approx polarizability: 468.144   5.513 628.900   0.027 -50.830 294.331
                          Isotropic Fermi Contact Couplings
        Atom                 a.u.       MegaHertz       Gauss      10(-4) cm-1
     1  C(13)              0.00124       1.39115       0.49640       0.46404
     2  C(13)              0.00019       0.21853       0.07798       0.07289
     3  C(13)             -0.01163     -13.07645      -4.66600      -4.36183
     4  C(13)              0.01029      11.57036       4.12859       3.85946
     5  C(13)             -0.00851      -9.57087      -3.41513      -3.19250
     6  C(13)              0.01210      13.60344       4.85405       4.53762
     7  C(13)             -0.01023     -11.50002      -4.10349      -3.83600
     8  C(13)              0.00249       2.80135       0.99959       0.93443
     9  C(13)             -0.01747     -19.63521      -7.00633      -6.54960
    10  C(13)              0.01994      22.41320       7.99759       7.47624
    11  C(13)             -0.01628     -18.30366      -6.53120      -6.10544
    12  H(1)               0.00100       4.45548       1.58983       1.48619
    13  H(1)              -0.00474     -21.19974      -7.56459      -7.07147
    14  H(1)               0.00083       3.69787       1.31949       1.23348
    15  C(13)             -0.00187      -2.10747      -0.75200      -0.70298
    16  H(1)               0.00026       1.14611       0.40896       0.38230
    17  H(1)               0.00036       1.63008       0.58165       0.54374
    18  C(13)              0.00728       8.18006       2.91885       2.72857
    19  H(1)              -0.00002      -0.09509      -0.03393      -0.03172
    20  H(1)               0.00016       0.70500       0.25156       0.23516
    21  H(1)              -0.00006      -0.25951      -0.09260      -0.08656
    22  C(13)              0.00079       0.88464       0.31566       0.29509
    23  H(1)              -0.00019      -0.86614      -0.30906      -0.28891
    24  H(1)              -0.00032      -1.41132      -0.50359      -0.47077
    25  C(13)             -0.00216      -2.42418      -0.86501      -0.80862
    26  H(1)               0.00007       0.32785       0.11698       0.10936
    27  H(1)               0.00003       0.13830       0.04935       0.04613
    28  H(1)               0.00017       0.74162       0.26463       0.24738
    29  C(13)              0.00089       0.99806       0.35613       0.33292
    30  H(1)              -0.00030      -1.32030      -0.47112      -0.44040
    31  H(1)              -0.00026      -1.16022      -0.41400      -0.38701
    32  C(13)             -0.00202      -2.27550      -0.81196      -0.75903
    33  H(1)               0.00010       0.44884       0.16016       0.14972
    34  H(1)               0.00012       0.52175       0.18617       0.17404
    35  H(1)              -0.00009      -0.41735      -0.14892      -0.13921
    36  C(13)             -0.00248      -2.78675      -0.99438      -0.92956
    37  H(1)               0.00035       1.56524       0.55852       0.52211
    38  H(1)               0.00050       2.23370       0.79704       0.74508
    39  C(13)              0.00866       9.73018       3.47197       3.24564
    40  H(1)               0.00016       0.73656       0.26282       0.24569
    41  H(1)              -0.00004      -0.17974      -0.06414      -0.05996
    42  H(1)              -0.00008      -0.34112      -0.12172      -0.11379
    43  N(14)              0.01167       3.76908       1.34490       1.25723
    44  N(14)              0.01378       4.45236       1.58871       1.48515
    45  C(13)             -0.00436      -4.90354      -1.74971      -1.63565
    46  H(1)               0.00226      10.09156       3.60092       3.36618
    47  H(1)               0.00327      14.62475       5.21847       4.87829
    48  C(13)             -0.00430      -4.83363      -1.72476      -1.61232
    49  H(1)               0.00292      13.05998       4.66012       4.35634
    50  H(1)               0.00230      10.26879       3.66416       3.42530
 --------------------------------------------------------
       Center         ----  Spin Dipole Couplings  ----
                      3XX-RR        3YY-RR        3ZZ-RR
 --------------------------------------------------------
     1   Atom       -0.031160     -0.035902      0.067062
     2   Atom       -0.121958     -0.102680      0.224638
     3   Atom       -0.041836     -0.029710      0.071545
     4   Atom       -0.106897     -0.096691      0.203588
     5   Atom        0.016628      0.015434     -0.032062
     6   Atom       -0.118711     -0.106153      0.224864
     7   Atom        0.021614      0.020086     -0.041700
     8   Atom       -0.042344     -0.044905      0.087250
     9   Atom        0.038024      0.041371     -0.079394
    10   Atom       -0.183786     -0.159031      0.342817
    11   Atom        0.031387      0.035297     -0.066685
    12   Atom        0.000328      0.003885     -0.004213
    13   Atom       -0.025172      0.022774      0.002398
    14   Atom        0.000432      0.003578     -0.004010
    15   Atom        0.002365     -0.000614     -0.001751
    16   Atom        0.002699     -0.001146     -0.001552
    17   Atom        0.001545      0.000256     -0.001800
    18   Atom        0.000177     -0.000484      0.000306
    19   Atom        0.001037     -0.000846     -0.000192
    20   Atom        0.000821     -0.000040     -0.000781
    21   Atom        0.000298      0.000347     -0.000645
    22   Atom        0.002638     -0.000418     -0.002220
    23   Atom        0.002256     -0.000899     -0.001357
    24   Atom        0.002668     -0.001138     -0.001531
    25   Atom        0.001443     -0.000099     -0.001344
    26   Atom        0.001065     -0.000381     -0.000684
    27   Atom        0.001217     -0.000511     -0.000706
    28   Atom        0.001143     -0.000529     -0.000615
    29   Atom        0.002892      0.000075     -0.002967
    30   Atom        0.002510     -0.001045     -0.001465
    31   Atom        0.002073     -0.000790     -0.001283
    32   Atom        0.001672      0.000775     -0.002446
    33   Atom        0.001323     -0.000552     -0.000771
    34   Atom        0.001355     -0.000422     -0.000933
    35   Atom        0.000942     -0.000247     -0.000694
    36   Atom        0.002547     -0.000565     -0.001982
    37   Atom        0.003109     -0.001481     -0.001627
    38   Atom        0.001652      0.000164     -0.001815
    39   Atom       -0.000427     -0.000326      0.000753
    40   Atom        0.000913     -0.000032     -0.000881
    41   Atom        0.001007     -0.001014      0.000007
    42   Atom        0.000289      0.000505     -0.000794
    43   Atom       -0.158910     -0.141152      0.300062
    44   Atom       -0.172842     -0.136612      0.309454
    45   Atom       -0.002055      0.007430     -0.005375
    46   Atom       -0.001852      0.005013     -0.003161
    47   Atom       -0.001795      0.002760     -0.000965
    48   Atom       -0.001522      0.006246     -0.004724
    49   Atom       -0.001604      0.004865     -0.003261
    50   Atom       -0.001615      0.003262     -0.001647
 --------------------------------------------------------
                        XY            XZ            YZ
 --------------------------------------------------------
     1   Atom       -0.000263      0.000457      0.018134
     2   Atom        0.001267      0.004202      0.068821
     3   Atom       -0.000031     -0.001231      0.010547
     4   Atom        0.001412     -0.008251      0.046804
     5   Atom       -0.001295      0.000947     -0.008563
     6   Atom       -0.002195      0.001313      0.055516
     7   Atom        0.001596     -0.000746     -0.012184
     8   Atom       -0.000339     -0.002953      0.028274
     9   Atom        0.006059     -0.000523     -0.018598
    10   Atom       -0.000836     -0.006922      0.072829
    11   Atom       -0.005210      0.003024     -0.014948
    12   Atom        0.001902     -0.000211     -0.001287
    13   Atom        0.000756     -0.000465     -0.002796
    14   Atom       -0.001031      0.000195     -0.001206
    15   Atom       -0.001850      0.000448      0.000015
    16   Atom       -0.001208      0.000717     -0.000174
    17   Atom       -0.002355      0.001067     -0.000857
    18   Atom       -0.002193     -0.002367      0.002513
    19   Atom       -0.000861     -0.001584      0.000142
    20   Atom       -0.001167     -0.000419      0.000313
    21   Atom       -0.001316     -0.001011      0.001434
    22   Atom       -0.000133      0.000254     -0.000798
    23   Atom        0.000411     -0.000494     -0.000072
    24   Atom        0.000939     -0.000970     -0.000483
    25   Atom       -0.000132     -0.000559     -0.000494
    26   Atom        0.000582      0.000371      0.000133
    27   Atom        0.000843      0.001672      0.000408
    28   Atom        0.000450      0.000617      0.000116
    29   Atom        0.000102      0.000020     -0.000827
    30   Atom       -0.001204      0.000922     -0.000548
    31   Atom       -0.000632      0.000789     -0.000148
    32   Atom       -0.000060      0.000143     -0.000648
    33   Atom       -0.000736     -0.001228      0.000383
    34   Atom       -0.001168     -0.001267      0.000456
    35   Atom       -0.000494     -0.000376      0.000084
    36   Atom        0.001981     -0.000457     -0.000009
    37   Atom        0.001163     -0.000798     -0.000140
    38   Atom        0.002486     -0.001354     -0.001000
    39   Atom        0.002515      0.002635      0.003601
    40   Atom        0.001327      0.000431      0.000350
    41   Atom        0.000935      0.001760      0.000154
    42   Atom        0.001474      0.001082      0.001606
    43   Atom       -0.004130     -0.003802      0.085932
    44   Atom        0.002847     -0.001715      0.129545
    45   Atom        0.000578     -0.000197     -0.002900
    46   Atom        0.001265     -0.000357      0.000086
    47   Atom        0.000657     -0.000679     -0.003873
    48   Atom       -0.001340     -0.000061     -0.002245
    49   Atom       -0.001012     -0.000187      0.000983
    50   Atom       -0.001170      0.000256     -0.003022
 --------------------------------------------------------


 ---------------------------------------------------------------------------------
              Anisotropic Spin Dipole Couplings in Principal Axis System
 ---------------------------------------------------------------------------------

       Atom             a.u.   MegaHertz   Gauss  10(-4) cm-1        Axes

              Baa    -0.0390    -5.236    -1.868    -1.746  0.0428  0.9848 -0.1685
     1 C(13)  Bbb    -0.0311    -4.180    -1.491    -1.394  0.9991 -0.0428  0.0033
              Bcc     0.0702     9.415     3.360     3.141  0.0040  0.1685  0.9857
 
              Baa    -0.1220   -16.377    -5.844    -5.463  0.9971 -0.0757  0.0029
     2 C(13)  Bbb    -0.1165   -15.637    -5.580    -5.216  0.0748  0.9773 -0.1981
              Bcc     0.2386    32.014    11.423    10.679  0.0121  0.1977  0.9802
 
              Baa    -0.0418    -5.616    -2.004    -1.873  0.9999 -0.0074  0.0115
     3 C(13)  Bbb    -0.0308    -4.133    -1.475    -1.378  0.0086  0.9947 -0.1024
              Bcc     0.0726     9.748     3.478     3.252 -0.0107  0.1025  0.9947
 
              Baa    -0.1086   -14.568    -5.198    -4.859  0.8738 -0.4770  0.0946
     4 C(13)  Bbb    -0.1024   -13.735    -4.901    -4.581  0.4857  0.8660 -0.1194
              Bcc     0.2109    28.302    10.099     9.441 -0.0250  0.1503  0.9883
 
              Baa    -0.0336    -4.505    -1.607    -1.503 -0.0141  0.1718  0.9850
     5 C(13)  Bbb     0.0153     2.058     0.734     0.687  0.7420  0.6621 -0.1048
              Bcc     0.0182     2.446     0.873     0.816 -0.6702  0.7294 -0.1368
 
              Baa    -0.1199   -16.092    -5.742    -5.368  0.8923  0.4451 -0.0751
     6 C(13)  Bbb    -0.1140   -15.299    -5.459    -5.103 -0.4513  0.8809 -0.1426
              Bcc     0.2339    31.391    11.201    10.471  0.0027  0.1611  0.9869
 
              Baa    -0.0440    -5.907    -2.108    -1.970  0.0066  0.1866  0.9824
     7 C(13)  Bbb     0.0203     2.718     0.970     0.907  0.7823 -0.6129  0.1111
              Bcc     0.0238     3.189     1.138     1.064  0.6228  0.7678 -0.1500
 
              Baa    -0.0507    -6.805    -2.428    -2.270 -0.0314  0.9790 -0.2013
     8 C(13)  Bbb    -0.0424    -5.690    -2.030    -1.898  0.9993  0.0351  0.0151
              Bcc     0.0931    12.494     4.458     4.168 -0.0219  0.2007  0.9794
 
              Baa    -0.0822   -11.030    -3.936    -3.679 -0.0032  0.1490  0.9888
     9 C(13)  Bbb     0.0343     4.602     1.642     1.535  0.8519 -0.5174  0.0807
              Bcc     0.0479     6.428     2.294     2.144  0.5236  0.8427 -0.1253
 
              Baa    -0.1839   -24.675    -8.805    -8.231  0.9999 -0.0082  0.0143
    10 C(13)  Bbb    -0.1694   -22.730    -8.111    -7.582  0.0101  0.9900 -0.1406
              Bcc     0.3533    47.404    16.915    15.812 -0.0130  0.1408  0.9900
 
              Baa    -0.0689    -9.243    -3.298    -3.083 -0.0225  0.1409  0.9898
    11 C(13)  Bbb     0.0281     3.771     1.345     1.258  0.8581  0.5107 -0.0532
              Bcc     0.0408     5.473     1.953     1.825 -0.5130  0.8481 -0.1324
 
              Baa    -0.0044    -2.355    -0.840    -0.786 -0.0193  0.1575  0.9873
    12 H(1)   Bbb    -0.0005    -0.252    -0.090    -0.084  0.9220 -0.3793  0.0786
              Bcc     0.0049     2.607     0.930     0.870  0.3868  0.9118 -0.1379
 
              Baa    -0.0252   -13.440    -4.796    -4.483  0.9998 -0.0149  0.0153
    13 H(1)   Bbb     0.0020     1.081     0.386     0.361 -0.0132  0.1340  0.9909
              Bcc     0.0232    12.360     4.410     4.123  0.0168  0.9909 -0.1338
 
              Baa    -0.0042    -2.239    -0.799    -0.747 -0.0077  0.1523  0.9883
    14 H(1)   Bbb     0.0001     0.069     0.025     0.023  0.9608  0.2752 -0.0349
              Bcc     0.0041     2.170     0.774     0.724 -0.2773  0.9493 -0.1484
 
              Baa    -0.0019    -0.254    -0.091    -0.085 -0.2629 -0.3913  0.8819
    15 C(13)  Bbb    -0.0014    -0.187    -0.067    -0.062  0.3459  0.8151  0.4648
              Bcc     0.0033     0.440     0.157     0.147  0.9007 -0.4273  0.0789
 
              Baa    -0.0017    -0.893    -0.319    -0.298 -0.1930 -0.1202  0.9738
    16 H(1)   Bbb    -0.0015    -0.794    -0.283    -0.265  0.2467  0.9546  0.1668
              Bcc     0.0032     1.687     0.602     0.563  0.9497 -0.2725  0.1546
 
              Baa    -0.0021    -1.144    -0.408    -0.382 -0.1585  0.1906  0.9688
    17 H(1)   Bbb    -0.0015    -0.821    -0.293    -0.274  0.6176  0.7847 -0.0534
              Bcc     0.0037     1.965     0.701     0.655  0.7704 -0.5898  0.2421
 
              Baa    -0.0027    -0.356    -0.127    -0.119  0.1582  0.8115 -0.5625
    18 C(13)  Bbb    -0.0021    -0.280    -0.100    -0.093  0.8009  0.2278  0.5538
              Bcc     0.0047     0.636     0.227     0.212 -0.5776  0.5381  0.6139
 
              Baa    -0.0015    -0.820    -0.293    -0.274  0.5598  0.5733  0.5983
    19 H(1)   Bbb    -0.0008    -0.418    -0.149    -0.140 -0.1556  0.7819 -0.6037
              Bcc     0.0023     1.239     0.442     0.413  0.8139 -0.2448 -0.5269
 
              Baa    -0.0009    -0.478    -0.171    -0.159 -0.0532 -0.4060  0.9123
    20 H(1)   Bbb    -0.0008    -0.452    -0.161    -0.151  0.5941  0.7214  0.3557
              Bcc     0.0017     0.930     0.332     0.310  0.8026 -0.5609 -0.2029
 
              Baa    -0.0017    -0.891    -0.318    -0.297  0.0564 -0.5539  0.8307
    21 H(1)   Bbb    -0.0009    -0.484    -0.173    -0.161  0.8064  0.5158  0.2892
              Bcc     0.0026     1.375     0.491     0.459 -0.5887  0.6536  0.4757
 
              Baa    -0.0025    -0.339    -0.121    -0.113 -0.0370  0.3513  0.9355
    22 C(13)  Bbb    -0.0001    -0.018    -0.006    -0.006  0.0770  0.9344 -0.3479
              Bcc     0.0027     0.357     0.127     0.119  0.9963 -0.0591  0.0616
 
              Baa    -0.0014    -0.760    -0.271    -0.254  0.1292  0.0351  0.9910
    23 H(1)   Bbb    -0.0010    -0.508    -0.181    -0.169 -0.1298  0.9914 -0.0182
              Bcc     0.0024     1.268     0.452     0.423  0.9831  0.1263 -0.1327
 
              Baa    -0.0019    -1.005    -0.358    -0.335  0.0948  0.4549  0.8855
    24 H(1)   Bbb    -0.0012    -0.664    -0.237    -0.221 -0.3076  0.8594 -0.4085
              Bcc     0.0031     1.668     0.595     0.556  0.9468  0.2336 -0.2214
 
              Baa    -0.0016    -0.218    -0.078    -0.073  0.1834  0.3177  0.9303
    25 C(13)  Bbb     0.0001     0.010     0.003     0.003 -0.0374  0.9479 -0.3163
              Bcc     0.0016     0.208     0.074     0.069  0.9823 -0.0232 -0.1857
 
              Baa    -0.0008    -0.406    -0.145    -0.135 -0.1754 -0.0754  0.9816
    26 H(1)   Bbb    -0.0006    -0.313    -0.112    -0.104 -0.3349  0.9422  0.0126
              Bcc     0.0013     0.719     0.256     0.240  0.9258  0.3265  0.1905
 
              Baa    -0.0017    -0.895    -0.319    -0.299 -0.5146  0.0727  0.8543
    27 H(1)   Bbb    -0.0008    -0.426    -0.152    -0.142 -0.2206  0.9516 -0.2138
              Bcc     0.0025     1.321     0.471     0.441  0.8286  0.2985  0.4737
 
              Baa    -0.0008    -0.434    -0.155    -0.145 -0.3260  0.1336  0.9359
    28 H(1)   Bbb    -0.0006    -0.338    -0.121    -0.113 -0.1752  0.9643 -0.1986
              Bcc     0.0014     0.772     0.276     0.258  0.9290  0.2287  0.2909
 
              Baa    -0.0032    -0.426    -0.152    -0.142 -0.0074  0.2465  0.9691
    29 C(13)  Bbb     0.0003     0.038     0.013     0.013 -0.0358  0.9684 -0.2467
              Bcc     0.0029     0.389     0.139     0.130  0.9993  0.0365 -0.0017
 
              Baa    -0.0018    -0.984    -0.351    -0.328 -0.0321  0.5321  0.8461
    30 H(1)   Bbb    -0.0013    -0.679    -0.242    -0.226  0.3704  0.7926 -0.4844
              Bcc     0.0031     1.663     0.593     0.555  0.9283 -0.2978  0.2225
 
              Baa    -0.0015    -0.779    -0.278    -0.260 -0.2158  0.0126  0.9764
    31 H(1)   Bbb    -0.0009    -0.492    -0.176    -0.164  0.1985  0.9796  0.0313
              Bcc     0.0024     1.271     0.454     0.424  0.9560 -0.2006  0.2139
 
              Baa    -0.0026    -0.346    -0.123    -0.115 -0.0304  0.1892  0.9815
    32 C(13)  Bbb     0.0009     0.120     0.043     0.040  0.1093  0.9767 -0.1849
              Bcc     0.0017     0.226     0.081     0.075  0.9935 -0.1016  0.0504
 
              Baa    -0.0013    -0.715    -0.255    -0.239  0.4022 -0.0684  0.9130
    33 H(1)   Bbb    -0.0008    -0.429    -0.153    -0.143  0.2958  0.9534 -0.0588
              Bcc     0.0021     1.144     0.408     0.382  0.8665 -0.2938 -0.4037
 
              Baa    -0.0015    -0.801    -0.286    -0.267  0.4351  0.0926  0.8956
    34 H(1)   Bbb    -0.0010    -0.513    -0.183    -0.171  0.3229  0.9125 -0.2512
              Bcc     0.0025     1.314     0.469     0.438  0.8405 -0.3985 -0.3671
 
              Baa    -0.0008    -0.415    -0.148    -0.138  0.2294  0.0593  0.9715
    35 H(1)   Bbb    -0.0004    -0.224    -0.080    -0.075  0.3062  0.9431 -0.1299
              Bcc     0.0012     0.639     0.228     0.213  0.9239 -0.3273 -0.1982
 
              Baa    -0.0021    -0.279    -0.100    -0.093  0.2060 -0.2639  0.9423
    36 C(13)  Bbb    -0.0015    -0.196    -0.070    -0.065 -0.3885  0.8617  0.3263
              Bcc     0.0035     0.475     0.170     0.159  0.8981  0.4334 -0.0750
 
              Baa    -0.0018    -0.963    -0.344    -0.321  0.2715 -0.6787  0.6824
    37 H(1)   Bbb    -0.0017    -0.911    -0.325    -0.304 -0.0502  0.6981  0.7142
              Bcc     0.0035     1.875     0.669     0.625  0.9611  0.2282 -0.1554
 
              Baa    -0.0023    -1.229    -0.438    -0.410  0.2296  0.1577  0.9604
    38 H(1)   Bbb    -0.0017    -0.900    -0.321    -0.300 -0.5946  0.8040  0.0101
              Bcc     0.0040     2.129     0.760     0.710  0.7706  0.5734 -0.2784
 
              Baa    -0.0035    -0.464    -0.165    -0.155 -0.1505  0.7958 -0.5866
    39 C(13)  Bbb    -0.0025    -0.333    -0.119    -0.111  0.8549 -0.1933 -0.4815
              Bcc     0.0059     0.797     0.284     0.266  0.4966  0.5739  0.6512
 
              Baa    -0.0010    -0.543    -0.194    -0.181  0.2273 -0.5836  0.7796
    40 H(1)   Bbb    -0.0009    -0.502    -0.179    -0.167 -0.5544  0.5806  0.5962
              Bcc     0.0020     1.044     0.373     0.348  0.8006  0.5677  0.1916
 
              Baa    -0.0017    -0.908    -0.324    -0.303 -0.5600  0.6458  0.5190
    41 H(1)   Bbb    -0.0008    -0.446    -0.159    -0.149  0.2438  0.7271 -0.6417
              Bcc     0.0025     1.354     0.483     0.452  0.7918  0.2329  0.5647
 
              Baa    -0.0019    -1.004    -0.358    -0.335 -0.0601 -0.5316  0.8449
    42 H(1)   Bbb    -0.0010    -0.532    -0.190    -0.177  0.8147 -0.5152 -0.2662
              Bcc     0.0029     1.535     0.548     0.512  0.5768  0.6723  0.4640
 
              Baa    -0.1616    -6.232    -2.224    -2.079  0.7872  0.6075 -0.1066
    43 N(14)  Bbb    -0.1547    -5.965    -2.129    -1.990 -0.6167  0.7726 -0.1512
              Bcc     0.3163    12.197     4.352     4.069 -0.0095  0.1847  0.9827
 
              Baa    -0.1754    -6.766    -2.414    -2.257  0.7762 -0.6084  0.1653
    44 N(14)  Bbb    -0.1689    -6.514    -2.325    -2.173  0.6304  0.7498 -0.2008
              Bcc     0.3443    13.281     4.739     4.430 -0.0018  0.2601  0.9656
 
              Baa    -0.0060    -0.805    -0.287    -0.269  0.0181  0.2103  0.9775
    45 C(13)  Bbb    -0.0021    -0.280    -0.100    -0.094  0.9981 -0.0621 -0.0051
              Bcc     0.0081     1.086     0.387     0.362  0.0597  0.9757 -0.2110
 
              Baa    -0.0033    -1.746    -0.623    -0.583  0.2883 -0.0539  0.9560
    46 H(1)   Bbb    -0.0020    -1.049    -0.374    -0.350  0.9413 -0.1671 -0.2933
              Bcc     0.0052     2.795     0.997     0.932  0.1755  0.9845  0.0026
 
              Baa    -0.0034    -1.831    -0.654    -0.611  0.1447  0.5136  0.8458
    47 H(1)   Bbb    -0.0019    -1.003    -0.358    -0.335  0.9811 -0.1852 -0.0554
              Bcc     0.0053     2.835     1.012     0.946  0.1282  0.8378 -0.5307
 
              Baa    -0.0052    -0.697    -0.249    -0.233  0.0898  0.2019  0.9753
    48 C(13)  Bbb    -0.0017    -0.227    -0.081    -0.076  0.9841  0.1327 -0.1181
              Bcc     0.0069     0.925     0.330     0.308 -0.1532  0.9704 -0.1868
 
              Baa    -0.0034    -1.804    -0.644    -0.602  0.0400 -0.1134  0.9927
    49 H(1)   Bbb    -0.0018    -0.938    -0.335    -0.313  0.9878  0.1542 -0.0222
              Bcc     0.0051     2.742     0.978     0.915 -0.1505  0.9815  0.1182
 
              Baa    -0.0031    -1.676    -0.598    -0.559  0.1971  0.4477  0.8722
    50 H(1)   Bbb    -0.0018    -0.944    -0.337    -0.315  0.9644  0.0714 -0.2546
              Bcc     0.0049     2.620     0.935     0.874 -0.1762  0.8913 -0.4177
 

 ---------------------------------------------------------------------------------

 D2PCM: C-PCM CHGder 2nd derivatives, FixD1E=F FixD2E=F DoIter=F DoCFld=F I1PDM=0
 Calling FoFJK, ICntrl=    100127 FMM=F ISym2X=0 I1Cent= 0 IOpClX= 1 NMat=1 NMatS=1 NMatT=0.
 Full mass-weighted force constant matrix:
 Low frequencies --- -150.4370 -133.0307  -68.3757  -34.9110  -25.6170  -22.4424
 Low frequencies ---   -0.0131   -0.0099   -0.0064
 ******    3 imaginary frequencies (negative Signs) ****** 
 Diagonal vibrational polarizability:
      411.8557290      50.2123510      45.2483939
 Harmonic frequencies (cm**-1), IR intensities (KM/Mole), Raman scattering
 activities (A**4/AMU), depolarization ratios for plane and unpolarized
 incident light, reduced masses (AMU), force constants (mDyne/A),
 and normal coordinates:
                     1                      2                      3
                     A                      A                      A
 Frequencies --  -150.4015              -133.0057               -65.3262
 Red. masses --     1.0367                 2.0268                 3.7893
 Frc consts  --     0.0138                 0.0211                 0.0095
 IR Inten    --     0.0126                 9.4908                29.6793
  Atom  AN      X      Y      Z        X      Y      Z        X      Y      Z
     1   6     0.00   0.01   0.00     0.00   0.00   0.02    -0.01  -0.01  -0.02
     2   6     0.00   0.00   0.00     0.00   0.00   0.00     0.00  -0.02  -0.11
     3   6     0.00   0.00   0.00     0.00   0.00   0.01     0.00   0.00  -0.01
     4   6     0.00   0.00   0.00     0.00   0.00   0.02    -0.01   0.00   0.00
     5   6     0.00   0.01   0.00     0.00   0.00   0.00     0.00   0.00   0.04
     6   6     0.00   0.00   0.00     0.00   0.00  -0.02    -0.01   0.00  -0.01
     7   6     0.00   0.00   0.00     0.00   0.00   0.00     0.00   0.02   0.03
     8   6     0.00   0.00   0.00     0.00   0.00  -0.02    -0.01   0.00  -0.03
     9   6     0.00   0.00   0.00     0.00   0.00  -0.02     0.01   0.02  -0.01
    10   6    -0.01   0.00   0.00     0.00   0.00   0.00    -0.01   0.00  -0.01
    11   6    -0.01   0.00  -0.01     0.00   0.00   0.02     0.01  -0.01   0.00
    12   1    -0.01   0.00   0.00     0.00   0.00  -0.03     0.01   0.02  -0.01
    13   1    -0.01   0.00   0.00     0.00   0.00   0.00     0.00   0.00  -0.02
    14   1    -0.01   0.01  -0.01     0.00   0.00   0.02     0.01  -0.01   0.01
    15   6     0.00   0.01   0.00     0.00   0.00   0.01    -0.01  -0.01  -0.01
    16   1     0.01   0.02  -0.02     0.00   0.00   0.02    -0.01   0.00  -0.01
    17   1     0.01   0.01   0.00     0.00   0.00   0.01    -0.01   0.00   0.00
    18   6     0.00   0.00   0.00     0.00   0.01   0.01    -0.02  -0.02   0.00
    19   1    -0.01   0.00  -0.01     0.00   0.02   0.01    -0.02  -0.03  -0.01
    20   1     0.00   0.00   0.00     0.01   0.01   0.01    -0.03  -0.02   0.00
    21   1     0.00   0.00   0.01     0.01   0.01   0.00    -0.03  -0.02   0.01
    22   6     0.00   0.02   0.00     0.00  -0.01  -0.01     0.00   0.01   0.07
    23   1     0.01   0.04  -0.03     0.00  -0.01  -0.01     0.00   0.01   0.07
    24   1    -0.02   0.05   0.03    -0.01  -0.01  -0.01     0.00   0.00   0.06
    25   6     0.00  -0.04   0.01     0.00   0.00  -0.01    -0.02   0.02   0.07
    26   1     0.50  -0.36  -0.06     0.03  -0.02  -0.02    -0.02   0.02   0.07
    27   1    -0.05   0.46  -0.20     0.00   0.02  -0.02    -0.02   0.01   0.06
    28   1    -0.42  -0.29   0.30    -0.02  -0.01   0.00    -0.01   0.03   0.07
    29   6     0.00   0.00   0.00     0.00   0.01   0.01     0.00   0.03   0.07
    30   1     0.00   0.00   0.00     0.00   0.01   0.01     0.00   0.03   0.07
    31   1     0.00   0.00   0.00     0.00   0.01   0.01    -0.01   0.03   0.07
    32   6     0.00   0.00   0.00     0.00   0.00   0.01     0.01   0.02   0.07
    33   1     0.00   0.00   0.00     0.01   0.00   0.01     0.02   0.02   0.07
    34   1     0.00   0.00   0.00     0.01   0.00   0.01     0.02   0.02   0.07
    35   1     0.00   0.00   0.00     0.00   0.00   0.02     0.01   0.02   0.08
    36   6     0.00   0.00   0.00     0.00   0.00  -0.01     0.00   0.00  -0.01
    37   1     0.00   0.00   0.00     0.00   0.00  -0.02    -0.01   0.01  -0.05
    38   1     0.00   0.00   0.00     0.00   0.01   0.01    -0.01   0.03   0.02
    39   6     0.00   0.00   0.00     0.01  -0.02   0.00     0.03  -0.06   0.01
    40   1     0.00   0.00   0.00     0.01  -0.03   0.01     0.04  -0.07   0.02
    41   1     0.00   0.00   0.00     0.00  -0.04  -0.01     0.02  -0.09  -0.02
    42   1     0.00   0.00   0.00     0.02  -0.02   0.01     0.05  -0.05   0.04
    43   7     0.00   0.00   0.00     0.00   0.02   0.12     0.00  -0.04  -0.26
    44   7     0.00   0.00   0.00     0.00  -0.03  -0.13     0.01  -0.06  -0.26
    45   6     0.00   0.00   0.00     0.02   0.05   0.14     0.01   0.06   0.13
    46   1     0.01   0.00  -0.01    -0.14  -0.09   0.43    -0.01  -0.12   0.35
    47   1     0.00  -0.01   0.00     0.23   0.33   0.25     0.03   0.36   0.19
    48   6     0.00   0.00   0.00    -0.03  -0.02  -0.16     0.01   0.02   0.16
    49   1     0.01   0.00   0.01    -0.24   0.18  -0.39     0.05  -0.23   0.37
    50   1     0.00   0.01   0.01     0.12  -0.28  -0.35    -0.02   0.31   0.30
                     4                      5                      6
                     A                      A                      A
 Frequencies --    45.2533                55.9047                74.4268
 Red. masses --     3.5815                 3.4028                 3.4336
 Frc consts  --     0.0043                 0.0063                 0.0112
 IR Inten    --     0.2442                 0.1221                 0.7369
  Atom  AN      X      Y      Z        X      Y      Z        X      Y      Z
     1   6     0.00   0.00   0.00    -0.01   0.00  -0.02     0.00   0.01  -0.06
     2   6     0.00  -0.01  -0.06    -0.01   0.00  -0.02     0.00   0.01  -0.08
     3   6     0.00  -0.01  -0.05    -0.01   0.00  -0.01     0.00   0.01  -0.06
     4   6     0.00  -0.01  -0.04    -0.01  -0.01  -0.07     0.00   0.01  -0.02
     5   6     0.00   0.00   0.01    -0.01  -0.01  -0.08     0.00   0.01  -0.05
     6   6     0.00  -0.01  -0.04    -0.01   0.01   0.07     0.00   0.02   0.00
     7   6     0.00   0.00   0.02    -0.01   0.01   0.07     0.00   0.01  -0.05
     8   6     0.00   0.00   0.01    -0.01   0.00   0.01     0.00   0.02  -0.03
     9   6     0.00  -0.02  -0.08    -0.02   0.02   0.10     0.00   0.04   0.12
    10   6     0.00  -0.02  -0.11    -0.02   0.01   0.03     0.00   0.05   0.19
    11   6     0.00  -0.01  -0.07    -0.01  -0.01  -0.07     0.00   0.03   0.10
    12   1     0.00  -0.02  -0.08    -0.02   0.03   0.17     0.00   0.04   0.18
    13   1     0.00  -0.02  -0.14    -0.02   0.01   0.05     0.00   0.06   0.30
    14   1     0.00  -0.01  -0.07    -0.01  -0.01  -0.12     0.00   0.04   0.14
    15   6     0.01   0.02   0.09     0.00   0.03   0.12     0.00   0.01   0.03
    16   1    -0.04   0.04   0.16    -0.03   0.09   0.10     0.00   0.06  -0.02
    17   1    -0.03   0.01   0.06    -0.02   0.10   0.19    -0.01   0.09   0.11
    18   6     0.15   0.04   0.12     0.09  -0.12   0.21     0.02  -0.13   0.10
    19   1     0.18   0.05   0.15     0.10  -0.19   0.13     0.03  -0.20   0.02
    20   1     0.17   0.08   0.19     0.10  -0.07   0.34     0.02  -0.11   0.19
    21   1     0.21   0.00   0.05     0.13  -0.20   0.23     0.03  -0.18   0.14
    22   6     0.00   0.01   0.08    -0.01  -0.01  -0.10     0.00   0.01  -0.04
    23   1     0.01   0.02   0.10    -0.02  -0.01  -0.10     0.00   0.02  -0.06
    24   1     0.02   0.02   0.09    -0.02  -0.03  -0.12    -0.01   0.03  -0.03
    25   6    -0.05   0.01   0.11     0.00   0.02  -0.13     0.01  -0.01  -0.03
    26   1    -0.06   0.02   0.14     0.02   0.00  -0.16     0.01  -0.01  -0.02
    27   1    -0.08  -0.02   0.09     0.01   0.06  -0.13     0.02  -0.02  -0.02
    28   1    -0.05   0.01   0.12    -0.01   0.02  -0.11     0.01  -0.02  -0.05
    29   6     0.00   0.01   0.07    -0.01   0.01   0.09     0.00   0.01  -0.09
    30   1    -0.02   0.00   0.07    -0.02   0.03   0.11     0.02   0.00  -0.09
    31   1    -0.02   0.01   0.10    -0.01   0.02   0.08     0.01   0.01  -0.10
    32   6     0.05   0.01   0.09    -0.01  -0.02   0.10    -0.04   0.03  -0.11
    33   1     0.09   0.02   0.10    -0.01  -0.04   0.09    -0.07   0.04  -0.10
    34   1     0.05   0.02   0.06    -0.01  -0.03   0.12    -0.05   0.04  -0.10
    35   1     0.04   0.00   0.13    -0.01  -0.02   0.12    -0.04   0.04  -0.15
    36   6    -0.01   0.02   0.10     0.00  -0.02  -0.09     0.00   0.02   0.07
    37   1     0.05   0.04   0.20    -0.02  -0.06  -0.08     0.00   0.07  -0.01
    38   1     0.05   0.00   0.06    -0.02  -0.08  -0.15     0.01   0.13   0.18
    39   6    -0.16   0.06   0.13     0.07   0.08  -0.17     0.01  -0.17   0.17
    40   1    -0.18   0.10   0.20     0.07   0.05  -0.26     0.02  -0.16   0.27
    41   1    -0.20   0.08   0.16     0.08   0.14  -0.12    -0.01  -0.28   0.07
    42   1    -0.23   0.03   0.04     0.10   0.13  -0.18     0.01  -0.22   0.25
    43   7     0.00  -0.02  -0.08    -0.01   0.00  -0.03     0.00   0.00  -0.08
    44   7     0.00  -0.02  -0.07    -0.01   0.00  -0.01     0.00   0.02  -0.02
    45   6     0.00  -0.04  -0.15     0.00   0.00   0.00     0.00   0.01  -0.05
    46   1     0.01   0.00  -0.19     0.00   0.00   0.01    -0.01   0.03  -0.06
    47   1     0.00  -0.10  -0.16     0.00   0.01   0.00     0.01  -0.01  -0.05
    48   6     0.00  -0.03  -0.15     0.00   0.00  -0.01     0.00   0.01  -0.08
    49   1     0.01   0.02  -0.18    -0.01   0.00   0.00    -0.03   0.01  -0.09
    50   1     0.00  -0.07  -0.17     0.00   0.01  -0.01     0.01   0.00  -0.10
                     7                      8                      9
                     A                      A                      A
 Frequencies --    82.2070                86.9930                96.8737
 Red. masses --     3.2484                 2.9644                 3.0910
 Frc consts  --     0.0129                 0.0132                 0.0171
 IR Inten    --     0.1466                 1.9271                 1.4885
  Atom  AN      X      Y      Z        X      Y      Z        X      Y      Z
     1   6    -0.02  -0.03  -0.05    -0.02  -0.03   0.01    -0.03   0.00   0.07
     2   6    -0.02   0.00   0.01    -0.01  -0.02  -0.01    -0.02   0.01   0.03
     3   6    -0.01   0.00   0.00    -0.01  -0.02   0.00    -0.01   0.01   0.04
     4   6     0.00  -0.02  -0.07    -0.01  -0.02   0.02    -0.01   0.01   0.06
     5   6    -0.01  -0.03  -0.05    -0.01  -0.03  -0.01    -0.01   0.00   0.06
     6   6    -0.01   0.02   0.06     0.00  -0.01  -0.01    -0.01   0.01  -0.02
     7   6    -0.01   0.04   0.06     0.00  -0.01  -0.03    -0.01   0.03  -0.01
     8   6    -0.02   0.04   0.07    -0.02  -0.01  -0.03    -0.02   0.01  -0.05
     9   6     0.01   0.02   0.04     0.01   0.00   0.04     0.01   0.01  -0.07
    10   6     0.02  -0.01  -0.05     0.01   0.00   0.10     0.01   0.00  -0.05
    11   6     0.01  -0.03  -0.11     0.01  -0.02   0.07     0.01   0.00   0.03
    12   1     0.02   0.04   0.08     0.01   0.00   0.05     0.02   0.01  -0.13
    13   1     0.03  -0.01  -0.08     0.01   0.00   0.15     0.02  -0.01  -0.09
    14   1     0.02  -0.05  -0.17     0.01  -0.02   0.10     0.01  -0.01   0.04
    15   6    -0.01  -0.02  -0.02     0.01   0.00   0.03    -0.04  -0.01   0.05
    16   1    -0.07  -0.04   0.12    -0.07  -0.03   0.21    -0.04  -0.04   0.08
    17   1    -0.06  -0.09  -0.13    -0.05  -0.11  -0.12    -0.06  -0.05   0.00
    18   6     0.15   0.12  -0.04     0.20   0.21  -0.01    -0.03   0.05   0.02
    19   1     0.18   0.20   0.06     0.22   0.31   0.12    -0.01   0.08   0.06
    20   1     0.17   0.15  -0.01     0.24   0.25   0.00    -0.04   0.03  -0.01
    21   1     0.22   0.12  -0.16     0.28   0.21  -0.16    -0.03   0.09  -0.02
    22   6    -0.01  -0.04   0.03     0.00  -0.06  -0.08     0.00  -0.03  -0.02
    23   1     0.00  -0.03   0.04    -0.02  -0.08  -0.07    -0.03  -0.06   0.00
    24   1     0.03  -0.01   0.05    -0.02  -0.09  -0.11    -0.02  -0.08  -0.06
    25   6    -0.07  -0.08   0.08     0.06  -0.01  -0.13     0.06   0.03  -0.09
    26   1    -0.08  -0.05   0.15     0.09  -0.05  -0.21     0.09  -0.01  -0.17
    27   1    -0.10  -0.14   0.07     0.09   0.07  -0.13     0.10   0.12  -0.08
    28   1    -0.06  -0.08   0.07     0.04  -0.01  -0.11     0.05   0.04  -0.06
    29   6    -0.01   0.04   0.01     0.00   0.00  -0.04     0.00   0.06   0.07
    30   1     0.02   0.04   0.01     0.01  -0.01  -0.05    -0.02   0.07   0.08
    31   1     0.00   0.05  -0.01     0.00   0.00  -0.04    -0.04   0.08   0.09
    32   6    -0.05   0.05  -0.01     0.00   0.02  -0.05     0.08   0.04   0.11
    33   1    -0.10   0.05  -0.02    -0.01   0.03  -0.04     0.11   0.03   0.10
    34   1    -0.05   0.04   0.02    -0.01   0.02  -0.06     0.12   0.02   0.09
    35   1    -0.04   0.08  -0.06     0.00   0.02  -0.06     0.09   0.06   0.18
    36   6    -0.01   0.02   0.00    -0.03   0.01   0.00    -0.01   0.00  -0.04
    37   1    -0.08   0.01  -0.15     0.00   0.03   0.04    -0.06   0.02  -0.19
    38   1    -0.08   0.08   0.09    -0.02   0.00  -0.02    -0.05   0.11   0.08
    39   6     0.19  -0.10   0.00    -0.11   0.04   0.01     0.12  -0.19   0.02
    40   1     0.22  -0.15  -0.06    -0.13   0.07   0.04     0.15  -0.23   0.05
    41   1     0.23  -0.17  -0.08    -0.11   0.05   0.02     0.12  -0.30  -0.09
    42   1     0.28  -0.07   0.13    -0.15   0.00  -0.03     0.18  -0.19   0.14
    43   7    -0.03  -0.03  -0.08    -0.01  -0.02   0.03    -0.03   0.02   0.09
    44   7    -0.03   0.04   0.12    -0.02  -0.03  -0.05    -0.02   0.00  -0.10
    45   6    -0.04   0.02   0.06    -0.03   0.00   0.04    -0.05  -0.03  -0.17
    46   1    -0.10   0.05   0.08    -0.01  -0.04   0.06     0.04   0.02  -0.29
    47   1     0.04   0.00   0.08    -0.06   0.05   0.04    -0.17  -0.12  -0.22
    48   6    -0.05  -0.02  -0.06    -0.02  -0.01   0.10    -0.03   0.00   0.01
    49   1    -0.12  -0.02  -0.09     0.02  -0.06   0.15     0.08   0.03   0.03
    50   1     0.01  -0.03  -0.10    -0.06   0.05   0.14    -0.12  -0.01   0.05
                    10                     11                     12
                     A                      A                      A
 Frequencies --   111.0156               133.7182               137.1995
 Red. masses --     2.8853                 3.5425                 3.1807
 Frc consts  --     0.0210                 0.0373                 0.0353
 IR Inten    --     2.7020                 9.8396                 9.9553
  Atom  AN      X      Y      Z        X      Y      Z        X      Y      Z
     1   6     0.01  -0.04   0.00     0.00   0.00   0.01     0.00   0.02  -0.01
     2   6     0.01  -0.02   0.05     0.00   0.03   0.09     0.00   0.00   0.09
     3   6     0.01  -0.02   0.08     0.01   0.04   0.15    -0.02   0.01   0.14
     4   6     0.01  -0.03   0.04     0.02   0.02   0.08    -0.03   0.02   0.06
     5   6     0.01  -0.04   0.04     0.02   0.01   0.07    -0.02   0.03   0.03
     6   6     0.02  -0.01   0.06     0.00   0.04   0.07    -0.03  -0.03   0.08
     7   6     0.02   0.00   0.03     0.00   0.04   0.06    -0.02  -0.04   0.06
     8   6     0.00   0.00   0.02     0.00   0.03   0.03    -0.01  -0.04   0.03
     9   6     0.03  -0.01   0.04     0.03   0.03  -0.04    -0.06  -0.03   0.00
    10   6     0.04  -0.02   0.01     0.03   0.00  -0.10    -0.08  -0.02  -0.04
    11   6     0.03  -0.04   0.01     0.03   0.00  -0.03    -0.06   0.01  -0.01
    12   1     0.04   0.00   0.02     0.03   0.03  -0.12    -0.07  -0.06  -0.06
    13   1     0.05  -0.03  -0.01     0.04  -0.02  -0.20    -0.10  -0.03  -0.11
    14   1     0.04  -0.06  -0.02     0.04  -0.02  -0.09    -0.07   0.02  -0.07
    15   6     0.00  -0.06  -0.02    -0.01  -0.02   0.01     0.02   0.04  -0.01
    16   1     0.00  -0.07  -0.01    -0.01  -0.03   0.03     0.01   0.08  -0.04
    17   1    -0.01  -0.07  -0.04    -0.03  -0.02   0.00     0.05   0.07   0.03
    18   6     0.00  -0.03  -0.03     0.00  -0.01   0.02     0.01  -0.01   0.01
    19   1     0.02  -0.02  -0.01     0.02  -0.01   0.03    -0.05  -0.03  -0.04
    20   1    -0.02  -0.05  -0.04    -0.01  -0.02   0.02     0.04   0.04   0.03
    21   1    -0.01   0.00  -0.06     0.00   0.00   0.00     0.02  -0.07   0.06
    22   6    -0.01   0.00   0.02     0.04  -0.03   0.01    -0.01   0.02  -0.01
    23   1     0.04  -0.01   0.21     0.00  -0.07   0.00    -0.05   0.02  -0.11
    24   1     0.01  -0.15  -0.10     0.02  -0.07  -0.02    -0.06   0.08   0.04
    25   6    -0.16   0.28  -0.06     0.15   0.01  -0.07     0.11  -0.08  -0.01
    26   1    -0.11   0.21  -0.22     0.17  -0.03  -0.16     0.09  -0.06   0.02
    27   1    -0.24   0.47  -0.21     0.22   0.08  -0.03     0.18  -0.14   0.08
    28   1    -0.22   0.37   0.17     0.16   0.00  -0.08     0.15  -0.12  -0.12
    29   6     0.03   0.02  -0.01    -0.03  -0.02  -0.02     0.00  -0.01  -0.01
    30   1     0.06  -0.01  -0.04     0.00   0.04   0.05     0.02  -0.14  -0.14
    31   1     0.02   0.02   0.00     0.07  -0.03  -0.15    -0.05  -0.06   0.12
    32   6     0.02   0.09  -0.05    -0.25  -0.16  -0.05     0.05   0.26  -0.11
    33   1    -0.02   0.12  -0.02    -0.39  -0.24  -0.13     0.09   0.41   0.05
    34   1     0.03   0.09  -0.07    -0.31  -0.20   0.14     0.05   0.34  -0.29
    35   1     0.03   0.11  -0.09    -0.24  -0.15  -0.19     0.04   0.22  -0.15
    36   6    -0.01   0.01   0.00     0.00   0.03   0.03     0.01  -0.07   0.00
    37   1     0.00   0.01   0.00     0.00   0.03   0.03     0.01  -0.09   0.04
    38   1    -0.02   0.00   0.00     0.00   0.03   0.03     0.02  -0.11  -0.05
    39   6     0.00   0.02  -0.01    -0.01   0.03   0.04    -0.01   0.00  -0.03
    40   1    -0.01   0.03  -0.02    -0.02   0.04   0.05     0.01  -0.03  -0.06
    41   1     0.01   0.03   0.00     0.00   0.02   0.03    -0.04   0.04   0.01
    42   1    -0.01   0.01   0.00    -0.02   0.01   0.04     0.00   0.04  -0.09
    43   7     0.00  -0.05  -0.06     0.00  -0.01  -0.11     0.02  -0.01  -0.08
    44   7     0.00  -0.02   0.01     0.00   0.01  -0.06     0.01  -0.04  -0.04
    45   6    -0.01  -0.03  -0.02    -0.01   0.01  -0.05     0.04  -0.04  -0.03
    46   1    -0.04  -0.02  -0.01    -0.03   0.01  -0.03     0.03  -0.05  -0.01
    47   1     0.02  -0.04  -0.01     0.02   0.02  -0.04     0.07  -0.03  -0.01
    48   6    -0.01  -0.05  -0.06    -0.01   0.00  -0.07     0.04  -0.02  -0.05
    49   1    -0.04  -0.04  -0.07    -0.01  -0.02  -0.05     0.04  -0.02  -0.05
    50   1     0.01  -0.06  -0.07    -0.01   0.02  -0.06     0.05   0.00  -0.05
                    13                     14                     15
                     A                      A                      A
 Frequencies --   173.4447               182.5698               185.5337
 Red. masses --     3.7967                 1.4214                 1.8077
 Frc consts  --     0.0673                 0.0279                 0.0367
 IR Inten    --     1.8354                 1.2761                 2.2983
  Atom  AN      X      Y      Z        X      Y      Z        X      Y      Z
     1   6     0.02   0.01   0.03     0.00   0.00   0.04     0.00  -0.01  -0.06
     2   6     0.03   0.01   0.05     0.00  -0.01  -0.07     0.00   0.03   0.11
     3   6     0.02   0.01   0.05     0.01  -0.01  -0.08     0.00   0.04   0.12
     4   6     0.02  -0.01  -0.09     0.01  -0.01  -0.04     0.00   0.01   0.04
     5   6     0.02  -0.01  -0.09     0.01   0.00   0.02     0.00  -0.01  -0.04
     6   6     0.02   0.02   0.11     0.00   0.00   0.00     0.00   0.02   0.01
     7   6     0.02   0.01   0.08     0.00   0.01   0.03     0.01   0.02  -0.04
     8   6     0.02  -0.02  -0.05     0.01   0.00   0.02     0.00   0.01  -0.04
     9   6     0.02   0.03   0.16     0.01   0.01   0.04     0.01   0.02  -0.03
    10   6     0.02   0.00  -0.01     0.01   0.00   0.01     0.01   0.01   0.00
    11   6     0.03  -0.03  -0.18     0.01  -0.01  -0.03     0.01   0.01   0.01
    12   1     0.03   0.04   0.26     0.00   0.01   0.11     0.02   0.01  -0.11
    13   1     0.02   0.00  -0.02     0.01   0.00   0.03     0.02   0.01  -0.04
    14   1     0.03  -0.05  -0.33     0.01  -0.01  -0.02     0.02   0.00  -0.04
    15   6     0.02   0.01   0.01    -0.02  -0.02   0.03     0.01  -0.01  -0.05
    16   1     0.05   0.01  -0.03     0.00  -0.05   0.05    -0.01   0.02  -0.05
    17   1     0.05   0.01   0.01    -0.04  -0.04   0.00     0.01   0.01  -0.03
    18   6    -0.06   0.03  -0.03    -0.06   0.04   0.00     0.07  -0.06  -0.01
    19   1    -0.07   0.04  -0.02     0.07   0.06   0.07     0.00  -0.08  -0.06
    20   1    -0.07   0.00  -0.09    -0.15  -0.09  -0.04     0.15   0.05   0.06
    21   1    -0.10   0.07   0.00    -0.12   0.19  -0.07     0.14  -0.19   0.03
    22   6     0.01   0.00  -0.04     0.02  -0.02   0.02    -0.01   0.00  -0.03
    23   1     0.04   0.03  -0.03     0.01  -0.04   0.04     0.00   0.02  -0.03
    24   1     0.04   0.04  -0.01     0.03  -0.04   0.00    -0.01   0.02  -0.02
    25   6    -0.12  -0.06   0.05     0.04   0.02  -0.01    -0.08  -0.03   0.01
    26   1    -0.15  -0.01   0.17     0.04   0.00  -0.04    -0.09  -0.01   0.08
    27   1    -0.21  -0.15   0.00     0.05   0.05  -0.01    -0.13  -0.08  -0.01
    28   1    -0.13  -0.06   0.06     0.04   0.03   0.01    -0.09  -0.04   0.02
    29   6     0.02   0.02   0.02    -0.02  -0.02   0.02    -0.01  -0.01  -0.01
    30   1     0.08   0.01   0.02    -0.04  -0.05  -0.02    -0.05   0.00  -0.01
    31   1     0.05   0.02  -0.03     0.00  -0.06   0.04     0.01  -0.03   0.00
    32   6    -0.10   0.05  -0.05    -0.06   0.03  -0.02     0.02  -0.05   0.02
    33   1    -0.32   0.03  -0.06     0.36   0.17   0.13     0.50   0.04   0.11
    34   1    -0.05  -0.04   0.08    -0.37   0.36  -0.25    -0.24   0.25  -0.20
    35   1    -0.04   0.18  -0.20    -0.24  -0.42   0.05    -0.15  -0.49   0.18
    36   6     0.01  -0.01  -0.03     0.02  -0.01   0.02    -0.01   0.02  -0.03
    37   1     0.04   0.02  -0.01     0.01  -0.04   0.05     0.00   0.03  -0.04
    38   1     0.02   0.01  -0.01     0.05  -0.03   0.00    -0.01   0.04  -0.01
    39   6    -0.09  -0.06   0.03     0.03   0.02   0.00    -0.04  -0.03   0.00
    40   1    -0.14   0.03   0.11     0.10  -0.08   0.00    -0.07   0.01   0.05
    41   1    -0.06  -0.08  -0.01    -0.07   0.03   0.05    -0.01  -0.06  -0.04
    42   1    -0.16  -0.16   0.03     0.08   0.12  -0.06    -0.07  -0.09   0.03
    43   7     0.03   0.04   0.17     0.00   0.00   0.02     0.00   0.01   0.01
    44   7     0.03  -0.04  -0.18     0.00   0.00  -0.02     0.00   0.01  -0.01
    45   6     0.02  -0.02  -0.08     0.00   0.00  -0.02    -0.01   0.02   0.01
    46   1     0.11  -0.05  -0.11     0.01   0.00  -0.03    -0.01   0.02   0.01
    47   1    -0.07   0.01  -0.11    -0.01  -0.01  -0.03    -0.01   0.03   0.01
    48   6     0.04   0.02   0.08     0.00   0.00  -0.01    -0.01   0.01   0.02
    49   1     0.14   0.05   0.09     0.00   0.01  -0.01     0.01   0.00   0.04
    50   1    -0.05   0.00   0.11    -0.01  -0.01  -0.01    -0.02   0.03   0.04
                    16                     17                     18
                     A                      A                      A
 Frequencies --   194.6110               201.4156               206.5157
 Red. masses --     2.4985                 1.1572                 1.2080
 Frc consts  --     0.0558                 0.0277                 0.0304
 IR Inten    --     0.6104                 0.7985                 0.5443
  Atom  AN      X      Y      Z        X      Y      Z        X      Y      Z
     1   6    -0.01   0.02   0.03     0.00   0.00  -0.03     0.01   0.00  -0.02
     2   6     0.00   0.01   0.03     0.00   0.02   0.04     0.00  -0.01  -0.01
     3   6     0.00   0.01   0.03     0.00   0.02   0.04     0.00  -0.01  -0.01
     4   6     0.00   0.01  -0.05     0.00   0.01   0.01    -0.01   0.00   0.02
     5   6     0.01   0.02   0.03     0.00   0.00  -0.02     0.00   0.00  -0.01
     6   6     0.00   0.01   0.06    -0.01   0.01   0.00     0.00  -0.01  -0.02
     7   6     0.01  -0.02  -0.05     0.00   0.00  -0.01     0.00   0.00   0.03
     8   6    -0.01  -0.02  -0.07     0.00   0.00  -0.01     0.01   0.00   0.03
     9   6    -0.01   0.02   0.10    -0.01   0.01  -0.02    -0.01  -0.02  -0.04
    10   6    -0.01   0.01  -0.01    -0.01   0.01   0.01    -0.02   0.00   0.00
    11   6     0.00   0.00  -0.12     0.00   0.01   0.01    -0.01   0.01   0.04
    12   1    -0.01   0.02   0.16    -0.01   0.00  -0.05    -0.02  -0.02  -0.06
    13   1    -0.02   0.00  -0.02    -0.01   0.01   0.00    -0.02   0.00   0.00
    14   1     0.00  -0.01  -0.20    -0.01   0.02   0.00    -0.02   0.02   0.08
    15   6    -0.03   0.01   0.05    -0.02  -0.03  -0.01     0.00  -0.01  -0.01
    16   1    -0.01  -0.02   0.06    -0.02  -0.07   0.05     0.01  -0.02   0.00
    17   1    -0.05  -0.01   0.02    -0.09  -0.03  -0.04    -0.02   0.00  -0.02
    18   6    -0.07   0.05   0.02     0.03  -0.03   0.01     0.03  -0.03   0.00
    19   1     0.13   0.05   0.11     0.48  -0.07   0.16     0.30  -0.06   0.08
    20   1    -0.22  -0.14  -0.01    -0.27  -0.38   0.10    -0.15  -0.23   0.06
    21   1    -0.16   0.27  -0.08    -0.10   0.35  -0.23    -0.05   0.20  -0.13
    22   6     0.03   0.00   0.04     0.00   0.00  -0.02    -0.01   0.01  -0.01
    23   1     0.01  -0.03   0.05     0.00  -0.01   0.00     0.00   0.02  -0.02
    24   1     0.04  -0.02   0.02     0.02   0.00  -0.01    -0.01   0.02   0.00
    25   6     0.09   0.03   0.00    -0.03  -0.02   0.00    -0.02  -0.01   0.00
    26   1     0.10   0.01  -0.06    -0.03  -0.01   0.03    -0.02   0.00   0.02
    27   1     0.13   0.07   0.02    -0.05  -0.03  -0.01    -0.02  -0.03   0.00
    28   1     0.10   0.03  -0.01    -0.04  -0.02   0.01    -0.02  -0.02  -0.01
    29   6     0.02  -0.01  -0.04     0.00  -0.01  -0.01     0.00   0.00   0.02
    30   1     0.01   0.01  -0.02    -0.01  -0.01  -0.01     0.00  -0.01   0.01
    31   1     0.00   0.01  -0.03    -0.01  -0.01   0.01     0.00  -0.01   0.02
    32   6     0.12  -0.06   0.02     0.02  -0.01   0.00    -0.03   0.02   0.00
    33   1     0.22  -0.08   0.00    -0.05  -0.03  -0.02    -0.03   0.05   0.02
    34   1     0.12  -0.05  -0.02     0.09  -0.07   0.03    -0.06   0.05  -0.02
    35   1     0.10  -0.09   0.13     0.06   0.08   0.00    -0.04  -0.01  -0.03
    36   6    -0.03  -0.01  -0.08     0.02  -0.02   0.00    -0.01   0.02   0.02
    37   1    -0.01   0.04  -0.10     0.02  -0.05   0.05    -0.01   0.06  -0.03
    38   1    -0.06   0.03  -0.04     0.07  -0.03  -0.02    -0.07   0.02   0.04
    39   6    -0.11  -0.08  -0.02    -0.01  -0.01   0.00     0.04   0.03   0.00
    40   1    -0.30   0.17   0.03     0.16  -0.21   0.06    -0.26   0.38  -0.13
    41   1     0.12  -0.12  -0.14    -0.27  -0.01   0.10     0.50   0.06  -0.14
    42   1    -0.25  -0.37   0.12     0.07   0.21  -0.15    -0.10  -0.33   0.26
    43   7     0.00  -0.01  -0.09     0.00   0.01   0.00     0.01   0.01   0.02
    44   7     0.00   0.02   0.09     0.00   0.01  -0.01     0.01  -0.01  -0.02
    45   6     0.01   0.01   0.06     0.01   0.01   0.00     0.01  -0.01  -0.01
    46   1    -0.04   0.02   0.09     0.01   0.01   0.01     0.03  -0.02  -0.02
    47   1     0.07   0.01   0.08     0.01   0.02   0.00     0.00  -0.01  -0.02
    48   6     0.00   0.00  -0.04     0.00   0.01   0.01     0.02   0.00   0.01
    49   1    -0.06  -0.01  -0.05     0.01   0.01   0.01     0.03   0.01   0.01
    50   1     0.05   0.00  -0.07     0.00   0.02   0.01     0.01   0.00   0.01
                    19                     20                     21
                     A                      A                      A
 Frequencies --   243.8218               279.7694               286.9334
 Red. masses --     3.8989                 3.0121                 2.5221
 Frc consts  --     0.1366                 0.1389                 0.1223
 IR Inten    --    10.8362                13.9525                13.1594
  Atom  AN      X      Y      Z        X      Y      Z        X      Y      Z
     1   6     0.04  -0.01  -0.06    -0.02  -0.01  -0.03     0.02   0.00   0.00
     2   6     0.00   0.00  -0.08    -0.02   0.04   0.02    -0.01  -0.06  -0.01
     3   6     0.00  -0.01  -0.11    -0.02   0.04   0.01    -0.01  -0.06   0.01
     4   6     0.02   0.00   0.03     0.00   0.03  -0.03    -0.03  -0.03   0.01
     5   6     0.04   0.02   0.04     0.00   0.01   0.02    -0.02   0.02   0.04
     6   6    -0.02   0.00   0.03    -0.03   0.01   0.00     0.02  -0.03   0.03
     7   6    -0.05   0.01   0.05    -0.02  -0.02  -0.04     0.02   0.01  -0.01
     8   6    -0.04  -0.02  -0.06     0.01   0.00   0.02    -0.02   0.02   0.01
     9   6    -0.01  -0.01   0.01    -0.08   0.01   0.09    -0.02  -0.03   0.07
    10   6     0.01  -0.03  -0.08    -0.07   0.02   0.02    -0.03  -0.03  -0.02
    11   6     0.00   0.00   0.02    -0.06   0.03  -0.11    -0.04  -0.03  -0.05
    12   1    -0.01   0.00   0.06    -0.09   0.00   0.17    -0.03  -0.05   0.13
    13   1     0.00  -0.03  -0.12    -0.08   0.03   0.04    -0.03  -0.03  -0.04
    14   1    -0.01   0.02   0.07    -0.07   0.05  -0.21    -0.05  -0.04  -0.10
    15   6     0.04  -0.05  -0.12    -0.07  -0.11  -0.06     0.08   0.07  -0.05
    16   1     0.04  -0.07  -0.10    -0.07  -0.21   0.06     0.08   0.15  -0.16
    17   1     0.02  -0.04  -0.11    -0.18  -0.15  -0.14     0.18   0.10   0.03
    18   6     0.15  -0.13  -0.06     0.08  -0.08  -0.04     0.05  -0.04  -0.02
    19   1     0.21  -0.18  -0.09    -0.01  -0.06  -0.05     0.20  -0.11  -0.04
    20   1     0.15  -0.11   0.08     0.18   0.07   0.04    -0.05  -0.15   0.04
    21   1     0.20  -0.18  -0.10     0.20  -0.24  -0.07    -0.01   0.06  -0.04
    22   6     0.06   0.04   0.08     0.05  -0.04   0.09    -0.05   0.11   0.02
    23   1     0.05   0.03   0.10     0.02  -0.10   0.18    -0.04   0.18  -0.11
    24   1     0.07   0.03   0.07     0.14  -0.10   0.03    -0.15   0.18   0.08
    25   6     0.12   0.09   0.05     0.08   0.05   0.04     0.06   0.04   0.02
    26   1     0.13   0.06  -0.03     0.08   0.02  -0.06     0.07   0.03   0.00
    27   1     0.16   0.15   0.07     0.11   0.13   0.04     0.14   0.03   0.09
    28   1     0.12   0.09   0.05     0.09   0.08   0.08     0.08  -0.01  -0.08
    29   6    -0.06   0.05   0.08    -0.03  -0.09  -0.05     0.06   0.06  -0.05
    30   1    -0.05   0.04   0.07    -0.08  -0.12  -0.10     0.13   0.11   0.01
    31   1    -0.06   0.05   0.08    -0.04  -0.13   0.03     0.06   0.12  -0.15
    32   6    -0.12   0.09   0.05     0.09  -0.04  -0.04     0.04  -0.05  -0.02
    33   1    -0.18   0.12   0.08     0.09  -0.04  -0.04     0.15  -0.09  -0.06
    34   1    -0.15   0.10   0.07     0.19  -0.10  -0.08    -0.02  -0.01   0.00
    35   1    -0.11   0.09  -0.04     0.12   0.05   0.05     0.00  -0.14   0.04
    36   6    -0.04  -0.06  -0.11     0.05  -0.02   0.09    -0.10   0.14   0.01
    37   1    -0.03  -0.06  -0.09     0.05  -0.05   0.14    -0.09   0.25  -0.15
    38   1    -0.02  -0.04  -0.10     0.11  -0.04   0.04    -0.24   0.21   0.12
    39   6    -0.13  -0.12  -0.05     0.09   0.08   0.04     0.04   0.05   0.03
    40   1    -0.10  -0.13   0.08     0.02   0.14  -0.08     0.17  -0.12   0.01
    41   1    -0.24  -0.18  -0.07     0.23   0.14   0.06    -0.09  -0.01   0.02
    42   1    -0.17  -0.14  -0.11     0.08   0.03   0.08     0.17   0.22   0.05
    43   7     0.01   0.04   0.10    -0.03   0.04   0.07     0.00  -0.04   0.05
    44   7    -0.02   0.04   0.07    -0.01   0.01  -0.10    -0.03  -0.05  -0.04
    45   6    -0.01   0.03   0.04    -0.04   0.04  -0.04    -0.04  -0.05  -0.01
    46   1     0.01   0.04   0.02    -0.02   0.02  -0.03    -0.02  -0.06   0.00
    47   1    -0.02   0.01   0.03    -0.08   0.08  -0.04    -0.06  -0.03  -0.01
    48   6     0.00   0.03   0.04    -0.04   0.04   0.03    -0.02  -0.05   0.02
    49   1    -0.02   0.06   0.02     0.00   0.05   0.03    -0.02  -0.04   0.02
    50   1     0.00  -0.01   0.03    -0.09   0.02   0.05    -0.04  -0.07   0.02
                    22                     23                     24
                     A                      A                      A
 Frequencies --   320.2694               339.7667               373.9204
 Red. masses --     5.2370                 2.6028                 3.7382
 Frc consts  --     0.3165                 0.1770                 0.3079
 IR Inten    --    15.9844                39.2378                27.3787
  Atom  AN      X      Y      Z        X      Y      Z        X      Y      Z
     1   6     0.04   0.00  -0.01     0.02  -0.02   0.03    -0.05   0.03  -0.05
     2   6     0.00   0.03   0.26     0.00   0.00   0.03    -0.09   0.00  -0.01
     3   6     0.00  -0.02   0.08    -0.01   0.00   0.02    -0.07   0.00  -0.01
     4   6     0.02  -0.07  -0.20     0.00  -0.04  -0.01    -0.03  -0.07   0.00
     5   6     0.07  -0.01  -0.10    -0.02  -0.02   0.04    -0.01   0.01  -0.02
     6   6    -0.03  -0.08  -0.23     0.00   0.02  -0.02    -0.04   0.07   0.01
     7   6    -0.06  -0.01  -0.08    -0.04   0.02  -0.05    -0.03  -0.01   0.03
     8   6    -0.05   0.00   0.02     0.01   0.02  -0.04    -0.06  -0.03   0.07
     9   6    -0.01  -0.06  -0.12     0.06   0.01   0.01     0.13   0.10   0.00
    10   6    -0.03  -0.03   0.26     0.11  -0.01   0.03     0.18  -0.01   0.00
    11   6     0.00  -0.07  -0.09     0.06  -0.04  -0.04     0.13  -0.10   0.01
    12   1    -0.01  -0.05  -0.16     0.08   0.05   0.02     0.19   0.20  -0.02
    13   1    -0.04   0.01   0.50     0.14  -0.01   0.05     0.27  -0.01   0.00
    14   1    -0.01  -0.06  -0.12     0.08  -0.07  -0.06     0.18  -0.20   0.03
    15   6     0.03   0.00   0.02     0.10   0.08  -0.01    -0.10  -0.01  -0.02
    16   1     0.04   0.00  -0.01     0.10   0.20  -0.15    -0.12  -0.03   0.04
    17   1     0.04   0.00   0.02     0.25   0.11   0.08    -0.15  -0.01  -0.04
    18   6    -0.02   0.01  -0.01     0.02   0.00  -0.01     0.00   0.00   0.01
    19   1    -0.04   0.02   0.00     0.10  -0.05  -0.03     0.01   0.00   0.03
    20   1    -0.02   0.00  -0.05    -0.06  -0.10  -0.02     0.02   0.04   0.08
    21   1    -0.04   0.03   0.02    -0.06   0.10   0.01     0.06  -0.05  -0.04
    22   6     0.10   0.03   0.05    -0.07   0.09   0.00    -0.05   0.10   0.01
    23   1     0.11   0.03   0.10    -0.03   0.17  -0.14    -0.03   0.15  -0.08
    24   1     0.16   0.02   0.05    -0.19   0.16   0.06    -0.10   0.16   0.06
    25   6     0.10   0.07   0.07     0.02   0.01   0.00     0.04   0.03   0.03
    26   1     0.10   0.05   0.02     0.03   0.01   0.00     0.07   0.01   0.02
    27   1     0.11   0.10   0.06     0.08   0.00   0.06     0.11   0.03   0.09
    28   1     0.10   0.08   0.08     0.03  -0.03  -0.08     0.04  -0.02  -0.05
    29   6    -0.08   0.08   0.05    -0.09  -0.05   0.00    -0.07  -0.12  -0.01
    30   1    -0.08   0.10   0.08    -0.19  -0.09  -0.05    -0.13  -0.18  -0.09
    31   1    -0.11   0.12   0.03    -0.09  -0.13   0.11    -0.06  -0.20   0.09
    32   6    -0.10   0.06   0.07    -0.01   0.02   0.01     0.04  -0.02  -0.03
    33   1    -0.12   0.07   0.07    -0.04   0.03   0.03     0.04   0.02   0.01
    34   1    -0.13   0.08   0.09     0.07  -0.03  -0.03     0.15  -0.06  -0.12
    35   1    -0.10   0.05   0.03     0.02   0.10   0.04     0.07   0.07   0.04
    36   6    -0.08   0.03   0.00     0.10  -0.10   0.03    -0.11   0.00   0.02
    37   1    -0.09   0.07  -0.08     0.09  -0.23   0.20    -0.12   0.02  -0.04
    38   1    -0.15   0.05   0.04     0.28  -0.15  -0.07    -0.16   0.00   0.04
    39   6     0.00   0.01  -0.01     0.03   0.00   0.01    -0.01   0.00  -0.01
    40   1     0.04  -0.05  -0.05    -0.07   0.12  -0.02     0.02  -0.05  -0.09
    41   1    -0.02   0.00  -0.02     0.13   0.07   0.04     0.01   0.00  -0.03
    42   1     0.05   0.06   0.01    -0.06  -0.10  -0.01     0.05   0.05   0.04
    43   7     0.03   0.01  -0.03    -0.02  -0.05   0.00    -0.04   0.09   0.02
    44   7    -0.01  -0.02  -0.02    -0.02   0.05  -0.02    -0.04  -0.08  -0.01
    45   6     0.03  -0.02  -0.01    -0.12   0.05  -0.01     0.11  -0.07   0.01
    46   1     0.03  -0.03   0.01    -0.16   0.08  -0.01     0.17  -0.13   0.02
    47   1     0.06  -0.02   0.00    -0.15   0.08  -0.01     0.14  -0.09   0.01
    48   6     0.04   0.00  -0.01    -0.12  -0.04   0.01     0.11   0.08  -0.01
    49   1     0.06   0.01  -0.01    -0.16  -0.07   0.02     0.17   0.13  -0.02
    50   1     0.03   0.01   0.00    -0.15  -0.07   0.02     0.15   0.12  -0.02
                    25                     26                     27
                     A                      A                      A
 Frequencies --   382.7949               384.9426               400.5837
 Red. masses --     3.1406                 3.1095                 2.4504
 Frc consts  --     0.2711                 0.2715                 0.2317
 IR Inten    --     7.5173                34.4682                 3.0163
  Atom  AN      X      Y      Z        X      Y      Z        X      Y      Z
     1   6    -0.05   0.02  -0.08    -0.01  -0.03   0.06    -0.07   0.03  -0.06
     2   6    -0.02  -0.01   0.03     0.01   0.00   0.03    -0.05  -0.01   0.01
     3   6     0.04  -0.01   0.01    -0.05  -0.01  -0.01    -0.03   0.00  -0.01
     4   6     0.03   0.02  -0.06    -0.07  -0.03   0.02    -0.03   0.02   0.00
     5   6     0.02   0.03  -0.10    -0.07  -0.02   0.11    -0.05   0.01   0.00
     6   6     0.06  -0.04   0.02    -0.03   0.02  -0.07    -0.01   0.01  -0.03
     7   6     0.06  -0.02   0.10    -0.01   0.03  -0.09    -0.01  -0.01   0.01
     8   6    -0.01  -0.03   0.07     0.03   0.02  -0.06    -0.04  -0.02   0.05
     9   6     0.03  -0.06  -0.06    -0.01   0.06   0.03     0.03   0.03   0.00
    10   6     0.01   0.00   0.01    -0.02   0.01   0.01     0.03   0.03   0.00
    11   6     0.01   0.04   0.03    -0.03  -0.06  -0.06     0.02   0.00  -0.01
    12   1     0.02  -0.08  -0.09     0.00   0.09   0.11     0.05   0.06   0.02
    13   1    -0.03   0.01   0.03     0.03   0.02   0.04     0.04   0.03   0.02
    14   1     0.00   0.06   0.08    -0.02  -0.09  -0.09     0.05  -0.05  -0.03
    15   6    -0.14  -0.04   0.01    -0.05  -0.12   0.00     0.02   0.17  -0.07
    16   1    -0.15  -0.12   0.13    -0.04  -0.20   0.09    -0.01   0.30  -0.20
    17   1    -0.28  -0.06  -0.06    -0.12  -0.16  -0.08     0.17   0.23   0.06
    18   6    -0.03   0.02   0.03     0.02  -0.04  -0.02     0.01   0.01   0.00
    19   1    -0.06   0.07   0.06     0.01   0.00   0.02     0.12  -0.11  -0.08
    20   1     0.03   0.09   0.05     0.07   0.01   0.00    -0.06  -0.06   0.12
    21   1     0.04  -0.04  -0.03     0.09  -0.09  -0.07    -0.02   0.02   0.03
    22   6    -0.01   0.16  -0.02    -0.15   0.06   0.01     0.03  -0.15   0.07
    23   1     0.04   0.24  -0.14    -0.15   0.10  -0.12    -0.03  -0.26   0.24
    24   1    -0.09   0.27   0.07    -0.29   0.10   0.05     0.21  -0.27  -0.03
    25   6     0.05   0.05   0.04    -0.02  -0.02  -0.03     0.01   0.00   0.00
    26   1     0.08   0.05   0.07     0.00  -0.04  -0.06    -0.01  -0.02  -0.11
    27   1     0.10   0.03   0.09     0.07  -0.02   0.05     0.01   0.07  -0.03
    28   1     0.05  -0.01  -0.05     0.00  -0.07  -0.14     0.03   0.07   0.09
    29   6     0.17   0.07   0.00     0.03   0.17  -0.02     0.06   0.11  -0.04
    30   1     0.30   0.12   0.07     0.13   0.27   0.09     0.19   0.17   0.05
    31   1     0.18   0.15  -0.14     0.00   0.29  -0.16     0.04   0.20  -0.16
    32   6     0.02  -0.03  -0.03    -0.04   0.03   0.03     0.01  -0.01  -0.01
    33   1     0.05  -0.06  -0.07     0.00  -0.04  -0.04     0.07  -0.07  -0.07
    34   1    -0.11   0.03   0.05    -0.13   0.05   0.13    -0.06   0.01   0.05
    35   1    -0.02  -0.15  -0.10    -0.07  -0.06   0.03    -0.02  -0.09   0.02
    36   6     0.03  -0.12   0.02     0.12  -0.05   0.01     0.01  -0.11   0.05
    37   1     0.01  -0.20   0.11     0.11  -0.12   0.13    -0.02  -0.21   0.14
    38   1     0.11  -0.18  -0.06     0.25  -0.08  -0.06     0.11  -0.17  -0.04
    39   6    -0.02  -0.04  -0.02     0.02   0.01   0.02     0.00  -0.02  -0.01
    40   1    -0.06   0.01  -0.03    -0.03   0.08   0.03    -0.04   0.02  -0.08
    41   1     0.01   0.01   0.02     0.06   0.06   0.05     0.07   0.06   0.04
    42   1    -0.07  -0.08  -0.06    -0.05  -0.05  -0.03    -0.02  -0.03  -0.03
    43   7    -0.04  -0.01   0.02     0.02   0.00  -0.01    -0.04   0.02   0.03
    44   7    -0.02  -0.01  -0.02     0.04  -0.02   0.03    -0.03  -0.04  -0.01
    45   6    -0.08   0.00   0.00     0.10  -0.04   0.02     0.02  -0.04   0.00
    46   1    -0.10   0.01  -0.01     0.11  -0.05   0.03     0.04  -0.07   0.01
    47   1    -0.11   0.02  -0.01     0.14  -0.05   0.02     0.02  -0.05   0.01
    48   6    -0.09  -0.02   0.01     0.10   0.01  -0.01     0.02   0.01   0.01
    49   1    -0.09  -0.03   0.02     0.12   0.02  -0.01     0.05   0.03   0.00
    50   1    -0.12  -0.04   0.02     0.12   0.03  -0.01     0.04   0.02   0.00
                    28                     29                     30
                     A                      A                      A
 Frequencies --   409.7055               450.4017               468.9946
 Red. masses --     4.3390                 5.1370                 4.8446
 Frc consts  --     0.4291                 0.6140                 0.6278
 IR Inten    --    13.4855                20.8927                50.4739
  Atom  AN      X      Y      Z        X      Y      Z        X      Y      Z
     1   6    -0.08  -0.01  -0.03     0.05  -0.02   0.20    -0.04   0.09   0.03
     2   6     0.01  -0.03   0.06     0.01   0.08   0.03    -0.02   0.00  -0.01
     3   6     0.01   0.00  -0.03     0.01   0.06  -0.08     0.10   0.00   0.01
     4   6    -0.06   0.07  -0.09     0.02   0.02  -0.07     0.09   0.13   0.16
     5   6    -0.12   0.01   0.03    -0.01  -0.02   0.19     0.02   0.10   0.15
     6   6     0.07   0.07  -0.08    -0.01   0.01  -0.10     0.09  -0.13  -0.15
     7   6     0.13   0.01   0.05     0.03  -0.01   0.19     0.01  -0.11  -0.15
     8   6     0.12  -0.01  -0.05    -0.06   0.00   0.23    -0.04  -0.09  -0.04
     9   6     0.03   0.10  -0.07    -0.01   0.04  -0.06     0.09  -0.14   0.11
    10   6     0.01   0.18   0.04    -0.02   0.04   0.08     0.08   0.00   0.01
    11   6    -0.03   0.11  -0.05     0.02   0.02  -0.07     0.10   0.13  -0.13
    12   1    -0.01   0.04  -0.05     0.00   0.07   0.04     0.07  -0.15   0.29
    13   1     0.01   0.19   0.15    -0.02   0.07   0.24    -0.08   0.01   0.03
    14   1     0.01   0.06  -0.01     0.00   0.06   0.01     0.09   0.14  -0.31
    15   6    -0.06   0.04  -0.05     0.12  -0.07  -0.01    -0.11   0.04  -0.06
    16   1    -0.07   0.05  -0.04     0.15  -0.06  -0.08    -0.10  -0.04   0.02
    17   1    -0.04   0.04  -0.04     0.23  -0.10  -0.01    -0.18   0.03  -0.09
    18   6     0.01  -0.02  -0.01     0.07  -0.06  -0.07     0.01  -0.01   0.00
    19   1     0.07  -0.06  -0.03     0.09  -0.07  -0.07     0.07  -0.05  -0.02
    20   1     0.00  -0.01   0.10     0.05  -0.09  -0.07     0.03   0.04   0.16
    21   1     0.05  -0.05  -0.03     0.05  -0.04  -0.05     0.09  -0.09  -0.05
    22   6    -0.10  -0.04   0.08    -0.09  -0.02  -0.01     0.02   0.02  -0.06
    23   1    -0.14  -0.07   0.09    -0.10   0.00  -0.09    -0.01   0.00  -0.10
    24   1    -0.07  -0.07   0.06    -0.23  -0.02   0.00    -0.04   0.02  -0.07
    25   6     0.03   0.01   0.00    -0.06  -0.05  -0.06    -0.07  -0.04  -0.05
    26   1     0.03  -0.03  -0.14    -0.07  -0.04  -0.04    -0.06   0.00   0.10
    27   1     0.13   0.09   0.07    -0.05  -0.08  -0.04    -0.15  -0.14  -0.10
    28   1     0.06   0.02  -0.04    -0.06  -0.06  -0.09    -0.10  -0.07  -0.03
    29   6     0.07  -0.15   0.11     0.11  -0.06   0.00     0.00  -0.03   0.07
    30   1    -0.06  -0.23   0.01     0.18  -0.09  -0.02    -0.03  -0.02   0.07
    31   1     0.11  -0.26   0.22     0.15  -0.07  -0.04    -0.05   0.01   0.09
    32   6    -0.04   0.02   0.01     0.06  -0.05  -0.06    -0.06   0.05   0.05
    33   1    -0.19   0.13   0.12     0.08  -0.04  -0.05    -0.15   0.10   0.11
    34   1    -0.06   0.05  -0.02     0.04  -0.03  -0.07    -0.12   0.08   0.06
    35   1    -0.01   0.06  -0.21     0.06  -0.08  -0.08    -0.06   0.03  -0.10
    36   6     0.06   0.10  -0.08    -0.13  -0.07  -0.01    -0.10  -0.03   0.05
    37   1     0.10   0.17  -0.13    -0.17  -0.08  -0.08    -0.08   0.05  -0.02
    38   1    -0.02   0.14  -0.02    -0.25  -0.12  -0.01    -0.17  -0.01   0.09
    39   6    -0.02  -0.01  -0.01    -0.07  -0.07  -0.07     0.01   0.02   0.00
    40   1     0.02  -0.02   0.16    -0.05  -0.10  -0.08     0.03  -0.04  -0.15
    41   1    -0.12  -0.10  -0.06    -0.09  -0.08  -0.07     0.07   0.06   0.03
    42   1    -0.05  -0.04  -0.03    -0.05  -0.05  -0.06     0.09   0.09   0.05
    43   7    -0.02  -0.09   0.03     0.01   0.05  -0.04    -0.04   0.00  -0.03
    44   7     0.04  -0.07   0.03     0.00   0.05  -0.04    -0.04  -0.01   0.02
    45   6    -0.01  -0.11   0.04    -0.01   0.10  -0.05    -0.01  -0.01   0.02
    46   1    -0.04  -0.08   0.03    -0.01   0.11  -0.06    -0.02  -0.01   0.02
    47   1    -0.02  -0.09   0.03    -0.02   0.08  -0.05     0.00   0.00   0.02
    48   6    -0.02  -0.13   0.03    -0.02   0.08  -0.03    -0.01   0.01  -0.01
    49   1    -0.03  -0.11   0.02    -0.02   0.07  -0.02    -0.02  -0.01   0.00
    50   1    -0.01  -0.13   0.02    -0.04   0.08  -0.02    -0.01   0.01  -0.01
                    31                     32                     33
                     A                      A                      A
 Frequencies --   502.0021               536.1134               539.8286
 Red. masses --     4.8889                 5.0419                 4.4973
 Frc consts  --     0.7259                 0.8538                 0.7722
 IR Inten    --     0.7277               110.1425                11.9934
  Atom  AN      X      Y      Z        X      Y      Z        X      Y      Z
     1   6     0.07  -0.02   0.07    -0.02  -0.03  -0.10     0.02   0.00   0.03
     2   6     0.00  -0.08  -0.06     0.08   0.05   0.32    -0.11   0.01   0.04
     3   6     0.01   0.02   0.03     0.04  -0.04  -0.20    -0.07   0.01  -0.02
     4   6     0.01   0.11   0.00     0.00   0.03   0.02    -0.01  -0.09   0.14
     5   6     0.06   0.01  -0.06    -0.01  -0.02  -0.03     0.12  -0.01   0.01
     6   6     0.00   0.10   0.01    -0.01  -0.04  -0.17    -0.02   0.10  -0.16
     7   6    -0.06   0.02  -0.05    -0.01   0.03   0.00     0.10  -0.01  -0.04
     8   6    -0.08  -0.01   0.07    -0.02   0.04   0.12     0.02  -0.02  -0.05
     9   6     0.02   0.16  -0.02     0.02   0.07   0.21    -0.11   0.17   0.04
    10   6     0.00   0.23  -0.04    -0.05  -0.02  -0.21    -0.04   0.01  -0.04
    11   6    -0.01   0.17  -0.02     0.02   0.01   0.14    -0.10  -0.13   0.01
    12   1     0.00   0.12  -0.06     0.02   0.12   0.60    -0.09   0.21   0.21
    13   1    -0.01   0.22  -0.08    -0.05  -0.02  -0.22     0.15   0.00  -0.04
    14   1     0.00   0.15  -0.06     0.02   0.04   0.33    -0.09  -0.16  -0.09
    15   6     0.09  -0.11   0.06    -0.03   0.01   0.01     0.05   0.00   0.01
    16   1     0.13  -0.18   0.09    -0.06   0.04   0.03     0.04   0.06  -0.05
    17   1     0.04  -0.14   0.00    -0.07   0.04   0.02     0.12   0.01   0.05
    18   6     0.01  -0.02  -0.02    -0.03   0.02   0.03     0.01   0.00   0.00
    19   1    -0.07   0.05   0.02    -0.04   0.03   0.04     0.00   0.01   0.01
    20   1     0.03  -0.03  -0.17    -0.03   0.02   0.01     0.00  -0.02  -0.05
    21   1    -0.03   0.02   0.01    -0.03   0.03   0.03    -0.02   0.03   0.01
    22   6     0.11   0.05  -0.07    -0.02   0.00   0.01     0.18   0.04  -0.09
    23   1     0.13   0.08  -0.06     0.00   0.02  -0.01     0.20   0.07  -0.08
    24   1     0.10   0.09  -0.04    -0.04   0.02   0.03     0.15   0.05  -0.08
    25   6     0.01   0.01   0.02     0.00   0.01   0.01     0.01   0.01   0.01
    26   1     0.02   0.05   0.15     0.00  -0.01  -0.03     0.01   0.07   0.22
    27   1    -0.08  -0.06  -0.05     0.03   0.03   0.02    -0.17  -0.11  -0.11
    28   1    -0.03  -0.01   0.05     0.01   0.01  -0.01    -0.06   0.00   0.10
    29   6    -0.12   0.07  -0.07    -0.06   0.00  -0.03     0.18  -0.06   0.10
    30   1    -0.11   0.10  -0.04    -0.08  -0.01  -0.05     0.14  -0.07   0.09
    31   1    -0.14   0.09  -0.08    -0.05  -0.04   0.01     0.17  -0.06   0.10
    32   6     0.00   0.01   0.01     0.01  -0.01  -0.01     0.00   0.01   0.00
    33   1     0.10  -0.06  -0.06     0.05  -0.02  -0.03    -0.16   0.08   0.08
    34   1     0.07  -0.04  -0.01     0.06  -0.04  -0.03    -0.14   0.08   0.06
    35   1    -0.01   0.03   0.20     0.01   0.03   0.09    -0.01  -0.06  -0.29
    36   6    -0.10  -0.10   0.06    -0.02  -0.01  -0.01     0.02  -0.01   0.00
    37   1    -0.14  -0.17   0.10    -0.05  -0.03  -0.04     0.02  -0.05   0.06
    38   1    -0.05  -0.14   0.01    -0.07  -0.03  -0.02     0.09  -0.02  -0.03
    39   6    -0.01  -0.02  -0.02    -0.02  -0.02  -0.03     0.01   0.00   0.01
    40   1    -0.03  -0.04  -0.17    -0.02  -0.02   0.00     0.00   0.01   0.00
    41   1     0.07   0.04   0.02    -0.04  -0.03  -0.03     0.03   0.01   0.01
    42   1     0.03   0.02   0.01    -0.04  -0.03  -0.03     0.01   0.00   0.01
    43   7     0.04  -0.10   0.01     0.06  -0.05  -0.03    -0.05   0.06  -0.05
    44   7    -0.05  -0.09   0.00     0.06   0.01  -0.06    -0.05  -0.07   0.03
    45   6    -0.01  -0.16   0.04     0.00   0.03  -0.03    -0.07  -0.06   0.03
    46   1    -0.01  -0.17   0.05    -0.05   0.04   0.00    -0.04  -0.07   0.01
    47   1     0.00  -0.13   0.04     0.01   0.06  -0.01    -0.07  -0.09   0.02
    48   6     0.01  -0.17   0.02     0.00  -0.08   0.01    -0.07   0.05  -0.01
    49   1     0.00  -0.16   0.02     0.03  -0.09   0.03    -0.08   0.06  -0.02
    50   1     0.02  -0.17   0.02    -0.04  -0.05   0.04    -0.02   0.08  -0.03
                    34                     35                     36
                     A                      A                      A
 Frequencies --   552.1251               567.6421               621.1347
 Red. masses --     5.3024                 3.7512                 2.6730
 Frc consts  --     0.9524                 0.7121                 0.6076
 IR Inten    --   136.5712                 1.2856                 5.9191
  Atom  AN      X      Y      Z        X      Y      Z        X      Y      Z
     1   6    -0.02  -0.04  -0.19    -0.02   0.13   0.15     0.10   0.12   0.01
     2   6     0.10  -0.06  -0.18    -0.03  -0.05   0.07     0.06  -0.01   0.00
     3   6     0.03  -0.01   0.09     0.00  -0.08  -0.06    -0.11  -0.01   0.00
     4   6    -0.02   0.01   0.27     0.01  -0.03  -0.06    -0.12   0.00   0.01
     5   6     0.01  -0.01   0.00     0.06   0.12   0.13    -0.06   0.12  -0.03
     6   6     0.00  -0.02  -0.17     0.01  -0.01   0.03    -0.10  -0.01  -0.02
     7   6     0.00   0.09   0.07    -0.02   0.11   0.11    -0.05  -0.10   0.02
     8   6     0.01   0.11   0.22     0.02   0.10   0.05     0.08  -0.09   0.02
     9   6     0.00   0.05  -0.03     0.01  -0.05  -0.03     0.04   0.02   0.00
    10   6    -0.07  -0.01   0.11     0.00  -0.03   0.03     0.08   0.00   0.00
    11   6    -0.01  -0.12  -0.15    -0.02  -0.04   0.00     0.02  -0.03   0.01
    12   1    -0.01   0.06   0.05    -0.01  -0.07   0.00     0.10   0.12   0.01
    13   1    -0.01  -0.01   0.12     0.00  -0.02   0.12     0.10   0.00  -0.01
    14   1    -0.01  -0.17  -0.52    -0.02  -0.03   0.14     0.09  -0.15  -0.01
    15   6    -0.06   0.03   0.00    -0.11   0.07  -0.09     0.03   0.00   0.01
    16   1    -0.10   0.07   0.05    -0.06  -0.04  -0.04     0.10  -0.27   0.21
    17   1    -0.15   0.08   0.01    -0.13   0.03  -0.13    -0.25  -0.05  -0.15
    18   6    -0.04   0.04   0.05     0.02  -0.02  -0.03     0.00  -0.01  -0.01
    19   1    -0.06   0.05   0.05     0.14  -0.13  -0.09    -0.04  -0.05  -0.07
    20   1    -0.04   0.05   0.04     0.02   0.03   0.26     0.00  -0.01  -0.03
    21   1    -0.05   0.04   0.05     0.14  -0.15  -0.09    -0.03  -0.03   0.08
    22   6     0.01   0.01  -0.01     0.14   0.03  -0.09     0.00   0.01  -0.01
    23   1     0.02   0.03  -0.01     0.09  -0.04  -0.04    -0.12  -0.19   0.18
    24   1     0.01   0.02   0.00     0.15  -0.02  -0.12     0.26  -0.12  -0.12
    25   6     0.01   0.01   0.01    -0.02  -0.02  -0.03     0.00  -0.01   0.00
    26   1     0.01   0.01   0.02    -0.02   0.04   0.22     0.03  -0.01   0.06
    27   1     0.01   0.01   0.01    -0.21  -0.16  -0.15    -0.01  -0.03   0.00
    28   1     0.01   0.00   0.01    -0.10  -0.04   0.06    -0.03  -0.05  -0.01
    29   6    -0.06   0.01  -0.03    -0.10   0.03  -0.06     0.00   0.00   0.00
    30   1    -0.12  -0.03  -0.08    -0.14   0.00  -0.11     0.22   0.08   0.11
    31   1    -0.01  -0.09   0.03    -0.03  -0.06  -0.02    -0.07   0.18  -0.17
    32   6     0.01  -0.01  -0.02     0.02  -0.02  -0.02     0.00   0.00   0.00
    33   1     0.07  -0.05  -0.05     0.13  -0.08  -0.09     0.02   0.03   0.03
    34   1     0.08  -0.06  -0.04     0.12  -0.08  -0.06     0.00   0.02  -0.04
    35   1     0.02   0.03   0.11     0.02   0.03   0.20     0.00   0.00   0.00
    36   6     0.04   0.02  -0.06     0.12   0.06  -0.07     0.03   0.00  -0.01
    37   1    -0.02  -0.07  -0.07     0.08  -0.05   0.02     0.08   0.20  -0.19
    38   1    -0.02  -0.04  -0.10     0.21   0.03  -0.12    -0.21   0.05   0.11
    39   6    -0.04  -0.05  -0.05     0.00  -0.01   0.00     0.00   0.01   0.00
    40   1    -0.05   0.00   0.15    -0.01   0.06   0.21     0.00   0.01   0.03
    41   1    -0.14  -0.13  -0.10    -0.09  -0.09  -0.05    -0.04   0.04   0.05
    42   1    -0.13  -0.14  -0.09    -0.09  -0.11  -0.04    -0.03   0.01  -0.07
    43   7     0.07  -0.03   0.06    -0.02  -0.01  -0.03     0.08   0.01  -0.02
    44   7     0.08   0.04   0.02    -0.03  -0.04  -0.01     0.07  -0.02   0.01
    45   6     0.00   0.05  -0.02    -0.02  -0.08   0.02    -0.08   0.03   0.00
    46   1    -0.01   0.08  -0.06    -0.02  -0.09   0.04    -0.11   0.07  -0.03
    47   1    -0.04   0.00  -0.03     0.01  -0.06   0.03    -0.14   0.03  -0.02
    48   6     0.00  -0.08   0.02     0.00  -0.05  -0.01    -0.08  -0.02   0.01
    49   1    -0.02  -0.04   0.00     0.01  -0.04   0.00    -0.14  -0.04   0.00
    50   1    -0.02  -0.12   0.01     0.01  -0.03   0.00    -0.11  -0.08   0.00
                    37                     38                     39
                     A                      A                      A
 Frequencies --   638.4569               644.8374               667.6554
 Red. masses --     3.1405                 3.8757                 5.1258
 Frc consts  --     0.7542                 0.9495                 1.3462
 IR Inten    --     5.4653               294.0477                 8.9718
  Atom  AN      X      Y      Z        X      Y      Z        X      Y      Z
     1   6    -0.08  -0.08   0.01     0.05  -0.03  -0.05    -0.06   0.04   0.27
     2   6     0.01   0.08  -0.03    -0.13   0.01   0.02     0.00  -0.02  -0.15
     3   6    -0.01   0.13  -0.03    -0.05   0.00   0.01     0.00   0.04   0.21
     4   6     0.11   0.03  -0.01     0.01   0.05   0.08    -0.01  -0.02  -0.12
     5   6     0.05  -0.08   0.04    -0.03  -0.01  -0.08    -0.04  -0.04  -0.19
     6   6    -0.13   0.04   0.00     0.01  -0.05  -0.11     0.02  -0.03  -0.12
     7   6    -0.06  -0.10   0.04    -0.03   0.01   0.10     0.04  -0.03  -0.18
     8   6     0.10  -0.11   0.02     0.06   0.03   0.06     0.04   0.05   0.23
     9   6    -0.10   0.05  -0.03     0.02  -0.15   0.03     0.01   0.00   0.13
    10   6     0.00  -0.09   0.01     0.08   0.00  -0.02    -0.01  -0.03  -0.06
    11   6     0.10   0.04  -0.02     0.02   0.14  -0.02     0.00   0.01   0.13
    12   1     0.00   0.20  -0.01     0.00  -0.15   0.28     0.00  -0.03  -0.01
    13   1     0.01  -0.07   0.10    -0.07   0.02   0.10    -0.01  -0.09  -0.50
    14   1     0.02   0.17   0.02     0.01   0.15  -0.13     0.01  -0.02  -0.02
    15   6    -0.06   0.02  -0.02     0.13  -0.08   0.08    -0.05   0.02  -0.04
    16   1    -0.11   0.22  -0.19     0.13  -0.06   0.06     0.00   0.02  -0.14
    17   1     0.16   0.06   0.10     0.14  -0.08   0.10     0.12  -0.02  -0.03
    18   6    -0.01   0.01   0.01     0.02  -0.01   0.00     0.02  -0.03  -0.05
    19   1     0.06   0.02   0.05    -0.12   0.10   0.06     0.15  -0.10  -0.07
    20   1     0.00   0.03   0.09     0.02  -0.07  -0.31     0.02   0.02   0.20
    21   1     0.05   0.00  -0.08    -0.11   0.12   0.07     0.13  -0.13  -0.13
    22   6     0.05   0.01  -0.02    -0.04  -0.01   0.02    -0.02  -0.01   0.00
    23   1     0.15   0.16  -0.17    -0.05  -0.03   0.05     0.01   0.01   0.04
    24   1    -0.16   0.11   0.06     0.03  -0.01   0.01     0.06   0.01   0.02
    25   6     0.00   0.01   0.00     0.00   0.00   0.01     0.02   0.02   0.04
    26   1    -0.02   0.03   0.03     0.01  -0.02  -0.06     0.03   0.00  -0.06
    27   1    -0.05  -0.01  -0.04     0.06   0.05   0.05     0.09   0.08   0.09
    28   1     0.00   0.03   0.04     0.03   0.01  -0.02     0.05   0.03   0.00
    29   6    -0.05   0.02  -0.03    -0.04   0.01  -0.03     0.02  -0.01   0.02
    30   1     0.21   0.11   0.10     0.06   0.02  -0.01    -0.06   0.00   0.02
    31   1    -0.12   0.23  -0.23    -0.03   0.04  -0.08    -0.02   0.00   0.06
    32   6    -0.01   0.01   0.01     0.00  -0.01  -0.01    -0.02   0.02   0.03
    33   1     0.06   0.02   0.01     0.08  -0.03  -0.04    -0.09   0.05   0.06
    34   1     0.05   0.00  -0.06     0.06  -0.03  -0.05    -0.08   0.05   0.06
    35   1     0.00   0.03   0.11     0.00   0.01   0.12    -0.02   0.00  -0.09
    36   6     0.06   0.01  -0.02     0.14   0.07  -0.08     0.05   0.02  -0.03
    37   1     0.13   0.24  -0.24     0.14   0.05  -0.07     0.00   0.00  -0.11
    38   1    -0.22   0.08   0.12     0.13   0.06  -0.10    -0.08  -0.02  -0.04
    39   6     0.01   0.01   0.01     0.02   0.01   0.00    -0.02  -0.03  -0.04
    40   1     0.00   0.04   0.08     0.01   0.09   0.31    -0.02   0.03   0.18
    41   1    -0.06   0.04   0.06    -0.13  -0.10  -0.05    -0.13  -0.09  -0.07
    42   1    -0.05   0.00  -0.10    -0.12  -0.12  -0.07    -0.11  -0.12  -0.10
    43   7    -0.07  -0.02   0.01    -0.10   0.06  -0.03    -0.04   0.00  -0.01
    44   7     0.09  -0.03   0.00    -0.10  -0.06   0.00     0.02   0.00   0.00
    45   6     0.02  -0.06   0.01    -0.02  -0.12   0.04     0.01   0.01  -0.01
    46   1    -0.03  -0.01   0.00     0.05  -0.16   0.04     0.01   0.02  -0.02
    47   1    -0.03  -0.03   0.00     0.00  -0.10   0.04     0.00   0.01  -0.01
    48   6    -0.04  -0.06   0.01    -0.01   0.13  -0.02     0.00   0.01  -0.01
    49   1    -0.02  -0.03   0.00     0.00   0.12  -0.02     0.01   0.02  -0.01
    50   1     0.01  -0.03   0.00     0.05   0.15  -0.04     0.02   0.03  -0.01
                    40                     41                     42
                     A                      A                      A
 Frequencies --   673.9365               701.6749               726.3707
 Red. masses --     1.4133                 5.5270                 4.3759
 Frc consts  --     0.3782                 1.6033                 1.3603
 IR Inten    --   102.4232                 2.2890                13.5705
  Atom  AN      X      Y      Z        X      Y      Z        X      Y      Z
     1   6     0.00   0.00  -0.01    -0.06   0.01   0.26    -0.04  -0.01   0.12
     2   6     0.01  -0.01  -0.05     0.01   0.01   0.01    -0.01   0.02   0.10
     3   6     0.00   0.01   0.11    -0.03   0.01  -0.03     0.00  -0.07  -0.20
     4   6     0.00  -0.01  -0.03    -0.04   0.06   0.18    -0.04   0.01   0.21
     5   6     0.00   0.00   0.01    -0.06  -0.05  -0.27    -0.02  -0.05  -0.14
     6   6     0.01   0.00  -0.02    -0.06  -0.04  -0.12     0.05   0.02   0.23
     7   6     0.00   0.00   0.00    -0.06   0.06   0.25     0.03  -0.06  -0.19
     8   6     0.00   0.00  -0.01    -0.06  -0.02  -0.24     0.04   0.00   0.15
     9   6     0.00   0.00  -0.02     0.01  -0.02  -0.03     0.05  -0.03  -0.10
    10   6     0.00  -0.01  -0.13     0.01  -0.02   0.01     0.00   0.07  -0.02
    11   6    -0.01  -0.01  -0.01     0.04   0.02  -0.01    -0.05  -0.03  -0.10
    12   1     0.00   0.06   0.39     0.04   0.07   0.26     0.00  -0.09  -0.05
    13   1     0.00   0.12   0.80    -0.03  -0.01   0.11    -0.01   0.17   0.65
    14   1    -0.01   0.04   0.39     0.05  -0.04  -0.27    -0.01  -0.08  -0.03
    15   6    -0.01   0.01   0.00    -0.04   0.01  -0.02    -0.02  -0.01  -0.01
    16   1     0.00  -0.01   0.01     0.01   0.01  -0.12    -0.01   0.08  -0.14
    17   1    -0.02   0.00  -0.01     0.12  -0.03  -0.01     0.14   0.01   0.07
    18   6     0.00   0.00   0.00     0.01  -0.02  -0.04     0.00  -0.01  -0.02
    19   1     0.00  -0.01   0.00     0.11  -0.06  -0.04     0.05   0.02   0.03
    20   1     0.00   0.00   0.01     0.02   0.03   0.15     0.02   0.03   0.06
    21   1     0.00   0.00   0.01     0.11  -0.10  -0.12     0.07  -0.03  -0.11
    22   6     0.00   0.00   0.00     0.00   0.01  -0.03     0.00  -0.01  -0.02
    23   1     0.00   0.00   0.00     0.03   0.01   0.06     0.04   0.02   0.01
    24   1     0.00   0.00   0.00     0.15   0.02  -0.03     0.05   0.02   0.00
    25   6     0.00   0.00   0.00     0.04   0.04   0.07     0.02   0.02   0.04
    26   1     0.00   0.00   0.00     0.06   0.02   0.02     0.02   0.01   0.00
    27   1     0.00   0.00   0.00     0.09   0.08   0.11     0.05   0.04   0.06
    28   1     0.00   0.00   0.00     0.05   0.02   0.02     0.03   0.02   0.02
    29   6     0.00   0.00   0.00     0.02  -0.01   0.02    -0.01   0.00  -0.01
    30   1     0.00   0.00   0.00     0.12  -0.04   0.00    -0.06   0.03   0.02
    31   1     0.00  -0.01   0.00     0.08  -0.03  -0.03    -0.06   0.04   0.00
    32   6     0.00   0.00   0.00     0.03  -0.03  -0.06    -0.02   0.02   0.04
    33   1     0.00   0.00   0.00     0.08  -0.04  -0.06    -0.06   0.04   0.06
    34   1     0.00   0.00   0.00     0.07  -0.05  -0.08    -0.05   0.04   0.05
    35   1     0.00   0.00   0.00     0.03  -0.02   0.02    -0.02   0.01  -0.03
    36   6    -0.01   0.00   0.00    -0.05   0.00   0.02     0.03  -0.01  -0.01
    37   1    -0.01  -0.01   0.01    -0.01  -0.02   0.14     0.01   0.06  -0.16
    38   1     0.00   0.00   0.00     0.14   0.03  -0.01    -0.15   0.01   0.07
    39   6     0.00   0.00   0.00     0.01   0.02   0.04     0.00  -0.01  -0.02
    40   1     0.00  -0.01  -0.01     0.02  -0.04  -0.14    -0.03   0.04   0.08
    41   1     0.01   0.00   0.00     0.11   0.05   0.02    -0.07   0.01   0.03
    42   1     0.01   0.01   0.01     0.11   0.10   0.13    -0.09  -0.05  -0.13
    43   7     0.01   0.00   0.01    -0.01  -0.08  -0.03    -0.02   0.00  -0.04
    44   7     0.00   0.01   0.01    -0.01   0.09   0.04     0.02  -0.01  -0.04
    45   6     0.00   0.01   0.00     0.07   0.07  -0.02     0.00   0.04  -0.02
    46   1     0.00   0.01  -0.01    -0.02   0.09   0.04    -0.01   0.03   0.01
    47   1     0.00   0.00   0.00     0.15   0.09   0.00     0.02   0.07  -0.01
    48   6     0.00   0.00   0.00     0.07  -0.10  -0.01    -0.01   0.05  -0.02
    49   1     0.00   0.00   0.00     0.13  -0.15   0.05     0.02   0.02   0.01
    50   1     0.00  -0.01   0.00     0.00  -0.04   0.05    -0.02   0.08   0.00
                    43                     44                     45
                     A                      A                      A
 Frequencies --   737.4691               746.7011               779.3314
 Red. masses --     2.9547                 3.2809                 1.6944
 Frc consts  --     0.9468                 1.0778                 0.6063
 IR Inten    --     4.4462               598.4330               477.0207
  Atom  AN      X      Y      Z        X      Y      Z        X      Y      Z
     1   6    -0.03  -0.05  -0.01     0.01   0.03   0.07     0.03   0.03   0.01
     2   6     0.00  -0.03  -0.01     0.07   0.00  -0.01    -0.04   0.01   0.01
     3   6     0.01  -0.08   0.06     0.09   0.01  -0.01     0.03   0.01   0.00
     4   6    -0.06  -0.06  -0.03     0.04   0.03   0.03     0.07  -0.05   0.02
     5   6     0.03  -0.05   0.05     0.03  -0.02  -0.09     0.03  -0.01  -0.03
     6   6     0.09  -0.05  -0.06     0.04  -0.03   0.00     0.07   0.06  -0.02
     7   6     0.00  -0.04   0.10     0.07   0.03   0.06     0.03   0.01   0.02
     8   6     0.04  -0.08  -0.05     0.00  -0.03  -0.07     0.03  -0.02   0.00
     9   6     0.10  -0.01   0.02     0.03   0.06  -0.01    -0.07   0.01  -0.01
    10   6     0.00   0.20  -0.02    -0.11  -0.03   0.00     0.05  -0.01   0.00
    11   6    -0.13  -0.03   0.03     0.05  -0.05   0.00    -0.06  -0.01   0.01
    12   1     0.00  -0.15   0.06     0.02   0.05  -0.01    -0.10  -0.03   0.09
    13   1     0.03   0.17  -0.21    -0.11  -0.02   0.05     0.16  -0.02   0.00
    14   1    -0.05  -0.16   0.01     0.02  -0.01   0.01    -0.09   0.04  -0.11
    15   6    -0.05  -0.02  -0.01    -0.01   0.02  -0.02     0.02   0.07  -0.02
    16   1    -0.06   0.18  -0.23     0.00  -0.03   0.03     0.00  -0.16   0.30
    17   1     0.16   0.07   0.17    -0.05  -0.01  -0.08    -0.21  -0.10  -0.29
    18   6    -0.01   0.00   0.01     0.00   0.00  -0.01     0.01   0.02   0.00
    19   1     0.03   0.09   0.12     0.06  -0.08  -0.08    -0.01  -0.18  -0.22
    20   1     0.03   0.06   0.04    -0.02   0.01   0.13    -0.08  -0.07   0.06
    21   1     0.08   0.00  -0.14     0.03  -0.06   0.01    -0.11  -0.01   0.25
    22   6     0.05  -0.01  -0.02    -0.08  -0.03   0.06    -0.03  -0.01   0.04
    23   1     0.10   0.08  -0.11    -0.04   0.03   0.00    -0.01   0.03  -0.02
    24   1    -0.07   0.04   0.03    -0.11   0.03   0.11    -0.07   0.05   0.09
    25   6     0.01   0.01   0.00    -0.03  -0.02  -0.01    -0.02  -0.02  -0.02
    26   1    -0.01   0.03   0.05    -0.05  -0.07  -0.23    -0.05  -0.04  -0.16
    27   1    -0.06  -0.02  -0.05     0.11   0.10   0.08     0.05   0.05   0.02
    28   1     0.00   0.03   0.06     0.06   0.03  -0.06     0.04   0.03  -0.03
    29   6    -0.08   0.01  -0.04    -0.07   0.05  -0.05    -0.02   0.02  -0.03
    30   1     0.08   0.06   0.03    -0.15  -0.03  -0.13    -0.06  -0.03  -0.09
    31   1    -0.07   0.09  -0.18    -0.01  -0.08   0.06    -0.01  -0.04   0.04
    32   6    -0.03   0.01   0.01    -0.02   0.02   0.01    -0.01   0.01   0.01
    33   1     0.09   0.01   0.01     0.07  -0.08  -0.09     0.04  -0.05  -0.05
    34   1     0.11  -0.05  -0.10     0.05  -0.05   0.04     0.01  -0.02   0.04
    35   1    -0.01   0.09   0.22    -0.03   0.04   0.20    -0.02   0.01   0.11
    36   6     0.03  -0.04   0.01    -0.03  -0.01   0.02     0.01  -0.06   0.03
    37   1     0.07   0.18  -0.25    -0.01  -0.01   0.06    -0.01   0.10  -0.26
    38   1    -0.20   0.09   0.21    -0.01  -0.02   0.02    -0.18   0.10   0.24
    39   6     0.01   0.00   0.01    -0.01   0.00   0.01     0.00  -0.02  -0.01
    40   1    -0.04   0.05  -0.04    -0.01  -0.04  -0.14    -0.07   0.06  -0.07
    41   1     0.00   0.14   0.16     0.07   0.05   0.03    -0.01   0.16   0.18
    42   1    -0.05   0.03  -0.15     0.06   0.07   0.05    -0.09  -0.01  -0.22
    43   7     0.00   0.01   0.00     0.08   0.12  -0.05    -0.04  -0.03   0.01
    44   7     0.01   0.00   0.02     0.08  -0.12   0.02    -0.04   0.03   0.00
    45   6     0.00   0.09  -0.02    -0.11  -0.11   0.07     0.02   0.00  -0.02
    46   1     0.03   0.09  -0.04     0.11  -0.09  -0.14    -0.07  -0.01   0.07
    47   1    -0.01   0.06  -0.03    -0.30  -0.32  -0.01     0.10   0.10   0.02
    48   6    -0.01   0.11  -0.01    -0.11   0.12   0.02     0.02  -0.02  -0.02
    49   1    -0.03   0.09  -0.01    -0.30   0.25  -0.13     0.09  -0.08   0.05
    50   1    -0.01   0.09  -0.02     0.12   0.04  -0.15    -0.07   0.02   0.05
                    46                     47                     48
                     A                      A                      A
 Frequencies --   796.7367               821.0766               827.8418
 Red. masses --     1.2256                 1.7022                 1.5121
 Frc consts  --     0.4584                 0.6761                 0.6106
 IR Inten    --     5.1565               238.3379               114.7764
  Atom  AN      X      Y      Z        X      Y      Z        X      Y      Z
     1   6    -0.01   0.00  -0.01    -0.06  -0.07   0.01     0.01   0.02   0.00
     2   6     0.00   0.00   0.00     0.01   0.00   0.00     0.00  -0.03   0.00
     3   6    -0.01   0.01   0.00    -0.02   0.00   0.00     0.02  -0.02   0.00
     4   6    -0.02   0.02  -0.01    -0.05   0.03  -0.01     0.01   0.02   0.00
     5   6    -0.03   0.03   0.01    -0.02  -0.06   0.02     0.02   0.02  -0.01
     6   6    -0.01   0.00   0.00    -0.06  -0.06   0.01    -0.01  -0.01   0.00
     7   6     0.01   0.04   0.00    -0.05   0.00  -0.01    -0.03   0.06  -0.02
     8   6     0.00   0.01  -0.01    -0.04   0.02  -0.01    -0.07   0.07  -0.02
     9   6     0.00  -0.01   0.01     0.07   0.00   0.02     0.01   0.01   0.01
    10   6     0.00  -0.04   0.00    -0.05   0.04   0.00    -0.04  -0.02   0.00
    11   6     0.03   0.00   0.00     0.04   0.01  -0.03     0.03   0.00  -0.01
    12   1     0.01   0.00  -0.01     0.08  -0.01  -0.13     0.03   0.04  -0.08
    13   1    -0.03  -0.04   0.01    -0.16   0.04  -0.02    -0.08  -0.02   0.02
    14   1     0.03   0.00   0.02     0.07  -0.01   0.17     0.01   0.03   0.05
    15   6     0.00  -0.04   0.02     0.05   0.04  -0.01    -0.01  -0.01   0.00
    16   1     0.03   0.06  -0.16    -0.10  -0.03   0.34     0.03   0.00  -0.07
    17   1     0.11   0.06   0.18    -0.08  -0.18  -0.30     0.01   0.04   0.06
    18   6     0.00  -0.02   0.00     0.02   0.03  -0.01    -0.01  -0.01   0.00
    19   1    -0.01   0.12   0.14    -0.01  -0.23  -0.30     0.01   0.05   0.06
    20   1     0.06   0.04  -0.08    -0.11  -0.13   0.03     0.02   0.03   0.00
    21   1     0.06   0.02  -0.15    -0.16   0.01   0.34     0.04  -0.01  -0.08
    22   6    -0.01   0.02  -0.02     0.05  -0.02  -0.05     0.00  -0.01   0.04
    23   1    -0.05  -0.07   0.10     0.11   0.08  -0.16     0.00   0.02  -0.02
    24   1     0.10  -0.08  -0.11    -0.12   0.07   0.02    -0.02   0.04   0.07
    25   6     0.01   0.01   0.01     0.03   0.03   0.04    -0.02  -0.02  -0.02
    26   1     0.05   0.01   0.11     0.02   0.07   0.12    -0.05  -0.03  -0.12
    27   1     0.00  -0.04   0.02    -0.08  -0.02  -0.05     0.01   0.03  -0.01
    28   1    -0.03  -0.05  -0.03     0.00   0.04   0.11     0.03   0.03  -0.01
    29   6     0.03   0.05   0.00     0.03   0.01   0.03     0.00  -0.06   0.06
    30   1    -0.20  -0.16  -0.25    -0.04  -0.06  -0.04     0.08   0.18   0.31
    31   1     0.01  -0.16   0.34    -0.01  -0.03   0.15     0.06   0.10  -0.25
    32   6     0.02   0.01  -0.01     0.03  -0.01  -0.03     0.02  -0.05  -0.03
    33   1     0.00  -0.17  -0.20    -0.03  -0.05  -0.07    -0.06   0.21   0.25
    34   1    -0.11   0.00   0.25    -0.07   0.02   0.09     0.10   0.02  -0.33
    35   1    -0.03  -0.12  -0.03     0.01  -0.09  -0.14     0.08   0.09  -0.18
    36   6     0.02  -0.05   0.02     0.04   0.01  -0.02     0.04  -0.03   0.01
    37   1    -0.03   0.07  -0.27    -0.01   0.00  -0.12    -0.08  -0.02  -0.26
    38   1    -0.15   0.13   0.24    -0.01   0.07   0.06    -0.02   0.16   0.22
    39   6     0.01  -0.02   0.00     0.02   0.01   0.02     0.02  -0.02   0.01
    40   1    -0.08   0.07  -0.08    -0.02   0.07   0.06    -0.09   0.12  -0.02
    41   1     0.00   0.18   0.20    -0.02   0.07   0.09    -0.01   0.20   0.24
    42   1    -0.09   0.00  -0.23    -0.06  -0.02  -0.10    -0.13  -0.03  -0.29
    43   7     0.00   0.01   0.00     0.00   0.00   0.00     0.03   0.02   0.00
    44   7     0.01   0.00   0.00     0.01  -0.01   0.00    -0.04   0.01   0.00
    45   6     0.00  -0.02   0.01     0.01   0.02   0.01    -0.02  -0.03   0.01
    46   1    -0.01  -0.01   0.00     0.09   0.01  -0.05     0.00  -0.04   0.00
    47   1    -0.01  -0.02   0.00    -0.03  -0.07  -0.02    -0.02  -0.05   0.01
    48   6     0.00  -0.02   0.00     0.00   0.03   0.01     0.02  -0.01   0.01
    49   1     0.01   0.00   0.00    -0.05   0.07  -0.04     0.02   0.02  -0.02
    50   1     0.02   0.00   0.00     0.07   0.01  -0.04     0.05  -0.01  -0.01
                    49                     50                     51
                     A                      A                      A
 Frequencies --   837.6461               855.6064               868.1693
 Red. masses --     1.6286                 1.3612                 1.4877
 Frc consts  --     0.6733                 0.5871                 0.6607
 IR Inten    --    21.7917               195.8980               214.7960
  Atom  AN      X      Y      Z        X      Y      Z        X      Y      Z
     1   6     0.05   0.03   0.01    -0.01   0.01   0.00     0.02   0.02   0.00
     2   6     0.00  -0.03   0.00     0.00   0.00  -0.01    -0.02   0.01   0.01
     3   6    -0.05  -0.02   0.00     0.02   0.00   0.00    -0.01   0.00   0.00
     4   6    -0.01   0.00   0.01    -0.01   0.02   0.02     0.01  -0.01   0.05
     5   6     0.05   0.00  -0.02     0.01   0.01  -0.01     0.00   0.01  -0.03
     6   6    -0.06  -0.01   0.00     0.00  -0.02  -0.02     0.01   0.02  -0.05
     7   6    -0.06  -0.02   0.00     0.03  -0.01   0.01     0.00   0.00   0.02
     8   6    -0.01  -0.01   0.01     0.00  -0.01  -0.01     0.02  -0.01   0.00
     9   6     0.01  -0.01   0.00     0.02   0.03   0.05    -0.03   0.00   0.11
    10   6     0.03   0.04  -0.01    -0.04  -0.01   0.00     0.04   0.00   0.00
    11   6     0.00   0.02   0.00     0.02  -0.02  -0.06    -0.03  -0.01  -0.11
    12   1     0.02   0.02   0.02     0.03  -0.01  -0.30    -0.04  -0.12  -0.57
    13   1     0.01   0.04   0.00    -0.07  -0.01  -0.01     0.10   0.00   0.00
    14   1     0.01   0.00  -0.05     0.02   0.02   0.34    -0.05   0.11   0.61
    15   6    -0.03   0.00  -0.01     0.02   0.00   0.01    -0.01   0.00   0.00
    16   1     0.03  -0.02  -0.11     0.01   0.01   0.00     0.02  -0.03  -0.03
    17   1    -0.03   0.06   0.05     0.01   0.01   0.02    -0.01   0.02   0.02
    18   6    -0.02   0.00   0.01     0.01  -0.01  -0.01     0.00   0.00   0.00
    19   1     0.03   0.06   0.09    -0.01   0.00  -0.01     0.00   0.03   0.04
    20   1     0.03   0.07   0.07     0.00  -0.01  -0.04     0.02   0.02   0.00
    21   1     0.07  -0.03  -0.11    -0.01   0.00   0.00     0.02   0.00  -0.04
    22   6     0.05  -0.04   0.10    -0.01   0.00   0.00     0.00   0.00   0.01
    23   1     0.12   0.15  -0.26     0.00   0.00   0.01     0.00  -0.01   0.01
    24   1    -0.17   0.27   0.35     0.00   0.00   0.00     0.02   0.02   0.02
    25   6    -0.03  -0.07  -0.06     0.00   0.00   0.00    -0.01  -0.01   0.00
    26   1    -0.22  -0.05  -0.38     0.00  -0.01  -0.02    -0.02  -0.01  -0.05
    27   1    -0.06   0.10  -0.14     0.02   0.01   0.02     0.01   0.02   0.01
    28   1     0.11   0.20   0.12     0.00   0.00  -0.01     0.01   0.02   0.00
    29   6     0.03   0.02   0.02    -0.01   0.00  -0.02     0.00   0.00   0.00
    30   1    -0.03  -0.11  -0.12    -0.01   0.00  -0.02     0.01  -0.01  -0.02
    31   1    -0.06  -0.02   0.23     0.01  -0.01  -0.03     0.00   0.00   0.00
    32   6     0.04   0.00  -0.02    -0.01   0.01   0.01     0.00   0.00   0.00
    33   1    -0.02  -0.12  -0.15     0.02   0.00   0.00     0.02  -0.02  -0.02
    34   1    -0.12   0.02   0.20     0.02  -0.01  -0.01     0.01  -0.01   0.01
    35   1    -0.01  -0.14  -0.13    -0.01   0.03   0.08    -0.01   0.00   0.03
    36   6     0.01   0.02  -0.02     0.01   0.01  -0.01    -0.01   0.00   0.00
    37   1     0.02   0.00   0.01     0.01   0.00   0.02     0.02   0.02   0.02
    38   1     0.01  -0.01  -0.05     0.02   0.00  -0.02    -0.02  -0.02  -0.01
    39   6     0.01   0.02   0.01     0.00   0.00   0.01     0.00   0.00  -0.01
    40   1     0.02   0.02   0.10     0.01   0.00   0.00     0.01  -0.01   0.00
    41   1    -0.02  -0.04  -0.03     0.01  -0.01  -0.01    -0.01  -0.02  -0.03
    42   1     0.00  -0.02   0.03     0.01   0.01   0.02     0.01   0.00   0.02
    43   7     0.04   0.01   0.00     0.00   0.05   0.02    -0.02  -0.03  -0.01
    44   7    -0.01   0.00   0.00     0.01  -0.03   0.04    -0.02   0.03  -0.02
    45   6    -0.02   0.01  -0.01    -0.04  -0.02  -0.06     0.03   0.02   0.03
    46   1    -0.06   0.00   0.04    -0.34  -0.10   0.27     0.17   0.07  -0.14
    47   1     0.02   0.04   0.01     0.36   0.16   0.10    -0.19  -0.05  -0.05
    48   6     0.01  -0.01  -0.01    -0.03   0.00  -0.07     0.02  -0.01   0.03
    49   1     0.04  -0.03   0.02     0.36  -0.11   0.17    -0.19   0.03  -0.08
    50   1    -0.05  -0.01   0.03    -0.33   0.23   0.19     0.16  -0.14  -0.09
                    52                     53                     54
                     A                      A                      A
 Frequencies --   874.4671               893.6133               914.1076
 Red. masses --     1.2858                 2.1280                 2.8842
 Frc consts  --     0.5793                 1.0012                 1.4199
 IR Inten    --    13.2064                12.4902               180.1749
  Atom  AN      X      Y      Z        X      Y      Z        X      Y      Z
     1   6     0.00   0.00   0.00     0.08  -0.04   0.00     0.06  -0.03   0.00
     2   6     0.00   0.00   0.00     0.01  -0.03   0.01     0.04   0.03   0.00
     3   6     0.00   0.00   0.02     0.04  -0.01   0.00    -0.04   0.02   0.00
     4   6     0.00   0.00   0.02     0.08  -0.03   0.01    -0.02  -0.03   0.01
     5   6     0.00   0.00  -0.02     0.07  -0.06   0.01    -0.02  -0.04   0.01
     6   6     0.00   0.01   0.03    -0.01  -0.01   0.00     0.00   0.03  -0.01
     7   6     0.00   0.00  -0.02    -0.08  -0.05   0.01    -0.03   0.07  -0.01
     8   6     0.00   0.00   0.00    -0.06  -0.03   0.01     0.13   0.04   0.00
     9   6     0.00  -0.01  -0.09    -0.04   0.04   0.00     0.00  -0.08   0.02
    10   6     0.00   0.01   0.08     0.00   0.06  -0.01     0.05   0.01   0.00
    11   6     0.00  -0.01  -0.08     0.00   0.02  -0.01    -0.05   0.03  -0.01
    12   1    -0.01   0.09   0.62    -0.05   0.02  -0.04    -0.04  -0.15   0.01
    13   1     0.01  -0.07  -0.48     0.05   0.07  -0.01     0.04   0.01  -0.01
    14   1    -0.01   0.08   0.58    -0.01   0.06   0.03    -0.06   0.05   0.04
    15   6     0.00   0.00   0.00    -0.03   0.01  -0.07    -0.01   0.00  -0.05
    16   1     0.01  -0.01  -0.01     0.03  -0.04  -0.11     0.03  -0.04  -0.07
    17   1     0.00   0.01   0.01     0.00   0.00  -0.08     0.00  -0.01  -0.06
    18   6     0.00   0.00   0.00    -0.05   0.05   0.06    -0.03   0.03   0.04
    19   1     0.00   0.01   0.01     0.08  -0.02   0.03     0.03   0.00   0.04
    20   1     0.00   0.01   0.00    -0.05   0.11   0.32    -0.03   0.07   0.18
    21   1     0.01   0.00  -0.01     0.06  -0.06  -0.01     0.03  -0.03   0.01
    22   6     0.00  -0.01  -0.01    -0.08   0.02  -0.03    -0.01  -0.04  -0.05
    23   1     0.00   0.00   0.00    -0.06  -0.06   0.29     0.02   0.01  -0.10
    24   1    -0.01   0.00   0.00     0.05  -0.25  -0.25    -0.09   0.00  -0.01
    25   6     0.00   0.00   0.01    -0.03   0.03   0.02     0.03   0.02   0.04
    26   1     0.00   0.00  -0.01     0.17  -0.05   0.12     0.01   0.04   0.07
    27   1     0.01   0.01   0.01     0.20  -0.03   0.25    -0.04   0.01  -0.01
    28   1     0.01   0.01   0.01    -0.08  -0.21  -0.28     0.01   0.04   0.09
    29   6     0.00  -0.01  -0.01    -0.01   0.02   0.05    -0.07   0.07   0.12
    30   1     0.01   0.00   0.00     0.02  -0.02   0.02    -0.19   0.17   0.20
    31   1    -0.01   0.00   0.00    -0.14   0.09   0.14    -0.10   0.10   0.14
    32   6     0.00   0.00   0.01     0.05  -0.02  -0.05     0.08  -0.07  -0.12
    33   1    -0.01   0.01   0.01    -0.03  -0.06  -0.10    -0.04   0.03  -0.01
    34   1    -0.01   0.01   0.01    -0.08   0.02   0.08    -0.01   0.01  -0.16
    35   1     0.00   0.00   0.00     0.02  -0.12  -0.19     0.08  -0.09  -0.35
    36   6     0.00   0.00   0.00     0.02   0.00  -0.06    -0.02   0.01   0.11
    37   1     0.00   0.00  -0.01    -0.01  -0.04  -0.07     0.09   0.12   0.18
    38   1     0.00   0.00   0.00     0.00  -0.03  -0.09    -0.01   0.03   0.12
    39   6     0.00   0.00   0.00     0.04   0.05   0.04    -0.08  -0.08  -0.09
    40   1     0.00   0.00   0.00     0.04   0.10   0.26    -0.04  -0.20  -0.42
    41   1     0.00   0.00   0.01    -0.06  -0.03   0.01     0.09  -0.02  -0.11
    42   1     0.00   0.00  -0.01    -0.05  -0.05   0.01     0.10   0.08   0.03
    43   7     0.00   0.00   0.00     0.06  -0.01   0.00     0.00   0.01   0.00
    44   7     0.00   0.00   0.00    -0.06  -0.01   0.00     0.07   0.01   0.00
    45   6     0.00   0.00   0.00    -0.03   0.00  -0.01    -0.01  -0.10   0.01
    46   1     0.00   0.00   0.00    -0.03  -0.05   0.04    -0.10  -0.09   0.08
    47   1    -0.01   0.00   0.00     0.03   0.02   0.02     0.07   0.01   0.05
    48   6     0.00   0.00   0.00     0.02   0.04  -0.01    -0.05   0.05  -0.02
    49   1     0.00   0.00   0.00     0.04   0.01   0.01     0.06   0.00   0.05
    50   1     0.00   0.00   0.00    -0.04   0.03   0.01    -0.10   0.12   0.03
                    55                     56                     57
                     A                      A                      A
 Frequencies --   924.6598               947.2661               956.7884
 Red. masses --     3.0125                 3.1869                 3.9210
 Frc consts  --     1.5176                 1.6849                 2.1148
 IR Inten    --    41.3076                45.3083                23.5181
  Atom  AN      X      Y      Z        X      Y      Z        X      Y      Z
     1   6    -0.10   0.03   0.00     0.02  -0.05   0.00     0.05   0.06  -0.01
     2   6    -0.01   0.07  -0.02     0.00   0.11  -0.02     0.02   0.17  -0.03
     3   6     0.07   0.04   0.00    -0.06   0.09  -0.01     0.03   0.15  -0.03
     4   6     0.04  -0.01   0.01    -0.03  -0.02   0.01    -0.01  -0.01   0.00
     5   6     0.05   0.05  -0.02     0.07  -0.04  -0.01    -0.01   0.00   0.02
     6   6     0.03  -0.03   0.01    -0.05  -0.03   0.01     0.06   0.00   0.00
     7   6    -0.03  -0.03   0.00    -0.04   0.02   0.00    -0.03  -0.02   0.00
     8   6    -0.01  -0.04   0.00     0.00   0.05   0.00    -0.06   0.00   0.00
     9   6     0.06   0.00  -0.01     0.10  -0.09   0.01     0.08  -0.07   0.01
    10   6    -0.03   0.06   0.00    -0.02   0.07  -0.01     0.02   0.03   0.00
    11   6    -0.06  -0.09   0.01    -0.04  -0.03   0.00    -0.12  -0.10   0.02
    12   1     0.02  -0.04   0.06     0.07  -0.14   0.02     0.02  -0.17   0.01
    13   1     0.04   0.05  -0.03    -0.15   0.07  -0.02     0.10   0.02   0.01
    14   1    -0.02  -0.16   0.06     0.02  -0.14   0.05    -0.09  -0.17  -0.02
    15   6     0.00   0.01   0.09     0.02  -0.04  -0.08     0.01   0.01   0.00
    16   1    -0.10   0.13   0.16     0.02  -0.02  -0.10     0.10  -0.10  -0.03
    17   1     0.02   0.02   0.11     0.16  -0.14  -0.15    -0.12   0.09   0.04
    18   6     0.07  -0.06  -0.08    -0.04   0.07   0.07    -0.01  -0.02   0.00
    19   1    -0.08  -0.02  -0.11     0.06  -0.07  -0.04     0.00   0.07   0.10
    20   1     0.04  -0.16  -0.37    -0.08   0.06   0.30     0.04   0.05  -0.02
    21   1    -0.09   0.07   0.04     0.00  -0.04   0.13     0.05  -0.01  -0.11
    22   6     0.02   0.09   0.09     0.05   0.11   0.11    -0.07  -0.14  -0.13
    23   1    -0.03  -0.02   0.25     0.05   0.04   0.30    -0.04  -0.03  -0.30
    24   1     0.22  -0.04  -0.02     0.23  -0.07  -0.04    -0.29   0.04   0.01
    25   6    -0.06  -0.04  -0.09    -0.07  -0.04  -0.11     0.06   0.05   0.13
    26   1     0.01  -0.09  -0.10     0.05  -0.09  -0.05    -0.04   0.08   0.01
    27   1     0.09  -0.04   0.05     0.11  -0.08   0.07    -0.05   0.11   0.01
    28   1    -0.04  -0.10  -0.22    -0.07  -0.16  -0.28     0.08   0.15   0.26
    29   6    -0.08   0.07   0.12     0.08  -0.07  -0.08     0.01  -0.02  -0.01
    30   1    -0.15   0.11   0.15     0.15  -0.11  -0.12     0.03  -0.02  -0.01
    31   1    -0.20   0.14   0.18     0.14  -0.10  -0.12     0.00   0.00  -0.02
    32   6     0.07  -0.06  -0.12    -0.04   0.04   0.09    -0.01   0.00   0.01
    33   1    -0.03  -0.03  -0.09    -0.01   0.02   0.07     0.00   0.00   0.01
    34   1    -0.04   0.01  -0.07    -0.01   0.01   0.09     0.00   0.00   0.01
    35   1     0.06  -0.12  -0.30    -0.04   0.05   0.15    -0.01   0.01   0.02
    36   6     0.00  -0.01  -0.03     0.01   0.03   0.05    -0.05  -0.05  -0.09
    37   1     0.03   0.03  -0.01     0.00   0.01   0.05    -0.14  -0.15  -0.15
    38   1    -0.07  -0.07  -0.07     0.10   0.11   0.09    -0.08  -0.10  -0.12
    39   6     0.01   0.03   0.02    -0.03  -0.04  -0.04     0.06   0.06   0.08
    40   1     0.04   0.00   0.09    -0.05  -0.05  -0.18     0.04   0.14   0.31
    41   1    -0.01  -0.05  -0.04     0.04   0.04   0.01    -0.07   0.00   0.07
    42   1     0.03   0.00   0.09     0.00   0.02  -0.08    -0.05  -0.05   0.03
    43   7    -0.08   0.03   0.00    -0.03   0.06   0.00     0.02   0.09  -0.01
    44   7     0.05   0.02   0.00     0.03   0.06  -0.02     0.01   0.09  -0.03
    45   6     0.05  -0.01   0.01     0.02  -0.10   0.02    -0.02  -0.15   0.04
    46   1     0.02   0.04  -0.03    -0.05  -0.04   0.01    -0.13  -0.07   0.04
    47   1     0.00  -0.03  -0.01     0.01  -0.06   0.02    -0.05  -0.07   0.04
    48   6    -0.04  -0.08   0.02    -0.02  -0.09   0.02     0.00  -0.13   0.02
    49   1    -0.02  -0.03  -0.01     0.03  -0.04   0.01     0.06  -0.08   0.01
    50   1     0.03  -0.03   0.00     0.06  -0.01   0.00     0.08  -0.06   0.01
                    58                     59                     60
                     A                      A                      A
 Frequencies --   978.0382               998.3271              1012.9836
 Red. masses --     2.6681                 2.6729                 3.5456
 Frc consts  --     1.5037                 1.5695                 2.1436
 IR Inten    --    10.8578                 1.6522               169.7278
  Atom  AN      X      Y      Z        X      Y      Z        X      Y      Z
     1   6     0.01  -0.03   0.00     0.04   0.02   0.00     0.02  -0.07   0.01
     2   6    -0.01   0.02   0.00     0.02  -0.01   0.00     0.13  -0.01   0.00
     3   6    -0.01   0.02   0.00     0.00  -0.02   0.00    -0.02  -0.01   0.00
     4   6    -0.06   0.03   0.00     0.03  -0.02   0.00    -0.01  -0.03   0.02
     5   6    -0.07   0.02  -0.02     0.04   0.00   0.01    -0.06  -0.06  -0.02
     6   6     0.05   0.03   0.00    -0.04  -0.01   0.00    -0.02   0.03  -0.01
     7   6     0.09   0.03  -0.01    -0.06   0.02   0.00    -0.06   0.07   0.00
     8   6     0.00  -0.03   0.00    -0.03   0.03   0.00     0.04   0.05  -0.01
     9   6     0.01   0.00   0.00    -0.01   0.00   0.00    -0.05  -0.04   0.01
    10   6     0.00  -0.07   0.01     0.01   0.03  -0.01     0.07   0.01   0.00
    11   6     0.00   0.01   0.00     0.00   0.00   0.00    -0.03   0.04  -0.01
    12   1     0.02   0.01   0.02    -0.01  -0.01  -0.01    -0.08  -0.10  -0.01
    13   1    -0.03  -0.07   0.00     0.02   0.04   0.00     0.14   0.01   0.00
    14   1    -0.01   0.02   0.02     0.00   0.01  -0.01    -0.04   0.08   0.03
    15   6     0.07  -0.08  -0.10    -0.02   0.06   0.03    -0.09   0.08   0.08
    16   1     0.14  -0.13  -0.18     0.01   0.00   0.04    -0.19   0.18   0.15
    17   1     0.17  -0.16  -0.15    -0.18   0.15   0.09    -0.10   0.09   0.10
    18   6    -0.06   0.07   0.10     0.01  -0.04  -0.04     0.03  -0.03  -0.09
    19   1     0.05   0.00   0.08    -0.01   0.05   0.04     0.00  -0.05  -0.13
    20   1    -0.06   0.10   0.30     0.05   0.00  -0.10     0.01  -0.06  -0.11
    21   1     0.02  -0.03   0.08     0.03   0.00  -0.11     0.00  -0.02  -0.06
    22   6     0.04   0.06   0.06    -0.02  -0.03  -0.04     0.04   0.06   0.10
    23   1    -0.04  -0.03   0.01     0.03   0.01  -0.01    -0.01   0.01   0.08
    24   1     0.15   0.08   0.08    -0.07  -0.03  -0.03     0.06  -0.03   0.02
    25   6     0.02  -0.03  -0.06    -0.02   0.01   0.04     0.03   0.00  -0.10
    26   1    -0.06   0.05   0.05     0.01  -0.04  -0.07     0.06   0.09   0.28
    27   1    -0.16  -0.07  -0.21     0.10   0.07   0.12    -0.17  -0.21  -0.21
    28   1    -0.01   0.05   0.12     0.03  -0.01  -0.05    -0.12  -0.09   0.01
    29   6    -0.04   0.06   0.04     0.04  -0.04  -0.03     0.05  -0.03  -0.05
    30   1    -0.21   0.11   0.08     0.08  -0.05  -0.04     0.01  -0.01  -0.04
    31   1     0.05  -0.04   0.04     0.03  -0.02  -0.05     0.09  -0.06  -0.07
    32   6    -0.01  -0.03  -0.04     0.00   0.01   0.04     0.01   0.00   0.05
    33   1     0.03   0.04   0.03    -0.04   0.01   0.04    -0.07   0.06   0.11
    34   1     0.08  -0.04  -0.18    -0.04   0.03   0.07    -0.04   0.05   0.02
    35   1     0.03   0.06   0.01     0.00  -0.01  -0.03     0.02   0.00  -0.09
    36   6    -0.06  -0.08  -0.09     0.00   0.03   0.01    -0.09  -0.10  -0.08
    37   1    -0.13  -0.13  -0.15    -0.05  -0.04  -0.01    -0.15  -0.14  -0.14
    38   1    -0.15  -0.15  -0.13     0.11   0.09   0.04    -0.19  -0.16  -0.11
    39   6     0.05   0.06   0.09     0.00  -0.02  -0.01     0.02   0.05   0.09
    40   1     0.04   0.10   0.25    -0.03   0.02  -0.04     0.03   0.05   0.12
    41   1    -0.04   0.01   0.08     0.00   0.05   0.05     0.00   0.02   0.08
    42   1    -0.02  -0.01   0.07    -0.03  -0.01  -0.08     0.02   0.03   0.11
    43   7    -0.02  -0.02   0.00     0.01  -0.02   0.00     0.05  -0.08   0.02
    44   7     0.02  -0.03   0.01     0.01   0.00   0.01     0.06   0.07  -0.02
    45   6     0.11   0.02  -0.02     0.23  -0.03  -0.03    -0.06  -0.14   0.03
    46   1     0.18  -0.03  -0.01     0.41  -0.19   0.03    -0.09  -0.16   0.08
    47   1     0.14  -0.01  -0.02     0.34  -0.08  -0.01    -0.01  -0.02   0.06
    48   6    -0.11   0.01   0.01    -0.25   0.04   0.02     0.01   0.15  -0.04
    49   1    -0.14  -0.03   0.03    -0.32  -0.04   0.06     0.10   0.08   0.03
    50   1    -0.18  -0.02   0.03    -0.44  -0.10   0.06     0.00   0.21  -0.01
                    61                     62                     63
                     A                      A                      A
 Frequencies --  1030.5645              1045.0218              1058.5840
 Red. masses --     1.9858                 2.2734                 2.0083
 Frc consts  --     1.2426                 1.4628                 1.3260
 IR Inten    --     4.6433                 1.1138                63.8293
  Atom  AN      X      Y      Z        X      Y      Z        X      Y      Z
     1   6     0.02   0.00   0.00     0.07  -0.02  -0.01     0.02   0.03  -0.01
     2   6    -0.02  -0.01   0.00    -0.04   0.03   0.00    -0.06  -0.01   0.00
     3   6    -0.10  -0.03   0.00    -0.07   0.06  -0.01    -0.01  -0.03   0.01
     4   6    -0.03  -0.03   0.00    -0.03  -0.02   0.01     0.04  -0.04   0.01
     5   6     0.06  -0.02   0.04     0.03  -0.08  -0.02     0.03  -0.01  -0.03
     6   6    -0.05   0.02   0.00     0.00   0.02   0.00    -0.01  -0.02   0.00
     7   6     0.05   0.07  -0.02     0.07  -0.02  -0.03     0.01   0.03   0.03
     8   6     0.06   0.01   0.00     0.00  -0.03  -0.01     0.01   0.00   0.02
     9   6     0.01  -0.05   0.01     0.03  -0.04   0.00    -0.06  -0.01   0.00
    10   6     0.00   0.01   0.00    -0.01  -0.01   0.00    -0.02   0.08  -0.01
    11   6     0.03   0.05   0.00     0.01   0.03  -0.01     0.09  -0.01   0.00
    12   1    -0.01  -0.08   0.02     0.02  -0.05   0.02    -0.18  -0.19   0.02
    13   1    -0.17   0.02   0.00    -0.16  -0.01  -0.01    -0.10   0.09  -0.01
    14   1     0.04   0.04  -0.02     0.00   0.05   0.00     0.18  -0.13   0.02
    15   6    -0.03   0.02   0.01    -0.03   0.08   0.09     0.02   0.01   0.01
    16   1    -0.08   0.07   0.04     0.03  -0.02   0.09     0.09  -0.09   0.00
    17   1    -0.02   0.03   0.03    -0.19   0.13   0.08    -0.04   0.02   0.00
    18   6     0.02  -0.01  -0.01    -0.02  -0.02  -0.09    -0.02   0.00  -0.01
    19   1    -0.02  -0.01  -0.03     0.11  -0.05  -0.06     0.03   0.01   0.02
    20   1     0.00  -0.03  -0.06     0.02   0.07   0.13     0.01   0.04   0.06
    21   1    -0.03   0.02   0.02     0.11  -0.13  -0.20     0.04  -0.03  -0.06
    22   6     0.04  -0.02  -0.07    -0.01  -0.02   0.08    -0.06  -0.02   0.05
    23   1     0.20   0.11   0.04     0.03   0.04  -0.01    -0.11  -0.05  -0.06
    24   1     0.00  -0.01  -0.06    -0.20  -0.09   0.03    -0.17  -0.06   0.02
    25   6    -0.09   0.00   0.06     0.03   0.04  -0.07     0.05   0.03  -0.03
    26   1     0.02  -0.17  -0.31     0.14   0.09   0.34     0.05   0.11   0.26
    27   1     0.33   0.19   0.38    -0.10  -0.21  -0.10    -0.17  -0.15  -0.18
    28   1     0.08  -0.03  -0.25    -0.15  -0.15  -0.07    -0.09  -0.04   0.09
    29   6     0.03   0.04   0.00     0.01   0.05   0.08    -0.02   0.02  -0.10
    30   1    -0.21   0.08   0.00    -0.06   0.01   0.04    -0.21   0.10  -0.04
    31   1     0.20  -0.15   0.02     0.12  -0.06   0.08     0.00  -0.04  -0.04
    32   6    -0.02  -0.03   0.00    -0.06  -0.01  -0.07     0.05  -0.03   0.08
    33   1     0.01   0.08   0.11     0.18  -0.05  -0.11    -0.21   0.14   0.24
    34   1     0.08  -0.02  -0.17     0.18  -0.14  -0.17    -0.14   0.14   0.02
    35   1     0.02   0.10   0.03    -0.03   0.12   0.31     0.07  -0.04  -0.36
    36   6    -0.04  -0.08  -0.06     0.00   0.03   0.04     0.03  -0.03  -0.05
    37   1    -0.03  -0.03  -0.09    -0.05  -0.04   0.03     0.13   0.10  -0.02
    38   1    -0.19  -0.14  -0.08     0.05   0.02   0.02    -0.05  -0.01  -0.01
    39   6     0.00   0.03   0.07     0.02  -0.01  -0.04    -0.04   0.00   0.05
    40   1     0.03  -0.02   0.02     0.00   0.06   0.12     0.00  -0.10  -0.18
    41   1     0.04   0.01   0.03    -0.08  -0.03  -0.03     0.12   0.04   0.03
    42   1     0.05   0.06   0.13    -0.08  -0.09  -0.11     0.10   0.13   0.14
    43   7    -0.01   0.03  -0.01     0.05   0.04  -0.01    -0.03   0.08  -0.01
    44   7     0.04  -0.03   0.01    -0.04  -0.05   0.01     0.01  -0.03   0.00
    45   6    -0.01   0.04  -0.01     0.01   0.05  -0.01     0.02   0.04  -0.01
    46   1    -0.05   0.09  -0.02     0.04   0.02  -0.01    -0.03   0.10  -0.03
    47   1    -0.07   0.06  -0.02     0.01   0.01  -0.02    -0.04   0.04  -0.03
    48   6     0.02  -0.03   0.00     0.01  -0.05   0.02     0.00  -0.08   0.02
    49   1     0.01  -0.02  -0.01    -0.06  -0.05   0.00     0.00  -0.02  -0.02
    50   1     0.02  -0.03   0.00    -0.07  -0.15   0.02     0.02  -0.06   0.01
                    64                     65                     66
                     A                      A                      A
 Frequencies --  1061.7014              1073.5187              1075.4941
 Red. masses --     2.1748                 1.7500                 1.7434
 Frc consts  --     1.4444                 1.1883                 1.1881
 IR Inten    --   256.7865                15.5886                26.6362
  Atom  AN      X      Y      Z        X      Y      Z        X      Y      Z
     1   6     0.01  -0.01  -0.01     0.00  -0.01  -0.01     0.01  -0.03  -0.06
     2   6    -0.03   0.01   0.00     0.01   0.01   0.00     0.00   0.01   0.00
     3   6    -0.01   0.04  -0.01     0.00   0.01   0.00     0.01   0.01   0.00
     4   6    -0.02   0.04   0.00    -0.01   0.01   0.00    -0.01   0.00   0.00
     5   6     0.01  -0.02   0.00    -0.01   0.00   0.01    -0.02   0.02   0.03
     6   6     0.03   0.06  -0.01     0.01   0.00   0.00     0.02   0.00   0.00
     7   6     0.01   0.01   0.03     0.00   0.02   0.04     0.01  -0.01   0.00
     8   6     0.02   0.00   0.02    -0.01  -0.04  -0.06     0.00   0.00   0.01
     9   6     0.15   0.00   0.00     0.00   0.00   0.00    -0.03   0.00   0.00
    10   6    -0.01  -0.13   0.02     0.00  -0.01   0.00     0.00   0.01   0.00
    11   6    -0.14   0.03  -0.01     0.00   0.00   0.00     0.02  -0.01   0.00
    12   1     0.34   0.28  -0.04     0.00   0.00   0.00    -0.06  -0.06   0.00
    13   1    -0.06  -0.14   0.02     0.01  -0.01   0.00     0.02   0.01   0.00
    14   1    -0.33   0.33  -0.05     0.00  -0.01   0.00     0.06  -0.07   0.01
    15   6     0.00   0.02   0.03     0.00   0.00   0.02     0.01  -0.01   0.16
    16   1     0.03  -0.02   0.02    -0.01   0.02   0.00     0.08  -0.01   0.02
    17   1    -0.04   0.01   0.01     0.03  -0.02   0.01     0.19  -0.15   0.06
    18   6    -0.01   0.00  -0.03    -0.01   0.01  -0.02    -0.07   0.05  -0.12
    19   1     0.05  -0.02  -0.02     0.03  -0.03  -0.04     0.29  -0.23  -0.27
    20   1     0.00   0.03   0.07    -0.02   0.01   0.06    -0.09   0.12   0.49
    21   1     0.04  -0.05  -0.06     0.02  -0.03  -0.01     0.19  -0.29  -0.16
    22   6     0.02  -0.03   0.02     0.01   0.01  -0.01     0.00   0.05  -0.05
    23   1     0.08   0.04   0.01     0.01   0.00   0.01    -0.06  -0.06   0.05
    24   1    -0.09  -0.03   0.02     0.04   0.01  -0.01     0.21   0.05  -0.05
    25   6    -0.02   0.02  -0.02    -0.01  -0.01   0.01     0.00  -0.05   0.04
    26   1     0.09  -0.01   0.07    -0.02  -0.02  -0.05    -0.14  -0.04  -0.23
    27   1     0.06  -0.05   0.08     0.02   0.03   0.02     0.01   0.14  -0.01
    28   1    -0.05  -0.09  -0.13     0.02   0.02   0.00     0.12   0.14   0.12
    29   6    -0.05  -0.03  -0.07    -0.01   0.03  -0.08    -0.01  -0.01   0.00
    30   1     0.00   0.04  -0.01    -0.24   0.09  -0.06     0.03   0.00   0.01
    31   1    -0.19   0.09  -0.04     0.05  -0.08  -0.01    -0.06   0.04  -0.01
    32   6     0.06   0.00   0.06     0.04  -0.04   0.06     0.01   0.00   0.00
    33   1    -0.18   0.03   0.09    -0.17   0.13   0.23    -0.01  -0.01  -0.02
    34   1    -0.18   0.14   0.17    -0.10   0.11  -0.03    -0.02   0.01   0.03
    35   1     0.04  -0.13  -0.32     0.07  -0.01  -0.28     0.00  -0.02  -0.02
    36   6     0.01  -0.01  -0.05    -0.01   0.00   0.15     0.01   0.01  -0.03
    37   1     0.05   0.03  -0.01    -0.05   0.02   0.02     0.02   0.00   0.00
    38   1     0.04   0.03  -0.02    -0.20  -0.14   0.06     0.06   0.04  -0.01
    39   6    -0.02  -0.01   0.04     0.06   0.04  -0.12    -0.01  -0.01   0.02
    40   1    -0.02  -0.06  -0.15     0.09   0.14   0.46    -0.02  -0.02  -0.09
    41   1     0.09   0.07   0.07    -0.27  -0.24  -0.26     0.05   0.04   0.05
    42   1     0.06   0.09   0.06    -0.17  -0.28  -0.12     0.03   0.05   0.01
    43   7     0.03  -0.02   0.00     0.01   0.00   0.00    -0.01  -0.01   0.00
    44   7    -0.04  -0.06   0.01     0.00  -0.01   0.00    -0.01   0.01   0.00
    45   6    -0.01   0.05  -0.01     0.00   0.00   0.00     0.00  -0.01   0.00
    46   1     0.05   0.00  -0.01    -0.01   0.01  -0.01     0.00  -0.01   0.01
    47   1     0.01  -0.02  -0.01     0.00  -0.02   0.00     0.00   0.00   0.00
    48   6     0.02   0.00   0.00     0.00   0.00   0.00     0.00   0.00   0.00
    49   1    -0.03  -0.04   0.01     0.00  -0.01   0.01     0.00   0.01   0.00
    50   1    -0.06  -0.07   0.01    -0.01   0.01   0.00     0.01   0.01   0.00
                    67                     68                     69
                     A                      A                      A
 Frequencies --  1091.2135              1099.5697              1102.4468
 Red. masses --     1.8370                 1.6560                 1.8195
 Frc consts  --     1.2888                 1.1797                 1.3029
 IR Inten    --    36.5307                18.4299                18.8232
  Atom  AN      X      Y      Z        X      Y      Z        X      Y      Z
     1   6     0.02  -0.02   0.02    -0.03   0.01  -0.01     0.03   0.00   0.00
     2   6     0.01   0.03  -0.01     0.01   0.01   0.00    -0.02  -0.02   0.00
     3   6    -0.03   0.06  -0.01     0.02   0.01   0.00    -0.03  -0.04   0.01
     4   6    -0.07  -0.01   0.00    -0.02   0.02   0.00     0.06  -0.04   0.01
     5   6    -0.03  -0.04   0.02    -0.04  -0.01   0.01     0.06   0.01  -0.01
     6   6     0.06   0.03  -0.01     0.01  -0.02   0.00    -0.04   0.02   0.00
     7   6     0.08  -0.05   0.03     0.00  -0.01   0.00    -0.01   0.03  -0.01
     8   6     0.01   0.00   0.00    -0.01   0.00   0.00     0.03   0.02  -0.01
     9   6    -0.06  -0.04   0.01    -0.02   0.01   0.00     0.03  -0.02   0.00
    10   6     0.02   0.01   0.00    -0.01   0.01   0.00     0.01   0.01   0.00
    11   6     0.06   0.01   0.00     0.02  -0.02   0.00    -0.03   0.03  -0.01
    12   1    -0.20  -0.26   0.02    -0.04  -0.01   0.00     0.07   0.04  -0.01
    13   1    -0.01   0.01   0.00     0.02   0.01   0.00    -0.03   0.01   0.00
    14   1     0.16  -0.16   0.02     0.08  -0.13   0.01    -0.13   0.20  -0.02
    15   6    -0.03   0.01  -0.03     0.08   0.05   0.01    -0.05  -0.03   0.00
    16   1    -0.10   0.08   0.02     0.25  -0.27   0.06    -0.14   0.15  -0.05
    17   1    -0.06   0.05   0.01    -0.21   0.06  -0.07     0.15  -0.05   0.05
    18   6     0.02  -0.01   0.01    -0.05  -0.03   0.00     0.03   0.02   0.00
    19   1    -0.07   0.03   0.03     0.04   0.08   0.16    -0.01  -0.07  -0.12
    20   1     0.01  -0.04  -0.12     0.07   0.12   0.06    -0.05  -0.07  -0.01
    21   1    -0.05   0.06   0.05     0.10  -0.06  -0.22    -0.06   0.03   0.14
    22   6     0.04   0.02  -0.01     0.06  -0.02   0.01    -0.08   0.02  -0.01
    23   1     0.09   0.06   0.02     0.15   0.09  -0.05    -0.18  -0.11   0.05
    24   1     0.09   0.04   0.01    -0.08   0.04   0.06     0.03  -0.06  -0.07
    25   6    -0.02  -0.01   0.00    -0.04   0.03  -0.01     0.04  -0.02   0.01
    26   1    -0.01  -0.04  -0.08     0.10  -0.04   0.03    -0.09   0.05  -0.01
    27   1     0.06   0.04   0.06     0.11  -0.02   0.14    -0.13   0.01  -0.15
    28   1     0.02   0.01  -0.04    -0.05  -0.09  -0.18     0.04   0.08   0.18
    29   6    -0.08  -0.02  -0.03     0.00   0.00   0.00     0.00  -0.02   0.01
    30   1     0.05   0.05   0.06    -0.01   0.00   0.00     0.09  -0.03   0.02
    31   1    -0.24   0.17  -0.07    -0.01   0.01   0.00    -0.01   0.02  -0.02
    32   6     0.05   0.01   0.01     0.00   0.00   0.00     0.00   0.01  -0.01
    33   1    -0.09  -0.02  -0.03     0.00   0.00   0.01     0.02  -0.04  -0.06
    34   1    -0.12   0.08   0.15     0.00   0.00   0.00     0.00  -0.01   0.04
    35   1     0.01  -0.11  -0.17     0.00   0.00  -0.01    -0.01  -0.02   0.03
    36   6    -0.08   0.07  -0.02     0.01   0.00   0.00    -0.05   0.02   0.01
    37   1    -0.27  -0.28   0.10     0.02   0.01   0.00    -0.17  -0.16   0.02
    38   1     0.34   0.14  -0.07     0.01   0.01   0.00     0.06  -0.01  -0.05
    39   6     0.04  -0.05   0.01     0.00   0.00   0.00     0.03  -0.01   0.00
    40   1    -0.10   0.13  -0.01     0.00  -0.01  -0.01    -0.03   0.07   0.06
    41   1    -0.02   0.15   0.23     0.01   0.00   0.00    -0.04   0.04   0.08
    42   1    -0.10  -0.05  -0.26     0.01   0.01   0.01    -0.06  -0.05  -0.12
    43   7     0.04   0.00   0.00    -0.04  -0.05   0.04    -0.01   0.05   0.02
    44   7     0.01  -0.04   0.01     0.00   0.01  -0.04     0.05  -0.05  -0.02
    45   6    -0.02   0.02  -0.01     0.00   0.01   0.11     0.02   0.06   0.09
    46   1    -0.03   0.02   0.00     0.09   0.23  -0.21     0.04   0.34  -0.23
    47   1     0.00   0.00   0.00    -0.11  -0.33   0.02    -0.12  -0.29   0.00
    48   6     0.01   0.00   0.01     0.00   0.02  -0.11    -0.02  -0.05  -0.09
    49   1    -0.02  -0.01   0.00     0.13  -0.26   0.13     0.09  -0.30   0.13
    50   1    -0.03  -0.06   0.00    -0.04   0.37   0.06    -0.09   0.28   0.08
                    70                     71                     72
                     A                      A                      A
 Frequencies --  1111.3674              1122.1442              1125.2598
 Red. masses --     1.9266                 1.8014                 1.8892
 Frc consts  --     1.4020                 1.3365                 1.4094
 IR Inten    --    63.4193                17.2723                19.5249
  Atom  AN      X      Y      Z        X      Y      Z        X      Y      Z
     1   6     0.04  -0.06   0.03     0.02   0.02   0.00    -0.04   0.01  -0.01
     2   6     0.00   0.04  -0.01     0.02   0.01   0.00     0.02   0.00   0.00
     3   6     0.00   0.08  -0.01     0.01   0.03  -0.01     0.01  -0.01   0.00
     4   6     0.00  -0.02   0.00    -0.05   0.05  -0.01     0.07   0.00   0.00
     5   6     0.00  -0.07   0.02    -0.01   0.04  -0.01     0.00   0.02  -0.01
     6   6     0.00  -0.01   0.00     0.02  -0.03   0.00    -0.09  -0.06   0.01
     7   6     0.00  -0.04   0.01    -0.01  -0.05   0.01    -0.02  -0.04   0.01
     8   6    -0.05  -0.04   0.03    -0.05  -0.04   0.03     0.01  -0.04   0.01
     9   6     0.03   0.00   0.00    -0.05   0.01   0.00     0.01   0.01   0.00
    10   6    -0.02   0.01   0.00     0.05  -0.01   0.00     0.04   0.03   0.00
    11   6    -0.01   0.00   0.00    -0.02  -0.01   0.00    -0.07  -0.01   0.00
    12   1     0.04   0.03   0.01    -0.09  -0.05   0.01     0.09   0.12  -0.01
    13   1    -0.09   0.01   0.00     0.33  -0.02   0.01     0.26   0.03   0.00
    14   1    -0.01   0.00   0.01     0.00  -0.05   0.00    -0.15   0.12  -0.02
    15   6    -0.03   0.07  -0.04    -0.07  -0.08   0.02     0.04   0.02   0.01
    16   1    -0.06   0.02   0.08    -0.21   0.25  -0.11     0.14  -0.15   0.02
    17   1    -0.24   0.17   0.00     0.27  -0.12   0.09    -0.02  -0.02  -0.05
    18   6     0.01  -0.04   0.01     0.04   0.05  -0.01    -0.02  -0.01   0.00
    19   1    -0.09   0.10   0.12     0.00  -0.13  -0.22     0.03   0.03   0.06
    20   1     0.06  -0.01  -0.16    -0.09  -0.11   0.02     0.02   0.06   0.05
    21   1    -0.03   0.07  -0.05    -0.08   0.02   0.23     0.05  -0.04  -0.10
    22   6    -0.03   0.10  -0.04     0.02  -0.06   0.02    -0.01  -0.01   0.00
    23   1    -0.11  -0.07   0.18     0.07   0.04  -0.12    -0.03  -0.02  -0.01
    24   1     0.31  -0.01  -0.13    -0.12   0.03   0.09    -0.04  -0.01   0.00
    25   6     0.03  -0.08   0.02    -0.02   0.04  -0.01     0.00   0.01   0.00
    26   1    -0.20   0.00  -0.20     0.11  -0.01   0.09     0.01   0.01   0.02
    27   1    -0.11   0.11  -0.17     0.07  -0.06   0.10     0.00  -0.01   0.00
    28   1     0.14   0.19   0.25    -0.07  -0.10  -0.14    -0.01  -0.01  -0.01
    29   6     0.03   0.06  -0.02     0.03   0.06  -0.02     0.04   0.08  -0.02
    30   1    -0.24   0.05  -0.07    -0.22   0.04  -0.08    -0.23   0.04  -0.10
    31   1     0.13  -0.13   0.10     0.12  -0.11   0.10     0.18  -0.17   0.13
    32   6    -0.02  -0.04   0.01    -0.02  -0.04   0.01    -0.02  -0.05   0.02
    33   1    -0.02   0.10   0.16    -0.01   0.10   0.15    -0.01   0.11   0.18
    34   1     0.05   0.00  -0.17     0.05  -0.01  -0.17     0.06  -0.01  -0.21
    35   1     0.04   0.09  -0.03     0.03   0.09  -0.02     0.04   0.12  -0.02
    36   6     0.06   0.01  -0.03     0.04   0.03  -0.03    -0.06   0.09  -0.03
    37   1     0.16   0.14   0.02     0.11   0.09   0.03    -0.20  -0.22   0.14
    38   1     0.06   0.08   0.04     0.12   0.11   0.03     0.30   0.12  -0.09
    39   6    -0.03  -0.01   0.01    -0.02  -0.02   0.01     0.04  -0.05   0.02
    40   1     0.00  -0.06  -0.11    -0.02  -0.03  -0.10    -0.10   0.11  -0.04
    41   1     0.07   0.02   0.00     0.06   0.04   0.03     0.00   0.15   0.22
    42   1     0.06   0.07   0.06     0.04   0.06   0.02    -0.07  -0.02  -0.24
    43   7     0.05  -0.04   0.01     0.07   0.01   0.01    -0.07  -0.03   0.00
    44   7    -0.07  -0.02   0.00    -0.05   0.01  -0.02     0.08  -0.03   0.02
    45   6    -0.02   0.02   0.03     0.00   0.00   0.04    -0.02   0.01  -0.04
    46   1     0.10  -0.01  -0.04     0.11   0.00  -0.05    -0.15   0.01   0.05
    47   1     0.00  -0.13   0.01     0.00  -0.14   0.01    -0.01   0.14  -0.01
    48   6     0.02   0.02  -0.03    -0.01  -0.01  -0.04     0.02   0.03   0.03
    49   1     0.01  -0.10   0.04    -0.02  -0.16   0.07     0.01   0.15  -0.06
    50   1    -0.09   0.02   0.03    -0.11   0.06   0.04     0.12  -0.03  -0.05
                    73                     74                     75
                     A                      A                      A
 Frequencies --  1196.2003              1201.3188              1213.8299
 Red. masses --     1.6479                 2.0956                 1.4438
 Frc consts  --     1.3893                 1.7818                 1.2534
 IR Inten    --    30.0527                37.1416                35.0510
  Atom  AN      X      Y      Z        X      Y      Z        X      Y      Z
     1   6     0.05   0.01   0.00    -0.05   0.04  -0.01     0.00  -0.03   0.01
     2   6     0.01   0.00   0.01     0.00   0.01   0.00     0.00   0.00   0.00
     3   6    -0.01  -0.06   0.01     0.01   0.12  -0.02    -0.01  -0.03   0.01
     4   6    -0.02  -0.04   0.01     0.05   0.03   0.00    -0.02   0.02  -0.01
     5   6     0.03   0.01  -0.01     0.06   0.05  -0.01    -0.05  -0.05   0.01
     6   6    -0.01   0.00   0.00    -0.04   0.04  -0.01     0.02  -0.04   0.01
     7   6     0.09  -0.06   0.02    -0.06   0.05  -0.01    -0.02   0.01   0.00
     8   6     0.00  -0.03   0.01     0.06   0.02  -0.01    -0.03   0.01   0.00
     9   6     0.01   0.02   0.00     0.02  -0.05   0.01    -0.01   0.02   0.00
    10   6    -0.02   0.00   0.00    -0.01   0.02   0.00     0.01  -0.01   0.00
    11   6     0.01   0.02   0.00    -0.01  -0.06   0.01     0.00   0.02   0.00
    12   1     0.22   0.35  -0.05    -0.08  -0.21   0.03    -0.12  -0.15   0.02
    13   1    -0.46   0.00  -0.01    -0.12   0.02  -0.01     0.45  -0.02   0.01
    14   1     0.09  -0.09   0.01     0.14  -0.32   0.04    -0.17   0.30  -0.05
    15   6    -0.03   0.00   0.00     0.01  -0.02   0.01     0.01   0.03  -0.01
    16   1    -0.02   0.01  -0.03     0.05  -0.04  -0.05    -0.04   0.02   0.10
    17   1     0.02   0.02   0.04     0.08  -0.06   0.00    -0.04   0.00  -0.06
    18   6     0.01   0.01   0.00     0.00   0.01   0.00    -0.01  -0.02   0.00
    19   1    -0.01  -0.02  -0.04     0.01  -0.02  -0.02     0.00   0.04   0.08
    20   1    -0.01  -0.02   0.00    -0.01  -0.01   0.00     0.03   0.04   0.00
    21   1    -0.02   0.01   0.05     0.00   0.00   0.03     0.02   0.00  -0.07
    22   6    -0.01  -0.01   0.00    -0.03  -0.02   0.01     0.02   0.02  -0.01
    23   1    -0.03  -0.01  -0.02    -0.08  -0.05  -0.06     0.07   0.05   0.07
    24   1    -0.06  -0.03   0.00    -0.05   0.00   0.02     0.06   0.00  -0.03
    25   6     0.00   0.00   0.00     0.01   0.01   0.00     0.00  -0.01   0.00
    26   1     0.00   0.01   0.01     0.00   0.01   0.01    -0.01  -0.01  -0.02
    27   1    -0.01  -0.01  -0.01    -0.02  -0.02  -0.01     0.01   0.02   0.00
    28   1    -0.01  -0.01   0.00    -0.02  -0.02   0.00     0.02   0.02   0.01
    29   6    -0.03   0.02  -0.01     0.02  -0.01   0.01     0.00  -0.01   0.00
    30   1    -0.05   0.03  -0.01     0.02  -0.01   0.01     0.02   0.00   0.02
    31   1    -0.07   0.02   0.06     0.07  -0.02  -0.04     0.02   0.00  -0.04
    32   6     0.00  -0.01   0.00     0.00   0.01   0.00     0.00   0.01   0.00
    33   1    -0.03   0.02   0.04     0.02  -0.01  -0.02     0.00  -0.01  -0.02
    34   1    -0.02   0.01  -0.02     0.01  -0.01   0.01     0.00   0.00   0.02
    35   1     0.01   0.01  -0.02     0.00   0.00   0.01    -0.01  -0.01   0.00
    36   6    -0.01   0.02  -0.01    -0.01  -0.01   0.01     0.02   0.00   0.00
    37   1     0.02   0.02   0.07    -0.05  -0.05  -0.02     0.00   0.00  -0.03
    38   1     0.06   0.01  -0.04    -0.06  -0.06  -0.03    -0.01   0.02   0.03
    39   6     0.01  -0.02   0.00     0.00   0.00   0.00    -0.01   0.01   0.00
    40   1    -0.03   0.03   0.00    -0.01   0.01  -0.01     0.01  -0.01   0.00
    41   1     0.00   0.04   0.06    -0.01   0.01   0.02     0.00  -0.01  -0.03
    42   1    -0.02  -0.01  -0.06    -0.01  -0.01  -0.01     0.01   0.01   0.04
    43   7    -0.03  -0.02   0.03     0.01  -0.10   0.04     0.02   0.10   0.01
    44   7    -0.02   0.13  -0.01    -0.02  -0.10   0.05     0.03  -0.02   0.03
    45   6     0.02  -0.07  -0.02    -0.05   0.06  -0.04     0.01   0.01  -0.05
    46   1     0.11  -0.21   0.07     0.42  -0.41   0.12     0.13  -0.21   0.09
    47   1    -0.21   0.29  -0.04    -0.21   0.27  -0.05    -0.19   0.30  -0.06
    48   6    -0.02   0.00  -0.03     0.04   0.04  -0.06    -0.02  -0.07  -0.02
    49   1    -0.19  -0.25   0.08    -0.21  -0.32   0.09    -0.22  -0.28   0.07
    50   1     0.28   0.33  -0.05     0.01   0.15   0.01     0.31   0.33  -0.04
                    76                     77                     78
                     A                      A                      A
 Frequencies --  1250.0837              1258.2008              1272.9605
 Red. masses --     1.1773                 1.7901                 1.6463
 Frc consts  --     1.0840                 1.6696                 1.5718
 IR Inten    --    49.2213                19.5739                 4.2719
  Atom  AN      X      Y      Z        X      Y      Z        X      Y      Z
     1   6    -0.01  -0.01   0.00     0.01   0.00   0.00    -0.08   0.03  -0.01
     2   6     0.00   0.01   0.00     0.02   0.01   0.00     0.04   0.00   0.00
     3   6     0.00  -0.03   0.01    -0.05   0.02   0.00    -0.08   0.00   0.00
     4   6     0.00   0.00   0.00     0.01   0.04   0.00     0.01  -0.07   0.01
     5   6    -0.02  -0.01   0.00     0.06   0.01  -0.01     0.05   0.04  -0.01
     6   6    -0.01  -0.03   0.01    -0.10  -0.08   0.01    -0.01   0.07  -0.01
     7   6     0.02   0.00   0.00     0.14   0.00   0.01     0.06  -0.05   0.01
     8   6     0.02   0.00   0.00    -0.04  -0.01   0.00    -0.06  -0.01   0.01
     9   6    -0.01   0.01   0.00     0.01  -0.01   0.00     0.04   0.00   0.00
    10   6     0.00   0.01   0.00     0.01   0.03   0.00     0.00   0.00   0.00
    11   6     0.00   0.01   0.00    -0.01  -0.02   0.00     0.04   0.00   0.00
    12   1     0.04   0.08  -0.01     0.01   0.00   0.01    -0.17  -0.32   0.04
    13   1     0.07   0.01   0.00     0.31   0.03   0.00    -0.11   0.01   0.00
    14   1    -0.03   0.06  -0.01    -0.04   0.03  -0.01    -0.16   0.33  -0.05
    15   6     0.01   0.00   0.00    -0.01   0.00   0.00     0.02   0.02   0.01
    16   1     0.01   0.01  -0.01     0.03  -0.03  -0.04    -0.05   0.05   0.10
    17   1    -0.02   0.01   0.00    -0.02   0.03   0.03     0.21  -0.23  -0.21
    18   6     0.00   0.00   0.00     0.01   0.01   0.00    -0.02  -0.03   0.02
    19   1     0.00  -0.01  -0.01     0.00  -0.01  -0.03     0.00   0.04   0.11
    20   1    -0.01   0.00   0.00    -0.01  -0.01   0.00     0.05   0.04  -0.04
    21   1     0.01  -0.01  -0.01    -0.01   0.01   0.03     0.03   0.00  -0.13
    22   6     0.01   0.01   0.00    -0.02   0.00   0.01    -0.01  -0.01   0.00
    23   1     0.03   0.02   0.02     0.00   0.01   0.03    -0.10  -0.08  -0.03
    24   1     0.01  -0.01  -0.01    -0.11  -0.09  -0.07    -0.03   0.01   0.02
    25   6     0.00   0.00   0.00     0.01  -0.01   0.01     0.00   0.01   0.00
    26   1     0.00   0.00   0.00    -0.02   0.00  -0.02     0.01   0.00   0.00
    27   1     0.00   0.00   0.00    -0.03   0.00  -0.03    -0.01  -0.01   0.01
    28   1     0.01   0.01   0.00     0.01   0.00   0.02    -0.01  -0.01  -0.02
    29   6    -0.01   0.00   0.00    -0.06  -0.05   0.01     0.00   0.02  -0.01
    30   1    -0.01   0.01   0.01    -0.34   0.30   0.33     0.08  -0.08  -0.10
    31   1     0.00   0.00  -0.01     0.28  -0.16  -0.33    -0.18   0.12   0.12
    32   6     0.00   0.00   0.00     0.05   0.08  -0.02    -0.01  -0.03   0.00
    33   1    -0.01   0.00  -0.01    -0.03  -0.12  -0.22     0.00   0.05   0.08
    34   1    -0.01   0.00   0.01    -0.08   0.04   0.27     0.01   0.00  -0.08
    35   1     0.00  -0.01   0.00    -0.05  -0.15   0.03     0.02   0.06   0.00
    36   6    -0.01   0.01   0.00     0.02  -0.02   0.00     0.02  -0.03   0.00
    37   1     0.01   0.02   0.05    -0.04  -0.05  -0.10    -0.10  -0.11  -0.15
    38   1    -0.06  -0.08  -0.07     0.09   0.13   0.13     0.23   0.27   0.24
    39   6     0.01  -0.02   0.00    -0.02   0.03  -0.01    -0.03   0.04  -0.02
    40   1    -0.03   0.03  -0.01     0.03  -0.04   0.02     0.06  -0.05   0.05
    41   1    -0.01   0.04   0.06     0.01  -0.05  -0.09    -0.01  -0.07  -0.14
    42   1    -0.01  -0.01  -0.05     0.03   0.02   0.09     0.04   0.01   0.17
    43   7     0.00   0.04  -0.03    -0.02  -0.05   0.01     0.03  -0.03   0.00
    44   7     0.00   0.04   0.01    -0.01   0.02  -0.01     0.03   0.03  -0.01
    45   6    -0.01   0.00   0.06    -0.01   0.00   0.00    -0.02  -0.01   0.01
    46   1     0.43  -0.28   0.02     0.02  -0.03   0.01     0.11  -0.10   0.02
    47   1    -0.41   0.20  -0.04     0.04  -0.05   0.01    -0.03  -0.01   0.01
    48   6     0.01  -0.03  -0.05     0.01   0.02   0.00    -0.01   0.01  -0.01
    49   1     0.43   0.20  -0.05     0.03   0.03   0.00     0.10   0.07  -0.01
    50   1    -0.42  -0.25   0.09     0.01   0.00  -0.01    -0.06  -0.01   0.01
                    79                     80                     81
                     A                      A                      A
 Frequencies --  1273.8099              1277.2638              1282.8459
 Red. masses --     1.5315                 1.2489                 1.3553
 Frc consts  --     1.4641                 1.2004                 1.3141
 IR Inten    --    12.2371                26.3373                29.3442
  Atom  AN      X      Y      Z        X      Y      Z        X      Y      Z
     1   6    -0.05   0.03  -0.01    -0.02  -0.01   0.00     0.04  -0.04   0.01
     2   6     0.01  -0.01   0.00     0.00   0.01   0.00    -0.02   0.00   0.00
     3   6    -0.03  -0.01   0.00     0.00  -0.01   0.00     0.04   0.00   0.00
     4   6    -0.07   0.07  -0.01     0.03  -0.04   0.01     0.01   0.04  -0.01
     5   6     0.12   0.00  -0.02    -0.02   0.03   0.00     0.00   0.01   0.00
     6   6     0.02  -0.01   0.00    -0.01   0.03   0.00    -0.02  -0.05   0.01
     7   6     0.00   0.00   0.00    -0.02   0.01   0.00     0.02   0.00   0.00
     8   6     0.05   0.01  -0.01    -0.01  -0.03   0.01     0.05   0.03  -0.01
     9   6    -0.01   0.01   0.00     0.01   0.00   0.00    -0.05  -0.03   0.00
    10   6     0.00  -0.03   0.00     0.00   0.01   0.00     0.03   0.01   0.00
    11   6     0.00   0.01   0.00     0.01   0.00   0.00    -0.05   0.02   0.00
    12   1    -0.03  -0.02   0.00    -0.04  -0.08   0.01     0.19   0.35  -0.05
    13   1     0.18  -0.03   0.01    -0.12   0.01   0.00     0.04   0.01   0.00
    14   1     0.06  -0.10   0.01    -0.05   0.10  -0.01     0.16  -0.32   0.05
    15   6     0.03   0.02   0.00     0.02   0.02   0.00     0.01   0.03  -0.01
    16   1    -0.10   0.11   0.15    -0.18   0.17   0.20    -0.28   0.27   0.26
    17   1     0.18  -0.22  -0.22     0.18  -0.19  -0.20     0.15  -0.18  -0.20
    18   6    -0.03  -0.04   0.01    -0.03  -0.04   0.01    -0.04  -0.05   0.00
    19   1     0.01   0.06   0.13     0.00   0.06   0.14     0.01   0.08   0.16
    20   1     0.06   0.05  -0.03     0.06   0.07  -0.01     0.06   0.08   0.01
    21   1     0.04  -0.01  -0.14     0.03  -0.01  -0.15     0.03  -0.01  -0.17
    22   6    -0.03   0.02   0.02     0.00  -0.02  -0.01    -0.01  -0.01   0.00
    23   1     0.18   0.19   0.17    -0.16  -0.15  -0.12    -0.06  -0.05  -0.07
    24   1    -0.38  -0.38  -0.30     0.23   0.23   0.19     0.14   0.10   0.09
    25   6     0.03  -0.04   0.02    -0.02   0.03  -0.01    -0.01   0.01  -0.01
    26   1    -0.10   0.00  -0.08     0.06   0.00   0.05     0.03   0.00   0.03
    27   1    -0.09   0.02  -0.11     0.04  -0.02   0.06     0.02  -0.02   0.02
    28   1     0.05   0.03   0.08    -0.04  -0.02  -0.05    -0.02  -0.01  -0.01
    29   6     0.00   0.00   0.00     0.00  -0.02   0.00    -0.01   0.01   0.00
    30   1     0.02  -0.02  -0.03    -0.20   0.14   0.15     0.07  -0.03  -0.03
    31   1    -0.06   0.04   0.04     0.18  -0.10  -0.15    -0.02  -0.01   0.04
    32   6     0.00  -0.01   0.00     0.01   0.03  -0.01     0.00  -0.01   0.01
    33   1     0.00   0.02   0.03     0.01  -0.05  -0.09    -0.01   0.00   0.01
    34   1     0.00   0.00  -0.02    -0.02   0.00   0.12     0.00   0.01  -0.04
    35   1     0.00   0.02   0.00    -0.02  -0.06   0.02     0.01   0.01  -0.02
    36   6    -0.02   0.01   0.00    -0.01   0.03  -0.01     0.00  -0.03   0.01
    37   1     0.08   0.10   0.11     0.21   0.21   0.21    -0.21  -0.21  -0.19
    38   1    -0.14  -0.18  -0.16    -0.14  -0.18  -0.19     0.11   0.14   0.15
    39   6     0.02  -0.03   0.01     0.03  -0.04   0.01    -0.03   0.04  -0.01
    40   1    -0.04   0.04  -0.02    -0.06   0.07  -0.02     0.05  -0.06   0.00
    41   1    -0.01   0.05   0.09     0.00   0.07   0.14     0.00  -0.07  -0.12
    42   1    -0.03  -0.02  -0.11    -0.03  -0.01  -0.16     0.02   0.01   0.13
    43   7     0.02   0.00   0.00     0.04   0.01   0.00     0.00   0.03  -0.01
    44   7    -0.04   0.04  -0.01    -0.02   0.02  -0.01    -0.01  -0.02   0.00
    45   6     0.00  -0.01   0.00     0.00  -0.01   0.00     0.00   0.01   0.00
    46   1     0.00   0.01  -0.01    -0.03   0.02  -0.01     0.00   0.02  -0.01
    47   1     0.12  -0.09   0.02     0.06  -0.05   0.01    -0.02   0.02  -0.01
    48   6     0.00   0.00   0.01     0.00   0.00   0.00     0.01  -0.01   0.00
    49   1    -0.04  -0.01   0.00    -0.04  -0.02   0.01    -0.02  -0.03   0.00
    50   1     0.00   0.00   0.00     0.00   0.00   0.00    -0.05  -0.05   0.02
                    82                     83                     84
                     A                      A                      A
 Frequencies --  1303.9801              1321.9149              1331.7785
 Red. masses --     1.6342                 2.0285                 1.4571
 Frc consts  --     1.6371                 2.0885                 1.5226
 IR Inten    --   111.0859                31.0106                10.2681
  Atom  AN      X      Y      Z        X      Y      Z        X      Y      Z
     1   6     0.02  -0.03   0.01     0.12  -0.05   0.02     0.00  -0.01   0.00
     2   6     0.00   0.00   0.00     0.00  -0.04   0.01     0.06   0.00   0.00
     3   6    -0.05   0.01   0.00    -0.02   0.02   0.00     0.02  -0.01   0.00
     4   6     0.02   0.04  -0.01    -0.05   0.10  -0.02    -0.03  -0.02   0.00
     5   6     0.05   0.01   0.01     0.09   0.03  -0.01     0.02  -0.01   0.00
     6   6    -0.08  -0.08   0.02     0.02   0.06  -0.01     0.01   0.02   0.00
     7   6     0.13   0.02   0.00    -0.01   0.02  -0.01    -0.02   0.00   0.00
     8   6     0.03   0.05  -0.02    -0.10  -0.03   0.01     0.02   0.00   0.01
     9   6     0.02   0.00   0.00     0.03   0.01   0.00    -0.03  -0.02   0.00
    10   6    -0.04   0.03   0.00    -0.01  -0.05   0.01     0.03  -0.01   0.00
    11   6     0.02  -0.03   0.00    -0.02   0.00   0.00    -0.02   0.03  -0.01
    12   1    -0.03  -0.07   0.01    -0.10  -0.21   0.03     0.04   0.09  -0.01
    13   1     0.34   0.02   0.00     0.10  -0.06   0.01    -0.05  -0.01   0.00
    14   1    -0.06   0.10  -0.02     0.09  -0.21   0.03     0.05  -0.08   0.01
    15   6     0.00   0.00  -0.01     0.01  -0.01  -0.03    -0.03   0.02   0.01
    16   1    -0.02   0.00   0.02    -0.25   0.20   0.22     0.11  -0.12  -0.07
    17   1    -0.10   0.12   0.10    -0.09   0.14   0.10     0.04  -0.03  -0.03
    18   6     0.00   0.01   0.00    -0.02   0.00  -0.01     0.01   0.00   0.01
    19   1     0.01  -0.01  -0.02     0.02   0.01   0.02    -0.04  -0.01  -0.03
    20   1    -0.01   0.00   0.02    -0.01   0.04   0.06     0.00  -0.03  -0.03
    21   1    -0.01   0.00   0.02     0.02  -0.03  -0.04    -0.01   0.03   0.00
    22   6    -0.02  -0.02  -0.01    -0.03  -0.02   0.00    -0.01   0.00   0.00
    23   1    -0.19  -0.17  -0.08    -0.11  -0.07  -0.06    -0.04  -0.03  -0.02
    24   1     0.23   0.22   0.18     0.03   0.03   0.04     0.05   0.05   0.04
    25   6    -0.01   0.03  -0.01     0.00   0.01   0.00     0.00   0.01   0.00
    26   1     0.04   0.01   0.03     0.01   0.00  -0.01     0.00   0.00   0.00
    27   1     0.01  -0.02   0.03    -0.02  -0.03   0.00     0.00  -0.01   0.00
    28   1    -0.04  -0.03  -0.03    -0.03  -0.03  -0.02    -0.01  -0.01  -0.01
    29   6    -0.03   0.02   0.00     0.01  -0.01   0.00     0.01   0.00   0.00
    30   1     0.29  -0.19  -0.17     0.03  -0.03  -0.02    -0.06   0.04   0.03
    31   1    -0.29   0.18   0.15    -0.06   0.05   0.01     0.01  -0.01   0.00
    32   6    -0.01  -0.04   0.01     0.00   0.00   0.00     0.00   0.00   0.00
    33   1    -0.03   0.06   0.11     0.01   0.01   0.02     0.01   0.00  -0.01
    34   1     0.00   0.00  -0.09     0.01  -0.01   0.00     0.00  -0.01   0.01
    35   1     0.02   0.06  -0.01     0.00   0.00   0.01     0.00   0.00   0.01
    36   6     0.00   0.00   0.02     0.01   0.00  -0.02    -0.03  -0.02  -0.01
    37   1     0.03   0.05   0.00     0.17   0.14   0.13     0.05   0.06   0.05
    38   1    -0.23  -0.26  -0.18     0.04   0.06   0.04     0.07   0.07   0.05
    39   6     0.01  -0.02   0.01     0.01   0.00  -0.01     0.01   0.00  -0.01
    40   1    -0.02   0.01  -0.03     0.00   0.02   0.05     0.00   0.02   0.02
    41   1     0.01   0.04   0.07     0.00   0.02   0.02    -0.04   0.00   0.01
    42   1    -0.01   0.00  -0.05     0.00  -0.01  -0.02    -0.01  -0.02   0.01
    43   7    -0.01  -0.03   0.01    -0.09  -0.07   0.01    -0.02   0.02  -0.01
    44   7    -0.05   0.03  -0.01     0.07  -0.04   0.02    -0.02  -0.01   0.00
    45   6    -0.02   0.01   0.00     0.06   0.00   0.01    -0.07   0.08  -0.01
    46   1     0.07  -0.06   0.01    -0.12   0.14  -0.02     0.37  -0.26   0.04
    47   1     0.18  -0.14   0.03    -0.33   0.26  -0.07     0.35  -0.28   0.06
    48   6     0.00   0.00   0.01    -0.06   0.01  -0.01    -0.07  -0.08   0.02
    49   1    -0.03  -0.01   0.00     0.37   0.28  -0.05     0.37   0.28  -0.07
    50   1     0.08   0.03  -0.02     0.15   0.15  -0.06     0.40   0.26  -0.08
                    85                     86                     87
                     A                      A                      A
 Frequencies --  1335.6341              1346.0014              1348.0105
 Red. masses --     2.5544                 1.4565                 1.5775
 Frc consts  --     2.6848                 1.5547                 1.6889
 IR Inten    --     6.6633                29.7044                29.7602
  Atom  AN      X      Y      Z        X      Y      Z        X      Y      Z
     1   6    -0.06  -0.02   0.01    -0.02  -0.03  -0.01     0.06  -0.01  -0.01
     2   6    -0.01   0.02   0.00    -0.01   0.00   0.00     0.00  -0.01   0.00
     3   6    -0.03  -0.03   0.00    -0.01   0.00   0.00     0.00   0.03   0.00
     4   6    -0.14   0.02  -0.01    -0.02   0.04  -0.01     0.00   0.00   0.00
     5   6     0.19  -0.02   0.01     0.05  -0.03   0.01    -0.02   0.00   0.00
     6   6     0.13  -0.03   0.01     0.01  -0.02   0.00     0.00   0.02   0.00
     7   6    -0.12  -0.06   0.01     0.01   0.03  -0.01     0.01  -0.01   0.00
     8   6     0.10  -0.01  -0.01    -0.02   0.02   0.01    -0.06  -0.02  -0.02
     9   6     0.00   0.07  -0.01    -0.01  -0.01   0.00     0.01  -0.01   0.00
    10   6    -0.03  -0.05   0.01    -0.01  -0.01   0.00     0.01   0.00   0.00
    11   6     0.05   0.03   0.00    -0.01   0.02   0.00    -0.01   0.00   0.00
    12   1    -0.06  -0.01   0.00     0.05   0.08  -0.01    -0.01  -0.04   0.01
    13   1     0.08  -0.06   0.01     0.15  -0.01   0.00    -0.04   0.00   0.00
    14   1     0.00   0.11  -0.02     0.07  -0.11   0.02     0.00  -0.03   0.01
    15   6     0.02   0.00  -0.01    -0.08   0.08   0.05    -0.08   0.07   0.04
    16   1     0.11  -0.12  -0.03     0.33  -0.28  -0.32     0.17  -0.13  -0.22
    17   1    -0.11   0.13   0.09     0.18  -0.25  -0.24     0.23  -0.27  -0.24
    18   6     0.00   0.01   0.00     0.04  -0.02   0.01     0.03  -0.03   0.01
    19   1     0.02  -0.03  -0.05    -0.12   0.03   0.00    -0.12   0.05   0.02
    20   1    -0.01   0.00  -0.02     0.03  -0.05  -0.08     0.03  -0.04  -0.05
    21   1     0.01   0.00   0.01    -0.06   0.11   0.02    -0.05   0.10   0.00
    22   6    -0.07  -0.03  -0.02    -0.03  -0.01  -0.01     0.01   0.00   0.00
    23   1    -0.22  -0.18  -0.03    -0.05  -0.04   0.01     0.00   0.00  -0.03
    24   1     0.30   0.27   0.22     0.18   0.14   0.11    -0.04  -0.04  -0.03
    25   6     0.01   0.03   0.00     0.01   0.01   0.00     0.00   0.00   0.00
    26   1     0.01   0.02   0.00     0.00   0.02   0.01     0.00  -0.01  -0.01
    27   1    -0.03  -0.06  -0.01    -0.01  -0.02   0.00     0.00   0.01   0.00
    28   1    -0.07  -0.06  -0.03    -0.03  -0.03  -0.01     0.01   0.00  -0.01
    29   6     0.03   0.00  -0.01    -0.01   0.00   0.00    -0.03   0.01   0.01
    30   1    -0.25   0.15   0.11     0.07  -0.04  -0.02     0.09  -0.07  -0.06
    31   1     0.14  -0.09  -0.05    -0.04   0.02   0.02     0.10  -0.06  -0.07
    32   6     0.00   0.02   0.00     0.00   0.00   0.00     0.01   0.00   0.01
    33   1     0.04  -0.05  -0.07    -0.01   0.01   0.02    -0.02  -0.02  -0.01
    34   1     0.02   0.00   0.01     0.00  -0.01   0.01    -0.01   0.02  -0.02
    35   1    -0.01  -0.01  -0.02     0.00   0.00   0.01     0.01  -0.01  -0.04
    36   6     0.02   0.04   0.03    -0.05  -0.05  -0.04     0.10   0.09   0.05
    37   1    -0.34  -0.33  -0.24     0.25   0.22   0.24    -0.25  -0.22  -0.30
    38   1    -0.01  -0.05  -0.05     0.11   0.18   0.16    -0.25  -0.33  -0.27
    39   6    -0.03   0.00   0.01     0.03   0.01  -0.01    -0.04  -0.03   0.01
    40   1     0.00  -0.05  -0.08     0.02   0.04   0.05    -0.03  -0.05  -0.06
    41   1     0.05  -0.03  -0.06    -0.08  -0.02   0.00     0.15   0.06   0.02
    42   1     0.02   0.05   0.03    -0.05  -0.08  -0.02     0.08   0.13   0.01
    43   7    -0.02  -0.01   0.00     0.02   0.01   0.00     0.00  -0.02   0.00
    44   7    -0.01   0.04  -0.01     0.02  -0.01   0.01     0.00  -0.02   0.01
    45   6     0.01  -0.02   0.01     0.03  -0.02   0.00     0.03   0.00   0.00
    46   1    -0.01   0.01  -0.01    -0.12   0.09  -0.01    -0.06   0.07  -0.01
    47   1    -0.02   0.03   0.00    -0.15   0.11  -0.03    -0.10   0.08  -0.02
    48   6     0.02   0.01   0.00     0.01   0.02  -0.01    -0.04  -0.01   0.00
    49   1    -0.05  -0.03   0.01    -0.08  -0.05   0.01     0.15   0.12  -0.02
    50   1    -0.07  -0.05   0.02    -0.12  -0.06   0.03     0.09   0.08  -0.03
                    88                     89                     90
                     A                      A                      A
 Frequencies --  1357.7734              1377.4289              1390.1003
 Red. masses --     1.3637                 1.5961                 2.0265
 Frc consts  --     1.4812                 1.7842                 2.3073
 IR Inten    --    27.5430               148.0220               171.1531
  Atom  AN      X      Y      Z        X      Y      Z        X      Y      Z
     1   6    -0.01   0.01   0.00    -0.06   0.01   0.00     0.01  -0.02   0.00
     2   6     0.00   0.01   0.00     0.01  -0.05   0.01    -0.02  -0.04   0.01
     3   6    -0.01   0.01   0.00     0.00  -0.02   0.00     0.00   0.00   0.00
     4   6    -0.03  -0.02   0.00     0.05   0.04  -0.01     0.05   0.06  -0.01
     5   6     0.02   0.00   0.00     0.00  -0.01   0.02    -0.05  -0.01  -0.01
     6   6     0.03  -0.01   0.00    -0.06   0.07  -0.01    -0.03   0.00   0.00
     7   6    -0.01  -0.01  -0.03     0.02  -0.02   0.00    -0.02  -0.03   0.00
     8   6    -0.01   0.00   0.01     0.02  -0.02   0.00     0.14   0.00   0.00
     9   6    -0.01   0.01   0.00     0.02  -0.02   0.00     0.06   0.04  -0.01
    10   6     0.00   0.00   0.00     0.01  -0.01   0.00    -0.05  -0.01   0.00
    11   6     0.01   0.01   0.00    -0.03  -0.01   0.00     0.02  -0.06   0.01
    12   1     0.00   0.02  -0.01    -0.05  -0.13   0.02    -0.10  -0.20   0.03
    13   1    -0.03   0.00   0.00    -0.05  -0.01   0.00    -0.01  -0.01   0.00
    14   1    -0.02   0.06  -0.01     0.04  -0.13   0.02    -0.04   0.03  -0.01
    15   6     0.01  -0.01  -0.01     0.02  -0.02   0.00    -0.02   0.01   0.00
    16   1    -0.04   0.03   0.05     0.02  -0.02   0.01     0.03  -0.03  -0.04
    17   1    -0.03   0.04   0.04    -0.05   0.04   0.04     0.03  -0.03  -0.03
    18   6    -0.01   0.00   0.00     0.00   0.01   0.00     0.01   0.00   0.01
    19   1     0.02  -0.01  -0.01     0.03  -0.02  -0.01    -0.04  -0.02  -0.03
    20   1     0.00   0.01   0.00    -0.02  -0.02  -0.02     0.00  -0.02  -0.03
    21   1     0.01  -0.02  -0.01     0.03  -0.05   0.01     0.01   0.03  -0.03
    22   6     0.00   0.00   0.00    -0.10  -0.05  -0.04     0.05   0.04   0.02
    23   1    -0.03  -0.03  -0.01     0.48   0.40   0.42    -0.22  -0.18  -0.20
    24   1    -0.01  -0.01   0.00     0.31   0.25   0.20    -0.13  -0.12  -0.11
    25   6     0.00   0.00   0.00     0.04  -0.01  -0.04    -0.03  -0.02   0.00
    26   1     0.00   0.00  -0.01    -0.03   0.07   0.10     0.03  -0.02   0.09
    27   1    -0.01   0.00   0.00     0.02  -0.07  -0.03     0.09   0.12   0.07
    28   1     0.00  -0.01  -0.01    -0.06  -0.01   0.13     0.07   0.11   0.02
    29   6    -0.12   0.07   0.06    -0.02   0.02   0.01     0.00   0.02   0.00
    30   1     0.46  -0.32  -0.26     0.02  -0.03  -0.03    -0.02   0.00  -0.02
    31   1     0.54  -0.34  -0.30     0.09  -0.05  -0.05     0.09  -0.06  -0.04
    32   6     0.05  -0.01   0.02     0.01   0.00   0.00     0.00   0.00   0.00
    33   1    -0.11  -0.04  -0.01    -0.02   0.01   0.01     0.00  -0.01   0.00
    34   1    -0.06   0.09  -0.04    -0.03   0.02   0.01    -0.02   0.02   0.00
    35   1     0.04  -0.05  -0.13     0.01   0.01   0.00     0.01   0.01  -0.02
    36   6    -0.01  -0.01  -0.01     0.00   0.01   0.00    -0.04  -0.02  -0.01
    37   1     0.07   0.06   0.07    -0.06  -0.06  -0.04    -0.07  -0.10   0.04
    38   1     0.02   0.05   0.04     0.01   0.00   0.00     0.08   0.13   0.11
    39   6     0.01   0.00   0.01    -0.01   0.00   0.00     0.03   0.05   0.06
    40   1    -0.01   0.02  -0.01     0.00  -0.01  -0.02     0.03  -0.08  -0.34
    41   1    -0.02  -0.03  -0.02     0.01  -0.02  -0.02    -0.12  -0.28  -0.22
    42   1    -0.02  -0.01  -0.04    -0.01   0.01  -0.01    -0.23  -0.13  -0.21
    43   7    -0.01  -0.01   0.00     0.06   0.02   0.00     0.06   0.00   0.00
    44   7     0.02   0.00   0.00    -0.05   0.03  -0.01    -0.12   0.03  -0.01
    45   6    -0.01   0.00   0.00     0.03  -0.01   0.00     0.06  -0.02   0.01
    46   1     0.04  -0.05   0.01    -0.05   0.08  -0.03    -0.08   0.15  -0.07
    47   1     0.04  -0.04   0.01    -0.05   0.07  -0.01    -0.12   0.16  -0.03
    48   6     0.01   0.00   0.00    -0.04  -0.01   0.00    -0.06  -0.02   0.00
    49   1     0.00  -0.01   0.01     0.08   0.09  -0.02     0.18   0.16  -0.03
    50   1     0.00  -0.02   0.00     0.08   0.11  -0.01     0.15   0.15  -0.04
                    91                     92                     93
                     A                      A                      A
 Frequencies --  1393.0426              1398.1095              1399.1563
 Red. masses --     1.8185                 1.1896                 1.2115
 Frc consts  --     2.0791                 1.3700                 1.3973
 IR Inten    --    94.1695                 5.6341                 6.9289
  Atom  AN      X      Y      Z        X      Y      Z        X      Y      Z
     1   6     0.13   0.01  -0.01     0.00  -0.01   0.00    -0.01   0.00   0.00
     2   6    -0.02   0.02   0.00     0.00   0.00   0.00     0.00   0.00   0.00
     3   6     0.00  -0.01   0.00     0.01   0.00   0.00     0.00   0.01   0.00
     4   6     0.00   0.02   0.00     0.01  -0.01   0.00     0.01   0.00   0.00
     5   6    -0.04   0.03   0.00    -0.03   0.00   0.00    -0.01   0.00   0.00
     6   6     0.02  -0.04   0.01    -0.01   0.00   0.00    -0.01  -0.01   0.00
     7   6    -0.03   0.00   0.00     0.00   0.00   0.00     0.01   0.00   0.00
     8   6     0.04  -0.01   0.00     0.01   0.00   0.00     0.00   0.00   0.00
     9   6     0.04   0.07  -0.01     0.00   0.00   0.00     0.00   0.00   0.00
    10   6    -0.05   0.00   0.00     0.00   0.00   0.00     0.00   0.01   0.00
    11   6     0.05  -0.06   0.01     0.00  -0.01   0.00     0.00  -0.01   0.00
    12   1    -0.09  -0.13   0.02     0.00  -0.01   0.00     0.01   0.01   0.00
    13   1    -0.07   0.00   0.00    -0.02   0.00   0.00     0.01   0.01   0.00
    14   1    -0.09   0.17  -0.03    -0.02   0.02   0.00    -0.01   0.01   0.00
    15   6    -0.04   0.02   0.02     0.00   0.00   0.00     0.00   0.00   0.00
    16   1    -0.07   0.12  -0.04    -0.01   0.01   0.00     0.00   0.00   0.00
    17   1     0.08  -0.13  -0.12    -0.01   0.00   0.00     0.00   0.00   0.00
    18   6     0.03  -0.05  -0.08     0.00   0.00  -0.01     0.00   0.01   0.01
    19   1    -0.13   0.31   0.27    -0.01   0.04   0.04     0.01  -0.04  -0.03
    20   1     0.02   0.05   0.39     0.00   0.00   0.06     0.00  -0.01  -0.05
    21   1    -0.26   0.12   0.26    -0.03   0.01   0.04     0.03  -0.02  -0.04
    22   6    -0.03  -0.03  -0.02     0.01   0.00   0.00     0.00   0.00   0.00
    23   1     0.26   0.21   0.19     0.03   0.02   0.02     0.01   0.01   0.01
    24   1     0.04   0.05   0.06     0.04   0.01   0.01     0.01   0.00   0.00
    25   6     0.01  -0.01  -0.02     0.05   0.06   0.09     0.01   0.01   0.02
    26   1    -0.01   0.03   0.06    -0.08  -0.07  -0.55    -0.02  -0.01  -0.10
    27   1     0.03  -0.03   0.00    -0.40  -0.29  -0.25    -0.07  -0.05  -0.05
    28   1    -0.02   0.01   0.07    -0.13  -0.39  -0.36    -0.02  -0.07  -0.06
    29   6     0.01   0.00   0.00     0.00   0.00   0.00     0.00   0.00   0.00
    30   1    -0.03   0.01   0.01     0.00   0.00   0.00     0.00   0.02   0.02
    31   1     0.00   0.00   0.00     0.01   0.00   0.00    -0.04   0.02   0.02
    32   6    -0.01   0.01   0.01     0.01  -0.01  -0.02    -0.05   0.05   0.11
    33   1     0.04  -0.05  -0.04    -0.04   0.06   0.06     0.23  -0.38  -0.36
    34   1     0.05  -0.01  -0.05    -0.06   0.01   0.07     0.35  -0.05  -0.43
    35   1    -0.01  -0.01  -0.07     0.01   0.02   0.09    -0.04  -0.11  -0.53
    36   6    -0.02  -0.01  -0.01     0.00   0.00   0.00    -0.01   0.00   0.00
    37   1    -0.02  -0.02   0.03    -0.01  -0.01   0.00     0.02   0.02   0.03
    38   1     0.05   0.06   0.05     0.00   0.00   0.00     0.01   0.01   0.01
    39   6     0.01   0.01   0.01     0.01   0.01   0.02     0.00   0.00  -0.01
    40   1     0.00   0.00  -0.08     0.01  -0.02  -0.10     0.00   0.01   0.04
    41   1    -0.06  -0.07  -0.05    -0.02  -0.08  -0.06     0.00   0.03   0.03
    42   1    -0.06  -0.05  -0.04    -0.06  -0.03  -0.07     0.02   0.00   0.03
    43   7    -0.10  -0.03   0.01     0.01   0.00   0.00     0.01   0.00   0.00
    44   7     0.02   0.02  -0.01    -0.01   0.00   0.00    -0.01   0.00   0.00
    45   6    -0.04   0.01   0.00     0.01   0.00   0.00     0.01   0.00   0.00
    46   1     0.14  -0.12   0.01    -0.01   0.02  -0.01    -0.02   0.02   0.00
    47   1     0.14  -0.11   0.04    -0.02   0.02   0.00    -0.02   0.02  -0.01
    48   6     0.03   0.01   0.00    -0.01   0.00   0.00    -0.01   0.00   0.00
    49   1    -0.03  -0.07   0.02     0.02   0.01   0.00     0.03   0.02   0.00
    50   1    -0.04  -0.11   0.00     0.02   0.02   0.00     0.02   0.02  -0.01
                    94                     95                     96
                     A                      A                      A
 Frequencies --  1404.2630              1408.5484              1415.2014
 Red. masses --     1.5068                 1.6232                 2.1054
 Frc consts  --     1.7506                 1.8974                 2.4843
 IR Inten    --   109.9438                39.7839                 2.0431
  Atom  AN      X      Y      Z        X      Y      Z        X      Y      Z
     1   6     0.03   0.03  -0.01    -0.10  -0.01   0.01    -0.04   0.06  -0.01
     2   6     0.00   0.03  -0.01     0.03  -0.01   0.00     0.00   0.02   0.00
     3   6     0.00   0.05  -0.01    -0.01  -0.01   0.00    -0.01   0.11  -0.02
     4   6    -0.04  -0.06   0.01     0.00  -0.02   0.00    -0.05  -0.09   0.01
     5   6     0.01   0.02   0.00     0.04  -0.01   0.00     0.01   0.03   0.00
     6   6     0.04  -0.05   0.01    -0.01   0.05  -0.01     0.05  -0.10   0.02
     7   6     0.01   0.01   0.00     0.03   0.00   0.00    -0.02   0.02   0.00
     8   6    -0.06   0.03  -0.01    -0.07   0.00   0.00     0.05   0.05  -0.01
     9   6    -0.04  -0.02   0.00    -0.03  -0.05   0.01    -0.06  -0.03   0.00
    10   6     0.01   0.03   0.00     0.05  -0.01   0.00     0.00   0.06  -0.01
    11   6     0.02   0.00   0.00    -0.04   0.06  -0.01     0.06  -0.04   0.01
    12   1     0.08   0.17  -0.02     0.06   0.08  -0.01     0.15   0.30  -0.05
    13   1    -0.01   0.03  -0.01     0.05  -0.01   0.00    -0.01   0.07  -0.01
    14   1    -0.07   0.15  -0.02     0.08  -0.14   0.02    -0.14   0.31  -0.05
    15   6    -0.01   0.00   0.00     0.04  -0.02  -0.01     0.02  -0.03  -0.01
    16   1    -0.05   0.05   0.02     0.04  -0.05   0.03    -0.05   0.02   0.07
    17   1     0.06  -0.04  -0.02    -0.09   0.11   0.09     0.04   0.01   0.05
    18   6    -0.02   0.02   0.05     0.03  -0.03  -0.09     0.01  -0.02  -0.04
    19   1     0.07  -0.18  -0.15    -0.06   0.30   0.26    -0.04   0.16   0.14
    20   1     0.00  -0.03  -0.26     0.00   0.06   0.44    -0.02   0.01   0.22
    21   1     0.16  -0.07  -0.19    -0.26   0.07   0.33    -0.11   0.02   0.15
    22   6    -0.03  -0.02  -0.01     0.00   0.01   0.00    -0.01  -0.01  -0.01
    23   1     0.17   0.13   0.15    -0.13  -0.10  -0.08     0.08   0.04   0.10
    24   1     0.03   0.06   0.06    -0.02  -0.02  -0.02    -0.04   0.03   0.03
    25   6     0.01  -0.01  -0.02    -0.01  -0.01  -0.01     0.00  -0.01  -0.01
    26   1    -0.01   0.02   0.05     0.02   0.00   0.07     0.00   0.01   0.03
    27   1     0.03  -0.02   0.01     0.05   0.06   0.04     0.02   0.00   0.01
    28   1    -0.02   0.02   0.06     0.03   0.06   0.03     0.00   0.02   0.03
    29   6     0.01  -0.01  -0.01     0.00   0.00   0.00     0.00  -0.01   0.00
    30   1    -0.01   0.03   0.03     0.00   0.01   0.01     0.03   0.02   0.03
    31   1    -0.09   0.04   0.06    -0.03   0.01   0.02    -0.03  -0.01   0.04
    32   6    -0.01   0.00   0.00    -0.01   0.01   0.01     0.00   0.00  -0.01
    33   1     0.02   0.00   0.00     0.03  -0.05  -0.05    -0.03   0.03   0.03
    34   1     0.02  -0.02   0.00     0.05  -0.01  -0.06    -0.03   0.00   0.04
    35   1    -0.01  -0.01   0.00    -0.01  -0.02  -0.07     0.00   0.01   0.06
    36   6     0.02   0.01   0.00     0.03   0.02   0.01    -0.02  -0.03  -0.01
    37   1     0.04   0.03   0.01     0.02   0.02  -0.04     0.05   0.03   0.07
    38   1    -0.08  -0.06  -0.04    -0.06  -0.08  -0.06    -0.03   0.02   0.05
    39   6     0.03   0.04   0.09     0.01   0.02   0.06    -0.01  -0.02  -0.04
    40   1     0.02  -0.09  -0.45     0.01  -0.07  -0.29     0.00   0.03   0.21
    41   1    -0.09  -0.33  -0.25    -0.03  -0.21  -0.17     0.04   0.15   0.12
    42   1    -0.27  -0.11  -0.32    -0.17  -0.05  -0.22     0.11   0.03   0.14
    43   7    -0.03  -0.04   0.01     0.04   0.03  -0.01     0.07  -0.07   0.01
    44   7     0.04  -0.04   0.01     0.02  -0.01   0.00    -0.07  -0.06   0.02
    45   6     0.00   0.01   0.00     0.00   0.00   0.00     0.07   0.00   0.00
    46   1     0.01  -0.02   0.02    -0.01   0.00   0.01    -0.20   0.19  -0.01
    47   1    -0.02   0.00  -0.01    -0.03   0.02   0.00    -0.24   0.18  -0.07
    48   6     0.00   0.01   0.00     0.00   0.00   0.00    -0.07   0.00   0.00
    49   1     0.02   0.00   0.01    -0.01   0.01  -0.01     0.26   0.20  -0.02
    50   1     0.01  -0.01  -0.01    -0.03   0.01   0.01     0.20   0.16  -0.07
                    97                     98                     99
                     A                      A                      A
 Frequencies --  1481.3505              1482.0078              1483.5582
 Red. masses --     1.0694                 1.2188                 1.0776
 Frc consts  --     1.3826                 1.5771                 1.3974
 IR Inten    --     8.3636                 6.7865                 3.7360
  Atom  AN      X      Y      Z        X      Y      Z        X      Y      Z
     1   6     0.00  -0.01   0.00     0.00   0.00   0.00     0.00   0.00   0.00
     2   6     0.01   0.00   0.00    -0.03  -0.01   0.00     0.01   0.00   0.00
     3   6     0.02   0.00   0.00    -0.06   0.00   0.00     0.03   0.00   0.00
     4   6    -0.02   0.01   0.00     0.04  -0.01   0.00    -0.02   0.01   0.00
     5   6     0.01   0.00   0.00    -0.02   0.01   0.00     0.00   0.00   0.00
     6   6    -0.02  -0.01   0.00     0.04   0.02   0.00    -0.02   0.00   0.00
     7   6     0.01   0.01   0.00    -0.02  -0.01   0.00     0.01   0.00   0.00
     8   6     0.00   0.00   0.00     0.00   0.00   0.00     0.00   0.00   0.00
     9   6    -0.01   0.01   0.00     0.01  -0.02   0.00    -0.01   0.01   0.00
    10   6     0.03   0.00   0.00    -0.06   0.00   0.00     0.03   0.00   0.00
    11   6    -0.01  -0.01   0.00     0.02   0.01   0.00     0.00  -0.01   0.00
    12   1    -0.03  -0.03   0.00     0.08   0.07  -0.01    -0.04  -0.04   0.00
    13   1    -0.08   0.00   0.00     0.19   0.00   0.00    -0.08   0.00   0.00
    14   1    -0.02   0.02  -0.01     0.07  -0.07   0.01    -0.04   0.04  -0.01
    15   6    -0.01   0.00  -0.01     0.00   0.00   0.01    -0.01   0.00  -0.02
    16   1     0.00  -0.08   0.09     0.00   0.08  -0.09    -0.01  -0.15   0.17
    17   1     0.10   0.04   0.07    -0.08  -0.04  -0.08     0.18   0.08   0.16
    18   6     0.01  -0.01   0.00     0.00   0.01  -0.01     0.00  -0.03   0.02
    19   1    -0.08  -0.03  -0.07     0.05   0.07   0.09    -0.10  -0.19  -0.23
    20   1     0.02   0.03   0.06    -0.08  -0.10  -0.07     0.22   0.27   0.15
    21   1    -0.02   0.10  -0.08     0.07  -0.16   0.08    -0.18   0.41  -0.19
    22   6    -0.01   0.00  -0.02    -0.01   0.00   0.00     0.01   0.00  -0.01
    23   1     0.00  -0.05   0.20     0.02   0.03  -0.02     0.00  -0.05   0.11
    24   1    -0.11   0.09   0.06     0.03  -0.02  -0.02    -0.08   0.06   0.05
    25   6    -0.04   0.01   0.01    -0.02   0.01   0.00     0.01  -0.01   0.00
    26   1     0.53  -0.33  -0.04     0.24  -0.15  -0.04    -0.10   0.07   0.04
    27   1    -0.21  -0.31  -0.07    -0.09  -0.17  -0.01     0.02   0.10  -0.03
    28   1     0.35   0.38  -0.01     0.14   0.17   0.02    -0.03  -0.07  -0.05
    29   6     0.00   0.00   0.01     0.00   0.00  -0.02     0.00   0.00  -0.01
    30   1    -0.02  -0.03  -0.03     0.08   0.10   0.11     0.05   0.05   0.05
    31   1     0.00   0.03  -0.04    -0.01  -0.09   0.14    -0.02  -0.03   0.08
    32   6     0.00   0.00   0.00     0.01   0.00   0.01     0.01   0.00   0.01
    33   1     0.04   0.02   0.02    -0.16  -0.08  -0.08    -0.14  -0.06  -0.06
    34   1     0.01  -0.03   0.04    -0.05   0.11  -0.14    -0.03   0.08  -0.12
    35   1     0.00   0.00  -0.03     0.00   0.00   0.12    -0.01  -0.01   0.09
    36   6     0.00   0.00   0.01     0.01   0.00  -0.02     0.01   0.00  -0.01
    37   1     0.00   0.05  -0.06    -0.01  -0.18   0.24     0.00  -0.11   0.16
    38   1     0.06  -0.03  -0.04    -0.23   0.11   0.17    -0.15   0.07   0.11
    39   6     0.00   0.01   0.00    -0.01  -0.02   0.01    -0.01  -0.02   0.01
    40   1     0.03  -0.04  -0.04    -0.11   0.16   0.16    -0.10   0.13   0.10
    41   1    -0.05   0.03   0.05     0.19  -0.14  -0.19     0.12  -0.11  -0.14
    42   1    -0.03  -0.08   0.06     0.11   0.30  -0.23     0.09   0.23  -0.15
    43   7    -0.01   0.01   0.00     0.02  -0.01   0.00    -0.01   0.01   0.00
    44   7    -0.01  -0.01   0.00     0.02   0.02   0.00    -0.01   0.00   0.00
    45   6     0.00   0.00   0.00    -0.01   0.00   0.00     0.00   0.00   0.00
    46   1    -0.02   0.00   0.01     0.06  -0.02  -0.04    -0.02  -0.01   0.03
    47   1    -0.02   0.00  -0.01     0.07   0.01   0.02    -0.02  -0.03  -0.01
    48   6     0.01   0.00   0.00    -0.01   0.00   0.00     0.01   0.00   0.00
    49   1    -0.02   0.00  -0.01     0.04  -0.01   0.02    -0.03  -0.01  -0.01
    50   1    -0.03   0.00   0.01     0.04  -0.01  -0.03    -0.03  -0.01   0.02
                   100                    101                    102
                     A                      A                      A
 Frequencies --  1485.2232              1485.9759              1486.4933
 Red. masses --     1.0431                 1.2396                 1.1360
 Frc consts  --     1.3556                 1.6127                 1.4790
 IR Inten    --    12.8453                 0.4100                13.2640
  Atom  AN      X      Y      Z        X      Y      Z        X      Y      Z
     1   6     0.00   0.00   0.00     0.00   0.01   0.00     0.00   0.00   0.00
     2   6     0.00   0.00   0.00    -0.03   0.00   0.00     0.02   0.00   0.00
     3   6     0.00   0.00   0.00    -0.06   0.00   0.00     0.04   0.00   0.00
     4   6     0.00   0.00   0.00     0.05  -0.02   0.00    -0.03   0.01   0.00
     5   6     0.00   0.00   0.00    -0.02   0.01   0.00     0.01  -0.01   0.00
     6   6     0.00   0.00   0.00     0.04   0.02   0.00    -0.03  -0.01   0.00
     7   6     0.01   0.00   0.00    -0.02  -0.01   0.00     0.01   0.01   0.00
     8   6     0.00   0.00   0.00     0.00   0.00   0.00     0.00   0.00   0.00
     9   6     0.00   0.00   0.00     0.01  -0.03   0.00    -0.01   0.02   0.00
    10   6     0.00   0.00   0.00    -0.07   0.00   0.00     0.05   0.00   0.00
    11   6     0.00   0.00   0.00     0.02   0.02   0.00    -0.01  -0.01   0.00
    12   1     0.00   0.01   0.00     0.10   0.09  -0.01    -0.06  -0.06   0.01
    13   1     0.00   0.00   0.00     0.21   0.00   0.00    -0.14   0.00   0.00
    14   1     0.00   0.00   0.00     0.08  -0.08   0.01    -0.06   0.06  -0.01
    15   6     0.00   0.00   0.00    -0.01  -0.01   0.00     0.00   0.01   0.00
    16   1     0.00   0.00   0.00     0.00   0.01  -0.03     0.00  -0.02   0.04
    17   1     0.00   0.00   0.00    -0.02   0.00   0.02     0.02   0.01   0.00
    18   6     0.00   0.00   0.00    -0.02  -0.03   0.01     0.01   0.02   0.00
    19   1     0.00   0.00   0.00     0.21  -0.19  -0.09    -0.15   0.11   0.04
    20   1     0.00   0.00   0.00     0.29   0.35  -0.03    -0.18  -0.21   0.03
    21   1     0.00   0.00   0.00    -0.22   0.27   0.04     0.13  -0.14  -0.04
    22   6     0.00   0.00   0.00     0.00   0.00   0.00     0.00   0.00   0.00
    23   1     0.00   0.00   0.00     0.03   0.04  -0.01    -0.02  -0.03   0.02
    24   1     0.00   0.00   0.00     0.01  -0.02  -0.01    -0.02   0.02   0.01
    25   6     0.00   0.00   0.00     0.00   0.00   0.00     0.00   0.00   0.00
    26   1     0.00   0.00   0.00     0.03  -0.02  -0.02    -0.02   0.02   0.02
    27   1     0.00   0.00   0.00    -0.01  -0.04   0.00     0.01   0.03  -0.01
    28   1     0.00   0.00   0.00     0.01   0.02   0.01     0.00  -0.01  -0.01
    29   6    -0.02  -0.01   0.00    -0.01   0.00   0.00    -0.01   0.00   0.00
    30   1     0.00  -0.02  -0.01     0.00   0.00   0.01     0.03   0.01   0.02
    31   1     0.02   0.00  -0.07     0.03  -0.03  -0.02     0.00  -0.01   0.01
    32   6    -0.04  -0.02  -0.01    -0.01  -0.01   0.00    -0.01  -0.01   0.00
    33   1     0.59   0.09   0.10     0.21   0.04   0.04     0.16  -0.01   0.00
    34   1    -0.12  -0.09   0.35    -0.04  -0.04   0.13    -0.07   0.02   0.07
    35   1     0.14   0.35  -0.31     0.05   0.12  -0.11     0.06   0.14  -0.07
    36   6     0.00  -0.01   0.00    -0.01   0.01   0.00     0.00   0.01  -0.02
    37   1     0.00  -0.03   0.02     0.00   0.00   0.02     0.01  -0.09   0.20
    38   1    -0.03   0.02   0.05     0.00   0.00  -0.02    -0.16   0.06   0.09
    39   6     0.01  -0.02   0.01    -0.02   0.02  -0.01    -0.04   0.02   0.00
    40   1    -0.20   0.25   0.01     0.26  -0.31   0.08     0.29  -0.33   0.25
    41   1    -0.07  -0.15  -0.11     0.24   0.17   0.06     0.49   0.13  -0.07
    42   1     0.16   0.24  -0.05    -0.19  -0.20  -0.05    -0.20  -0.07  -0.26
    43   7     0.00   0.00   0.00     0.02  -0.01   0.00    -0.02   0.01   0.00
    44   7     0.00   0.00   0.00     0.02   0.01   0.00    -0.01  -0.01   0.00
    45   6     0.00   0.00   0.00    -0.02  -0.01   0.00     0.00   0.00   0.00
    46   1    -0.02  -0.01   0.02     0.08   0.01  -0.09    -0.01  -0.02   0.03
    47   1    -0.02  -0.02  -0.01     0.09   0.07   0.04    -0.02  -0.03  -0.01
    48   6     0.00   0.00   0.00    -0.01   0.01   0.00     0.01  -0.01   0.00
    49   1     0.00   0.00   0.00     0.08  -0.03   0.06    -0.05   0.00  -0.03
    50   1     0.00   0.00   0.00     0.06  -0.05  -0.06    -0.04   0.01   0.04
                   103                    104                    105
                     A                      A                      A
 Frequencies --  1487.1413              1490.3253              1494.2966
 Red. masses --     1.2348                 1.0463                 1.0516
 Frc consts  --     1.6090                 1.3691                 1.3835
 IR Inten    --    22.8831                 6.9417                 2.5636
  Atom  AN      X      Y      Z        X      Y      Z        X      Y      Z
     1   6     0.00  -0.01   0.00     0.00   0.00   0.00    -0.01  -0.01   0.00
     2   6     0.03   0.01   0.00     0.00  -0.01   0.00     0.00   0.01   0.00
     3   6     0.06   0.00   0.00     0.01   0.00   0.00     0.00  -0.01   0.00
     4   6    -0.05   0.01   0.00    -0.01   0.00   0.00     0.00  -0.01   0.00
     5   6     0.02  -0.01   0.00     0.00   0.00   0.00     0.00   0.01   0.00
     6   6    -0.04  -0.02   0.00     0.00   0.01   0.00    -0.01  -0.01   0.00
     7   6     0.02   0.01   0.00     0.00   0.00   0.00     0.00   0.00   0.00
     8   6     0.00   0.00   0.00    -0.01   0.00   0.00     0.00   0.00   0.00
     9   6    -0.01   0.03   0.00     0.00  -0.01   0.00     0.00   0.01   0.00
    10   6     0.07   0.00   0.00     0.00   0.00   0.00     0.00   0.00   0.00
    11   6    -0.02  -0.01   0.00     0.00   0.00   0.00     0.00   0.01   0.00
    12   1    -0.09  -0.09   0.01     0.01   0.00   0.00    -0.01  -0.02   0.00
    13   1    -0.20   0.00   0.00     0.02   0.00   0.00    -0.01   0.00   0.00
    14   1    -0.08   0.09  -0.01     0.00   0.01   0.00     0.00   0.00   0.00
    15   6     0.00   0.00   0.02     0.00   0.00   0.00     0.01  -0.01   0.01
    16   1     0.03   0.14  -0.24     0.00   0.00   0.00     0.00   0.05  -0.04
    17   1    -0.21  -0.07  -0.14     0.00   0.00   0.00    -0.08   0.00  -0.02
    18   6    -0.04  -0.01  -0.01     0.00   0.00   0.00     0.01   0.00   0.01
    19   1     0.53  -0.09   0.14     0.00   0.00   0.00    -0.19  -0.03  -0.11
    20   1     0.25   0.28  -0.27     0.00   0.00   0.00    -0.02  -0.01   0.12
    21   1    -0.17  -0.06   0.33     0.00  -0.01   0.00     0.00   0.13  -0.15
    22   6    -0.01   0.00   0.01     0.00   0.00   0.00     0.00   0.01   0.01
    23   1    -0.02   0.02  -0.08     0.00   0.00   0.00    -0.01   0.04  -0.14
    24   1     0.07  -0.05  -0.04     0.00   0.00   0.00     0.05  -0.11  -0.10
    25   6    -0.01   0.01   0.00     0.00   0.00   0.00     0.01   0.03  -0.03
    26   1     0.06  -0.05  -0.04     0.00   0.00   0.00    -0.01  -0.06  -0.30
    27   1     0.01  -0.10   0.04     0.00  -0.01   0.00     0.19  -0.49   0.33
    28   1     0.00   0.05   0.07     0.00   0.00   0.00    -0.32   0.02   0.51
    29   6     0.00   0.00   0.00     0.01  -0.02   0.00     0.00   0.00   0.00
    30   1     0.01  -0.01   0.00     0.00   0.06   0.09     0.00   0.00   0.00
    31   1    -0.02   0.02   0.00    -0.01  -0.03   0.04     0.00   0.01   0.00
    32   6     0.00   0.00   0.00     0.01  -0.04   0.02     0.00   0.00   0.00
    33   1    -0.03  -0.02  -0.01     0.02  -0.29  -0.27     0.00   0.00   0.00
    34   1     0.00   0.02  -0.03    -0.44   0.42  -0.20     0.00   0.00   0.00
    35   1     0.00  -0.01   0.02     0.20   0.51   0.11     0.00   0.00   0.00
    36   6     0.00   0.00  -0.01     0.01   0.00   0.00     0.00   0.00   0.00
    37   1     0.01  -0.03   0.06     0.01   0.01  -0.01     0.00   0.00   0.01
    38   1    -0.05   0.02   0.04    -0.01  -0.02  -0.02     0.00   0.00   0.00
    39   6     0.00   0.00   0.00     0.01   0.01  -0.01     0.00   0.00   0.00
    40   1    -0.02   0.03   0.04     0.01  -0.03  -0.11     0.00   0.00   0.00
    41   1     0.06  -0.03  -0.05    -0.16   0.05   0.11     0.01   0.00   0.00
    42   1     0.02   0.07  -0.06    -0.02  -0.14   0.14     0.00   0.00   0.00
    43   7    -0.02   0.01   0.00    -0.01   0.00   0.00     0.00   0.00   0.00
    44   7    -0.03  -0.02   0.00     0.00   0.00   0.00    -0.01   0.00   0.00
    45   6     0.02   0.01   0.00     0.00   0.00   0.00     0.00   0.00   0.00
    46   1    -0.06  -0.01   0.07    -0.02   0.00   0.02    -0.02  -0.01   0.03
    47   1    -0.08  -0.04  -0.04    -0.01  -0.01  -0.01    -0.03  -0.03  -0.01
    48   6     0.01  -0.01   0.00     0.00   0.00   0.00     0.00   0.00   0.00
    49   1    -0.03   0.05  -0.05    -0.02   0.01  -0.02    -0.01   0.01  -0.01
    50   1    -0.03   0.05   0.04    -0.02   0.02   0.02     0.00   0.01   0.01
                   106                    107                    108
                     A                      A                      A
 Frequencies --  1501.5036              1502.6722              1505.0555
 Red. masses --     1.1480                 1.1852                 1.3688
 Frc consts  --     1.5249                 1.5767                 1.8268
 IR Inten    --     6.6027                47.0635                62.2767
  Atom  AN      X      Y      Z        X      Y      Z        X      Y      Z
     1   6     0.01   0.01   0.00     0.02   0.02  -0.01     0.02   0.04  -0.01
     2   6     0.00  -0.03   0.01     0.00  -0.04   0.01     0.02  -0.07   0.01
     3   6     0.00   0.01   0.00     0.01   0.02   0.00     0.02   0.04  -0.01
     4   6     0.00   0.00   0.00    -0.01   0.02   0.00    -0.03   0.01   0.00
     5   6     0.00   0.00   0.00    -0.01  -0.03   0.00     0.00  -0.03   0.01
     6   6     0.00   0.03  -0.01     0.00   0.03   0.00     0.00   0.06  -0.01
     7   6     0.00  -0.03   0.01     0.00  -0.03   0.00    -0.01  -0.02   0.00
     8   6     0.00   0.02  -0.01     0.00   0.01   0.00     0.01   0.01   0.00
     9   6     0.00  -0.03   0.00     0.00  -0.03   0.00     0.00  -0.06   0.01
    10   6    -0.02   0.01   0.00    -0.02   0.01   0.00    -0.05   0.03   0.00
    11   6     0.01   0.00   0.00     0.01  -0.02   0.00     0.03  -0.03   0.00
    12   1     0.04   0.03  -0.01     0.04   0.03   0.00     0.11   0.11  -0.01
    13   1     0.07   0.01   0.00     0.06   0.01   0.00     0.15   0.02   0.00
    14   1     0.00   0.02   0.00     0.00   0.01  -0.01    -0.03   0.08  -0.01
    15   6     0.02  -0.01   0.01    -0.04   0.03  -0.04     0.00  -0.01   0.00
    16   1    -0.01   0.12  -0.11     0.01  -0.29   0.28    -0.02   0.04  -0.02
    17   1    -0.14  -0.04  -0.07     0.39   0.07   0.18     0.00  -0.02  -0.02
    18   6     0.01   0.00   0.01    -0.02   0.01  -0.02     0.00   0.00   0.00
    19   1    -0.10  -0.03  -0.07     0.26   0.07   0.18    -0.01   0.00   0.00
    20   1     0.01   0.01   0.08     0.00  -0.01  -0.18     0.01   0.01   0.02
    21   1    -0.01   0.09  -0.09     0.01  -0.21   0.23    -0.01   0.02  -0.01
    22   6    -0.01   0.00   0.01     0.03   0.02  -0.02     0.00   0.01   0.00
    23   1     0.02   0.05  -0.07    -0.07  -0.16   0.21    -0.03  -0.03   0.01
    24   1     0.08  -0.03  -0.02    -0.20   0.12   0.07     0.01   0.02   0.01
    25   6     0.00   0.00   0.01     0.01   0.01  -0.02     0.00   0.00   0.00
    26   1     0.03  -0.01   0.04    -0.07   0.02  -0.12     0.00   0.00  -0.01
    27   1    -0.04   0.06  -0.05     0.09  -0.15   0.13     0.01  -0.02   0.01
    28   1     0.06   0.01  -0.08    -0.16  -0.04   0.19    -0.01   0.00   0.01
    29   6    -0.01   0.01  -0.02    -0.01   0.01  -0.01     0.01   0.00   0.01
    30   1     0.09   0.09   0.09     0.05   0.05   0.05    -0.09  -0.04  -0.05
    31   1     0.04  -0.12   0.11     0.03  -0.07   0.06     0.02   0.04  -0.07
    32   6    -0.01   0.01  -0.01     0.00   0.00   0.00     0.00   0.00   0.00
    33   1     0.06   0.08   0.07     0.03   0.04   0.03    -0.02  -0.03  -0.02
    34   1     0.08  -0.10   0.09     0.04  -0.05   0.04    -0.02   0.03  -0.03
    35   1    -0.03  -0.08  -0.06    -0.02  -0.04  -0.03     0.01   0.01   0.01
    36   6     0.03   0.02  -0.03     0.02   0.01  -0.01    -0.04  -0.02   0.03
    37   1    -0.03  -0.23   0.24    -0.01  -0.11   0.11     0.03   0.23  -0.24
    38   1    -0.31   0.07   0.14    -0.15   0.03   0.06     0.29  -0.08  -0.14
    39   6     0.01   0.01  -0.01     0.01   0.00  -0.01    -0.01  -0.01   0.01
    40   1     0.02  -0.05  -0.14     0.00  -0.01  -0.07    -0.01   0.03   0.14
    41   1    -0.21   0.08   0.15    -0.10   0.04   0.07     0.19  -0.06  -0.12
    42   1    -0.03  -0.19   0.20    -0.01  -0.08   0.10     0.02   0.15  -0.17
    43   7    -0.01   0.00   0.00    -0.01   0.01   0.00    -0.04   0.00   0.00
    44   7     0.00   0.01   0.00     0.01   0.01   0.00     0.00   0.01   0.00
    45   6     0.02   0.02  -0.01     0.00   0.00   0.00    -0.01  -0.01   0.00
    46   1    -0.10  -0.10   0.21     0.03   0.00  -0.03     0.05   0.04  -0.08
    47   1    -0.12  -0.22  -0.08     0.03   0.01   0.01     0.05   0.07   0.03
    48   6     0.03  -0.03   0.00     0.01   0.00   0.00     0.04  -0.04   0.00
    49   1    -0.18   0.18  -0.21    -0.04   0.01  -0.02    -0.28   0.28  -0.32
    50   1    -0.13   0.23   0.18    -0.06   0.00   0.03    -0.23   0.34   0.29
                   109                    110                    111
                     A                      A                      A
 Frequencies --  1505.8184              1513.9329              1523.8307
 Red. masses --     1.5589                 3.0322                 1.7324
 Frc consts  --     2.0826                 4.0947                 2.3702
 IR Inten    --    56.5365               225.7512                 3.0337
  Atom  AN      X      Y      Z        X      Y      Z        X      Y      Z
     1   6     0.01  -0.01   0.00     0.02   0.06  -0.01     0.00  -0.06   0.01
     2   6     0.02   0.08  -0.02     0.05   0.00   0.00     0.00   0.11  -0.02
     3   6     0.01  -0.04   0.01     0.23   0.01   0.00    -0.01  -0.03   0.01
     4   6     0.01  -0.08   0.01    -0.15  -0.13   0.02     0.01  -0.07   0.01
     5   6    -0.01   0.04  -0.01     0.02  -0.03   0.01     0.00   0.08  -0.01
     6   6    -0.02   0.00   0.00    -0.14   0.12  -0.02     0.00  -0.06   0.01
     7   6    -0.01   0.05  -0.01     0.02   0.03  -0.01     0.00   0.08  -0.01
     8   6     0.02  -0.06   0.01     0.02  -0.06   0.01     0.00  -0.06   0.01
     9   6     0.04   0.02   0.00     0.05  -0.07   0.01     0.02   0.06  -0.01
    10   6    -0.08  -0.02   0.00    -0.11   0.00   0.00     0.00  -0.03   0.00
    11   6     0.01   0.08  -0.01     0.06   0.07  -0.01    -0.02   0.07  -0.01
    12   1     0.01  -0.04   0.01     0.06  -0.06   0.01    -0.08  -0.09   0.01
    13   1     0.25  -0.03   0.01     0.43  -0.01   0.01     0.01  -0.03   0.00
    14   1     0.15  -0.15   0.02     0.07   0.06  -0.01     0.10  -0.12   0.02
    15   6    -0.02   0.01  -0.01     0.02  -0.01   0.01    -0.01   0.01  -0.01
    16   1     0.00  -0.10   0.10    -0.02   0.14  -0.10     0.01  -0.05   0.03
    17   1     0.13   0.03   0.07    -0.09  -0.07  -0.09     0.01   0.04   0.04
    18   6    -0.01   0.00   0.00     0.00   0.00   0.00     0.00   0.00   0.00
    19   1     0.08   0.01   0.05    -0.07   0.00  -0.03     0.03   0.00   0.01
    20   1     0.01   0.00  -0.06    -0.01  -0.02   0.04     0.00   0.00  -0.02
    21   1     0.00  -0.06   0.07     0.01   0.03  -0.06     0.00  -0.02   0.02
    22   6     0.01  -0.01  -0.01     0.00   0.00   0.00     0.00  -0.01   0.00
    23   1     0.04   0.00   0.09     0.00   0.00   0.00     0.05   0.02   0.08
    24   1    -0.09   0.03   0.03     0.04   0.02   0.02    -0.11   0.01   0.01
    25   6     0.00   0.00   0.00     0.00   0.00   0.00     0.00   0.00   0.00
    26   1    -0.02   0.01   0.01     0.02   0.00   0.03    -0.02   0.01   0.00
    27   1     0.01   0.01   0.00    -0.01   0.02  -0.02     0.01   0.01   0.00
    28   1    -0.01  -0.01   0.00     0.02   0.01  -0.02    -0.01  -0.01   0.00
    29   6     0.01   0.00   0.01     0.00   0.00   0.00     0.00  -0.01   0.01
    30   1    -0.05  -0.08  -0.08     0.04  -0.02  -0.02     0.04  -0.04  -0.03
    31   1    -0.02   0.09  -0.09     0.01   0.00   0.00    -0.05   0.06  -0.03
    32   6     0.00   0.00   0.00     0.00   0.00   0.00     0.00   0.00   0.00
    33   1    -0.04  -0.02  -0.02     0.00   0.03   0.03    -0.01   0.00   0.01
    34   1    -0.02   0.03  -0.04     0.04  -0.04   0.01     0.00   0.00   0.00
    35   1     0.00   0.00   0.03    -0.02  -0.05  -0.02     0.00   0.00   0.00
    36   6    -0.01   0.00   0.01     0.02   0.01  -0.01     0.02   0.02  -0.02
    37   1    -0.02   0.04  -0.08    -0.03  -0.13   0.11    -0.03  -0.13   0.12
    38   1     0.14   0.00  -0.04    -0.09   0.07   0.09    -0.11   0.07   0.09
    39   6    -0.01   0.00   0.01     0.01   0.00  -0.01     0.00   0.00   0.00
    40   1     0.02  -0.02   0.05    -0.02   0.02  -0.04    -0.01   0.00  -0.05
    41   1     0.10  -0.03  -0.06    -0.09   0.00   0.03    -0.07   0.01   0.03
    42   1    -0.02   0.04  -0.09     0.02  -0.03   0.07     0.01  -0.04   0.06
    43   7     0.00  -0.02   0.00    -0.06   0.01   0.00     0.03  -0.03   0.01
    44   7    -0.04   0.00   0.00    -0.06  -0.01   0.00    -0.02  -0.03   0.01
    45   6     0.05   0.04  -0.02    -0.01  -0.03   0.01    -0.03  -0.04   0.02
    46   1    -0.26  -0.20   0.46     0.09   0.17  -0.28     0.17   0.18  -0.37
    47   1    -0.34  -0.42  -0.19     0.13   0.30   0.09     0.22   0.36   0.14
    48   6     0.01   0.00   0.00    -0.01   0.03   0.00     0.03  -0.04   0.00
    49   1    -0.01   0.05  -0.04     0.12  -0.23   0.22    -0.20   0.27  -0.29
    50   1    -0.02   0.05   0.03     0.10  -0.28  -0.18    -0.16   0.33   0.25
                   112                    113                    114
                     A                      A                      A
 Frequencies --  1536.1314              1538.3297              1567.8663
 Red. masses --     1.1113                 1.1112                 5.2852
 Frc consts  --     1.5451                 1.5493                 7.6547
 IR Inten    --    15.3475                28.0176               100.2180
  Atom  AN      X      Y      Z        X      Y      Z        X      Y      Z
     1   6     0.00  -0.02   0.00     0.00  -0.03   0.01     0.02   0.09  -0.01
     2   6     0.00   0.02   0.00    -0.01   0.00   0.00    -0.10  -0.08   0.01
     3   6     0.01  -0.01   0.00    -0.01  -0.01   0.00     0.07   0.12  -0.02
     4   6    -0.01   0.00   0.00     0.01   0.01   0.00     0.00  -0.18   0.03
     5   6     0.00   0.02   0.00     0.00   0.02  -0.01    -0.03  -0.04   0.01
     6   6    -0.01   0.00   0.00     0.01   0.01   0.00    -0.06  -0.11   0.02
     7   6     0.00   0.02  -0.01     0.00  -0.01   0.00     0.02  -0.26   0.05
     8   6     0.00  -0.02   0.01     0.00   0.00   0.00     0.00   0.32  -0.06
     9   6     0.00   0.01   0.00    -0.01  -0.01   0.00     0.11   0.18  -0.03
    10   6     0.00   0.00   0.00     0.00   0.00   0.00     0.00  -0.11   0.02
    11   6     0.00   0.00   0.00     0.00  -0.01   0.00    -0.09   0.21  -0.03
    12   1    -0.04  -0.07   0.00     0.02   0.04   0.00    -0.26  -0.38   0.06
    13   1    -0.01  -0.01   0.00     0.00   0.01   0.00     0.03  -0.12   0.02
    14   1     0.01  -0.01   0.00     0.01  -0.03  -0.01     0.25  -0.35   0.05
    15   6     0.00   0.00   0.00     0.03  -0.01   0.03     0.00  -0.02   0.00
    16   1     0.00   0.03  -0.04    -0.01   0.25  -0.25    -0.04   0.06  -0.01
    17   1    -0.06   0.00  -0.03    -0.30  -0.07  -0.17     0.03  -0.04  -0.02
    18   6     0.00   0.00   0.00     0.00   0.00   0.01     0.00   0.00   0.00
    19   1     0.00   0.00   0.00    -0.04  -0.01  -0.03    -0.01   0.00   0.00
    20   1     0.00   0.00   0.00     0.00   0.00   0.02     0.00   0.00   0.01
    21   1     0.00   0.00   0.00     0.01   0.02  -0.04     0.00   0.01  -0.01
    22   6     0.01   0.00  -0.01     0.05   0.01  -0.05     0.02   0.00  -0.01
    23   1    -0.01  -0.05   0.09    -0.12  -0.32   0.50    -0.01  -0.05   0.10
    24   1    -0.09   0.04   0.03    -0.45   0.26   0.19    -0.07   0.07   0.05
    25   6     0.00   0.00   0.00     0.01  -0.01  -0.01     0.00   0.00   0.00
    26   1    -0.02   0.01   0.00    -0.08   0.04  -0.03    -0.01   0.01  -0.01
    27   1     0.01   0.00   0.00     0.04  -0.01   0.03     0.00   0.00   0.00
    28   1    -0.01  -0.01   0.01    -0.08  -0.06   0.05    -0.01  -0.01   0.00
    29   6    -0.03   0.00  -0.06     0.01   0.00   0.01     0.00   0.02  -0.01
    30   1     0.44   0.31   0.36    -0.08  -0.05  -0.06    -0.14   0.10   0.06
    31   1     0.04  -0.40   0.48     0.00   0.07  -0.09     0.07  -0.07   0.03
    32   6    -0.01   0.00  -0.01     0.00   0.00   0.00     0.00   0.01   0.00
    33   1     0.05   0.03   0.03    -0.01  -0.01   0.00     0.00  -0.02  -0.02
    34   1     0.02  -0.04   0.05     0.00   0.01  -0.01     0.01   0.00  -0.02
    35   1    -0.01  -0.01  -0.03     0.00   0.00   0.01    -0.01   0.00   0.01
    36   6    -0.02  -0.01   0.02     0.00   0.00   0.00    -0.03  -0.06   0.02
    37   1     0.01   0.17  -0.20     0.00  -0.03   0.03     0.12   0.20  -0.03
    38   1     0.21  -0.06  -0.12    -0.03   0.01   0.02    -0.07  -0.13  -0.06
    39   6     0.00   0.00   0.00     0.00   0.00   0.00     0.00  -0.01   0.00
    40   1     0.01  -0.01   0.02     0.00   0.00   0.00    -0.01   0.02   0.08
    41   1     0.03   0.00  -0.01     0.00   0.00   0.00     0.05   0.01   0.00
    42   1    -0.01   0.00  -0.02     0.00   0.00   0.00     0.02   0.04  -0.03
    43   7     0.00   0.00   0.00     0.01   0.00   0.00     0.01  -0.02   0.00
    44   7    -0.01   0.00   0.00     0.01   0.00   0.00     0.07  -0.01   0.01
    45   6     0.00   0.00   0.00     0.00   0.00   0.00     0.01   0.00   0.00
    46   1    -0.01   0.00   0.00    -0.01  -0.02   0.02     0.01   0.01  -0.03
    47   1    -0.01   0.00   0.00    -0.01  -0.03  -0.01     0.00   0.05   0.01
    48   6     0.00   0.00   0.00     0.00   0.00   0.00    -0.02   0.00   0.00
    49   1     0.00   0.00   0.00     0.02  -0.02   0.02     0.01   0.08  -0.05
    50   1     0.00   0.00   0.00     0.03  -0.02  -0.02     0.01   0.09   0.03
                   115                    116                    117
                     A                      A                      A
 Frequencies --  1575.3215              1641.3516              1687.2539
 Red. masses --     6.5590                 7.7051                 9.7263
 Frc consts  --     9.5902                12.2301                16.3139
 IR Inten    --    35.0292               250.7529               315.3769
  Atom  AN      X      Y      Z        X      Y      Z        X      Y      Z
     1   6     0.00   0.37  -0.06     0.01  -0.17   0.03     0.04   0.24  -0.04
     2   6     0.23  -0.05   0.01     0.49   0.02   0.00    -0.03   0.50  -0.10
     3   6    -0.17   0.06  -0.01    -0.18  -0.03   0.00     0.02  -0.41   0.07
     4   6     0.10   0.00   0.00     0.10  -0.04   0.01     0.02   0.18  -0.03
     5   6    -0.04  -0.34   0.06    -0.02   0.18  -0.03    -0.01  -0.22   0.04
     6   6     0.07  -0.13   0.02     0.09   0.05  -0.01    -0.05   0.16  -0.03
     7   6     0.01   0.17  -0.03    -0.02  -0.19   0.04     0.01  -0.20   0.04
     8   6    -0.01  -0.16   0.03     0.00   0.19  -0.04    -0.04   0.23  -0.04
     9   6     0.02   0.11  -0.02     0.01  -0.01   0.00    -0.02  -0.06   0.01
    10   6     0.01  -0.05   0.01    -0.05   0.00   0.00    -0.02   0.03   0.00
    11   6    -0.07   0.08  -0.01     0.01   0.00   0.00     0.04  -0.08   0.01
    12   1    -0.10  -0.08   0.01     0.06   0.07  -0.01     0.05   0.05   0.00
    13   1    -0.09  -0.06   0.01     0.06   0.00   0.00     0.01   0.03  -0.01
    14   1     0.15  -0.28   0.05     0.06  -0.07   0.01    -0.06   0.08  -0.01
    15   6     0.04  -0.07   0.02     0.00   0.02   0.00     0.00  -0.03   0.01
    16   1    -0.12   0.26  -0.06     0.06  -0.07   0.00    -0.09   0.10   0.01
    17   1     0.05  -0.16  -0.09    -0.07   0.06   0.01     0.11  -0.08  -0.02
    18   6     0.00  -0.01  -0.01     0.00   0.00   0.00     0.00   0.00   0.00
    19   1    -0.05   0.01   0.00     0.01  -0.01  -0.01    -0.01   0.01   0.01
    20   1     0.01   0.02   0.09    -0.01  -0.01  -0.02     0.00   0.01   0.02
    21   1    -0.02   0.04  -0.03     0.02  -0.01  -0.01    -0.01   0.01   0.00
    22   6     0.02   0.04  -0.02    -0.01  -0.02   0.01     0.01   0.03  -0.01
    23   1    -0.19  -0.21   0.10     0.09   0.10  -0.01    -0.11  -0.10   0.02
    24   1     0.10   0.17   0.10    -0.04  -0.05  -0.01     0.06   0.05   0.02
    25   6     0.00   0.01   0.00     0.00   0.00   0.00     0.00   0.00   0.00
    26   1     0.01   0.00  -0.02     0.01   0.00   0.02     0.00   0.00  -0.02
    27   1    -0.01  -0.02   0.00     0.00   0.01   0.00    -0.01  -0.01   0.00
    28   1    -0.01  -0.01  -0.01     0.01   0.01   0.00     0.00  -0.01  -0.01
    29   6    -0.01  -0.02   0.00     0.00   0.02   0.00     0.00   0.02   0.00
    30   1     0.18   0.00   0.04    -0.08   0.04   0.01    -0.08   0.04   0.01
    31   1    -0.06  -0.01   0.07     0.08  -0.07  -0.01     0.07  -0.05   0.00
    32   6     0.00   0.00   0.00     0.00   0.00   0.00     0.00   0.00   0.00
    33   1     0.00   0.01   0.01     0.00   0.00   0.00     0.00  -0.01  -0.01
    34   1    -0.01   0.00   0.01     0.01   0.00   0.00     0.01   0.00  -0.01
    35   1     0.00   0.00  -0.01    -0.01  -0.01  -0.02     0.00  -0.01  -0.01
    36   6     0.02   0.03  -0.01     0.00  -0.03   0.00     0.00  -0.03   0.01
    37   1    -0.05  -0.10   0.02     0.08   0.08   0.01     0.09   0.10   0.01
    38   1     0.02   0.06   0.03    -0.10  -0.07  -0.01    -0.11  -0.08  -0.02
    39   6     0.00   0.00   0.00     0.00  -0.01   0.00     0.00   0.00   0.00
    40   1     0.01  -0.01  -0.05    -0.01   0.01   0.02     0.00   0.00   0.01
    41   1    -0.03   0.00   0.01     0.01   0.01   0.01     0.01   0.01   0.01
    42   1    -0.01  -0.02   0.02     0.01   0.01   0.01     0.01   0.00   0.00
    43   7    -0.11   0.01   0.00    -0.22   0.13  -0.03     0.05  -0.17   0.03
    44   7    -0.08  -0.02   0.00    -0.22  -0.14   0.03    -0.02  -0.16   0.04
    45   6     0.02   0.00   0.00     0.05   0.00   0.00     0.00  -0.01   0.00
    46   1    -0.03   0.09  -0.06    -0.10   0.24  -0.15    -0.02   0.08  -0.08
    47   1    -0.01   0.08   0.00    -0.08   0.26   0.00    -0.01   0.13   0.02
    48   6     0.00   0.00   0.00     0.05   0.00   0.00    -0.01  -0.01   0.00
    49   1    -0.01  -0.02   0.00    -0.10  -0.22   0.10     0.04   0.14  -0.08
    50   1    -0.02  -0.04   0.00    -0.10  -0.25  -0.02     0.03   0.13   0.05
                   118                    119                    120
                     A                      A                      A
 Frequencies --  2919.9544              2923.5410              2945.0762
 Red. masses --     1.0871                 1.0701                 1.0736
 Frc consts  --     5.4609                 5.3887                 5.4865
 IR Inten    --    50.9481                61.5733                58.9274
  Atom  AN      X      Y      Z        X      Y      Z        X      Y      Z
     1   6     0.00   0.00   0.00     0.00   0.00   0.00     0.00   0.00   0.00
     2   6     0.00   0.00   0.00     0.00   0.00   0.00     0.00   0.00   0.00
     3   6     0.00   0.00   0.00     0.00   0.00   0.00     0.00   0.00   0.00
     4   6     0.00   0.00   0.00     0.00   0.00   0.00     0.00   0.00   0.00
     5   6     0.00   0.00   0.00     0.00   0.00   0.00     0.00   0.00   0.00
     6   6     0.00   0.00   0.00     0.00   0.00   0.00     0.00   0.00   0.00
     7   6     0.00   0.00   0.00     0.00   0.00   0.00     0.00   0.00   0.00
     8   6     0.00   0.00   0.00     0.00   0.00   0.00     0.00   0.00   0.00
     9   6     0.00   0.00   0.00     0.00   0.00   0.00     0.00   0.00   0.00
    10   6     0.00   0.00   0.00     0.00   0.00   0.00     0.00   0.00   0.00
    11   6     0.00   0.00   0.00     0.00   0.00   0.00     0.00   0.00   0.00
    12   1     0.01  -0.01   0.00     0.00   0.00   0.00     0.00   0.00   0.00
    13   1     0.00   0.00   0.00     0.00   0.00   0.00     0.00   0.00   0.00
    14   1     0.00   0.00   0.00     0.00   0.00   0.00     0.00   0.00   0.00
    15   6     0.00   0.00   0.00     0.00   0.00   0.00     0.00   0.00   0.00
    16   1     0.00   0.00   0.00    -0.03  -0.02  -0.02     0.00   0.00   0.00
    17   1     0.00   0.00   0.00     0.00   0.01   0.00     0.00   0.00   0.00
    18   6     0.00   0.00   0.00     0.00   0.00   0.00     0.00   0.00   0.00
    19   1     0.00   0.00   0.00     0.00   0.00   0.00     0.00   0.00   0.00
    20   1     0.00   0.00   0.00     0.00   0.00   0.00     0.00   0.00   0.00
    21   1     0.00   0.00   0.00     0.00   0.00   0.00     0.00   0.00   0.00
    22   6     0.00   0.00   0.00    -0.06   0.04   0.03     0.00   0.00   0.00
    23   1     0.00   0.00   0.00     0.67  -0.65  -0.19     0.00   0.00   0.00
    24   1     0.00   0.00   0.00    -0.02   0.18  -0.20     0.00   0.00   0.00
    25   6     0.00   0.00   0.00     0.01   0.00   0.00     0.00   0.00   0.00
    26   1     0.00   0.00   0.00     0.00  -0.01   0.00     0.00   0.00   0.00
    27   1     0.00   0.00   0.00    -0.02   0.01   0.03     0.00   0.00   0.00
    28   1     0.00   0.00   0.00    -0.04   0.04  -0.03     0.00   0.00   0.00
    29   6    -0.02  -0.07   0.05     0.00   0.00   0.00    -0.05  -0.04  -0.05
    30   1     0.10   0.70  -0.67     0.00   0.00   0.00    -0.04  -0.17   0.14
    31   1     0.13   0.12   0.10     0.00   0.00   0.00     0.62   0.63   0.39
    32   6     0.00   0.00   0.00     0.00   0.00   0.00     0.00   0.00   0.00
    33   1     0.00  -0.04   0.03     0.00   0.00   0.00     0.00  -0.01   0.01
    34   1    -0.02  -0.02  -0.01     0.00   0.00   0.00    -0.03  -0.03  -0.01
    35   1     0.01   0.00   0.00     0.00   0.00   0.00    -0.03   0.01  -0.01
    36   6     0.00   0.00   0.00     0.00   0.00   0.00     0.00   0.00   0.00
    37   1     0.00   0.00   0.00     0.00   0.00   0.00    -0.03   0.02   0.01
    38   1     0.00   0.00   0.00     0.00   0.00   0.00     0.00  -0.01   0.01
    39   6     0.00   0.00   0.00     0.00   0.00   0.00     0.00   0.00   0.00
    40   1     0.00   0.00   0.00     0.00   0.00   0.00     0.00   0.00   0.00
    41   1     0.00   0.00   0.00     0.00   0.00   0.00     0.00   0.00   0.00
    42   1     0.00   0.00   0.00     0.00   0.00   0.00     0.00   0.00   0.00
    43   7     0.00   0.00   0.00     0.00   0.00   0.00     0.00   0.00   0.00
    44   7     0.00   0.00   0.00     0.00   0.00   0.00     0.00   0.00   0.00
    45   6     0.00   0.00   0.00     0.00   0.00   0.00     0.00   0.00   0.00
    46   1     0.00   0.00   0.00     0.00   0.00   0.00     0.00   0.00   0.00
    47   1     0.00   0.00   0.00     0.00   0.00   0.00     0.00   0.00   0.00
    48   6     0.00   0.00   0.00     0.00   0.00   0.00     0.00   0.00   0.00
    49   1     0.00   0.00   0.00     0.00   0.00   0.00     0.00   0.00   0.00
    50   1     0.00   0.00   0.00     0.00   0.00   0.00     0.00   0.00   0.00
                   121                    122                    123
                     A                      A                      A
 Frequencies --  2952.5120              3015.1300              3016.8546
 Red. masses --     1.0908                 1.0412                 1.0363
 Frc consts  --     5.6025                 5.5772                 5.5572
 IR Inten    --    47.7489                57.9391                50.3516
  Atom  AN      X      Y      Z        X      Y      Z        X      Y      Z
     1   6     0.00   0.00   0.00     0.00   0.00   0.00     0.00   0.00   0.00
     2   6     0.00   0.00   0.00     0.00   0.00   0.00     0.00   0.00   0.00
     3   6     0.00   0.00   0.00     0.00   0.00   0.00     0.00   0.00   0.00
     4   6     0.00   0.00   0.00     0.00   0.00   0.00     0.00   0.00   0.00
     5   6     0.00   0.00   0.00     0.00   0.00   0.00     0.00   0.00   0.00
     6   6     0.00   0.00   0.00     0.00   0.00   0.00     0.00   0.00   0.00
     7   6     0.00   0.00   0.00     0.00   0.00   0.00     0.00   0.00   0.00
     8   6     0.00   0.00   0.00     0.00   0.00   0.00     0.00   0.00   0.00
     9   6     0.00   0.00   0.00     0.00   0.00   0.00     0.00   0.00   0.00
    10   6     0.00   0.00   0.00     0.00   0.00   0.00     0.00   0.00   0.00
    11   6     0.00   0.00   0.00     0.00   0.00   0.00     0.00   0.00   0.00
    12   1     0.00   0.00   0.00     0.00   0.00   0.00     0.00   0.00   0.00
    13   1     0.00   0.00   0.00     0.00   0.00   0.00     0.00   0.00   0.00
    14   1     0.02   0.01   0.00     0.00   0.00   0.00     0.00   0.00   0.00
    15   6     0.00   0.00   0.00     0.00   0.00   0.00     0.00   0.00   0.00
    16   1     0.00   0.00   0.00     0.00   0.00   0.00     0.00   0.00   0.00
    17   1     0.00   0.00   0.00     0.00   0.00   0.00     0.00   0.00   0.00
    18   6     0.00   0.00   0.00     0.00   0.00   0.00     0.00   0.00   0.00
    19   1     0.00   0.00   0.00     0.00   0.00   0.00     0.00   0.00   0.00
    20   1     0.00   0.00   0.00     0.01   0.00   0.00     0.00   0.00   0.00
    21   1     0.00   0.00   0.00     0.00   0.00   0.00     0.00   0.00   0.00
    22   6    -0.02   0.06  -0.06     0.00   0.00   0.00     0.00   0.00   0.00
    23   1     0.18  -0.16  -0.07    -0.01   0.01   0.00     0.00   0.00   0.00
    24   1     0.02  -0.61   0.74     0.00   0.01  -0.01     0.00   0.00   0.00
    25   6     0.00  -0.01   0.00     0.00   0.01   0.05     0.00   0.00   0.00
    26   1     0.02   0.03  -0.01    -0.15  -0.26   0.09     0.00   0.01   0.00
    27   1    -0.01   0.00   0.01     0.51  -0.18  -0.52    -0.01   0.00   0.01
    28   1    -0.04   0.04  -0.02    -0.38   0.37  -0.22     0.01  -0.01   0.00
    29   6     0.00   0.00   0.00     0.00   0.00   0.00     0.00   0.00   0.00
    30   1     0.00   0.00   0.00     0.00   0.00   0.00     0.00  -0.01   0.01
    31   1     0.00   0.00   0.00     0.00   0.00   0.00     0.01   0.01   0.00
    32   6     0.00   0.00   0.00     0.00   0.00   0.00     0.00  -0.01  -0.05
    33   1     0.00   0.00   0.00     0.00  -0.01   0.01     0.00  -0.47   0.43
    34   1     0.00   0.00   0.00     0.01   0.01   0.00     0.37   0.47   0.19
    35   1     0.00   0.00   0.00    -0.01   0.00   0.00    -0.41   0.15  -0.04
    36   6     0.00   0.00   0.00     0.00   0.00   0.00     0.00   0.00   0.00
    37   1     0.00   0.00   0.00     0.00   0.00   0.00     0.00   0.00   0.00
    38   1     0.00   0.00   0.00     0.00   0.00   0.00     0.00   0.00   0.00
    39   6     0.00   0.00   0.00     0.00   0.00   0.00     0.00   0.00   0.00
    40   1     0.00   0.00   0.00     0.00   0.00   0.00     0.00   0.00   0.00
    41   1     0.00   0.00   0.00     0.00   0.00   0.00     0.00   0.00   0.00
    42   1     0.00   0.00   0.00     0.00   0.00   0.00     0.00   0.00   0.00
    43   7     0.00   0.00   0.00     0.00   0.00   0.00     0.00   0.00   0.00
    44   7     0.00   0.00   0.00     0.00   0.00   0.00     0.00   0.00   0.00
    45   6     0.00   0.00   0.00     0.00   0.00   0.00     0.00   0.00   0.00
    46   1     0.00   0.00   0.00     0.00   0.00   0.00     0.00   0.00   0.00
    47   1     0.00   0.00   0.00     0.00   0.00   0.00     0.00   0.00   0.00
    48   6     0.00   0.00   0.00     0.00   0.00   0.00     0.00   0.00   0.00
    49   1     0.00   0.00   0.00     0.00   0.00   0.00     0.00   0.00   0.00
    50   1     0.00   0.00   0.00     0.00   0.00   0.00     0.00   0.00   0.00
                   124                    125                    126
                     A                      A                      A
 Frequencies --  3030.7438              3031.2834              3062.4752
 Red. masses --     1.0341                 1.0340                 1.0664
 Frc consts  --     5.5965                 5.5979                 5.8925
 IR Inten    --    67.7485                95.1922                68.9736
  Atom  AN      X      Y      Z        X      Y      Z        X      Y      Z
     1   6     0.00   0.00   0.00     0.00   0.00   0.00     0.00   0.00   0.00
     2   6     0.00   0.00   0.00     0.00   0.00   0.00     0.00   0.00   0.00
     3   6     0.00   0.00   0.00     0.00   0.00   0.00     0.00   0.00   0.00
     4   6     0.00   0.00   0.00     0.00   0.00   0.00     0.00   0.00   0.00
     5   6     0.00   0.00   0.00     0.00   0.00   0.00     0.00   0.00   0.00
     6   6     0.00   0.00   0.00     0.00   0.00   0.00     0.00   0.00   0.00
     7   6     0.00   0.00   0.00     0.00   0.00   0.00     0.00   0.00   0.00
     8   6     0.00   0.00   0.00     0.00   0.00   0.00     0.00   0.00   0.00
     9   6     0.00   0.00   0.00     0.00   0.00   0.00     0.00   0.00   0.00
    10   6     0.00   0.00   0.00     0.00   0.00   0.00     0.00   0.00   0.00
    11   6     0.00   0.00   0.00     0.00   0.00   0.00     0.00   0.00   0.00
    12   1     0.00   0.00   0.00     0.00   0.00   0.00     0.00   0.00   0.00
    13   1     0.00   0.00   0.00     0.00   0.00   0.00     0.00   0.00   0.00
    14   1     0.00   0.00   0.00     0.00   0.00   0.00     0.00   0.00   0.00
    15   6     0.00   0.00   0.00     0.00   0.00   0.00     0.00   0.00   0.00
    16   1     0.00   0.00   0.00     0.01   0.01   0.00    -0.02  -0.01  -0.01
    17   1     0.00   0.00   0.00     0.00  -0.01   0.01     0.01   0.04  -0.03
    18   6     0.00   0.01   0.01    -0.01   0.02   0.04     0.00   0.00   0.00
    19   1     0.04   0.11  -0.10     0.15   0.40  -0.34     0.00   0.00   0.00
    20   1     0.13  -0.10   0.02     0.44  -0.35   0.08     0.01  -0.01   0.00
    21   1    -0.12  -0.08  -0.06    -0.42  -0.27  -0.21     0.00   0.00   0.00
    22   6     0.00   0.00   0.00     0.00   0.00   0.00     0.00   0.00   0.00
    23   1     0.00   0.00   0.00     0.00   0.00   0.00    -0.01   0.01   0.00
    24   1     0.00   0.00   0.00     0.00   0.00   0.00     0.00   0.00   0.00
    25   6     0.00   0.00   0.00     0.00   0.00   0.00     0.01  -0.01   0.00
    26   1     0.00   0.00   0.00     0.00   0.00   0.00     0.00  -0.01   0.00
    27   1     0.00   0.00   0.00    -0.01   0.00   0.01    -0.05   0.02   0.05
    28   1     0.00   0.00   0.00     0.00   0.00   0.00    -0.06   0.06  -0.04
    29   6     0.00   0.00   0.00     0.00   0.00   0.00     0.00   0.00   0.00
    30   1     0.00   0.00   0.00     0.00   0.00   0.00     0.00   0.00   0.00
    31   1     0.00   0.00   0.00     0.00   0.00   0.00     0.01   0.01   0.00
    32   6     0.00   0.00   0.00     0.00   0.00   0.00     0.00   0.00   0.00
    33   1     0.00   0.00   0.00     0.00   0.00   0.00     0.00   0.01  -0.01
    34   1     0.00   0.00   0.00     0.00   0.00   0.00     0.00   0.01   0.00
    35   1     0.00   0.00   0.00     0.00   0.00   0.00     0.00   0.00   0.00
    36   6     0.00   0.00   0.00     0.00   0.00   0.00    -0.01  -0.03   0.04
    37   1     0.01  -0.01  -0.01     0.00   0.00   0.00     0.21  -0.15  -0.08
    38   1     0.00   0.01  -0.01     0.00   0.00   0.00    -0.14   0.46  -0.44
    39   6    -0.01  -0.02  -0.04     0.00   0.01   0.01     0.00   0.01  -0.01
    40   1     0.44   0.34  -0.10    -0.12  -0.10   0.03    -0.09  -0.06   0.02
    41   1     0.14  -0.39   0.37    -0.04   0.11  -0.11     0.02  -0.06   0.06
    42   1    -0.42   0.29   0.19     0.12  -0.08  -0.05     0.01   0.00  -0.01
    43   7     0.00   0.00   0.00     0.00   0.00   0.00     0.00   0.00   0.00
    44   7     0.00   0.00   0.00     0.00   0.00   0.00     0.00   0.00   0.00
    45   6     0.00   0.00   0.00     0.00   0.00   0.00     0.03   0.02  -0.04
    46   1     0.00   0.00   0.00     0.00   0.00   0.00    -0.11  -0.16  -0.16
    47   1     0.00   0.00   0.00     0.00   0.00  -0.01    -0.17  -0.08   0.58
    48   6     0.00   0.00   0.00     0.00   0.00   0.00    -0.01   0.01   0.01
    49   1     0.00   0.00  -0.01     0.00   0.00   0.00     0.04  -0.08  -0.11
    50   1     0.00   0.00   0.00     0.00   0.00   0.00     0.01  -0.01   0.03
                   127                    128                    129
                     A                      A                      A
 Frequencies --  3063.0943              3065.0630              3067.0206
 Red. masses --     1.1005                 1.0671                 1.0655
 Frc consts  --     6.0834                 5.9067                 5.9052
 IR Inten    --    64.7583                37.3385               273.3554
  Atom  AN      X      Y      Z        X      Y      Z        X      Y      Z
     1   6     0.00   0.00   0.00     0.00   0.00   0.00     0.00   0.00   0.00
     2   6     0.00   0.00   0.00     0.00   0.00   0.00     0.00   0.00   0.00
     3   6     0.00   0.00   0.00     0.00   0.00   0.00     0.00   0.00   0.00
     4   6     0.00   0.00   0.00     0.00   0.00   0.00     0.00   0.00   0.00
     5   6     0.00   0.00   0.00     0.00   0.00   0.00     0.00   0.00   0.00
     6   6     0.00   0.00   0.00     0.00   0.00   0.00     0.00   0.00   0.00
     7   6     0.00   0.00   0.00     0.00   0.00   0.00     0.00   0.00   0.00
     8   6     0.00   0.00   0.00     0.00   0.00   0.00     0.00   0.00   0.00
     9   6     0.00   0.00   0.00     0.00   0.00   0.00     0.00   0.00   0.00
    10   6     0.00   0.00   0.00     0.00   0.00   0.00     0.00   0.00   0.00
    11   6     0.00   0.00   0.00     0.00   0.00   0.00     0.00   0.00   0.00
    12   1     0.00   0.00   0.00     0.00   0.00   0.00     0.00   0.00   0.00
    13   1     0.00   0.00   0.00     0.00   0.00   0.00     0.00   0.00   0.00
    14   1     0.01   0.00   0.00     0.00   0.00   0.00     0.00   0.00   0.00
    15   6     0.00   0.00   0.00     0.00  -0.04   0.05     0.00  -0.01   0.01
    16   1     0.02   0.01   0.01    -0.23  -0.15  -0.10    -0.05  -0.03  -0.02
    17   1    -0.01  -0.05   0.04     0.19   0.60  -0.50     0.04   0.13  -0.11
    18   6     0.00   0.00   0.00     0.00   0.01  -0.01     0.00   0.00   0.00
    19   1     0.00   0.01   0.00    -0.04  -0.09   0.08    -0.01  -0.03   0.02
    20   1    -0.01   0.01   0.00     0.10  -0.08   0.02     0.02  -0.02   0.00
    21   1     0.00   0.00   0.00    -0.01   0.00  -0.01     0.00   0.00   0.00
    22   6    -0.01   0.01   0.00     0.00   0.00   0.00     0.00   0.00   0.00
    23   1     0.06  -0.06  -0.02     0.00   0.01   0.00     0.00   0.00   0.00
    24   1     0.00  -0.02   0.03     0.00   0.00   0.00     0.00   0.00   0.00
    25   6    -0.08   0.05   0.01    -0.01   0.00   0.00     0.00   0.00   0.00
    26   1     0.00   0.05  -0.01     0.00   0.01   0.00     0.00   0.00   0.00
    27   1     0.40  -0.13  -0.43     0.03  -0.01  -0.04     0.00   0.00   0.00
    28   1     0.50  -0.50   0.32     0.04  -0.04   0.03    -0.01   0.01  -0.01
    29   6     0.00   0.00   0.00     0.00   0.00   0.00     0.00   0.00   0.00
    30   1     0.00   0.00   0.00     0.00   0.00   0.00     0.00   0.00   0.00
    31   1     0.00   0.00   0.00     0.00   0.00   0.00     0.01   0.01   0.01
    32   6     0.00   0.00   0.00     0.00   0.00   0.00     0.00   0.00   0.00
    33   1     0.00   0.00   0.00     0.00   0.00   0.00     0.00   0.00   0.00
    34   1     0.00   0.00   0.00     0.00   0.00   0.00    -0.01  -0.01  -0.01
    35   1     0.00   0.00   0.00     0.00   0.00   0.00    -0.01   0.01   0.00
    36   6     0.00   0.00   0.01     0.00   0.01  -0.01    -0.01  -0.02   0.04
    37   1     0.03  -0.02  -0.01    -0.05   0.04   0.02     0.21  -0.15  -0.08
    38   1    -0.02   0.07  -0.07     0.03  -0.11   0.11    -0.12   0.41  -0.39
    39   6     0.00   0.00   0.00     0.00   0.00   0.00     0.00   0.01  -0.01
    40   1    -0.01  -0.01   0.00     0.02   0.02   0.00    -0.08  -0.06   0.02
    41   1     0.00  -0.01   0.01    -0.01   0.02  -0.02     0.03  -0.07   0.07
    42   1     0.00   0.00   0.00     0.00   0.00   0.00     0.01  -0.01  -0.01
    43   7     0.00   0.00   0.00     0.00   0.00   0.00     0.00   0.00   0.00
    44   7     0.00   0.00   0.00     0.00   0.00   0.00     0.00   0.00   0.00
    45   6     0.00   0.00   0.00     0.00   0.00   0.00    -0.03  -0.02   0.04
    46   1    -0.01  -0.02  -0.02     0.00   0.00   0.00     0.11   0.17   0.17
    47   1    -0.02  -0.01   0.06    -0.01  -0.01   0.04     0.19   0.09  -0.64
    48   6     0.00   0.00   0.00    -0.02   0.02   0.01     0.00   0.00  -0.01
    49   1     0.00   0.01   0.01     0.10  -0.20  -0.29    -0.02   0.04   0.06
    50   1    -0.01   0.01  -0.01     0.10  -0.08   0.20     0.01  -0.01   0.02
                   130                    131                    132
                     A                      A                      A
 Frequencies --  3070.0102              3073.4726              3083.0769
 Red. masses --     1.0630                 1.1024                 1.0998
 Frc consts  --     5.9031                 6.1357                 6.1596
 IR Inten    --   238.3933                50.3125                78.3816
  Atom  AN      X      Y      Z        X      Y      Z        X      Y      Z
     1   6     0.00   0.00   0.00     0.00   0.00   0.00     0.00   0.00   0.00
     2   6     0.00   0.00   0.00     0.00   0.00   0.00     0.00   0.00   0.00
     3   6     0.00   0.00   0.00     0.00   0.00   0.00     0.00   0.00   0.00
     4   6     0.00   0.00   0.00     0.00   0.00   0.00     0.00   0.00   0.00
     5   6     0.00   0.00   0.00     0.00   0.00   0.00     0.00   0.00   0.00
     6   6     0.00   0.00   0.00     0.00   0.00   0.00     0.00   0.00   0.00
     7   6     0.00   0.00   0.00     0.00   0.00   0.00     0.00   0.00   0.00
     8   6     0.00   0.00   0.00     0.00   0.00   0.00     0.00   0.00   0.00
     9   6     0.00   0.00   0.00     0.00   0.00   0.00     0.00   0.00   0.00
    10   6     0.00   0.00   0.00     0.00   0.00   0.00     0.00   0.00   0.00
    11   6     0.00   0.00   0.00     0.00   0.00   0.00     0.00   0.00   0.00
    12   1     0.00   0.00   0.00     0.00   0.00   0.00     0.00   0.00   0.00
    13   1     0.00   0.00   0.00     0.00   0.00   0.00     0.00   0.00   0.00
    14   1     0.00   0.00   0.00     0.00   0.00   0.00     0.00   0.00   0.00
    15   6     0.00  -0.02   0.02     0.00   0.00   0.00     0.00   0.00   0.00
    16   1    -0.12  -0.08  -0.06     0.00   0.00   0.00     0.00   0.00   0.00
    17   1     0.09   0.28  -0.24     0.00   0.00   0.00     0.00   0.00   0.00
    18   6     0.00   0.01   0.00     0.00   0.00   0.00     0.00   0.00   0.00
    19   1    -0.02  -0.05   0.05     0.00   0.00   0.00     0.00   0.00   0.00
    20   1     0.05  -0.04   0.01     0.00   0.00   0.00     0.00   0.00   0.00
    21   1    -0.03  -0.02  -0.02     0.00   0.00   0.00     0.00   0.00   0.00
    22   6     0.00   0.00   0.00     0.00   0.00   0.00     0.00   0.00   0.00
    23   1    -0.01   0.01   0.00     0.00   0.00   0.00     0.00   0.00   0.00
    24   1     0.00   0.00   0.01     0.00   0.00   0.00     0.00   0.00   0.00
    25   6     0.00   0.00   0.00     0.00   0.00   0.00     0.00   0.00   0.00
    26   1     0.00   0.00   0.00     0.00   0.00   0.00     0.00   0.00   0.00
    27   1     0.00   0.00   0.00     0.00   0.00   0.00     0.00   0.00   0.00
    28   1     0.00   0.00   0.00     0.00   0.00   0.00     0.00   0.00   0.00
    29   6     0.00   0.00   0.00     0.00  -0.01   0.00     0.00   0.00   0.00
    30   1     0.00   0.00   0.00     0.00   0.03  -0.03     0.00  -0.02   0.02
    31   1     0.00   0.00   0.00     0.03   0.04   0.03     0.02   0.02   0.01
    32   6     0.00   0.00   0.00    -0.05  -0.08   0.01    -0.07   0.04  -0.03
    33   1     0.00   0.01  -0.01    -0.02   0.44  -0.42    -0.01  -0.34   0.31
    34   1     0.00   0.00   0.00     0.44   0.56   0.25     0.06   0.11   0.03
    35   1    -0.01   0.00   0.00     0.19  -0.09   0.02     0.82  -0.30   0.06
    36   6     0.00   0.00   0.00     0.00   0.00   0.00     0.00   0.00   0.00
    37   1    -0.01   0.01   0.00    -0.01   0.01   0.00     0.01  -0.01   0.00
    38   1     0.00  -0.01   0.01     0.00   0.01  -0.01     0.00   0.00   0.00
    39   6     0.00   0.00   0.00     0.00   0.00   0.00     0.00   0.00   0.00
    40   1     0.00   0.00   0.00     0.00   0.00   0.00    -0.01   0.00   0.00
    41   1     0.00   0.00   0.00     0.00   0.00   0.00     0.00   0.00   0.00
    42   1    -0.01   0.01   0.00     0.00   0.00   0.00    -0.01   0.00   0.00
    43   7     0.00   0.00   0.00     0.00   0.00   0.00     0.00   0.00   0.00
    44   7     0.00   0.00   0.00     0.00   0.00   0.00     0.00   0.00   0.00
    45   6     0.01   0.01  -0.01     0.00   0.00   0.00     0.00   0.00   0.00
    46   1    -0.05  -0.07  -0.07     0.00   0.01   0.01     0.00   0.00   0.00
    47   1    -0.04  -0.02   0.13     0.01   0.00  -0.02     0.00   0.00  -0.01
    48   6     0.03  -0.05  -0.03     0.00   0.00   0.00     0.00   0.00   0.00
    49   1    -0.22   0.43   0.64     0.00   0.00   0.00     0.00   0.01   0.01
    50   1    -0.15   0.12  -0.32     0.00   0.00   0.00     0.00   0.00   0.00
                   133                    134                    135
                     A                      A                      A
 Frequencies --  3091.4145              3093.5545              3098.9922
 Red. masses --     1.1000                 1.0999                 1.1013
 Frc consts  --     6.1937                 6.2020                 6.2314
 IR Inten    --    13.4680                16.1300               105.5721
  Atom  AN      X      Y      Z        X      Y      Z        X      Y      Z
     1   6     0.00   0.00   0.00     0.00   0.00   0.00     0.00   0.00   0.00
     2   6     0.00   0.00   0.00     0.00   0.00   0.00     0.00   0.00   0.00
     3   6     0.00   0.00   0.00     0.00   0.00   0.00     0.00   0.00   0.00
     4   6     0.00   0.00   0.00     0.00   0.00   0.00     0.00   0.00   0.00
     5   6     0.00   0.00   0.00     0.00   0.00   0.00     0.00   0.00   0.00
     6   6     0.00   0.00   0.00     0.00   0.00   0.00     0.00   0.00   0.00
     7   6     0.00   0.00   0.00     0.00   0.00   0.00     0.00   0.00   0.00
     8   6     0.00   0.00   0.00     0.00   0.00   0.00     0.00   0.00   0.00
     9   6     0.00   0.00   0.00     0.00   0.00   0.00     0.00   0.00   0.00
    10   6     0.00   0.00   0.00     0.00   0.00   0.00     0.00   0.00   0.00
    11   6     0.00   0.00   0.00     0.00   0.00   0.00     0.00   0.00   0.00
    12   1     0.00   0.00   0.00     0.00   0.00   0.00     0.00   0.00   0.00
    13   1     0.00   0.00   0.00     0.00   0.00   0.00     0.00   0.00   0.00
    14   1     0.00   0.00   0.00     0.00   0.00   0.00     0.00   0.00   0.00
    15   6     0.00   0.00   0.00     0.03   0.02   0.01     0.00   0.00   0.00
    16   1     0.00   0.00   0.00    -0.33  -0.21  -0.16     0.01   0.01   0.01
    17   1     0.00   0.00   0.00    -0.02  -0.08   0.07     0.00  -0.01   0.01
    18   6     0.00   0.00   0.00    -0.07  -0.04  -0.01     0.00   0.01   0.00
    19   1     0.00   0.00   0.00     0.10   0.29  -0.26    -0.02  -0.05   0.04
    20   1     0.00   0.00   0.00     0.23  -0.21   0.04     0.05  -0.04   0.01
    21   1     0.00   0.00   0.00     0.55   0.37   0.30     0.01   0.01   0.00
    22   6     0.00   0.00   0.00     0.00   0.00   0.00     0.00   0.00   0.00
    23   1     0.00   0.00   0.00    -0.01   0.01   0.00     0.00   0.00   0.00
    24   1     0.00   0.00   0.00     0.00   0.00   0.00     0.00   0.00   0.00
    25   6     0.00   0.00   0.00     0.00   0.00   0.00     0.00   0.00   0.00
    26   1     0.00   0.00   0.00     0.00   0.01   0.00     0.00   0.00   0.00
    27   1     0.00   0.00   0.00     0.00   0.00   0.00     0.00   0.00   0.00
    28   1     0.00   0.00   0.00     0.00   0.00   0.00     0.00   0.00   0.00
    29   6     0.00   0.00   0.00     0.00   0.00   0.00     0.00   0.00   0.00
    30   1     0.00   0.00   0.00     0.00   0.00   0.00     0.00   0.00   0.00
    31   1    -0.01  -0.01  -0.01     0.00   0.00   0.00     0.00   0.00   0.00
    32   6     0.00   0.00   0.00     0.00   0.00   0.00     0.00   0.00   0.00
    33   1     0.00  -0.01   0.01     0.00   0.00   0.00     0.00   0.00   0.00
    34   1     0.00   0.00   0.00     0.00   0.00   0.00     0.00   0.00   0.00
    35   1     0.01   0.00   0.00     0.00   0.00   0.00     0.01   0.00   0.00
    36   6     0.03  -0.03   0.00     0.00   0.00   0.00     0.00  -0.01   0.01
    37   1    -0.36   0.25   0.15     0.00   0.00   0.00     0.08  -0.06  -0.04
    38   1    -0.02   0.10  -0.10     0.00   0.00   0.00    -0.04   0.12  -0.12
    39   6    -0.06   0.05   0.00     0.00   0.00   0.00    -0.05  -0.06   0.05
    40   1     0.14   0.13  -0.03     0.00   0.00   0.00     0.59   0.46  -0.11
    41   1     0.11  -0.33   0.34     0.00   0.00   0.00    -0.16   0.38  -0.38
    42   1     0.52  -0.37  -0.26     0.00   0.00   0.00     0.16  -0.14  -0.07
    43   7     0.00   0.00   0.00     0.00   0.00   0.00     0.00   0.00   0.00
    44   7     0.00   0.00   0.00     0.00   0.00   0.00     0.00   0.00   0.00
    45   6     0.00   0.00   0.00     0.00   0.00   0.00     0.00   0.00   0.00
    46   1     0.01   0.01   0.01     0.00   0.00   0.00     0.01   0.02   0.02
    47   1     0.00   0.00   0.01     0.00   0.00   0.00     0.00   0.00   0.00
    48   6     0.00   0.00   0.00     0.00   0.00   0.00     0.00   0.00   0.00
    49   1     0.00   0.00   0.00     0.00   0.01   0.01     0.00   0.00   0.01
    50   1     0.00   0.00   0.00    -0.01   0.01  -0.03     0.00   0.00  -0.01
                   136                    137                    138
                     A                      A                      A
 Frequencies --  3099.8595              3114.4296              3115.5309
 Red. masses --     1.1008                 1.1005                 1.0967
 Frc consts  --     6.2323                 6.2891                 6.2722
 IR Inten    --    97.7392                48.3510                55.9365
  Atom  AN      X      Y      Z        X      Y      Z        X      Y      Z
     1   6     0.00   0.00   0.00     0.00   0.00   0.00     0.00   0.00   0.00
     2   6     0.00   0.00   0.00     0.00   0.00   0.00     0.00   0.00   0.00
     3   6     0.00   0.00   0.00     0.00   0.00   0.00     0.00   0.00   0.00
     4   6     0.00   0.00   0.00     0.00   0.00   0.00     0.00   0.00   0.00
     5   6     0.00   0.00   0.00     0.00   0.00   0.00     0.00   0.00   0.00
     6   6     0.00   0.00   0.00     0.00   0.00   0.00     0.00   0.00   0.00
     7   6     0.00   0.00   0.00     0.00   0.00   0.00     0.00   0.00   0.00
     8   6     0.00   0.00   0.00     0.00   0.00   0.00     0.00   0.00   0.00
     9   6     0.00   0.00   0.00     0.00   0.00   0.00     0.00   0.00   0.00
    10   6     0.00   0.00   0.00     0.00   0.00   0.00     0.00   0.00   0.00
    11   6     0.00   0.00   0.00     0.00   0.00   0.00     0.00   0.00   0.00
    12   1     0.00   0.00   0.00     0.00   0.00   0.00     0.00   0.00   0.00
    13   1     0.00   0.00   0.00     0.00   0.00   0.00     0.00   0.00   0.00
    14   1     0.00   0.00   0.00     0.00   0.00   0.00     0.00   0.00   0.00
    15   6    -0.01   0.00  -0.01     0.00   0.00   0.00     0.00   0.00   0.00
    16   1     0.12   0.08   0.06    -0.01  -0.01  -0.01    -0.05  -0.03  -0.02
    17   1    -0.04  -0.12   0.11     0.00   0.00   0.00    -0.01  -0.02   0.02
    18   6    -0.04   0.07  -0.04     0.00   0.00   0.00     0.00   0.00   0.00
    19   1    -0.19  -0.46   0.40     0.00   0.00   0.00    -0.01  -0.02   0.02
    20   1     0.55  -0.44   0.09     0.00   0.00   0.00     0.00   0.00   0.00
    21   1     0.08   0.07   0.04    -0.01   0.00   0.00    -0.03  -0.02  -0.01
    22   6     0.00   0.00   0.00     0.00   0.00   0.00     0.00   0.00   0.00
    23   1     0.00   0.00   0.00     0.00   0.00   0.00    -0.01   0.01   0.00
    24   1     0.00   0.00   0.00     0.00   0.00   0.00     0.00   0.03  -0.03
    25   6     0.00   0.00   0.00     0.00   0.00   0.00    -0.04  -0.07   0.04
    26   1    -0.01  -0.01   0.00     0.01   0.02  -0.01     0.47   0.79  -0.24
    27   1     0.00   0.00   0.00     0.00   0.00   0.00     0.14  -0.07  -0.14
    28   1     0.00   0.00   0.00     0.00   0.00   0.00    -0.15   0.13  -0.08
    29   6     0.00   0.00   0.00     0.00   0.00   0.00     0.00   0.00   0.00
    30   1     0.00   0.00   0.00     0.00   0.00   0.00     0.00   0.00   0.00
    31   1     0.00   0.00   0.00     0.02   0.02   0.01     0.00   0.00   0.00
    32   6     0.00   0.00   0.00     0.00   0.00   0.00     0.00   0.00   0.00
    33   1     0.00   0.00   0.00     0.00   0.01  -0.01     0.00   0.00   0.00
    34   1     0.00   0.00   0.00     0.00   0.00   0.00     0.00   0.00   0.00
    35   1     0.00   0.00   0.00     0.00   0.00   0.00     0.00   0.00   0.00
    36   6     0.00   0.00   0.00    -0.06   0.06   0.00     0.00   0.00   0.00
    37   1    -0.01   0.01   0.00     0.60  -0.41  -0.26    -0.02   0.01   0.01
    38   1     0.00  -0.01   0.01     0.07  -0.26   0.26     0.00   0.01  -0.01
    39   6     0.00   0.01   0.00    -0.03   0.03   0.00     0.00   0.00   0.00
    40   1    -0.06  -0.05   0.01     0.05   0.05  -0.01     0.00   0.00   0.00
    41   1     0.02  -0.04   0.04     0.07  -0.19   0.20     0.00   0.00   0.00
    42   1    -0.02   0.01   0.01     0.28  -0.20  -0.14    -0.01   0.01   0.00
    43   7     0.00   0.00   0.00     0.00   0.00   0.00     0.00   0.00   0.00
    44   7     0.00   0.00   0.00     0.00   0.00   0.00     0.00   0.00   0.00
    45   6     0.00   0.00   0.00     0.00   0.00  -0.01     0.00   0.00   0.00
    46   1     0.00   0.00   0.00     0.04   0.06   0.05     0.01   0.01   0.01
    47   1     0.00   0.00   0.01    -0.02  -0.01   0.06     0.00   0.00   0.01
    48   6     0.00   0.00   0.00     0.00   0.00   0.01     0.00   0.00   0.00
    49   1     0.01  -0.01  -0.02     0.01  -0.01  -0.01     0.00  -0.01  -0.01
    50   1    -0.02   0.02  -0.04    -0.03   0.02  -0.05    -0.01   0.01  -0.02
                   139                    140                    141
                     A                      A                      A
 Frequencies --  3118.0034              3119.9720              3128.8456
 Red. masses --     1.0997                 1.1014                 1.1054
 Frc consts  --     6.2992                 6.3165                 6.3760
 IR Inten    --    40.8101                90.6011               101.2241
  Atom  AN      X      Y      Z        X      Y      Z        X      Y      Z
     1   6     0.00   0.00   0.00     0.00   0.00   0.00     0.00   0.00   0.00
     2   6     0.00   0.00   0.00     0.00   0.00   0.00     0.00   0.00   0.00
     3   6     0.00   0.00   0.00     0.00   0.00   0.00     0.00   0.00   0.00
     4   6     0.00   0.00   0.00     0.00   0.00   0.00     0.00   0.00   0.00
     5   6     0.00   0.00   0.00     0.00   0.00   0.00     0.00   0.00   0.00
     6   6     0.00   0.00   0.00     0.00   0.00   0.00     0.00   0.00   0.00
     7   6     0.00   0.00   0.00     0.00   0.00   0.00     0.00   0.00   0.00
     8   6     0.00   0.00   0.00     0.00   0.00   0.00     0.00   0.00   0.00
     9   6     0.00   0.00   0.00     0.00   0.00   0.00     0.00   0.00   0.00
    10   6     0.00   0.00   0.00     0.00   0.00   0.00     0.00   0.00   0.00
    11   6     0.00   0.00   0.00     0.00   0.00   0.00     0.00   0.00   0.00
    12   1     0.00   0.00   0.00     0.00   0.00   0.00     0.00   0.00   0.00
    13   1     0.00   0.00   0.00     0.00   0.00   0.00     0.00   0.00   0.00
    14   1     0.00   0.00   0.00     0.00   0.00   0.00     0.00   0.00   0.00
    15   6    -0.05  -0.04  -0.01    -0.03  -0.03   0.00     0.00  -0.01   0.00
    16   1     0.53   0.34   0.27     0.36   0.23   0.18     0.04   0.02   0.02
    17   1     0.05   0.17  -0.16     0.05   0.18  -0.16     0.01   0.05  -0.04
    18   6    -0.03  -0.02   0.00    -0.02  -0.02   0.00     0.00   0.00   0.00
    19   1     0.05   0.14  -0.13     0.04   0.11  -0.10     0.01   0.02  -0.02
    20   1     0.06  -0.06   0.01     0.01  -0.01   0.00    -0.01   0.01   0.00
    21   1     0.22   0.15   0.12     0.14   0.09   0.08     0.01   0.01   0.01
    22   6     0.00   0.00   0.00     0.00   0.00   0.00     0.00   0.00   0.00
    23   1     0.02  -0.02   0.00     0.01  -0.01   0.00     0.00   0.00   0.00
    24   1     0.00   0.00   0.00     0.00   0.00   0.00     0.00   0.00   0.00
    25   6     0.00  -0.01   0.00     0.00   0.00   0.00     0.00   0.00   0.00
    26   1     0.04   0.07  -0.02     0.01   0.02   0.00     0.00   0.00   0.00
    27   1     0.01  -0.01  -0.01     0.00   0.00   0.00     0.00   0.00   0.00
    28   1    -0.02   0.01  -0.01    -0.01   0.00   0.00     0.00   0.00   0.00
    29   6     0.00   0.00   0.00     0.00   0.00   0.00     0.00   0.00   0.00
    30   1     0.00   0.00   0.00     0.00   0.00   0.00     0.00   0.00   0.00
    31   1     0.00   0.00   0.00     0.00   0.00   0.00     0.00   0.00   0.00
    32   6     0.00   0.00   0.00     0.00   0.00   0.00     0.00   0.00   0.00
    33   1     0.00   0.00   0.00     0.00   0.00   0.00     0.00   0.00   0.00
    34   1     0.00   0.00   0.00     0.00   0.00   0.00     0.00   0.00   0.00
    35   1     0.00   0.00   0.00     0.00   0.00   0.00     0.00   0.00   0.00
    36   6     0.00   0.00   0.00     0.00   0.00   0.00     0.00   0.00   0.00
    37   1     0.04  -0.03  -0.02    -0.05   0.03   0.02     0.02  -0.02  -0.01
    38   1     0.01  -0.02   0.02    -0.01   0.02  -0.02     0.00  -0.01   0.01
    39   6     0.00   0.00   0.00     0.00   0.00   0.00     0.00   0.00   0.00
    40   1     0.01   0.01   0.00    -0.01  -0.01   0.00     0.02   0.01   0.00
    41   1     0.00  -0.01   0.01    -0.01   0.02  -0.02     0.00  -0.01   0.01
    42   1     0.03  -0.02  -0.01    -0.03   0.03   0.02     0.02  -0.02  -0.01
    43   7     0.00   0.00   0.00     0.00   0.00   0.00     0.00   0.00   0.00
    44   7     0.00   0.00   0.00     0.00   0.00   0.00     0.00   0.00   0.00
    45   6     0.01   0.02   0.02    -0.02  -0.03  -0.04     0.02   0.04   0.06
    46   1    -0.14  -0.20  -0.18     0.24   0.34   0.31    -0.32  -0.46  -0.42
    47   1     0.03   0.01  -0.08    -0.05  -0.03   0.16     0.10   0.05  -0.30
    48   6    -0.01   0.00  -0.04     0.02  -0.01   0.05     0.01   0.00   0.06
    49   1    -0.06   0.12   0.16     0.07  -0.12  -0.16     0.09  -0.17  -0.23
    50   1     0.19  -0.14   0.35    -0.25   0.19  -0.47    -0.24   0.19  -0.45
                   142                    143                    144
                     A                      A                      A
 Frequencies --  3154.8082              3197.7106              3204.5495
 Red. masses --     1.0860                 1.0888                 1.0920
 Frc consts  --     6.3685                 6.5599                 6.6069
 IR Inten    --    33.4334                96.5326                37.9168
  Atom  AN      X      Y      Z        X      Y      Z        X      Y      Z
     1   6     0.00   0.00   0.00     0.00   0.00   0.00     0.00   0.00   0.00
     2   6     0.00   0.00   0.00     0.00   0.00   0.00     0.00   0.00   0.00
     3   6     0.00   0.00   0.00     0.00   0.00   0.00     0.00   0.00   0.00
     4   6     0.00   0.00   0.00     0.00   0.00   0.00     0.00   0.00   0.00
     5   6     0.00   0.00   0.00     0.00   0.00   0.00     0.00   0.00   0.00
     6   6     0.00   0.00   0.00     0.00   0.00   0.00     0.00   0.00   0.00
     7   6     0.00   0.00   0.00     0.00   0.00   0.00     0.00   0.00   0.00
     8   6     0.00   0.00   0.00     0.00   0.00   0.00     0.00   0.00   0.00
     9   6    -0.01   0.01   0.00    -0.03   0.02   0.00    -0.06   0.04  -0.01
    10   6     0.00  -0.08   0.01     0.00  -0.01   0.00     0.00   0.02   0.00
    11   6     0.01   0.01   0.00    -0.06  -0.04   0.00     0.03   0.02   0.00
    12   1     0.15  -0.10   0.02     0.40  -0.26   0.04     0.72  -0.46   0.07
    13   1     0.01   0.95  -0.14     0.00   0.09  -0.01     0.00  -0.25   0.04
    14   1    -0.17  -0.11   0.01     0.74   0.45  -0.05    -0.38  -0.23   0.02
    15   6     0.00   0.00   0.00     0.00   0.00   0.00     0.00   0.00   0.00
    16   1     0.00   0.00   0.00     0.00   0.00   0.00     0.00   0.00   0.00
    17   1     0.00   0.00   0.00     0.00   0.00   0.00     0.00   0.00   0.00
    18   6     0.00   0.00   0.00     0.00   0.00   0.00     0.00   0.00   0.00
    19   1     0.00   0.00   0.00     0.00   0.00   0.00     0.00   0.00   0.00
    20   1     0.00   0.00   0.00     0.00   0.00   0.00     0.00   0.00   0.00
    21   1     0.00   0.00   0.00     0.00   0.00   0.00     0.00   0.00   0.00
    22   6     0.00   0.00   0.00     0.00   0.00   0.00     0.00   0.00   0.00
    23   1     0.00   0.00   0.00     0.00   0.00   0.00     0.00   0.00   0.00
    24   1     0.00   0.00   0.00     0.00   0.01  -0.01     0.00  -0.01   0.01
    25   6     0.00   0.00   0.00     0.00   0.00   0.00     0.00   0.00   0.00
    26   1     0.00   0.00   0.00     0.00   0.00   0.00     0.00   0.00   0.00
    27   1     0.00   0.00   0.00     0.00   0.00   0.00     0.00   0.00   0.00
    28   1     0.00   0.00   0.00     0.00   0.00   0.00     0.00   0.00   0.00
    29   6     0.00   0.00   0.00     0.00   0.00   0.00     0.00   0.00   0.00
    30   1     0.00   0.00   0.00     0.00  -0.01   0.01     0.00  -0.01   0.01
    31   1     0.00   0.00   0.00     0.00   0.00   0.00     0.00   0.00   0.00
    32   6     0.00   0.00   0.00     0.00   0.00   0.00     0.00   0.00   0.00
    33   1     0.00   0.00   0.00     0.00   0.00   0.00     0.00   0.00   0.00
    34   1     0.00   0.00   0.00     0.00   0.00   0.00     0.00   0.00   0.00
    35   1     0.00   0.00   0.00     0.00   0.00   0.00     0.00   0.00   0.00
    36   6     0.00   0.00   0.00     0.00   0.00   0.00     0.00   0.00   0.00
    37   1     0.00   0.00   0.00     0.00   0.00   0.00     0.00   0.00   0.00
    38   1     0.00   0.00   0.00     0.00   0.00   0.00     0.00   0.00   0.00
    39   6     0.00   0.00   0.00     0.00   0.00   0.00     0.00   0.00   0.00
    40   1     0.00   0.00   0.00     0.00   0.00   0.00     0.00   0.00   0.00
    41   1     0.00   0.00   0.00     0.00   0.00   0.00     0.00   0.00   0.00
    42   1     0.00   0.00   0.00     0.00   0.00   0.00     0.00   0.00   0.00
    43   7     0.00   0.00   0.00     0.00   0.00   0.00     0.00   0.00   0.00
    44   7     0.00   0.00   0.00     0.00   0.00   0.00     0.00   0.00   0.00
    45   6     0.00   0.00   0.00     0.00   0.00   0.00     0.00   0.00   0.00
    46   1     0.00   0.00   0.00     0.00   0.00   0.00     0.00   0.00   0.00
    47   1     0.00   0.00   0.00     0.00   0.00   0.00     0.00   0.00   0.00
    48   6     0.00   0.00   0.00     0.00   0.00   0.00     0.00   0.00   0.00
    49   1     0.00   0.00   0.00     0.00   0.00   0.00     0.00   0.00   0.00
    50   1     0.00   0.00   0.00     0.00   0.00   0.00     0.00   0.00   0.00

 -------------------
 - Thermochemistry -
 -------------------
 Temperature   298.150 Kelvin.  Pressure   1.00000 Atm.
 Atom     1 has atomic number  6 and mass  12.00000
 Atom     2 has atomic number  6 and mass  12.00000
 Atom     3 has atomic number  6 and mass  12.00000
 Atom     4 has atomic number  6 and mass  12.00000
 Atom     5 has atomic number  6 and mass  12.00000
 Atom     6 has atomic number  6 and mass  12.00000
 Atom     7 has atomic number  6 and mass  12.00000
 Atom     8 has atomic number  6 and mass  12.00000
 Atom     9 has atomic number  6 and mass  12.00000
 Atom    10 has atomic number  6 and mass  12.00000
 Atom    11 has atomic number  6 and mass  12.00000
 Atom    12 has atomic number  1 and mass   1.00783
 Atom    13 has atomic number  1 and mass   1.00783
 Atom    14 has atomic number  1 and mass   1.00783
 Atom    15 has atomic number  6 and mass  12.00000
 Atom    16 has atomic number  1 and mass   1.00783
 Atom    17 has atomic number  1 and mass   1.00783
 Atom    18 has atomic number  6 and mass  12.00000
 Atom    19 has atomic number  1 and mass   1.00783
 Atom    20 has atomic number  1 and mass   1.00783
 Atom    21 has atomic number  1 and mass   1.00783
 Atom    22 has atomic number  6 and mass  12.00000
 Atom    23 has atomic number  1 and mass   1.00783
 Atom    24 has atomic number  1 and mass   1.00783
 Atom    25 has atomic number  6 and mass  12.00000
 Atom    26 has atomic number  1 and mass   1.00783
 Atom    27 has atomic number  1 and mass   1.00783
 Atom    28 has atomic number  1 and mass   1.00783
 Atom    29 has atomic number  6 and mass  12.00000
 Atom    30 has atomic number  1 and mass   1.00783
 Atom    31 has atomic number  1 and mass   1.00783
 Atom    32 has atomic number  6 and mass  12.00000
 Atom    33 has atomic number  1 and mass   1.00783
 Atom    34 has atomic number  1 and mass   1.00783
 Atom    35 has atomic number  1 and mass   1.00783
 Atom    36 has atomic number  6 and mass  12.00000
 Atom    37 has atomic number  1 and mass   1.00783
 Atom    38 has atomic number  1 and mass   1.00783
 Atom    39 has atomic number  6 and mass  12.00000
 Atom    40 has atomic number  1 and mass   1.00783
 Atom    41 has atomic number  1 and mass   1.00783
 Atom    42 has atomic number  1 and mass   1.00783
 Atom    43 has atomic number  7 and mass  14.00307
 Atom    44 has atomic number  7 and mass  14.00307
 Atom    45 has atomic number  6 and mass  12.00000
 Atom    46 has atomic number  1 and mass   1.00783
 Atom    47 has atomic number  1 and mass   1.00783
 Atom    48 has atomic number  6 and mass  12.00000
 Atom    49 has atomic number  1 and mass   1.00783
 Atom    50 has atomic number  1 and mass   1.00783
 Molecular mass:   307.21742 amu.
 Principal axes and moments of inertia in atomic units:
                           1         2         3
     Eigenvalues --  4509.875618561.46392**********
           X            1.00000   0.00042  -0.00007
           Y           -0.00042   0.99995   0.01034
           Z            0.00008  -0.01034   0.99995
 This molecule is an asymmetric top.
 Rotational symmetry number  1.
 Warning -- assumption of classical behavior for rotation
           may cause significant error
 Rotational temperatures (Kelvin)      0.01921     0.01012     0.00708
 Rotational constants (GHZ):           0.40018     0.21080     0.14761
    3 imaginary frequencies ignored.
 Zero-point vibrational energy    1130704.0 (Joules/Mol)
                                  270.24475 (Kcal/Mol)
 Warning -- explicit consideration of  32 degrees of freedom as
           vibrations may cause significant error
 Vibrational temperatures:     65.11    80.43   107.08   118.28   125.16
          (Kelvin)            139.38   159.73   192.39   197.40   249.55
                              262.68   266.94   280.00   289.79   297.13
                              350.80   402.53   412.83   460.80   488.85
                              537.99   550.76   553.85   576.35   589.47
                              648.03   674.78   722.27   771.35   776.69
                              794.38   816.71   893.67   918.60   927.78
                              960.61   969.64  1009.55  1045.08  1061.05
                             1074.33  1121.28  1146.33  1181.34  1191.08
                             1205.18  1231.03  1249.10  1258.16  1285.71
                             1315.20  1330.38  1362.90  1376.60  1407.18
                             1436.37  1457.46  1482.75  1503.55  1523.06
                             1527.55  1544.55  1547.39  1570.01  1582.03
                             1586.17  1599.01  1614.51  1619.00  1721.06
                             1728.43  1746.43  1798.59  1810.27  1831.50
                             1832.73  1837.70  1845.73  1876.13  1901.94
                             1916.13  1921.68  1936.59  1939.48  1953.53
                             1981.81  2000.04  2004.28  2011.57  2013.07
                             2020.42  2026.58  2036.16  2131.33  2132.28
                             2134.51  2136.90  2137.99  2138.73  2139.66
                             2144.24  2149.96  2160.33  2162.01  2165.44
                             2166.53  2178.21  2192.45  2210.15  2213.31
                             2255.81  2266.53  2361.54  2427.58  4201.16
                             4206.32  4237.30  4248.00  4338.09  4340.58
                             4360.56  4361.34  4406.21  4407.10  4409.94
                             4412.75  4417.05  4422.04  4435.85  4447.85
                             4450.93  4458.75  4460.00  4480.96  4482.55
                             4486.11  4488.94  4501.71  4539.06  4600.79
                             4610.63
 
 Zero-point correction=                           0.430662 (Hartree/Particle)
 Thermal correction to Energy=                    0.451632
 Thermal correction to Enthalpy=                  0.452576
 Thermal correction to Gibbs Free Energy=         0.381440
 Sum of electronic and zero-point Energies=           -925.768561
 Sum of electronic and thermal Energies=              -925.747591
 Sum of electronic and thermal Enthalpies=            -925.746647
 Sum of electronic and thermal Free Energies=         -925.817783
 
                     E (Thermal)             CV                S
                      KCal/Mol        Cal/Mol-Kelvin    Cal/Mol-Kelvin
 Total                  283.403             83.420            149.719
 Electronic               0.000              0.000              1.377
 Translational            0.889              2.981             43.064
 Rotational               0.889              2.981             34.511
 Vibrational            281.626             77.458             70.766
 Vibration     1          0.595              1.979              5.015
 Vibration     2          0.596              1.975              4.597
 Vibration     3          0.599              1.966              4.033
 Vibration     4          0.600              1.961              3.837
 Vibration     5          0.601              1.958              3.727
 Vibration     6          0.603              1.951              3.516
 Vibration     7          0.607              1.940              3.251
 Vibration     8          0.613              1.920              2.892
 Vibration     9          0.614              1.916              2.843
 Vibration    10          0.627              1.875              2.398
 Vibration    11          0.630              1.864              2.302
 Vibration    12          0.632              1.860              2.272
 Vibration    13          0.635              1.847              2.183
 Vibration    14          0.638              1.838              2.120
 Vibration    15          0.641              1.831              2.074
 Vibration    16          0.659              1.773              1.775
 Vibration    17          0.680              1.711              1.535
 Vibration    18          0.684              1.698              1.492
 Vibration    19          0.706              1.635              1.309
 Vibration    20          0.720              1.596              1.213
 Vibration    21          0.745              1.526              1.064
 Vibration    22          0.752              1.507              1.028
 Vibration    23          0.754              1.502              1.020
 Vibration    24          0.766              1.469              0.961
 Vibration    25          0.774              1.449              0.928
 Vibration    26          0.809              1.360              0.795
 Vibration    27          0.826              1.319              0.740
 Vibration    28          0.857              1.246              0.653
 Vibration    29          0.891              1.170              0.574
 Vibration    30          0.895              1.162              0.566
 Vibration    31          0.907              1.135              0.540
 Vibration    32          0.924              1.101              0.509
                       Q            Log10(Q)             Ln(Q)
 Total Bot       0.355009-175       -175.449761       -403.988004
 Total V=0       0.437302D+23         22.640782         52.132327
 Vib (Bot)       0.107830-190       -190.967262       -439.718371
 Vib (Bot)    1  0.457014D+01          0.659929          1.519543
 Vib (Bot)    2  0.369553D+01          0.567677          1.307125
 Vib (Bot)    3  0.276937D+01          0.442381          1.018619
 Vib (Bot)    4  0.250431D+01          0.398689          0.918015
 Vib (Bot)    5  0.236468D+01          0.373773          0.860644
 Vib (Bot)    6  0.211977D+01          0.326289          0.751307
 Vib (Bot)    7  0.184449D+01          0.265877          0.612204
 Vib (Bot)    8  0.152315D+01          0.182743          0.420780
 Vib (Bot)    9  0.148315D+01          0.171186          0.394170
 Vib (Bot)   10  0.116059D+01          0.064677          0.148925
 Vib (Bot)   11  0.109915D+01          0.041057          0.094537
 Vib (Bot)   12  0.108046D+01          0.033609          0.077388
 Vib (Bot)   13  0.102667D+01          0.011430          0.026320
 Vib (Bot)   14  0.989432D+00         -0.004614         -0.010624
 Vib (Bot)   15  0.963082D+00         -0.016337         -0.037617
 Vib (Bot)   16  0.802788D+00         -0.095399         -0.219665
 Vib (Bot)   17  0.687299D+00         -0.162854         -0.374986
 Vib (Bot)   18  0.667583D+00         -0.175495         -0.404092
 Vib (Bot)   19  0.586857D+00         -0.231468         -0.532975
 Vib (Bot)   20  0.546588D+00         -0.262340         -0.604060
 Vib (Bot)   21  0.485585D+00         -0.313735         -0.722400
 Vib (Bot)   22  0.471405D+00         -0.326606         -0.752037
 Vib (Bot)   23  0.468065D+00         -0.329693         -0.759147
 Vib (Bot)   24  0.444751D+00         -0.351883         -0.810240
 Vib (Bot)   25  0.431923D+00         -0.364594         -0.839508
 Vib (Bot)   26  0.380619D+00         -0.419510         -0.965957
 Vib (Bot)   27  0.359955D+00         -0.443752         -1.021776
 Vib (Bot)   28  0.326813D+00         -0.485701         -1.118367
 Vib (Bot)   29  0.296610D+00         -0.527814         -1.215337
 Vib (Bot)   30  0.293539D+00         -0.532334         -1.225745
 Vib (Bot)   31  0.283654D+00         -0.547212         -1.260002
 Vib (Bot)   32  0.271762D+00         -0.565811         -1.302828
 Vib (V=0)       0.132825D+08          7.123280         16.401959
 Vib (V=0)    1  0.509741D+01          0.707349          1.628732
 Vib (V=0)    2  0.422920D+01          0.626259          1.442014
 Vib (V=0)    3  0.331414D+01          0.520371          1.198199
 Vib (V=0)    4  0.305374D+01          0.484832          1.116367
 Vib (V=0)    5  0.291697D+01          0.464931          1.070544
 Vib (V=0)    6  0.267794D+01          0.427801          0.985048
 Vib (V=0)    7  0.241106D+01          0.382208          0.880067
 Vib (V=0)    8  0.210312D+01          0.322863          0.743421
 Vib (V=0)    9  0.206516D+01          0.314955          0.725210
 Vib (V=0)   10  0.176371D+01          0.246427          0.567419
 Vib (V=0)   11  0.170753D+01          0.232369          0.535048
 Vib (V=0)   12  0.169054D+01          0.228027          0.525051
 Vib (V=0)   13  0.164195D+01          0.215360          0.495884
 Vib (V=0)   14  0.160859D+01          0.206446          0.475359
 Vib (V=0)   15  0.158514D+01          0.200067          0.460672
 Vib (V=0)   16  0.144576D+01          0.160097          0.368637
 Vib (V=0)   17  0.134993D+01          0.130311          0.300052
 Vib (V=0)   18  0.133407D+01          0.125177          0.288232
 Vib (V=0)   19  0.127097D+01          0.104137          0.239783
 Vib (V=0)   20  0.124078D+01          0.093696          0.215742
 Vib (V=0)   21  0.119699D+01          0.078090          0.179809
 Vib (V=0)   22  0.118718D+01          0.074518          0.171585
 Vib (V=0)   23  0.118490D+01          0.073681          0.169657
 Vib (V=0)   24  0.116918D+01          0.067882          0.156304
 Vib (V=0)   25  0.116072D+01          0.064729          0.149045
 Vib (V=0)   26  0.112839D+01          0.052458          0.120790
 Vib (V=0)   27  0.111609D+01          0.047699          0.109832
 Vib (V=0)   28  0.109733D+01          0.040338          0.092883
 Vib (V=0)   29  0.108136D+01          0.033970          0.078218
 Vib (V=0)   30  0.107980D+01          0.033342          0.076773
 Vib (V=0)   31  0.107486D+01          0.031350          0.072187
 Vib (V=0)   32  0.106908D+01          0.029011          0.066801
 Electronic      0.200000D+01          0.301030          0.693147
 Translational   0.211653D+09          8.325624         19.170458
 Rotational      0.777763D+07          6.890847         15.866763
 ***** Axes restored to original set *****
 -------------------------------------------------------------------
 Center     Atomic                   Forces (Hartrees/Bohr)
 Number     Number              X              Y              Z
 -------------------------------------------------------------------
      1        6           0.008617044    0.006684113    0.000232442
      2        6          -0.000129623    0.061268572   -0.011376427
      3        6          -0.002126136   -0.049003299    0.008583168
      4        6           0.009073632    0.028579048   -0.003560517
      5        6           0.013090304    0.001073608    0.007538548
      6        6          -0.013332956    0.030044943   -0.005020223
      7        6          -0.017008976    0.002924670    0.004376817
      8        6          -0.008710256    0.007407191    0.000185400
      9        6          -0.006958788   -0.017849632    0.002536470
     10        6          -0.001937633    0.022555944   -0.003054166
     11        6           0.008969238   -0.018649592    0.002547578
     12        1          -0.001551185    0.000277733   -0.000176115
     13        1          -0.000092698    0.001053464   -0.000197778
     14        1           0.001267090   -0.000089041   -0.000217126
     15        6          -0.001810207    0.001309707   -0.000808806
     16        1           0.000796642    0.000020849   -0.000074416
     17        1          -0.000119097   -0.000561291    0.000003398
     18        6           0.001128936   -0.000920495    0.001335800
     19        1          -0.000171576   -0.000117517    0.000007825
     20        1           0.000592903   -0.000695323   -0.000871957
     21        1          -0.000227292   -0.000121029   -0.000220550
     22        6           0.023016125   -0.009964819   -0.001796303
     23        1          -0.012477965    0.002565271   -0.006411691
     24        1          -0.001444698    0.000276861    0.009681270
     25        6          -0.012089844   -0.003422107   -0.002332959
     26        1           0.000434249    0.002073222   -0.002156184
     27        1          -0.001198138    0.000061286   -0.004283355
     28        1          -0.001764367    0.000825277    0.000825303
     29        6           0.013187957   -0.007464522   -0.013154997
     30        1          -0.000835571    0.000513534    0.012373653
     31        1           0.000413842    0.003417345    0.013093054
     32        6           0.002141482   -0.003172605   -0.008193809
     33        1           0.000308929    0.001393373   -0.000442256
     34        1           0.001613241   -0.003085559   -0.001411651
     35        1          -0.000937987   -0.000939481   -0.003662766
     36        6           0.001459404    0.001957894   -0.002291507
     37        1          -0.000029882   -0.000169074   -0.000396092
     38        1          -0.000006653   -0.001310700    0.000311386
     39        6          -0.001355966   -0.001101701    0.001538755
     40        1          -0.000655256   -0.000749123   -0.000880591
     41        1           0.000129160    0.000102436    0.000182240
     42        1           0.000375070   -0.000175682   -0.000041422
     43        7           0.007300473   -0.031358399    0.006344486
     44        7          -0.005773821   -0.032892585    0.001796364
     45        6          -0.002314550    0.009560231   -0.000981557
     46        1          -0.000776233   -0.002412400   -0.000481428
     47        1           0.000320200   -0.003037417    0.002568149
     48        6           0.001805427    0.008875808   -0.002093429
     49        1          -0.000311337   -0.003417329   -0.000890369
     50        1           0.000107343   -0.002141657    0.001418342
 -------------------------------------------------------------------
 Cartesian Forces:  Max     0.061268572 RMS     0.009982502

 GradGradGradGradGradGradGradGradGradGradGradGradGradGradGradGradGradGrad
 Berny optimization.
 Search for a local minimum.
 Step number   1 out of a maximum of    2
 All quantities printed in internal units (Hartrees-Bohrs-Radians)
 Second derivative matrix not updated -- analytic derivatives used.
     Eigenvalues ---   -0.00160  -0.00091  -0.00084   0.00029   0.00039
     Eigenvalues ---    0.00070   0.00074   0.00094   0.00114   0.00126
     Eigenvalues ---    0.00135   0.00159   0.00163   0.00210   0.00300
     Eigenvalues ---    0.00474   0.00588   0.00639   0.00787   0.01017
     Eigenvalues ---    0.01089   0.01150   0.01174   0.01301   0.01568
     Eigenvalues ---    0.01942   0.02573   0.02717   0.03088   0.03147
     Eigenvalues ---    0.03287   0.03307   0.03570   0.03740   0.04052
     Eigenvalues ---    0.04206   0.04278   0.04431   0.04526   0.04714
     Eigenvalues ---    0.04812   0.04894   0.05011   0.05103   0.05814
     Eigenvalues ---    0.05889   0.06096   0.06226   0.06340   0.06461
     Eigenvalues ---    0.06666   0.07016   0.07214   0.07431   0.07720
     Eigenvalues ---    0.08245   0.08891   0.09246   0.09320   0.09522
     Eigenvalues ---    0.09607   0.09848   0.10149   0.10713   0.11129
     Eigenvalues ---    0.11262   0.11392   0.11823   0.11911   0.12564
     Eigenvalues ---    0.12996   0.13544   0.13748   0.13942   0.14085
     Eigenvalues ---    0.14206   0.14978   0.15654   0.16477   0.16595
     Eigenvalues ---    0.16716   0.17169   0.18442   0.18630   0.18946
     Eigenvalues ---    0.20239   0.21433   0.21688   0.22790   0.23418
     Eigenvalues ---    0.24432   0.24737   0.25692   0.26818   0.28647
     Eigenvalues ---    0.32639   0.33524   0.34295   0.37967   0.38629
     Eigenvalues ---    0.43057   0.44735   0.47535   0.47712   0.52862
     Eigenvalues ---    0.55196   0.58742   0.60238   0.63546   0.64165
     Eigenvalues ---    0.65406   0.65944   0.70057   0.70619   0.71813
     Eigenvalues ---    0.72324   0.72858   0.73673   0.75712   0.76655
     Eigenvalues ---    0.77136   0.79086   0.80361   0.81433   0.81966
     Eigenvalues ---    0.82723   0.83425   0.83598   0.84036   0.84210
     Eigenvalues ---    0.86743   0.87101   0.90623   0.90813   0.92108
     Eigenvalues ---    0.93166   1.00402   1.01807   1.07457   1.09857
     Eigenvalues ---    1.10941   1.12627   1.26599   1.30347
 Eigenvalue     1 is  -1.60D-03 should be greater than     0.000000 Eigenvector:
                          Z46       Y47       Z49       Z50       Z44
   1                    0.42701   0.39291  -0.33075  -0.29473  -0.27641
                          Y50       Z47       X47       X49       Y49
   1                   -0.25784   0.22429   0.18946  -0.18934   0.17628
 Eigenvalue     2 is  -9.06D-04 should be greater than     0.000000 Eigenvector:
                          X26       Y27       X28       Y26       Z28
   1                    0.47846   0.42325  -0.41374  -0.35673   0.31488
                          Y28       Z27       Z43       Y47       Z44
   1                   -0.29901  -0.15655  -0.08852   0.08813  -0.08333
 Eigenvalue     3 is  -8.43D-04 should be greater than     0.000000 Eigenvector:
                          Z43       Z44       Y50       Z49       Y47
   1                   -0.37284  -0.34039   0.32526   0.31898   0.30492
                          Y49       Z50       Z46       Z2        X26
   1                   -0.26788   0.25000   0.22534  -0.15734  -0.13871
 Quadratic step=2.831D+00 exceeds max=3.000D-01 adjusted using Lamda=-4.326D-02.
 Angle between NR and scaled steps=  65.51 degrees.
 Angle between quadratic step and forces=  55.74 degrees.
 Linear search not attempted -- first point.
 TrRot=  0.001958  0.001538  0.000253  0.502033 -0.000414 -0.502111
 Variable       Old X    -DE/DX   Delta X   Delta X   Delta X     New X
                                 (Linear)    (Quad)   (Total)
    X1        4.45867   0.00862   0.00000   0.02108   0.02281   4.48148
    Y1       -1.51800   0.00668   0.00000   0.01209   0.01323  -1.50478
    Z1        0.26816   0.00023   0.00000   0.02021   0.02179   0.28994
    X2       -0.02226  -0.00013   0.00000  -0.00131   0.00049  -0.02178
    Y2       -1.20373   0.06127   0.00000   0.04789   0.04939  -1.15434
    Z2        0.18873  -0.01138   0.00000  -0.00332  -0.00331   0.18543
    X3        0.01739  -0.00213   0.00000  -0.00443  -0.00228   0.01511
    Y3        1.38412  -0.04900   0.00000  -0.02325  -0.02166   1.36246
    Z3       -0.27901   0.00858   0.00000   0.02368   0.02421  -0.25480
    X4        2.41525   0.00907   0.00000   0.02018   0.02249   2.43774
    Y4        2.58019   0.02858   0.00000   0.03905   0.04049   2.62067
    Z4       -0.44856  -0.00356   0.00000   0.02124   0.02290  -0.42566
    X5        4.65242   0.01309   0.00000   0.03977   0.04186   4.69429
    Y5        1.02911   0.00107   0.00000   0.01651   0.01771   1.04683
    Z5       -0.18535   0.00754   0.00000   0.04713   0.04929  -0.13606
    X6       -2.34953  -0.01333   0.00000  -0.02388  -0.02154  -2.37106
    Y6        2.64106   0.03004   0.00000   0.04011   0.04193   2.68299
    Z6       -0.49724  -0.00502   0.00000   0.00171   0.00164  -0.49560
    X7       -4.64714  -0.01701   0.00000  -0.02837  -0.02623  -4.67338
    Y7        1.15666   0.00292   0.00000   0.01222   0.01416   1.17083
    Z7       -0.26416   0.00438   0.00000   0.02384   0.02263  -0.24153
    X8       -4.51899  -0.00871   0.00000  -0.01768  -0.01591  -4.53490
    Y8       -1.38489   0.00741   0.00000   0.00727   0.00911  -1.37578
    Z8        0.23592   0.00019   0.00000   0.00498   0.00331   0.23923
    X9       -2.24011  -0.00696   0.00000  -0.01052  -0.00783  -2.24794
    Y9        5.26622  -0.01785   0.00000   0.00584   0.00773   5.27395
    Z9       -0.89463   0.00254   0.00000  -0.00118  -0.00070  -0.89533
   X10        0.09613  -0.00194   0.00000  -0.00419  -0.00134   0.09479
   Y10        6.48051   0.02256   0.00000   0.04984   0.05158   6.53209
   Z10       -1.04811  -0.00305   0.00000  -0.01101  -0.00942  -1.05753
   X11        2.39346   0.00897   0.00000   0.00636   0.00902   2.40248
   Y11        5.20471  -0.01865   0.00000   0.00427   0.00579   5.21049
   Z11       -0.82993   0.00255   0.00000   0.00350   0.00566  -0.82426
   X12       -3.94918  -0.00155   0.00000  -0.01696  -0.01413  -3.96331
   Y12        6.37351   0.00028   0.00000   0.00253   0.00458   6.37810
   Z12       -1.05658  -0.00018   0.00000  -0.00359  -0.00350  -1.06008
   X13        0.12771  -0.00009   0.00000  -0.00353  -0.00042   0.12728
   Y13        8.50918   0.00105   0.00000   0.04341   0.04520   8.55438
   Z13       -1.33728  -0.00020   0.00000  -0.01338  -0.01138  -1.34867
   X14        4.13811   0.00127   0.00000   0.01240   0.01518   4.15330
   Y14        6.26412  -0.00009   0.00000  -0.00068   0.00073   6.26485
   Z14       -0.93611  -0.00022   0.00000  -0.00443  -0.00142  -0.93752
   X15        6.67540  -0.00181   0.00000   0.00884   0.01037   6.68577
   Y15       -3.30128   0.00131   0.00000   0.00131   0.00223  -3.29905
   Z15        0.48331  -0.00081   0.00000   0.00127   0.00329   0.48660
   X16        8.27292   0.00080   0.00000   0.01764   0.01895   8.29187
   Y16       -2.29781   0.00002   0.00000  -0.00870  -0.00806  -2.30587
   Z16        1.30470  -0.00007   0.00000  -0.00136   0.00144   1.30614
   X17        6.22626  -0.00012   0.00000   0.00265   0.00358   6.22984
   Y17       -4.81514  -0.00056   0.00000  -0.00133  -0.00063  -4.81577
   Z17        1.81199   0.00000   0.00000  -0.00130   0.00026   1.81224
   X18        7.45070   0.00113   0.00000   0.00311   0.00547   7.45617
   Y18       -4.44643  -0.00092   0.00000  -0.00676  -0.00538  -4.45181
   Z18       -2.07718   0.00134   0.00000   0.00209   0.00415  -2.07303
   X19        8.03249  -0.00017   0.00000  -0.00208   0.00088   8.03336
   Y19       -2.97110  -0.00012   0.00000  -0.00727  -0.00567  -2.97678
   Z19       -3.39902   0.00001   0.00000  -0.00190   0.00068  -3.39835
   X20        9.03553   0.00059   0.00000   0.00379   0.00597   9.04149
   Y20       -5.74286  -0.00070   0.00000  -0.00950  -0.00830  -5.75116
   Z20       -1.81347  -0.00087   0.00000  -0.01017  -0.00778  -1.82126
   X21        5.90051  -0.00023   0.00000  -0.00180   0.00080   5.90131
   Y21       -5.50118  -0.00012   0.00000  -0.00227  -0.00060  -5.50179
   Z21       -2.94067  -0.00022   0.00000   0.00255   0.00385  -2.93682
   X22        7.20346   0.02302   0.00000   0.05886   0.06113   7.26460
   Y22        2.34693  -0.00996   0.00000  -0.03457  -0.03352   2.31341
   Z22       -0.37406  -0.00180   0.00000  -0.00098   0.00236  -0.37169
   X23        8.71253  -0.01248   0.00000  -0.02845  -0.02609   8.68645
   Y23        0.97167   0.00257   0.00000  -0.03884  -0.03779   0.93388
   Z23       -0.83340  -0.00641   0.00000  -0.09637  -0.09278  -0.92618
   X24        7.17555  -0.00144   0.00000  -0.00727  -0.00432   7.17123
   Y24        3.62828   0.00028   0.00000   0.02202   0.02339   3.65167
   Z24       -2.02242   0.00968   0.00000   0.06653   0.07011  -1.95231
   X25        8.38955  -0.01209   0.00000  -0.02562  -0.02412   8.36543
   Y25        3.63530  -0.00342   0.00000  -0.01953  -0.01904   3.61625
   Z25        2.04725  -0.00233   0.00000  -0.02317  -0.01916   2.02809
   X26        9.42076   0.00043   0.00000  -0.01811  -0.01630   9.40446
   Y26        5.34785   0.00207   0.00000  -0.01180  -0.01129   5.33655
   Z26        1.55829  -0.00216   0.00000  -0.02281  -0.01809   1.54021
   X27        7.01764  -0.00120   0.00000  -0.05915  -0.05813   6.95951
   Y27        4.12362   0.00006   0.00000  -0.00172  -0.00140   4.12222
   Z27        3.52210  -0.00428   0.00000  -0.07004  -0.06644   3.45566
   X28        9.75187  -0.00176   0.00000  -0.03202  -0.03094   9.72093
   Y28        2.33304   0.00083   0.00000   0.01009   0.01030   2.34333
   Z28        2.89987   0.00083   0.00000   0.03126   0.03550   2.93537
   X29       -7.25748   0.01319   0.00000   0.03194   0.03426  -7.22321
   Y29        2.50711  -0.00746   0.00000  -0.02609  -0.02389   2.48321
   Z29       -0.47494  -0.01315   0.00000  -0.00373  -0.00560  -0.48055
   X30       -7.05834  -0.00084   0.00000   0.00005   0.00300  -7.05534
   Y30        3.96774   0.00051   0.00000   0.01922   0.02168   3.98942
   Z30       -1.96376   0.01237   0.00000   0.07253   0.07101  -1.89275
   X31       -8.58721   0.00041   0.00000  -0.01689  -0.01437  -8.60158
   Y31        1.19422   0.00342   0.00000  -0.00716  -0.00469   1.18952
   Z31       -1.41231   0.01309   0.00000   0.09611   0.09347  -1.31884
   X32       -8.24015   0.00214   0.00000   0.01437   0.01586  -8.22430
   Y32        3.57833  -0.00317   0.00000  -0.01905  -0.01728   3.56105
   Z32        2.08505  -0.00819   0.00000  -0.03305  -0.03508   2.04997
   X33       -8.24064   0.00031   0.00000  -0.00495  -0.00410  -8.24474
   Y33        2.08620   0.00139   0.00000   0.00392   0.00539   2.09159
   Z33        3.51864  -0.00044   0.00000  -0.01078  -0.01310   3.50554
   X34       -7.06029   0.00161   0.00000   0.02246   0.02382  -7.03647
   Y34        5.13500  -0.00309   0.00000  -0.03224  -0.03071   5.10429
   Z34        2.77155  -0.00141   0.00000  -0.02353  -0.02481   2.74674
   X35      -10.16553  -0.00094   0.00000   0.01333   0.01493 -10.15060
   Y35        4.31598  -0.00094   0.00000  -0.01625  -0.01430   4.30167
   Z35        1.96257  -0.00366   0.00000  -0.06601  -0.06858   1.89399
   X36       -6.77590   0.00146   0.00000  -0.00908  -0.00754  -6.78345
   Y36       -3.10646   0.00196   0.00000   0.00165   0.00361  -3.10285
   Z36        0.50595  -0.00229   0.00000  -0.00247  -0.00529   0.50066
   X37       -8.37647  -0.00003   0.00000  -0.01218  -0.01082  -8.38729
   Y37       -2.02634  -0.00017   0.00000  -0.00631  -0.00436  -2.03071
   Z37        1.22172  -0.00040   0.00000  -0.00015  -0.00334   1.21838
   X38       -6.37953  -0.00001   0.00000  -0.00401  -0.00311  -6.38263
   Y38       -4.53972  -0.00131   0.00000  -0.00259  -0.00094  -4.54066
   Z38        1.93620   0.00031   0.00000  -0.00219  -0.00516   1.93104
   X39       -7.51281  -0.00136   0.00000  -0.00991  -0.00756  -7.52038
   Y39       -4.39316  -0.00110   0.00000  -0.00889  -0.00638  -4.39954
   Z39       -1.99990   0.00154   0.00000   0.00484   0.00148  -1.99842
   X40       -9.12155  -0.00066   0.00000  -0.00988  -0.00775  -9.12930
   Y40       -5.65082  -0.00075   0.00000  -0.01161  -0.00903  -5.65985
   Z40       -1.69669  -0.00088   0.00000  -0.00483  -0.00902  -1.70571
   X41       -8.04393   0.00013   0.00000  -0.00430  -0.00133  -8.04526
   Y41       -2.99350   0.00010   0.00000  -0.00707  -0.00423  -2.99774
   Z41       -3.42195   0.00018   0.00000   0.00346   0.00019  -3.42176
   X42       -5.96118   0.00038   0.00000  -0.00349  -0.00096  -5.96214
   Y42       -5.51652  -0.00018   0.00000  -0.00380  -0.00125  -5.51776
   Z42       -2.76878  -0.00004   0.00000   0.00641   0.00340  -2.76538
   X43        2.07699   0.00730   0.00000   0.01154   0.01312   2.09011
   Y43       -2.59230  -0.03136   0.00000  -0.02322  -0.02195  -2.61425
   Z43        0.49401   0.00634   0.00000   0.00387   0.00435   0.49837
   X44       -2.16635  -0.00577   0.00000  -0.01054  -0.00892  -2.17528
   Y44       -2.53770  -0.03289   0.00000  -0.04043  -0.03880  -2.57651
   Z44        0.43704   0.00180   0.00000  -0.05507  -0.05612   0.38092
   X45       -1.53975  -0.00231   0.00000  -0.00700  -0.00588  -1.54563
   Y45       -5.16466   0.00956   0.00000   0.01377   0.01519  -5.14947
   Z45        1.20615  -0.00098   0.00000  -0.00288  -0.00421   1.20194
   X46       -2.47114  -0.00078   0.00000   0.00443   0.00588  -2.46527
   Y46       -6.53234  -0.00241   0.00000  -0.02348  -0.02176  -6.55409
   Z46       -0.01014  -0.00048   0.00000   0.01857   0.01663   0.00649
   X47       -2.13308   0.00032   0.00000   0.00992   0.01030  -2.12278
   Y47       -5.46397  -0.00304   0.00000  -0.00606  -0.00499  -5.46896
   Z47        3.15472   0.00257   0.00000   0.00942   0.00781   3.16253
   X48        1.37456   0.00181   0.00000   0.00301   0.00423   1.37879
   Y48       -5.27244   0.00888   0.00000   0.01141   0.01265  -5.25978
   Z48        0.93185  -0.00209   0.00000  -0.00707  -0.00736   0.92448
   X49        1.95392  -0.00031   0.00000  -0.01248  -0.01077   1.94315
   Y49       -6.41580  -0.00342   0.00000  -0.02342  -0.02190  -6.43770
   Z49       -0.67897  -0.00089   0.00000   0.00264   0.00231  -0.67666
   X50        2.27071   0.00011   0.00000  -0.01226  -0.01172   2.25899
   Y50       -5.98842  -0.00214   0.00000  -0.01710  -0.01626  -6.00468
   Z50        2.63604   0.00142   0.00000  -0.00196  -0.00208   2.63396
         Item               Value     Threshold  Converged?
 Maximum Force            0.061269     0.000450     NO 
 RMS     Force            0.009983     0.000300     NO 
 Maximum Displacement     0.093474     0.001800     NO 
 RMS     Displacement     0.024442     0.001200     NO 
 Predicted change in Energy=-1.229539D-02
 GradGradGradGradGradGradGradGradGradGradGradGradGradGradGradGradGradGrad

 1|1|UNPC-LAPTOP-7BBBEH3F|Freq|UB3LYP|6-311++G(d,p)|C21H27N2(2)|SAIF_|1
 2-Aug-2025|0||# freq ub3lyp/6-311++g(d,p) scrf=(cpcm,solvent=water) ge
 om=connectivity||N-BAP Opt+Freq (DFT B3lyp)||0,2|C,2.35942495,-0.80329
 363,0.14190201|C,-0.0117821,-0.63698781,0.09987331|C,0.00920335,0.7324
 455,-0.14764483|C,1.27809358,1.36537715,-0.23736563|C,2.46195623,0.544
 5836,-0.09808156|C,-1.24331553,1.39758633,-0.26312927|C,-2.45916231,0.
 6120804,-0.13978697|C,-2.3913452,-0.73285331,0.1248446|C,-1.18541723,2
 .78676198,-0.4734182|C,0.05086841,3.4293376,-0.55463715|C,1.26656318,2
 .75421199,-0.43917902|H,-2.089816,3.37271803,-0.55911702|H,0.06757918,
 4.50286399,-0.70766029|H,2.18979434,3.31482916,-0.49536565|C,3.53247,-
 1.74696177,0.25575431|H,4.37784199,-1.21594712,0.69041634|H,3.29479558
 ,-2.54806052,0.95886168|C,3.94273894,-2.35294844,-1.09919654|H,4.25060
 86,-1.57223985,-1.79868414|H,4.78139472,-3.03899126,-0.95964836|H,3.12
 241623,-2.91110113,-1.5561371|C,3.81190878,1.24194068,-0.19794306|H,4.
 61047451,0.51418539,-0.44101546|H,3.79713858,1.92000104,-1.07021641|C,
 4.4395572,1.92371623,1.08336038|H,4.98525356,2.82996002,0.82461215|H,3
 .71357454,2.1821255,1.86381585|H,5.16046997,1.23459005,1.53454564|C,-3
 .84049073,1.32670466,-0.25132954|H,-3.73511413,2.09963891,-1.03917844|
 H,-4.54415554,0.63195208,-0.7473642|C,-4.36050159,1.89357281,1.1033593
 5|H,-4.3607588,1.10396914,1.86198227|H,-3.73614254,2.71732539,1.466641
 5|H,-5.37936889,2.28391718,1.03854763|C,-3.58565435,-1.64386842,0.2677
 3903|H,-4.43263503,-1.07229532,0.64650816|H,-3.37589935,-2.40231548,1.
 02459401|C,-3.97561011,-2.32475896,-1.0583005|H,-4.82691819,-2.9902836
 8,-0.89784983|H,-4.25666182,-1.58409348,-1.81081817|H,-3.15451958,-2.9
 1921487,-1.46517616|N,1.09909591,-1.37178597,0.26142039|N,-1.1463856,-
 1.34289494,0.23126913|C,-0.81480063,-2.73301987,0.63826744|H,-1.307672
 95,-3.45676331,-0.00536385|H,-1.12877804,-2.89140728,1.66940559|C,0.72
 738708,-2.79005392,0.49311205|H,1.0339674,-3.39509547,-0.35929551|H,1.
 20160783,-3.1689377,1.39493194||Version=IA32W-G09RevA.02|State=2-A|HF=
 -926.1992232|S2=0.769403|S2-1=0.|S2A=0.750274|RMSD=5.906e-009|RMSF=9.9
 83e-003|ZeroPoint=0.4306624|Thermal=0.4516317|Dipole=-0.0319224,-3.777
 9053,0.7261892|DipoleDeriv=-0.6529324,0.985421,-0.1276659,-0.5164605,0
 .9656814,-0.1456556,0.0481705,-0.1501293,-0.1428698,2.3585798,0.008003
 3,0.0185624,-0.1936178,1.366999,-0.3249404,0.196148,-0.3558697,-0.0975
 572,1.187269,-0.0808293,-0.009509,0.0963348,-0.1074155,-0.0553038,0.01
 17083,0.0027347,-0.2102615,-1.1952195,-0.3703544,0.1534222,0.6012533,-
 0.1357648,-0.0303287,0.0162753,0.0306858,0.0759185,0.379556,0.1245438,
 -0.0329928,-0.0523203,-0.4104336,0.0639918,-0.0025241,0.0560701,-0.253
 6597,-1.3135418,0.4403043,-0.1076325,-0.9625606,-0.2298876,0.0433872,-
 0.0217715,0.0512962,0.0699867,0.5053298,-0.1312338,0.0053145,0.2825239
 ,-0.3031123,0.0073008,0.0144452,0.0762135,-0.2578648,-0.8428165,-0.874
 2719,0.1679569,0.4473948,0.8756354,-0.1590555,0.1199273,-0.0166679,-0.
 179724,2.1522056,0.6132138,-0.1624307,2.0925791,0.4213333,-0.1235425,-
 0.2610582,-0.0600293,-0.2075683,-3.7816582,0.1120024,0.0849976,-0.0903
 874,-0.8515431,0.0568582,-0.0235332,0.0551939,-0.4536674,2.0261816,-0.
 7483983,0.0927186,-1.7960092,0.4868604,-0.0307099,0.2708968,-0.08026,-
 0.2225678,-0.0926206,0.1815112,-0.0276728,0.1991279,0.0473124,0.012161
 5,-0.0350006,-0.0028383,0.1887877,-0.0066676,-0.0027733,0.0003985,-0.0
 03777,-0.3030177,0.0789359,-0.0061133,0.0747419,0.2207404,-0.1093918,-
 0.1759742,0.018168,-0.1911488,0.0608705,0.0121718,0.0311282,-0.0089517
 ,0.1935105,0.2104787,-0.0537584,-0.0290282,-0.090386,0.2077325,0.02247
 66,0.1994075,-0.164124,0.1817609,-0.1526517,0.0118923,-0.0684522,-0.06
 53142,0.0007921,-0.0969053,-0.040328,-0.0657598,0.0214714,0.0088398,-0
 .0072722,0.087502,0.0778503,-0.1155307,0.1053078,0.0271338,0.1091289,-
 0.0515457,0.0189424,0.098538,0.0125276,0.1105653,0.0524996,-0.012349,-
 0.1307507,0.1041009,0.0567898,0.0667198,-0.0371379,0.0570362,-0.083157
 6,-0.0427331,0.1285875,0.0546263,0.0692224,-0.047332,-0.1848576,0.2337
 153,0.0104988,0.2517555,-0.1097057,-0.0183321,0.0458945,-0.045813,0.04
 63849,-0.0472223,-0.1574802,-0.0998415,-0.0740912,-0.0016623,-0.081442
 8,-0.0393861,-0.0574596,0.0103019,0.1877893,0.07367,0.0119187,0.071948
 1,0.2317388,0.002006,-0.1042439,-0.0690451,0.2296191,-0.1556175,0.0832
 743,0.0524896,0.148801,-0.035722,-0.0982524,0.0041477,-0.0486413,0.031
 7727,0.0064442,-0.0120416,-0.0578438,-0.1243999,-0.0865053,0.1200083,-
 0.0258147,0.1234604,-0.1242279,0.0687623,-0.0330831,-0.0183548,-0.0448
 976,0.0946376,-0.0154648,0.1052146,0.0364815,0.1046787,-0.0526141,-0.1
 537393,-0.0077624,-0.2041976,-0.1415671,0.0086424,-0.0224934,0.0375076
 ,0.0207403,-0.0363999,0.0475582,0.1359182,0.0180869,0.0591527,-0.06366
 97,0.0763296,-0.0871775,-0.096319,-0.0811326,0.0723428,-0.1081831,0.14
 65952,-0.0489231,0.0789649,-0.1048858,0.0111697,-0.0067348,0.2263342,-
 0.0686806,-0.0352151,-0.0347063,0.23265,0.0342302,0.1025555,-0.0371586
 ,0.2449139,0.0324374,-0.0276204,0.0790145,0.0904401,-0.1050287,0.12687
 61,0.0388869,0.1247519,-0.1064204,-0.1336482,-0.043629,-0.0461275,-0.1
 338166,-0.0275281,-0.1287696,-0.0431843,-0.1036635,-0.008569,0.0238878
 ,0.0460644,0.0197374,0.0168294,0.0951102,-0.0121243,-0.0969653,0.02714
 84,0.0638981,0.087291,0.0251004,0.0069293,-0.0165107,-0.066879,0.14858
 73,0.0209855,0.0909338,-0.0713328,0.0051872,-0.1346024,-0.0525439,-0.0
 811239,-0.0673575,-0.1054129,-0.0168112,-0.0594392,0.0170822,-0.253268
 9,0.151389,0.019732,0.1582132,0.0282059,-0.0270321,0.0559914,-0.044145
 3,0.0390176,0.2646906,0.0698222,0.0300058,0.1102871,0.1961975,0.018863
 ,-0.2315611,-0.1841468,0.1983021,-0.1507166,0.0009883,0.058968,0.06990
 2,0.0041163,-0.088721,0.0345363,-0.0608156,0.0300714,0.0049985,-0.0026
 131,-0.0843606,-0.1042969,-0.109648,0.1092605,-0.019082,0.1084902,-0.0
 675547,0.0023967,-0.0941821,-0.0074452,-0.1151199,0.0651916,-0.0141599
 ,0.1304476,0.0841528,0.0517151,-0.1966894,-0.2278281,-0.0016325,-0.263
 6144,-0.108422,-0.0155015,-0.0428414,-0.0390444,0.0482598,0.0667843,0.
 0292361,-0.0552646,0.0842151,-0.0362237,0.1348619,-0.0592316,0.0707011
 ,-0.0614411,-0.0508802,0.1622132,0.0865651,0.080298,-0.0145622,-0.0809
 555,0.0355699,-0.0506183,0.0225953,-0.4265209,-0.5659635,-0.0577601,1.
 6329426,-1.888968,0.2772276,-0.5150539,0.5198088,-0.0056618,-0.2161552
 ,0.4055921,-0.0374369,-1.6105904,-1.8735013,0.4205025,0.0630378,0.1364
 569,0.032059,0.0662089,-0.0299363,0.0246269,0.5362,1.2642823,-0.246927
 ,-0.0319551,-0.1769067,0.5311911,0.0015045,-0.1714152,-0.0246504,-0.15
 22881,-0.2405508,-0.0321631,-0.0878787,-0.1476195,-0.0370576,0.0480119
 ,-0.0322549,0.0666656,-0.098392,-0.1722865,0.0434783,0.1801261,0.28065
 78,-0.2489667,0.0387993,0.0906777,-0.0001171,-0.4847622,1.3439077,-0.0
 717599,0.0753279,-0.0627809,0.4547822,0.0370787,0.0844075,0.0419027,0.
 1686842,-0.3229496,-0.036717,0.1337787,-0.2756677,-0.1090668,0.0505125
 ,0.0855931,-0.0836506,0.0951218,-0.1434776,0.0615097,-0.1302295,0.1736
 651,-0.1183805|Polar=518.9020878,3.2796061,563.5251778,-1.6627722,-34.
 0035575,270.6952284|PG=C01 [X(C21H27N2)]|NImag=3||0.54633913,-0.022959
 99,0.70355980,-0.00644104,-0.09040304,0.16985848,-0.04873856,0.0050282
 5,-0.00171004,0.79277169,0.02348905,0.03633801,-0.00701772,0.00136327,
 0.80139413,-0.00242562,-0.00674596,-0.00402475,0.00421909,-0.13841501,
 0.11114307,0.02672098,0.00917833,-0.00148594,-0.13695815,0.00066697,-0
 .00231524,0.69079999,0.00345237,-0.01019697,0.00233994,-0.00574375,-0.
 33519828,0.05310755,0.00085640,0.68294152,0.00150012,0.00227464,-0.001
 43100,0.00105160,0.04717330,-0.07450405,0.00379519,-0.10244655,0.12141
 499,-0.02410910,0.01984377,-0.00459495,0.02196387,-0.01667148,0.002295
 87,-0.24110906,-0.04951270,0.00814991,0.58613895,0.04791186,-0.0357341
 0,0.00624934,-0.05118384,-0.01229145,0.00062873,-0.07918315,-0.1477644
 1,0.01747194,0.02260759,0.65617574,-0.00635497,0.00788063,0.00381367,0
 .00764581,0.00315960,0.00643895,0.00923658,0.01606860,-0.04383124,0.00
 275102,-0.08356189,0.13387610,-0.09702871,-0.01657520,0.00379248,-0.00
 088228,-0.00432183,0.00116687,-0.04232173,-0.00402299,-0.00053585,-0.1
 8154163,0.05492091,-0.01085751,0.54638208,-0.02189835,-0.37188588,0.05
 309370,0.01428075,-0.00889841,0.00079959,-0.00132490,0.03814766,-0.005
 72497,0.03320586,-0.12861865,0.01286038,0.02332347,0.67416483,0.000172
 58,0.05225053,-0.06727603,-0.00305646,0.00276697,-0.00043180,-0.000361
 35,-0.00627990,0.00020023,-0.00687139,0.01294251,-0.05365766,-0.005864
 43,-0.08964167,0.16415150,-0.00724251,-0.01227965,0.00260902,0.0205250
 9,0.00829866,0.00355236,-0.23308263,0.05387973,-0.01100292,-0.01471375
 ,0.00993733,-0.00151445,-0.01242056,0.01395037,-0.00245880,0.56723255,
 -0.01859358,-0.00801110,0.00121332,0.05249408,-0.01695154,0.00563733,0
 .08577560,-0.14675327,0.01916961,-0.01353230,0.04670933,-0.00717681,0.
 00203866,-0.00514608,0.00113263,-0.02770437,0.63936337,0.00068850,0.00
 007849,0.00058097,-0.00844553,0.00366474,0.00699977,-0.01252466,0.0177
 3151,-0.04369031,0.00061328,-0.00696057,-0.00275538,0.00011342,0.00164
 982,0.00426956,0.00427519,-0.08606074,0.13291442,0.00290244,0.00505007
 ,-0.00104111,-0.00019233,0.00590748,-0.00335366,-0.04318848,0.00425198
 ,-0.00037416,-0.01113258,-0.00052804,-0.00011203,0.00467587,-0.0093572
 7,0.00157660,-0.17621482,-0.04499943,0.00827400,0.50955323,-0.00522475
 ,0.00211874,-0.00071416,-0.01369800,-0.00630770,-0.00083946,0.00024327
 ,0.03844455,-0.00587485,-0.01311499,-0.00578045,0.00186136,0.00919169,
 -0.00848436,0.00121841,-0.02178918,-0.11992836,0.01111787,-0.01066782,
 0.65473097,0.00206148,0.00021684,-0.00004982,0.00323855,0.00266066,-0.
 00020260,-0.00067372,-0.00682770,0.00052165,0.00290802,0.00099235,0.00
 396820,-0.00179807,0.00133375,-0.00031235,0.00395225,0.01205665,-0.052
 76624,0.00350687,-0.09169992,0.17003014,-0.01988560,-0.01057679,0.0017
 2011,-0.04984937,-0.02656747,0.00872722,0.02884705,0.00207777,-0.00108
 361,-0.00989516,0.01268134,-0.00094420,0.00259164,0.00596785,-0.001506
 48,-0.02846116,-0.05677479,0.00713728,-0.09361865,0.01975364,0.0000505
 5,0.54017467,0.00991881,0.00463097,-0.00044659,-0.00193597,0.03846321,
 -0.00935578,-0.00857144,-0.01478856,0.00231747,0.01391346,-0.00434774,
 0.00015985,-0.00516382,0.00235454,-0.00012761,-0.02482699,-0.03257373,
 0.00866331,0.01141285,-0.37017257,0.05795992,0.02454539,0.70118615,-0.
 00000669,0.00045671,0.00057035,-0.00138382,-0.00672484,-0.00475710,-0.
 00096131,0.00305730,-0.00213735,-0.00140831,-0.00032761,0.00069154,0.0
 0070048,-0.00086146,0.00000610,0.00874709,0.00925339,0.00492461,-0.004
 99412,0.05809625,-0.07032960,0.00441961,-0.10332031,0.17270896,0.04089
 373,0.01666312,-0.00245539,-0.02883819,-0.00558670,-0.00149141,-0.0223
 1404,0.02824411,-0.00589319,0.03676034,-0.03870540,0.00409296,-0.01578
 568,0.00889722,-0.00071554,-0.08847860,0.04862876,-0.00356493,-0.01003
 354,-0.04074399,0.00435399,0.03153075,-0.01516848,-0.00189076,0.649297
 39,0.04205279,0.01907814,-0.00274970,-0.01720060,-0.00606985,-0.000867
 51,-0.00068133,-0.03225537,0.00413072,0.02563092,-0.03961865,0.0038447
 0,-0.01284606,0.00345888,0.00014345,0.03312194,-0.25914261,0.03549399,
 -0.03576959,-0.04252330,0.00518535,0.03947077,-0.00286755,-0.00375431,
 -0.09799643,0.56869916,-0.00524974,-0.00237946,0.00023247,0.00185966,0
 .00110710,0.00300161,-0.00129809,0.00633148,0.00516794,-0.00272591,0.0
 0470507,-0.00288990,0.00154809,-0.00042732,-0.00083356,-0.00474096,0.0
 3072402,-0.06444550,0.00525708,0.00722004,0.00175281,-0.00475461,0.000
 13410,0.00327292,0.01539290,-0.06858669,0.12480425,-0.06984338,-0.0285
 3438,0.00396864,0.03192923,-0.00758179,0.00675832,0.03841502,0.0070548
 4,0.00019493,-0.05336109,0.09068265,-0.00999257,0.02741222,-0.01721986
 ,0.00124237,-0.05535521,-0.10672494,0.00917902,0.03030941,0.02235025,-
 0.00036728,-0.07201282,0.02524693,0.00299601,-0.18445787,0.03828234,-0
 .00439325,0.48771981,0.00215166,-0.00283236,0.00050166,0.00040673,0.01
 182537,-0.00283867,0.00094912,-0.00492352,0.00017323,0.03974890,-0.037
 29863,0.00724335,-0.00717967,0.00252134,0.00039683,-0.04270188,-0.0359
 8130,0.00615839,0.00783915,0.00299673,0.00048992,-0.00424520,-0.002284
 80,0.00106249,-0.10463073,-0.14680989,0.01379184,-0.00159464,0.6815044
 9,-0.00118625,-0.00011970,-0.00000754,0.00032377,-0.00189171,-0.003202
 45,0.00033718,-0.00092781,-0.00908810,-0.00636629,0.00835294,0.0099724
 6,0.00151113,0.00064061,0.00550429,0.00558990,0.00639144,0.01067075,-0
 .00114109,0.00083620,0.00528534,-0.00010110,0.00043518,-0.00026721,0.0
 1416892,0.01486753,-0.04704400,0.00533156,-0.08661728,0.09553701,0.028
 08653,0.01641297,-0.00213786,-0.02717312,0.01459470,-0.00644012,-0.023
 07498,-0.03715796,0.00551279,-0.09109008,-0.04473238,0.00345669,-0.006
 13839,0.03619663,-0.00449905,0.03626935,0.04459369,-0.00346143,-0.0167
 6479,-0.01174177,0.00029247,0.03999739,-0.01376937,-0.00136989,-0.1037
 9035,-0.06067633,0.00678389,-0.18512567,0.11076976,-0.01870389,0.65748
 714,-0.03268086,-0.00250015,0.00028175,0.01513731,-0.01361989,0.006297
 75,-0.00461491,-0.02376746,0.00339959,-0.03532485,-0.27568564,0.033909
 27,0.03181359,-0.04074145,0.00611601,-0.02212430,-0.04563007,0.0034632
 4,0.01294948,0.00616652,0.00054315,-0.03828157,0.01497034,0.00091154,0
 .06004037,0.08316108,-0.00982593,-0.02277265,-0.15365810,0.01564724,0.
 08713628,0.58627196,0.00431660,0.00054248,0.00275952,-0.00219525,0.002
 26642,0.00243295,0.00155586,0.00475074,0.00586155,0.00387914,0.0301872
 6,-0.06448582,-0.00452035,0.00722428,0.00217595,0.00322863,0.00618264,
 -0.00364001,-0.00193576,-0.00105683,-0.00078370,0.00553107,-0.00205596
 ,-0.00017105,-0.00908264,-0.01093928,0.00602817,-0.00132259,0.01739136
 ,-0.04565715,-0.00039660,-0.06633737,0.12175320,0.00012410,0.00005803,
 -0.00002260,-0.00003456,-0.00074619,0.00017573,0.00092482,-0.00083641,
 -0.00003694,0.00041876,-0.00047881,0.00009364,-0.00008668,0.00014277,-
 0.00001567,0.00409430,-0.00040478,-0.00005524,-0.00100785,-0.00016506,
 -0.00005568,0.00059290,0.00008217,-0.00011660,-0.25343450,0.12763008,-
 0.01840862,-0.01835940,0.01757824,-0.00261087,-0.00250066,-0.00393743,
 0.00051153,0.27242679,0.00122201,0.00053280,-0.00006870,0.00118018,-0.
 00004268,0.00003404,-0.00340949,-0.00524680,0.00173730,0.00090821,-0.0
 0110328,-0.00003985,-0.00047366,0.00038231,-0.00014583,0.02793587,-0.0
 0932917,0.00182882,0.00081910,0.00098247,-0.00076676,0.00153007,-0.000
 86758,-0.00000410,0.12590430,-0.14247441,0.01628528,-0.01020347,0.0110
 2278,-0.00120557,-0.00439990,0.00097650,0.00067191,-0.13701835,0.14407
 964,-0.00027941,-0.00004574,-0.00000368,-0.00003894,0.00008620,0.00090
 209,0.00075231,0.00168711,0.00646699,-0.00034422,0.00024145,-0.0007778
 8,0.00015975,-0.00033525,-0.00074242,-0.00455296,0.00192671,0.00181187
 ,-0.00003332,-0.00083707,-0.00313437,-0.00068988,0.00039041,-0.0001224
 5,-0.01746304,0.01642187,-0.03310567,0.00056321,-0.00125925,0.00234557
 ,0.00088674,0.00031970,0.00566951,0.02049561,-0.01774366,0.02442281,-0
 .00193095,-0.00057408,0.00009785,0.00056889,-0.00014597,0.00012195,0.0
 0054149,0.00015041,-0.00000178,-0.00585785,0.00249079,-0.00041488,0.00
 104206,0.00103214,-0.00020429,-0.00594245,-0.00254256,0.00016190,0.001
 04585,-0.00097898,0.00022721,-0.00198325,0.00053021,0.00003971,0.00412
 741,-0.02737348,0.00396798,-0.06056766,-0.00415001,0.00005266,0.004896
 26,0.02707173,-0.00382006,0.00127660,0.00058212,-0.00004600,0.05891648
 ,0.00065178,0.00016973,-0.00001367,-0.00001027,0.00027471,-0.00006767,
 -0.00003237,0.00075641,-0.00018528,0.00302617,0.00082609,0.00044873,-0
 .00047883,-0.00085732,0.00029969,-0.00278284,0.00100804,0.00036107,0.0
 0041433,-0.00081464,0.00033137,-0.00057150,0.00014447,0.00001334,0.002
 55932,-0.01197918,0.00182808,-0.00402281,-0.32319241,0.04312466,-0.003
 13028,-0.01264234,0.00183716,-0.00026843,0.00096598,-0.00060870,0.0044
 3619,0.34537736,-0.00006239,-0.00005075,0.00002876,0.00001028,-0.00016
 285,-0.00000542,0.00003738,-0.00027445,-0.00056941,-0.00044251,0.00058
 041,0.00383547,0.00001471,0.00036448,0.00102414,0.00006832,0.00038004,
 0.00401601,0.00006247,0.00036998,0.00112533,-0.00010213,0.00000742,0.0
 0002032,-0.00012180,0.00168749,0.00071018,-0.00022975,0.04286401,-0.02
 798181,0.00061422,0.00216451,0.00063607,0.00004148,-0.00062719,-0.0032
 9403,-0.00009437,-0.04686889,0.02406059,0.00038559,-0.00015479,0.00007
 459,0.00000974,0.00075540,-0.00023102,0.00111533,0.00058662,-0.0000336
 5,0.00301141,0.00024109,0.00011975,-0.00088937,0.00012724,0.00004302,0
 .00026897,0.00036830,-0.00006708,-0.00003199,-0.00009174,0.00003421,-0
 .00005252,0.00002153,0.00003267,-0.00208284,0.00411418,-0.00075147,-0.
 01876152,-0.01662105,0.00194086,-0.26069750,-0.12446460,0.01147089,-0.
 00110000,-0.00065489,0.00009020,0.00125622,0.00026886,0.00008342,0.280
 39984,-0.00151308,-0.00089991,0.00013396,-0.00118830,-0.00033260,0.000
 30302,0.00321246,-0.00498173,0.00167627,-0.02833939,-0.00911012,0.0010
 6811,-0.00073986,0.00123742,-0.00066107,-0.00087199,-0.00137808,-0.000
 03265,0.00050811,0.00047614,-0.00012590,-0.00121118,0.00044137,0.00006
 451,0.00448007,0.00094926,0.00071457,0.01111289,0.01105764,-0.00092698
 ,-0.12253217,-0.13541542,0.01179405,0.00070551,0.00032175,-0.00004548,
 -0.00058331,0.00098445,-0.00060745,0.13309560,0.13693327,0.00086051,0.
 00050493,-0.00023235,0.00011916,0.00013386,0.00094616,-0.00088691,0.00
 155695,0.00650861,0.00453652,0.00181917,0.00182902,-0.00004069,-0.0009
 9490,-0.00330647,0.00038392,0.00034041,-0.00071061,-0.00015241,-0.0003
 1784,-0.00073487,0.00035079,-0.00008160,-0.00001922,-0.00113882,0.0003
 0915,0.00534503,-0.00107339,-0.00165938,0.00220367,0.01063038,0.012080
 37,-0.03193171,-0.00013260,-0.00005968,0.00020456,0.00015110,-0.000578
 06,-0.00308843,-0.01277766,-0.01288955,0.02359484,-0.14809969,0.049898
 27,-0.00703290,-0.00204229,-0.00474016,0.00107091,-0.00260741,-0.00130
 321,-0.00003655,0.00450171,-0.00566402,0.00076345,0.00431461,0.0080486
 9,-0.00149541,0.00031225,0.00157004,-0.00007192,-0.00000102,0.00054889
 ,-0.00015856,0.00148723,-0.00131372,0.00004475,-0.00346947,-0.00331654
 ,0.00045065,0.00594665,-0.00054284,0.00019934,-0.00226654,0.00336950,-
 0.00042128,0.00000762,-0.00011667,0.00001922,0.00018942,-0.00009344,0.
 00000545,-0.00006113,0.00007418,-0.00014898,0.53731752,0.05269331,-0.1
 3430846,0.01048400,-0.00155244,-0.00266554,0.00205716,0.00204281,0.000
 35050,-0.00005737,-0.00576969,-0.00021281,0.00057455,0.02510339,-0.020
 06782,0.00350647,-0.00126214,-0.00104818,-0.00016136,0.00042952,0.0001
 0184,0.00003164,-0.00159120,0.00026471,0.00006584,0.00279478,0.0026662
 3,-0.00032874,-0.00554633,0.00027348,-0.00014628,0.00436347,-0.0035745
 5,0.00058841,0.00000517,0.00011584,-0.00000281,-0.00000097,-0.00003640
 ,-0.00000978,0.00002290,-0.00007864,0.00011541,0.07156702,0.53734167,-
 0.00883709,0.01475897,-0.06976581,-0.00075685,-0.00025890,0.00320767,-
 0.00140378,-0.00090945,-0.00031482,0.00238013,0.00166282,0.00822432,-0
 .00440544,0.00434411,0.00498172,0.00050324,0.00140542,-0.00074091,-0.0
 0027085,0.00026690,-0.00004246,0.00167377,-0.00088024,-0.00009990,-0.0
 0285723,-0.00325754,0.00057793,0.00554233,-0.00017233,-0.00071731,-0.0
 0316456,0.00292827,0.00004540,0.00000027,-0.00010505,0.00014311,0.0000
 8404,-0.00006480,-0.00017857,-0.00007651,0.00008177,0.00024336,0.02975
 961,-0.04509907,0.47877047,-0.02272407,-0.01333102,-0.00685439,0.00020
 717,-0.00129336,0.00061534,0.00067454,0.00037574,-0.00004059,-0.001141
 71,0.00075095,0.00010252,0.00071590,-0.00139882,0.00127633,-0.00030291
 ,-0.00045737,-0.00003668,0.00009248,0.00001386,0.00001174,-0.00050667,
 0.00012442,0.00004783,0.00098908,0.00106916,-0.00014447,-0.00203214,0.
 00022134,-0.00010892,0.00117957,-0.00129249,0.00013953,-0.00001070,0.0
 0005502,0.00000172,-0.00003879,0.00002990,0.00000099,0.00004128,0.0000
 1816,0.00007538,-0.20902564,-0.10155328,-0.08257189,0.22871271,0.01787
 030,0.01158650,0.00798875,0.00053649,0.00034265,-0.00034090,-0.0002750
 6,-0.00008165,0.00006147,0.00031268,0.00006496,-0.00045734,-0.00014814
 ,0.00026770,-0.00038935,0.00006197,0.00025260,0.00001354,-0.00006805,0
 .00004254,-0.00002928,0.00033382,-0.00005874,-0.00002683,-0.00048591,-
 0.00059246,0.00005871,0.00097007,0.00000028,-0.00002249,-0.00052977,0.
 00047687,-0.00002322,-0.00000225,-0.00002117,0.00000988,0.00000902,-0.
 00000205,0.00000992,-0.00001367,0.00000795,0.00003834,-0.10493403,-0.1
 1243544,-0.05021651,0.11069164,0.12610373,-0.00077551,-0.00183031,-0.0
 0112958,-0.00006613,0.00023551,0.00017193,-0.00002708,0.00008049,-0.00
 001130,-0.00002817,0.00003152,0.00008239,-0.00006822,0.00009414,0.0002
 8665,0.00019712,-0.00004539,-0.00001022,-0.00004025,-0.00009781,0.0000
 3166,-0.00001796,0.00003985,-0.00002287,0.00004242,0.00008225,-0.00001
 155,-0.00005517,-0.00002190,-0.00000260,-0.00002352,-0.00004840,-0.000
 00158,0.00000593,0.00000149,-0.00000176,0.00000269,-0.00000605,-0.0000
 0314,0.00000624,0.00003582,0.00000679,-0.08276624,-0.04819515,-0.08542
 850,0.08596753,0.05686559,0.09419304,0.00442954,0.02153726,-0.01764113
 ,0.00016647,0.00096483,-0.00000082,0.00066030,0.00041540,-0.00005735,-
 0.00055944,0.00149784,0.00104542,-0.00372772,0.00076395,-0.00021188,0.
 00006394,-0.00059619,-0.00000026,-0.00000416,-0.00022358,0.00009728,-0
 .00051459,0.00037050,0.00001586,0.00104720,0.00115921,-0.00012562,-0.0
 0178561,0.00007999,-0.00014710,0.00047441,-0.00081058,0.00018583,-0.00
 000180,0.00003825,-0.00000466,-0.00006817,0.00003393,-0.00003868,0.000
 03078,-0.00000632,0.00005163,-0.06238090,-0.04492325,0.03654512,-0.005
 49208,-0.01868063,0.01650396,0.06974821,-0.00346766,-0.01774395,0.0118
 1143,-0.00051068,-0.00042297,-0.00021590,-0.00082331,-0.00040431,0.000
 02825,0.00069698,-0.00148545,-0.00032386,0.00256972,0.00011969,0.00069
 524,0.00028170,0.00063678,0.00001652,-0.00010326,0.00007221,-0.0000253
 7,0.00065646,-0.00030202,-0.00000952,-0.00118388,-0.00127481,0.0001599
 9,0.00216103,-0.00016751,0.00011362,-0.00072552,0.00103275,-0.00027783
 ,0.00001575,-0.00005074,0.00000085,0.00008157,-0.00005198,0.00003402,-
 0.00002399,0.00006334,-0.00006300,-0.04264190,-0.18800140,0.12314105,-
 0.00357976,-0.01195000,0.00940908,0.04595562,0.20715117,-0.00044606,0.
 00119576,-0.00131811,-0.00001205,0.00031298,0.00010875,0.00029030,0.00
 014361,-0.00000458,-0.00019307,0.00015986,0.00016713,-0.00061489,-0.00
 027698,-0.00013031,-0.00007470,-0.00031387,-0.00000053,0.00007802,-0.0
 0004937,0.00002906,-0.00036378,0.00012317,-0.00000460,0.00053406,0.000
 61283,-0.00008006,-0.00094286,-0.00002061,-0.00001267,0.00039725,-0.00
 044487,0.00006739,0.00000169,0.00001949,-0.00000429,-0.00002483,0.0000
 0789,-0.00001044,0.00001278,-0.00000928,0.00001550,0.03448356,0.122847
 17,-0.14968064,-0.00179941,-0.00936730,0.00869304,-0.04277460,-0.13264
 619,0.16486549,-0.01232936,0.01395893,0.02377922,0.00013011,0.00038493
 ,-0.00081739,0.00094556,0.00071589,0.00006903,-0.00171654,0.00074961,-
 0.00161114,0.00017509,-0.00181841,0.00076187,-0.00004421,-0.00080683,0
 .00011885,0.00001700,-0.00025998,0.00007260,-0.00077350,0.00046934,0.0
 0003633,0.00158830,0.00174748,-0.00026271,-0.00297662,0.00016850,0.000
 08404,0.00138002,-0.00161590,0.00011112,-0.00000719,0.00006560,-0.0000
 2683,-0.00007006,0.00004704,0.00002856,0.00003864,-0.00004545,0.000017
 58,-0.08038964,0.00699612,0.02352507,0.00828700,-0.00915225,-0.0224219
 5,-0.00231694,0.00400116,0.00870526,0.55456907,0.01354762,-0.01404763,
 -0.01734187,-0.00024243,-0.00055479,0.00044975,-0.00120636,-0.00044271
 ,-0.00002465,0.00165428,-0.00090477,0.00159024,0.00057951,0.00141908,-
 0.00043713,0.00040669,0.00083946,-0.00010335,-0.00014660,0.00014445,-0
 .00007193,0.00094360,-0.00049007,-0.00000268,-0.00182751,-0.00191727,0
 .00026329,0.00337949,-0.00018211,-0.00008138,-0.00168573,0.00180589,-0
 .00018840,0.00000264,-0.00006732,0.00003056,0.00007421,-0.00003690,-0.
 00002658,-0.00003356,0.00006008,0.00001723,0.00523154,-0.08613892,-0.0
 3469912,0.00542446,-0.00679267,-0.01699084,-0.00625775,0.01060338,0.02
 078700,0.01359005,0.54594715,0.00783368,-0.00758387,0.00604211,0.00056
 649,-0.00015062,-0.00003222,0.00035526,0.00044565,0.00001411,0.0002183
 2,-0.00026605,-0.00051096,-0.00165233,0.00299153,-0.00071907,-0.000316
 78,-0.00075200,0.00005354,0.00018086,0.00005480,0.00001194,-0.00073396
 ,0.00028912,0.00005315,0.00105265,0.00149084,-0.00021130,-0.00225816,0
 .00002430,0.00000050,0.00095515,-0.00078623,0.00011338,-0.00002293,0.0
 0006364,-0.00001234,-0.00006864,0.00007289,-0.00000361,0.00003838,-0.0
 0003946,0.00003324,0.01700078,-0.03016340,-0.15334897,0.00407357,-0.00
 570452,-0.01450559,0.00547832,-0.01004808,-0.02153927,0.03134785,-0.04
 269038,0.47445385,0.00030544,-0.00141246,0.00018942,0.00005969,-0.0001
 5582,0.00001640,-0.00008314,0.00001209,-0.00004470,0.00004316,-0.00000
 335,0.00003934,0.00001645,0.00018813,-0.00023080,0.00004086,0.00006213
 ,0.00001803,-0.00002154,0.00001223,-0.00001624,0.00009111,-0.00003811,
 -0.00000018,-0.00012466,-0.00012979,0.00001562,0.00021265,-0.00000082,
 0.00000102,-0.00009558,0.00008322,-0.00000518,-0.00000016,-0.00000400,
 0.00000095,0.00000603,-0.00000204,0.00000149,-0.00000128,0.00000520,-0
 .00000898,-0.00332920,-0.00526732,0.00555330,0.00042770,0.00044242,-0.
 00050835,0.00035838,0.00081887,0.00149192,-0.06814012,-0.05314474,0.04
 573045,0.06870435,-0.00038946,0.00114776,-0.00029366,0.00010553,0.0000
 6327,-0.00005331,0.00015790,0.00009029,-0.00002034,-0.00017858,0.00009
 215,0.00000173,-0.00006586,0.00005427,0.00008462,-0.00006863,-0.000146
 91,0.00001461,0.00002150,-0.00001307,0.00001496,-0.00014568,0.00007459
 ,-0.00000119,0.00028155,0.00032435,-0.00004239,-0.00054599,0.00002583,
 -0.00000893,0.00025238,-0.00024257,0.00002969,-0.00000397,0.00001325,-
 0.00000284,-0.00001473,0.00001134,-0.00000315,0.00000497,-0.00001855,0
 .00000774,0.00476166,0.00969255,-0.00966910,-0.00021212,0.00070690,0.0
 0087446,0.00097715,-0.00016950,-0.00302242,-0.05379229,-0.18516464,0.1
 2121468,0.05825754,0.19908509,-0.00138467,0.00169221,0.00078928,-0.000
 02701,0.00012167,0.00001948,0.00006035,-0.00004969,0.00003394,-0.00001
 988,-0.00020880,-0.00017239,0.00035272,-0.00011771,0.00048247,-0.00009
 810,-0.00003617,-0.00000661,0.00003986,0.00002681,-0.00000219,-0.00006
 490,0.00001150,0.00000378,0.00007277,0.00006722,-0.00001014,-0.0001135
 8,-0.00002789,0.00002030,0.00008639,-0.00000711,-0.00000593,0.00000003
 ,0.00000022,-0.00000117,-0.00000143,-0.00000081,0.00000239,-0.00000299
 ,-0.00002205,0.00000068,0.00864699,0.01986250,-0.02035173,-0.00061035,
 0.00036725,0.00124715,0.00180113,-0.00314261,-0.00456031,0.04594829,0.
 11938521,-0.14921978,-0.05205751,-0.12957714,0.16512673,-0.00033590,0.
 00055223,0.00221405,0.00057743,0.00018235,0.00008712,0.00075575,0.0004
 2236,0.00000839,-0.00118878,0.00076458,-0.00034804,0.00019013,-0.00081
 629,0.00032147,-0.00026092,-0.00059580,0.00000998,0.00006667,-0.000100
 34,0.00004539,-0.00063116,0.00036751,0.00002005,0.00124080,0.00132247,
 -0.00017608,-0.00237907,0.00019153,-0.00002316,0.00119534,-0.00131500,
 0.00014262,-0.00001028,0.00005373,-0.00001462,-0.00005414,0.00003463,0
 .00000487,0.00002714,-0.00004342,0.00002129,-0.00620436,0.00412718,-0.
 00121550,0.00056881,0.00004350,0.00014679,-0.00005597,-0.00031541,-0.0
 0014107,-0.20167515,0.12547508,-0.02807007,0.00828065,-0.00620606,0.00
 058392,0.21618670,0.00141481,0.00013806,-0.00301656,-0.00044891,-0.000
 20312,-0.00009244,-0.00082145,-0.00037153,-0.00001528,0.00111299,-0.00
 063729,0.00034549,-0.00020178,0.00063867,-0.00032919,0.00035874,0.0006
 5937,-0.00002300,-0.00011797,0.00007031,-0.00004335,0.00073173,-0.0003
 7320,-0.00002633,-0.00134515,-0.00145250,0.00019473,0.00257176,-0.0001
 6248,0.00002268,-0.00129759,0.00133868,-0.00015884,0.00001031,-0.00005
 704,0.00001476,0.00005848,-0.00003618,-0.00000084,-0.00002762,0.000053
 89,-0.00002846,0.00893652,-0.00784216,0.00179312,-0.00021310,-0.000055
 24,0.00043989,-0.00017074,0.00068127,0.00000546,0.12530414,-0.14925460
 ,0.02353974,0.01774585,-0.01377271,0.00233480,-0.13946164,0.15911740,0
 .00113646,-0.00110089,-0.00517019,-0.00029592,0.00007242,0.00019043,-0
 .00044781,-0.00030917,0.00002532,0.00046123,-0.00031537,0.00044880,0.0
 0061973,-0.00020120,0.00027277,0.00018623,0.00045074,-0.00006173,-0.00
 007853,0.00002334,-0.00001994,0.00045214,-0.00020940,-0.00002260,-0.00
 080106,-0.00095523,0.00013238,0.00158688,-0.00007820,-0.00001250,-0.00
 072464,0.00076141,-0.00006912,0.00000985,-0.00003864,0.00001301,0.0000
 4318,-0.00003644,-0.00000776,-0.00002510,0.00002805,-0.00000213,0.0241
 5132,-0.01942222,0.00220643,-0.00058076,0.00034029,0.00137841,-0.00013
 476,0.00071977,0.00153251,-0.02936462,0.02461218,-0.05094859,-0.016177
 23,0.01118128,-0.00275864,0.02971534,-0.02348433,0.05540552,0.00131095
 ,0.00042429,-0.00043523,-0.00026840,0.00006353,-0.00011475,-0.00023694
 ,-0.00007708,-0.00001823,0.00026243,-0.00020534,0.00008006,-0.00001563
 ,0.00003956,-0.00011689,0.00019349,0.00018199,0.00001543,-0.00005881,-
 0.00002142,-0.00000767,0.00024672,-0.00011352,-0.00002342,-0.00039040,
 -0.00043123,0.00005663,0.00081610,-0.00008395,0.00001278,-0.00044303,0
 .00044501,-0.00005824,0.00000669,-0.00002012,0.00000391,0.00001941,-0.
 00001562,0.00000353,-0.00001164,0.00001636,-0.00001141,0.00794053,0.00
 610559,0.00447244,0.00056601,0.00119016,0.00220122,0.00042108,-0.00020
 016,-0.00085560,-0.19859539,-0.10167270,-0.08136445,-0.00674628,-0.003
 46052,-0.00298060,-0.01796383,-0.01302099,-0.00902393,0.21392746,-0.00
 100278,0.00065895,0.00028572,0.00005463,-0.00006694,0.00003790,-0.0000
 7459,0.00003828,-0.00000841,0.00000560,-0.00004403,-0.00005575,0.00009
 439,-0.00029288,0.00022096,0.00009175,0.00005702,-0.00000457,-0.000034
 89,-0.00001116,0.00000175,0.00010464,-0.00003747,-0.00000885,-0.000122
 57,-0.00013697,0.00001754,0.00024403,-0.00001161,0.00001185,-0.0001182
 7,0.00010122,-0.00003016,0.00000259,-0.00000502,0.00000120,0.00000677,
 -0.00000526,0.00000250,-0.00000254,0.00001339,-0.00000476,-0.00876885,
 -0.00725926,-0.00515761,0.00099053,-0.00005667,-0.00233491,0.00048025,
 0.00061684,0.00029768,-0.10108720,-0.11458633,-0.05334928,-0.01772709,
 -0.01156480,-0.01003760,0.01533518,0.01164182,0.00869289,0.11124273,0.
 12071651,-0.00123597,0.00121180,0.00091262,0.00023727,-0.00013880,0.00
 000945,-0.00006800,0.00004656,-0.00000176,-0.00004525,-0.00003094,-0.0
 0006478,0.00028599,-0.00030176,0.00020985,0.00003345,0.00007207,-0.000
 00874,-0.00003415,0.00001163,-0.00000916,0.00011648,-0.00002190,-0.000
 00050,-0.00011494,-0.00013830,0.00001211,0.00018718,0.00002453,0.00001
 280,-0.00004728,0.00003920,-0.00003036,-0.00000079,-0.00000284,0.00000
 004,0.00000699,-0.00000186,0.00000262,-0.00000026,0.00000888,0.,-0.022
 31502,-0.01546222,-0.01327595,0.00238458,-0.00226340,-0.00479828,-0.00
 032790,0.00072695,0.00114523,-0.08026230,-0.05326909,-0.08872396,0.016
 11910,0.00954485,0.00911206,-0.00289949,-0.00177153,-0.00238823,0.0869
 7312,0.06156536,0.09819404,-0.00531851,-0.01302957,0.00221605,-0.00226
 248,0.00235020,-0.00061565,-0.00101830,0.00448496,-0.00054413,-0.03256
 443,-0.00823110,0.00148539,-0.16237849,-0.03768629,0.00658092,0.000975
 91,-0.00113786,0.00020422,-0.00063378,-0.00041974,0.00010662,0.0005398
 8,-0.00006692,-0.00003731,0.00052080,0.00044458,-0.00003160,-0.0011943
 4,-0.00058421,0.00017872,0.00037437,-0.00110618,0.00018930,-0.00001291
 ,0.00001054,-0.00001195,0.00007185,-0.00005570,-0.00000523,-0.00117834
 ,0.00019525,-0.00001927,0.00098780,0.00082971,0.00089873,-0.00020219,-
 0.00013622,-0.00059005,-0.00064271,0.00041372,-0.00007864,-0.00056947,
 0.00038053,-0.00088738,0.00004577,-0.00001912,0.00035600,-0.00015999,0
 .00016975,0.00019931,0.00004037,-0.00012479,0.00012887,0.48909897,-0.0
 3055408,-0.01527736,0.00255147,0.00042565,-0.00051614,0.00007535,0.004
 43322,-0.00135582,0.00136624,0.00941124,0.01403868,-0.00060728,-0.0347
 2714,-0.10394908,0.00683668,0.00198957,0.00057278,-0.00024631,-0.00031
 582,-0.00090568,0.00006995,0.00066676,-0.00016097,-0.00004318,0.000879
 22,0.00050490,-0.00013917,-0.00111377,0.00032636,-0.00055342,0.0025695
 4,-0.00177321,-0.00000902,0.00004392,-0.00001120,0.00005423,0.00000400
 ,-0.00008255,0.00005606,0.00143735,-0.00062423,0.00043796,-0.00056827,
 -0.00092696,0.00082723,-0.00084202,-0.00180350,0.00039209,-0.00054088,
 0.00014462,-0.00041152,0.00012168,0.00022567,-0.00002098,0.00011414,-0
 .00023396,-0.00033666,-0.00010269,0.00021939,-0.00000359,0.00007202,0.
 00015145,0.00006639,-0.04770485,0.48759992,0.00506733,0.00436435,-0.00
 129149,0.00118028,-0.00047703,-0.00054924,0.00009302,0.00083435,0.0026
 6167,-0.00225468,-0.00119108,0.00300177,0.01192264,0.00777764,-0.06854
 776,-0.00023414,-0.00021679,-0.00039568,-0.00001558,0.00012981,-0.0002
 2590,0.00008514,-0.00012135,-0.00009203,0.00024786,0.00008972,0.000084
 53,-0.00006346,0.00060770,-0.00015712,0.00025007,-0.00180675,-0.000935
 75,0.00002768,0.00004314,-0.00002671,-0.00002322,0.00001888,0.00002207
 ,0.00023039,0.00072926,-0.00009675,-0.00008549,0.00076777,-0.00617572,
 0.00051603,0.00067579,0.00059855,0.00015570,0.00060865,0.00030761,0.00
 079852,-0.00074328,-0.00013711,-0.00007753,-0.00029562,0.00011814,0.00
 015711,-0.00013356,-0.00029035,-0.00000498,-0.00000777,0.00021603,-0.0
 2012218,-0.06560616,0.44923545,0.00100335,0.00205977,-0.00085321,0.000
 75914,-0.00013904,0.00005615,-0.00082590,0.00139224,-0.00048562,-0.003
 39995,-0.00422457,0.00138652,-0.02138794,0.01924402,0.00442624,-0.0004
 2600,-0.00050073,0.00010637,-0.00005027,0.00021640,-0.00001677,-0.0000
 3850,-0.00001108,0.00003596,0.00008563,0.00012881,-0.00001397,-0.00021
 868,0.00009734,0.00003841,0.00029252,-0.00065544,0.00007721,-0.0000328
 7,0.00003020,-0.00001177,-0.00004946,0.00007484,-0.00001010,0.00017518
 ,-0.00011525,-0.00003324,-0.00026300,0.00030336,-0.00054417,0.00103638
 ,-0.00008263,0.00069726,0.00049757,0.00030868,0.00013389,0.00029045,-0
 .00026063,0.00015194,0.00014370,-0.00017631,-0.00050100,0.00004415,0.0
 0010110,-0.00009702,0.00002656,0.00018574,-0.00002225,-0.16417486,0.10
 570927,0.03863711,0.18138518,0.00007999,0.00005986,0.00016515,0.000010
 99,0.00000912,0.00000242,-0.00047763,0.00040624,-0.00031369,-0.0020570
 8,-0.00170438,0.00044439,-0.01146476,0.01157618,0.00388467,-0.00020918
 ,-0.00018217,0.00003169,0.00001509,0.00013781,0.00000584,0.00002607,-0
 .00004599,0.00001822,0.00008713,-0.00004870,0.00002777,0.00006729,0.00
 031160,-0.00007410,0.00016142,-0.00067094,-0.00002510,0.00003585,0.000
 01693,0.00000427,0.00000383,-0.00002560,-0.00000964,0.00026266,0.00047
 631,0.00002629,-0.00043138,-0.00236588,0.00110532,-0.00078351,-0.00298
 362,0.00128858,-0.00004072,0.00011474,-0.00004734,-0.00027536,-0.00063
 086,0.00000566,-0.00010326,-0.00015426,-0.00020476,-0.00003730,0.00001
 850,0.00003933,0.00003559,0.00017264,0.00003011,0.10955187,-0.15182885
 ,-0.02945362,-0.11605838,0.17300168,0.00010551,-0.00018998,0.00016488,
 -0.00022080,0.00013620,-0.00004878,-0.00002933,-0.00023082,0.00035672,
 0.00043555,0.00080143,0.00039032,0.00108252,-0.00305383,-0.00166031,-0
 .00002876,0.00010458,-0.00006870,0.00002678,-0.00002972,-0.00000040,-0
 .00009155,0.00005085,-0.00000956,-0.00015341,-0.00000483,0.00000087,0.
 00006891,-0.00026903,0.00018110,-0.00047597,0.00057754,-0.00001650,-0.
 00002545,-0.00001454,-0.00001035,0.00000180,0.00001783,-0.00001099,-0.
 00019140,-0.00032171,-0.00020264,0.00045474,0.00054317,0.00053325,-0.0
 0019050,0.00168424,-0.00080015,-0.00027571,-0.00025427,-0.00017574,-0.
 00020293,-0.00023211,0.00019998,-0.00004138,-0.00015051,-0.00014156,0.
 00003339,0.00003710,-0.00002969,0.00003484,0.00001268,-0.00010874,0.03
 769682,-0.02663300,-0.05431074,-0.03326287,0.03776187,0.06979930,-0.00
 385315,0.00044989,0.00104233,0.00145603,-0.00135909,0.00052325,0.00092
 153,-0.00018016,-0.00024338,0.00101861,-0.00047572,-0.00016537,-0.0012
 4814,-0.02162797,0.02137116,-0.00087063,-0.00036671,0.00007020,0.00038
 975,0.00047321,-0.00005355,-0.00033624,-0.00007443,0.00008975,0.000699
 81,0.00068957,-0.00009886,-0.00153115,0.00030632,-0.00023500,0.0005956
 7,-0.00004566,0.00012737,0.00002281,0.00003403,0.00001436,-0.00000809,
 -0.00002644,-0.00000271,-0.00141778,0.00122933,0.00072088,-0.00030215,
 0.00041098,0.00007932,0.00024271,-0.00010961,0.00029127,0.00029024,0.0
 0007209,0.00009577,0.00003171,-0.00000301,-0.00003820,-0.00000624,-0.0
 0004461,-0.00007915,0.00000742,0.00001178,-0.00003261,-0.00000327,0.00
 003142,0.00003793,-0.04783400,0.00331456,-0.00244565,-0.00019946,0.014
 45445,-0.01706788,0.05652714,-0.00029085,0.00143401,0.00104410,0.00085
 132,-0.00066921,0.00028868,-0.00034750,-0.00054064,-0.00012468,0.00211
 280,-0.00085653,-0.00032728,-0.00333241,-0.01176221,0.00958506,-0.0005
 4475,0.00006381,-0.00000608,0.00018157,0.00032305,-0.00005697,-0.00015
 416,-0.00003701,0.00003770,-0.00025431,-0.00019183,0.00004995,0.000463
 80,0.00019888,0.00007509,0.00076712,-0.00019171,-0.00040575,-0.0000060
 3,0.00001133,-0.00001013,-0.00001536,0.00003115,-0.00002154,0.00160580
 ,-0.00030732,-0.00045995,-0.00047146,-0.00012033,0.00053598,-0.0002135
 1,0.00031827,-0.00037498,-0.00018555,-0.00037561,-0.00012955,0.0000918
 9,0.00000755,0.00033090,-0.00000214,0.00010074,0.00004627,0.00008801,-
 0.00012176,-0.00006759,-0.00004058,-0.00005171,-0.00006095,0.00375253,
 -0.13816260,0.11538907,0.00078653,-0.01532709,0.01664862,-0.00052876,0
 .15687271,-0.00027283,-0.00112416,-0.00023052,-0.00037988,0.00054454,-
 0.00012348,0.00046918,0.00056948,0.00011320,-0.00180110,0.00073022,0.0
 0031971,0.00159936,0.00310988,-0.00085076,0.00047146,-0.00024732,0.000
 00906,-0.00017513,-0.00033507,0.00007250,0.00001487,0.00011013,-0.0000
 1279,0.00043648,0.00055351,-0.00012529,-0.00107998,-0.00041523,0.00019
 613,0.00043792,0.00054227,0.00002258,-0.00004833,-0.00000831,-0.000005
 89,-0.00001725,0.00002675,-0.00000388,-0.00022999,-0.00090096,0.000107
 04,0.00010052,-0.00043206,0.00023299,-0.00010889,-0.00002389,-0.000113
 81,-0.00012223,-0.00001811,-0.00004481,-0.00010551,0.00012465,-0.00000
 209,0.00002443,0.00001016,-0.00001320,-0.00004828,0.00006169,0.0000339
 4,0.00001434,-0.00000403,-0.00001218,-0.00268097,0.11484038,-0.1898758
 8,-0.00128047,-0.00417244,0.00602585,0.00734456,-0.12605815,0.20408823
 ,-0.00043027,0.00207387,-0.00159656,0.00087870,-0.00054621,0.00001714,
 0.00008203,0.00025663,0.00065817,0.00020814,-0.00072838,0.00027100,-0.
 00879063,-0.01376342,-0.01818997,-0.00003517,-0.00011935,-0.00012664,-
 0.00000217,0.00007149,-0.00004224,0.00014883,-0.00010571,0.00000981,0.
 00009678,0.00004090,-0.00002263,-0.00009267,0.00021398,0.00003586,0.00
 016999,-0.00030480,-0.00016212,0.00000984,0.00001423,-0.00000108,-0.00
 000740,0.00000027,0.00000611,0.00002609,0.00029929,-0.00023528,-0.0001
 2566,-0.00005240,-0.00101150,0.00027261,0.00046300,0.00025840,0.000033
 30,0.00001166,0.00003184,0.00012514,-0.00022251,0.00032318,0.00002711,
 0.00000466,-0.00016357,0.00006737,-0.00002330,-0.00009191,0.00000550,0
 .00005056,-0.00006407,-0.07575292,-0.01178257,-0.02067907,0.00486286,0
 .00890992,0.01333753,-0.00294086,-0.00106270,-0.00299513,0.51494027,0.
 00006503,0.00178250,-0.00160548,0.00056426,-0.00095466,0.00021615,-0.0
 0046899,-0.00096276,0.00019613,0.00355826,-0.00103472,-0.00009924,-0.0
 0808731,-0.01078100,-0.00880076,-0.00081049,0.00023151,-0.00003047,0.0
 0034818,0.00047844,-0.00008075,-0.00024588,-0.00006698,0.00002091,-0.0
 0053015,-0.00045771,0.00002987,0.00078720,-0.00001627,0.00002806,-0.00
 033376,0.00101581,0.00003198,0.00000765,-0.00001428,0.00000275,0.00002
 318,-0.00001220,0.00000473,0.00013329,0.00026672,0.00000594,-0.0001780
 4,0.00029913,-0.00051072,0.00007688,-0.00050198,0.00011061,0.00012023,
 0.00004289,0.00008363,0.00007773,-0.00001009,-0.00011589,-0.00001193,-
 0.00000061,0.00006159,0.00005267,-0.00002733,-0.00004574,-0.00000751,-
 0.00000130,0.00009957,-0.00925123,-0.07730731,-0.02027811,-0.00479979,
 -0.01137279,-0.02278468,0.00488777,0.00900874,0.01423942,-0.02023489,0
 .53600796,0.00089658,0.00111018,0.00020659,-0.00129510,0.00099666,-0.0
 0018739,-0.00037065,-0.00032738,0.00015491,0.00089614,0.00067096,-0.00
 026972,-0.00611051,-0.00030486,0.00820733,0.00064970,0.00036951,-0.000
 00884,-0.00017725,-0.00034801,0.00005743,0.00023462,0.00006671,-0.0000
 5845,-0.00036076,-0.00052222,0.00007782,0.00103689,-0.00001277,-0.0000
 4029,-0.00076525,0.00003598,-0.00044846,0.00004763,-0.00002597,0.00001
 621,0.00004315,-0.00006730,0.00000454,-0.00009521,0.00026929,-0.000017
 65,0.00042813,-0.00015597,0.00004299,0.00022856,0.00010870,0.00017077,
 0.00008317,0.00020648,0.00006207,-0.00023312,0.00000900,-0.00020184,-0
 .00000719,-0.00005762,0.00004386,-0.00009943,0.00007304,0.00010573,0.0
 0001736,-0.00001526,-0.00000541,-0.00963800,-0.02093700,-0.11839839,-0
 .00650368,-0.00879239,-0.01656111,-0.00684768,-0.01288139,-0.01726357,
 -0.06190083,-0.04530020,0.46173137,0.00013718,0.00071035,-0.00055523,0
 .00068157,-0.00056106,0.00011641,0.00015620,-0.00000727,0.00000495,0.0
 0036683,-0.00045214,0.00012135,-0.00021643,-0.00158670,-0.00256301,-0.
 00042714,-0.00011116,0.00000609,0.00014297,0.00022570,-0.00004728,-0.0
 0013586,-0.00003449,0.00003193,0.00010242,0.00014987,-0.00002130,-0.00
 030632,0.00008481,-0.00003415,0.00021867,-0.00013352,0.00012317,-0.000
 00936,0.00001427,-0.00000119,-0.00001555,0.00002217,-0.00000529,-0.000
 02064,0.00004388,-0.00005217,-0.00018778,0.00001301,-0.00016921,0.0000
 4649,-0.00005513,-0.00001357,0.00003910,-0.00004473,0.00002100,0.00012
 071,-0.00002322,0.00008046,-0.00000585,0.00001554,0.00001121,0.0000407
 2,-0.00004384,-0.00004581,-0.00001884,0.00000442,0.00002130,-0.0071890
 0,-0.00895070,0.00350601,-0.00021323,-0.00034151,-0.00027642,0.0007851
 8,0.00054930,0.00049778,-0.11058182,-0.11185299,0.03484957,0.11651674,
 0.00022937,0.00052368,-0.00039051,0.00054432,-0.00042029,0.00005828,0.
 00008552,-0.00010337,0.00002195,0.00026164,-0.00038562,0.00010841,0.00
 058667,-0.00061732,-0.00162477,-0.00042297,-0.00008155,-0.00000562,0.0
 0014673,0.00021613,-0.00003876,-0.00014656,-0.00002451,0.00003007,0.00
 004630,0.00012768,0.00000029,-0.00023929,0.00000608,0.00002046,0.00021
 342,0.00004749,-0.00001063,-0.00001685,0.00000973,-0.00000621,-0.00001
 501,0.00002735,-0.00001115,-0.00012215,-0.00005075,-0.00007927,-0.0000
 6965,0.00017612,-0.00007644,0.00001227,0.00019244,0.00000916,-0.000020
 91,-0.00008490,-0.00000558,0.00003944,-0.00002173,0.00004465,-0.000002
 28,0.00001505,0.00001523,0.00004407,-0.00003641,-0.00003658,-0.0000082
 4,-0.00001539,-0.00000065,-0.00430877,-0.00719472,0.00297650,-0.000127
 98,-0.00033496,-0.00059337,0.00002286,0.00152112,0.00024347,-0.1120034
 7,-0.23325701,0.05751410,0.12284241,0.24966516,-0.00041432,0.00021120,
 -0.00026380,0.00055391,-0.00042896,0.00011488,0.00002703,0.00003858,0.
 00005457,0.00020235,-0.00037262,-0.00002837,0.00023099,-0.00238530,-0.
 00300618,-0.00028573,-0.00007411,-0.00003357,0.00008051,0.00015277,-0.
 00003259,-0.00008160,-0.00002751,0.00002639,0.00002613,0.00006715,-0.0
 0001929,-0.00010923,0.00004737,0.00000595,0.00003616,-0.00003364,-0.00
 000677,-0.00000953,0.00001072,0.00000098,-0.00001275,0.00002029,-0.000
 00190,0.00005578,0.00003879,0.00001354,-0.00016687,0.00006760,-0.00022
 361,0.00004865,0.00000542,0.00000618,0.00002693,-0.00004610,0.00001529
 ,0.00008060,-0.00002007,0.00005008,-0.00000468,0.00001568,0.00001627,0
 .00003780,-0.00003398,-0.00004569,-0.00001375,-0.00000789,0.00002325,-
 0.01487280,-0.02053244,0.00454614,0.00062707,-0.00051498,-0.00064656,-
 0.00034513,0.00064991,0.00219050,0.03532186,0.05727563,-0.06082368,-0.
 03571648,-0.06267659,0.06712272,0.00004964,-0.00021090,0.00032354,-0.0
 0021257,0.00012573,-0.00000912,-0.00003401,-0.00003236,0.00016098,0.00
 025657,0.00029135,-0.00017576,0.00125527,0.00045239,0.00076652,0.00009
 639,0.00007397,-0.00001490,-0.00002577,-0.00005710,0.00000025,0.000026
 92,0.00000897,-0.00000999,-0.00008750,-0.00009373,0.00002519,0.0002182
 5,-0.00006381,-0.00000915,-0.00008133,0.00018953,-0.00020240,0.0000009
 7,-0.00000628,0.00000346,0.00000663,-0.00000562,0.00000187,-0.00021223
 ,-0.00000719,-0.00011486,0.00004987,-0.00004080,0.00005141,-0.00005813
 ,-0.00012034,-0.00006303,-0.00000784,0.00001198,-0.00000257,-0.0000207
 5,0.00001880,-0.00004046,-0.00000517,-0.00000125,0.00002650,-0.0000159
 3,0.00000445,0.00001827,-0.00000004,-0.00000648,0.00000266,0.01000028,
 -0.00268141,-0.00990567,0.00040239,-0.00153422,-0.00176814,-0.00019488
 ,-0.00027294,-0.00078640,-0.16293493,0.03918693,0.11977879,-0.01050152
 ,0.00417021,0.00951084,0.17631262,0.00015696,-0.00014091,0.00019373,-0
 .00001620,0.00000079,0.00001364,-0.00009106,0.00001476,-0.00004585,-0.
 00016855,-0.00006084,-0.00000082,0.00073748,0.00134189,0.00048338,-0.0
 0002060,-0.00000363,-0.00000677,-0.00000090,0.00001284,-0.00000255,0.0
 0000021,-0.00000319,0.00000393,-0.00003786,-0.00002778,0.00000127,0.00
 006271,-0.00001476,0.00002358,-0.00007545,0.00003331,0.00003536,-0.000
 00220,-0.00000073,-0.00000017,-0.00000045,0.00000263,-0.00000069,0.000
 08651,-0.00006397,0.00003858,0.00005010,0.00002855,-0.00000490,-0.0000
 0314,0.00008692,-0.00008048,-0.00002750,-0.00003359,-0.00000432,-0.000
 01940,0.00000859,-0.00003857,-0.00001118,0.00000596,0.00006265,-0.0000
 0007,-0.00001800,0.00000530,-0.00000769,-0.00003177,0.00000195,0.00780
 706,-0.00520151,-0.00791146,-0.00131086,-0.00103618,-0.00277752,0.0001
 6192,-0.00016682,-0.00022285,0.03978504,-0.05941727,-0.04027173,-0.018
 78106,0.00792928,0.01903642,-0.04319444,0.06130688,-0.00009481,-0.0002
 3595,0.00029384,0.00019924,-0.00023119,0.00002500,-0.00009026,-0.00004
 484,-0.00009227,-0.00002154,-0.00030807,0.00029176,0.00123114,0.001502
 38,0.00186123,-0.00024953,-0.00006737,0.00002924,0.00008260,0.00012677
 ,-0.00001401,-0.00011238,0.00000500,0.00001100,0.00005625,0.00006819,-
 0.00001158,-0.00016555,0.00006878,0.00001257,0.00013567,0.00005052,0.0
 0020112,0.00000251,0.00000476,-0.00000353,-0.00000347,0.00000179,0.000
 00425,-0.00000636,0.00003499,-0.00022470,0.00004002,0.00003974,0.00015
 404,-0.00006419,-0.00001586,-0.00008998,-0.00002982,-0.00005290,-0.000
 00787,-0.00002700,0.00007396,-0.00004061,-0.00000919,0.00001211,0.0000
 6176,0.00000536,-0.00001749,0.00000399,-0.00000675,-0.00003128,0.00000
 809,0.01516530,-0.00447897,-0.01387782,-0.00128033,-0.00136899,-0.0033
 1180,-0.00021174,-0.00114968,-0.00156303,0.12055955,-0.04109965,-0.171
 70236,0.00551964,-0.00176387,-0.00574235,-0.13167691,0.04678183,0.1842
 2213,-0.00034073,0.00018330,0.00002194,0.00029818,0.00007003,0.0000196
 7,0.00018449,0.00026740,0.00005642,-0.00064207,0.00022610,-0.00008120,
 0.00067018,-0.00028358,-0.00062506,0.00015624,-0.00009630,-0.00001400,
 -0.00008727,-0.00009119,0.00000742,0.00008460,-0.00000864,0.00001214,0
 .00015975,0.00018074,-0.00004195,-0.00028660,-0.00000141,0.00001326,0.
 00010284,-0.00026794,-0.00010199,-0.00001587,0.00001017,-0.00000055,-0
 .00001546,0.00002434,0.00000136,-0.00001590,-0.00010926,0.00006184,-0.
 00015989,-0.00016124,-0.00006306,-0.00001051,-0.00023873,-0.00016986,0
 .00003764,0.00001744,0.00001612,0.00011273,0.00002613,0.00006214,-0.00
 000595,0.00000732,0.00001411,0.00000264,-0.00001738,-0.00001904,-0.000
 01845,0.00001651,0.00003061,-0.00723728,0.00686430,-0.00458794,0.00179
 898,-0.00016667,0.00080838,-0.00031292,-0.00102235,-0.00083448,-0.1584
 4059,0.10900387,-0.06711424,0.01186288,-0.01051886,0.00632703,-0.01465
 817,0.01494691,-0.00865182,0.16721154,-0.00013653,0.00002238,0.0001145
 3,-0.00008462,0.00004600,-0.00006972,0.00004449,0.00007182,0.00001505,
 -0.00030786,0.00010533,0.00015968,0.00023048,0.00034808,-0.00041776,0.
 00001945,0.00000533,0.00000639,-0.00000948,-0.00001169,-0.00000210,0.0
 0001687,-0.00000416,-0.00000024,0.00001567,-0.00001343,0.00001150,-0.0
 0000459,0.00004453,0.00000398,-0.00003052,-0.00013389,0.00006941,0.000
 00594,0.00000047,-0.00000221,0.00000085,-0.00000618,-0.00000323,0.0000
 2582,0.00005033,-0.00007874,-0.00007484,-0.00002414,-0.00036527,0.0000
 0716,-0.00007478,-0.00005897,0.00010892,0.00008077,0.00006283,0.000017
 50,-0.00003696,-0.00000673,-0.00001317,-0.00000949,0.00001097,-0.00000
 823,-0.00000154,0.00000002,-0.00000339,-0.00000130,0.00002035,-0.00972
 652,0.00635288,-0.00922389,-0.00173680,0.00192667,-0.00071287,-0.00092
 241,0.00003926,-0.00181711,0.10880118,-0.15304797,0.06853475,0.0183413
 4,-0.01774188,0.00969524,0.00377397,-0.00455092,0.00207808,-0.11856644
 ,0.16660280,-0.00030057,0.00011850,0.00014397,0.00034418,-0.00013387,0
 .00000192,0.00015003,0.00025652,0.00006466,-0.00055437,-0.00011811,0.0
 0026350,0.00093715,0.00035802,-0.00111954,-0.00001441,-0.00015781,0.00
 001277,-0.00001640,0.00000232,-0.00000515,0.00000202,-0.00000997,0.000
 01061,0.00021607,0.00022760,-0.00003192,-0.00043131,0.00004182,0.00000
 459,0.00035084,-0.00019139,0.00012087,-0.00000939,0.00001018,-0.000006
 64,-0.00001466,0.00001563,0.00000190,0.00009526,-0.00009207,-0.0000667
 1,-0.00010968,-0.00014968,-0.00010821,-0.00005332,-0.00028343,-0.00008
 951,0.00005283,0.00001294,0.00002285,0.00009322,0.00001046,0.00006917,
 -0.00000789,0.00001154,0.00000648,0.00000266,-0.00002093,-0.00001709,-
 0.00001567,0.00001297,0.00001697,-0.01500576,0.01182199,-0.01518798,-0
 .00127301,0.00054455,0.00032511,-0.00229568,-0.00198845,-0.00315699,-0
 .06505044,0.06708954,-0.08391105,-0.00577257,0.00600034,-0.00375189,0.
 01426467,-0.01525059,0.00968427,0.07481977,-0.06803669,0.09672270,0.00
 049735,0.00022474,-0.00006097,-0.00234652,-0.00164444,0.00041472,-0.00
 108174,-0.00353902,0.00045276,0.00058060,0.00083656,-0.00019384,-0.000
 36359,0.00004340,-0.00005368,-0.02582506,0.00902556,-0.00226141,-0.130
 30654,0.02164810,-0.00563937,-0.00335261,0.01116577,-0.00211822,0.0002
 5323,0.00021156,0.00000796,0.00000373,0.00072826,-0.00017804,-0.000104
 36,0.00009967,-0.00003723,-0.00118195,-0.00017541,0.00008157,0.0000983
 9,0.00006720,0.00000870,-0.00000123,0.00001651,-0.00000279,-0.00005037
 ,0.00007317,-0.00003441,0.00003361,-0.00000723,-0.00000527,0.00000933,
 -0.00001848,-0.00000225,0.00002756,-0.00003006,0.00002524,0.00000080,0
 .00000609,-0.00000170,0.00002956,-0.00002840,-0.00001842,-0.00001187,-
 0.00000096,0.00000414,-0.00006151,0.00009447,0.00005904,-0.00000870,-0
 .00001479,-0.00000015,0.00001546,0.00001315,0.00000415,0.00001745,-0.0
 0000889,-0.00003494,0.00001130,0.00001080,0.00001105,-0.00000495,-0.00
 000112,-0.00000148,0.00001524,-0.00000185,0.00000991,0.43376964,-0.000
 55579,-0.00017263,-0.00001016,0.00001347,-0.00014483,-0.00014114,-0.00
 403811,-0.00158276,0.00125248,-0.00162719,0.00080346,-0.00028928,0.000
 20389,-0.00074021,0.00005345,-0.00813988,0.01389061,-0.00043755,0.0178
 8825,-0.09727787,0.00572516,0.02942379,-0.01462280,0.00237144,-0.00135
 868,-0.00141784,0.00018412,0.00064235,0.00017755,-0.00045283,-0.000505
 58,0.00022399,-0.00011881,-0.00139130,-0.00049400,0.00030757,-0.000012
 95,-0.00006871,0.00004558,-0.00003505,-0.00001945,0.00004982,0.0000692
 1,-0.00001643,0.00004906,-0.00001400,0.00000689,-0.00000198,-0.0000259
 7,0.00003008,-0.00001089,-0.00003455,0.00002863,-0.00002597,0.00000311
 ,-0.00000757,-0.00000112,-0.00002261,0.00002323,0.00001604,0.00000638,
 0.00000200,0.00000321,-0.00010970,0.00008276,0.00002272,-0.00006517,-0
 .00000639,0.00000533,0.00002385,0.00000002,-0.00001972,0.00000628,0.00
 003707,0.00002178,-0.00000147,-0.00000140,-0.00000248,0.00000369,-0.00
 000084,0.00000136,-0.00001703,0.00000206,-0.00000947,0.06998873,0.4986
 1365,-0.00010656,-0.00014192,-0.00010242,-0.00118321,-0.00060860,-0.00
 047272,-0.00030063,0.00081543,0.00292095,0.00028122,-0.00025990,-0.000
 42458,-0.00000805,0.00013976,-0.00022258,0.00132207,-0.00146977,0.0022
 7355,-0.00856108,0.00557823,-0.06855141,-0.00527367,0.00388984,-0.0006
 0317,-0.00084788,-0.00167932,-0.00113827,0.00035002,0.00067160,-0.0000
 9108,-0.00039361,0.00020470,0.00005857,0.00013302,0.00085645,-0.000175
 32,0.00001760,0.00000323,0.00001070,-0.00003150,0.00004580,-0.00002028
 ,-0.00002877,0.00004690,0.00001065,0.00002526,-0.00000409,-0.00000220,
 -0.00000197,-0.00002303,0.00000391,0.00001127,-0.00000899,0.00002269,0
 .00000133,0.00000366,-0.00000028,0.00001548,-0.00001508,-0.00001148,-0
 .00000604,-0.00000101,0.00000194,-0.00005232,0.00003415,0.00022837,-0.
 00000247,-0.00001666,0.00000772,-0.00000390,0.00002302,-0.00000810,0.0
 0005010,0.00001586,-0.00004735,0.00002145,0.00001595,0.00002018,-0.000
 00440,0.00000016,-0.00000141,0.00001172,0.,0.00001158,0.02700354,-0.02
 267354,0.48118911,-0.00033751,-0.00001019,-0.00001905,0.00131505,0.001
 00526,-0.00028706,0.00083095,0.00033212,0.00018396,-0.00076142,0.00022
 320,-0.00005556,0.00033714,-0.00036507,0.00005299,0.00113719,-0.000078
 44,0.00024380,0.00073505,0.02343231,-0.01861240,-0.00432475,0.00014432
 ,-0.00086799,0.00004144,0.00028874,-0.00031116,-0.00140953,-0.00035334
 ,0.00018674,0.00061929,-0.00056071,0.00009752,-0.00158325,-0.00139179,
 -0.00076342,-0.00000490,0.00003587,-0.00000231,0.00003125,-0.00003381,
 -0.00000816,0.00003926,-0.00003679,0.00003226,-0.00001715,0.00000507,0
 .00000069,-0.00001125,0.00001031,-0.00000161,-0.00001975,0.00001889,-0
 .00001074,-0.00000012,-0.00000338,0.00000071,-0.00001661,0.00001609,0.
 00000986,0.00000558,0.00000070,-0.00000111,0.00000073,-0.00003747,0.00
 000482,-0.00000028,-0.00000039,0.00000531,-0.00001489,0.00000614,-0.00
 000795,-0.00000361,0.00001187,0.00000710,-0.00000224,0.00000003,-0.000
 00133,0.00000187,0.00000069,-0.00000032,-0.00000541,-0.00000021,-0.000
 00464,-0.04974933,-0.01735739,0.01758615,0.05844624,0.00021883,0.00005
 822,0.00000071,-0.00083307,-0.00047681,0.00022408,0.00012459,-0.000323
 84,-0.00012937,0.00041181,-0.00008836,0.00000882,-0.00012694,0.0001869
 6,-0.00003002,-0.00161602,-0.00062347,-0.00027520,0.00107283,-0.012917
 61,0.00831225,0.00140702,0.00058793,0.00088732,-0.00148580,-0.00038521
 ,-0.00040864,0.00014997,0.00028659,0.00001853,-0.00011138,0.00011649,0
 .00000505,-0.00164350,-0.00025309,-0.00046198,0.00002287,0.00001951,-0
 .00001529,-0.00000044,0.00002055,-0.00000954,-0.00002460,0.00002947,-0
 .00002302,0.00001879,-0.00000379,-0.00000253,0.00000607,-0.00001212,-0
 .00000056,0.00001731,-0.00001552,0.00001846,0.00000032,0.00000431,-0.0
 0000122,0.00001606,-0.00001567,-0.00001124,-0.00000660,-0.00000060,0.0
 0000172,-0.00000626,0.00000186,0.00002156,0.00001359,-0.00000292,-0.00
 000097,0.00000148,0.00000988,0.00000206,0.00000667,-0.00000784,-0.0000
 1891,0.00000623,0.00000599,0.00000580,-0.00000274,-0.00000023,-0.00000
 012,0.00000865,-0.00000131,0.00000575,-0.01578318,-0.16260147,0.112097
 23,0.01866156,0.18486361,-0.00001383,0.00007235,-0.00001014,0.00043749
 ,0.00054823,-0.00016523,-0.00034099,0.00034681,0.00008053,-0.00033225,
 -0.00008875,0.00002392,0.00013276,-0.00025688,0.00004297,0.00146139,0.
 00076736,0.00028103,-0.00116097,0.00301703,-0.00157274,-0.00009004,-0.
 00063060,-0.00034131,-0.00016959,0.00068074,0.00011330,0.00074060,-0.0
 0047880,0.00017457,-0.00021331,0.00035725,-0.00010251,0.00005646,-0.00
 100060,0.00024417,0.00001501,0.00003591,0.00000048,0.00005661,-0.00001
 535,-0.00000179,0.00000437,-0.00000007,-0.00000820,0.00000105,-0.00000
 172,-0.00000005,0.00000072,-0.00000236,0.00000275,0.00000059,-0.000001
 78,0.00000895,-0.00000068,0.00000061,0.00000039,0.00000093,-0.00000245
 ,-0.00000285,-0.00000166,-0.00000092,-0.00000116,-0.00000854,-0.000024
 79,-0.00000604,0.00000368,-0.00000110,0.00000383,0.00000406,0.00000429
 ,-0.00000216,-0.00000302,0.00000931,-0.00000525,0.00000356,0.00000436,
 0.00000231,-0.00000051,0.00000056,0.00000220,-0.00000249,-0.00000043,-
 0.00000090,0.01544729,0.11053423,-0.15763701,-0.01889997,-0.12245209,0
 .17008698,0.00000426,0.00002024,-0.00001651,0.00076727,0.00018235,-0.0
 0002424,-0.00088983,-0.00113698,0.00051465,-0.00037610,0.00040477,-0.0
 0012316,-0.00005627,-0.00018834,0.00001521,-0.00282035,0.00390766,-0.0
 0150055,-0.02167425,-0.01696888,-0.00804529,0.00106816,-0.00187387,0.0
 0083496,0.00010196,0.00034362,-0.00004897,-0.00004384,-0.00003646,-0.0
 0007751,-0.00004053,-0.00002576,0.00000194,0.00014927,0.00017710,0.000
 05941,-0.00004353,-0.00007169,0.00000768,-0.00003849,-0.00002109,0.000
 01242,0.00001942,-0.00001675,0.00002796,-0.00001814,0.00000358,0.00000
 232,-0.00000744,0.00001584,-0.00000199,-0.00001785,0.00001141,-0.00002
 839,0.00000063,-0.00000448,0.00000076,-0.00001562,0.00001572,0.0000138
 0,0.00000774,0.00000193,-0.00000045,-0.00001663,0.00006197,0.00000418,
 -0.00004303,-0.00000256,0.00000037,-0.00000502,-0.00001551,-0.00000104
 ,-0.00000335,0.00000371,0.00003013,-0.00001127,-0.00001222,-0.00001032
 ,0.00000456,-0.00000132,-0.00000277,-0.00000965,0.00000249,-0.00000721
 ,-0.14301713,-0.09411585,-0.06347158,-0.00287180,-0.00430786,-0.000594
 33,0.16045514,-0.00006797,-0.00010333,0.00003767,-0.00020784,-0.000258
 27,0.00004211,0.00044314,0.00019921,-0.00036481,0.00026256,-0.00013599
 ,0.00005944,-0.00006361,0.00021827,-0.00000342,0.00120271,-0.00175643,
 0.00041951,0.01166002,0.00971269,0.00620438,0.00004526,0.00026192,0.00
 025768,-0.00021063,-0.00041649,-0.00007190,-0.00024996,0.00028056,-0.0
 0008254,0.00003322,-0.00013433,0.00004029,-0.00011057,0.00050464,0.000
 02190,-0.00000816,-0.00002469,-0.00001302,-0.00003360,0.00001416,0.000
 00795,-0.00000343,-0.00000639,-0.00000016,-0.00000297,0.00000139,0.000
 00099,0.00000014,0.00000150,-0.00000011,-0.00000021,0.00000220,-0.0000
 0509,-0.00000003,-0.00000084,-0.00000012,-0.00000196,0.00000265,0.0000
 0202,0.00000147,0.00000062,0.00000013,0.00001466,0.00000137,-0.0000213
 9,0.00000420,0.00000327,-0.00000418,0.00000056,-0.00000443,0.00000122,
 -0.00000213,-0.00000659,0.00000522,-0.00000259,-0.00000314,-0.00000234
 ,0.,-0.00000025,-0.00000031,0.00000032,0.00000037,0.00000009,-0.096256
 89,-0.14122507,-0.06448162,-0.01772064,-0.01856831,-0.00763673,0.10373
 700,0.16096651,0.00013580,0.00007160,-0.00001276,0.00021969,0.00014622
 ,-0.00001649,0.00000685,-0.00022591,0.00018040,0.00007865,0.00006540,-
 0.00003792,-0.00003649,-0.00002682,0.00000851,-0.00008795,0.00081582,0
 .00005106,-0.00192035,-0.00182465,-0.00107703,-0.00015515,-0.00039742,
 0.00032823,0.00039699,0.00038847,-0.00000713,0.00010662,-0.00022639,0.
 00014673,0.00005488,0.00007017,-0.00002138,0.00005876,-0.00031107,-0.0
 0012628,0.00000171,0.00001616,-0.00000386,0.00002233,-0.00001049,-0.00
 000930,-0.00000600,0.00000547,-0.00000729,0.00000244,-0.00000110,0.000
 00048,0.00000223,-0.00000306,0.00000100,0.00000429,-0.00000476,0.00000
 375,-0.00000011,0.00000087,-0.00000014,0.00000333,-0.00000371,-0.00000
 252,-0.00000116,-0.00000041,-0.00000018,0.00000266,0.00000207,0.000003
 57,0.00000043,-0.00000293,0.00000216,-0.00000450,-0.00000084,0.0000033
 1,0.00000056,-0.00000274,-0.00000084,-0.00000080,0.00000025,-0.0000000
 2,-0.00000016,0.00000005,-0.00000091,0.00000113,-0.00000011,0.00000039
 ,-0.06359422,-0.06315627,-0.09149586,0.01360718,0.01336147,0.00851714,
 0.06620471,0.06868124,0.09611007,0.00012959,0.00015657,-0.00000133,0.0
 0136451,0.00074895,0.00004107,0.00009749,-0.00041812,-0.00071458,-0.00
 029301,0.00025223,0.00011033,0.00004890,-0.00020740,0.00009681,-0.0002
 6983,0.00115913,-0.00026164,-0.01313243,0.01339037,0.02325969,-0.00029
 824,-0.00229416,0.00196934,0.00034204,0.00046009,0.00018003,-0.0004064
 6,-0.00027076,0.00001724,0.00019142,-0.00018307,0.00005513,-0.00021601
 ,-0.00032408,0.00026094,-0.00002370,-0.00003082,-0.00000953,-0.0000065
 4,-0.00002862,0.00000023,0.00001378,-0.00002911,0.00001273,-0.00002091
 ,0.00000256,0.00000214,-0.00000041,0.00001322,-0.00000014,-0.00001247,
 0.00000834,-0.00002271,-0.00000089,-0.00000370,0.00000153,-0.00001441,
 0.00001371,0.00001140,0.00000624,0.00000098,-0.00000212,0.00001900,0.0
 0000041,-0.00007686,-0.00001745,0.00000497,-0.00000119,-0.00000773,-0.
 00001654,0.00000230,-0.00002092,-0.00000325,0.00003285,-0.00001386,-0.
 00001232,-0.00001175,0.00000421,-0.00000024,-0.00000141,-0.00000951,0.
 00000116,-0.00000865,-0.08241334,0.00762308,0.02260697,-0.00129383,0.0
 0126358,0.00278489,0.00838655,-0.00555232,-0.01692528,0.54360451,0.000
 07993,-0.00004706,0.00001794,-0.00035684,-0.00043336,0.00021436,0.0003
 4759,-0.00045481,0.00042398,0.00041256,0.00014918,-0.00009364,-0.00017
 284,0.00025267,-0.00005452,-0.00182289,-0.00092974,-0.00070248,0.00982
 582,-0.00735341,-0.00982579,0.00003507,0.00091532,-0.00078900,0.000395
 11,0.00057838,-0.00054789,-0.00078397,-0.00006505,0.00009040,0.0004445
 8,-0.00037810,0.00005684,-0.00007423,0.00014815,0.00014548,-0.00001366
 ,0.00000413,-0.00001240,0.00000319,-0.00000741,0.00000062,-0.00001177,
 0.00000194,-0.00000214,0.00000323,-0.00000048,0.00000075,0.00000276,-0
 .00000312,-0.00000013,0.00000579,-0.00000449,0.00000082,-0.00000014,0.
 00000129,-0.00000089,0.00000365,-0.00000263,-0.00000203,0.00000005,0.0
 0000090,0.00000067,0.00001096,0.00001802,0.00002075,0.00000170,-0.0000
 0380,0.00000023,-0.00001156,-0.00000266,0.00000602,0.00000484,-0.00001
 219,-0.00000235,-0.00000176,-0.00000185,-0.00000045,0.00000028,-0.0000
 0020,-0.00000320,0.00000564,0.00000016,0.00000294,0.00449527,-0.084511
 23,-0.02632875,-0.00806206,0.01040154,0.01921020,0.00907804,-0.0069565
 3,-0.01819194,0.00973651,0.54285315,-0.00024286,0.00001493,-0.00000910
 ,0.00138485,0.00095088,-0.00010235,0.00043574,-0.00040616,0.00003405,-
 0.00065923,0.00041901,-0.00000426,0.00016615,-0.00030648,0.00005168,-0
 .00098164,0.00061124,-0.00041771,0.00723690,-0.00218104,0.00497631,-0.
 00123415,0.00105046,-0.00031898,0.00114851,0.00044335,-0.00028713,-0.0
 0136825,-0.00016271,-0.00008037,0.00053498,-0.00060328,0.00008893,-0.0
 0006679,0.00014167,0.00009924,-0.00004805,-0.00005124,0.00000337,-0.00
 003689,-0.00002985,0.00001838,0.00004595,-0.00004907,0.00005097,-0.000
 03164,0.00000739,0.00000187,-0.00001229,0.00002531,-0.00000414,-0.0000
 3236,0.00002653,-0.00003779,0.00000026,-0.00000708,0.00000149,-0.00002
 807,0.00002801,0.00002135,0.00001166,0.00000171,-0.00000144,0.00001695
 ,0.00001302,-0.00004229,-0.00002866,0.00000443,0.00000006,-0.00001464,
 -0.00001677,-0.00000398,-0.00001594,0.00000474,0.00003872,-0.00001509,
 -0.00001394,-0.00001261,0.00000601,-0.00000039,-0.00000230,-0.00001298
 ,0.00000242,-0.00001065,0.01888488,-0.02451014,-0.13948867,0.00606717,
 -0.00977444,-0.01804711,0.00459653,-0.00262812,-0.00988349,0.03500066,
 -0.03896024,0.44872326,0.00014922,0.00004522,-0.00000704,-0.00019341,-
 0.00013100,0.00004690,-0.00011643,-0.00007208,0.00001597,0.00021400,-0
 .00010289,0.00001626,-0.00008311,0.00007802,-0.00000466,-0.00021639,-0
 .00010667,-0.00008845,0.00058376,-0.00107714,0.00025450,0.00013916,0.0
 0004420,-0.00006052,-0.00041263,-0.00021088,0.00006109,0.00047549,0.00
 010427,0.00002944,-0.00022099,0.00020191,-0.00003657,0.00008665,0.0000
 9575,-0.00008492,0.00000742,-0.00000505,-0.00000046,-0.00000594,0.0000
 0957,-0.00000456,-0.00001422,0.00001127,-0.00001061,0.00000466,-0.0000
 0205,0.00000023,0.00000424,-0.00000435,0.00000189,0.00000617,-0.000006
 88,0.00000417,-0.00000050,0.00000139,0.00000021,0.00000523,-0.00000547
 ,-0.00000341,-0.00000116,-0.00000063,-0.00000033,0.00000287,0.00000727
 ,0.00000015,0.00000025,-0.00000014,-0.00000077,0.00000157,-0.00000147,
 0.00000225,0.00000111,-0.00000296,-0.00000181,0.00000027,-0.00000007,0
 .00000020,-0.00000065,-0.00000042,-0.00000003,0.00000129,-0.00000011,0
 .00000111,-0.00156570,-0.00695701,0.00816492,-0.00014573,0.00091919,0.
 00214988,0.00028470,0.00026074,-0.00047273,-0.04646656,0.00079349,-0.0
 0238792,0.04648681,-0.00000332,0.00000792,-0.00000562,0.00014940,0.000
 07632,-0.00005445,0.00002074,-0.00003522,-0.00005116,-0.00003243,0.000
 03134,0.00002275,0.00000328,-0.00001243,0.00000340,-0.00003237,0.00010
 412,0.00018475,-0.00031363,0.00095253,-0.00018208,-0.00007174,0.000031
 96,-0.00008059,0.00005703,0.00001453,0.00014149,-0.00005173,0.00002337
 ,-0.00000666,0.00001519,-0.00003433,0.00001284,0.00005998,0.00005740,-
 0.00012008,-0.00000535,-0.00001010,0.00000101,-0.00000802,-0.00000280,
 -0.00000396,0.00000345,-0.00000480,0.00000650,-0.00000425,0.00000120,0
 .00000052,-0.00000136,0.00000246,0.00000005,-0.00000307,0.00000318,-0.
 00000568,0.00000017,-0.00000102,0.00000020,-0.00000329,0.00000326,0.00
 000304,0.00000111,0.00000011,-0.00000008,0.00000403,0.00000414,-0.0000
 0569,-0.00000428,0.00000098,-0.00000043,-0.00000172,-0.00000322,0.0000
 0035,-0.00000170,-0.00000050,0.00000612,-0.00000241,-0.00000246,-0.000
 00220,0.00000098,-0.00000015,-0.00000049,-0.00000164,0.00000036,-0.000
 00126,0.00072175,0.00883487,-0.00956912,0.00099967,-0.00020072,-0.0025
 6601,-0.00035930,0.00049512,0.00075559,0.00022048,-0.18428273,0.129293
 29,-0.00244133,0.19897128,-0.00014332,-0.00004507,0.00001403,0.0000609
 5,0.00010810,-0.00002260,0.00002239,0.00025699,-0.00001927,-0.00020593
 ,-0.00002553,-0.00001290,0.00008695,-0.00007239,0.00001537,0.00053983,
 0.00004388,0.00008030,-0.00185037,0.00103143,0.00151245,0.00065340,-0.
 00000273,0.00061165,0.00001536,0.00005327,0.00004123,-0.00008205,-0.00
 004661,0.00003715,0.00003227,-0.00003272,0.00000698,-0.00002931,-0.000
 13009,-0.00003847,0.00000363,0.00000750,-0.00000149,0.00000837,-0.0000
 0429,-0.00000225,0.00001219,-0.00000896,0.00000589,-0.00000270,0.00000
 148,-0.00000047,-0.00000334,0.00000290,-0.00000127,-0.00000434,0.00000
 551,-0.00000055,0.00000035,-0.00000096,-0.00000019,-0.00000347,0.00000
 346,0.00000142,0.00000041,0.00000015,0.00000009,-0.00000349,-0.0000113
 4,-0.00000262,0.00000206,0.00000091,0.00000039,0.00000171,0.00000278,-
 0.00000278,-0.00000049,0.00000417,-0.00000113,0.00000103,0.00000143,0.
 00000052,-0.00000003,0.00000020,0.00000095,-0.00000139,-0.00000004,-0.
 00000059,0.00155093,0.01970015,-0.02189955,0.00184305,-0.00300694,-0.0
 0413662,-0.00059835,-0.00002576,0.00061722,-0.00125588,0.12848302,-0.1
 6491578,-0.00068114,-0.13936242,0.18252199,0.00004793,0.00000099,-0.00
 000206,-0.00015618,-0.00014835,-0.00002668,-0.00000459,-0.00000688,-0.
 00009902,0.00009636,-0.00008237,0.00002673,-0.00003618,0.00005017,-0.0
 0001103,-0.00007068,-0.00013846,0.00028041,0.00077624,-0.00006020,-0.0
 0050497,-0.00012262,0.00029286,-0.00022337,-0.00048715,0.00002675,0.00
 029023,0.00025177,-0.00001662,-0.00002838,-0.00007611,0.00010281,-0.00
 000562,-0.00007296,-0.00007702,0.00012754,0.00000709,0.00001063,-0.000
 00239,0.00000886,0.00000153,-0.00000265,-0.00000697,0.00000598,-0.0000
 0839,0.00000446,-0.00000133,0.00000004,0.00000242,-0.00000374,0.000001
 10,0.00000522,-0.00000392,0.00000626,0.,0.00000092,-0.00000019,0.00000
 399,-0.00000416,-0.00000324,-0.00000137,-0.00000036,0.00000004,0.00000
 133,0.00000010,0.00000403,0.00000385,-0.00000045,-0.00000039,0.0000016
 5,0.00000100,0.00000185,0.00000130,-0.00000195,-0.00000450,0.00000163,
 0.00000134,0.00000152,-0.00000109,0.00000013,-0.00000013,0.00000205,-0
 .00000026,0.00000152,0.00657232,0.00927585,0.00349106,0.00042804,-0.00
 037318,-0.00078920,0.00006035,0.00104232,0.00223742,-0.13312327,-0.111
 73248,-0.04767137,0.00018926,0.00152749,0.00108534,0.14342440,0.000246
 25,0.00008210,-0.00001583,-0.00027041,-0.00021028,-0.00001190,-0.00008
 701,-0.00015084,-0.00009815,0.00035604,-0.00011078,0.00002991,-0.00012
 469,0.00012098,-0.00001176,-0.00001891,-0.00003892,0.00023160,-0.00044
 833,0.00019958,0.00005357,0.00005562,-0.00019682,0.00001965,-0.0003884
 2,-0.00020552,0.00031397,0.00061150,0.00009818,0.00002260,-0.00025171,
 0.00025456,-0.00003407,-0.00013658,0.00004194,-0.00004371,0.00000778,-
 0.00000217,0.00000159,-0.00000244,0.00001003,-0.00000984,-0.00002288,0
 .00001824,-0.00001732,0.00000786,-0.00000276,0.00000003,0.00000639,-0.
 00000772,0.00000241,0.00001106,-0.00001153,0.00000715,-0.00000061,0.00
 000196,0.00000024,0.00000891,-0.00000905,-0.00000540,-0.00000275,-0.00
 000044,-0.00000027,0.00000345,0.00001002,0.00000450,0.00000235,-0.0000
 0062,-0.00000079,0.00000256,-0.00000203,0.00000464,0.00000224,-0.00000
 606,-0.00000382,0.00000063,0.00000001,0.00000086,-0.00000100,-0.000000
 07,-0.00000017,0.00000301,-0.00000029,0.00000198,-0.00536336,-0.007139
 92,-0.00302786,0.00028932,0.00082096,0.00009596,0.00115823,0.00024409,
 -0.00134654,-0.11165626,-0.19153711,-0.06111203,-0.01383282,-0.0167722
 4,-0.00762043,0.12330949,0.20472414,0.00017260,0.00003701,-0.00000990,
 -0.00024621,-0.00025823,0.00005477,0.00006149,-0.00012705,-0.00002760,
 0.00033452,-0.00006977,0.00001561,-0.00012022,0.00015818,-0.00001244,-
 0.00023653,-0.00040264,0.00009531,-0.00056544,0.00100091,0.00068948,0.
 00008288,-0.00018771,0.00017609,-0.00001812,-0.00019200,0.00022281,0.0
 0024275,0.00019590,-0.00000333,-0.00012336,0.00008081,-0.00002082,0.00
 007462,0.00027072,-0.00034547,0.00000033,-0.00001534,0.00001107,-0.000
 01971,0.00001039,-0.00000631,-0.00001521,0.00001040,-0.00000681,0.0000
 0234,-0.00000098,0.00000051,0.00000359,-0.00000322,0.00000117,0.000005
 51,-0.00000605,-0.00000106,-0.00000029,0.00000066,0.00000004,0.0000039
 5,-0.00000381,-0.00000129,-0.00000049,0.00000013,-0.00000016,0.0000091
 5,0.00001397,-0.00000334,-0.00000103,0.00000053,-0.00000146,0.00000013
 ,-0.00000487,0.00000403,0.00000098,-0.00000688,0.00000238,-0.00000192,
 -0.00000256,-0.00000144,-0.00000006,-0.00000013,-0.00000059,0.00000150
 ,0.00000017,0.00000097,-0.01727739,-0.02091831,-0.01084656,-0.00058947
 ,0.00079334,0.00135668,0.00282913,-0.00206111,-0.00447261,-0.04738014,
 -0.06088855,-0.07188352,0.01405236,0.01575229,0.00773918,0.05063753,0.
 06857252,0.07867460,-0.00006890,0.00000299,-0.00000391,0.00070343,0.00
 031785,-0.00002022,0.00018607,-0.00010586,-0.00009853,-0.00023345,0.00
 013955,0.00000309,0.00005273,-0.00008897,0.00002407,0.00004898,0.00034
 297,-0.00003991,0.00079146,0.00085452,0.00197787,0.00001612,-0.0007414
 7,0.00039950,0.00041505,0.00012141,0.00007167,-0.00048492,-0.00002035,
 -0.00001121,0.00018507,-0.00024337,0.00003091,-0.00005098,0.00012017,-
 0.00002781,-0.00002431,-0.00003527,0.00000524,-0.00002413,-0.00001438,
 0.00000406,0.00001868,-0.00002425,0.00002293,-0.00001714,0.00000393,0.
 00000167,-0.00000511,0.00001253,-0.00000148,-0.00001486,0.00001193,-0.
 00002132,0.00000008,-0.00000361,0.00000080,-0.00001417,0.00001409,0.00
 001113,0.00000648,0.00000103,-0.00000091,0.00001333,0.00001008,-0.0000
 2132,-0.00001635,0.00000298,-0.00000072,-0.00000732,-0.00001123,-0.000
 00056,-0.00000726,0.00000078,0.00002197,-0.00000894,-0.00000878,-0.000
 00757,0.00000305,-0.00000025,-0.00000121,-0.00000688,0.00000148,-0.000
 00536,-0.00665399,0.00164654,-0.00196822,-0.00009658,-0.00022382,0.000
 30360,0.00072144,0.00025192,0.00017679,-0.27378594,0.08594389,-0.01857
 531,0.00067452,-0.00006513,-0.00065445,-0.01792229,0.00630099,-0.00218
 223,0.29680224,0.00014049,0.00000243,-0.00000394,-0.00062474,-0.000442
 18,0.00004613,0.00000484,-0.00005825,0.00000423,0.00038650,-0.00010453
 ,0.00000898,-0.00011877,0.00018359,-0.00003637,-0.00027709,-0.00062325
 ,0.00013015,0.00081273,-0.00015288,-0.00259195,-0.00032533,0.00057053,
 -0.00043270,-0.00022314,-0.00006478,0.00012103,0.00027950,0.00007508,-
 0.00000054,-0.00008056,0.00012106,-0.00002359,-0.00007085,0.00002393,-
 0.00006222,0.00001260,0.00001711,-0.00000010,0.00000829,0.00001170,-0.
 00000472,-0.00002200,0.00002141,-0.00001804,0.00001299,-0.00000311,-0.
 00000092,0.00000590,-0.00001052,0.00000156,0.00001316,-0.00001109,0.00
 001365,0.00000001,0.00000295,-0.00000050,0.00001193,-0.00001155,-0.000
 00815,-0.00000453,-0.00000077,0.00000073,-0.00000143,0.00000301,0.0000
 2070,0.00001047,-0.00000237,-0.00000042,0.00000280,0.00000430,0.000003
 84,0.00000613,-0.00000569,-0.00001380,0.00000455,0.00000421,0.00000434
 ,-0.00000185,0.00000011,0.00000013,0.00000640,-0.00000095,0.00000462,0
 .00906429,-0.00474192,0.00178635,-0.00017806,0.00030771,-0.00009165,-0
 .00018232,0.00012235,0.00046654,0.08550075,-0.07787540,0.00740326,0.02
 223589,-0.00787939,0.00158130,-0.02290455,0.00937239,-0.00202631,-0.09
 474720,0.08106309,0.00005623,-0.00001888,0.00000699,-0.00077328,-0.000
 41712,0.00001374,-0.00008567,0.00024393,0.00013678,0.00026906,-0.00016
 661,-0.00002055,-0.00004416,0.00012225,-0.00003448,0.00039325,-0.00055
 453,0.00018504,0.00046508,-0.00160761,-0.00439404,0.00043502,0.0004712
 4,-0.00016583,-0.00030676,-0.00022044,-0.00001475,0.00042211,0.0000963
 5,0.00000709,-0.00016761,0.00019902,-0.00003531,-0.00003358,0.00000009
 ,-0.00002816,0.00002299,0.00003046,-0.00000080,0.00001717,0.00001730,-
 0.00000255,-0.00001793,0.00002420,-0.00002144,0.00001645,-0.00000330,-
 0.00000179,0.00000431,-0.00001214,0.00000105,0.00001403,-0.00001123,0.
 00001927,0.00000009,0.00000366,-0.00000079,0.00001339,-0.00001317,-0.0
 0001028,-0.00000605,-0.00000107,0.00000118,-0.00001139,-0.00000993,0.0
 0002963,0.00001634,-0.00000260,0.00000069,0.00000662,0.00001093,0.0000
 0052,0.00000926,-0.00000047,-0.00002223,0.00000895,0.00000840,0.000007
 71,-0.00000322,0.00000034,0.00000139,0.00000684,-0.00000145,0.00000560
 ,0.02678104,-0.00985773,0.00358307,-0.00028600,0.00087939,0.00072086,-
 0.00090817,0.00018151,0.00152715,-0.01837070,0.00744354,-0.04816500,-0
 .02099685,0.00622191,-0.00190912,-0.00891078,0.00395671,-0.00142130,0.
 02076943,-0.00655684,0.04977175,0.00170057,0.00154164,-0.00027035,-0.0
 0193414,0.00571572,-0.00152919,-0.00310070,0.00105875,-0.00004417,0.00
 045258,-0.00128289,0.00008337,0.00009375,-0.00082151,0.00014976,0.0057
 2560,0.00659383,-0.00067360,0.00309265,-0.00939275,0.00160563,-0.15041
 220,-0.04952356,0.00840880,-0.00317069,-0.00460848,0.00058517,0.007271
 94,0.00080463,-0.00009207,-0.00401911,0.00362203,-0.00057158,-0.000085
 61,-0.00009269,0.00014118,0.00021402,0.00009044,0.00000830,0.00002440,
 0.00013809,-0.00002904,-0.00019323,0.00008863,-0.00014640,0.00003761,-
 0.00001198,-0.00000705,0.00004911,-0.00006481,0.00002542,0.00006513,-0
 .00008942,0.00007859,-0.00000736,0.00001690,0.00000796,0.00006579,-0.0
 0007255,-0.00004415,-0.00002799,-0.00001047,-0.00000591,-0.00007257,-0
 .00009132,0.00003643,0.00002714,0.00000215,0.00000360,0.00005461,0.000
 02978,-0.00001023,-0.00000243,0.00003325,-0.00005735,0.00002914,0.0000
 2911,0.00002023,-0.00000784,0.00000029,0.00001457,-0.00000126,-0.00000
 327,0.00000689,0.00105478,0.00083402,0.00045711,-0.00044835,0.00028260
 ,-0.00012112,-0.00010631,-0.00011942,-0.00039242,-0.00056697,0.0002084
 2,-0.00067605,0.00007334,0.00009537,0.00026508,-0.00001069,-0.00011752
 ,0.00016987,-0.00006227,0.00013375,0.00010957,0.53706328,0.00158077,0.
 00032355,-0.00012869,0.00146237,-0.00249362,0.00146238,-0.00216328,-0.
 00028159,-0.00000346,0.00154658,-0.00055252,-0.00015743,-0.00040977,0.
 00003450,0.00001079,0.00574342,0.00043381,0.00087956,-0.02570564,-0.01
 956553,0.00374844,-0.05223426,-0.13069803,0.01150972,-0.00466275,-0.00
 404371,0.00061365,0.00562996,0.00048921,-0.00007701,-0.00267077,0.0022
 7800,-0.00032179,-0.00003054,-0.00008245,0.00011735,-0.00000020,-0.000
 04372,-0.00002479,0.00000995,0.00011274,-0.00000781,-0.00006113,0.0002
 2336,-0.00017457,0.00008808,-0.00003468,-0.00000667,0.00002382,-0.0000
 5998,0.00002128,0.00008691,-0.00008680,0.00008714,-0.00000427,0.000016
 27,-0.00000097,0.00006885,-0.00007503,-0.00005248,-0.00002910,-0.00000
 749,-0.00000237,-0.00006295,-0.00000806,0.00004796,0.00002043,-0.00000
 577,0.00000276,0.00004094,0.00002413,0.00000140,0.00001058,0.00000434,
 -0.00004983,0.00002342,0.00002113,0.00001716,-0.00000750,-0.00000035,0
 .00000831,0.00001156,-0.00000293,0.00001162,-0.00115263,-0.00118837,0.
 00076897,-0.00031351,-0.00006641,-0.00039518,-0.00020879,-0.00150195,0
 .00027997,0.00022727,0.00030581,0.00011817,0.00009183,-0.00012178,-0.0
 0032057,-0.00003848,0.00015285,0.00009405,-0.00003207,0.00009191,-0.00
 007916,-0.07241321,0.53302897,-0.00197429,-0.00114572,0.00010905,0.000
 38803,-0.00117782,0.00341127,0.00195448,-0.00051685,-0.00020404,-0.000
 76094,0.00116528,-0.00074097,0.00024504,0.00048455,-0.00002331,-0.0034
 0903,0.00077505,0.00813398,0.00571905,0.00482548,0.00493526,0.00983702
 ,0.01632350,-0.07019346,0.00411882,0.00411133,0.00009272,-0.00689143,-
 0.00040869,-0.00082822,0.00343230,-0.00358527,0.00066745,0.00008683,0.
 00012019,0.00024870,-0.00010409,-0.00006730,-0.00021486,-0.00001972,-0
 .00012586,0.00015543,0.00014192,-0.00019501,0.00002136,-0.00008011,0.0
 0005116,-0.00000049,-0.00006597,0.00008011,-0.00003566,-0.00006231,0.0
 0008100,-0.00008571,0.00001002,-0.00001685,-0.00000453,-0.00007069,0.0
 0007766,0.00004537,0.00003224,0.00001414,0.00001388,0.00003849,0.00006
 077,0.00000624,-0.00003511,0.00000073,-0.00000493,-0.00004799,-0.00002
 190,-0.00000888,0.00000174,-0.00000823,0.00006016,-0.00002551,-0.00002
 623,-0.00001911,0.00000920,-0.00000105,-0.00001067,-0.00000803,0.00000
 413,-0.00001063,-0.00063382,0.00052418,-0.00619387,-0.00006012,0.00051
 634,0.00024088,0.00019895,0.00147457,0.00050642,0.00094426,-0.00050215
 ,-0.00005130,0.00004323,-0.00028804,0.00001598,-0.00000829,-0.00000073
 ,0.00012487,0.00013562,-0.00013686,-0.00032058,-0.02510616,-0.04880320
 ,0.48113039,-0.00046236,-0.00012773,0.00002161,0.00028369,0.00121098,-
 0.00034610,0.00065230,-0.00019423,0.00002213,-0.00032305,0.00027870,0.
 00003484,0.00006668,0.00003403,-0.00000067,-0.00115493,-0.00095217,-0.
 00009290,0.00073026,0.00142706,-0.00101755,-0.02249804,0.01469035,0.00
 607488,0.00122515,0.00143004,-0.00015002,-0.00198749,-0.00028225,0.000
 06477,0.00090687,-0.00091338,0.00013941,0.00004404,-0.00002506,-0.0000
 5928,-0.00003644,-0.00002566,-0.00000395,-0.00001465,-0.00005135,0.000
 00240,0.00002292,-0.00008553,0.00006960,-0.00003978,0.00001167,0.00000
 555,-0.00000470,0.00002439,-0.00000293,-0.00003229,0.00003278,-0.00004
 025,-0.00000042,-0.00000736,0.00000065,-0.00002927,0.00003064,0.000023
 86,0.00001329,0.00000229,-0.00000156,0.00002701,0.00001181,-0.00002390
 ,-0.00001876,0.00000429,-0.00000145,-0.00002071,-0.00001832,-0.0000001
 5,-0.00000693,-0.00000273,0.00003306,-0.00001450,-0.00001432,-0.000011
 39,0.00000445,-0.00000039,-0.00000440,-0.00000800,0.00000198,-0.000007
 31,-0.00008656,0.00039326,-0.00060366,0.00021983,0.00030176,0.00009503
 ,0.00095323,0.00088103,0.00015341,0.00032192,-0.00013354,0.00013249,0.
 00009353,-0.00015085,-0.00038487,-0.00000397,0.00013631,-0.00006755,-0
 .00001479,0.00006575,-0.00005611,-0.20872397,0.10825362,0.07138923,0.2
 2783779,-0.00027725,-0.00002711,-0.00000540,-0.00049322,0.00043974,-0.
 00029035,0.00022426,0.00003317,0.00005347,-0.00011200,0.00012549,0.000
 01454,0.00007102,0.00001705,-0.00001740,-0.00022993,-0.00000674,-0.000
 36198,0.00002444,0.00001386,-0.00020943,-0.01679104,0.01229729,0.00669
 736,0.00046621,0.00044900,-0.00002307,-0.00077324,-0.00002147,-0.00003
 051,0.00034880,-0.00041100,0.00004031,0.00000928,0.00000112,0.00004258
 ,-0.00000536,-0.00000006,0.00001086,-0.00000069,-0.00001692,0.00000816
 ,0.00000357,-0.00003007,0.00003991,-0.00001108,0.00000631,-0.00000019,
 -0.00000824,0.00000861,-0.00000570,-0.00001632,0.00001348,-0.00001458,
 0.00000143,-0.00000180,-0.00000086,-0.00000858,0.00001151,0.00000879,0
 .00000400,0.00000205,0.00000285,0.00000434,0.00000300,-0.00000422,-0.0
 0000416,0.00000115,-0.00000031,-0.00000480,-0.00000229,-0.00000220,-0.
 00000047,0.00000187,0.00000636,-0.00000266,-0.00000282,-0.00000163,0.0
 0000065,0.00000011,-0.00000075,-0.00000183,0.00000033,-0.00000180,0.00
 007971,-0.00187456,0.00129252,0.00001921,0.00019908,-0.00009114,0.0000
 5618,-0.00199756,0.00103580,-0.00001094,-0.00069856,0.00006700,-0.0000
 3087,-0.00038434,-0.00045328,-0.00005162,0.00024433,0.00000352,-0.0000
 3834,0.00007925,-0.00001041,0.11210758,-0.12258760,-0.04621824,-0.1179
 5661,0.13691097,0.00000713,0.00002405,-0.00002138,0.00009760,0.0002338
 4,0.00022706,0.00001565,0.00011524,-0.00001200,-0.00021477,-0.00005194
 ,-0.00001365,0.00004328,-0.00009721,0.00003577,0.00006862,-0.00002744,
 0.00005098,0.00014511,0.00007215,0.00024936,0.00147565,-0.00208428,-0.
 00149010,0.00004334,-0.00003285,-0.00000271,0.00005532,-0.00004197,0.0
 0001146,-0.00005051,0.00010269,-0.00001594,-0.00000302,0.00003181,0.00
 000102,-0.00000233,-0.00000508,-0.00000439,-0.00000584,0.00000200,-0.0
 0000188,0.00000515,-0.00000748,-0.00000094,-0.00000638,-0.00000012,0.0
 0000180,0.00000403,0.00000266,0.00000241,-0.00000160,0.00000121,-0.000
 00328,-0.00000149,-0.00000133,0.00000080,-0.00000420,0.00000189,0.0000
 0177,0.00000112,-0.00000064,-0.00000213,0.00000149,-0.00000426,-0.0000
 0325,-0.00000191,0.00000103,0.00000049,-0.00000027,-0.00000192,-0.0000
 0075,-0.00000087,0.00000181,0.00000251,-0.00000099,-0.00000042,-0.0000
 0116,0.00000045,-0.00000018,0.00000001,-0.00000224,0.00000030,-0.00000
 104,0.00038248,0.00051312,0.00063857,-0.00022434,-0.00036166,-0.000138
 71,-0.00044188,0.00094243,-0.00088657,-0.00018119,-0.00013092,0.000345
 86,0.00000718,-0.00018905,-0.00014245,-0.00001674,-0.00000209,-0.00010
 240,0.00002033,0.00005108,-0.00004039,0.07133088,-0.04404474,-0.075687
 98,-0.07394339,0.05276602,0.08330380,-0.00043772,-0.00034520,0.0000193
 0,0.00015251,-0.00106318,0.00007566,0.00064100,-0.00038368,0.00006743,
 0.00009624,0.00044225,0.00001216,-0.00003663,0.00024846,-0.00008412,-0
 .00064672,-0.00159468,-0.00104531,-0.00360782,-0.00048251,0.00017269,0
 .00353091,-0.02114803,0.01937406,0.00044003,0.00085457,-0.00020912,-0.
 00167768,-0.00009367,0.00010767,0.00093985,-0.00101807,0.00012847,0.00
 003437,0.00000438,-0.00004189,-0.00006803,-0.00003266,0.00003735,-0.00
 000652,-0.00003634,0.00000402,0.00003977,-0.00002037,0.00005358,-0.000
 00472,0.00000881,-0.00000324,-0.00002430,0.00001645,-0.00001346,-0.000
 02046,0.00002236,-0.00002062,0.00000449,-0.00000288,-0.00000395,-0.000
 01206,0.00001788,0.00001204,0.00000467,0.00000409,0.00000808,0.0000113
 0,0.00002947,0.00000176,-0.00000976,0.,-0.00000095,-0.00001331,-0.0000
 0675,0.00000072,0.00000294,-0.00000570,0.00001234,-0.00000637,-0.00000
 694,-0.00000397,0.00000159,-0.00000002,-0.00000308,0.00000069,0.000000
 72,-0.00000158,-0.00048295,0.00048355,-0.00010296,0.00025911,0.0001822
 2,0.00012187,0.00036049,-0.00000065,0.00029163,0.00008631,-0.00004068,
 -0.00003107,-0.00000905,-0.00004350,-0.00010269,-0.00001950,0.00005869
 ,0.00002500,0.00000338,-0.00000165,-0.00003589,-0.05927109,0.03800278,
 -0.03500871,-0.00462924,0.01752393,-0.01778078,0.06561421,-0.00073505,
 -0.00040409,0.00009149,0.00052982,-0.00073406,-0.00002492,0.00103901,-
 0.00027081,0.00004037,-0.00036675,0.00051296,0.00001641,0.00006570,0.0
 0017532,-0.00002819,-0.00113183,-0.00196391,-0.00034749,-0.00227146,0.
 00072171,0.00071997,0.00199336,-0.01713032,0.01288520,0.00109753,0.001
 53183,-0.00036042,-0.00267753,-0.00029349,0.00009079,0.00139554,-0.001
 36121,0.00019610,0.00003520,0.00007230,-0.00006946,-0.00009244,-0.0000
 4876,0.00003243,-0.00002256,-0.00005814,0.00000378,0.00006276,-0.00007
 190,0.00007690,-0.00002990,0.00001202,0.00000336,-0.00002030,0.0000342
 6,-0.00001402,-0.00003876,0.00004134,-0.00004436,0.00000376,-0.0000080
 8,-0.00000203,-0.00003206,0.00003572,0.00002423,0.00001395,0.00000539,
 0.00000381,0.00002160,0.00003531,-0.00002666,-0.00001925,0.00000182,-0
 .00000235,-0.00001805,-0.00001397,-0.00000015,-0.00000337,-0.00000687,
 0.00003125,-0.00001419,-0.00001384,-0.00001075,0.00000429,-0.00000057,
 -0.00000469,-0.00000493,0.00000201,-0.00000589,-0.00043763,0.00013330,
 0.00054127,-0.00005895,-0.00034588,-0.00003424,-0.00020553,0.00013245,
 -0.00027088,-0.00002127,0.00001952,0.00019300,-0.00000330,0.00005224,0
 .00008967,-0.00000575,-0.00006850,-0.00004091,0.00006618,-0.00007191,-
 0.00004457,0.03642177,-0.17312753,0.12620634,0.00312510,-0.01208685,0.
 01102647,-0.03786742,0.19136869,0.00037513,0.00015010,-0.00004430,0.00
 001951,0.00039836,-0.00000089,-0.00036745,0.00010916,0.00001281,0.0000
 8565,-0.00025392,-0.00000635,-0.00005649,-0.00008986,0.00002428,0.0003
 1519,0.00032849,0.00007953,0.00060196,-0.00039460,-0.00014106,0.000576
 11,0.00181357,-0.00169459,-0.00047460,-0.00058714,0.00009799,0.0010685
 2,0.00001448,0.00000853,-0.00058292,0.00061322,-0.00008986,-0.00001497
 ,-0.00001415,0.00001149,0.00002880,0.00000745,-0.00000971,0.00000091,0
 .00002142,-0.00000512,-0.00002270,0.00002164,-0.00003229,0.00000384,-0
 .00000683,0.00000226,0.00001498,-0.00001397,0.00001001,0.00001605,-0.0
 0001542,0.00001341,-0.00000349,0.00000203,0.00000149,0.00000903,-0.000
 01158,-0.00000715,-0.00000373,-0.00000281,-0.00000493,0.00000178,-0.00
 001273,0.00000551,0.00000319,0.00000082,0.00000063,0.00000364,-0.00000
 114,0.00000239,-0.00000091,0.00000163,-0.00000468,0.00000203,0.0000022
 9,0.00000104,-0.00000059,-0.00000032,0.00000097,-0.00000045,-0.0000000
 4,0.00000078,0.00004635,-0.00034595,0.00023402,-0.00006163,-0.00010527
 ,-0.00003710,-0.00007346,-0.00010044,-0.00010841,-0.00005161,0.0000544
 3,0.00005243,0.00000902,0.00002464,0.00002090,0.00000527,-0.00001100,-
 0.00000661,-0.00000691,0.00000889,0.00001702,-0.03315449,0.12598713,-0
 .16687235,0.00105557,-0.00766142,0.00818569,0.04073961,-0.13602422,0.1
 8369535,-0.00080666,-0.00054629,0.00005507,0.00010953,-0.00077946,0.00
 103135,0.00109040,-0.00060424,-0.00001566,-0.00004694,0.00064389,-0.00
 013256,-0.00003605,0.00037618,-0.00006249,-0.00211486,-0.00118981,0.00
 160691,0.00019069,0.00213598,-0.00058245,-0.01236083,-0.01551450,-0.02
 319431,0.00163366,0.00205363,-0.00012303,-0.00334966,-0.00026437,-0.00
 013452,0.00171791,-0.00177949,0.00029846,0.00004758,0.00004845,-0.0000
 0902,-0.00007846,-0.00004807,-0.00004326,-0.00001479,-0.00007063,0.000
 03102,0.00005886,-0.00008617,0.00005128,-0.00003650,0.00001901,0.00000
 306,-0.00002413,0.00003607,-0.00001481,-0.00002996,0.00004080,-0.00004
 784,0.00000370,-0.00000862,-0.00000342,-0.00003274,0.00003659,0.000025
 68,0.00001457,0.00000589,0.00000654,0.00003077,0.00004415,-0.00001555,
 -0.00002065,0.00000111,-0.00000250,-0.00002735,-0.00001878,0.00000199,
 -0.00000111,-0.00001244,0.00003745,-0.00001669,-0.00001740,-0.00001241
 ,0.00000519,-0.00000062,-0.00000651,-0.00000301,0.00000206,-0.00000602
 ,-0.00050391,-0.00018062,-0.00093380,0.00003862,-0.00002638,0.00007966
 ,0.00021725,0.00030414,0.00025484,0.00043481,-0.00011243,0.00042276,-0
 .00001068,-0.00000471,-0.00020308,-0.00003709,0.00010224,-0.00007301,0
 .00006903,-0.00006566,-0.00011730,-0.07970166,-0.00748204,-0.02178500,
 0.00792861,0.01032718,0.02197703,-0.00202856,-0.00406223,-0.00760040,0
 .55521913,-0.00093988,-0.00054002,0.00009187,0.00022373,-0.00081758,0.
 00070125,0.00129892,-0.00012929,0.00000407,-0.00054768,0.00054812,-0.0
 0010847,0.00012944,0.00019208,-0.00004435,-0.00186169,-0.00135069,0.00
 154775,-0.00033094,0.00174771,-0.00057814,-0.01390114,-0.01520153,-0.0
 1596062,0.00187602,0.00213560,-0.00017272,-0.00345832,-0.00030253,-0.0
 0013624,0.00178055,-0.00170008,0.00027049,0.00003833,0.00006393,0.0000
 2204,-0.00007395,-0.00003077,-0.00003864,-0.00001069,-0.00006461,0.000
 03308,0.00007652,-0.00008362,0.00006718,-0.00003337,0.00001636,0.00000
 064,-0.00002631,0.00003544,-0.00001488,-0.00003869,0.00004808,-0.00004
 319,0.00000392,-0.00000892,-0.00000236,-0.00003633,0.00003956,0.000025
 04,0.00001520,0.00000538,0.00000322,0.00002609,0.00002685,-0.00000985,
 -0.00001288,0.00000131,-0.00000197,-0.00002174,-0.00001193,-0.00000154
 ,-0.00000015,-0.00000646,0.00002596,-0.00001212,-0.00001179,-0.0000086
 2,0.00000358,-0.00000038,-0.00000542,-0.00000278,0.00000140,-0.0000046
 2,-0.00026523,0.00024059,-0.00068301,-0.00001468,0.00005362,0.00007992
 ,0.00024725,-0.00063426,-0.00001965,0.00016477,0.00002004,-0.00007053,
 -0.00000107,0.00001251,0.00007951,-0.00003115,0.00000387,0.00010151,0.
 00002029,-0.00002410,-0.00004537,-0.00543671,-0.08969619,-0.03787279,-
 0.00551957,-0.00820546,-0.01783272,0.00569599,0.01108484,0.01893670,-0
 .01433897,0.54009014,0.00072862,0.00033957,-0.00003877,-0.00058147,0.0
 0008251,-0.00015033,-0.00044462,0.00032752,-0.00001100,0.00031155,-0.0
 0059132,0.00006634,-0.00013755,-0.00004125,0.00000351,-0.00004036,0.00
 007255,-0.00059449,0.00164377,0.00271606,-0.00088300,-0.00746947,-0.00
 654993,0.00647520,-0.00108483,-0.00105820,0.00012710,0.00242798,0.0000
 8895,0.00005224,-0.00109297,0.00143023,-0.00022414,-0.00004385,-0.0000
 4328,0.00002426,0.00007321,0.00006870,0.00000637,0.00002716,0.00006344
 ,-0.00001687,-0.00006254,0.00008523,-0.00006950,0.00004130,-0.00001663
 ,-0.00000341,0.00002120,-0.00003824,0.00001188,0.00004338,-0.00004313,
 0.00005240,-0.00000268,0.00001006,0.00000075,0.00003712,-0.00004048,-0
 .00002823,-0.00001646,-0.00000599,-0.00000235,-0.00001332,-0.00002656,
 0.00002144,0.00002983,-0.00000496,0.00000286,0.00001810,0.00001746,0.0
 0000770,0.00000559,-0.00000287,-0.00004074,0.00001652,0.00001696,0.000
 01303,-0.00000568,0.00000058,0.00000342,0.00001130,-0.00000243,0.00000
 966,0.00095519,0.00001612,-0.00004138,0.00003504,0.00023225,0.00003234
 ,-0.00018086,0.00021396,0.00024204,-0.00044818,-0.00018023,-0.00017912
 ,0.00001674,-0.00003017,-0.00000999,0.00005063,-0.00002835,-0.00008382
 ,-0.00008671,0.00008410,0.00011672,-0.01536978,-0.03345593,-0.14891588
 ,-0.00331257,-0.00572825,-0.01265851,-0.00560366,-0.01201977,-0.022330
 06,-0.02992746,-0.04648290,0.47756425,-0.00057052,-0.00037586,0.000052
 15,0.00056826,-0.00037613,0.00007657,0.00075859,-0.00026069,0.00000926
 ,-0.00026220,0.00038469,-0.00001365,0.00002365,0.00016228,-0.00003067,
 -0.00126481,-0.00097871,0.00033027,0.00026845,0.00095807,-0.00031813,-
 0.00035410,-0.00075641,-0.00197565,0.00123347,0.00145348,-0.00013915,-
 0.00232102,-0.00025576,-0.00001749,0.00114779,-0.00114192,0.00017629,0
 .00003266,0.00004073,-0.00001595,-0.00005323,-0.00003205,-0.00001058,-
 0.00001618,-0.00005067,0.00001560,0.00005078,-0.00006278,0.00005555,-0
 .00002949,0.00000975,0.00000417,-0.00001308,0.00002614,-0.00000707,-0.
 00002850,0.00003424,-0.00003645,0.00000134,-0.00000729,-0.00000096,-0.
 00002813,0.00003029,0.00002132,0.00001162,0.00000342,0.00000076,0.0000
 2643,0.00002421,-0.00001678,-0.00001746,0.00000241,-0.00000207,-0.0000
 2007,-0.00001583,0.00000082,-0.00000364,-0.00000633,0.00003005,-0.0000
 1357,-0.00001357,-0.00001032,0.00000410,-0.00000033,-0.00000469,-0.000
 00510,0.00000190,-0.00000568,-0.00013523,0.00010453,-0.00016690,0.0000
 0240,-0.00005697,0.00003289,0.00005399,0.00000637,-0.00002193,0.000088
 71,-0.00003687,0.00006610,-0.00000382,0.00000976,0.00002358,-0.0000099
 0,-0.00001280,0.00000087,0.00003518,-0.00004088,-0.00004199,-0.0058424
 5,-0.00365762,0.00126518,0.00054678,-0.00005049,-0.00016392,-0.0000377
 1,0.00028588,0.00008766,-0.20644282,-0.12337446,0.03245650,0.22144685,
 -0.00074087,-0.00042865,0.00005998,0.00042082,-0.00049683,0.00013796,0
 .00091408,-0.00021456,-0.00000338,-0.00038665,0.00048202,-0.00003161,0
 .00007770,0.00015883,-0.00003505,-0.00131768,-0.00097556,0.00039928,0.
 00029908,0.00084205,-0.00031157,-0.00150006,-0.00024577,-0.00319596,0.
 00147867,0.00165076,-0.00017264,-0.00278647,-0.00025089,-0.00002781,0.
 00138774,-0.00140056,0.00021635,0.00003714,0.00005708,-0.00002275,-0.0
 0006414,-0.00003631,-0.00000894,-0.00001757,-0.00005943,0.00001816,0.0
 0006224,-0.00007590,0.00006610,-0.00003360,0.00001389,0.00000243,-0.00
 001988,0.00003232,-0.00001072,-0.00003555,0.00004084,-0.00004273,0.000
 00244,-0.00000855,-0.00000149,-0.00003327,0.00003659,0.00002478,0.0000
 1424,0.00000450,0.00000200,0.00002632,0.00002735,-0.00001543,-0.000018
 73,0.00000284,-0.00000269,-0.00002144,-0.00001583,-0.00000100,-0.00000
 334,-0.00000521,0.00003137,-0.00001382,-0.00001430,-0.00001049,0.00000
 457,-0.00000018,-0.00000489,-0.00000531,0.00000210,-0.00000630,-0.0001
 6581,0.00019150,-0.00012891,-0.00002770,-0.00011307,0.00003096,-0.0000
 7328,0.00010565,0.00001917,0.00007510,-0.00002947,0.00009271,0.0000018
 1,0.00001358,-0.00000374,-0.00001274,-0.00001036,-0.00001729,0.0000448
 3,-0.00004080,-0.00005128,-0.01041500,-0.00865055,0.00211823,0.0002353
 8,0.,0.00053212,0.00020419,0.00071710,0.00007548,-0.12325911,-0.142854
 25,0.02596076,0.13721217,0.15238681,-0.00044576,-0.00023850,0.00002783
 ,0.00028973,-0.00008823,0.00029507,0.00048901,-0.00020802,0.00003950,-
 0.00020340,0.00033495,-0.00006352,0.00005730,0.00006916,-0.00000940,-0
 .00057009,-0.00052750,0.00044703,-0.00057279,-0.00006620,0.00028486,-0
 .00103684,-0.00153076,-0.00480289,0.00080451,0.00092954,-0.00007008,-0
 .00166456,-0.00012417,-0.00003982,0.00080399,-0.00089448,0.00013660,0.
 00002819,0.00002887,0.00000096,-0.00004499,-0.00003413,-0.00001349,-0.
 00001341,-0.00003832,0.00001499,0.00003672,-0.00005002,0.00003618,-0.0
 0002447,0.00000975,0.00000211,-0.00001262,0.00002068,-0.00000649,-0.00
 002349,0.00002500,-0.00002881,0.00000144,-0.00000568,-0.00000055,-0.00
 002190,0.00002364,0.00001592,0.00000975,0.00000323,0.00000118,0.000014
 20,0.00001652,-0.00001225,-0.00001488,0.00000205,-0.00000149,-0.000013
 68,-0.00001071,-0.00000210,-0.00000291,-0.00000159,0.00002248,-0.00000
 940,-0.00000969,-0.00000734,0.00000316,-0.00000022,-0.00000272,-0.0000
 0503,0.00000140,-0.00000486,-0.00018398,0.00000568,-0.00032714,0.00002
 839,-0.00003419,0.00002958,0.00009990,-0.00001886,-0.00001845,0.000129
 43,-0.00003287,0.00009389,-0.00000422,0.00001801,0.00000359,-0.0000107
 1,-0.00000350,0.00000857,0.00003831,-0.00003901,-0.00006030,-0.0240223
 0,-0.01846277,0.00274038,0.00055211,0.00041824,0.00131394,0.00012300,0
 .00078401,0.00149722,0.03362676,0.02688801,-0.05245546,-0.03463256,-0.
 02584751,0.05678768,0.00007493,0.00003121,-0.00000230,0.00008443,0.000
 17023,-0.00002136,-0.00007005,-0.00002492,0.00003962,0.00002382,-0.000
 03249,-0.00001887,-0.00001323,-0.00002138,0.00001755,0.00003409,0.0000
 1170,-0.00002573,0.00003718,-0.00021036,0.00015887,0.00029279,0.001384
 27,-0.00020997,-0.00006729,-0.00006522,0.00000593,0.00015704,-0.000000
 47,0.00000103,-0.00009226,0.00008868,-0.00001081,-0.00000068,-0.000004
 22,0.00000719,0.00000496,0.00000100,-0.00000105,-0.00000030,0.00000262
 ,-0.00000101,-0.00000420,0.00000179,-0.00000562,-0.00000124,-0.0000013
 6,0.00000160,0.00000436,-0.00000196,0.00000345,0.00000204,-0.00000248,
 0.00000159,-0.00000111,0.00000011,0.00000056,0.00000049,-0.00000143,-0
 .00000083,0.00000010,-0.00000046,-0.00000196,0.00000149,-0.00000397,-0
 .00000332,0.00000016,0.00000043,0.00000007,-0.00000056,-0.00000089,0.0
 0000080,-0.00000080,-0.00000014,0.00000058,-0.00000048,-0.00000019,-0.
 00000060,-0.00000008,-0.00000026,-0.00000005,-0.00000032,0.00000027,-0
 .00000012,0.00003639,-0.00006511,0.00005899,-0.00000109,0.00001336,-0.
 00001699,0.00012909,0.00004999,0.00001824,0.00001335,0.00001565,-0.000
 01183,0.00000330,0.00000694,0.00001487,-0.00000021,0.,0.00001511,-0.00
 000550,0.00000118,0.00000335,-0.00301222,0.00478535,-0.00544604,0.0003
 8673,-0.00040359,0.00051027,0.00039233,-0.00083055,-0.00136994,-0.0646
 7328,0.04614316,-0.04503111,0.00774503,-0.01708413,0.01760221,0.064922
 94,0.00016618,0.00009490,-0.00002064,-0.00014011,0.00011649,-0.0000784
 3,-0.00019487,0.00004650,-0.00001202,0.00011061,-0.00011620,0.00000799
 ,-0.00002229,-0.00002248,0.00001187,0.00022365,0.00016897,-0.00003246,
 0.00004803,-0.00006752,0.00010416,0.00058397,0.00122899,-0.00032386,-0
 .00032870,-0.00033934,0.00003789,0.00064773,0.00005145,0.00000328,-0.0
 0031427,0.00033447,-0.00004820,-0.00000836,-0.00002245,0.00000795,0.00
 001729,0.00001213,-0.00000151,0.00000625,0.00001478,-0.00000405,-0.000
 01677,0.00001879,-0.00001585,0.00000891,-0.00000246,-0.00000108,0.0000
 0414,-0.00000803,0.00000211,0.00000925,-0.00001020,0.00001176,-0.00000
 005,0.00000238,0.00000021,0.00000889,-0.00000970,-0.00000670,-0.000003
 91,-0.00000076,-0.00000005,-0.00000635,-0.00000783,0.00000422,0.000005
 95,-0.00000112,0.00000050,0.00000518,0.00000495,0.00000043,0.00000099,
 0.00000076,-0.00000873,0.00000387,0.00000390,0.00000309,-0.00000120,0.
 00000010,0.00000111,0.00000191,-0.00000047,0.00000185,-0.00002523,-0.0
 0023222,-0.00035937,0.00006448,0.00011564,0.00003650,0.00014974,-0.000
 26906,-0.00015428,0.00000253,0.00000876,-0.00003857,-0.00000644,-0.000
 00655,0.00000119,-0.00000041,0.00000758,0.00001776,-0.00001964,0.00001
 320,0.00002033,-0.00487180,0.01029007,-0.01150596,0.00022066,0.0007830
 7,0.00089255,-0.00100900,-0.00054531,-0.00325981,0.04661795,-0.1715193
 5,0.12383146,0.00564584,-0.01286944,0.01175590,-0.05049176,0.18467554,
 0.00003913,0.00000195,-0.00000028,0.00005993,0.00012463,0.00002194,-0.
 00003274,-0.00007246,0.00003884,0.00008927,-0.00000934,-0.00000994,-0.
 00003473,0.00002898,-0.00000355,-0.00002370,-0.00022623,-0.00018460,-0
 .00034782,-0.00010299,0.00047897,0.00138530,0.00158530,0.00086504,-0.0
 0004503,0.00003640,-0.00001190,0.00002134,-0.00003163,0.00002280,-0.00
 002365,0.00000937,-0.00000226,0.00000253,-0.00001943,0.00000065,-0.000
 00086,-0.00000246,0.00000317,-0.00000059,-0.00000189,-0.00000101,-0.00
 000422,-0.00000255,-0.00000179,-0.00000200,-0.00000065,0.00000106,0.00
 000331,-0.00000044,0.00000131,0.00000169,-0.00000075,-0.00000071,-0.00
 000051,-0.00000012,0.00000014,-0.00000005,-0.00000009,0.00000033,0.000
 00025,-0.00000020,-0.00000089,0.00000328,0.00000033,-0.00000087,-0.000
 00134,0.00000038,-0.00000046,-0.00000184,-0.00000246,0.00000072,-0.000
 00136,-0.00000120,0.00000304,-0.00000121,-0.00000155,-0.00000107,0.000
 00034,-0.00000013,-0.00000018,-0.00000037,0.00000030,-0.00000050,-0.00
 031976,-0.00026958,-0.00004390,0.00010288,0.00011638,0.00003128,0.0003
 8902,-0.00049859,-0.00011139,0.00017648,0.00011369,-0.00000934,-0.0000
 1100,-0.00000495,0.00003215,-0.00002347,0.00003562,0.00008101,-0.00001
 201,-0.00001340,0.00000043,-0.00763187,0.01837979,-0.02101248,0.000563
 29,0.00037038,0.00122576,-0.00169378,-0.00337403,-0.00423119,-0.045302
 75,0.12230317,-0.16586017,-0.00065554,0.00255168,-0.00324503,0.0510829
 1,-0.13229208,0.18314856,0.00020594,0.00011162,-0.00000360,-0.00025206
 ,0.00000808,0.00005640,-0.00020696,0.00003852,0.00001630,0.00015585,-0
 .00010131,-0.00001309,-0.00003257,-0.00001293,0.00000146,0.00026564,0.
 00026255,-0.00008038,-0.00003196,-0.00008743,0.00009403,0.00127553,-0.
 00041582,0.00036863,-0.00041237,-0.00045339,0.00005031,0.00073081,0.00
 009743,0.00000364,-0.00032754,0.00033910,-0.00005234,-0.00001267,-0.00
 001459,0.00000861,0.00001798,0.00001373,-0.00000128,0.00000802,0.00001
 739,-0.00000410,-0.00001831,0.00002467,-0.00002153,0.00001220,-0.00000
 407,-0.00000151,0.00000482,-0.00001014,0.00000158,0.00001052,-0.000013
 18,0.00001504,-0.00000005,0.00000303,0.00000012,0.00001081,-0.00001158
 ,-0.00000894,-0.00000537,-0.00000120,-0.00000053,-0.00000861,-0.000006
 45,0.00000701,0.00000765,-0.00000144,0.00000073,0.00000663,0.00000580,
 0.00000108,0.00000222,-0.00000027,-0.00001122,0.00000437,0.00000493,0.
 00000358,-0.00000154,0.00000023,0.00000128,0.00000279,-0.00000095,0.00
 000252,0.00002105,-0.00005647,-0.00001907,0.00000491,0.00003759,-0.000
 00301,0.00002076,-0.00004639,-0.00000041,-0.00002154,0.00000789,-0.000
 04632,-0.00000094,-0.00000741,0.00002778,0.00000456,-0.00001129,0.0000
 1210,-0.00001438,0.00000792,0.00001917,0.00769420,-0.00633863,-0.00375
 047,0.00062669,-0.00121270,-0.00202290,0.00034386,0.00028303,0.0008156
 1,-0.19882161,0.10830681,0.07227502,-0.01825816,0.01396709,0.00800118,
 -0.00622490,0.00341715,0.00231466,0.21393512,-0.00012510,-0.00005284,0
 .00000260,-0.00010661,-0.00015802,0.00005434,0.00011336,0.00004962,-0.
 00002120,-0.00008752,0.00005289,-0.00000177,0.00002910,0.00001360,-0.0
 0000523,-0.00005521,-0.00009256,-0.00002969,-0.00006903,-0.00023895,0.
 00016613,0.00112753,0.00064427,0.00032513,0.00016228,0.00015735,-0.000
 03596,-0.00032650,-0.00002021,0.00000435,0.00016472,-0.00016503,0.0000
 2401,0.00000445,0.00001684,-0.00000420,-0.00000900,-0.00000487,0.00000
 166,-0.00000280,-0.00000614,0.00000208,0.00000941,-0.00000788,0.000013
 53,-0.00000211,0.00000267,-0.00000080,-0.00000517,0.00000515,-0.000003
 85,-0.00000666,0.00000584,-0.00000543,0.00000114,-0.00000079,-0.000000
 56,-0.00000383,0.00000452,0.00000313,0.00000156,0.00000097,0.00000119,
 0.00000023,0.00000459,0.00000074,-0.00000180,0.00000024,-0.00000070,-0
 .00000137,-0.00000047,-0.00000102,0.00000105,0.00000043,0.00000131,-0.
 00000039,-0.00000089,-0.00000027,-0.00000011,0.00000013,-0.00000017,-0
 .00000045,0.00000013,-0.00000033,0.00010130,0.00017720,0.00003009,-0.0
 0004450,-0.00007687,-0.00000790,-0.00013832,0.00023854,-0.00002469,-0.
 00012628,-0.00001765,-0.00003133,0.00000482,0.00001328,0.00004228,0.00
 001480,-0.00004610,-0.00001608,0.00001302,-0.00000036,-0.00000293,0.00
 983812,-0.00857684,-0.00517261,-0.00111358,-0.00031710,-0.00260553,-0.
 00043640,0.00064732,0.00027172,0.10762875,-0.12340165,-0.05029072,-0.0
 1492513,0.01200832,0.00740405,0.01684120,-0.01192369,-0.00845201,-0.11
 845030,0.13061543,-0.00012509,-0.00002423,0.00000811,-0.00029105,-0.00
 016753,0.00006998,0.00010132,0.00004719,0.00000196,-0.00002712,0.00006
 960,-0.00001511,0.00003245,0.00002527,-0.00001457,0.00000080,-0.000057
 23,-0.00005752,-0.00022996,-0.00025481,0.00017585,0.00121595,0.0011966
 8,0.00085735,0.00007045,0.00006904,-0.00002767,-0.00022943,0.00002854,
 0.00000598,0.00014453,-0.00015401,0.00001673,-0.00000025,0.00001067,-0
 .00000048,-0.00000784,-0.00000032,0.00000112,0.00000161,-0.00000294,0.
 00000020,0.00000478,-0.00000217,0.00001238,0.00000232,0.00000310,-0.00
 000243,-0.00000813,0.00000353,-0.00000569,-0.00000567,0.00000327,-0.00
 000172,0.00000189,0.00000025,-0.00000103,-0.00000040,0.00000183,0.0000
 0070,0.00000049,0.00000116,0.00000389,-0.00000539,0.00000406,0.0000056
 4,0.00000116,-0.00000050,0.00000006,0.00000176,0.00000295,-0.00000125,
 0.00000244,0.00000064,-0.00000302,0.00000098,0.00000127,0.00000106,-0.
 00000040,0.00000013,0.00000003,0.00000108,-0.00000049,0.00000055,-0.00
 014405,0.00006739,0.00014518,-0.00002676,-0.00004345,-0.00000433,0.000
 04744,-0.00004391,-0.00006533,0.00000318,0.00011789,-0.00006663,-0.000
 00403,0.00001137,0.00008150,-0.00000978,-0.00002230,0.00004955,0.00000
 369,-0.00001045,0.00000971,0.02199487,-0.01624261,-0.01160347,-0.00226
 106,-0.00248485,-0.00458085,0.00031804,0.00076932,0.00112308,0.0712779
 3,-0.05019690,-0.07956246,0.00340960,-0.00235505,-0.00250232,-0.017367
 90,0.01115422,0.00869246,-0.07712955,0.05822883,0.08749459,-0.19479176
 ,-0.02945210,0.01058242,-0.29574571,0.07435352,-0.01875143,-0.01614599
 ,-0.00229671,-0.00346993,0.03904256,-0.00654830,-0.00070078,-0.0379966
 7,-0.01742777,0.00690532,-0.02024687,0.01226132,-0.00030491,0.00748645
 ,0.02004957,-0.00453381,0.00795600,-0.01520663,0.00237951,-0.03886674,
 -0.04083893,0.00511688,0.05839803,0.00197584,0.00053993,-0.01974331,0.
 02094442,-0.00263350,-0.00041452,-0.00148332,0.00022521,0.00136440,-0.
 00011255,-0.00014415,0.00004909,0.00124053,-0.00093853,-0.04009844,-0.
 00765186,-0.00297825,-0.00227908,0.00212263,0.00099814,0.00298709,-0.0
 0248480,0.00094600,0.00261109,-0.00387212,-0.00033720,-0.00031792,0.00
 053274,0.00011521,0.00171528,-0.00135647,-0.00065561,-0.00017311,0.000
 34685,0.00037843,0.00832630,0.00479309,-0.00208709,-0.00127263,0.00013
 971,0.00003699,-0.00174397,-0.00260706,0.00207866,-0.00127155,-0.00297
 589,0.00191418,-0.00138229,-0.00129011,-0.00106029,0.00030894,-0.00004
 390,-0.00044110,0.00007271,0.00021063,-0.00008731,-0.00037439,0.001387
 58,0.00072246,0.00028459,-0.00023059,0.00031276,-0.00021970,-0.0000484
 3,-0.00022441,-0.00059145,-0.00042158,-0.00016636,-0.00016316,-0.00007
 139,0.00025162,-0.00003157,-0.00030034,-0.00032121,-0.00020302,-0.0001
 0093,0.00019416,-0.00125101,0.00025475,0.00104274,-0.00037694,0.000007
 26,-0.00007102,0.00006981,0.00028547,-0.00036091,0.00003472,0.00042870
 ,-0.00016780,0.00002785,0.00015481,0.00008053,-0.00007480,-0.00001487,
 -0.00010527,-0.00001666,0.00006541,0.00014123,0.70486738,-0.04647677,-
 0.14375586,0.02171666,0.12900863,-0.19268330,0.03305912,0.01665357,-0.
 01746021,0.00670065,0.01055792,-0.01417183,-0.00099725,-0.05114117,-0.
 02243487,0.00628775,0.02698910,0.00273847,0.00275659,-0.01027489,-0.00
 707964,0.00017645,0.02656057,-0.01614121,0.00075161,-0.02197308,-0.020
 60737,0.00250337,0.05227462,-0.00819883,0.00192227,-0.03614748,0.03233
 422,-0.00476174,0.00036403,-0.00149254,0.00024110,0.00093033,-0.000404
 12,0.00011519,-0.00051410,0.00142480,-0.00051355,0.01697002,0.01609638
 ,-0.00277953,0.00488716,-0.00308519,0.00032952,-0.00014779,-0.00043543
 ,0.00060007,0.00153764,-0.00138557,0.00168602,-0.00005019,0.00028379,-
 0.00011888,0.00072432,-0.00110121,-0.00107384,-0.00076961,-0.00022484,
 -0.00017222,0.00355418,-0.00269701,0.00236128,-0.00017813,0.00045674,-
 0.00015035,-0.00068303,-0.00127678,0.00056973,-0.00007824,-0.00048017,
 -0.00006318,-0.00006009,-0.00011429,-0.00020747,-0.00001476,-0.0000269
 5,-0.00001836,-0.00008087,-0.00003416,0.00004675,-0.00022013,-0.000128
 87,-0.00060902,0.00012147,-0.00009387,-0.00028799,0.00027052,0.0001311
 4,-0.00000528,0.00029419,0.00024695,0.00046162,-0.00006961,0.00006110,
 -0.00002383,-0.00002048,-0.00008503,0.00004002,0.00027417,-0.00009952,
 -0.00024332,-0.00392593,-0.00102828,0.00256317,0.00029951,0.00009064,-
 0.00008171,0.00084579,0.00116474,-0.00047069,0.00125015,0.00125712,-0.
 00080272,0.00087138,0.00103322,0.00056742,-0.00009633,-0.00024368,-0.0
 0004578,-0.00022746,0.00013742,0.00011656,-0.04192361,0.59607558,0.007
 97671,0.01904221,-0.02870321,-0.02638230,0.03411227,-0.02192351,-0.000
 53692,0.00495752,0.01116090,-0.00333567,0.00303703,-0.01090654,0.00995
 195,0.00658555,0.00924474,-0.00908918,-0.00180741,0.00289419,0.0033739
 3,0.00283215,-0.00051587,-0.00726332,0.00463671,0.00371416,0.00751552,
 0.00725515,-0.00066693,-0.01649387,0.00214876,0.00140659,0.01100913,-0
 .01006042,-0.00028097,-0.00005023,0.00033249,-0.00057787,-0.00029124,0
 .00009684,-0.00016007,0.00017540,-0.00043547,0.00006457,-0.00233015,-0
 .00144141,0.00128218,-0.00209740,0.00085569,0.00015085,-0.00003306,-0.
 00025316,0.00014383,-0.00057358,-0.00021454,-0.00084016,0.00002188,0.0
 0011283,0.00012127,-0.00051342,0.00034765,0.00014768,0.00023793,-0.000
 15945,0.00004411,-0.00050818,0.00083841,0.00794262,-0.00012765,-0.0003
 5146,0.00008979,-0.00128046,-0.00020839,-0.00021453,0.00119785,0.00110
 383,-0.00085434,0.00032428,0.00024799,0.00035528,-0.00013875,-0.000071
 02,-0.00015938,0.00002399,-0.00001670,-0.00003572,0.00011108,0.0000200
 3,-0.00011359,-0.00009190,0.00002374,0.00006567,-0.00012819,-0.0000008
 9,-0.00002045,-0.00007646,-0.00015588,-0.00015174,0.00001794,-0.000002
 16,-0.00000011,0.00003207,0.00005494,-0.00000565,-0.00008782,0.0000444
 5,0.00007491,0.00098306,0.00044802,-0.00072520,-0.00014215,-0.00007496
 ,-0.00000323,-0.00017074,-0.00037357,0.00012093,-0.00033097,-0.0004126
 3,0.00023363,-0.00023172,-0.00028514,-0.00020111,-0.00000157,0.0000772
 8,-0.00000452,0.00005995,-0.00003053,-0.00003185,0.01332066,-0.0940706
 1,0.06606958,0.00681359,0.01349544,-0.00271543,-0.29787168,-0.06692507
 ,0.00435549,-0.02083448,-0.00296136,0.00252502,-0.01682281,-0.00637578
 ,0.00078657,0.00753032,-0.01931196,0.00377315,0.04369056,0.01236512,0.
 00143058,-0.03794239,0.01069918,-0.00611639,-0.18680619,0.03596216,-0.
 00904052,-0.02193773,-0.02574815,0.00300490,0.05923720,-0.00045935,0.0
 0050096,-0.03815457,0.03745610,-0.00539415,-0.00007376,-0.00123435,0.0
 0068195,0.00137414,0.00004219,0.00028407,-0.00024375,0.00142823,-0.000
 31361,-0.00129530,-0.00021527,-0.00093255,-0.00034050,-0.00002263,0.00
 012099,0.00012979,-0.00034443,0.00038162,0.00004264,-0.00036450,0.0001
 8135,-0.00006681,0.00001264,0.00010504,0.00008375,-0.00017966,-0.00008
 302,-0.00004938,-0.00005253,-0.00010286,-0.00105344,-0.00194080,-0.000
 60663,-0.00021217,0.00006882,0.00020153,0.00020096,0.00034001,-0.00046
 236,-0.00045347,0.00093395,0.00016069,0.00007271,0.00012701,0.00001071
 ,0.00004155,0.00002084,0.00018580,-0.00044993,0.00000298,-0.00025038,0
 .00604189,-0.00448684,0.00194463,-0.00127432,0.00144138,-0.00151514,-0
 .00150688,0.00059132,-0.00023630,-0.00199612,0.00190179,-0.00158681,0.
 00011688,-0.00018951,-0.00031577,0.00029382,0.00033631,0.00047223,-0.0
 0096074,0.00120800,0.00102548,-0.04237689,0.00965297,0.00449248,-0.002
 59417,-0.00277105,-0.00090081,0.00289418,0.00294841,-0.00104018,0.0031
 6957,0.00383603,0.00003865,0.00171488,0.00158471,0.00076070,-0.0003175
 4,-0.00050933,-0.00006308,-0.00016769,-0.00019476,-0.00021575,-0.04491
 346,-0.04309995,0.00939887,0.70085535,-0.02555999,-0.01743645,0.003576
 70,-0.12576102,-0.18983722,0.03519983,-0.01949213,-0.01036970,0.005352
 77,-0.02665759,-0.00220901,0.00235198,0.00935146,-0.00491557,0.0002406
 5,-0.00776547,-0.01925117,-0.00081103,0.05053670,-0.02271295,0.0064177
 7,0.04848137,-0.14540234,0.02673874,0.03627105,0.03483103,-0.00445403,
 -0.04971196,-0.00981243,0.00115772,0.01874955,-0.01548755,0.00218316,0
 .00067880,0.00136839,-0.00050429,-0.00089203,-0.00038241,0.00004529,-0
 .00051645,-0.00138844,0.00026131,0.00340156,-0.00100103,0.00210117,-0.
 00028173,0.00016475,-0.00007189,-0.00084051,0.00099914,-0.00045233,-0.
 00107202,0.00122185,-0.00073248,0.00011569,-0.00019929,-0.00009045,-0.
 00087518,0.00092473,0.00051970,0.00025049,0.00009320,0.00009269,-0.000
 32896,-0.00031420,-0.00059285,-0.00035095,0.00006386,0.00003625,-0.000
 11743,0.00008615,-0.00037537,-0.00009571,0.00051842,0.00042267,-0.0001
 0372,-0.00009325,-0.00009173,0.00006939,0.00001446,0.00002466,-0.00030
 114,0.00002539,-0.00020220,-0.00351571,-0.00315403,0.00244972,0.000868
 11,-0.00099655,0.00033248,0.00028540,0.00036851,0.00003787,0.00010507,
 -0.00045355,-0.00012418,0.00017407,0.00003935,-0.00030236,0.00002885,0
 .00019570,0.00009370,0.00005845,0.00001917,-0.00016515,-0.01560025,0.0
 1614854,-0.00276743,-0.00489438,-0.00295184,0.00041217,0.00001225,-0.0
 0046424,0.00057984,-0.00143581,-0.00124374,0.00155779,-0.00066838,-0.0
 0103811,-0.00097372,0.00001220,0.00028531,-0.00018155,0.00066293,-0.00
 014132,-0.00014896,0.04422462,0.02773512,-0.00708305,0.03976432,0.5745
 2004,0.00152188,0.00229135,0.00299636,0.02626146,0.03629652,-0.0227299
 6,0.00711289,0.00482789,0.01176135,0.00112650,0.00210321,0.00306301,-0
 .00069909,0.00044100,-0.00026461,-0.00065277,-0.00179954,-0.01127259,-
 0.00891293,0.00647618,0.00998730,-0.01458289,0.02912614,-0.03013751,-0
 .00111605,-0.00136786,-0.00134993,0.00069152,0.00076976,0.00184615,0.0
 0059547,-0.00037101,0.00011137,-0.00005578,-0.00007166,-0.00010825,-0.
 00000673,-0.00001265,-0.00012413,0.00000639,0.00008534,-0.00053425,-0.
 00018821,-0.00007342,0.00007998,-0.00002982,-0.00002902,-0.00000792,0.
 00003302,-0.00003859,-0.00001822,-0.00002745,-0.00008047,-0.00005006,0
 .00002280,0.00001286,-0.00001078,0.00001208,0.00000387,-0.00002794,0.0
 0003371,0.00001310,0.00001708,0.00009757,0.00000566,-0.00024970,0.0000
 4253,0.00001906,-0.00002000,-0.00000909,-0.00004520,0.00001573,-0.0000
 4287,-0.00011987,-0.00000350,-0.00001460,-0.00000558,-0.00002298,-0.00
 001030,-0.00000388,0.00001206,0.00000157,0.00002985,0.00001615,0.00061
 355,0.00179269,0.00690995,0.00078726,-0.00012690,0.00004679,0.00032357
 ,-0.00048288,0.00007695,-0.00161554,0.00074276,-0.00042425,-0.00000402
 ,0.00006431,-0.00023034,0.00008442,0.00003851,-0.00004289,-0.00018064,
 0.00025129,0.00037051,0.00350986,-0.00118309,0.00069081,0.00180596,0.0
 0077287,0.00018676,0.00008146,-0.00042321,0.00034659,0.00022222,-0.000
 67655,-0.00054339,0.00027198,0.00018022,0.00000602,-0.00007919,0.00015
 219,0.00005280,-0.00012782,0.00002329,0.00009983,-0.00663823,-0.002384
 45,-0.00166055,-0.00125771,-0.13118686,0.08217746,-0.00355167,-0.00130
 236,0.00011507,0.01341152,-0.02132457,0.00685593,-0.00373634,0.0007450
 0,0.00015517,-0.00304359,-0.00078652,0.00000447,0.00160439,-0.00106342
 ,0.00013127,0.00085420,-0.00035195,-0.00000132,-0.00556894,-0.00271327
 ,0.00033968,-0.00142981,0.02729225,-0.00714227,0.00288505,0.00222964,-
 0.00019631,-0.00383665,-0.00012963,-0.00001705,0.00115504,-0.00141832,
 0.00014523,0.00002827,0.00005415,-0.00004580,-0.00006279,-0.00002125,0
 .00001590,-0.00002515,-0.00021038,0.00006174,0.00048723,-0.00023875,0.
 00032909,0.00002609,0.00011943,-0.00006989,-0.00024787,0.00013359,-0.0
 0019094,-0.00017208,0.00016350,-0.00008315,0.00005562,-0.00001352,-0.0
 0001428,-0.00006941,0.00010248,0.00004367,0.00001362,0.00002970,0.0000
 9827,-0.00017094,-0.00011873,0.00007033,-0.00001994,-0.00000006,0.0000
 1060,0.00000600,0.00006640,-0.00009111,0.00001799,0.00011991,-0.000013
 18,0.00002406,0.00002699,0.00001850,-0.00000217,0.00000418,0.00001222,
 -0.00003205,-0.00000246,-0.00002043,0.00061488,0.00095440,-0.00021346,
 -0.00038929,0.00027728,-0.00003711,0.00007615,-0.00005743,0.00002143,-
 0.00011663,0.00006617,-0.00020276,0.00002889,-0.00002583,0.00000536,0.
 00000942,0.00004410,0.00005196,-0.00004109,0.00005871,0.00009417,-0.00
 053280,0.00160521,-0.00012320,0.00012418,0.00018535,-0.00021946,-0.001
 32657,0.00070087,-0.00044020,-0.00005162,-0.00007931,-0.00018976,-0.00
 001643,-0.00001975,-0.00000499,0.00000203,-0.00002908,0.00011011,-0.00
 041751,0.00008713,-0.00016664,-0.01739479,-0.01525776,0.00243296,-0.10
 352707,0.00339829,-0.00080175,0.48380912,0.00991872,-0.00165533,0.0009
 7284,-0.02262346,-0.04331378,0.01060361,-0.00722751,-0.00143402,0.0008
 0160,0.00847383,-0.00138493,0.00013771,-0.00394454,0.00078249,0.000012
 51,0.00327484,0.00740040,-0.00078177,-0.00481519,0.00142716,-0.0003029
 6,0.02068966,-0.01119969,-0.00024421,-0.01169397,-0.01202716,0.0014023
 3,0.01721995,0.00340735,-0.00034110,-0.00722264,0.00598621,-0.00091815
 ,-0.00028297,-0.00035570,0.00019299,0.00037841,0.00022005,-0.00001041,
 0.00020419,0.00030280,-0.00007009,-0.00000966,0.00027185,-0.00039676,0
 .00023309,-0.00002271,-0.00007068,0.00038404,-0.00009118,-0.00008822,0
 .00029129,-0.00037141,0.00029182,-0.00000877,0.00006576,0.00001477,0.0
 0030258,-0.00028542,-0.00017143,-0.00008751,-0.00000893,0.00003747,0.0
 0012838,-0.00034117,0.00021820,0.00016732,-0.00000442,-0.00000766,-0.0
 0001224,-0.00003911,0.00009488,0.00000077,-0.00016487,-0.00015221,0.00
 005289,0.00005594,0.00002648,-0.00002462,-0.00000328,-0.00000380,0.000
 09320,-0.00001598,0.00006265,0.00034167,-0.00001431,0.00077546,0.00007
 897,0.00021752,-0.00019077,-0.00028490,-0.00004467,-0.00003474,-0.0003
 5469,0.00025311,-0.00028942,-0.00004181,-0.00005345,0.00002079,0.00003
 143,-0.00002596,-0.00001945,-0.00017360,0.00014097,0.00020120,-0.00128
 311,0.00069889,-0.00050377,-0.00040564,-0.00035577,0.00003135,0.000495
 40,0.00038871,0.00029473,0.00004540,0.00048189,0.00054107,0.00031659,0
 .00016242,-0.00006933,0.00008050,-0.00026295,-0.00000424,-0.00028265,0
 .00002851,-0.00059321,-0.03667529,-0.01387191,0.00505132,-0.01237542,-
 0.14129319,0.02796395,0.10239808,0.48057240,-0.00099632,0.00059763,-0.
 00012963,0.00411138,0.00918933,0.00109750,-0.00014262,0.00010429,0.001
 37926,-0.00076917,0.00030017,0.00077690,0.00036514,-0.00037438,-0.0000
 2274,-0.00014808,-0.00070667,-0.00093679,0.00163396,0.00025061,0.00022
 539,-0.00341224,-0.00253812,-0.00598673,0.00098022,0.00096994,-0.00025
 320,-0.00133795,-0.00032123,0.00001144,0.00040326,-0.00050438,0.000285
 75,0.00005446,0.00001178,-0.00002258,-0.00003415,-0.00004903,0.0000558
 2,-0.00004982,-0.00004623,0.00001556,-0.00030348,-0.00021509,-0.000125
 44,-0.00009793,-0.00009531,0.00014766,0.00012343,-0.00020999,0.0001328
 8,-0.00013815,-0.00008518,-0.00024834,0.00006058,0.00006093,0.00007622
 ,0.00000182,0.00008238,0.00005237,0.00003789,0.00009857,0.00019107,0.0
 0001017,0.00002375,-0.00000773,-0.00002740,-0.00000767,0.00000807,-0.0
 0002286,-0.00004421,0.00001033,-0.00000017,0.00002057,0.00005228,-0.00
 001292,-0.00001093,-0.00001436,0.00000443,0.00000024,0.00000268,-0.000
 02336,0.00000514,-0.00001549,-0.00014200,-0.00010107,0.00170444,0.0003
 5015,-0.00028312,0.00015748,0.00008777,-0.00008797,0.00004060,-0.00029
 738,0.00016409,0.00003573,-0.00001369,0.00002858,-0.00004213,0.0000099
 4,-0.00000655,-0.00001486,0.00000852,0.00002683,0.00003239,-0.00008215
 ,-0.00077491,0.00017112,0.00032357,0.00012217,-0.00008875,0.00079018,0
 .00017289,0.00015315,-0.00028749,-0.00013474,-0.00059057,0.00021126,0.
 00005702,-0.00003410,0.00002789,-0.00001446,-0.00000872,-0.00065594,-0
 .00004485,-0.00045713,0.00314998,0.00137908,-0.00274850,0.00146492,0.0
 3167363,-0.06269889,-0.01259750,0.04724968,0.58755277,0.00092167,-0.00
 070855,-0.00002045,-0.00264415,0.00077427,0.00022239,0.00055548,0.0001
 1593,-0.00012690,-0.00005295,0.00006191,-0.00012928,-0.00053156,0.0000
 2943,0.00013769,-0.00063777,-0.00082701,0.00023402,0.00060590,0.000815
 48,-0.00018290,0.00010939,-0.00023532,0.00058910,0.00048918,0.00071118
 ,-0.00011026,-0.00071720,-0.00036301,0.00006041,0.00028715,-0.00022848
 ,0.00005156,0.00002607,0.00000761,-0.00002564,-0.00001188,-0.00002706,
 -0.00000812,-0.00001889,-0.00000481,-0.00000222,0.00002224,-0.00013112
 ,-0.00006222,-0.00006435,-0.00002960,0.00003849,0.00013445,-0.00000915
 ,0.00003133,0.00000202,-0.00001700,-0.00004749,-0.00000896,0.00000059,
 0.00001818,-0.00001677,0.00001790,0.00002079,0.00000915,0.00000297,-0.
 00000157,0.00010386,-0.00004611,0.00006310,-0.00001071,0.00001534,-0.0
 0001158,-0.00005460,-0.00006328,0.00001286,-0.00000718,-0.00002653,0.0
 0004835,-0.00002074,-0.00002210,-0.00002149,0.00000643,-0.00000246,-0.
 00000847,-0.00000474,0.00000695,-0.00000530,-0.00009865,0.00005875,-0.
 00014070,-0.00001754,-0.00003866,0.00001858,0.00002870,0.00005361,0.00
 000605,0.00005733,-0.00003007,0.00005097,-0.00000211,0.00000342,0.0000
 1268,-0.00000509,-0.00000967,-0.00000224,0.00002242,-0.00002664,-0.000
 02570,-0.00022156,0.00034536,0.00020150,-0.00000385,-0.00008897,-0.000
 06289,-0.00042501,0.00035251,0.00017159,-0.00062208,0.00031729,0.00018
 461,0.00000516,-0.00007295,0.00000717,0.00021752,-0.00006421,-0.000057
 35,-0.00012950,-0.00000188,-0.00056330,-0.00508828,-0.00077604,-0.0005
 4971,0.00815923,0.00793013,0.00535572,-0.10490414,-0.08113199,-0.07488
 030,0.11229359,-0.00131286,-0.00021602,-0.00005994,0.00535689,-0.00286
 243,-0.00237641,-0.00025125,0.00038052,-0.00034951,-0.00131566,-0.0004
 5566,0.00050849,0.00046186,-0.00014321,-0.00007116,-0.00032143,-0.0011
 0225,0.00008966,0.00064439,-0.00040601,0.00019662,-0.00383503,0.001404
 21,-0.00105250,0.00202730,0.00196232,-0.00025418,-0.00258783,-0.000859
 55,0.00002800,0.00076031,-0.00059701,0.00018959,0.00006912,0.00003764,
 -0.00003567,-0.00005347,-0.00005712,0.00002737,-0.00006020,-0.00009274
 ,0.00001782,0.00007406,-0.00009894,0.00014021,-0.00004223,0.00002870,-
 0.00000169,-0.00006568,0.00005298,-0.00002188,-0.00006626,0.00006850,-
 0.00007258,0.00000766,-0.00001082,-0.00000839,-0.00004216,0.00005884,0
 .00004377,0.00000983,0.00000546,0.00001688,0.00001185,0.00005410,-0.00
 005589,-0.00004618,0.00000688,-0.00000307,-0.00000163,-0.00001418,-0.0
 0001380,-0.00001039,0.00001925,0.00004698,-0.00001800,-0.00001921,-0.0
 0001434,0.00000788,-0.00000010,-0.00000052,-0.00002151,0.00000332,-0.0
 0001448,-0.00016245,0.00011172,0.00016547,0.00003068,-0.00005430,0.000
 04109,0.00010992,-0.00000235,0.00003067,0.00002508,0.00000205,0.000024
 22,0.00000689,0.00000283,-0.00001257,-0.00000920,0.00000962,0.00001150
 ,0.00002479,-0.00001629,-0.00001824,0.00046647,-0.00015904,-0.00034256
 ,-0.00005453,0.00015423,-0.00003355,0.00025840,0.00001254,-0.00020844,
 0.00030186,-0.00010139,-0.00019619,-0.00019793,0.00002958,0.00007329,-
 0.00018092,0.00013134,-0.00001348,0.00009032,0.00037180,0.00063460,0.0
 0180868,0.00082697,0.00053633,-0.01204307,-0.03164926,-0.00819233,-0.0
 7922096,-0.15694621,-0.10658709,0.08608947,0.18061799,-0.00021859,0.00
 004196,-0.00005040,-0.00012705,0.00125170,-0.00140506,0.00064636,0.000
 15779,-0.00064459,-0.00002800,-0.00007405,0.00021035,-0.00002500,0.000
 30832,-0.00004854,-0.00032440,-0.00048607,0.00037103,0.00038644,0.0003
 5989,-0.00028203,-0.00027246,-0.00070889,0.00017369,0.00034427,0.00051
 434,-0.00004192,-0.00045911,-0.00030877,-0.00003589,0.00019297,0.00001
 571,0.00002633,0.00001035,0.00001274,-0.00000809,-0.00000961,-0.000001
 32,0.00000440,-0.00000571,0.00000627,-0.00001124,-0.00001918,0.0000307
 5,-0.00000058,0.00000464,-0.00000304,0.00000381,-0.00000615,-0.0000146
 1,0.00002047,0.00001102,0.00001240,0.00001603,-0.00000726,-0.00000301,
 -0.00000253,0.00000276,-0.00000279,0.00000527,-0.00001249,-0.00000721,
 -0.00000991,0.00000314,0.00003888,-0.00002811,0.00000045,-0.00000002,-
 0.00000342,0.00001154,0.00000325,0.00000133,0.00000194,-0.00000548,0.0
 0000228,-0.00000171,-0.00000425,-0.00000025,0.00000082,-0.00000022,-0.
 00000113,0.00000308,-0.00000075,0.00000205,-0.00005783,0.00001672,-0.0
 0010043,-0.00001536,0.00000328,0.00000247,0.00002595,0.00002959,0.0000
 2051,0.00004233,-0.00000619,0.00000582,0.00000010,-0.00000425,0.000005
 13,-0.00000802,0.00000182,0.00000509,0.00000404,-0.00000860,-0.0000055
 7,-0.00027727,-0.00014147,0.00048362,-0.00008928,0.00010695,-0.0001428
 4,-0.00004193,0.00000733,-0.00043739,-0.00031055,0.00041000,0.00028881
 ,-0.00005480,-0.00008728,0.00000221,0.00010370,-0.00002407,-0.00010077
 ,-0.00023413,0.00007006,-0.00011098,0.00137406,0.00160405,0.00010552,0
 .00825086,0.00998006,0.01208836,-0.07763762,-0.11091785,-0.15424497,0.
 07992404,0.11383681,0.15771399,0.00144149,-0.00002945,0.00028909,-0.00
 245558,-0.00050182,-0.00065598,-0.00020185,-0.00026491,-0.00017784,0.0
 0081748,-0.00003375,0.00020060,-0.00062205,0.00013064,-0.00016024,-0.0
 0030254,0.00004986,-0.00000369,0.00037229,0.00081156,-0.00006873,0.000
 85710,-0.00071541,-0.00032659,-0.00064471,-0.00048266,0.00004395,0.000
 88081,-0.00000348,-0.00001114,-0.00038307,0.00028601,-0.00003155,0.000
 00221,-0.00002359,0.00002752,0.00001747,-0.00000733,0.00000297,-0.0000
 0274,0.00001795,-0.00001059,-0.00000867,0.00006975,-0.00002120,-0.0000
 2151,-0.00002180,0.00000520,0.00006986,-0.00002380,0.00005741,0.000074
 67,-0.00001428,0.00006206,-0.00004082,-0.00001527,-0.00000393,-0.00000
 891,-0.00002648,-0.00000718,0.00000231,-0.00003789,-0.00009321,0.00007
 702,-0.00001386,-0.00006609,0.00000358,0.00000768,-0.00000453,-0.00000
 714,-0.00003619,0.00002943,-0.00002074,-0.00004060,0.00002327,-0.00001
 425,-0.00001406,-0.00001471,0.00000277,-0.00000227,-0.00000558,0.00000
 345,0.00000043,0.00000095,-0.00000839,0.00000041,0.00010349,0.00005469
 ,-0.00003231,0.00001739,0.00000254,-0.00004394,0.00000185,-0.00001980,
 0.00000293,0.00003970,-0.00000591,0.00001308,-0.00000219,-0.00000323,-
 0.00000627,-0.00001210,0.00000933,-0.00000909,-0.00001216,-0.00014175,
 -0.00003741,-0.00003041,0.00011145,-0.00004293,0.00009894,-0.00104181,
 0.00030484,-0.00043478,0.00000667,-0.00019707,-0.00023168,0.00002139,0
 .00002686,0.00001114,-0.00002184,0.00008611,0.00005851,-0.00002516,0.0
 0004606,0.00008101,-0.00313994,-0.00070664,0.00096013,0.00613311,0.004
 46205,-0.00854191,-0.07054540,-0.01129144,0.06995954,0.00520796,0.0015
 8654,-0.01418506,0.07603438,-0.00185066,-0.00073023,0.00000687,0.00523
 521,0.00016817,0.00170634,0.00051604,0.00050619,-0.00022310,-0.0018926
 6,-0.00034330,0.00000183,0.00057623,-0.00020827,0.00008253,-0.00028658
 ,-0.00133156,0.00033902,0.00049922,-0.00087122,0.00004166,-0.00438901,
 0.00271869,0.00054110,0.00253461,0.00245665,-0.00023596,-0.00336063,-0
 .00092126,0.00006405,0.00114849,-0.00090059,0.00006437,0.00007066,0.00
 006393,-0.00002598,-0.00007022,-0.00005993,-0.00000324,-0.00005744,-0.
 00009439,0.00001583,0.00012979,-0.00016887,0.00013795,-0.00005215,0.00
 004316,-0.00000780,-0.00009251,0.00007894,-0.00004951,-0.00008323,0.00
 008899,-0.00008941,0.00001853,-0.00001037,-0.00000773,-0.00005371,0.00
 007088,0.00004740,0.00001499,0.00001252,0.00003521,0.00000127,0.000023
 26,-0.00004539,-0.00004289,0.00000753,-0.00000244,-0.00000745,-0.00001
 004,-0.00001955,-0.00000544,0.00003225,0.00004513,-0.00001492,-0.00001
 743,-0.00001227,0.00000737,-0.00000003,-0.00000076,-0.00002396,0.00000
 292,-0.00001596,-0.00011321,0.00007923,-0.00037446,-0.00007757,-0.0000
 0072,0.00000572,0.00006572,0.00002887,-0.00000394,0.00012411,-0.000078
 57,0.00003305,0.00001335,0.00000117,0.00000409,-0.00000836,0.00000731,
 0.00001286,0.00003699,-0.00003354,-0.00004306,0.00037162,0.00013409,-0
 .00013955,-0.00006670,0.00003467,-0.00003124,0.00051703,0.00012257,0.0
 0013066,0.00000078,0.00000206,-0.00018572,-0.00007462,-0.00003618,0.00
 000680,-0.00007953,0.00001644,-0.00001890,0.00002326,0.00003528,0.0001
 4134,0.00129772,0.00097308,-0.00097396,-0.00647573,-0.02154460,0.03396
 696,-0.01109336,-0.04851402,0.02383102,0.00578492,0.00514859,-0.020053
 48,0.00889976,0.06155517,0.00135813,0.00050455,-0.00034341,-0.00239340
 ,-0.00074289,-0.00272700,-0.00094105,-0.00130211,-0.00074550,0.0018844
 6,0.00022260,0.00028146,-0.00045193,0.00021895,-0.00004917,0.00059868,
 0.00198094,0.00019876,-0.00110859,-0.00042636,-0.00028716,0.00300758,-
 0.00065249,-0.00086115,-0.00260511,-0.00271513,0.00035656,0.00347853,0
 .00102705,-0.00022464,-0.00123346,0.00094289,-0.00006677,-0.00007825,-
 0.00006874,0.00001670,0.00006993,0.00006501,0.00001342,0.00006104,0.00
 007402,-0.00002345,-0.00015789,0.00017902,-0.00011474,0.00007439,-0.00
 001450,-0.00000690,0.00003661,-0.00007001,0.00003127,0.00006132,-0.000
 07702,0.00008931,-0.00000491,0.00001065,0.00000548,0.00007370,-0.00007
 433,-0.00004377,-0.00002985,-0.00000359,0.00000063,-0.00003880,-0.0000
 2422,0.00007142,0.00004125,-0.00000993,0.00000186,0.00001472,0.0000273
 0,0.00000918,0.00001209,-0.00001824,-0.00005811,0.00002142,0.00002115,
 0.00002016,-0.00000625,0.00000067,0.00000065,0.00002829,-0.00000694,0.
 00001726,0.00008907,-0.00005943,0.00014901,0.00001194,0.00002388,-0.00
 003445,-0.00005825,0.00002229,-0.00000303,-0.00003356,0.00007808,-0.00
 005352,-0.00001393,-0.00001602,0.00002467,-0.00000308,-0.00001519,0.00
 000028,-0.00002937,0.00001819,0.00003921,0.00024362,0.00029538,-0.0003
 7805,0.00004999,-0.00014744,0.00018261,-0.00047536,-0.00034729,0.00032
 537,0.00010542,-0.00004591,0.00001262,-0.00002785,0.00002553,0.0000521
 8,-0.00000200,0.00003268,0.00009774,0.00004355,0.00003587,0.00012853,-
 0.00117482,-0.00100523,0.00111799,-0.00251675,0.01493473,0.00004279,0.
 07224002,0.02384554,-0.28798014,0.00589953,0.00131614,-0.01856911,-0.0
 7612014,-0.03731128,0.30590526,-0.00296404,-0.02833325,0.00517832,0.01
 473861,0.02002838,-0.00261056,-0.00341096,-0.00001755,0.00014523,0.000
 33774,0.00009183,0.00011592,-0.00522606,0.00282791,-0.00077857,-0.0031
 1625,0.00036407,-0.00052827,0.00168718,0.00129569,0.00005771,-0.003523
 83,0.00096116,0.00010032,0.00152587,0.00191401,-0.00025889,-0.00433338
 ,0.00014985,-0.00006647,0.00308826,-0.00222572,0.00030056,-0.00002041,
 0.00022521,-0.00002173,-0.00007333,0.00003383,-0.00002324,0.00002325,-
 0.00006709,0.00004247,-0.00054714,-0.00113706,-0.00009444,0.00012943,-
 0.00018611,0.00023441,-0.00187987,-0.00096557,0.00065924,-0.00010988,0
 .00002728,0.00044966,-0.00003806,0.00000638,-0.00011077,-0.00007514,0.
 00001875,-0.00002890,-0.00042185,-0.00011164,0.00002718,0.00046049,-0.
 00097664,0.00026711,0.00009844,0.00003578,-0.00000854,-0.00034362,-0.0
 0020285,0.00002789,-0.00005121,-0.00013358,0.00018058,-0.00005904,-0.0
 0003775,-0.00009161,0.00000827,-0.00000501,-0.00004643,-0.00000377,0.0
 0000185,-0.00002679,-0.00007585,0.00005445,0.00006790,0.00002741,-0.00
 003850,0.00006378,-0.00001250,-0.00002066,-0.00000545,-0.00000917,-0.0
 0005559,-0.00001111,0.00000092,-0.00000108,0.00001262,-0.00000212,-0.0
 0000461,-0.00001836,-0.00000891,-0.00001444,0.00000580,0.00054463,0.00
 008623,-0.00035487,0.00003636,-0.00011451,0.00008641,-0.00031855,-0.00
 010667,0.00014851,-0.00019587,-0.00013311,0.00009660,-0.00005414,-0.00
 011441,-0.00005400,0.00005766,0.00001587,0.00001422,0.00001688,-0.0000
 4985,-0.00011670,-0.10285269,-0.00564186,0.00033541,-0.01614728,0.0148
 9146,-0.00489476,-0.16268602,0.01363146,0.01026433,-0.01214674,0.00121
 076,0.00288640,-0.00995195,0.00102043,0.00008894,0.47766190,-0.0211568
 2,-0.00970565,0.00058343,0.02042070,-0.04596992,0.00993415,0.00744432,
 -0.00001528,0.00043536,-0.00374021,0.00585918,-0.00088556,0.00526127,0
 .00159903,-0.00043745,-0.00840529,-0.00288711,-0.00026760,0.00407659,0
 .00132794,0.00002891,-0.01008561,-0.00174654,0.00126842,0.00805421,0.0
 0748668,-0.00086175,-0.01772351,0.00296870,-0.00055167,0.01142259,-0.0
 1114358,0.00148902,-0.00016638,0.00033544,-0.00008276,-0.00038314,0.00
 023928,-0.00003345,0.00023799,-0.00037530,0.00016147,0.00117262,0.0006
 5795,-0.00035627,0.00042784,-0.00036093,-0.00000661,-0.00010684,0.0003
 8210,0.00025931,-0.00010067,0.00065496,0.00055419,-0.00002793,-0.00025
 143,-0.00002481,-0.00033041,0.00016600,-0.00007597,0.00026430,0.000067
 16,-0.00044346,-0.00047339,-0.00003041,0.00067452,0.00025844,-0.000078
 95,0.00001089,0.00002131,0.00036738,-0.00029151,0.00017855,0.00027777,
 -0.00037074,0.00018181,0.00018683,0.00017980,-0.00004844,0.00001819,0.
 00002257,0.00007306,-0.00002803,0.00003384,-0.00002513,-0.00037521,0.0
 0033716,0.00004967,-0.00001344,0.00008339,-0.00014560,-0.00001116,0.00
 000745,-0.00010955,-0.00005427,-0.00016894,0.00002308,-0.00002054,-0.0
 0001281,0.00002003,0.00003720,-0.00001181,-0.00011016,0.00005952,0.000
 08599,0.00007016,0.00030352,-0.00043733,-0.00023541,-0.00000443,-0.000
 08134,-0.00043874,-0.00011741,-0.00016802,-0.00031360,-0.00036457,0.00
 030649,-0.00028228,-0.00030117,-0.00018962,-0.00001625,0.00008971,0.00
 000110,0.00007171,-0.00000602,0.00004982,0.01018290,-0.15071130,0.0136
 9154,0.03487393,-0.01555896,-0.00041513,-0.00538083,-0.07102923,-0.003
 37505,-0.01798060,0.00369817,0.00380267,-0.00116853,0.00034782,-0.0011
 2818,-0.09697140,0.47240650,0.00354720,0.00161839,-0.00741885,-0.00499
 744,0.01155351,0.00074265,-0.00143410,0.00018936,0.00153126,-0.0004526
 1,-0.00025227,-0.00102267,-0.00000468,-0.00119124,0.00077558,0.0017171
 2,0.00045585,0.00083173,-0.00120767,-0.00040792,-0.00006815,0.00251131
 ,0.00135434,-0.00046632,-0.00078000,-0.00055287,0.00025920,0.00192531,
 -0.00036957,-0.00001952,-0.00149953,0.00105475,-0.00021705,0.00003068,
 -0.00000050,0.00005383,0.00004521,-0.00001558,0.00006010,-0.00003060,0
 .00006246,-0.00001701,0.00074627,-0.00030087,0.00047393,-0.00010451,0.
 00036485,-0.00032736,-0.00076832,0.00044906,-0.00024129,0.00026746,-0.
 00012123,0.00008995,-0.00008907,-0.00005167,-0.00009426,-0.00021435,0.
 00000265,-0.00012830,0.00059067,-0.00007434,-0.00061539,0.00008341,0.0
 0016381,0.00184705,-0.00006496,-0.00009067,0.00005776,-0.00034274,-0.0
 0024830,0.00016247,0.00033687,0.00025657,-0.00016794,0.00006005,0.0000
 4883,0.00010240,-0.00002545,0.00000950,-0.00003039,-0.00001280,0.00000
 180,-0.00000753,0.00008329,0.00014312,-0.00005655,-0.00005470,0.000028
 43,-0.00001017,0.00000588,-0.00001298,0.00000311,-0.00001500,0.0000174
 3,-0.00000544,0.00000030,0.00000120,-0.00000328,0.00000623,0.00000603,
 0.00001114,0.00000103,0.00001109,0.00000528,0.00007529,-0.00001701,0.0
 0012577,-0.00000161,-0.00003839,0.00006950,-0.00006975,-0.00010264,-0.
 00001571,0.00017423,-0.00000438,-0.00008649,0.00001554,0.00008140,0.00
 002847,-0.00006403,0.00003989,0.00004810,-0.00003607,0.00010155,0.0001
 4088,-0.00102804,0.01184863,-0.05445968,-0.01236810,0.00289798,-0.0017
 5936,0.01329621,-0.00277694,-0.08365740,-0.01662879,0.00165370,0.00339
 604,0.02864948,-0.00112924,0.00145614,0.03101819,0.01556518,0.60271040
 ,0.00032464,0.00022829,-0.00068212,-0.00254370,0.00046803,-0.00107883,
 0.00022579,0.00013428,-0.00011494,-0.00079189,0.00050466,-0.00016652,0
 .00061715,-0.00094545,0.00028761,0.00064193,-0.00007215,0.00027871,-0.
 00057100,-0.00032416,-0.00013026,0.00091762,0.00031967,0.00005168,0.00
 021977,0.00024764,-0.00004534,-0.00027715,0.00012366,-0.00004590,-0.00
 000725,-0.00026399,0.00003976,-0.00000276,0.00000367,0.00000221,-0.000
 00440,0.00001318,0.00001357,0.00000915,0.00000202,0.00002419,0.0000607
 9,-0.00020421,-0.00003229,-0.00000495,0.00012715,0.00002377,-0.0001144
 6,-0.00002725,-0.00026345,-0.00063356,-0.00026156,-0.00018414,0.000196
 81,0.00004546,0.00006665,0.00004826,0.00009321,0.00001668,-0.00037801,
 -0.00003426,0.00055393,-0.00009516,-0.00005141,0.00013188,0.00001802,-
 0.00003370,0.00000217,-0.00001285,0.00003904,-0.00002528,0.00004492,0.
 00004168,-0.00006626,0.00002726,0.00002721,0.00002554,-0.00000731,0.00
 000337,0.00000740,-0.00000278,-0.00000338,0.00000195,0.00007200,0.0000
 1702,-0.00007911,-0.00004121,0.00004538,-0.00001273,-0.00000416,-0.000
 00587,0.00000895,-0.00000167,0.00001566,-0.00002149,0.00000302,-0.0000
 0432,-0.00000385,0.00000322,0.00000663,0.00000842,-0.00000739,0.000013
 33,0.00000935,-0.00001683,0.00008236,0.00009151,-0.00004359,0.00003338
 ,-0.00004043,0.00017985,0.00001898,-0.00002041,0.00001553,0.00003751,0
 .00001181,-0.00000440,-0.00000123,-0.00000388,-0.00001042,-0.00000490,
 -0.00001798,0.00000748,0.00000006,0.00001226,0.00700059,-0.00893225,-0
 .00602384,-0.00288171,0.00066173,0.00069854,-0.00952053,0.01395266,0.0
 2498274,0.00183201,0.00012499,0.00004284,-0.00444894,0.00098752,0.0000
 9293,-0.07003297,0.04123567,0.05673894,0.07495529,0.00532938,0.0022569
 8,-0.00164579,-0.00576874,-0.00054487,-0.00291374,-0.00099809,0.000284
 42,-0.00023463,0.00086211,-0.00153239,0.00011376,-0.00100108,-0.000664
 50,0.00030913,0.00242824,0.00020217,0.00048758,-0.00077141,-0.00045326
 ,-0.00010177,0.00233012,-0.00082940,-0.00012246,-0.00197803,-0.0017966
 4,0.00030707,0.00488807,-0.00108397,0.00015455,-0.00341851,0.00312634,
 -0.00044405,0.00006682,-0.00012747,0.00003841,0.00009877,-0.00007878,0
 .00003681,-0.00008139,0.00009432,-0.00006984,-0.00048934,-0.00001746,-
 0.00045726,0.00003761,0.00008855,0.00002808,-0.00024253,-0.00010294,-0
 .00004854,-0.00017065,-0.00019272,-0.00029096,0.00016031,0.00012730,0.
 00001296,0.00019718,0.00000980,0.00005740,-0.00009051,0.00005512,0.000
 35247,0.00026510,0.00019590,0.00022330,-0.00011073,0.00001574,0.000006
 98,-0.00004371,-0.00013836,0.00009223,0.00001428,-0.00000551,0.0000310
 1,-0.00002669,-0.00003224,-0.00001255,0.00000784,0.00000190,-0.0000037
 3,-0.00001930,0.00000271,-0.00000685,-0.00006537,0.00003854,-0.0000666
 3,0.00001091,-0.00002948,-0.00002118,0.00005078,0.00001563,-0.00000561
 ,0.00004532,0.00000956,0.00006226,-0.00000617,0.00000962,0.00000048,-0
 .00000640,-0.00001036,0.00000408,0.00004020,-0.00002191,-0.00003532,-0
 .00022481,-0.00021780,0.00028232,0.00007418,0.00003585,-0.00000234,0.0
 0008555,0.00011020,-0.00005091,0.00012982,0.00012162,-0.00012438,0.000
 07533,0.00010736,0.00007236,-0.00001271,-0.00002141,-0.00001082,-0.000
 01887,0.00001500,0.00002982,0.00374124,-0.03626887,-0.01615515,-0.0015
 8162,0.00170911,0.00088529,-0.00057049,0.00106192,0.00040835,-0.000363
 14,0.00085305,0.00024600,-0.00076673,0.00041990,0.00033333,0.04161536,
 -0.11611521,-0.11033123,-0.04108842,0.14107621,0.00133507,-0.00024560,
 -0.00018683,-0.00005069,0.00016106,-0.00174607,-0.00094627,0.00041493,
 -0.00089761,0.00079395,-0.00118751,0.00051202,-0.00085063,0.00052445,-
 0.00035824,0.00097128,0.00033542,0.00029010,-0.00022419,-0.00010068,0.
 00000102,0.00065602,-0.00032621,-0.00031256,-0.00111172,-0.00098302,0.
 00015462,0.00245328,-0.00055623,0.00000589,-0.00159078,0.00170824,-0.0
 0019826,0.00002373,-0.00004496,0.00000428,0.00004742,-0.00003188,0.000
 01488,-0.00003549,0.00004788,-0.00003814,-0.00012135,-0.00012075,0.000
 12048,0.00008010,0.00006646,-0.00004091,0.00017251,0.00003165,-0.00026
 178,0.00019794,0.00015787,0.00010532,-0.00001517,0.00003978,-0.0000435
 0,0.00014971,-0.00008368,0.00002373,0.00033216,-0.00000414,-0.00014604
 ,0.00015044,0.00009457,-0.00011135,-0.00006042,0.00003521,0.00000523,0
 .00002429,-0.00004893,0.00003979,-0.00004136,-0.00003541,0.00005005,-0
 .00002527,-0.00002483,-0.00001949,0.00001230,0.00000126,0.00000385,-0.
 00000244,-0.00000275,-0.00000227,-0.00004764,0.00001924,-0.00001228,0.
 00001605,-0.00001957,-0.00000631,0.00002303,0.00000603,-0.00000414,0.0
 0002104,0.00000673,0.00003145,-0.00000354,0.00000301,0.00000415,-0.000
 00547,-0.00000932,-0.00000185,0.00001935,-0.00001571,-0.00001742,-0.00
 006909,-0.00006697,0.00007360,0.00003816,-0.00000090,0.00001337,-0.000
 00709,0.00002428,0.00001482,0.00002365,0.00005244,-0.00003164,0.000024
 79,0.00003533,0.00003592,0.00001163,-0.00001255,-0.00000180,0.00000636
 ,-0.00000956,-0.00000774,-0.00565336,0.00273031,0.01476531,-0.00064382
 ,0.00099704,0.00031366,0.00072546,0.00106509,0.00047153,0.00005113,0.0
 0009902,0.00095879,0.00044408,-0.00011610,0.00082447,0.05852643,-0.111
 20787,-0.22156114,-0.06346446,0.12109686,0.22855239,0.00120184,0.00092
 819,0.00030039,-0.00288633,-0.00089057,0.00045032,-0.00012852,-0.00016
 043,-0.00001580,0.00026266,0.00012432,0.00003364,0.00007786,-0.0006055
 3,0.00004040,0.00033815,0.00022413,-0.00010516,-0.00064810,0.00008775,
 0.00010169,0.00165584,0.00035880,-0.00046887,-0.00065909,-0.00065934,0
 .00007835,0.00110666,0.00015846,0.00001545,-0.00054758,0.00037422,-0.0
 0005730,-0.00001698,-0.00003217,0.00000113,0.00002381,0.00001380,-0.00
 000502,0.00001375,0.00002458,-0.00003517,-0.00073628,-0.00042253,-0.00
 002821,0.00013250,-0.00003804,-0.00004129,-0.00180308,-0.00078426,0.00
 042180,0.00005803,0.00029602,0.00006023,0.00002164,-0.00007866,-0.0000
 7466,0.00005386,-0.00004211,0.00000424,-0.00003761,-0.00002115,0.00000
 726,0.00004483,0.00003739,-0.00010746,-0.00001508,0.00004666,-0.000010
 81,0.00006261,0.00000812,-0.00001018,-0.00005321,-0.00000405,-0.000014
 77,0.00000520,0.00000019,0.00000568,0.00000361,0.00000259,0.00001072,0
 .00000920,-0.00000665,0.00000835,0.00008991,0.00006787,0.00005773,-0.0
 0001892,0.00003981,-0.00001942,-0.00000401,-0.00000837,0.00000400,-0.0
 0003959,0.00002654,-0.00003128,0.00000056,-0.00000664,-0.00000131,0.00
 000332,0.00000274,0.00000138,-0.00001649,0.00001286,0.00002260,-0.0000
 1235,-0.00001881,0.00004241,-0.00003437,0.00001573,-0.00001131,0.00005
 826,0.00002218,-0.00006230,0.00005279,0.00002988,-0.00001205,-0.000009
 22,0.00001250,-0.00000199,-0.00002982,0.00001044,-0.00000257,0.0000107
 7,0.00002912,0.00006301,0.00657949,-0.00575103,0.00941976,-0.00532384,
 0.00139251,-0.00082387,-0.01179444,0.00906826,-0.02294443,-0.00262991,
 0.00035481,0.00015452,0.00188464,0.00037691,-0.00018257,-0.09975074,0.
 03990393,-0.09963128,0.00503996,-0.00263906,0.00763886,0.10840379,0.00
 392605,0.00224606,0.00034634,-0.00480272,-0.00149451,0.00240077,0.0000
 6524,0.00015863,0.00005042,0.00035195,-0.00069187,0.00020354,-0.000465
 92,-0.00072390,0.00005386,0.00150650,-0.00011678,-0.00007065,-0.000563
 57,-0.00041117,0.00008540,0.00140492,-0.00027015,-0.00003214,-0.001019
 65,-0.00106549,0.00004743,0.00281523,-0.00060797,0.00013094,-0.0020230
 6,0.00178700,-0.00020283,0.00004161,-0.00010540,0.00000329,0.00005540,
 -0.00005818,-0.00000340,-0.00005392,0.00004792,-0.00002382,-0.00020108
 ,0.00004018,0.00013851,0.00009383,0.00008986,-0.00009887,-0.00084891,0
 .00022635,-0.00007559,0.00002027,0.00009049,-0.00015086,0.00006121,-0.
 00000885,-0.00006307,0.00004620,-0.00003129,0.00000948,-0.00002981,0.0
 0000020,0.00005823,0.00011494,0.00008619,-0.00038931,-0.00006810,0.000
 02802,-0.00000796,0.00006188,-0.00000979,0.00002220,-0.00007839,-0.000
 07367,0.00006313,-0.00003614,-0.00003596,-0.00003851,0.00001232,-0.000
 00194,0.00000647,-0.00001758,0.00000255,-0.00000490,-0.00003516,0.0000
 3200,-0.00005833,0.00000097,-0.00001800,-0.00001375,0.00003651,0.00000
 838,-0.00000211,0.00003296,0.00000481,0.00004226,-0.00000334,0.0000066
 3,-0.00000118,-0.00000457,-0.00000616,0.00000412,0.00002720,-0.0000139
 1,-0.00002480,-0.00012167,-0.00015107,0.00012781,0.00005372,0.00002714
 ,-0.00000398,0.00006354,0.00007145,-0.00003822,0.00007034,0.00007502,-
 0.00007323,0.00005328,0.00006523,0.00004101,-0.00000875,-0.00001400,-0
 .00000344,-0.00001588,0.00000894,0.00001557,0.01262552,-0.02524479,0.0
 2614719,-0.00123073,-0.00002982,-0.00024606,0.00056716,0.00120443,-0.0
 0021041,-0.00016862,-0.00018911,-0.00000564,-0.00019127,0.00069480,0.0
 0004601,0.03715856,-0.07226102,0.06810846,-0.00739658,0.00824074,-0.01
 449901,-0.04188192,0.08839183,-0.00185836,-0.00000613,-0.00028385,0.00
 202999,-0.00110407,-0.00211655,0.00051135,-0.00047413,-0.00066179,-0.0
 0032161,0.00074679,0.00015831,0.00058717,-0.00016704,-0.00017840,-0.00
 070018,0.00021629,0.00025106,0.00023603,-0.00010837,0.00003553,-0.0009
 1352,0.00005560,0.00000073,0.00053319,0.00036929,0.00002486,-0.0015153
 9,0.00054036,-0.00017603,0.00115137,-0.00117112,0.00017277,-0.00002594
 ,0.00003266,-0.00001791,-0.00003052,0.00002855,0.00001267,0.00003255,-
 0.00003236,0.00000454,-0.00053026,0.00029797,-0.00061554,-0.00010309,-
 0.00024618,0.00023540,0.00034127,-0.00049417,0.00075290,-0.00000811,-0
 .00007288,-0.00006062,0.00000061,0.00000798,0.00010943,0.00001138,0.00
 001170,0.00004291,-0.00004449,0.00002673,0.00006240,-0.00005671,-0.000
 03350,0.00008657,0.00004026,0.00001426,-0.00001292,0.00000985,0.000005
 44,-0.00002657,-0.00000693,0.00003905,-0.00000821,0.00001195,0.0000082
 1,0.00001563,0.00000349,0.00000150,-0.00000089,0.00001407,-0.00000063,
 0.00000553,0.00001699,-0.00004840,0.00000521,0.00000406,0.00000836,0.0
 0000261,-0.00001421,-0.00000298,0.00000298,-0.00000017,0.00000098,-0.0
 0001486,0.00000117,-0.00000461,0.00000107,-0.00000125,0.00000211,-0.00
 000113,-0.00000993,0.00000336,0.00000694,0.00006862,0.00008447,-0.0000
 5806,-0.00002551,-0.00000095,-0.00000402,-0.00002239,-0.00003392,0.000
 02006,-0.00003512,-0.00003412,0.00004320,-0.00003624,-0.00003742,-0.00
 001465,0.00000620,0.00000435,0.00000102,0.00001649,-0.00000804,-0.0000
 0333,0.00222820,0.00775202,0.00464895,0.00213889,-0.00135815,0.0009761
 5,0.00313531,-0.00295086,0.00548878,0.00026304,0.00028224,0.00037234,0
 .00006550,-0.00014178,0.00109705,-0.10125169,0.07231903,-0.24252547,-0
 .01170251,0.00748285,-0.02138335,0.10575517,-0.08181038,0.25352653||-0
 .00861704,-0.00668411,-0.00023244,0.00012962,-0.06126857,0.01137643,0.
 00212614,0.04900330,-0.00858317,-0.00907363,-0.02857905,0.00356052,-0.
 01309030,-0.00107361,-0.00753855,0.01333296,-0.03004494,0.00502022,0.0
 1700898,-0.00292467,-0.00437682,0.00871026,-0.00740719,-0.00018540,0.0
 0695879,0.01784963,-0.00253647,0.00193763,-0.02255594,0.00305417,-0.00
 896924,0.01864959,-0.00254758,0.00155119,-0.00027773,0.00017612,0.0000
 9270,-0.00105346,0.00019778,-0.00126709,0.00008904,0.00021713,0.001810
 21,-0.00130971,0.00080881,-0.00079664,-0.00002085,0.00007442,0.0001191
 0,0.00056129,-0.00000340,-0.00112894,0.00092050,-0.00133580,0.00017158
 ,0.00011752,-0.00000782,-0.00059290,0.00069532,0.00087196,0.00022729,0
 .00012103,0.00022055,-0.02301613,0.00996482,0.00179630,0.01247796,-0.0
 0256527,0.00641169,0.00144470,-0.00027686,-0.00968127,0.01208984,0.003
 42211,0.00233296,-0.00043425,-0.00207322,0.00215618,0.00119814,-0.0000
 6129,0.00428336,0.00176437,-0.00082528,-0.00082530,-0.01318796,0.00746
 452,0.01315500,0.00083557,-0.00051353,-0.01237365,-0.00041384,-0.00341
 734,-0.01309305,-0.00214148,0.00317261,0.00819381,-0.00030893,-0.00139
 337,0.00044226,-0.00161324,0.00308556,0.00141165,0.00093799,0.00093948
 ,0.00366277,-0.00145940,-0.00195789,0.00229151,0.00002988,0.00016907,0
 .00039609,0.00000665,0.00131070,-0.00031139,0.00135597,0.00110170,-0.0
 0153876,0.00065526,0.00074912,0.00088059,-0.00012916,-0.00010244,-0.00
 018224,-0.00037507,0.00017568,0.00004142,-0.00730047,0.03135840,-0.006
 34449,0.00577382,0.03289259,-0.00179636,0.00231455,-0.00956023,0.00098
 156,0.00077623,0.00241240,0.00048143,-0.00032020,0.00303742,-0.0025681
 5,-0.00180543,-0.00887581,0.00209343,0.00031134,0.00341733,0.00089037,
 -0.00010734,0.00214166,-0.00141834|||@


 Experience is what you get when you don't get what you want.
 -- Dan Stanford
 Job cpu time:  5 days 20 hours 20 minutes 34.0 seconds.
 File lengths (MBytes):  RWF=   3559 Int=      0 D2E=      0 Chk=     50 Scr=      1
 Normal termination of Gaussian 09 at Tue Aug 12 14:56:48 2025.
