 Entering Link 1 = C:\G09W\l1.exe PID=     18496.
  
 Copyright (c) 1988,1990,1992,1993,1995,1998,2003,2009, Gaussian, Inc.
                  All Rights Reserved.
  
 This is part of the Gaussian(R) 09 program.  It is based on
 the Gaussian(R) 03 system (copyright 2003, Gaussian, Inc.),
 the Gaussian(R) 98 system (copyright 1998, Gaussian, Inc.),
 the Gaussian(R) 94 system (copyright 1995, Gaussian, Inc.),
 the Gaussian 92(TM) system (copyright 1992, Gaussian, Inc.),
 the Gaussian 90(TM) system (copyright 1990, Gaussian, Inc.),
 the Gaussian 88(TM) system (copyright 1988, Gaussian, Inc.),
 the Gaussian 86(TM) system (copyright 1986, Carnegie Mellon
 University), and the Gaussian 82(TM) system (copyright 1983,
 Carnegie Mellon University). Gaussian is a federally registered
 trademark of Gaussian, Inc.
  
 This software contains proprietary and confidential information,
 including trade secrets, belonging to Gaussian, Inc.
  
 This software is provided under written license and may be
 used, copied, transmitted, or stored only in accord with that
 written license.
  
 The following legend is applicable only to US Government
 contracts under FAR:
  
                    RESTRICTED RIGHTS LEGEND
  
 Use, reproduction and disclosure by the US Government is
 subject to restrictions as set forth in subparagraphs (a)
 and (c) of the Commercial Computer Software - Restricted
 Rights clause in FAR 52.227-19.
  
 Gaussian, Inc.
 340 Quinnipiac St., Bldg. 40, Wallingford CT 06492
  
  
 ---------------------------------------------------------------
 Warning -- This program may not be used in any manner that
 competes with the business of Gaussian, Inc. or will provide
 assistance to any competitor of Gaussian, Inc.  The licensee
 of this program is prohibited from giving any competitor of
 Gaussian, Inc. access to this program.  By using this program,
 the user acknowledges that Gaussian, Inc. is engaged in the
 business of creating and licensing software in the field of
 computational chemistry and represents and warrants to the
 licensee that it is not a competitor of Gaussian, Inc. and that
 it will not use this program in any manner prohibited above.
 ---------------------------------------------------------------
  

 Cite this work as:
 Gaussian 09, Revision A.02,
 M. J. Frisch, G. W. Trucks, H. B. Schlegel, G. E. Scuseria, 
 M. A. Robb, J. R. Cheeseman, G. Scalmani, V. Barone, B. Mennucci, 
 G. A. Petersson, H. Nakatsuji, M. Caricato, X. Li, H. P. Hratchian, 
 A. F. Izmaylov, J. Bloino, G. Zheng, J. L. Sonnenberg, M. Hada, 
 M. Ehara, K. Toyota, R. Fukuda, J. Hasegawa, M. Ishida, T. Nakajima, 
 Y. Honda, O. Kitao, H. Nakai, T. Vreven, J. A. Montgomery, Jr., 
 J. E. Peralta, F. Ogliaro, M. Bearpark, J. J. Heyd, E. Brothers, 
 K. N. Kudin, V. N. Staroverov, R. Kobayashi, J. Normand, 
 K. Raghavachari, A. Rendell, J. C. Burant, S. S. Iyengar, J. Tomasi, 
 M. Cossi, N. Rega, J. M. Millam, M. Klene, J. E. Knox, J. B. Cross, 
 V. Bakken, C. Adamo, J. Jaramillo, R. Gomperts, R. E. Stratmann, 
 O. Yazyev, A. J. Austin, R. Cammi, C. Pomelli, J. W. Ochterski, 
 R. L. Martin, K. Morokuma, V. G. Zakrzewski, G. A. Voth, 
 P. Salvador, J. J. Dannenberg, S. Dapprich, A. D. Daniels, 
 O. Farkas, J. B. Foresman, J. V. Ortiz, J. Cioslowski, 
 and D. J. Fox, Gaussian, Inc., Wallingford CT, 2009.
 
 ******************************************
 Gaussian 09:  IA32W-G09RevA.02 11-Jun-2009
                08-Sep-2025 
 ******************************************
 %chk=N-BAP-freq(opt redo)-2chg .chk
 ---------------------------------------------------------------------
 # opt ub3lyp/6-31++g(d,p) scrf=(cpcm,solvent=water) geom=connectivity
 ---------------------------------------------------------------------
 1/14=-1,18=20,19=15,26=3,38=1,57=2/1,3;
 2/9=110,12=2,17=6,18=5,40=1/2;
 3/5=1,6=6,7=1111,11=2,16=1,25=1,30=1,70=2101,71=1,72=1,74=-5,116=2/1,2,3;
 4//1;
 5/5=2,38=5,53=1/2;
 6/7=2,8=2,9=2,10=2,28=1/1;
 7//1,2,3,16;
 1/14=-1,18=20,19=15/3(2);
 2/9=110/2;
 99//99;
 2/9=110/2;
 3/5=1,6=6,7=1111,11=2,16=1,25=1,30=1,70=2105,71=1,72=1,74=-5,116=2/1,2,3;
 4/5=5,16=3/1;
 5/5=2,38=5,53=1/2;
 7//1,2,3,16;
 1/14=-1,18=20,19=15/3(-5);
 2/9=110/2;
 6/7=2,8=2,9=2,10=2,19=2,28=1/1;
 99/9=1/99;
 -------------------------------------
 N-BAP opt redo from freq (DFT uB3lyp)
 -------------------------------------
 Symbolic Z-matrix:
 Charge =  2 Multiplicity = 2
 C                     2.36302  -0.78546   0.13733 
 C                     0.0003   -0.61935   0.11061 
 C                     0.00029   0.73818  -0.13263 
 C                     1.26222   1.38597  -0.24317 
 C                     2.45521   0.60423  -0.11123 
 C                    -1.26168   1.38548  -0.24636 
 C                    -2.45483   0.6035   -0.11691 
 C                    -2.36254  -0.78438   0.14048 
 C                    -1.22361   2.78558  -0.4851 
 C                     0.0003    3.44909  -0.59305 
 C                     1.22418   2.7863   -0.4806 
 H                    -2.13947   3.35368  -0.5852 
 H                     0.00034   4.51845  -0.77344 
 H                     2.14007   3.35499  -0.57676 
 C                     3.55222  -1.69896   0.25606 
 H                     4.37535  -1.14986   0.7151 
 H                     3.3168   -2.51761   0.94018 
 C                     4.00435  -2.27474  -1.10625 
 H                     4.29563  -1.48016  -1.79811 
 H                     4.86658  -2.92722  -0.94725 
 H                     3.21361  -2.86339  -1.57904 
 C                     3.81126   1.26523  -0.19652 
 H                     4.54964   0.55733  -0.57623 
 H                     3.77243   2.07128  -0.93318 
 C                     4.28839   1.82879   1.16033 
 H                     5.26691   2.30073   1.03537 
 H                     3.59193   2.57868   1.5465 
 H                     4.38299   1.03812   1.91057 
 C                    -3.81102   1.26283  -0.21194 
 H                    -3.76946   2.06399  -0.95384 
 H                    -4.5469    0.55155  -0.5903 
 C                    -4.29522   1.83476   1.13888 
 H                    -4.39341   1.04875   1.89352 
 H                    -3.60115   2.5873    1.52418 
 H                    -5.27326   2.3055    1.0059 
 C                    -3.55053  -1.69836   0.26704 
 H                    -4.37482  -1.14689   0.72111 
 H                    -3.31375  -2.51123   0.9577 
 C                    -4.00066  -2.28645  -1.0907 
 H                    -4.86348  -2.93704  -0.92719 
 H                    -4.29038  -1.49826  -1.7905 
 H                    -3.20916  -2.87975  -1.5565 
 N                     1.12769  -1.35211   0.24201 
 N                    -1.12737  -1.35046   0.24709 
 C                    -0.7743   -2.76544   0.54902 
 H                    -1.2149   -3.42458  -0.19771 
 H                    -1.14817  -3.02344   1.54044 
 C                     0.77315  -2.77657   0.49584 
 H                     1.15273  -3.3951   -0.31734 
 H                     1.20802  -3.09921   1.44156 
 

 GradGradGradGradGradGradGradGradGradGradGradGradGradGradGradGradGradGrad
 Berny optimization.
 Initialization pass.
                           ----------------------------
                           !    Initial Parameters    !
                           ! (Angstroms and Degrees)  !
 --------------------------                            --------------------------
 ! Name  Definition              Value          Derivative Info.                !
 --------------------------------------------------------------------------------
 ! R1    R(1,5)                  1.4147         estimate D2E/DX2                !
 ! R2    R(1,15)                 1.5043         estimate D2E/DX2                !
 ! R3    R(1,43)                 1.3631         estimate D2E/DX2                !
 ! R4    R(2,3)                  1.3792         estimate D2E/DX2                !
 ! R5    R(2,43)                 1.351          estimate D2E/DX2                !
 ! R6    R(2,44)                 1.3508         estimate D2E/DX2                !
 ! R7    R(3,4)                  1.4228         estimate D2E/DX2                !
 ! R8    R(3,6)                  1.4228         estimate D2E/DX2                !
 ! R9    R(4,5)                  1.4324         estimate D2E/DX2                !
 ! R10   R(4,11)                 1.4208         estimate D2E/DX2                !
 ! R11   R(5,22)                 1.511          estimate D2E/DX2                !
 ! R12   R(6,7)                  1.4324         estimate D2E/DX2                !
 ! R13   R(6,9)                  1.4208         estimate D2E/DX2                !
 ! R14   R(7,8)                  1.4146         estimate D2E/DX2                !
 ! R15   R(7,29)                 1.511          estimate D2E/DX2                !
 ! R16   R(8,36)                 1.5042         estimate D2E/DX2                !
 ! R17   R(8,44)                 1.3629         estimate D2E/DX2                !
 ! R18   R(9,10)                 1.3964         estimate D2E/DX2                !
 ! R19   R(9,12)                 1.0824         estimate D2E/DX2                !
 ! R20   R(10,11)                1.3964         estimate D2E/DX2                !
 ! R21   R(10,13)                1.0845         estimate D2E/DX2                !
 ! R22   R(11,14)                1.0824         estimate D2E/DX2                !
 ! R23   R(15,16)                1.0908         estimate D2E/DX2                !
 ! R24   R(15,17)                1.0925         estimate D2E/DX2                !
 ! R25   R(15,18)                1.5466         estimate D2E/DX2                !
 ! R26   R(18,19)                1.0931         estimate D2E/DX2                !
 ! R27   R(18,20)                1.0929         estimate D2E/DX2                !
 ! R28   R(18,21)                1.0933         estimate D2E/DX2                !
 ! R29   R(22,23)                1.0911         estimate D2E/DX2                !
 ! R30   R(22,24)                1.0927         estimate D2E/DX2                !
 ! R31   R(22,25)                1.5448         estimate D2E/DX2                !
 ! R32   R(25,26)                1.0935         estimate D2E/DX2                !
 ! R33   R(25,27)                1.0939         estimate D2E/DX2                !
 ! R34   R(25,28)                1.0941         estimate D2E/DX2                !
 ! R35   R(29,30)                1.0927         estimate D2E/DX2                !
 ! R36   R(29,31)                1.0911         estimate D2E/DX2                !
 ! R37   R(29,32)                1.5448         estimate D2E/DX2                !
 ! R38   R(32,33)                1.094          estimate D2E/DX2                !
 ! R39   R(32,34)                1.0939         estimate D2E/DX2                !
 ! R40   R(32,35)                1.0935         estimate D2E/DX2                !
 ! R41   R(36,37)                1.0908         estimate D2E/DX2                !
 ! R42   R(36,38)                1.0926         estimate D2E/DX2                !
 ! R43   R(36,39)                1.5466         estimate D2E/DX2                !
 ! R44   R(39,40)                1.0929         estimate D2E/DX2                !
 ! R45   R(39,41)                1.0931         estimate D2E/DX2                !
 ! R46   R(39,42)                1.0934         estimate D2E/DX2                !
 ! R47   R(43,48)                1.4897         estimate D2E/DX2                !
 ! R48   R(44,45)                1.4893         estimate D2E/DX2                !
 ! R49   R(45,46)                1.0891         estimate D2E/DX2                !
 ! R50   R(45,47)                1.0905         estimate D2E/DX2                !
 ! R51   R(45,48)                1.5484         estimate D2E/DX2                !
 ! R52   R(48,49)                1.0899         estimate D2E/DX2                !
 ! R53   R(48,50)                1.0898         estimate D2E/DX2                !
 ! A1    A(5,1,15)             123.9777         estimate D2E/DX2                !
 ! A2    A(5,1,43)             118.7433         estimate D2E/DX2                !
 ! A3    A(15,1,43)            117.2542         estimate D2E/DX2                !
 ! A4    A(3,2,43)             123.4386         estimate D2E/DX2                !
 ! A5    A(3,2,44)             123.4048         estimate D2E/DX2                !
 ! A6    A(43,2,44)            113.1561         estimate D2E/DX2                !
 ! A7    A(2,3,4)              117.5068         estimate D2E/DX2                !
 ! A8    A(2,3,6)              117.5103         estimate D2E/DX2                !
 ! A9    A(4,3,6)              124.9819         estimate D2E/DX2                !
 ! A10   A(3,4,5)              118.8857         estimate D2E/DX2                !
 ! A11   A(3,4,11)             115.9739         estimate D2E/DX2                !
 ! A12   A(5,4,11)             125.1405         estimate D2E/DX2                !
 ! A13   A(1,5,4)              119.8681         estimate D2E/DX2                !
 ! A14   A(1,5,22)             119.8753         estimate D2E/DX2                !
 ! A15   A(4,5,22)             120.2326         estimate D2E/DX2                !
 ! A16   A(3,6,7)              118.8943         estimate D2E/DX2                !
 ! A17   A(3,6,9)              115.9743         estimate D2E/DX2                !
 ! A18   A(7,6,9)              125.1314         estimate D2E/DX2                !
 ! A19   A(6,7,8)              119.8492         estimate D2E/DX2                !
 ! A20   A(6,7,29)             120.2475         estimate D2E/DX2                !
 ! A21   A(8,7,29)             119.8765         estimate D2E/DX2                !
 ! A22   A(7,8,36)             124.0513         estimate D2E/DX2                !
 ! A23   A(7,8,44)             118.7428         estimate D2E/DX2                !
 ! A24   A(36,8,44)            117.1811         estimate D2E/DX2                !
 ! A25   A(6,9,10)             120.3126         estimate D2E/DX2                !
 ! A26   A(6,9,12)             120.6689         estimate D2E/DX2                !
 ! A27   A(10,9,12)            119.0184         estimate D2E/DX2                !
 ! A28   A(9,10,11)            122.4423         estimate D2E/DX2                !
 ! A29   A(9,10,13)            118.7796         estimate D2E/DX2                !
 ! A30   A(11,10,13)           118.7779         estimate D2E/DX2                !
 ! A31   A(4,11,10)            120.3142         estimate D2E/DX2                !
 ! A32   A(4,11,14)            120.6656         estimate D2E/DX2                !
 ! A33   A(10,11,14)           119.0203         estimate D2E/DX2                !
 ! A34   A(1,15,16)            108.9105         estimate D2E/DX2                !
 ! A35   A(1,15,17)            109.5181         estimate D2E/DX2                !
 ! A36   A(1,15,18)            112.8103         estimate D2E/DX2                !
 ! A37   A(16,15,17)           106.0391         estimate D2E/DX2                !
 ! A38   A(16,15,18)           109.7257         estimate D2E/DX2                !
 ! A39   A(17,15,18)           109.6097         estimate D2E/DX2                !
 ! A40   A(15,18,19)           111.3954         estimate D2E/DX2                !
 ! A41   A(15,18,20)           108.9506         estimate D2E/DX2                !
 ! A42   A(15,18,21)           111.7118         estimate D2E/DX2                !
 ! A43   A(19,18,20)           108.4106         estimate D2E/DX2                !
 ! A44   A(19,18,21)           108.0833         estimate D2E/DX2                !
 ! A45   A(20,18,21)           108.1843         estimate D2E/DX2                !
 ! A46   A(5,22,23)            110.0692         estimate D2E/DX2                !
 ! A47   A(5,22,24)            109.2009         estimate D2E/DX2                !
 ! A48   A(5,22,25)            112.7816         estimate D2E/DX2                !
 ! A49   A(23,22,24)           105.5473         estimate D2E/DX2                !
 ! A50   A(23,22,25)           109.4718         estimate D2E/DX2                !
 ! A51   A(24,22,25)           109.5136         estimate D2E/DX2                !
 ! A52   A(22,25,26)           109.4789         estimate D2E/DX2                !
 ! A53   A(22,25,27)           111.3172         estimate D2E/DX2                !
 ! A54   A(22,25,28)           111.4309         estimate D2E/DX2                !
 ! A55   A(26,25,27)           108.3127         estimate D2E/DX2                !
 ! A56   A(26,25,28)           108.233          estimate D2E/DX2                !
 ! A57   A(27,25,28)           107.9632         estimate D2E/DX2                !
 ! A58   A(7,29,30)            109.178          estimate D2E/DX2                !
 ! A59   A(7,29,31)            110.0409         estimate D2E/DX2                !
 ! A60   A(7,29,32)            112.8245         estimate D2E/DX2                !
 ! A61   A(30,29,31)           105.5544         estimate D2E/DX2                !
 ! A62   A(30,29,32)           109.5229         estimate D2E/DX2                !
 ! A63   A(31,29,32)           109.4614         estimate D2E/DX2                !
 ! A64   A(29,32,33)           111.4266         estimate D2E/DX2                !
 ! A65   A(29,32,34)           111.3363         estimate D2E/DX2                !
 ! A66   A(29,32,35)           109.4739         estimate D2E/DX2                !
 ! A67   A(33,32,34)           107.9541         estimate D2E/DX2                !
 ! A68   A(33,32,35)           108.2333         estimate D2E/DX2                !
 ! A69   A(34,32,35)           108.3112         estimate D2E/DX2                !
 ! A70   A(8,36,37)            108.9446         estimate D2E/DX2                !
 ! A71   A(8,36,38)            109.5161         estimate D2E/DX2                !
 ! A72   A(8,36,39)            112.7706         estimate D2E/DX2                !
 ! A73   A(37,36,38)           106.067          estimate D2E/DX2                !
 ! A74   A(37,36,39)           109.7408         estimate D2E/DX2                !
 ! A75   A(38,36,39)           109.5789         estimate D2E/DX2                !
 ! A76   A(36,39,40)           108.9529         estimate D2E/DX2                !
 ! A77   A(36,39,41)           111.4062         estimate D2E/DX2                !
 ! A78   A(36,39,42)           111.6943         estimate D2E/DX2                !
 ! A79   A(40,39,41)           108.4069         estimate D2E/DX2                !
 ! A80   A(40,39,42)           108.1928         estimate D2E/DX2                !
 ! A81   A(41,39,42)           108.083          estimate D2E/DX2                !
 ! A82   A(1,43,2)             121.5545         estimate D2E/DX2                !
 ! A83   A(1,43,48)            128.7753         estimate D2E/DX2                !
 ! A84   A(2,43,48)            109.6698         estimate D2E/DX2                !
 ! A85   A(2,44,8)             121.5915         estimate D2E/DX2                !
 ! A86   A(2,44,45)            109.6818         estimate D2E/DX2                !
 ! A87   A(8,44,45)            128.7073         estimate D2E/DX2                !
 ! A88   A(44,45,46)           109.8827         estimate D2E/DX2                !
 ! A89   A(44,45,47)           109.136          estimate D2E/DX2                !
 ! A90   A(44,45,48)           103.6968         estimate D2E/DX2                !
 ! A91   A(46,45,47)           109.9647         estimate D2E/DX2                !
 ! A92   A(46,45,48)           112.1105         estimate D2E/DX2                !
 ! A93   A(47,45,48)           111.8485         estimate D2E/DX2                !
 ! A94   A(43,48,45)           103.6998         estimate D2E/DX2                !
 ! A95   A(43,48,49)           109.429          estimate D2E/DX2                !
 ! A96   A(43,48,50)           109.6329         estimate D2E/DX2                !
 ! A97   A(45,48,49)           112.1949         estimate D2E/DX2                !
 ! A98   A(45,48,50)           111.7847         estimate D2E/DX2                !
 ! A99   A(49,48,50)           109.9057         estimate D2E/DX2                !
 ! D1    D(15,1,5,4)           178.338          estimate D2E/DX2                !
 ! D2    D(15,1,5,22)           -3.4384         estimate D2E/DX2                !
 ! D3    D(43,1,5,4)             0.2011         estimate D2E/DX2                !
 ! D4    D(43,1,5,22)          178.4247         estimate D2E/DX2                !
 ! D5    D(5,1,15,16)           33.9386         estimate D2E/DX2                !
 ! D6    D(5,1,15,17)          149.4886         estimate D2E/DX2                !
 ! D7    D(5,1,15,18)          -88.1428         estimate D2E/DX2                !
 ! D8    D(43,1,15,16)        -147.8989         estimate D2E/DX2                !
 ! D9    D(43,1,15,17)         -32.3489         estimate D2E/DX2                !
 ! D10   D(43,1,15,18)          90.0197         estimate D2E/DX2                !
 ! D11   D(5,1,43,2)             0.1768         estimate D2E/DX2                !
 ! D12   D(5,1,43,48)          179.9183         estimate D2E/DX2                !
 ! D13   D(15,1,43,2)         -178.0853         estimate D2E/DX2                !
 ! D14   D(15,1,43,48)           1.6561         estimate D2E/DX2                !
 ! D15   D(43,2,3,4)            -0.2414         estimate D2E/DX2                !
 ! D16   D(43,2,3,6)          -179.8935         estimate D2E/DX2                !
 ! D17   D(44,2,3,4)           179.4786         estimate D2E/DX2                !
 ! D18   D(44,2,3,6)            -0.1735         estimate D2E/DX2                !
 ! D19   D(3,2,43,1)            -0.1589         estimate D2E/DX2                !
 ! D20   D(3,2,43,48)         -179.9449         estimate D2E/DX2                !
 ! D21   D(44,2,43,1)         -179.9047         estimate D2E/DX2                !
 ! D22   D(44,2,43,48)           0.3093         estimate D2E/DX2                !
 ! D23   D(3,2,44,8)             0.5434         estimate D2E/DX2                !
 ! D24   D(3,2,44,45)         -177.9839         estimate D2E/DX2                !
 ! D25   D(43,2,44,8)         -179.7107         estimate D2E/DX2                !
 ! D26   D(43,2,44,45)           1.762          estimate D2E/DX2                !
 ! D27   D(2,3,4,5)              0.6007         estimate D2E/DX2                !
 ! D28   D(2,3,4,11)          -179.3974         estimate D2E/DX2                !
 ! D29   D(6,3,4,5)           -179.776          estimate D2E/DX2                !
 ! D30   D(6,3,4,11)             0.226          estimate D2E/DX2                !
 ! D31   D(2,3,6,7)             -0.5757         estimate D2E/DX2                !
 ! D32   D(2,3,6,9)            179.4616         estimate D2E/DX2                !
 ! D33   D(4,3,6,7)            179.801          estimate D2E/DX2                !
 ! D34   D(4,3,6,9)             -0.1618         estimate D2E/DX2                !
 ! D35   D(3,4,5,1)             -0.5908         estimate D2E/DX2                !
 ! D36   D(3,4,5,22)          -178.808          estimate D2E/DX2                !
 ! D37   D(11,4,5,1)           179.407          estimate D2E/DX2                !
 ! D38   D(11,4,5,22)            1.1899         estimate D2E/DX2                !
 ! D39   D(3,4,11,10)           -0.0348         estimate D2E/DX2                !
 ! D40   D(3,4,11,14)          179.9532         estimate D2E/DX2                !
 ! D41   D(5,4,11,10)          179.9673         estimate D2E/DX2                !
 ! D42   D(5,4,11,14)           -0.0447         estimate D2E/DX2                !
 ! D43   D(1,5,22,23)           30.3296         estimate D2E/DX2                !
 ! D44   D(1,5,22,24)          145.7592         estimate D2E/DX2                !
 ! D45   D(1,5,22,25)          -92.2423         estimate D2E/DX2                !
 ! D46   D(4,5,22,23)         -151.4534         estimate D2E/DX2                !
 ! D47   D(4,5,22,24)          -36.0238         estimate D2E/DX2                !
 ! D48   D(4,5,22,25)           85.9748         estimate D2E/DX2                !
 ! D49   D(3,6,7,8)              0.9758         estimate D2E/DX2                !
 ! D50   D(3,6,7,29)           179.0901         estimate D2E/DX2                !
 ! D51   D(9,6,7,8)           -179.0652         estimate D2E/DX2                !
 ! D52   D(9,6,7,29)            -0.9508         estimate D2E/DX2                !
 ! D53   D(3,6,9,10)            -0.0951         estimate D2E/DX2                !
 ! D54   D(3,6,9,12)           179.9517         estimate D2E/DX2                !
 ! D55   D(7,6,9,10)           179.9448         estimate D2E/DX2                !
 ! D56   D(7,6,9,12)            -0.0084         estimate D2E/DX2                !
 ! D57   D(6,7,8,36)          -178.7648         estimate D2E/DX2                !
 ! D58   D(6,7,8,44)            -0.63           estimate D2E/DX2                !
 ! D59   D(29,7,8,36)            3.1138         estimate D2E/DX2                !
 ! D60   D(29,7,8,44)         -178.7514         estimate D2E/DX2                !
 ! D61   D(6,7,29,30)           36.1577         estimate D2E/DX2                !
 ! D62   D(6,7,29,31)          151.567          estimate D2E/DX2                !
 ! D63   D(6,7,29,32)          -85.8652         estimate D2E/DX2                !
 ! D64   D(8,7,29,30)         -145.7285         estimate D2E/DX2                !
 ! D65   D(8,7,29,31)          -30.3192         estimate D2E/DX2                !
 ! D66   D(8,7,29,32)           92.2487         estimate D2E/DX2                !
 ! D67   D(7,8,36,37)          -33.7763         estimate D2E/DX2                !
 ! D68   D(7,8,36,38)         -149.3775         estimate D2E/DX2                !
 ! D69   D(7,8,36,39)           88.3221         estimate D2E/DX2                !
 ! D70   D(44,8,36,37)         148.0621         estimate D2E/DX2                !
 ! D71   D(44,8,36,38)          32.4609         estimate D2E/DX2                !
 ! D72   D(44,8,36,39)         -89.8395         estimate D2E/DX2                !
 ! D73   D(7,8,44,2)            -0.1217         estimate D2E/DX2                !
 ! D74   D(7,8,44,45)          178.1012         estimate D2E/DX2                !
 ! D75   D(36,8,44,2)          178.1411         estimate D2E/DX2                !
 ! D76   D(36,8,44,45)          -3.636          estimate D2E/DX2                !
 ! D77   D(6,9,10,11)            0.2831         estimate D2E/DX2                !
 ! D78   D(6,9,10,13)         -179.8766         estimate D2E/DX2                !
 ! D79   D(12,9,10,11)        -179.763          estimate D2E/DX2                !
 ! D80   D(12,9,10,13)           0.0773         estimate D2E/DX2                !
 ! D81   D(9,10,11,4)           -0.2141         estimate D2E/DX2                !
 ! D82   D(9,10,11,14)         179.7976         estimate D2E/DX2                !
 ! D83   D(13,10,11,4)         179.9456         estimate D2E/DX2                !
 ! D84   D(13,10,11,14)         -0.0426         estimate D2E/DX2                !
 ! D85   D(1,15,18,19)          60.5368         estimate D2E/DX2                !
 ! D86   D(1,15,18,20)        -179.9142         estimate D2E/DX2                !
 ! D87   D(1,15,18,21)         -60.4501         estimate D2E/DX2                !
 ! D88   D(16,15,18,19)        -61.0847         estimate D2E/DX2                !
 ! D89   D(16,15,18,20)         58.4644         estimate D2E/DX2                !
 ! D90   D(16,15,18,21)        177.9285         estimate D2E/DX2                !
 ! D91   D(17,15,18,19)       -177.1461         estimate D2E/DX2                !
 ! D92   D(17,15,18,20)        -57.597          estimate D2E/DX2                !
 ! D93   D(17,15,18,21)         61.8671         estimate D2E/DX2                !
 ! D94   D(5,22,25,26)        -179.5094         estimate D2E/DX2                !
 ! D95   D(5,22,25,27)         -59.7882         estimate D2E/DX2                !
 ! D96   D(5,22,25,28)          60.7969         estimate D2E/DX2                !
 ! D97   D(23,22,25,26)         57.5847         estimate D2E/DX2                !
 ! D98   D(23,22,25,27)        177.306          estimate D2E/DX2                !
 ! D99   D(23,22,25,28)        -62.1089         estimate D2E/DX2                !
 ! D100  D(24,22,25,26)        -57.6874         estimate D2E/DX2                !
 ! D101  D(24,22,25,27)         62.0339         estimate D2E/DX2                !
 ! D102  D(24,22,25,28)       -177.381          estimate D2E/DX2                !
 ! D103  D(7,29,32,33)         -60.8419         estimate D2E/DX2                !
 ! D104  D(7,29,32,34)          59.7418         estimate D2E/DX2                !
 ! D105  D(7,29,32,35)         179.4699         estimate D2E/DX2                !
 ! D106  D(30,29,32,33)        177.3297         estimate D2E/DX2                !
 ! D107  D(30,29,32,34)        -62.0866         estimate D2E/DX2                !
 ! D108  D(30,29,32,35)         57.6415         estimate D2E/DX2                !
 ! D109  D(31,29,32,33)         62.0497         estimate D2E/DX2                !
 ! D110  D(31,29,32,34)       -177.3666         estimate D2E/DX2                !
 ! D111  D(31,29,32,35)        -57.6384         estimate D2E/DX2                !
 ! D112  D(8,36,39,40)        -179.9608         estimate D2E/DX2                !
 ! D113  D(8,36,39,41)         -60.408          estimate D2E/DX2                !
 ! D114  D(8,36,39,42)          60.5739         estimate D2E/DX2                !
 ! D115  D(37,36,39,40)        -58.3119         estimate D2E/DX2                !
 ! D116  D(37,36,39,41)         61.2409         estimate D2E/DX2                !
 ! D117  D(37,36,39,42)       -177.7772         estimate D2E/DX2                !
 ! D118  D(38,36,39,40)         57.774          estimate D2E/DX2                !
 ! D119  D(38,36,39,41)        177.3268         estimate D2E/DX2                !
 ! D120  D(38,36,39,42)        -61.6913         estimate D2E/DX2                !
 ! D121  D(1,43,48,45)         178.1277         estimate D2E/DX2                !
 ! D122  D(1,43,48,49)         -61.9858         estimate D2E/DX2                !
 ! D123  D(1,43,48,50)          58.621          estimate D2E/DX2                !
 ! D124  D(2,43,48,45)          -2.1062         estimate D2E/DX2                !
 ! D125  D(2,43,48,49)         117.7802         estimate D2E/DX2                !
 ! D126  D(2,43,48,50)        -121.6129         estimate D2E/DX2                !
 ! D127  D(2,44,45,46)        -122.9373         estimate D2E/DX2                !
 ! D128  D(2,44,45,47)         116.4115         estimate D2E/DX2                !
 ! D129  D(2,44,45,48)          -2.9302         estimate D2E/DX2                !
 ! D130  D(8,44,45,46)          58.6703         estimate D2E/DX2                !
 ! D131  D(8,44,45,47)         -61.9809         estimate D2E/DX2                !
 ! D132  D(8,44,45,48)         178.6775         estimate D2E/DX2                !
 ! D133  D(44,45,48,43)          2.9237         estimate D2E/DX2                !
 ! D134  D(44,45,48,49)       -115.0608         estimate D2E/DX2                !
 ! D135  D(44,45,48,50)        120.9485         estimate D2E/DX2                !
 ! D136  D(46,45,48,43)        121.4036         estimate D2E/DX2                !
 ! D137  D(46,45,48,49)          3.4191         estimate D2E/DX2                !
 ! D138  D(46,45,48,50)       -120.5716         estimate D2E/DX2                !
 ! D139  D(47,45,48,43)       -114.5433         estimate D2E/DX2                !
 ! D140  D(47,45,48,49)        127.4722         estimate D2E/DX2                !
 ! D141  D(47,45,48,50)          3.4816         estimate D2E/DX2                !
 --------------------------------------------------------------------------------
 Trust Radius=3.00D-01 FncErr=1.00D-07 GrdErr=1.00D-06
 Number of steps in this run= 300 maximum allowed number of steps= 300.
 GradGradGradGradGradGradGradGradGradGradGradGradGradGradGradGradGradGrad

                          Input orientation:                          
 ---------------------------------------------------------------------
 Center     Atomic      Atomic             Coordinates (Angstroms)
 Number     Number       Type             X           Y           Z
 ---------------------------------------------------------------------
      1          6           0        2.363020   -0.785459    0.137333
      2          6           0        0.000300   -0.619350    0.110605
      3          6           0        0.000289    0.738181   -0.132633
      4          6           0        1.262224    1.385971   -0.243172
      5          6           0        2.455209    0.604227   -0.111232
      6          6           0       -1.261676    1.385484   -0.246359
      7          6           0       -2.454827    0.603501   -0.116914
      8          6           0       -2.362543   -0.784376    0.140480
      9          6           0       -1.223608    2.785575   -0.485097
     10          6           0        0.000300    3.449094   -0.593050
     11          6           0        1.224179    2.786295   -0.480596
     12          1           0       -2.139470    3.353679   -0.585202
     13          1           0        0.000336    4.518454   -0.773442
     14          1           0        2.140072    3.354989   -0.576761
     15          6           0        3.552224   -1.698957    0.256057
     16          1           0        4.375345   -1.149861    0.715100
     17          1           0        3.316797   -2.517605    0.940184
     18          6           0        4.004349   -2.274740   -1.106252
     19          1           0        4.295631   -1.480155   -1.798113
     20          1           0        4.866580   -2.927217   -0.947249
     21          1           0        3.213609   -2.863393   -1.579043
     22          6           0        3.811257    1.265230   -0.196517
     23          1           0        4.549635    0.557331   -0.576230
     24          1           0        3.772431    2.071284   -0.933182
     25          6           0        4.288391    1.828785    1.160329
     26          1           0        5.266912    2.300729    1.035371
     27          1           0        3.591933    2.578680    1.546497
     28          1           0        4.382989    1.038116    1.910569
     29          6           0       -3.811017    1.262827   -0.211935
     30          1           0       -3.769464    2.063994   -0.953843
     31          1           0       -4.546902    0.551548   -0.590296
     32          6           0       -4.295220    1.834755    1.138884
     33          1           0       -4.393407    1.048746    1.893524
     34          1           0       -3.601148    2.587299    1.524181
     35          1           0       -5.273260    2.305500    1.005898
     36          6           0       -3.550533   -1.698358    0.267038
     37          1           0       -4.374819   -1.146887    0.721111
     38          1           0       -3.313753   -2.511230    0.957696
     39          6           0       -4.000662   -2.286447   -1.090697
     40          1           0       -4.863480   -2.937036   -0.927191
     41          1           0       -4.290379   -1.498258   -1.790497
     42          1           0       -3.209164   -2.879751   -1.556502
     43          7           0        1.127690   -1.352114    0.242013
     44          7           0       -1.127369   -1.350457    0.247087
     45          6           0       -0.774300   -2.765444    0.549023
     46          1           0       -1.214897   -3.424583   -0.197709
     47          1           0       -1.148171   -3.023442    1.540437
     48          6           0        0.773149   -2.776565    0.495835
     49          1           0        1.152734   -3.395096   -0.317344
     50          1           0        1.208023   -3.099213    1.441559
 ---------------------------------------------------------------------
                    Distance matrix (angstroms):
                    1          2          3          4          5
     1  C    0.000000
     2  C    2.368703   0.000000
     3  C    2.824333   1.379150   0.000000
     4  C    2.464071   2.395605   1.422790   0.000000
     5  C    1.414748   2.751896   2.458665   1.432391   0.000000
     6  C    4.242480   2.395697   1.422846   2.523902   3.800507
     7  C    5.020508   2.752231   2.458858   3.800614   4.910039
     8  C    4.725564   2.368787   2.824136   4.242232   5.020190
     9  C    5.099373   3.666923   2.411219   2.863002   4.293221
    10  C    4.903809   4.128846   2.749733   2.443633   3.788403
    11  C    3.799503   3.666854   2.411173   1.420818   2.532447
    12  H    6.158485   4.565931   3.409431   3.944665   5.375426
    13  H    5.877353   5.213307   3.834201   3.418479   4.667558
    14  H    4.207487   4.565793   3.409341   2.181497   2.807618
    15  C    1.504254   3.715222   4.325155   3.874288   2.577402
    16  H    2.125101   4.448356   4.839883   4.127984   2.728841
    17  H    2.134149   3.910336   4.769728   4.567221   3.404944
    18  C    2.541343   4.500385   5.104716   4.654564   3.417360
    19  H    2.821974   4.778500   5.113199   4.453547   3.252287
    20  H    3.468610   5.488714   6.146505   5.664865   4.357147
    21  H    2.826174   4.268020   5.038736   4.863080   3.841097
    22  C    2.532621   4.262553   3.847771   2.552317   1.510981
    23  H    2.663370   4.748976   4.574498   3.406559   2.145936
    24  H    3.360569   4.749524   4.080085   2.692008   2.136102
    25  C    3.404093   5.048070   4.609662   3.365054   2.544988
    26  H    4.331699   6.092557   5.616325   4.302206   3.478289
    27  H    3.848818   5.018865   4.371135   3.170649   2.817565
    28  H    3.248087   5.019465   4.844863   3.807726   2.827061
    29  C    6.514307   4.262952   3.848064   5.074831   6.301546
    30  H    6.849628   4.748105   4.079608   5.126661   6.448835
    31  H    7.075596   4.747558   4.573973   5.879005   7.018678
    32  C    7.225011   5.052869   4.612009   5.744273   6.974617
    33  H    7.217882   5.026530   4.848332   6.055192   7.149838
    34  H    6.990718   5.025059   4.374313   5.312166   6.579256
    35  H    8.283792   6.096452   5.618101   6.717013   7.991967
    36  C    5.985008   3.714451   4.324904   5.738992   6.443130
    37  H    6.772732   4.448896   4.839827   6.254715   7.099893
    38  H    5.989744   3.908928   4.767637   6.129423   6.643012
    39  C    6.652629   4.497781   5.106258   6.473247   7.140982
    40  H    7.614775   5.486806   6.147747   7.528647   8.171263
    41  H    6.963643   4.774578   5.114685   6.445494   7.262460
    42  H    6.189052   4.264894   5.041570   6.317795   6.805294
    43  N    1.363120   1.351007   2.404314   2.783992   2.390473
    44  N    3.537525   1.350845   2.403790   3.665862   4.096834
    45  C    3.732641   2.323346   3.652401   4.691402   4.713846
    46  H    4.458556   3.072636   4.336994   5.411065   5.450547
    47  H    4.393829   3.023750   4.274100   5.332372   5.373299
    48  C    2.573075   2.323634   3.653180   4.255823   3.824606
    49  H    2.912341   3.035788   4.294907   4.782896   4.211117
    50  H    2.896287   3.062638   4.319988   4.791464   4.205009
                    6          7          8          9         10
     6  C    0.000000
     7  C    1.432432   0.000000
     8  C    2.463706   1.414557   0.000000
     9  C    1.420810   2.532372   3.799088   0.000000
    10  C    2.443617   3.788371   4.903403   1.396375   0.000000
    11  C    2.862973   4.293243   5.099020   2.447791   1.396362
    12  H    2.181543   2.807530   4.207122   1.082389   2.141911
    13  H    3.418478   4.667517   5.876943   2.141040   1.084469
    14  H    3.944617   5.375429   6.158110   3.412767   2.141902
    15  C    5.739323   6.443996   5.986174   6.593095   6.311860
    16  H    6.255268   7.100548   6.772215   6.948122   6.480946
    17  H    6.132243   6.646082   5.991537   7.125337   6.996532
    18  C    6.470524   7.140309   6.656789   7.302339   7.004146
    19  H    6.442320   7.262006   6.969471   7.098060   6.648274
    20  H    7.526364   8.170583   7.618080   8.363012   8.028915
    21  H    6.313254   6.803554   6.194557   7.266117   7.151575
    22  C    5.074603   6.301431   6.513851   5.267314   4.410203
    23  H    5.879285   7.019657   7.077574   6.188999   5.390642
    24  H    5.126820   6.449761   6.851675   5.066695   4.030263
    25  C    5.742694   6.971632   7.218284   5.831381   4.907898
    26  H    6.715874   7.989593   8.278121   6.683842   5.630959
    27  H    5.309950   6.575072   6.981605   5.230642   4.270259
    28  H    6.052706   7.145300   7.208113   6.342457   5.593647
    29  C    2.552522   1.510957   2.532452   3.014642   4.410346
    30  H    2.692566   2.135828   3.360086   2.687338   4.032344
    31  H    3.406824   2.145593   2.662734   4.005774   5.391922
    32  C    3.364986   2.545596   3.404688   3.602246   4.904812
    33  H    3.807917   2.828108   3.249293   4.326897   5.590115
    34  H    3.170536   2.818279   3.849281   3.119168   4.265652
    35  H    4.302021   3.478660   4.332269   4.342029   5.628044
    36  C    3.874600   2.578090   1.504227   5.107440   6.312244
    37  H    4.128021   2.729929   2.125512   5.181634   6.480102
    38  H    4.565649   3.405010   2.134167   5.874223   6.993799
    39  C    4.658114   3.419014   2.540757   5.814137   7.010833
    40  H    5.667513   4.358160   3.468220   6.796499   8.034343
    41  H    4.457956   3.253847   2.820435   5.427742   6.657334
    42  H    4.868410   3.843759   2.826148   6.098054   7.161227
    43  N    3.666336   4.097278   3.537564   4.814329   5.001993
    44  N    2.783325   2.390103   1.362889   4.201442   5.001316
    45  C    4.254453   3.823275   2.571780   5.664371   6.365911
    46  H    4.810540   4.215378   2.898647   6.216810   6.991454
    47  H    4.758587   4.196293   2.906544   6.152492   6.911185
    48  C    4.691910   4.713824   3.731978   5.990548   6.367244
    49  H    5.356152   5.389197   4.402571   6.623884   6.946010
    50  H    5.390824   5.436488   4.449744   6.652485   6.962654
                   11         12         13         14         15
    11  C    0.000000
    12  H    3.412770   0.000000
    13  H    2.141010   2.443543   0.000000
    14  H    1.082368   4.279551   2.443523   0.000000
    15  C    5.106852   7.657168   7.234084   5.313203   0.000000
    16  H    5.181975   8.025925   7.313430   5.192208   1.090759
    17  H    5.876140   8.159021   7.965021   6.178444   1.092538
    18  C    5.808172   8.348479   7.892425   5.953968   1.546554
    19  H    5.419618   8.139265   7.448679   5.432932   2.195482
    20  H    6.791838   9.416234   8.896547   6.858369   2.164278
    21  H    6.089613   8.264089   8.091093   6.389470   2.199583
    22  C    3.014517   6.318532   5.043751   2.702691   3.009705
    23  H    4.004508   7.250087   6.035355   3.692274   2.603530
    24  H    2.685082   6.059389   4.499206   2.107019   3.959482
    25  C    3.605393   6.832977   5.418598   3.156272   3.715456
    26  H    4.344838   7.654375   5.993908   3.672542   4.420970
    27  H    3.123855   6.163907   4.695147   2.686779   4.468220
    28  H    4.330344   7.357525   6.206796   4.072516   3.304414
    29  C    5.267479   2.702787   5.043888   6.318679   7.950377
    30  H    5.067756   2.110939   4.502034   6.060650   8.320503
    31  H    6.189629   3.694278   6.037157   7.250868   8.448487
    32  C    5.830258   3.150692   5.413966   6.831364   8.651525
    33  H    6.341356   4.066575   6.201335   7.355774   8.565292
    34  H    5.229007   2.678309   4.688189   6.161567   8.435097
    35  H    6.682630   3.667549   5.989493   7.652694   9.720448
    36  C    6.593098   5.314178   7.234640   7.657108   7.102766
    37  H    6.947143   5.192141   7.312439   8.024660   7.959841
    38  H    7.122168   6.177106   7.962191   8.155445   6.949369
    39  C    7.307797   5.960753   7.900336   8.354552   7.694477
    40  H    8.367530   6.863693   8.903071   9.421365   8.588189
    41  H    7.105180   5.442466   7.459588   8.147261   8.107718
    42  H    7.274351   6.398697   8.102315   8.273222   7.099015
    43  N    4.202131   5.788187   6.063468   4.883864   2.449258
    44  N    4.813732   4.883231   6.062781   5.787583   4.692560
    45  C    5.989644   6.371328   7.443396   6.871729   4.465650
    46  H    6.678632   6.851994   8.056060   7.573777   5.090101
    47  H    6.592849   6.794754   7.972032   7.481942   5.049515
    48  C    5.665885   6.872546   7.444838   6.372982   2.990316
    49  H    6.183959   7.513742   8.010014   6.826843   2.993865
    50  H    6.191457   7.546740   8.024562   6.826350   2.976812
                   16         17         18         19         20
    16  H    0.000000
    17  H    1.744107   0.000000
    18  C    2.172628   2.172467   0.000000
    19  H    2.536077   3.087505   1.093107   0.000000
    20  H    2.482682   2.476290   1.092909   1.773116   0.000000
    21  H    3.090132   2.544940   1.093304   1.769777   1.770749
    22  C    2.642330   3.980756   3.660094   3.215100   4.387929
    23  H    2.147653   3.643437   2.932386   2.389323   3.518549
    24  H    3.668258   4.977450   4.355647   3.692501   5.116871
    25  C    3.012992   4.459099   4.696487   4.438639   5.234094
    26  H    3.578273   5.198880   5.207258   4.823598   5.605575
    27  H    3.899612   5.139595   5.546427   5.306199   6.177248
    28  H    2.493281   3.836869   4.496620   4.483709   4.911705
    29  C    8.584695   8.150140   8.625203   8.703887   9.664256
    30  H    8.913593   8.648323   8.903932   8.849833   9.974642
    31  H    9.176347   8.579034   9.020976   9.152979  10.042055
    32  C    9.179664   8.770708   9.529503   9.665263  10.534083
    33  H    9.116664   8.548389   9.516644   9.773582  10.470226
    34  H    8.845644   8.617370   9.402244   9.483720  10.402897
    35  H   10.252788   9.851687  10.560010  10.665708  11.576375
    36  C    7.957459   6.948706   7.700285   8.116326   8.592577
    37  H    8.750167   7.815870   8.649957   9.035168   9.558057
    38  H    7.812452   6.630576   7.607261   8.158451   8.409501
    39  C    8.643508   7.597573   8.005035   8.365346   8.891521
    40  H    9.552330   8.401187   8.894329   9.315059   9.730086
    41  H    9.027412   8.146460   8.359045   8.586032   9.306067
    42  H    8.104164   6.996625   7.252829   7.638010   8.098832
    43  N    3.288158   2.576432   3.308206   3.770193   4.227835
    44  N    5.526223   4.646852   5.387054   5.797292   6.311896
    45  C    5.399679   4.117221   5.080966   5.732819   5.838196
    46  H    6.103965   4.759586   5.421081   6.058714   6.147646
    47  H    5.890731   4.533444   5.840717   6.569827   6.509614
    48  C    3.958543   2.595121   3.641314   4.398949   4.342967
    49  H    4.061064   2.652270   3.163745   3.967049   3.795832
    50  H    3.789412   2.244231   3.871761   4.759217   4.372759
                   21         22         23         24         25
    21  H    0.000000
    22  C    4.394780   0.000000
    23  H    3.806830   1.091103   0.000000
    24  H    5.008039   1.092660   1.738826   0.000000
    25  C    5.538578   1.544760   2.168059   2.169749   0.000000
    26  H    6.141610   2.169963   2.480157   2.482201   1.093549
    27  H    6.287153   2.193479   3.083669   2.537487   1.093856
    28  H    5.363452   2.195056   2.538325   3.086606   1.094060
    29  C    8.260753   7.622290   8.398270   7.660449   8.234308
    30  H    8.569325   7.660215   8.462862   7.541927   8.333911
    31  H    8.536098   8.397811   9.096550   8.463951   9.097166
    32  C    9.265108   8.235449   9.099719   8.332850   8.583640
    33  H    9.232023   8.469454   9.290811   8.701538   8.747551
    34  H    9.261801   7.723498   8.658392   7.789388   7.934265
    35  H   10.267732   9.222603  10.101905   9.254157   9.574773
    36  C    7.107668   7.949446   8.450559   8.323252   8.642189
    37  H    8.113035   8.583251   9.177872   8.914650   9.170537
    38  H    7.011813   8.146142   8.579153   8.648055   8.756106
    39  C    7.253761   8.627865   9.025482   8.912665   9.524214
    40  H    8.103684   9.666643  10.046915   9.983099  10.527466
    41  H    7.630081   8.707132   9.156732   8.859206   9.662913
    42  H    6.422833   8.265394   8.542449   8.581605   9.260929
    43  N    3.154563   3.774166   4.003150   4.482788   4.577276
    44  N    4.946495   5.606124   6.045319   6.091747   6.346026
    45  C    4.521247   6.150569   6.375838   6.801737   6.863780
    46  H    4.672760   6.874342   7.016320   7.457809   7.728410
    47  H    5.364876   6.782746   7.054588   7.502489   7.296903
    48  C    3.204450   5.103485   5.150343   5.877025   5.831614
    49  H    2.474227   5.366655   5.218011   6.092896   6.269354
    50  H    3.633459   5.339334   5.348659   6.240963   5.818326
                   26         27         28         29         30
    26  H    0.000000
    27  H    1.773150   0.000000
    28  H    1.772423   1.769648   0.000000
    29  C    9.221812   7.721866   8.467423   0.000000
    30  H    9.255761   7.791455   8.701711   1.092713   0.000000
    31  H   10.100167   8.655390   9.286228   1.091147   1.738985
    32  C    9.574039   7.932639   8.748797   1.544754   2.169902
    33  H    9.778837   8.137984   8.776419   2.194987   3.086670
    34  H    8.886143   7.193121   8.142218   2.193711   2.538263
    35  H   10.540214   8.885861   9.780994   2.169894   2.481998
    36  C    9.712382   8.422879   8.551623   3.010961   3.961537
    37  H   10.244403   8.833473   9.104298   2.644838   3.671741
    38  H    9.838130   8.598975   8.529107   3.982313   4.979390
    39  C   10.557001   9.395305   9.505047   3.661357   4.358729
    40  H   11.571978  10.394049  10.457146   4.388407   5.119363
    41  H   10.665817   9.480917   9.765162   3.216401   3.696077
    42  H   10.266404   9.256241   9.220144   4.396708   5.011761
    43  N    5.577261   4.819265   4.369697   5.606676   6.089498
    44  N    7.405362   6.276814   6.231894   3.773847   4.481225
    45  C    7.899297   6.972704   6.551222   5.101732   5.878187
    46  H    8.735762   7.885876   7.463032   5.358344   6.100986
    47  H    8.351957   7.338419   6.872189   5.341691   6.242965
    48  C    6.801759   6.142319   5.439137   6.150789   6.794697
    49  H    7.155328   6.716368   5.920432   6.807803   7.377996
    50  H    6.767492   6.158937   5.236208   6.852167   7.561219
                   31         32         33         34         35
    31  H    0.000000
    32  C    2.167955   0.000000
    33  H    2.537741   1.094044   0.000000
    34  H    3.083788   1.093852   1.769529   0.000000
    35  H    2.480278   1.093549   1.772414   1.773129   0.000000
    36  C    2.605734   3.714507   3.301889   4.466523   4.420925
    37  H    2.152692   3.011820   2.489117   3.897131   3.578725
    38  H    3.646580   4.459113   3.835995   5.137947   5.200277
    39  C    2.933086   4.694902   4.492587   5.545322   5.205881
    40  H    3.519082   5.230829   4.905493   6.174219   5.602583
    41  H    2.389140   4.437372   4.479939   5.306025   4.822287
    42  H    3.807481   5.538158   5.360802   6.287519   6.141109
    43  N    6.042984   6.353618   6.242926   6.286878   7.411735
    44  N    4.001505   4.579974   4.374235   4.822497   5.579447
    45  C    5.151020   5.822941   5.427123   6.131383   6.794398
    46  H    5.202499   6.239832   5.872551   6.693416   7.124102
    47  H    5.373262   5.802348   5.219094   6.123543   6.760156
    48  C    6.368592   6.882307   6.578741   6.997357   7.914961
    49  H    6.938037   7.691043   7.442805   7.860004   8.691442
    50  H    7.111656   7.397387   6.984687   7.447911   8.450311
                   36         37         38         39         40
    36  C    0.000000
    37  H    1.090757   0.000000
    38  H    1.092627   1.744496   0.000000
    39  C    1.546580   2.172841   2.172161   0.000000
    40  H    2.164333   2.482000   2.477047   1.092911   0.000000
    41  H    2.195646   2.537472   3.087471   1.093114   1.773083
    42  H    2.199436   3.090160   2.543214   1.093368   1.770897
    43  N    4.691085   5.527138   4.645661   5.380436   6.306594
    44  N    2.448093   3.288171   2.575390   3.304778   4.225481
    45  C    2.987584   3.951339   2.584659   3.650689   4.350867
    46  H    2.941265   4.002154   2.564054   3.138992   3.752600
    47  H    3.024688   3.821519   2.300368   3.950029   4.460961
    48  C    4.461962   5.404459   4.121467   5.054362   5.815698
    49  H    5.033999   6.056953   4.728261   5.327726   6.064368
    50  H    5.097622   5.958082   4.585445   5.848359   6.519235
                   41         42         43         44         45
    41  H    0.000000
    42  H    1.769831   0.000000
    43  N    5.788603   4.937270   0.000000
    44  N    3.765399   3.150483   2.255065   0.000000
    45  C    4.409300   3.221004   2.389419   1.489299   0.000000
    46  H    3.963116   2.473916   3.158512   2.123088   1.089127
    47  H    4.826466   3.722818   3.107859   2.114726   1.090525
    48  C    5.700938   4.481244   1.489693   2.389064   1.548403
    49  H    5.949425   4.563688   2.118321   3.114161   2.204657
    50  H    6.575840   5.343040   2.120783   3.152613   2.199461
                   46         47         48         49         50
    46  H    0.000000
    47  H    1.785082   0.000000
    48  C    2.203011   2.200821   0.000000
    49  H    2.370835   2.980544   1.089920   0.000000
    50  H    2.943401   2.359485   1.089776   1.784473   0.000000
 Stoichiometry    C21H27N2(2+,2)
 Framework group  C1[X(C21H27N2)]
 Deg. of freedom   144
 Full point group                 C1      NOp   1
 Largest Abelian subgroup         C1      NOp   1
 Largest concise Abelian subgroup C1      NOp   1
                         Standard orientation:                         
 ---------------------------------------------------------------------
 Center     Atomic      Atomic             Coordinates (Angstroms)
 Number     Number       Type             X           Y           Z
 ---------------------------------------------------------------------
      1          6           0        2.363020   -0.785459    0.137333
      2          6           0        0.000300   -0.619350    0.110605
      3          6           0        0.000289    0.738181   -0.132633
      4          6           0        1.262224    1.385971   -0.243172
      5          6           0        2.455209    0.604227   -0.111232
      6          6           0       -1.261676    1.385484   -0.246359
      7          6           0       -2.454827    0.603501   -0.116914
      8          6           0       -2.362543   -0.784376    0.140480
      9          6           0       -1.223608    2.785575   -0.485097
     10          6           0        0.000300    3.449094   -0.593050
     11          6           0        1.224179    2.786295   -0.480596
     12          1           0       -2.139470    3.353679   -0.585202
     13          1           0        0.000336    4.518454   -0.773442
     14          1           0        2.140072    3.354989   -0.576761
     15          6           0        3.552224   -1.698957    0.256057
     16          1           0        4.375345   -1.149861    0.715100
     17          1           0        3.316797   -2.517605    0.940184
     18          6           0        4.004349   -2.274740   -1.106252
     19          1           0        4.295631   -1.480155   -1.798113
     20          1           0        4.866580   -2.927217   -0.947249
     21          1           0        3.213609   -2.863393   -1.579043
     22          6           0        3.811257    1.265230   -0.196517
     23          1           0        4.549635    0.557331   -0.576230
     24          1           0        3.772431    2.071284   -0.933182
     25          6           0        4.288391    1.828785    1.160329
     26          1           0        5.266912    2.300729    1.035371
     27          1           0        3.591933    2.578680    1.546497
     28          1           0        4.382989    1.038116    1.910569
     29          6           0       -3.811017    1.262827   -0.211935
     30          1           0       -3.769464    2.063994   -0.953843
     31          1           0       -4.546902    0.551548   -0.590296
     32          6           0       -4.295220    1.834755    1.138884
     33          1           0       -4.393407    1.048746    1.893524
     34          1           0       -3.601148    2.587299    1.524181
     35          1           0       -5.273260    2.305500    1.005898
     36          6           0       -3.550533   -1.698358    0.267038
     37          1           0       -4.374819   -1.146887    0.721111
     38          1           0       -3.313753   -2.511230    0.957696
     39          6           0       -4.000662   -2.286447   -1.090697
     40          1           0       -4.863480   -2.937036   -0.927191
     41          1           0       -4.290379   -1.498258   -1.790497
     42          1           0       -3.209164   -2.879751   -1.556502
     43          7           0        1.127690   -1.352114    0.242013
     44          7           0       -1.127369   -1.350457    0.247087
     45          6           0       -0.774300   -2.765444    0.549023
     46          1           0       -1.214897   -3.424583   -0.197709
     47          1           0       -1.148171   -3.023442    1.540437
     48          6           0        0.773149   -2.776565    0.495835
     49          1           0        1.152734   -3.395096   -0.317344
     50          1           0        1.208023   -3.099213    1.441559
 ---------------------------------------------------------------------
 Rotational constants (GHZ):      0.4025095      0.2127438      0.1492463
 Standard basis: 6-31++G(d,p) (6D, 7F)
 There are   599 symmetry adapted basis functions of A   symmetry.
 Integral buffers will be    262144 words long.
 Raffenetti 2 integral format.
 Two-electron integral symmetry is turned on.
   599 basis functions,   952 primitive gaussians,   599 cartesian basis functions
    83 alpha electrons       82 beta electrons
       nuclear repulsion energy      1994.8177090308 Hartrees.
 NAtoms=   50 NActive=   50 NUniq=   50 SFac= 7.50D-01 NAtFMM=   80 NAOKFM=F Big=F
 ------------------------------------------------------------------------------
 Polarizable Continuum Model (PCM)
 =================================
 Model                : C-PCM.
 Atomic radii         : UFF (Universal Force Field).
 Polarization charges : Total charges.
 Charge compensation  : None.
 Solution method      : Matrix inversion.
 Cavity type          : Scaled VdW (van der Waals Surface) (Alpha=1.100).
 Cavity algorithm     : GePol (No added spheres)
                        Default sphere list used, NSphG=   50.
                        Lebedev-Laikov grids with approx.  5.0 points / Ang**2.
                        Smoothing algorithm: Karplus/York (Gamma=1.0000).
                        Polarization charges: spherical gaussians, with
                                              point-specific exponents (IZeta= 3).
                        Self-potential: point-specific (ISelfS= 7).
                        Self-field    : sphere-specific E.n sum rule (ISelfD= 2).
 1st derivatives      : Analytical E(r).r(x)/FMM algorithm (CHGder, D1EAlg=3).
                        Cavity 1st derivative terms included.
 Solvent              : Water, Eps=  78.355300 Eps(inf)=   1.777849
 ------------------------------------------------------------------------------
 One-electron integrals computed using PRISM.
 NBasis=   599 RedAO= T  NBF=   599
 NBsUse=   590 1.00D-06 NBFU=   590
 Harris functional with IExCor=  402 diagonalized for initial guess.
 ExpMin= 3.60D-02 ExpMax= 4.17D+03 ExpMxC= 6.27D+02 IAcc=3 IRadAn=         0 AccDes= 0.00D+00
 HarFok:  IExCor=  402 AccDes= 0.00D+00 IRadAn=         0 IDoV= 1
 ScaDFX=  1.000000  1.000000  1.000000  1.000000
 FoFCou: FMM=F IPFlag=           0 FMFlag=      100000 FMFlg1=           0
         NFxFlg=           0 DoJE=T BraDBF=F KetDBF=T FulRan=T
         Omega=  0.000000  0.000000  1.000000  0.000000  0.000000 ICntrl=     500 IOpCl=  0
         NMat0=    1 NMatS0=    1 NMatT0=    0 NMatD0=    1 NMtDS0=    0 NMtDT0=    0
         I1Cent=           4 NGrid=           0.
 Petite list used in FoFCou.
 Initial guess orbital symmetries:
 Alpha Orbitals:
       Occupied  (A) (A) (A) (A) (A) (A) (A) (A) (A) (A) (A) (A)
                 (A) (A) (A) (A) (A) (A) (A) (A) (A) (A) (A) (A)
                 (A) (A) (A) (A) (A) (A) (A) (A) (A) (A) (A) (A)
                 (A) (A) (A) (A) (A) (A) (A) (A) (A) (A) (A) (A)
                 (A) (A) (A) (A) (A) (A) (A) (A) (A) (A) (A) (A)
                 (A) (A) (A) (A) (A) (A) (A) (A) (A) (A) (A) (A)
                 (A) (A) (A) (A) (A) (A) (A) (A) (A) (A) (A)
       Virtual   (A) (A) (A) (A) (A) (A) (A) (A) (A) (A) (A) (A)
                 (A) (A) (A) (A) (A) (A) (A) (A) (A) (A) (A) (A)
                 (A) (A) (A) (A) (A) (A) (A) (A) (A) (A) (A) (A)
                 (A) (A) (A) (A) (A) (A) (A) (A) (A) (A) (A) (A)
                 (A) (A) (A) (A) (A) (A) (A) (A) (A) (A) (A) (A)
                 (A) (A) (A) (A) (A) (A) (A) (A) (A) (A) (A) (A)
                 (A) (A) (A) (A) (A) (A) (A) (A) (A) (A) (A) (A)
                 (A) (A) (A) (A) (A) (A) (A) (A) (A) (A) (A) (A)
                 (A) (A) (A) (A) (A) (A) (A) (A) (A) (A) (A) (A)
                 (A) (A) (A) (A) (A) (A) (A) (A) (A) (A) (A) (A)
                 (A) (A) (A) (A) (A) (A) (A) (A) (A) (A) (A) (A)
                 (A) (A) (A) (A) (A) (A) (A) (A) (A) (A) (A) (A)
                 (A) (A) (A) (A) (A) (A) (A) (A) (A) (A) (A) (A)
                 (A) (A) (A) (A) (A) (A) (A) (A) (A) (A) (A) (A)
                 (A) (A) (A) (A) (A) (A) (A) (A) (A) (A) (A) (A)
                 (A) (A) (A) (A) (A) (A) (A) (A) (A) (A) (A) (A)
                 (A) (A) (A) (A) (A) (A) (A) (A) (A) (A) (A) (A)
                 (A) (A) (A) (A) (A) (A) (A) (A) (A) (A) (A) (A)
                 (A) (A) (A) (A) (A) (A) (A) (A) (A) (A) (A) (A)
                 (A) (A) (A) (A) (A) (A) (A) (A) (A) (A) (A) (A)
                 (A) (A) (A) (A) (A) (A) (A) (A) (A) (A) (A) (A)
                 (A) (A) (A) (A) (A) (A) (A) (A) (A) (A) (A) (A)
                 (A) (A) (A) (A) (A) (A) (A) (A) (A) (A) (A) (A)
                 (A) (A) (A) (A) (A) (A) (A) (A) (A) (A) (A) (A)
                 (A) (A) (A) (A) (A) (A) (A) (A) (A) (A) (A) (A)
                 (A) (A) (A) (A) (A) (A) (A) (A) (A) (A) (A) (A)
                 (A) (A) (A) (A) (A) (A) (A) (A) (A) (A) (A) (A)
                 (A) (A) (A) (A) (A) (A) (A) (A) (A) (A) (A) (A)
                 (A) (A) (A) (A) (A) (A) (A) (A) (A) (A) (A) (A)
                 (A) (A) (A) (A) (A) (A) (A) (A) (A) (A) (A) (A)
                 (A) (A) (A) (A) (A) (A) (A) (A) (A) (A) (A) (A)
                 (A) (A) (A) (A) (A) (A) (A) (A) (A) (A) (A) (A)
                 (A) (A) (A) (A) (A) (A) (A) (A) (A) (A) (A) (A)
                 (A) (A) (A) (A) (A) (A) (A) (A) (A) (A) (A) (A)
                 (A) (A) (A) (A) (A) (A) (A) (A) (A) (A) (A) (A)
                 (A) (A) (A) (A) (A) (A) (A) (A) (A) (A) (A) (A)
                 (A) (A) (A) (A) (A) (A) (A) (A) (A) (A) (A) (A)
                 (A) (A) (A) (A) (A) (A) (A) (A) (A) (A) (A) (A)
                 (A) (A) (A) (A) (A) (A) (A) (A) (A) (A) (A) (A)
                 (A) (A) (A) (A) (A) (A) (A) (A) (A) (A) (A) (A)
                 (A) (A) (A) (A) (A) (A) (A) (A) (A) (A) (A) (A)
                 (A) (A) (A) (A) (A) (A) (A) (A) (A) (A) (A) (A)
                 (A) (A) (A)
 Beta  Orbitals:
       Occupied  (A) (A) (A) (A) (A) (A) (A) (A) (A) (A) (A) (A)
                 (A) (A) (A) (A) (A) (A) (A) (A) (A) (A) (A) (A)
                 (A) (A) (A) (A) (A) (A) (A) (A) (A) (A) (A) (A)
                 (A) (A) (A) (A) (A) (A) (A) (A) (A) (A) (A) (A)
                 (A) (A) (A) (A) (A) (A) (A) (A) (A) (A) (A) (A)
                 (A) (A) (A) (A) (A) (A) (A) (A) (A) (A) (A) (A)
                 (A) (A) (A) (A) (A) (A) (A) (A) (A) (A)
       Virtual   (A) (A) (A) (A) (A) (A) (A) (A) (A) (A) (A) (A)
                 (A) (A) (A) (A) (A) (A) (A) (A) (A) (A) (A) (A)
                 (A) (A) (A) (A) (A) (A) (A) (A) (A) (A) (A) (A)
                 (A) (A) (A) (A) (A) (A) (A) (A) (A) (A) (A) (A)
                 (A) (A) (A) (A) (A) (A) (A) (A) (A) (A) (A) (A)
                 (A) (A) (A) (A) (A) (A) (A) (A) (A) (A) (A) (A)
                 (A) (A) (A) (A) (A) (A) (A) (A) (A) (A) (A) (A)
                 (A) (A) (A) (A) (A) (A) (A) (A) (A) (A) (A) (A)
                 (A) (A) (A) (A) (A) (A) (A) (A) (A) (A) (A) (A)
                 (A) (A) (A) (A) (A) (A) (A) (A) (A) (A) (A) (A)
                 (A) (A) (A) (A) (A) (A) (A) (A) (A) (A) (A) (A)
                 (A) (A) (A) (A) (A) (A) (A) (A) (A) (A) (A) (A)
                 (A) (A) (A) (A) (A) (A) (A) (A) (A) (A) (A) (A)
                 (A) (A) (A) (A) (A) (A) (A) (A) (A) (A) (A) (A)
                 (A) (A) (A) (A) (A) (A) (A) (A) (A) (A) (A) (A)
                 (A) (A) (A) (A) (A) (A) (A) (A) (A) (A) (A) (A)
                 (A) (A) (A) (A) (A) (A) (A) (A) (A) (A) (A) (A)
                 (A) (A) (A) (A) (A) (A) (A) (A) (A) (A) (A) (A)
                 (A) (A) (A) (A) (A) (A) (A) (A) (A) (A) (A) (A)
                 (A) (A) (A) (A) (A) (A) (A) (A) (A) (A) (A) (A)
                 (A) (A) (A) (A) (A) (A) (A) (A) (A) (A) (A) (A)
                 (A) (A) (A) (A) (A) (A) (A) (A) (A) (A) (A) (A)
                 (A) (A) (A) (A) (A) (A) (A) (A) (A) (A) (A) (A)
                 (A) (A) (A) (A) (A) (A) (A) (A) (A) (A) (A) (A)
                 (A) (A) (A) (A) (A) (A) (A) (A) (A) (A) (A) (A)
                 (A) (A) (A) (A) (A) (A) (A) (A) (A) (A) (A) (A)
                 (A) (A) (A) (A) (A) (A) (A) (A) (A) (A) (A) (A)
                 (A) (A) (A) (A) (A) (A) (A) (A) (A) (A) (A) (A)
                 (A) (A) (A) (A) (A) (A) (A) (A) (A) (A) (A) (A)
                 (A) (A) (A) (A) (A) (A) (A) (A) (A) (A) (A) (A)
                 (A) (A) (A) (A) (A) (A) (A) (A) (A) (A) (A) (A)
                 (A) (A) (A) (A) (A) (A) (A) (A) (A) (A) (A) (A)
                 (A) (A) (A) (A) (A) (A) (A) (A) (A) (A) (A) (A)
                 (A) (A) (A) (A) (A) (A) (A) (A) (A) (A) (A) (A)
                 (A) (A) (A) (A) (A) (A) (A) (A) (A) (A) (A) (A)
                 (A) (A) (A) (A) (A) (A) (A) (A) (A) (A) (A) (A)
                 (A) (A) (A) (A) (A) (A) (A) (A) (A) (A) (A) (A)
                 (A) (A) (A) (A) (A) (A) (A) (A) (A) (A) (A) (A)
                 (A) (A) (A) (A) (A) (A) (A) (A) (A) (A) (A) (A)
                 (A) (A) (A) (A) (A) (A) (A) (A) (A) (A) (A) (A)
                 (A) (A) (A) (A) (A) (A) (A) (A) (A) (A) (A) (A)
                 (A) (A) (A) (A) (A) (A) (A) (A) (A) (A) (A) (A)
                 (A) (A) (A) (A)
 The electronic state of the initial guess is 2-A.
 Initial guess <Sx>= 0.0000 <Sy>= 0.0000 <Sz>= 0.5000 <S**2>= 0.7500 S= 0.5000
 Requested convergence on RMS density matrix=1.00D-08 within 128 cycles.
 Requested convergence on MAX density matrix=1.00D-06.
 Requested convergence on             energy=1.00D-06.
 No special actions if energy rises.
 Error on total polarization charges =  0.01554
 SCF Done:  E(UB3LYP) =  -925.764585608     A.U. after   19 cycles
             Convg  =    0.4396D-08             -V/T =  2.0099
 <Sx>= 0.0000 <Sy>= 0.0000 <Sz>= 0.5000 <S**2>= 0.7760 S= 0.5129
 <L.S>= 0.000000000000E+00
 Annihilation of the first spin contaminant:
 S**2 before annihilation     0.7760,   after     0.7505
 DiagDN has N=   599 LTot=  1829 but NE2=     3 cannot use DSYEVD.

 **********************************************************************

            Population analysis using the SCF density.

 **********************************************************************

 Orbital symmetries:
 Alpha Orbitals:
       Occupied  (A) (A) (A) (A) (A) (A) (A) (A) (A) (A) (A) (A)
                 (A) (A) (A) (A) (A) (A) (A) (A) (A) (A) (A) (A)
                 (A) (A) (A) (A) (A) (A) (A) (A) (A) (A) (A) (A)
                 (A) (A) (A) (A) (A) (A) (A) (A) (A) (A) (A) (A)
                 (A) (A) (A) (A) (A) (A) (A) (A) (A) (A) (A) (A)
                 (A) (A) (A) (A) (A) (A) (A) (A) (A) (A) (A) (A)
                 (A) (A) (A) (A) (A) (A) (A) (A) (A) (A) (A)
       Virtual   (A) (A) (A) (A) (A) (A) (A) (A) (A) (A) (A) (A)
                 (A) (A) (A) (A) (A) (A) (A) (A) (A) (A) (A) (A)
                 (A) (A) (A) (A) (A) (A) (A) (A) (A) (A) (A) (A)
                 (A) (A) (A) (A) (A) (A) (A) (A) (A) (A) (A) (A)
                 (A) (A) (A) (A) (A) (A) (A) (A) (A) (A) (A) (A)
                 (A) (A) (A) (A) (A) (A) (A) (A) (A) (A) (A) (A)
                 (A) (A) (A) (A) (A) (A) (A) (A) (A) (A) (A) (A)
                 (A) (A) (A) (A) (A) (A) (A) (A) (A) (A) (A) (A)
                 (A) (A) (A) (A) (A) (A) (A) (A) (A) (A) (A) (A)
                 (A) (A) (A) (A) (A) (A) (A) (A) (A) (A) (A) (A)
                 (A) (A) (A) (A) (A) (A) (A) (A) (A) (A) (A) (A)
                 (A) (A) (A) (A) (A) (A) (A) (A) (A) (A) (A) (A)
                 (A) (A) (A) (A) (A) (A) (A) (A) (A) (A) (A) (A)
                 (A) (A) (A) (A) (A) (A) (A) (A) (A) (A) (A) (A)
                 (A) (A) (A) (A) (A) (A) (A) (A) (A) (A) (A) (A)
                 (A) (A) (A) (A) (A) (A) (A) (A) (A) (A) (A) (A)
                 (A) (A) (A) (A) (A) (A) (A) (A) (A) (A) (A) (A)
                 (A) (A) (A) (A) (A) (A) (A) (A) (A) (A) (A) (A)
                 (A) (A) (A) (A) (A) (A) (A) (A) (A) (A) (A) (A)
                 (A) (A) (A) (A) (A) (A) (A) (A) (A) (A) (A) (A)
                 (A) (A) (A) (A) (A) (A) (A) (A) (A) (A) (A) (A)
                 (A) (A) (A) (A) (A) (A) (A) (A) (A) (A) (A) (A)
                 (A) (A) (A) (A) (A) (A) (A) (A) (A) (A) (A) (A)
                 (A) (A) (A) (A) (A) (A) (A) (A) (A) (A) (A) (A)
                 (A) (A) (A) (A) (A) (A) (A) (A) (A) (A) (A) (A)
                 (A) (A) (A) (A) (A) (A) (A) (A) (A) (A) (A) (A)
                 (A) (A) (A) (A) (A) (A) (A) (A) (A) (A) (A) (A)
                 (A) (A) (A) (A) (A) (A) (A) (A) (A) (A) (A) (A)
                 (A) (A) (A) (A) (A) (A) (A) (A) (A) (A) (A) (A)
                 (A) (A) (A) (A) (A) (A) (A) (A) (A) (A) (A) (A)
                 (A) (A) (A) (A) (A) (A) (A) (A) (A) (A) (A) (A)
                 (A) (A) (A) (A) (A) (A) (A) (A) (A) (A) (A) (A)
                 (A) (A) (A) (A) (A) (A) (A) (A) (A) (A) (A) (A)
                 (A) (A) (A) (A) (A) (A) (A) (A) (A) (A) (A) (A)
                 (A) (A) (A) (A) (A) (A) (A) (A) (A) (A) (A) (A)
                 (A) (A) (A) (A) (A) (A) (A) (A) (A) (A) (A) (A)
                 (A) (A) (A) (A) (A) (A) (A) (A) (A) (A) (A) (A)
                 (A) (A) (A) (A) (A) (A) (A) (A) (A) (A) (A) (A)
                 (A) (A) (A) (A) (A) (A) (A) (A) (A) (A) (A) (A)
                 (A) (A) (A) (A) (A) (A) (A) (A) (A) (A) (A) (A)
                 (A) (A) (A) (A) (A) (A) (A) (A) (A) (A) (A) (A)
                 (A) (A) (A) (A) (A) (A) (A) (A) (A) (A) (A) (A)
                 (A) (A) (A)
 Beta  Orbitals:
       Occupied  (A) (A) (A) (A) (A) (A) (A) (A) (A) (A) (A) (A)
                 (A) (A) (A) (A) (A) (A) (A) (A) (A) (A) (A) (A)
                 (A) (A) (A) (A) (A) (A) (A) (A) (A) (A) (A) (A)
                 (A) (A) (A) (A) (A) (A) (A) (A) (A) (A) (A) (A)
                 (A) (A) (A) (A) (A) (A) (A) (A) (A) (A) (A) (A)
                 (A) (A) (A) (A) (A) (A) (A) (A) (A) (A) (A) (A)
                 (A) (A) (A) (A) (A) (A) (A) (A) (A) (A)
       Virtual   (A) (A) (A) (A) (A) (A) (A) (A) (A) (A) (A) (A)
                 (A) (A) (A) (A) (A) (A) (A) (A) (A) (A) (A) (A)
                 (A) (A) (A) (A) (A) (A) (A) (A) (A) (A) (A) (A)
                 (A) (A) (A) (A) (A) (A) (A) (A) (A) (A) (A) (A)
                 (A) (A) (A) (A) (A) (A) (A) (A) (A) (A) (A) (A)
                 (A) (A) (A) (A) (A) (A) (A) (A) (A) (A) (A) (A)
                 (A) (A) (A) (A) (A) (A) (A) (A) (A) (A) (A) (A)
                 (A) (A) (A) (A) (A) (A) (A) (A) (A) (A) (A) (A)
                 (A) (A) (A) (A) (A) (A) (A) (A) (A) (A) (A) (A)
                 (A) (A) (A) (A) (A) (A) (A) (A) (A) (A) (A) (A)
                 (A) (A) (A) (A) (A) (A) (A) (A) (A) (A) (A) (A)
                 (A) (A) (A) (A) (A) (A) (A) (A) (A) (A) (A) (A)
                 (A) (A) (A) (A) (A) (A) (A) (A) (A) (A) (A) (A)
                 (A) (A) (A) (A) (A) (A) (A) (A) (A) (A) (A) (A)
                 (A) (A) (A) (A) (A) (A) (A) (A) (A) (A) (A) (A)
                 (A) (A) (A) (A) (A) (A) (A) (A) (A) (A) (A) (A)
                 (A) (A) (A) (A) (A) (A) (A) (A) (A) (A) (A) (A)
                 (A) (A) (A) (A) (A) (A) (A) (A) (A) (A) (A) (A)
                 (A) (A) (A) (A) (A) (A) (A) (A) (A) (A) (A) (A)
                 (A) (A) (A) (A) (A) (A) (A) (A) (A) (A) (A) (A)
                 (A) (A) (A) (A) (A) (A) (A) (A) (A) (A) (A) (A)
                 (A) (A) (A) (A) (A) (A) (A) (A) (A) (A) (A) (A)
                 (A) (A) (A) (A) (A) (A) (A) (A) (A) (A) (A) (A)
                 (A) (A) (A) (A) (A) (A) (A) (A) (A) (A) (A) (A)
                 (A) (A) (A) (A) (A) (A) (A) (A) (A) (A) (A) (A)
                 (A) (A) (A) (A) (A) (A) (A) (A) (A) (A) (A) (A)
                 (A) (A) (A) (A) (A) (A) (A) (A) (A) (A) (A) (A)
                 (A) (A) (A) (A) (A) (A) (A) (A) (A) (A) (A) (A)
                 (A) (A) (A) (A) (A) (A) (A) (A) (A) (A) (A) (A)
                 (A) (A) (A) (A) (A) (A) (A) (A) (A) (A) (A) (A)
                 (A) (A) (A) (A) (A) (A) (A) (A) (A) (A) (A) (A)
                 (A) (A) (A) (A) (A) (A) (A) (A) (A) (A) (A) (A)
                 (A) (A) (A) (A) (A) (A) (A) (A) (A) (A) (A) (A)
                 (A) (A) (A) (A) (A) (A) (A) (A) (A) (A) (A) (A)
                 (A) (A) (A) (A) (A) (A) (A) (A) (A) (A) (A) (A)
                 (A) (A) (A) (A) (A) (A) (A) (A) (A) (A) (A) (A)
                 (A) (A) (A) (A) (A) (A) (A) (A) (A) (A) (A) (A)
                 (A) (A) (A) (A) (A) (A) (A) (A) (A) (A) (A) (A)
                 (A) (A) (A) (A) (A) (A) (A) (A) (A) (A) (A) (A)
                 (A) (A) (A) (A) (A) (A) (A) (A) (A) (A) (A) (A)
                 (A) (A) (A) (A) (A) (A) (A) (A) (A) (A) (A) (A)
                 (A) (A) (A) (A) (A) (A) (A) (A) (A) (A) (A) (A)
                 (A) (A) (A) (A)
 The electronic state is 2-A.
 Alpha  occ. eigenvalues --  -14.48733 -14.48722 -10.34622 -10.31648 -10.31637
 Alpha  occ. eigenvalues --  -10.29212 -10.29192 -10.27509 -10.27506 -10.27440
 Alpha  occ. eigenvalues --  -10.27436 -10.27228 -10.25750 -10.25749 -10.24665
 Alpha  occ. eigenvalues --  -10.23244 -10.23243 -10.22204 -10.22203 -10.20479
 Alpha  occ. eigenvalues --  -10.20475 -10.19858 -10.19858  -1.12064  -1.04023
 Alpha  occ. eigenvalues --   -0.94503  -0.89054  -0.88426  -0.86510  -0.82663
 Alpha  occ. eigenvalues --   -0.82284  -0.79894  -0.78844  -0.77530  -0.76910
 Alpha  occ. eigenvalues --   -0.72256  -0.71086  -0.70286  -0.69819  -0.66182
 Alpha  occ. eigenvalues --   -0.65978  -0.63568  -0.63257  -0.61065  -0.60394
 Alpha  occ. eigenvalues --   -0.58173  -0.57684  -0.55305  -0.53592  -0.53022
 Alpha  occ. eigenvalues --   -0.50236  -0.50139  -0.49949  -0.49357  -0.48381
 Alpha  occ. eigenvalues --   -0.47513  -0.47063  -0.46911  -0.46664  -0.45808
 Alpha  occ. eigenvalues --   -0.45360  -0.44495  -0.44271  -0.43308  -0.43208
 Alpha  occ. eigenvalues --   -0.42090  -0.41459  -0.41105  -0.41018  -0.40077
 Alpha  occ. eigenvalues --   -0.38963  -0.38784  -0.38059  -0.37921  -0.37749
 Alpha  occ. eigenvalues --   -0.37712  -0.37133  -0.36722  -0.36608  -0.34118
 Alpha  occ. eigenvalues --   -0.32701  -0.31276  -0.25002
 Alpha virt. eigenvalues --   -0.10202  -0.09778  -0.08490  -0.01901  -0.01106
 Alpha virt. eigenvalues --   -0.00650  -0.00286   0.00745   0.00783   0.01173
 Alpha virt. eigenvalues --    0.01244   0.01387   0.01483   0.02075   0.02279
 Alpha virt. eigenvalues --    0.02731   0.02794   0.03437   0.03940   0.04126
 Alpha virt. eigenvalues --    0.04487   0.04672   0.04815   0.05556   0.05909
 Alpha virt. eigenvalues --    0.06095   0.06255   0.06401   0.06970   0.07137
 Alpha virt. eigenvalues --    0.07511   0.07553   0.07713   0.08128   0.08484
 Alpha virt. eigenvalues --    0.09069   0.09393   0.09642   0.09756   0.10375
 Alpha virt. eigenvalues --    0.10432   0.10657   0.10943   0.11274   0.11499
 Alpha virt. eigenvalues --    0.11577   0.11628   0.11948   0.12154   0.12563
 Alpha virt. eigenvalues --    0.12720   0.12873   0.13143   0.13183   0.13286
 Alpha virt. eigenvalues --    0.13579   0.13752   0.13872   0.14043   0.14533
 Alpha virt. eigenvalues --    0.14680   0.14808   0.14849   0.15078   0.15140
 Alpha virt. eigenvalues --    0.15302   0.15487   0.15704   0.15928   0.15977
 Alpha virt. eigenvalues --    0.16055   0.16309   0.16704   0.16754   0.16839
 Alpha virt. eigenvalues --    0.16959   0.17281   0.17400   0.17525   0.17647
 Alpha virt. eigenvalues --    0.18404   0.18558   0.18712   0.18741   0.18885
 Alpha virt. eigenvalues --    0.19396   0.19464   0.19719   0.20251   0.20354
 Alpha virt. eigenvalues --    0.20525   0.20798   0.21191   0.21262   0.21448
 Alpha virt. eigenvalues --    0.21486   0.21814   0.22140   0.22419   0.22690
 Alpha virt. eigenvalues --    0.23266   0.23649   0.23834   0.23967   0.24369
 Alpha virt. eigenvalues --    0.24435   0.24771   0.25074   0.25374   0.25657
 Alpha virt. eigenvalues --    0.26128   0.26276   0.26622   0.26810   0.27402
 Alpha virt. eigenvalues --    0.27501   0.27638   0.27989   0.28609   0.28837
 Alpha virt. eigenvalues --    0.28941   0.29593   0.30168   0.30264   0.30341
 Alpha virt. eigenvalues --    0.31097   0.31333   0.31759   0.31999   0.32606
 Alpha virt. eigenvalues --    0.33099   0.33344   0.33374   0.33796   0.34210
 Alpha virt. eigenvalues --    0.34477   0.34703   0.34897   0.35051   0.35949
 Alpha virt. eigenvalues --    0.36169   0.36905   0.36959   0.37665   0.37967
 Alpha virt. eigenvalues --    0.38168   0.38597   0.38761   0.38879   0.39361
 Alpha virt. eigenvalues --    0.39596   0.39750   0.40314   0.41298   0.41312
 Alpha virt. eigenvalues --    0.43428   0.43763   0.44066   0.45700   0.45991
 Alpha virt. eigenvalues --    0.47767   0.48049   0.49222   0.50156   0.50536
 Alpha virt. eigenvalues --    0.53018   0.54120   0.59240   0.61401   0.63445
 Alpha virt. eigenvalues --    0.64500   0.64654   0.67053   0.67335   0.68184
 Alpha virt. eigenvalues --    0.68711   0.68870   0.69568   0.69952   0.70329
 Alpha virt. eigenvalues --    0.70533   0.71279   0.71552   0.71816   0.72610
 Alpha virt. eigenvalues --    0.72873   0.72975   0.73396   0.73561   0.74331
 Alpha virt. eigenvalues --    0.74436   0.74694   0.75847   0.76166   0.76349
 Alpha virt. eigenvalues --    0.76391   0.76924   0.78458   0.78581   0.78710
 Alpha virt. eigenvalues --    0.79197   0.79432   0.80018   0.80426   0.81315
 Alpha virt. eigenvalues --    0.82073   0.83106   0.83308   0.84161   0.84522
 Alpha virt. eigenvalues --    0.84676   0.85187   0.85299   0.85921   0.87663
 Alpha virt. eigenvalues --    0.89047   0.89708   0.91354   0.93273   0.94608
 Alpha virt. eigenvalues --    0.94750   0.96265   0.96541   0.97246   0.97529
 Alpha virt. eigenvalues --    0.99013   0.99457   1.00706   1.01840   1.02151
 Alpha virt. eigenvalues --    1.03245   1.03895   1.04475   1.04751   1.04792
 Alpha virt. eigenvalues --    1.05416   1.05883   1.07751   1.08284   1.08990
 Alpha virt. eigenvalues --    1.09932   1.10351   1.11876   1.12032   1.12573
 Alpha virt. eigenvalues --    1.12724   1.13102   1.13524   1.13610   1.15604
 Alpha virt. eigenvalues --    1.16155   1.16405   1.16557   1.16878   1.17321
 Alpha virt. eigenvalues --    1.17663   1.17717   1.17997   1.18412   1.19064
 Alpha virt. eigenvalues --    1.19638   1.20451   1.21714   1.21781   1.23283
 Alpha virt. eigenvalues --    1.25306   1.25737   1.26249   1.26636   1.27426
 Alpha virt. eigenvalues --    1.27517   1.29294   1.33411   1.33862   1.33965
 Alpha virt. eigenvalues --    1.35443   1.36108   1.36895   1.38023   1.38818
 Alpha virt. eigenvalues --    1.41546   1.46348   1.46581   1.47411   1.49115
 Alpha virt. eigenvalues --    1.49400   1.51548   1.51611   1.53085   1.53885
 Alpha virt. eigenvalues --    1.55622   1.57629   1.59100   1.59188   1.60403
 Alpha virt. eigenvalues --    1.61818   1.63708   1.64046   1.64230   1.65703
 Alpha virt. eigenvalues --    1.66268   1.68825   1.69037   1.69699   1.70986
 Alpha virt. eigenvalues --    1.71815   1.72661   1.73482   1.74461   1.75332
 Alpha virt. eigenvalues --    1.76090   1.76745   1.77765   1.78331   1.78518
 Alpha virt. eigenvalues --    1.80110   1.81303   1.82230   1.84041   1.84575
 Alpha virt. eigenvalues --    1.85093   1.87482   1.87519   1.88653   1.90109
 Alpha virt. eigenvalues --    1.91013   1.91843   1.92931   1.93364   1.94321
 Alpha virt. eigenvalues --    1.94890   1.95320   1.95572   1.97529   1.97968
 Alpha virt. eigenvalues --    1.99540   2.00301   2.02942   2.03907   2.04389
 Alpha virt. eigenvalues --    2.04515   2.04677   2.05936   2.06268   2.08112
 Alpha virt. eigenvalues --    2.08254   2.09058   2.10533   2.11212   2.12779
 Alpha virt. eigenvalues --    2.12838   2.13218   2.13296   2.13460   2.13938
 Alpha virt. eigenvalues --    2.14660   2.15729   2.15960   2.16161   2.16767
 Alpha virt. eigenvalues --    2.17158   2.17651   2.18056   2.18655   2.20324
 Alpha virt. eigenvalues --    2.20912   2.22195   2.22970   2.24073   2.25169
 Alpha virt. eigenvalues --    2.26619   2.26916   2.28126   2.28383   2.28799
 Alpha virt. eigenvalues --    2.30189   2.30386   2.32338   2.32543   2.33142
 Alpha virt. eigenvalues --    2.33387   2.34253   2.35263   2.37122   2.38146
 Alpha virt. eigenvalues --    2.39361   2.41711   2.42503   2.43507   2.45505
 Alpha virt. eigenvalues --    2.46106   2.47531   2.48500   2.48648   2.49136
 Alpha virt. eigenvalues --    2.49346   2.50551   2.51648   2.52282   2.52954
 Alpha virt. eigenvalues --    2.54109   2.54726   2.55924   2.56360   2.58028
 Alpha virt. eigenvalues --    2.58318   2.58706   2.60450   2.60802   2.61115
 Alpha virt. eigenvalues --    2.62405   2.62709   2.64346   2.65302   2.65625
 Alpha virt. eigenvalues --    2.65923   2.67411   2.67652   2.69678   2.70144
 Alpha virt. eigenvalues --    2.70702   2.71511   2.72529   2.73894   2.75312
 Alpha virt. eigenvalues --    2.76082   2.77311   2.77769   2.79116   2.80858
 Alpha virt. eigenvalues --    2.81460   2.81793   2.84127   2.85329   2.85637
 Alpha virt. eigenvalues --    2.85964   2.86367   2.87178   2.87490   2.88422
 Alpha virt. eigenvalues --    2.89036   2.89190   2.90271   2.92361   2.92693
 Alpha virt. eigenvalues --    2.96744   2.98893   3.00135   3.04226   3.08218
 Alpha virt. eigenvalues --    3.11632   3.15477   3.16067   3.20059   3.21870
 Alpha virt. eigenvalues --    3.26402   3.26428   3.26629   3.26659   3.27469
 Alpha virt. eigenvalues --    3.28608   3.33115   3.33896   3.35729   3.35947
 Alpha virt. eigenvalues --    3.37800   3.38763   3.42016   3.42276   3.42714
 Alpha virt. eigenvalues --    3.42843   3.45170   3.46442   3.47258   3.48836
 Alpha virt. eigenvalues --    3.48869   3.50107   3.50776   3.56319   3.56488
 Alpha virt. eigenvalues --    3.56807   3.56975   3.57217   3.76991   4.23531
 Alpha virt. eigenvalues --    4.28483   4.32074   4.36473   4.37983   4.38057
 Alpha virt. eigenvalues --    4.42258   4.44001   4.44478   4.47599   4.47864
 Alpha virt. eigenvalues --    4.51622   4.51983   4.59896   4.60192   4.61388
 Alpha virt. eigenvalues --    4.66547   4.67392   4.68193   4.72281   4.72451
 Alpha virt. eigenvalues --    4.89245   4.91811
  Beta  occ. eigenvalues --  -14.48447 -14.48436 -10.34729 -10.31606 -10.31595
  Beta  occ. eigenvalues --  -10.29222 -10.29201 -10.27550 -10.27547 -10.27194
  Beta  occ. eigenvalues --  -10.27191 -10.27188 -10.25361 -10.25358 -10.24834
  Beta  occ. eigenvalues --  -10.23245 -10.23244 -10.22218 -10.22217 -10.20470
  Beta  occ. eigenvalues --  -10.20466 -10.19828 -10.19827  -1.11684  -1.03526
  Beta  occ. eigenvalues --   -0.94267  -0.88744  -0.87928  -0.86325  -0.82488
  Beta  occ. eigenvalues --   -0.82093  -0.79803  -0.78613  -0.77474  -0.76467
  Beta  occ. eigenvalues --   -0.71990  -0.70902  -0.69924  -0.69737  -0.66141
  Beta  occ. eigenvalues --   -0.65853  -0.63449  -0.63135  -0.60851  -0.60140
  Beta  occ. eigenvalues --   -0.57951  -0.57171  -0.55150  -0.53381  -0.52842
  Beta  occ. eigenvalues --   -0.50100  -0.49778  -0.49443  -0.49094  -0.48264
  Beta  occ. eigenvalues --   -0.47317  -0.46849  -0.46829  -0.46580  -0.45756
  Beta  occ. eigenvalues --   -0.45219  -0.44448  -0.44169  -0.42903  -0.42597
  Beta  occ. eigenvalues --   -0.41753  -0.41288  -0.40907  -0.40783  -0.39751
  Beta  occ. eigenvalues --   -0.38913  -0.38736  -0.37988  -0.37787  -0.37686
  Beta  occ. eigenvalues --   -0.37276  -0.36961  -0.36674  -0.36528  -0.32782
  Beta  occ. eigenvalues --   -0.32094  -0.29797
  Beta virt. eigenvalues --   -0.19100  -0.09665  -0.08026  -0.07641  -0.01882
  Beta virt. eigenvalues --   -0.00962  -0.00628  -0.00115   0.00786   0.00816
  Beta virt. eigenvalues --    0.01217   0.01263   0.01985   0.02002   0.02224
  Beta virt. eigenvalues --    0.02479   0.02846   0.02883   0.03534   0.03969
  Beta virt. eigenvalues --    0.04289   0.04539   0.04719   0.04829   0.05580
  Beta virt. eigenvalues --    0.05959   0.06155   0.06291   0.06452   0.07018
  Beta virt. eigenvalues --    0.07167   0.07539   0.07575   0.07764   0.08199
  Beta virt. eigenvalues --    0.08511   0.09116   0.09428   0.09641   0.09788
  Beta virt. eigenvalues --    0.10443   0.10469   0.10690   0.10942   0.11310
  Beta virt. eigenvalues --    0.11515   0.11634   0.11668   0.11941   0.12172
  Beta virt. eigenvalues --    0.12590   0.12760   0.12922   0.13185   0.13273
  Beta virt. eigenvalues --    0.13338   0.13607   0.13802   0.13946   0.14063
  Beta virt. eigenvalues --    0.14590   0.14768   0.14866   0.14891   0.15153
  Beta virt. eigenvalues --    0.15211   0.15397   0.15525   0.15744   0.15997
  Beta virt. eigenvalues --    0.16007   0.16327   0.16373   0.16750   0.16801
  Beta virt. eigenvalues --    0.16906   0.17004   0.17346   0.17473   0.17665
  Beta virt. eigenvalues --    0.17731   0.18440   0.18694   0.18771   0.18817
  Beta virt. eigenvalues --    0.18968   0.19447   0.19529   0.19789   0.20271
  Beta virt. eigenvalues --    0.20379   0.20594   0.20861   0.21244   0.21327
  Beta virt. eigenvalues --    0.21482   0.21528   0.21850   0.22181   0.22511
  Beta virt. eigenvalues --    0.22756   0.23337   0.23716   0.23938   0.24046
  Beta virt. eigenvalues --    0.24417   0.24630   0.24817   0.25259   0.25481
  Beta virt. eigenvalues --    0.25793   0.26241   0.26359   0.26648   0.26899
  Beta virt. eigenvalues --    0.27477   0.27571   0.27721   0.28084   0.28698
  Beta virt. eigenvalues --    0.28883   0.29069   0.29688   0.30287   0.30385
  Beta virt. eigenvalues --    0.30417   0.31171   0.31354   0.31810   0.32169
  Beta virt. eigenvalues --    0.32650   0.33163   0.33473   0.33564   0.33869
  Beta virt. eigenvalues --    0.34268   0.34520   0.34768   0.34953   0.35123
  Beta virt. eigenvalues --    0.36071   0.36292   0.36971   0.37047   0.37721
  Beta virt. eigenvalues --    0.38072   0.38234   0.38669   0.38775   0.38984
  Beta virt. eigenvalues --    0.39390   0.39638   0.39801   0.40432   0.41349
  Beta virt. eigenvalues --    0.41387   0.43464   0.43859   0.44187   0.45822
  Beta virt. eigenvalues --    0.46042   0.47870   0.48165   0.49294   0.50349
  Beta virt. eigenvalues --    0.50624   0.53099   0.54222   0.59451   0.61525
  Beta virt. eigenvalues --    0.63518   0.64655   0.64902   0.67098   0.67389
  Beta virt. eigenvalues --    0.68265   0.68849   0.69019   0.69605   0.69999
  Beta virt. eigenvalues --    0.70501   0.70686   0.71343   0.71611   0.71951
  Beta virt. eigenvalues --    0.72662   0.72949   0.73040   0.73596   0.73915
  Beta virt. eigenvalues --    0.74321   0.74767   0.74881   0.75924   0.76194
  Beta virt. eigenvalues --    0.76558   0.76897   0.76994   0.78559   0.78679
  Beta virt. eigenvalues --    0.78880   0.79467   0.79814   0.80295   0.80498
  Beta virt. eigenvalues --    0.81373   0.82066   0.83143   0.83639   0.84281
  Beta virt. eigenvalues --    0.84602   0.84716   0.85262   0.85436   0.85988
  Beta virt. eigenvalues --    0.87736   0.89424   0.89855   0.91677   0.93437
  Beta virt. eigenvalues --    0.94809   0.94964   0.96474   0.96736   0.97472
  Beta virt. eigenvalues --    0.97752   0.99304   0.99512   1.00897   1.01920
  Beta virt. eigenvalues --    1.02243   1.03244   1.04028   1.04513   1.04848
  Beta virt. eigenvalues --    1.04872   1.05458   1.05973   1.07804   1.08436
  Beta virt. eigenvalues --    1.09050   1.10125   1.10451   1.11978   1.12080
  Beta virt. eigenvalues --    1.12677   1.12810   1.13172   1.13595   1.13663
  Beta virt. eigenvalues --    1.15832   1.16253   1.16459   1.16769   1.17032
  Beta virt. eigenvalues --    1.17441   1.17773   1.17853   1.18100   1.18584
  Beta virt. eigenvalues --    1.19156   1.19871   1.20738   1.21843   1.22294
  Beta virt. eigenvalues --    1.23421   1.25578   1.25939   1.26442   1.26858
  Beta virt. eigenvalues --    1.27644   1.27669   1.29737   1.33507   1.34066
  Beta virt. eigenvalues --    1.34158   1.35972   1.36365   1.37414   1.38174
  Beta virt. eigenvalues --    1.39002   1.41730   1.46440   1.46808   1.47586
  Beta virt. eigenvalues --    1.49298   1.49597   1.51805   1.51899   1.53267
  Beta virt. eigenvalues --    1.53997   1.55801   1.57769   1.59283   1.59403
  Beta virt. eigenvalues --    1.60513   1.61931   1.63839   1.64140   1.64294
  Beta virt. eigenvalues --    1.65898   1.66409   1.68992   1.69212   1.69906
  Beta virt. eigenvalues --    1.71468   1.71906   1.72772   1.73591   1.74894
  Beta virt. eigenvalues --    1.75464   1.76258   1.76840   1.77984   1.78506
  Beta virt. eigenvalues --    1.78670   1.80335   1.81422   1.82440   1.84413
  Beta virt. eigenvalues --    1.84849   1.85480   1.87707   1.87815   1.88738
  Beta virt. eigenvalues --    1.90213   1.91133   1.92037   1.93122   1.93503
  Beta virt. eigenvalues --    1.94781   1.95170   1.95579   1.95939   1.97574
  Beta virt. eigenvalues --    1.98060   1.99750   2.00468   2.02992   2.04074
  Beta virt. eigenvalues --    2.04438   2.04489   2.04749   2.05957   2.06422
  Beta virt. eigenvalues --    2.08205   2.08448   2.09150   2.10676   2.11322
  Beta virt. eigenvalues --    2.12823   2.12883   2.13272   2.13328   2.13529
  Beta virt. eigenvalues --    2.14029   2.14759   2.15882   2.16055   2.16593
  Beta virt. eigenvalues --    2.16910   2.17308   2.17879   2.18161   2.18891
  Beta virt. eigenvalues --    2.20438   2.21193   2.22324   2.23173   2.24303
  Beta virt. eigenvalues --    2.25299   2.26851   2.27282   2.28227   2.28502
  Beta virt. eigenvalues --    2.28972   2.30341   2.30530   2.32521   2.32735
  Beta virt. eigenvalues --    2.33331   2.33552   2.34570   2.35746   2.37247
  Beta virt. eigenvalues --    2.38271   2.39488   2.41894   2.42719   2.43906
  Beta virt. eigenvalues --    2.45555   2.46274   2.47620   2.48634   2.48903
  Beta virt. eigenvalues --    2.49220   2.49459   2.50830   2.51865   2.52421
  Beta virt. eigenvalues --    2.53019   2.54256   2.54944   2.56004   2.56465
  Beta virt. eigenvalues --    2.58127   2.58475   2.58984   2.60759   2.60883
  Beta virt. eigenvalues --    2.61293   2.62480   2.62950   2.64443   2.65403
  Beta virt. eigenvalues --    2.65792   2.66079   2.67549   2.67785   2.69773
  Beta virt. eigenvalues --    2.70233   2.71039   2.71660   2.72602   2.73938
  Beta virt. eigenvalues --    2.75412   2.76176   2.77451   2.77853   2.79316
  Beta virt. eigenvalues --    2.80973   2.81598   2.81944   2.84312   2.85432
  Beta virt. eigenvalues --    2.85707   2.86017   2.86431   2.87207   2.87576
  Beta virt. eigenvalues --    2.88464   2.89066   2.89242   2.90323   2.92430
  Beta virt. eigenvalues --    2.92758   2.96800   2.99004   3.00270   3.04326
  Beta virt. eigenvalues --    3.08511   3.12070   3.15687   3.16209   3.20264
  Beta virt. eigenvalues --    3.21959   3.26421   3.26453   3.26653   3.26684
  Beta virt. eigenvalues --    3.27569   3.28642   3.33168   3.33922   3.35761
  Beta virt. eigenvalues --    3.35995   3.37894   3.38862   3.42163   3.42317
  Beta virt. eigenvalues --    3.42736   3.42867   3.45201   3.46477   3.47299
  Beta virt. eigenvalues --    3.48862   3.48893   3.50141   3.50866   3.56341
  Beta virt. eigenvalues --    3.56561   3.56836   3.56994   3.57240   3.77126
  Beta virt. eigenvalues --    4.23763   4.28659   4.32453   4.36594   4.38393
  Beta virt. eigenvalues --    4.38685   4.42379   4.44133   4.44452   4.47658
  Beta virt. eigenvalues --    4.47895   4.51787   4.52154   4.60145   4.60301
  Beta virt. eigenvalues --    4.61530   4.66730   4.67471   4.68229   4.72316
  Beta virt. eigenvalues --    4.72472   4.89518   4.92013
          Condensed to atoms (all electrons):
              1          2          3          4          5          6
     1  C   11.756103   0.172216  -0.149210  -2.248574  -0.330333  -0.634920
     2  C    0.172216   8.772614   0.707214  -0.203581  -0.450233  -0.157485
     3  C   -0.149210   0.707214   5.879033   0.168138   0.143287   0.116879
     4  C   -2.248574  -0.203581   0.168138   7.793393   0.742922   0.724725
     5  C   -0.330333  -0.450233   0.143287   0.742922   9.484579  -0.045575
     6  C   -0.634920  -0.157485   0.116879   0.724725  -0.045575   7.724211
     7  C   -0.077512  -0.465367   0.137613  -0.026801  -0.144421   0.787883
     8  C    0.453872   0.115887  -0.070719  -0.705690  -0.037876  -2.209685
     9  C   -0.609379  -0.547573  -0.281882   0.495634  -0.735152   1.069034
    10  C    0.012809  -0.402730   0.435746  -1.099510  -0.023132  -1.123278
    11  C   -1.184488  -0.503719  -0.234623   1.081272  -0.082430   0.380737
    12  H   -0.004346   0.011294  -0.002133   0.024889  -0.008559  -0.104251
    13  H    0.002477  -0.006115   0.017605  -0.011356   0.010500  -0.010711
    14  H    0.014999   0.011913  -0.001244  -0.110105   0.070587   0.024666
    15  C   -1.929558  -0.069185  -0.427380  -0.295606   0.200856  -0.032159
    16  H   -0.176478   0.003202  -0.012189   0.015222   0.005316   0.004109
    17  H    0.106847  -0.038464  -0.006954  -0.007656   0.024578   0.000435
    18  C   -0.061451   0.027297   0.033251  -0.075190  -0.092678  -0.007055
    19  H    0.161529  -0.005505   0.002949  -0.000316  -0.001800   0.000613
    20  H   -0.079933   0.004351  -0.001859  -0.002283   0.015473   0.000069
    21  H   -0.088384  -0.001923  -0.004435  -0.000331  -0.020222  -0.000230
    22  C    0.661528  -0.506270  -0.312541  -0.425185  -2.091455   0.014811
    23  H    0.087061   0.002524   0.011331  -0.010276  -0.099426  -0.002146
    24  H   -0.025523  -0.023291  -0.008633  -0.008365  -0.160096  -0.000605
    25  C   -0.142084  -0.025468  -0.018466   0.058405   0.260191   0.004924
    26  H    0.003423  -0.000769  -0.004455  -0.005568  -0.045891   0.000036
    27  H    0.029598   0.002889   0.003793  -0.013745   0.063385   0.000314
    28  H   -0.045944  -0.007663   0.005167   0.034046   0.080131  -0.000112
    29  C   -0.123725  -0.552112  -0.326477   0.026929   0.013656  -0.303616
    30  H   -0.000731  -0.023917  -0.009456  -0.000405   0.004453  -0.016874
    31  H   -0.002573   0.000440   0.009929  -0.002551   0.005116  -0.007885
    32  C    0.002400  -0.022888  -0.018109   0.005701  -0.017932   0.062595
    33  H   -0.000190  -0.007161   0.004313  -0.000134   0.000629   0.030553
    34  H    0.001203   0.003893   0.004859  -0.000072   0.001819  -0.007341
    35  H   -0.000414  -0.001295  -0.004683   0.000086   0.000248  -0.005558
    36  C    0.107051  -0.055683  -0.424561  -0.029457  -0.116114  -0.285927
    37  H    0.003789   0.010431  -0.010367   0.005216  -0.002799   0.019645
    38  H   -0.001798  -0.051802  -0.007627   0.000492  -0.006923  -0.004466
    39  C   -0.010097   0.023140   0.034781  -0.009702   0.013855  -0.094289
    40  H    0.000497   0.004382  -0.001989   0.000076  -0.000211  -0.002546
    41  H    0.000910  -0.007790   0.003538   0.000542  -0.001156   0.000484
    42  H    0.001274   0.004497  -0.003402   0.000141  -0.000874  -0.000569
    43  N    0.058705   0.439759   0.001408  -0.046538  -0.073533  -0.022244
    44  N   -0.135362   0.449931   0.015811  -0.020609  -0.162229  -0.058043
    45  C    0.364968   0.022180   0.052660  -0.079973  -0.042027  -0.143655
    46  H    0.016439   0.024354   0.004581   0.000303   0.010227  -0.008064
    47  H    0.002235  -0.003647  -0.001938  -0.005329  -0.003052  -0.007246
    48  C   -0.104169   0.030032   0.024143  -0.200531  -0.077429  -0.139567
    49  H   -0.030684   0.017697   0.001936  -0.009769  -0.025889  -0.000485
    50  H   -0.044734  -0.004428   0.000662  -0.008435  -0.003514  -0.006385
              7          8          9         10         11         12
     1  C   -0.077512   0.453872  -0.609379   0.012809  -1.184488  -0.004346
     2  C   -0.465367   0.115887  -0.547573  -0.402730  -0.503719   0.011294
     3  C    0.137613  -0.070719  -0.281882   0.435746  -0.234623  -0.002133
     4  C   -0.026801  -0.705690   0.495634  -1.099510   1.081272   0.024889
     5  C   -0.144421  -0.037876  -0.735152  -0.023132  -0.082430  -0.008559
     6  C    0.787883  -2.209685   1.069034  -1.123278   0.380737  -0.104251
     7  C    9.332354  -0.187096  -0.154071  -0.037288  -0.633329   0.063887
     8  C   -0.187096  11.793522  -1.297898   0.031420  -0.564107   0.009087
     9  C   -0.154071  -1.297898   8.423867   0.216606  -0.607645   0.262220
    10  C   -0.037288   0.031420   0.216606   8.379867   0.304012   0.107889
    11  C   -0.633329  -0.564107  -0.607645   0.304012   8.081177   0.009126
    12  H    0.063887   0.009087   0.262220   0.107889   0.009126   0.616215
    13  H    0.009962   0.002672  -0.057072   0.407952  -0.052008  -0.014506
    14  H   -0.007033  -0.003731   0.005806   0.109812   0.254464  -0.003272
    15  C   -0.123844   0.108249  -0.077976   0.004061   0.102144   0.000287
    16  H   -0.003846   0.004282  -0.000819   0.001510   0.011964   0.000108
    17  H   -0.006374  -0.002179  -0.002115   0.000723  -0.003126  -0.000004
    18  C    0.014437  -0.009372   0.002869   0.003780  -0.007386  -0.000146
    19  H   -0.001270   0.001027  -0.000780   0.001099  -0.003456   0.000000
    20  H   -0.000172   0.000559  -0.000131   0.000226   0.001260  -0.000001
    21  H   -0.001833   0.000649  -0.000337   0.000039   0.002083   0.000008
    22  C    0.029762  -0.111132  -0.068509  -0.519986  -0.016139  -0.005995
    23  H    0.005872  -0.002676  -0.002982  -0.024680  -0.066351  -0.000266
    24  H    0.004173  -0.000729   0.006243  -0.013424   0.070565  -0.000526
    25  C   -0.018194   0.002352  -0.010362   0.058361   0.106708   0.001052
    26  H    0.000343  -0.000406   0.000673   0.001136   0.017254   0.000039
    27  H    0.001576   0.001281  -0.009342  -0.020197  -0.045073  -0.000163
    28  H    0.000685  -0.000269   0.000887  -0.001368   0.014878  -0.000144
    29  C   -2.045090   0.429540   0.081094  -0.552862  -0.050822  -0.104103
    30  H   -0.168354  -0.015653   0.069980  -0.010728   0.006315  -0.002333
    31  H   -0.086254   0.068011  -0.065723  -0.026721  -0.003534  -0.003862
    32  C    0.246090  -0.137178   0.108890   0.058761  -0.010330   0.036754
    33  H    0.070742  -0.036802   0.015398  -0.001222   0.000700   0.002129
    34  H    0.067774   0.027440  -0.048446  -0.022250  -0.008852   0.000590
    35  H   -0.047706   0.002000   0.018739   0.001172   0.000725  -0.001419
    36  C    0.176679  -1.924666   0.099269   0.001131  -0.076020   0.013651
    37  H   -0.001857  -0.166641   0.012864   0.001748  -0.000098  -0.000100
    38  H    0.036472   0.091256  -0.002148  -0.000185  -0.001997   0.001037
    39  C   -0.106421  -0.021722  -0.012039   0.005685   0.002140  -0.004176
    40  H    0.011529  -0.076279   0.001339   0.000265  -0.000156  -0.000067
    41  H    0.007340   0.156521  -0.003545   0.001048  -0.000479   0.001012
    42  H   -0.022858  -0.089981   0.001567   0.000080  -0.000119  -0.000254
    43  N   -0.174262  -0.136434  -0.004274   0.035777  -0.044494   0.000244
    44  N   -0.087585   0.080321  -0.047216   0.035898  -0.002105  -0.004053
    45  C   -0.021083  -0.115338  -0.025723  -0.020062  -0.038904   0.000447
    46  H   -0.023149  -0.035762  -0.003881  -0.000998   0.001413  -0.000071
    47  H   -0.005626  -0.047213   0.001528   0.000213  -0.001886  -0.000022
    48  C   -0.100610   0.426734  -0.057765  -0.012784  -0.037990  -0.000122
    49  H    0.009796   0.019211   0.001342  -0.000749  -0.004568   0.000002
    50  H   -0.003288   0.003567  -0.002040  -0.000547   0.001611   0.000012
             13         14         15         16         17         18
     1  C    0.002477   0.014999  -1.929558  -0.176478   0.106847  -0.061451
     2  C   -0.006115   0.011913  -0.069185   0.003202  -0.038464   0.027297
     3  C    0.017605  -0.001244  -0.427380  -0.012189  -0.006954   0.033251
     4  C   -0.011356  -0.110105  -0.295606   0.015222  -0.007656  -0.075190
     5  C    0.010500   0.070587   0.200856   0.005316   0.024578  -0.092678
     6  C   -0.010711   0.024666  -0.032159   0.004109   0.000435  -0.007055
     7  C    0.009962  -0.007033  -0.123844  -0.003846  -0.006374   0.014437
     8  C    0.002672  -0.003731   0.108249   0.004282  -0.002179  -0.009372
     9  C   -0.057072   0.005806  -0.077976  -0.000819  -0.002115   0.002869
    10  C    0.407952   0.109812   0.004061   0.001510   0.000723   0.003780
    11  C   -0.052008   0.254464   0.102144   0.011964  -0.003126  -0.007386
    12  H   -0.014506  -0.003272   0.000287   0.000108  -0.000004  -0.000146
    13  H    0.542986  -0.014307  -0.001453  -0.000047  -0.000017   0.000136
    14  H   -0.014307   0.615973   0.013232  -0.000065   0.000987  -0.004070
    15  C   -0.001453   0.013232   9.321371   0.485146   0.355241  -0.528810
    16  H   -0.000047  -0.000065   0.485146   0.586886  -0.075323  -0.055663
    17  H   -0.000017   0.000987   0.355241  -0.075323   0.625357  -0.103525
    18  C    0.000136  -0.004070  -0.528810  -0.055663  -0.103525   5.839742
    19  H   -0.000002   0.000989  -0.098854  -0.032153   0.026346   0.348979
    20  H   -0.000002  -0.000059  -0.064284  -0.006893  -0.016707   0.496654
    21  H    0.000001  -0.000246  -0.004129   0.024390  -0.039254   0.448055
    22  C   -0.001598  -0.105356  -0.473002  -0.007308  -0.044355   0.110607
    23  H    0.000246  -0.004241  -0.015626  -0.013392   0.009224   0.015648
    24  H    0.000913  -0.001945  -0.043706   0.005395  -0.008314   0.024451
    25  C   -0.002386   0.037344   0.116286   0.018381   0.020715  -0.075693
    26  H   -0.000109  -0.001382   0.003929  -0.000933   0.000298   0.000033
    27  H    0.000301   0.000423   0.010293   0.001002   0.000902   0.000658
    28  H    0.000095   0.002144  -0.032961   0.009348  -0.006066   0.005531
    29  C   -0.002524  -0.005469  -0.036253  -0.000689  -0.001410   0.002255
    30  H    0.000932  -0.000532  -0.000635  -0.000029   0.000012  -0.000003
    31  H    0.000185  -0.000252  -0.000441   0.000027  -0.000082   0.000005
    32  C   -0.002299   0.001059   0.000473  -0.000021  -0.000023   0.000083
    33  H    0.000099  -0.000147  -0.000158   0.000001  -0.000001  -0.000013
    34  H    0.000269  -0.000141   0.000143  -0.000005   0.000009  -0.000001
    35  H   -0.000119   0.000043  -0.000082  -0.000001  -0.000005   0.000004
    36  C   -0.001422   0.000290   0.033233  -0.000354   0.000936   0.002888
    37  H   -0.000039   0.000110  -0.000306  -0.000105   0.000130   0.000158
    38  H   -0.000026   0.000003  -0.000100   0.000043  -0.001005   0.000619
    39  C    0.000146  -0.000152   0.004443   0.000261   0.000466  -0.001331
    40  H   -0.000001  -0.000002   0.000172  -0.000002   0.000031  -0.000006
    41  H   -0.000004   0.000002   0.000171   0.000005  -0.000031   0.000003
    42  H    0.000002   0.000010  -0.000652  -0.000092   0.000140   0.000353
    43  N    0.000712  -0.003931  -0.288804   0.023883  -0.045028   0.113328
    44  N    0.000708   0.000325   0.031603  -0.000665  -0.005936   0.013348
    45  C   -0.000213   0.000040  -0.428418  -0.037521  -0.011563   0.148122
    46  H   -0.000002   0.000005   0.005537   0.000738  -0.000762  -0.004307
    47  H    0.000000   0.000005  -0.002977  -0.000968   0.003268   0.000577
    48  C   -0.000178   0.000387   0.221013  -0.004317   0.067633  -0.074657
    49  H    0.000002  -0.000098   0.014620   0.000746  -0.003700   0.001131
    50  H   -0.000008   0.000016   0.013313   0.003068  -0.018818   0.017302
             19         20         21         22         23         24
     1  C    0.161529  -0.079933  -0.088384   0.661528   0.087061  -0.025523
     2  C   -0.005505   0.004351  -0.001923  -0.506270   0.002524  -0.023291
     3  C    0.002949  -0.001859  -0.004435  -0.312541   0.011331  -0.008633
     4  C   -0.000316  -0.002283  -0.000331  -0.425185  -0.010276  -0.008365
     5  C   -0.001800   0.015473  -0.020222  -2.091455  -0.099426  -0.160096
     6  C    0.000613   0.000069  -0.000230   0.014811  -0.002146  -0.000605
     7  C   -0.001270  -0.000172  -0.001833   0.029762   0.005872   0.004173
     8  C    0.001027   0.000559   0.000649  -0.111132  -0.002676  -0.000729
     9  C   -0.000780  -0.000131  -0.000337  -0.068509  -0.002982   0.006243
    10  C    0.001099   0.000226   0.000039  -0.519986  -0.024680  -0.013424
    11  C   -0.003456   0.001260   0.002083  -0.016139  -0.066351   0.070565
    12  H    0.000000  -0.000001   0.000008  -0.005995  -0.000266  -0.000526
    13  H   -0.000002  -0.000002   0.000001  -0.001598   0.000246   0.000913
    14  H    0.000989  -0.000059  -0.000246  -0.105356  -0.004241  -0.001945
    15  C   -0.098854  -0.064284  -0.004129  -0.473002  -0.015626  -0.043706
    16  H   -0.032153  -0.006893   0.024390  -0.007308  -0.013392   0.005395
    17  H    0.026346  -0.016707  -0.039254  -0.044355   0.009224  -0.008314
    18  C    0.348979   0.496654   0.448055   0.110607   0.015648   0.024451
    19  H    0.543463  -0.035353  -0.053504  -0.036644   0.013643  -0.010364
    20  H   -0.035353   0.510447  -0.018326   0.001453  -0.000725   0.001121
    21  H   -0.053504  -0.018326   0.551704   0.013237  -0.000869   0.001628
    22  C   -0.036644   0.001453   0.013237   9.847260   0.434302   0.526580
    23  H    0.013643  -0.000725  -0.000869   0.434302   0.582417  -0.050027
    24  H   -0.010364   0.001121   0.001628   0.526580  -0.050027   0.579243
    25  C    0.012347  -0.002111  -0.000439  -0.422722  -0.058900  -0.076742
    26  H   -0.000386   0.000247  -0.000108  -0.045155  -0.009827  -0.009357
    27  H    0.000289  -0.000069   0.000148  -0.078223   0.014540  -0.021098
    28  H   -0.000635  -0.000158  -0.000189  -0.094524  -0.021618   0.011289
    29  C   -0.000305  -0.000066  -0.000391   0.033942   0.001148   0.002549
    30  H   -0.000002  -0.000004   0.000008   0.002631   0.000063   0.000166
    31  H   -0.000011   0.000000   0.000021   0.001009  -0.000023   0.000065
    32  C    0.000000   0.000004  -0.000039  -0.003260   0.000017  -0.000125
    33  H    0.000000  -0.000001   0.000005   0.000289   0.000001   0.000018
    34  H    0.000001   0.000000   0.000003   0.000040   0.000001  -0.000020
    35  H   -0.000001   0.000000  -0.000001   0.000135   0.000002   0.000009
    36  C    0.000085   0.000179  -0.000888  -0.035025  -0.000378  -0.000682
    37  H    0.000003  -0.000003  -0.000095  -0.000516   0.000030  -0.000034
    38  H   -0.000038   0.000029   0.000041  -0.001381  -0.000055   0.000015
    39  C    0.000028  -0.000003   0.000549   0.002059  -0.000036   0.000004
    40  H    0.000002   0.000001  -0.000004  -0.000073   0.000000  -0.000004
    41  H    0.000001   0.000003   0.000020  -0.000279  -0.000011  -0.000002
    42  H    0.000017  -0.000005  -0.000221  -0.000230   0.000022   0.000002
    43  N   -0.017416   0.007713   0.037567  -0.082028  -0.001953   0.003458
    44  N   -0.000788   0.000600  -0.002221  -0.027320   0.000401   0.000566
    45  C   -0.003668   0.001638  -0.025042  -0.001585   0.008991   0.001608
    46  H   -0.000214  -0.000076   0.002179   0.003099  -0.000206  -0.000015
    47  H    0.000208  -0.000090  -0.001323  -0.000043   0.000363  -0.000044
    48  C    0.012776   0.006416  -0.005874   0.012678  -0.004764  -0.001761
    49  H   -0.000032   0.000635   0.000963  -0.006389   0.000674   0.000653
    50  H   -0.001825   0.000172   0.006756   0.006575  -0.001587   0.000176
             25         26         27         28         29         30
     1  C   -0.142084   0.003423   0.029598  -0.045944  -0.123725  -0.000731
     2  C   -0.025468  -0.000769   0.002889  -0.007663  -0.552112  -0.023917
     3  C   -0.018466  -0.004455   0.003793   0.005167  -0.326477  -0.009456
     4  C    0.058405  -0.005568  -0.013745   0.034046   0.026929  -0.000405
     5  C    0.260191  -0.045891   0.063385   0.080131   0.013656   0.004453
     6  C    0.004924   0.000036   0.000314  -0.000112  -0.303616  -0.016874
     7  C   -0.018194   0.000343   0.001576   0.000685  -2.045090  -0.168354
     8  C    0.002352  -0.000406   0.001281  -0.000269   0.429540  -0.015653
     9  C   -0.010362   0.000673  -0.009342   0.000887   0.081094   0.069980
    10  C    0.058361   0.001136  -0.020197  -0.001368  -0.552862  -0.010728
    11  C    0.106708   0.017254  -0.045073   0.014878  -0.050822   0.006315
    12  H    0.001052   0.000039  -0.000163  -0.000144  -0.104103  -0.002333
    13  H   -0.002386  -0.000109   0.000301   0.000095  -0.002524   0.000932
    14  H    0.037344  -0.001382   0.000423   0.002144  -0.005469  -0.000532
    15  C    0.116286   0.003929   0.010293  -0.032961  -0.036253  -0.000635
    16  H    0.018381  -0.000933   0.001002   0.009348  -0.000689  -0.000029
    17  H    0.020715   0.000298   0.000902  -0.006066  -0.001410   0.000012
    18  C   -0.075693   0.000033   0.000658   0.005531   0.002255  -0.000003
    19  H    0.012347  -0.000386   0.000289  -0.000635  -0.000305  -0.000002
    20  H   -0.002111   0.000247  -0.000069  -0.000158  -0.000066  -0.000004
    21  H   -0.000439  -0.000108   0.000148  -0.000189  -0.000391   0.000008
    22  C   -0.422722  -0.045155  -0.078223  -0.094524   0.033942   0.002631
    23  H   -0.058900  -0.009827   0.014540  -0.021618   0.001148   0.000063
    24  H   -0.076742  -0.009357  -0.021098   0.011289   0.002549   0.000166
    25  C    5.625807   0.464997   0.409427   0.401574  -0.003389  -0.000117
    26  H    0.464997   0.514738  -0.028229  -0.027512   0.000141   0.000009
    27  H    0.409427  -0.028229   0.530496  -0.038802  -0.000052  -0.000018
    28  H    0.401574  -0.027512  -0.038802   0.526703   0.000296   0.000017
    29  C   -0.003389   0.000141  -0.000052   0.000296   9.894809   0.533801
    30  H   -0.000117   0.000009  -0.000018   0.000017   0.533801   0.579518
    31  H    0.000007   0.000002   0.000000   0.000001   0.430733  -0.050832
    32  C   -0.000084  -0.000009  -0.000018   0.000001  -0.415506  -0.076670
    33  H    0.000000   0.000002   0.000003   0.000001  -0.089272   0.011224
    34  H   -0.000020  -0.000007   0.000071   0.000003  -0.083407  -0.021176
    35  H   -0.000010   0.000000  -0.000007   0.000002  -0.043569  -0.009232
    36  C    0.000621  -0.000083   0.000151  -0.000147  -0.429645  -0.045707
    37  H   -0.000005   0.000000  -0.000004   0.000001  -0.004992   0.005496
    38  H   -0.000049  -0.000005   0.000009   0.000005  -0.041290  -0.008296
    39  C    0.000087   0.000003  -0.000002  -0.000017   0.093574   0.024867
    40  H    0.000004   0.000000   0.000000  -0.000001   0.002472   0.001132
    41  H    0.000000  -0.000001   0.000001   0.000000  -0.040559  -0.010312
    42  H   -0.000032  -0.000001   0.000004   0.000004   0.011125   0.001577
    43  N   -0.008577  -0.000511  -0.000507   0.000971  -0.032467   0.000583
    44  N   -0.003478   0.000069  -0.000136  -0.000054  -0.086053   0.003790
    45  C   -0.010053   0.000192  -0.000064   0.001218   0.022199  -0.001268
    46  H    0.000303   0.000013  -0.000039  -0.000049  -0.005299   0.000699
    47  H   -0.000241   0.000002   0.000065   0.000039   0.004657   0.000152
    48  C    0.007150   0.000236  -0.000216  -0.000474  -0.021153   0.001518
    49  H   -0.001826  -0.000059  -0.000023   0.000429   0.003296  -0.000043
    50  H    0.000494   0.000064  -0.000157  -0.000137   0.000107  -0.000022
             31         32         33         34         35         36
     1  C   -0.002573   0.002400  -0.000190   0.001203  -0.000414   0.107051
     2  C    0.000440  -0.022888  -0.007161   0.003893  -0.001295  -0.055683
     3  C    0.009929  -0.018109   0.004313   0.004859  -0.004683  -0.424561
     4  C   -0.002551   0.005701  -0.000134  -0.000072   0.000086  -0.029457
     5  C    0.005116  -0.017932   0.000629   0.001819   0.000248  -0.116114
     6  C   -0.007885   0.062595   0.030553  -0.007341  -0.005558  -0.285927
     7  C   -0.086254   0.246090   0.070742   0.067774  -0.047706   0.176679
     8  C    0.068011  -0.137178  -0.036802   0.027440   0.002000  -1.924666
     9  C   -0.065723   0.108890   0.015398  -0.048446   0.018739   0.099269
    10  C   -0.026721   0.058761  -0.001222  -0.022250   0.001172   0.001131
    11  C   -0.003534  -0.010330   0.000700  -0.008852   0.000725  -0.076020
    12  H   -0.003862   0.036754   0.002129   0.000590  -0.001419   0.013651
    13  H    0.000185  -0.002299   0.000099   0.000269  -0.000119  -0.001422
    14  H   -0.000252   0.001059  -0.000147  -0.000141   0.000043   0.000290
    15  C   -0.000441   0.000473  -0.000158   0.000143  -0.000082   0.033233
    16  H    0.000027  -0.000021   0.000001  -0.000005  -0.000001  -0.000354
    17  H   -0.000082  -0.000023  -0.000001   0.000009  -0.000005   0.000936
    18  C    0.000005   0.000083  -0.000013  -0.000001   0.000004   0.002888
    19  H   -0.000011   0.000000   0.000000   0.000001  -0.000001   0.000085
    20  H    0.000000   0.000004  -0.000001   0.000000   0.000000   0.000179
    21  H    0.000021  -0.000039   0.000005   0.000003  -0.000001  -0.000888
    22  C    0.001009  -0.003260   0.000289   0.000040   0.000135  -0.035025
    23  H   -0.000023   0.000017   0.000001   0.000001   0.000002  -0.000378
    24  H    0.000065  -0.000125   0.000018  -0.000020   0.000009  -0.000682
    25  C    0.000007  -0.000084   0.000000  -0.000020  -0.000010   0.000621
    26  H    0.000002  -0.000009   0.000002  -0.000007   0.000000  -0.000083
    27  H    0.000000  -0.000018   0.000003   0.000071  -0.000007   0.000151
    28  H    0.000001   0.000001   0.000001   0.000003   0.000002  -0.000147
    29  C    0.430733  -0.415506  -0.089272  -0.083407  -0.043569  -0.429645
    30  H   -0.050832  -0.076670   0.011224  -0.021176  -0.009232  -0.045707
    31  H    0.583685  -0.058897  -0.021835   0.014836  -0.010081  -0.000034
    32  C   -0.058897   5.626749   0.401301   0.408395   0.465974   0.107700
    33  H   -0.021835   0.401301   0.525985  -0.038648  -0.027418  -0.034711
    34  H    0.014836   0.408395  -0.038648   0.530724  -0.028450   0.010928
    35  H   -0.010081   0.465974  -0.027418  -0.028450   0.514943   0.004085
    36  C   -0.000034   0.107700  -0.034711   0.010928   0.004085   9.327447
    37  H   -0.012677   0.018818   0.010019   0.000735  -0.000761   0.463433
    38  H    0.008884   0.020502  -0.006003   0.000868   0.000311   0.383132
    39  C    0.012240  -0.076406   0.005408   0.000768  -0.000176  -0.547153
    40  H   -0.000929  -0.002112  -0.000175  -0.000068   0.000260  -0.066010
    41  H    0.013340   0.012080  -0.000566   0.000276  -0.000407  -0.098941
    42  H   -0.000634  -0.000388  -0.000211   0.000157  -0.000127  -0.009851
    43  N    0.000141  -0.003173  -0.000047  -0.000064   0.000044   0.039407
    44  N   -0.002243  -0.009012   0.001092  -0.000581  -0.000536  -0.318964
    45  C   -0.003095   0.007061   0.000324  -0.000719   0.000359   0.185983
    46  H    0.000742  -0.002002   0.000508  -0.000049  -0.000041   0.007552
    47  H   -0.001620   0.000896  -0.000198  -0.000142   0.000049   0.020181
    48  C    0.007628  -0.011118   0.000807   0.000335   0.000036  -0.406478
    49  H   -0.000169   0.000299  -0.000055  -0.000030   0.000010   0.005230
    50  H    0.000372  -0.000297   0.000052   0.000053   0.000006  -0.003870
             37         38         39         40         41         42
     1  C    0.003789  -0.001798  -0.010097   0.000497   0.000910   0.001274
     2  C    0.010431  -0.051802   0.023140   0.004382  -0.007790   0.004497
     3  C   -0.010367  -0.007627   0.034781  -0.001989   0.003538  -0.003402
     4  C    0.005216   0.000492  -0.009702   0.000076   0.000542   0.000141
     5  C   -0.002799  -0.006923   0.013855  -0.000211  -0.001156  -0.000874
     6  C    0.019645  -0.004466  -0.094289  -0.002546   0.000484  -0.000569
     7  C   -0.001857   0.036472  -0.106421   0.011529   0.007340  -0.022858
     8  C   -0.166641   0.091256  -0.021722  -0.076279   0.156521  -0.089981
     9  C    0.012864  -0.002148  -0.012039   0.001339  -0.003545   0.001567
    10  C    0.001748  -0.000185   0.005685   0.000265   0.001048   0.000080
    11  C   -0.000098  -0.001997   0.002140  -0.000156  -0.000479  -0.000119
    12  H   -0.000100   0.001037  -0.004176  -0.000067   0.001012  -0.000254
    13  H   -0.000039  -0.000026   0.000146  -0.000001  -0.000004   0.000002
    14  H    0.000110   0.000003  -0.000152  -0.000002   0.000002   0.000010
    15  C   -0.000306  -0.000100   0.004443   0.000172   0.000171  -0.000652
    16  H   -0.000105   0.000043   0.000261  -0.000002   0.000005  -0.000092
    17  H    0.000130  -0.001005   0.000466   0.000031  -0.000031   0.000140
    18  C    0.000158   0.000619  -0.001331  -0.000006   0.000003   0.000353
    19  H    0.000003  -0.000038   0.000028   0.000002   0.000001   0.000017
    20  H   -0.000003   0.000029  -0.000003   0.000001   0.000003  -0.000005
    21  H   -0.000095   0.000041   0.000549  -0.000004   0.000020  -0.000221
    22  C   -0.000516  -0.001381   0.002059  -0.000073  -0.000279  -0.000230
    23  H    0.000030  -0.000055  -0.000036   0.000000  -0.000011   0.000022
    24  H   -0.000034   0.000015   0.000004  -0.000004  -0.000002   0.000002
    25  C   -0.000005  -0.000049   0.000087   0.000004   0.000000  -0.000032
    26  H    0.000000  -0.000005   0.000003   0.000000  -0.000001  -0.000001
    27  H   -0.000004   0.000009  -0.000002   0.000000   0.000001   0.000004
    28  H    0.000001   0.000005  -0.000017  -0.000001   0.000000   0.000004
    29  C   -0.004992  -0.041290   0.093574   0.002472  -0.040559   0.011125
    30  H    0.005496  -0.008296   0.024867   0.001132  -0.010312   0.001577
    31  H   -0.012677   0.008884   0.012240  -0.000929   0.013340  -0.000634
    32  C    0.018818   0.020502  -0.076406  -0.002112   0.012080  -0.000388
    33  H    0.010019  -0.006003   0.005408  -0.000175  -0.000566  -0.000211
    34  H    0.000735   0.000868   0.000768  -0.000068   0.000276   0.000157
    35  H   -0.000761   0.000311  -0.000176   0.000260  -0.000407  -0.000127
    36  C    0.463433   0.383132  -0.547153  -0.066010  -0.098941  -0.009851
    37  H    0.583644  -0.073847  -0.051648  -0.006287  -0.032777   0.024240
    38  H   -0.073847   0.621707  -0.110623  -0.016852   0.026201  -0.039009
    39  C   -0.051648  -0.110623   5.859573   0.497468   0.351385   0.449675
    40  H   -0.006287  -0.016852   0.497468   0.509996  -0.034788  -0.018430
    41  H   -0.032777   0.026201   0.351385  -0.034788   0.544490  -0.054297
    42  H    0.024240  -0.039009   0.449675  -0.018430  -0.054297   0.552991
    43  N    0.000156  -0.007887   0.012884   0.000568  -0.000932  -0.000377
    44  N    0.024329  -0.051500   0.121555   0.007809  -0.018172   0.039191
    45  C   -0.010213   0.075427  -0.084886   0.006334   0.011638  -0.010728
    46  H    0.000462  -0.004743   0.004332   0.000553   0.000023   0.001921
    47  H    0.003886  -0.020705   0.014304   0.000203  -0.001766   0.006513
    48  C   -0.034012  -0.017180   0.163958   0.001280  -0.001644  -0.023253
    49  H    0.000527  -0.000567  -0.004110  -0.000069  -0.000258   0.002275
    50  H   -0.000932   0.002791   0.000883  -0.000099   0.000218  -0.001299
             43         44         45         46         47         48
     1  C    0.058705  -0.135362   0.364968   0.016439   0.002235  -0.104169
     2  C    0.439759   0.449931   0.022180   0.024354  -0.003647   0.030032
     3  C    0.001408   0.015811   0.052660   0.004581  -0.001938   0.024143
     4  C   -0.046538  -0.020609  -0.079973   0.000303  -0.005329  -0.200531
     5  C   -0.073533  -0.162229  -0.042027   0.010227  -0.003052  -0.077429
     6  C   -0.022244  -0.058043  -0.143655  -0.008064  -0.007246  -0.139567
     7  C   -0.174262  -0.087585  -0.021083  -0.023149  -0.005626  -0.100610
     8  C   -0.136434   0.080321  -0.115338  -0.035762  -0.047213   0.426734
     9  C   -0.004274  -0.047216  -0.025723  -0.003881   0.001528  -0.057765
    10  C    0.035777   0.035898  -0.020062  -0.000998   0.000213  -0.012784
    11  C   -0.044494  -0.002105  -0.038904   0.001413  -0.001886  -0.037990
    12  H    0.000244  -0.004053   0.000447  -0.000071  -0.000022  -0.000122
    13  H    0.000712   0.000708  -0.000213  -0.000002   0.000000  -0.000178
    14  H   -0.003931   0.000325   0.000040   0.000005   0.000005   0.000387
    15  C   -0.288804   0.031603  -0.428418   0.005537  -0.002977   0.221013
    16  H    0.023883  -0.000665  -0.037521   0.000738  -0.000968  -0.004317
    17  H   -0.045028  -0.005936  -0.011563  -0.000762   0.003268   0.067633
    18  C    0.113328   0.013348   0.148122  -0.004307   0.000577  -0.074657
    19  H   -0.017416  -0.000788  -0.003668  -0.000214   0.000208   0.012776
    20  H    0.007713   0.000600   0.001638  -0.000076  -0.000090   0.006416
    21  H    0.037567  -0.002221  -0.025042   0.002179  -0.001323  -0.005874
    22  C   -0.082028  -0.027320  -0.001585   0.003099  -0.000043   0.012678
    23  H   -0.001953   0.000401   0.008991  -0.000206   0.000363  -0.004764
    24  H    0.003458   0.000566   0.001608  -0.000015  -0.000044  -0.001761
    25  C   -0.008577  -0.003478  -0.010053   0.000303  -0.000241   0.007150
    26  H   -0.000511   0.000069   0.000192   0.000013   0.000002   0.000236
    27  H   -0.000507  -0.000136  -0.000064  -0.000039   0.000065  -0.000216
    28  H    0.000971  -0.000054   0.001218  -0.000049   0.000039  -0.000474
    29  C   -0.032467  -0.086053   0.022199  -0.005299   0.004657  -0.021153
    30  H    0.000583   0.003790  -0.001268   0.000699   0.000152   0.001518
    31  H    0.000141  -0.002243  -0.003095   0.000742  -0.001620   0.007628
    32  C   -0.003173  -0.009012   0.007061  -0.002002   0.000896  -0.011118
    33  H   -0.000047   0.001092   0.000324   0.000508  -0.000198   0.000807
    34  H   -0.000064  -0.000581  -0.000719  -0.000049  -0.000142   0.000335
    35  H    0.000044  -0.000536   0.000359  -0.000041   0.000049   0.000036
    36  C    0.039407  -0.318964   0.185983   0.007552   0.020181  -0.406478
    37  H    0.000156   0.024329  -0.010213   0.000462   0.003886  -0.034012
    38  H   -0.007887  -0.051500   0.075427  -0.004743  -0.020705  -0.017180
    39  C    0.012884   0.121555  -0.084886   0.004332   0.014304   0.163958
    40  H    0.000568   0.007809   0.006334   0.000553   0.000203   0.001280
    41  H   -0.000932  -0.018172   0.011638   0.000023  -0.001766  -0.001644
    42  H   -0.000377   0.039191  -0.010728   0.001921   0.006513  -0.023253
    43  N    7.319309  -0.239895  -0.089930   0.022292   0.009270   0.128837
    44  N   -0.239895   7.319060   0.104453  -0.028391  -0.010833  -0.056261
    45  C   -0.089930   0.104453   6.934212   0.396953   0.343644  -1.260514
    46  H    0.022292  -0.028391   0.396953   0.500293  -0.050462  -0.038819
    47  H    0.009270  -0.010833   0.343644  -0.050462   0.494637   0.018795
    48  C    0.128837  -0.056261  -1.260514  -0.038819   0.018795   6.944308
    49  H   -0.024426   0.022005  -0.062682  -0.021712   0.014014   0.407886
    50  H   -0.014386   0.008699   0.028993   0.013313  -0.016386   0.349895
             49         50
     1  C   -0.030684  -0.044734
     2  C    0.017697  -0.004428
     3  C    0.001936   0.000662
     4  C   -0.009769  -0.008435
     5  C   -0.025889  -0.003514
     6  C   -0.000485  -0.006385
     7  C    0.009796  -0.003288
     8  C    0.019211   0.003567
     9  C    0.001342  -0.002040
    10  C   -0.000749  -0.000547
    11  C   -0.004568   0.001611
    12  H    0.000002   0.000012
    13  H    0.000002  -0.000008
    14  H   -0.000098   0.000016
    15  C    0.014620   0.013313
    16  H    0.000746   0.003068
    17  H   -0.003700  -0.018818
    18  C    0.001131   0.017302
    19  H   -0.000032  -0.001825
    20  H    0.000635   0.000172
    21  H    0.000963   0.006756
    22  C   -0.006389   0.006575
    23  H    0.000674  -0.001587
    24  H    0.000653   0.000176
    25  C   -0.001826   0.000494
    26  H   -0.000059   0.000064
    27  H   -0.000023  -0.000157
    28  H    0.000429  -0.000137
    29  C    0.003296   0.000107
    30  H   -0.000043  -0.000022
    31  H   -0.000169   0.000372
    32  C    0.000299  -0.000297
    33  H   -0.000055   0.000052
    34  H   -0.000030   0.000053
    35  H    0.000010   0.000006
    36  C    0.005230  -0.003870
    37  H    0.000527  -0.000932
    38  H   -0.000567   0.002791
    39  C   -0.004110   0.000883
    40  H   -0.000069  -0.000099
    41  H   -0.000258   0.000218
    42  H    0.002275  -0.001299
    43  N   -0.024426  -0.014386
    44  N    0.022005   0.008699
    45  C   -0.062682   0.028993
    46  H   -0.021712   0.013313
    47  H    0.014014  -0.016386
    48  C    0.407886   0.349895
    49  H    0.506696  -0.052385
    50  H   -0.052385   0.498143
 Mulliken atomic charges:
              1
     1  C    0.220660
     2  C   -0.716074
     3  C    0.524706
     4  C    0.485512
     5  C   -0.248845
     6  C    0.476249
     7  C   -0.232373
     8  C    0.177770
     9  C   -0.159021
    10  C   -0.304123
    11  C   -0.164313
    12  H    0.102913
    13  H    0.179622
    14  H    0.102144
    15  C   -0.068459
    16  H    0.224842
    17  H    0.204519
    18  C   -0.570947
    19  H    0.178927
    20  H    0.180062
    21  H    0.180804
    22  C   -0.177769
    23  H    0.204519
    24  H    0.224547
    25  C   -0.726088
    26  H    0.172882
    27  H    0.184563
    28  H    0.183381
    29  C   -0.185758
    30  H    0.224407
    31  H    0.205542
    32  C   -0.724707
    33  H    0.183368
    34  H    0.184294
    35  H    0.172856
    36  C   -0.078470
    37  H    0.221245
    38  H    0.208261
    39  C   -0.565530
    40  H    0.180787
    41  H    0.177466
    42  H    0.180113
    43  N    0.107103
    44  N    0.098680
    45  C   -0.190718
    46  H    0.210278
    47  H    0.244051
    48  C   -0.140842
    49  H    0.218703
    50  H    0.228262
 Sum of Mulliken atomic charges =   2.00000
 Mulliken charges with hydrogens summed into heavy atoms:
              1
     1  C    0.220660
     2  C   -0.716074
     3  C    0.524706
     4  C    0.485512
     5  C   -0.248845
     6  C    0.476249
     7  C   -0.232373
     8  C    0.177770
     9  C   -0.056107
    10  C   -0.124501
    11  C   -0.062169
    15  C    0.360902
    18  C   -0.031154
    22  C    0.251297
    25  C   -0.185263
    29  C    0.244191
    32  C   -0.184189
    36  C    0.351036
    39  C   -0.027164
    43  N    0.107103
    44  N    0.098680
    45  C    0.263612
    48  C    0.306122
 Sum of Mulliken charges with hydrogens summed into heavy atoms =   2.00000
          Atomic-Atomic Spin Densities.
              1          2          3          4          5          6
     1  C   -0.090335  -0.008187   0.001481   0.046034   0.096516   0.011303
     2  C   -0.008187  -0.097600  -0.000759   0.007077   0.001738   0.005826
     3  C    0.001481  -0.000759   0.006164   0.010971   0.000427   0.010322
     4  C    0.046034   0.007077   0.010971  -0.106908  -0.058242  -0.008651
     5  C    0.096516   0.001738   0.000427  -0.058242   0.260249   0.008923
     6  C    0.011303   0.005826   0.010322  -0.008651   0.008923  -0.104514
     7  C   -0.000587   0.002878   0.001695   0.008325  -0.007169  -0.061141
     8  C   -0.009629  -0.008575   0.001056   0.012905  -0.000390   0.045116
     9  C    0.007067   0.001877   0.004640  -0.017181   0.011895   0.009971
    10  C   -0.003039  -0.005987   0.003205  -0.010795  -0.001463  -0.011544
    11  C    0.024936  -0.000928   0.005353   0.009978  -0.022017  -0.016544
    12  H   -0.000865  -0.000678  -0.000399  -0.001543  -0.000732   0.003714
    13  H    0.000294   0.000334   0.000472   0.000884   0.000880   0.000918
    14  H   -0.005624  -0.001196  -0.000214   0.004174  -0.009142  -0.001754
    15  C    0.002181   0.011797   0.000664  -0.013059  -0.029974  -0.000620
    16  H    0.001131  -0.001363   0.000181   0.001652   0.003608   0.000134
    17  H   -0.002032   0.002722   0.000096  -0.001417  -0.004396  -0.000142
    18  C    0.004975  -0.004063  -0.000902   0.001738   0.002878   0.000007
    19  H   -0.000590   0.000069  -0.000065  -0.000272  -0.000067   0.000013
    20  H   -0.000263   0.000234  -0.000054  -0.000124   0.000065   0.000008
    21  H   -0.000230  -0.000997   0.000145   0.001035  -0.000801  -0.000143
    22  C   -0.018001   0.012097  -0.001655   0.024152  -0.021614   0.000222
    23  H   -0.001389   0.000890  -0.000357  -0.002450  -0.002640  -0.000100
    24  H   -0.000793  -0.000051   0.000244   0.002595  -0.003927   0.000104
    25  C    0.003907  -0.001497   0.001687  -0.000988  -0.002188   0.000190
    26  H   -0.000195   0.000053   0.000061   0.000303   0.002169   0.000006
    27  H    0.001912  -0.000272   0.000066  -0.000491  -0.000154   0.000209
    28  H   -0.001874   0.000176  -0.000172   0.000286  -0.002554  -0.000077
    29  C    0.000953   0.014043  -0.001755   0.000117   0.001787   0.028420
    30  H    0.000054  -0.000122   0.000276   0.000122  -0.000212   0.002178
    31  H   -0.000182   0.001062  -0.000496  -0.000158   0.000153  -0.001994
    32  C    0.000083  -0.002155   0.002091   0.000242   0.000051  -0.002234
    33  H   -0.000081   0.000287  -0.000240  -0.000094   0.000095   0.000409
    34  H    0.000122  -0.000526   0.000137   0.000216  -0.000101  -0.000985
    35  H   -0.000003   0.000058   0.000066   0.000009  -0.000002   0.000280
    36  C    0.000998   0.012532  -0.000308  -0.000614   0.001547  -0.011675
    37  H    0.000336  -0.001121   0.000288   0.000203  -0.000286   0.001468
    38  H   -0.000480   0.001731  -0.000026  -0.000196   0.000580  -0.001279
    39  C    0.000132  -0.004133  -0.000927   0.000014  -0.000551   0.001661
    40  H    0.000009   0.000175  -0.000048   0.000005  -0.000001  -0.000106
    41  H   -0.000059   0.000010  -0.000088   0.000004   0.000025  -0.000254
    42  H    0.000362  -0.000509   0.000162  -0.000083  -0.000061   0.000895
    43  N   -0.033547  -0.005635  -0.002130   0.008017  -0.010952  -0.003485
    44  N    0.001965  -0.002003  -0.002128  -0.003170   0.000522   0.008742
    45  C   -0.002302  -0.001377  -0.001018   0.001854   0.004528   0.004066
    46  H   -0.002975  -0.000670  -0.000394   0.000540   0.000686  -0.001179
    47  H    0.002353   0.001860   0.000676   0.000210  -0.002235   0.000388
    48  C   -0.001696  -0.001632  -0.000130   0.001376  -0.001667  -0.001436
    49  H    0.004811   0.003774  -0.000052  -0.001237  -0.000903   0.000740
    50  H   -0.002478  -0.002539   0.000218   0.000423   0.004814   0.000060
              7          8          9         10         11         12
     1  C   -0.000587  -0.009629   0.007067  -0.003039   0.024936  -0.000865
     2  C    0.002878  -0.008575   0.001877  -0.005987  -0.000928  -0.000678
     3  C    0.001695   0.001056   0.004640   0.003205   0.005353  -0.000399
     4  C    0.008325   0.012905  -0.017181  -0.010795   0.009978  -0.001543
     5  C   -0.007169  -0.000390   0.011895  -0.001463  -0.022017  -0.000732
     6  C   -0.061141   0.045116   0.009971  -0.011544  -0.016544   0.003714
     7  C    0.262849   0.086555  -0.022636  -0.001025   0.011430  -0.008526
     8  C    0.086555  -0.072582   0.025092  -0.003656   0.006883  -0.005412
     9  C   -0.022636   0.025092   0.323240   0.004463  -0.041920   0.010473
    10  C   -0.001025  -0.003656   0.004463  -0.108086   0.005095   0.001044
    11  C    0.011430   0.006883  -0.041920   0.005095   0.322702   0.003068
    12  H   -0.008526  -0.005412   0.010473   0.001044   0.003068  -0.020852
    13  H    0.000873   0.000305  -0.000908  -0.005039  -0.000539   0.000012
    14  H   -0.000686  -0.000964   0.003776   0.001566   0.010329   0.000257
    15  C    0.001727   0.001724  -0.001181   0.002149  -0.003719  -0.000005
    16  H   -0.000324   0.000453   0.000559   0.000322   0.000560   0.000023
    17  H    0.000651  -0.000642  -0.000307   0.000014  -0.000225  -0.000013
    18  C   -0.000580   0.000117   0.000013  -0.000291   0.000605   0.000003
    19  H    0.000034  -0.000067  -0.000037   0.000058  -0.000042  -0.000002
    20  H    0.000001   0.000002  -0.000010   0.000001  -0.000033   0.000000
    21  H   -0.000057   0.000470   0.000182   0.000032   0.000195   0.000012
    22  C    0.002346   0.000371  -0.006413  -0.009255  -0.002108  -0.000183
    23  H    0.000231  -0.000254  -0.000932  -0.001088  -0.001220  -0.000035
    24  H   -0.000207   0.000049   0.000388   0.001021   0.003807  -0.000012
    25  C   -0.000102   0.000142   0.002947   0.001236  -0.002794   0.000076
    26  H    0.000004  -0.000007  -0.000094   0.000025   0.000404  -0.000006
    27  H   -0.000139   0.000144   0.000855  -0.000324  -0.001393   0.000039
    28  H    0.000110  -0.000100  -0.000257  -0.000170   0.000397  -0.000011
    29  C   -0.017579  -0.016234  -0.002979  -0.009863  -0.004112   0.004826
    30  H   -0.004528  -0.000327   0.003800   0.001166   0.000349  -0.000119
    31  H   -0.001607  -0.002401  -0.001187  -0.001424  -0.000759   0.000375
    32  C   -0.003828   0.006250  -0.003212   0.002017   0.002715  -0.001924
    33  H   -0.002197  -0.002350   0.000380  -0.000294  -0.000242   0.000030
    34  H   -0.000722   0.002355  -0.001385  -0.000004   0.000777  -0.000609
    35  H    0.002019  -0.000039   0.000415   0.000027  -0.000070   0.000021
    36  C   -0.022702  -0.012348  -0.002773   0.001872  -0.001377  -0.000038
    37  H    0.002359   0.002358   0.000583   0.000519   0.000454  -0.000132
    38  H   -0.002705  -0.004105  -0.000174  -0.000061  -0.000235   0.000029
    39  C    0.001091   0.007167   0.000627  -0.000263  -0.000019   0.000004
    40  H    0.000386  -0.000632  -0.000031  -0.000002  -0.000008   0.000004
    41  H   -0.000010  -0.000890  -0.000008   0.000049  -0.000035  -0.000018
    42  H   -0.001345   0.000635   0.000163   0.000100   0.000123  -0.000050
    43  N    0.000698   0.002254   0.000455  -0.000245   0.000699   0.000156
    44  N   -0.010904  -0.033465   0.000530  -0.000175   0.000324  -0.000167
    45  C   -0.001765  -0.002594   0.001236  -0.000317   0.000244  -0.000043
    46  H    0.000142   0.003438   0.000422  -0.000166  -0.000430   0.000097
    47  H    0.003839  -0.001472  -0.000655   0.000147   0.000647  -0.000093
    48  C    0.003586   0.001901  -0.000238  -0.000461   0.000381  -0.000010
    49  H    0.000448  -0.003176  -0.000598  -0.000003   0.000327  -0.000051
    50  H   -0.001961   0.002484   0.000757  -0.000033  -0.000516   0.000048
             13         14         15         16         17         18
     1  C    0.000294  -0.005624   0.002181   0.001131  -0.002032   0.004975
     2  C    0.000334  -0.001196   0.011797  -0.001363   0.002722  -0.004063
     3  C    0.000472  -0.000214   0.000664   0.000181   0.000096  -0.000902
     4  C    0.000884   0.004174  -0.013059   0.001652  -0.001417   0.001738
     5  C    0.000880  -0.009142  -0.029974   0.003608  -0.004396   0.002878
     6  C    0.000918  -0.001754  -0.000620   0.000134  -0.000142   0.000007
     7  C    0.000873  -0.000686   0.001727  -0.000324   0.000651  -0.000580
     8  C    0.000305  -0.000964   0.001724   0.000453  -0.000642   0.000117
     9  C   -0.000908   0.003776  -0.001181   0.000559  -0.000307   0.000013
    10  C   -0.005039   0.001566   0.002149   0.000322   0.000014  -0.000291
    11  C   -0.000539   0.010329  -0.003719   0.000560  -0.000225   0.000605
    12  H    0.000012   0.000257  -0.000005   0.000023  -0.000013   0.000003
    13  H    0.007572   0.000036   0.000051  -0.000004   0.000004  -0.000006
    14  H    0.000036  -0.020930  -0.000088  -0.000122   0.000029   0.000001
    15  C    0.000051  -0.000088  -0.003013  -0.001419   0.001152   0.008653
    16  H   -0.000004  -0.000122  -0.001419   0.002448  -0.002365   0.001124
    17  H    0.000004   0.000029   0.001152  -0.002365   0.003343   0.000651
    18  C   -0.000006   0.000001   0.008653   0.001124   0.000651  -0.003685
    19  H    0.000003  -0.000017  -0.000253  -0.000104  -0.000012   0.000805
    20  H    0.000000   0.000005   0.001591  -0.000578   0.000813  -0.001197
    21  H   -0.000001  -0.000052  -0.000620   0.000953  -0.001319   0.000014
    22  C   -0.000133   0.004669   0.008369  -0.006167   0.003685  -0.001640
    23  H   -0.000018   0.000347   0.002638  -0.001870   0.001323  -0.001485
    24  H   -0.000007  -0.000111   0.000301   0.000239   0.000169  -0.000386
    25  C    0.000061  -0.001762  -0.007153   0.002269  -0.001880   0.003165
    26  H    0.000005   0.000027  -0.000116   0.000142   0.000019   0.000021
    27  H    0.000010  -0.000549  -0.000942   0.000474  -0.000188   0.000066
    28  H    0.000003   0.000005   0.001143  -0.000708   0.000436  -0.000304
    29  C   -0.000241  -0.000082   0.000272   0.000052  -0.000042  -0.000033
    30  H   -0.000003  -0.000014   0.000018   0.000004  -0.000004   0.000002
    31  H   -0.000033  -0.000028  -0.000024   0.000013  -0.000025   0.000005
    32  C    0.000106   0.000068   0.000040  -0.000012   0.000024  -0.000005
    33  H   -0.000002  -0.000011   0.000001   0.000005  -0.000008   0.000002
    34  H    0.000027   0.000034  -0.000014  -0.000008   0.000006   0.000000
    35  H    0.000004  -0.000005   0.000002   0.000001  -0.000001   0.000000
    36  C    0.000044  -0.000019   0.000846   0.000063   0.000013  -0.000158
    37  H    0.000001   0.000020   0.000030  -0.000019   0.000053  -0.000007
    38  H    0.000002  -0.000010   0.000092   0.000052  -0.000095  -0.000037
    39  C   -0.000005   0.000002  -0.000186  -0.000009  -0.000038   0.000041
    40  H    0.000000   0.000000   0.000002   0.000000  -0.000002  -0.000001
    41  H    0.000003  -0.000002   0.000007   0.000002  -0.000001  -0.000004
    42  H    0.000001   0.000010   0.000012  -0.000027   0.000068   0.000014
    43  N    0.000004  -0.000156   0.007875  -0.000100  -0.000420  -0.003126
    44  N    0.000007   0.000146   0.001231  -0.000356   0.001026  -0.000429
    45  C    0.000006  -0.000029   0.004692   0.000385   0.000647  -0.002099
    46  H   -0.000002  -0.000041  -0.000635   0.000359  -0.001092   0.000135
    47  H    0.000001   0.000044   0.000481  -0.000473   0.001310  -0.000126
    48  C    0.000008  -0.000097  -0.001758  -0.000590  -0.000360   0.002095
    49  H    0.000001   0.000091   0.001049  -0.001685   0.004163  -0.000698
    50  H   -0.000002  -0.000083  -0.001273   0.002068  -0.004916   0.000624
             19         20         21         22         23         24
     1  C   -0.000590  -0.000263  -0.000230  -0.018001  -0.001389  -0.000793
     2  C    0.000069   0.000234  -0.000997   0.012097   0.000890  -0.000051
     3  C   -0.000065  -0.000054   0.000145  -0.001655  -0.000357   0.000244
     4  C   -0.000272  -0.000124   0.001035   0.024152  -0.002450   0.002595
     5  C   -0.000067   0.000065  -0.000801  -0.021614  -0.002640  -0.003927
     6  C    0.000013   0.000008  -0.000143   0.000222  -0.000100   0.000104
     7  C    0.000034   0.000001  -0.000057   0.002346   0.000231  -0.000207
     8  C   -0.000067   0.000002   0.000470   0.000371  -0.000254   0.000049
     9  C   -0.000037  -0.000010   0.000182  -0.006413  -0.000932   0.000388
    10  C    0.000058   0.000001   0.000032  -0.009255  -0.001088   0.001021
    11  C   -0.000042  -0.000033   0.000195  -0.002108  -0.001220   0.003807
    12  H   -0.000002   0.000000   0.000012  -0.000183  -0.000035  -0.000012
    13  H    0.000003   0.000000  -0.000001  -0.000133  -0.000018  -0.000007
    14  H   -0.000017   0.000005  -0.000052   0.004669   0.000347  -0.000111
    15  C   -0.000253   0.001591  -0.000620   0.008369   0.002638   0.000301
    16  H   -0.000104  -0.000578   0.000953  -0.006167  -0.001870   0.000239
    17  H   -0.000012   0.000813  -0.001319   0.003685   0.001323   0.000169
    18  C    0.000805  -0.001197   0.000014  -0.001640  -0.001485  -0.000386
    19  H   -0.000241   0.000173  -0.000107   0.000395   0.000211   0.000113
    20  H    0.000173   0.000867  -0.000590  -0.000315   0.000334   0.000000
    21  H   -0.000107  -0.000590   0.000952  -0.000746  -0.000733  -0.000008
    22  C    0.000395  -0.000315  -0.000746  -0.027096   0.011412  -0.005569
    23  H    0.000211   0.000334  -0.000733   0.011412   0.003922  -0.001007
    24  H    0.000113   0.000000  -0.000008  -0.005569  -0.001007   0.004916
    25  C   -0.000350  -0.000069   0.000417   0.004251  -0.002489   0.002772
    26  H    0.000008  -0.000003  -0.000013  -0.004084  -0.000139   0.000126
    27  H   -0.000023  -0.000008   0.000053  -0.000533  -0.000619   0.000400
    28  H    0.000026   0.000035  -0.000111   0.003709   0.000515  -0.000215
    29  C    0.000000  -0.000001   0.000034  -0.000606  -0.000057  -0.000091
    30  H    0.000000   0.000000   0.000005  -0.000101  -0.000007  -0.000009
    31  H   -0.000001   0.000000   0.000020  -0.000068  -0.000015  -0.000006
    32  C    0.000001   0.000000  -0.000010   0.000215   0.000017   0.000010
    33  H    0.000000   0.000000   0.000003  -0.000033  -0.000004  -0.000002
    34  H    0.000000   0.000000  -0.000004   0.000153   0.000010   0.000012
    35  H    0.000000   0.000000   0.000000  -0.000009  -0.000001  -0.000001
    36  C    0.000009   0.000001   0.000071   0.000027  -0.000050   0.000006
    37  H    0.000002   0.000001  -0.000028   0.000051   0.000012   0.000003
    38  H    0.000000  -0.000002   0.000070  -0.000054  -0.000024  -0.000004
    39  C   -0.000005  -0.000001   0.000011  -0.000032   0.000005   0.000002
    40  H    0.000000   0.000000   0.000003  -0.000001   0.000000   0.000000
    41  H    0.000000   0.000000   0.000003  -0.000002  -0.000001   0.000000
    42  H    0.000003   0.000003  -0.000085   0.000035   0.000017   0.000004
    43  N    0.000163  -0.000190   0.001635   0.003085  -0.000579  -0.000213
    44  N    0.000040   0.000032  -0.000724   0.000948   0.000228   0.000006
    45  C    0.000175  -0.000084   0.000167  -0.000754  -0.000160  -0.000074
    46  H   -0.000030  -0.000059   0.000759  -0.000562  -0.000171  -0.000026
    47  H    0.000017   0.000044  -0.000507   0.000780   0.000188   0.000026
    48  C   -0.000236   0.000033  -0.000004   0.002385   0.000329   0.000066
    49  H    0.000239   0.000397  -0.002422   0.001809   0.000791   0.000049
    50  H   -0.000116  -0.000282   0.001522  -0.002744  -0.000794  -0.000064
             25         26         27         28         29         30
     1  C    0.003907  -0.000195   0.001912  -0.001874   0.000953   0.000054
     2  C   -0.001497   0.000053  -0.000272   0.000176   0.014043  -0.000122
     3  C    0.001687   0.000061   0.000066  -0.000172  -0.001755   0.000276
     4  C   -0.000988   0.000303  -0.000491   0.000286   0.000117   0.000122
     5  C   -0.002188   0.002169  -0.000154  -0.002554   0.001787  -0.000212
     6  C    0.000190   0.000006   0.000209  -0.000077   0.028420   0.002178
     7  C   -0.000102   0.000004  -0.000139   0.000110  -0.017579  -0.004528
     8  C    0.000142  -0.000007   0.000144  -0.000100  -0.016234  -0.000327
     9  C    0.002947  -0.000094   0.000855  -0.000257  -0.002979   0.003800
    10  C    0.001236   0.000025  -0.000324  -0.000170  -0.009863   0.001166
    11  C   -0.002794   0.000404  -0.001393   0.000397  -0.004112   0.000349
    12  H    0.000076  -0.000006   0.000039  -0.000011   0.004826  -0.000119
    13  H    0.000061   0.000005   0.000010   0.000003  -0.000241  -0.000003
    14  H   -0.001762   0.000027  -0.000549   0.000005  -0.000082  -0.000014
    15  C   -0.007153  -0.000116  -0.000942   0.001143   0.000272   0.000018
    16  H    0.002269   0.000142   0.000474  -0.000708   0.000052   0.000004
    17  H   -0.001880   0.000019  -0.000188   0.000436  -0.000042  -0.000004
    18  C    0.003165   0.000021   0.000066  -0.000304  -0.000033   0.000002
    19  H   -0.000350   0.000008  -0.000023   0.000026   0.000000   0.000000
    20  H   -0.000069  -0.000003  -0.000008   0.000035  -0.000001   0.000000
    21  H    0.000417  -0.000013   0.000053  -0.000111   0.000034   0.000005
    22  C    0.004251  -0.004084  -0.000533   0.003709  -0.000606  -0.000101
    23  H   -0.002489  -0.000139  -0.000619   0.000515  -0.000057  -0.000007
    24  H    0.002772   0.000126   0.000400  -0.000215  -0.000091  -0.000009
    25  C    0.013595   0.000943   0.001569  -0.001202   0.000180   0.000010
    26  H    0.000943   0.001304   0.000496  -0.000172  -0.000009  -0.000001
    27  H    0.001569   0.000496  -0.000459  -0.000299   0.000146   0.000012
    28  H   -0.001202  -0.000172  -0.000299  -0.000182  -0.000029  -0.000002
    29  C    0.000180  -0.000009   0.000146  -0.000029  -0.041192  -0.005037
    30  H    0.000010  -0.000001   0.000012  -0.000002  -0.005037   0.004906
    31  H    0.000016  -0.000001   0.000010  -0.000003   0.010295  -0.000978
    32  C   -0.000030   0.000001  -0.000024   0.000005   0.005764   0.002836
    33  H    0.000005   0.000000   0.000006  -0.000002   0.003553  -0.000210
    34  H   -0.000023   0.000002  -0.000026   0.000006   0.000140   0.000390
    35  H    0.000001   0.000000   0.000002   0.000000  -0.004163   0.000127
    36  C    0.000058   0.000000  -0.000004  -0.000005   0.005631   0.000190
    37  H   -0.000010   0.000001  -0.000008   0.000004  -0.005335   0.000213
    38  H    0.000021  -0.000001   0.000005  -0.000007   0.002681   0.000164
    39  C   -0.000005   0.000000   0.000000   0.000002  -0.000198  -0.000389
    40  H    0.000000   0.000000   0.000000   0.000000  -0.000444   0.000001
    41  H    0.000000   0.000000   0.000000   0.000000   0.000404   0.000117
    42  H   -0.000008   0.000000  -0.000003   0.000003  -0.000364  -0.000008
    43  N    0.000279   0.000019  -0.000110   0.000208   0.000679   0.000004
    44  N   -0.000053   0.000006  -0.000055   0.000024   0.003372  -0.000202
    45  C    0.000436  -0.000010   0.000075  -0.000055   0.002033   0.000009
    46  H    0.000093  -0.000005   0.000033  -0.000038   0.001314   0.000045
    47  H   -0.000162   0.000007  -0.000056   0.000072  -0.002221  -0.000063
    48  C   -0.000585   0.000004  -0.000025   0.000089   0.000973   0.000013
    49  H   -0.000416   0.000018  -0.000085   0.000154  -0.000497  -0.000028
    50  H    0.000740  -0.000024   0.000153  -0.000283   0.000628   0.000026
             31         32         33         34         35         36
     1  C   -0.000182   0.000083  -0.000081   0.000122  -0.000003   0.000998
     2  C    0.001062  -0.002155   0.000287  -0.000526   0.000058   0.012532
     3  C   -0.000496   0.002091  -0.000240   0.000137   0.000066  -0.000308
     4  C   -0.000158   0.000242  -0.000094   0.000216   0.000009  -0.000614
     5  C    0.000153   0.000051   0.000095  -0.000101  -0.000002   0.001547
     6  C   -0.001994  -0.002234   0.000409  -0.000985   0.000280  -0.011675
     7  C   -0.001607  -0.003828  -0.002197  -0.000722   0.002019  -0.022702
     8  C   -0.002401   0.006250  -0.002350   0.002355  -0.000039  -0.012348
     9  C   -0.001187  -0.003212   0.000380  -0.001385   0.000415  -0.002773
    10  C   -0.001424   0.002017  -0.000294  -0.000004   0.000027   0.001872
    11  C   -0.000759   0.002715  -0.000242   0.000777  -0.000070  -0.001377
    12  H    0.000375  -0.001924   0.000030  -0.000609   0.000021  -0.000038
    13  H   -0.000033   0.000106  -0.000002   0.000027   0.000004   0.000044
    14  H   -0.000028   0.000068  -0.000011   0.000034  -0.000005  -0.000019
    15  C   -0.000024   0.000040   0.000001  -0.000014   0.000002   0.000846
    16  H    0.000013  -0.000012   0.000005  -0.000008   0.000001   0.000063
    17  H   -0.000025   0.000024  -0.000008   0.000006  -0.000001   0.000013
    18  C    0.000005  -0.000005   0.000002   0.000000   0.000000  -0.000158
    19  H   -0.000001   0.000001   0.000000   0.000000   0.000000   0.000009
    20  H    0.000000   0.000000   0.000000   0.000000   0.000000   0.000001
    21  H    0.000020  -0.000010   0.000003  -0.000004   0.000000   0.000071
    22  C   -0.000068   0.000215  -0.000033   0.000153  -0.000009   0.000027
    23  H   -0.000015   0.000017  -0.000004   0.000010  -0.000001  -0.000050
    24  H   -0.000006   0.000010  -0.000002   0.000012  -0.000001   0.000006
    25  C    0.000016  -0.000030   0.000005  -0.000023   0.000001   0.000058
    26  H   -0.000001   0.000001   0.000000   0.000002   0.000000   0.000000
    27  H    0.000010  -0.000024   0.000006  -0.000026   0.000002  -0.000004
    28  H   -0.000003   0.000005  -0.000002   0.000006   0.000000  -0.000005
    29  C    0.010295   0.005764   0.003553   0.000140  -0.004163   0.005631
    30  H   -0.000978   0.002836  -0.000210   0.000390   0.000127   0.000190
    31  H    0.003824  -0.002530   0.000532  -0.000604  -0.000168   0.003118
    32  C   -0.002530   0.013964  -0.001349   0.001644   0.001079  -0.008146
    33  H    0.000532  -0.001349  -0.000139  -0.000328  -0.000199   0.001391
    34  H   -0.000604   0.001644  -0.000328  -0.000452   0.000519  -0.001076
    35  H   -0.000168   0.001079  -0.000199   0.000519   0.001317  -0.000177
    36  C    0.003118  -0.008146   0.001391  -0.001076  -0.000177   0.008085
    37  H   -0.001748   0.002287  -0.000707   0.000458   0.000155  -0.001911
    38  H    0.001191  -0.001839   0.000415  -0.000162   0.000006   0.002444
    39  C   -0.001351   0.003133  -0.000295   0.000048   0.000034   0.007876
    40  H    0.000309  -0.000066   0.000035  -0.000007  -0.000004   0.001757
    41  H    0.000192  -0.000337   0.000022  -0.000021   0.000009  -0.000068
    42  H   -0.000654   0.000392  -0.000105   0.000046  -0.000008  -0.000882
    43  N    0.000228  -0.000067   0.000025  -0.000054   0.000004   0.001711
    44  N   -0.000625   0.000303   0.000199  -0.000101   0.000015   0.007246
    45  C    0.000342  -0.000691   0.000096   0.000011  -0.000006  -0.002263
    46  H    0.000771  -0.000432   0.000165  -0.000085   0.000014   0.002748
    47  H   -0.000751   0.000766  -0.000295   0.000151  -0.000018  -0.003071
    48  C    0.000054   0.000317   0.000014  -0.000012   0.000008   0.003639
    49  H   -0.000190   0.000107  -0.000041   0.000034  -0.000004  -0.001381
    50  H    0.000185  -0.000167   0.000070  -0.000051   0.000005   0.001088
             37         38         39         40         41         42
     1  C    0.000336  -0.000480   0.000132   0.000009  -0.000059   0.000362
     2  C   -0.001121   0.001731  -0.004133   0.000175   0.000010  -0.000509
     3  C    0.000288  -0.000026  -0.000927  -0.000048  -0.000088   0.000162
     4  C    0.000203  -0.000196   0.000014   0.000005   0.000004  -0.000083
     5  C   -0.000286   0.000580  -0.000551  -0.000001   0.000025  -0.000061
     6  C    0.001468  -0.001279   0.001661  -0.000106  -0.000254   0.000895
     7  C    0.002359  -0.002705   0.001091   0.000386  -0.000010  -0.001345
     8  C    0.002358  -0.004105   0.007167  -0.000632  -0.000890   0.000635
     9  C    0.000583  -0.000174   0.000627  -0.000031  -0.000008   0.000163
    10  C    0.000519  -0.000061  -0.000263  -0.000002   0.000049   0.000100
    11  C    0.000454  -0.000235  -0.000019  -0.000008  -0.000035   0.000123
    12  H   -0.000132   0.000029   0.000004   0.000004  -0.000018  -0.000050
    13  H    0.000001   0.000002  -0.000005   0.000000   0.000003   0.000001
    14  H    0.000020  -0.000010   0.000002   0.000000  -0.000002   0.000010
    15  C    0.000030   0.000092  -0.000186   0.000002   0.000007   0.000012
    16  H   -0.000019   0.000052  -0.000009   0.000000   0.000002  -0.000027
    17  H    0.000053  -0.000095  -0.000038  -0.000002  -0.000001   0.000068
    18  C   -0.000007  -0.000037   0.000041  -0.000001  -0.000004   0.000014
    19  H    0.000002   0.000000  -0.000005   0.000000   0.000000   0.000003
    20  H    0.000001  -0.000002  -0.000001   0.000000   0.000000   0.000003
    21  H   -0.000028   0.000070   0.000011   0.000003   0.000003  -0.000085
    22  C    0.000051  -0.000054  -0.000032  -0.000001  -0.000002   0.000035
    23  H    0.000012  -0.000024   0.000005   0.000000  -0.000001   0.000017
    24  H    0.000003  -0.000004   0.000002   0.000000   0.000000   0.000004
    25  C   -0.000010   0.000021  -0.000005   0.000000   0.000000  -0.000008
    26  H    0.000001  -0.000001   0.000000   0.000000   0.000000   0.000000
    27  H   -0.000008   0.000005   0.000000   0.000000   0.000000  -0.000003
    28  H    0.000004  -0.000007   0.000002   0.000000   0.000000   0.000003
    29  C   -0.005335   0.002681  -0.000198  -0.000444   0.000404  -0.000364
    30  H    0.000213   0.000164  -0.000389   0.000001   0.000117  -0.000008
    31  H   -0.001748   0.001191  -0.001351   0.000309   0.000192  -0.000654
    32  C    0.002287  -0.001839   0.003133  -0.000066  -0.000337   0.000392
    33  H   -0.000707   0.000415  -0.000295   0.000035   0.000022  -0.000105
    34  H    0.000458  -0.000162   0.000048  -0.000007  -0.000021   0.000046
    35  H    0.000155   0.000006   0.000034  -0.000004   0.000009  -0.000008
    36  C   -0.001911   0.002444   0.007876   0.001757  -0.000068  -0.000882
    37  H    0.002247  -0.002033   0.000905  -0.000528  -0.000065   0.000821
    38  H   -0.002033   0.002664   0.001026   0.000712  -0.000032  -0.001070
    39  C    0.000905   0.001026  -0.004288  -0.001146   0.000825  -0.000134
    40  H   -0.000528   0.000712  -0.001146   0.000819   0.000159  -0.000510
    41  H   -0.000065  -0.000032   0.000825   0.000159  -0.000256  -0.000062
    42  H    0.000821  -0.001070  -0.000134  -0.000510  -0.000062   0.000738
    43  N   -0.000361   0.000984  -0.000401   0.000029   0.000037  -0.000678
    44  N   -0.000051  -0.000336  -0.003303  -0.000186   0.000179   0.001434
    45  C   -0.000634  -0.000568   0.002887  -0.000032  -0.000119   0.000052
    46  H   -0.001627   0.003924  -0.000832   0.000372   0.000205  -0.002098
    47  H    0.001928  -0.004432   0.000591  -0.000229  -0.000096   0.001293
    48  C    0.000000   0.001289  -0.002966  -0.000031   0.000088  -0.000257
    49  H    0.000366  -0.001092   0.000171  -0.000063  -0.000025   0.000762
    50  H   -0.000440   0.001204  -0.000115   0.000041   0.000013  -0.000473
             43         44         45         46         47         48
     1  C   -0.033547   0.001965  -0.002302  -0.002975   0.002353  -0.001696
     2  C   -0.005635  -0.002003  -0.001377  -0.000670   0.001860  -0.001632
     3  C   -0.002130  -0.002128  -0.001018  -0.000394   0.000676  -0.000130
     4  C    0.008017  -0.003170   0.001854   0.000540   0.000210   0.001376
     5  C   -0.010952   0.000522   0.004528   0.000686  -0.002235  -0.001667
     6  C   -0.003485   0.008742   0.004066  -0.001179   0.000388  -0.001436
     7  C    0.000698  -0.010904  -0.001765   0.000142   0.003839   0.003586
     8  C    0.002254  -0.033465  -0.002594   0.003438  -0.001472   0.001901
     9  C    0.000455   0.000530   0.001236   0.000422  -0.000655  -0.000238
    10  C   -0.000245  -0.000175  -0.000317  -0.000166   0.000147  -0.000461
    11  C    0.000699   0.000324   0.000244  -0.000430   0.000647   0.000381
    12  H    0.000156  -0.000167  -0.000043   0.000097  -0.000093  -0.000010
    13  H    0.000004   0.000007   0.000006  -0.000002   0.000001   0.000008
    14  H   -0.000156   0.000146  -0.000029  -0.000041   0.000044  -0.000097
    15  C    0.007875   0.001231   0.004692  -0.000635   0.000481  -0.001758
    16  H   -0.000100  -0.000356   0.000385   0.000359  -0.000473  -0.000590
    17  H   -0.000420   0.001026   0.000647  -0.001092   0.001310  -0.000360
    18  C   -0.003126  -0.000429  -0.002099   0.000135  -0.000126   0.002095
    19  H    0.000163   0.000040   0.000175  -0.000030   0.000017  -0.000236
    20  H   -0.000190   0.000032  -0.000084  -0.000059   0.000044   0.000033
    21  H    0.001635  -0.000724   0.000167   0.000759  -0.000507  -0.000004
    22  C    0.003085   0.000948  -0.000754  -0.000562   0.000780   0.002385
    23  H   -0.000579   0.000228  -0.000160  -0.000171   0.000188   0.000329
    24  H   -0.000213   0.000006  -0.000074  -0.000026   0.000026   0.000066
    25  C    0.000279  -0.000053   0.000436   0.000093  -0.000162  -0.000585
    26  H    0.000019   0.000006  -0.000010  -0.000005   0.000007   0.000004
    27  H   -0.000110  -0.000055   0.000075   0.000033  -0.000056  -0.000025
    28  H    0.000208   0.000024  -0.000055  -0.000038   0.000072   0.000089
    29  C    0.000679   0.003372   0.002033   0.001314  -0.002221   0.000973
    30  H    0.000004  -0.000202   0.000009   0.000045  -0.000063   0.000013
    31  H    0.000228  -0.000625   0.000342   0.000771  -0.000751   0.000054
    32  C   -0.000067   0.000303  -0.000691  -0.000432   0.000766   0.000317
    33  H    0.000025   0.000199   0.000096   0.000165  -0.000295   0.000014
    34  H   -0.000054  -0.000101   0.000011  -0.000085   0.000151  -0.000012
    35  H    0.000004   0.000015  -0.000006   0.000014  -0.000018   0.000008
    36  C    0.001711   0.007246  -0.002263   0.002748  -0.003071   0.003639
    37  H   -0.000361  -0.000051  -0.000634  -0.001627   0.001928   0.000000
    38  H    0.000984  -0.000336  -0.000568   0.003924  -0.004432   0.001289
    39  C   -0.000401  -0.003303   0.002887  -0.000832   0.000591  -0.002966
    40  H    0.000029  -0.000186  -0.000032   0.000372  -0.000229  -0.000031
    41  H    0.000037   0.000179  -0.000119   0.000205  -0.000096   0.000088
    42  H   -0.000678   0.001434   0.000052  -0.002098   0.001293  -0.000257
    43  N    0.181921  -0.013596  -0.004852   0.005446  -0.002942   0.000963
    44  N   -0.013596   0.181025   0.000114  -0.010895   0.000959  -0.006602
    45  C   -0.004852   0.000114  -0.045392   0.004472  -0.002697   0.030266
    46  H    0.005446  -0.010895   0.004472   0.020412  -0.011044  -0.001784
    47  H   -0.002942   0.000959  -0.002697  -0.011044   0.023911   0.002676
    48  C    0.000963  -0.006602   0.030266  -0.001784   0.002676  -0.042057
    49  H   -0.012122   0.005909  -0.004871  -0.007872   0.006112   0.005068
    50  H    0.001678  -0.002997   0.005324   0.006026  -0.008927  -0.002945
             49         50
     1  C    0.004811  -0.002478
     2  C    0.003774  -0.002539
     3  C   -0.000052   0.000218
     4  C   -0.001237   0.000423
     5  C   -0.000903   0.004814
     6  C    0.000740   0.000060
     7  C    0.000448  -0.001961
     8  C   -0.003176   0.002484
     9  C   -0.000598   0.000757
    10  C   -0.000003  -0.000033
    11  C    0.000327  -0.000516
    12  H   -0.000051   0.000048
    13  H    0.000001  -0.000002
    14  H    0.000091  -0.000083
    15  C    0.001049  -0.001273
    16  H   -0.001685   0.002068
    17  H    0.004163  -0.004916
    18  C   -0.000698   0.000624
    19  H    0.000239  -0.000116
    20  H    0.000397  -0.000282
    21  H   -0.002422   0.001522
    22  C    0.001809  -0.002744
    23  H    0.000791  -0.000794
    24  H    0.000049  -0.000064
    25  C   -0.000416   0.000740
    26  H    0.000018  -0.000024
    27  H   -0.000085   0.000153
    28  H    0.000154  -0.000283
    29  C   -0.000497   0.000628
    30  H   -0.000028   0.000026
    31  H   -0.000190   0.000185
    32  C    0.000107  -0.000167
    33  H   -0.000041   0.000070
    34  H    0.000034  -0.000051
    35  H   -0.000004   0.000005
    36  C   -0.001381   0.001088
    37  H    0.000366  -0.000440
    38  H   -0.001092   0.001204
    39  C    0.000171  -0.000115
    40  H   -0.000063   0.000041
    41  H   -0.000025   0.000013
    42  H    0.000762  -0.000473
    43  N   -0.012122   0.001678
    44  N    0.005909  -0.002997
    45  C   -0.004871   0.005324
    46  H   -0.007872   0.006026
    47  H    0.006112  -0.008927
    48  C    0.005068  -0.002945
    49  H    0.022872  -0.011503
    50  H   -0.011503   0.022598
 Mulliken atomic spin densities:
              1
     1  C    0.026479
     2  C   -0.071272
     3  C    0.038526
     4  C   -0.082212
     5  C    0.219692
     6  C   -0.083566
     7  C    0.219245
     8  C    0.027916
     9  C    0.311688
    10  C   -0.148943
    11  C    0.311494
    12  H   -0.018217
    13  H    0.005987
    14  H   -0.018157
    15  C   -0.005264
    16  H    0.000973
    17  H    0.000474
    18  C    0.006489
    19  H   -0.000080
    20  H    0.000777
    21  H   -0.001551
    22  C   -0.025312
    23  H    0.002734
    24  H    0.004648
    25  C    0.017302
    26  H    0.001293
    27  H   -0.000051
    28  H   -0.001424
    29  C   -0.024868
    30  H    0.004674
    31  H    0.002681
    32  C    0.017472
    33  H   -0.001489
    34  H   -0.000062
    35  H    0.001321
    36  C   -0.006033
    37  H    0.001075
    38  H    0.000225
    39  C    0.006663
    40  H    0.000740
    41  H   -0.000101
    42  H   -0.001327
    43  N    0.123301
    44  N    0.124006
    45  C   -0.010692
    46  H    0.007471
    47  H    0.008912
    48  C   -0.009957
    49  H    0.009249
    50  H    0.007071
 Sum of Mulliken atomic spin densities =   1.00000
 Electronic spatial extent (au):  <R**2>=           7492.2523
 Charge=              2.0000 electrons
 Dipole moment (field-independent basis, Debye):
    X=             -0.0010    Y=             -4.5462    Z=              0.7792  Tot=              4.6125
 Quadrupole moment (field-independent basis, Debye-Ang):
   XX=            -61.6003   YY=            -72.5195   ZZ=           -130.9414
   XY=              0.0051   XZ=             -0.0421   YZ=             -8.6136
 Traceless Quadrupole moment (field-independent basis, Debye-Ang):
   XX=             26.7534   YY=             15.8342   ZZ=            -42.5877
   XY=              0.0051   XZ=             -0.0421   YZ=             -8.6136
 Octapole moment (field-independent basis, Debye-Ang**2):
  XXX=             -0.0057  YYY=            -20.6678  ZZZ=              8.8639  XYY=              0.0553
  XXY=            -18.8259  XXZ=              0.7141  XZZ=             -0.0599  YZZ=            -18.3137
  YYZ=             -3.7714  XYZ=              0.3397
 Hexadecapole moment (field-independent basis, Debye-Ang**3):
 XXXX=          -5305.7272 YYYY=          -2560.1313 ZZZZ=           -523.5484 XXXY=              0.1730
 XXXZ=              0.5665 YYYX=              0.2263 YYYZ=           -110.7939 ZZZX=             -0.4732
 ZZZY=            -19.0346 XXYY=          -1302.9104 XXZZ=          -1125.9813 YYZZ=           -590.8502
 XXYZ=             -6.9772 YYXZ=              0.1078 ZZXY=             -0.1176
 N-N= 1.994817709031D+03 E-N=-9.111831926281D+03  KE= 1.374257474204D+03
                          Isotropic Fermi Contact Couplings
        Atom                 a.u.       MegaHertz       Gauss      10(-4) cm-1
     1  C(13)             -0.00297      -3.33347      -1.18946      -1.11193
     2  C(13)             -0.01171     -13.16186      -4.69648      -4.39032
     3  C(13)              0.00510       5.73305       2.04569       1.91234
     4  C(13)             -0.01564     -17.57867      -6.27251      -5.86361
     5  C(13)              0.02341      26.31502       9.38985       8.77775
     6  C(13)             -0.01564     -17.57826      -6.27236      -5.86348
     7  C(13)              0.02339      26.29020       9.38100       8.76947
     8  C(13)             -0.00298      -3.34853      -1.19484      -1.11695
     9  C(13)              0.03019      33.93538      12.10899      11.31962
    10  C(13)             -0.02029     -22.81536      -8.14109      -7.61038
    11  C(13)              0.03018      33.93274      12.10805      11.31874
    12  H(1)              -0.00440     -19.64899      -7.01125      -6.55420
    13  H(1)               0.00158       7.04147       2.51257       2.34878
    14  H(1)              -0.00440     -19.65141      -7.01211      -6.55500
    15  C(13)             -0.00118      -1.32267      -0.47196      -0.44119
    16  H(1)               0.00060       2.70350       0.96468       0.90179
    17  H(1)               0.00014       0.62866       0.22432       0.20970
    18  C(13)              0.00284       3.19658       1.14062       1.06627
    19  H(1)              -0.00004      -0.16069      -0.05734      -0.05360
    20  H(1)               0.00025       1.10003       0.39252       0.36693
    21  H(1)              -0.00004      -0.17707      -0.06318      -0.05907
    22  C(13)             -0.00563      -6.33161      -2.25927      -2.11200
    23  H(1)               0.00193       8.61512       3.07409       2.87369
    24  H(1)               0.00136       6.09354       2.17433       2.03258
    25  C(13)              0.00821       9.22983       3.29343       3.07874
    26  H(1)               0.00056       2.49519       0.89035       0.83231
    27  H(1)              -0.00002      -0.08963      -0.03198      -0.02990
    28  H(1)              -0.00012      -0.54524      -0.19455      -0.18187
    29  C(13)             -0.00563      -6.32623      -2.25736      -2.11020
    30  H(1)               0.00137       6.13410       2.18880       2.04611
    31  H(1)               0.00193       8.60940       3.07205       2.87179
    32  C(13)              0.00818       9.19246       3.28010       3.06627
    33  H(1)              -0.00012      -0.55141      -0.19676      -0.18393
    34  H(1)              -0.00002      -0.08192      -0.02923      -0.02733
    35  H(1)               0.00055       2.45157       0.87478       0.81776
    36  C(13)             -0.00117      -1.31504      -0.46924      -0.43865
    37  H(1)               0.00061       2.73678       0.97655       0.91289
    38  H(1)               0.00012       0.52617       0.18775       0.17551
    39  C(13)              0.00279       3.13344       1.11809       1.04520
    40  H(1)               0.00025       1.10053       0.39270       0.36710
    41  H(1)              -0.00004      -0.15891      -0.05670      -0.05301
    42  H(1)              -0.00004      -0.16985      -0.06061      -0.05666
    43  N(14)              0.02357       7.61574       2.71748       2.54034
    44  N(14)              0.02357       7.61437       2.71700       2.53988
    45  C(13)             -0.00342      -3.84712      -1.37275      -1.28326
    46  H(1)               0.00339      15.13137       5.39925       5.04728
    47  H(1)               0.00412      18.40767       6.56831       6.14014
    48  C(13)             -0.00339      -3.80961      -1.35937      -1.27075
    49  H(1)               0.00385      17.18759       6.13296       5.73316
    50  H(1)               0.00366      16.36634       5.83992       5.45922
 --------------------------------------------------------
       Center         ----  Spin Dipole Couplings  ----
                      3XX-RR        3YY-RR        3ZZ-RR
 --------------------------------------------------------
     1   Atom       -0.028984     -0.018744      0.047729
     2   Atom        0.043767      0.028720     -0.072487
     3   Atom       -0.007692     -0.006632      0.014324
     4   Atom        0.024616      0.032347     -0.056964
     5   Atom       -0.122816     -0.105009      0.227824
     6   Atom        0.024607      0.032269     -0.056876
     7   Atom       -0.122712     -0.104638      0.227350
     8   Atom       -0.028901     -0.018234      0.047135
     9   Atom       -0.146919     -0.136601      0.283520
    10   Atom        0.063047      0.043089     -0.106136
    11   Atom       -0.146964     -0.136794      0.283758
    12   Atom        0.007448     -0.005628     -0.001820
    13   Atom        0.006624     -0.002299     -0.004324
    14   Atom        0.007454     -0.005606     -0.001848
    15   Atom       -0.000807      0.000700      0.000108
    16   Atom        0.002417     -0.000217     -0.002200
    17   Atom        0.000412      0.001372     -0.001784
    18   Atom       -0.001195      0.000809      0.000386
    19   Atom        0.000497     -0.000254     -0.000243
    20   Atom        0.000627      0.000239     -0.000867
    21   Atom       -0.000136      0.000863     -0.000727
    22   Atom       -0.000892     -0.001573      0.002465
    23   Atom        0.004897     -0.002013     -0.002883
    24   Atom        0.002648      0.000236     -0.002884
    25   Atom       -0.005198      0.000206      0.004993
    26   Atom        0.002362     -0.001058     -0.001304
    27   Atom        0.001058     -0.000151     -0.000907
    28   Atom        0.000321     -0.001704      0.001383
    29   Atom       -0.000881     -0.001532      0.002412
    30   Atom        0.002633      0.000221     -0.002855
    31   Atom        0.004878     -0.002008     -0.002870
    32   Atom       -0.005108      0.000345      0.004763
    33   Atom        0.000353     -0.001706      0.001354
    34   Atom        0.001093     -0.000136     -0.000956
    35   Atom        0.002365     -0.001053     -0.001312
    36   Atom       -0.000831      0.000838     -0.000007
    37   Atom        0.002426     -0.000244     -0.002183
    38   Atom        0.000402      0.001348     -0.001750
    39   Atom       -0.001338      0.000937      0.000401
    40   Atom        0.000630      0.000241     -0.000871
    41   Atom        0.000479     -0.000240     -0.000239
    42   Atom       -0.000125      0.000882     -0.000757
    43   Atom       -0.152721     -0.136450      0.289171
    44   Atom       -0.152768     -0.133441      0.286209
    45   Atom       -0.002715      0.000606      0.002109
    46   Atom       -0.001076      0.003425     -0.002350
    47   Atom       -0.001224      0.001453     -0.000229
    48   Atom       -0.002717      0.000609      0.002109
    49   Atom       -0.001193      0.003310     -0.002117
    50   Atom       -0.001082      0.001750     -0.000669
 --------------------------------------------------------
                        XY            XZ            YZ
 --------------------------------------------------------
     1   Atom        0.003893     -0.000437      0.011818
     2   Atom       -0.000041     -0.000225     -0.019152
     3   Atom       -0.000007     -0.000015      0.003814
     4   Atom       -0.006102      0.000512     -0.015282
     5   Atom       -0.000446     -0.001522      0.060497
     6   Atom        0.006142     -0.000208     -0.015461
     7   Atom        0.000153     -0.000147      0.061186
     8   Atom       -0.003920      0.000300      0.012976
     9   Atom       -0.003321     -0.005812      0.074098
    10   Atom        0.000055      0.000334     -0.025840
    11   Atom        0.003015      0.004070      0.073549
    12   Atom       -0.017800      0.003605      0.000247
    13   Atom        0.000002      0.000021     -0.000337
    14   Atom        0.017811     -0.003543      0.000313
    15   Atom       -0.002445      0.001378      0.001047
    16   Atom       -0.002123      0.001371     -0.000764
    17   Atom       -0.001596      0.000798     -0.001236
    18   Atom       -0.003449     -0.003185      0.004210
    19   Atom       -0.001450     -0.001860      0.000829
    20   Atom       -0.001351     -0.000225      0.000288
    21   Atom       -0.000921     -0.000772      0.001455
    22   Atom        0.001310     -0.000796      0.004124
    23   Atom       -0.000062     -0.001357     -0.000210
    24   Atom        0.001261     -0.001472     -0.001336
    25   Atom        0.006359      0.008545      0.013015
    26   Atom        0.001658      0.000397      0.000449
    27   Atom        0.000150      0.002126      0.001946
    28   Atom        0.000539      0.002962     -0.000550
    29   Atom       -0.001304      0.000827      0.004130
    30   Atom       -0.001239      0.001513     -0.001359
    31   Atom        0.000078      0.001391     -0.000213
    32   Atom       -0.006442     -0.008529      0.012992
    33   Atom       -0.000550     -0.002960     -0.000532
    34   Atom       -0.000168     -0.002122      0.001935
    35   Atom       -0.001659     -0.000371      0.000440
    36   Atom        0.002445     -0.001286      0.001184
    37   Atom        0.002119     -0.001388     -0.000773
    38   Atom        0.001598     -0.000811     -0.001258
    39   Atom        0.003467      0.003124      0.004338
    40   Atom        0.001357      0.000208      0.000281
    41   Atom        0.001458      0.001847      0.000827
    42   Atom        0.000934      0.000766      0.001439
    43   Atom        0.002531      0.003215      0.078304
    44   Atom       -0.002386     -0.002140      0.086131
    45   Atom        0.000333     -0.000201     -0.000239
    46   Atom        0.000990      0.000548      0.001106
    47   Atom        0.000520     -0.000985     -0.002888
    48   Atom       -0.000400     -0.000213     -0.000166
    49   Atom       -0.000829     -0.000590      0.001445
    50   Atom       -0.000702      0.001022     -0.002797
 --------------------------------------------------------


 ---------------------------------------------------------------------------------
              Anisotropic Spin Dipole Couplings in Principal Axis System
 ---------------------------------------------------------------------------------

       Atom             a.u.   MegaHertz   Gauss  10(-4) cm-1        Axes

              Baa    -0.0306    -4.100    -1.463    -1.367  0.9284 -0.3667  0.0605
     1 C(13)  Bbb    -0.0192    -2.579    -0.920    -0.860  0.3717  0.9146 -0.1590
              Bcc     0.0498     6.678     2.383     2.228  0.0029  0.1701  0.9854
 
              Baa    -0.0760   -10.197    -3.639    -3.401  0.0019  0.1799  0.9837
     2 C(13)  Bbb     0.0322     4.324     1.543     1.442  0.0000  0.9837 -0.1799
              Bcc     0.0438     5.873     2.096     1.959  1.0000 -0.0003 -0.0019
 
              Baa    -0.0077    -1.032    -0.368    -0.344  0.9999  0.0121 -0.0014
     3 C(13)  Bbb    -0.0073    -0.980    -0.350    -0.327 -0.0121  0.9847 -0.1736
              Bcc     0.0150     2.012     0.718     0.671 -0.0007  0.1736  0.9848
 
              Baa    -0.0595    -7.986    -2.849    -2.664  0.0059  0.1645  0.9864
     4 C(13)  Bbb     0.0218     2.922     1.043     0.975  0.9066  0.4154 -0.0747
              Bcc     0.0377     5.063     1.807     1.689 -0.4220  0.8947 -0.1467
 
              Baa    -0.1228   -16.482    -5.881    -5.498  0.9997  0.0248  0.0001
     5 C(13)  Bbb    -0.1157   -15.520    -5.538    -5.177 -0.0244  0.9845 -0.1735
              Bcc     0.2385    32.003    11.419    10.675 -0.0044  0.1735  0.9848
 
              Baa    -0.0595    -7.983    -2.848    -2.663 -0.0097  0.1668  0.9859
     6 C(13)  Bbb     0.0218     2.923     1.043     0.975  0.9066 -0.4144  0.0791
              Bcc     0.0377     5.060     1.806     1.688  0.4218  0.8947 -0.1472
 
              Baa    -0.1227   -16.467    -5.876    -5.493  0.9997 -0.0242  0.0047
     7 C(13)  Bbb    -0.1156   -15.506    -5.533    -5.172  0.0247  0.9842 -0.1756
              Bcc     0.2383    31.973    11.409    10.665 -0.0003  0.1757  0.9845
 
              Baa    -0.0305    -4.089    -1.459    -1.364  0.9283  0.3662 -0.0648
     8 C(13)  Bbb    -0.0192    -2.570    -0.917    -0.857 -0.3719  0.9113 -0.1767
              Bcc     0.0496     6.658     2.376     2.221 -0.0056  0.1881  0.9821
 
              Baa    -0.1507   -20.224    -7.216    -6.746  0.5267  0.8391 -0.1361
     9 C(13)  Bbb    -0.1456   -19.536    -6.971    -6.517  0.8499 -0.5171  0.1008
              Bcc     0.2963    39.760    14.187    13.263 -0.0142  0.1688  0.9855
 
              Baa    -0.1105   -14.826    -5.290    -4.945 -0.0020  0.1659  0.9861
    10 C(13)  Bbb     0.0474     6.366     2.271     2.123  0.0001  0.9861 -0.1659
              Bcc     0.0630     8.460     3.019     2.822  1.0000  0.0002  0.0019
 
              Baa    -0.1507   -20.223    -7.216    -6.746 -0.5268  0.8389 -0.1371
    11 C(13)  Bbb    -0.1456   -19.537    -6.971    -6.517  0.8499  0.5179 -0.0968
              Bcc     0.2963    39.760    14.187    13.263  0.0102  0.1675  0.9858
 
              Baa    -0.0184    -9.800    -3.497    -3.269  0.5752  0.8064 -0.1373
    12 H(1)   Bbb    -0.0019    -0.996    -0.355    -0.332 -0.0256  0.1855  0.9823
              Bcc     0.0202    10.796     3.852     3.601  0.8176 -0.5615  0.1274
 
              Baa    -0.0044    -2.337    -0.834    -0.779 -0.0019  0.1601  0.9871
    13 H(1)   Bbb    -0.0022    -1.198    -0.427    -0.399  0.0001  0.9871 -0.1601
              Bcc     0.0066     3.534     1.261     1.179  1.0000  0.0002  0.0019
 
              Baa    -0.0184    -9.799    -3.497    -3.269 -0.5752  0.8062 -0.1387
    14 H(1)   Bbb    -0.0019    -0.996    -0.355    -0.332  0.0214  0.1843  0.9826
              Bcc     0.0202    10.795     3.852     3.601  0.8178  0.5622 -0.1232
 
              Baa    -0.0035    -0.463    -0.165    -0.155  0.7225  0.5356 -0.4371
    15 C(13)  Bbb     0.0009     0.127     0.045     0.042  0.3600  0.2483  0.8993
              Bcc     0.0025     0.336     0.120     0.112 -0.5902  0.8072  0.0134
 
              Baa    -0.0026    -1.386    -0.495    -0.462 -0.2142  0.1201  0.9694
    16 H(1)   Bbb    -0.0014    -0.746    -0.266    -0.249  0.4864  0.8737 -0.0007
              Bcc     0.0040     2.132     0.761     0.711  0.8471 -0.4714  0.2455
 
              Baa    -0.0022    -1.195    -0.426    -0.399 -0.1235  0.2719  0.9544
    17 H(1)   Bbb    -0.0008    -0.410    -0.146    -0.137  0.8163  0.5748 -0.0582
              Bcc     0.0030     1.605     0.573     0.535 -0.5643  0.7718 -0.2929
 
              Baa    -0.0038    -0.508    -0.181    -0.169  0.8257  0.5604  0.0648
    18 C(13)  Bbb    -0.0036    -0.482    -0.172    -0.161  0.2961 -0.5284  0.7956
              Bcc     0.0074     0.991     0.353     0.330 -0.4801  0.6378  0.6023
 
              Baa    -0.0019    -0.990    -0.353    -0.330  0.6976  0.2932  0.6538
    19 H(1)   Bbb    -0.0010    -0.552    -0.197    -0.184  0.1463  0.8350 -0.5305
              Bcc     0.0029     1.542     0.550     0.514  0.7014 -0.4657 -0.5396
 
              Baa    -0.0010    -0.530    -0.189    -0.177 -0.4274 -0.6218  0.6562
    20 H(1)   Bbb    -0.0009    -0.455    -0.162    -0.152  0.5092  0.4342  0.7431
              Bcc     0.0018     0.985     0.351     0.328  0.7470 -0.6518 -0.1311
 
              Baa    -0.0016    -0.867    -0.309    -0.289  0.1787 -0.4464  0.8768
    21 H(1)   Bbb    -0.0007    -0.362    -0.129    -0.121  0.8808  0.4697  0.0596
              Bcc     0.0023     1.229     0.439     0.410 -0.4384  0.7617  0.4771
 
              Baa    -0.0048    -0.638    -0.228    -0.213 -0.3689  0.7890 -0.4914
    22 C(13)  Bbb    -0.0003    -0.038    -0.014    -0.013  0.9295  0.3113 -0.1979
              Bcc     0.0050     0.676     0.241     0.226  0.0032  0.5298  0.8481
 
              Baa    -0.0032    -1.683    -0.601    -0.561  0.1646  0.1871  0.9684
    23 H(1)   Bbb    -0.0020    -1.052    -0.375    -0.351 -0.0278  0.9823 -0.1851
              Bcc     0.0051     2.735     0.976     0.912  0.9860 -0.0036 -0.1669
 
              Baa    -0.0035    -1.888    -0.674    -0.630  0.1682  0.2785  0.9456
    24 H(1)   Bbb    -0.0002    -0.101    -0.036    -0.034 -0.4727  0.8646 -0.1705
              Bcc     0.0037     1.990     0.710     0.664  0.8650  0.4183 -0.2771
 
              Baa    -0.0109    -1.459    -0.520    -0.487 -0.3718 -0.6094  0.7003
    25 C(13)  Bbb    -0.0094    -1.262    -0.450    -0.421  0.8445 -0.5352 -0.0174
              Bcc     0.0203     2.721     0.971     0.908  0.3854  0.5849  0.7137
 
              Baa    -0.0019    -0.998    -0.356    -0.333 -0.2848  0.8383 -0.4649
    26 H(1)   Bbb    -0.0012    -0.655    -0.234    -0.219 -0.2779  0.3919  0.8770
              Bcc     0.0031     1.654     0.590     0.552  0.9174  0.3790  0.1214
 
              Baa    -0.0031    -1.681    -0.600    -0.561 -0.3791 -0.4903  0.7848
    27 H(1)   Bbb     0.0002     0.110     0.039     0.037 -0.6074  0.7716  0.1887
              Bcc     0.0029     1.570     0.560     0.524  0.6981  0.4052  0.5903
 
              Baa    -0.0027    -1.457    -0.520    -0.486  0.6100 -0.5985 -0.5193
    28 H(1)   Bbb    -0.0011    -0.604    -0.216    -0.201  0.4669  0.8010 -0.3748
              Bcc     0.0039     2.061     0.735     0.687  0.6403 -0.0138  0.7680
 
              Baa    -0.0048    -0.638    -0.228    -0.213  0.3705  0.7855 -0.4956
    29 C(13)  Bbb    -0.0003    -0.035    -0.013    -0.012  0.9288 -0.3138  0.1971
              Bcc     0.0050     0.673     0.240     0.225  0.0007  0.5334  0.8459
 
              Baa    -0.0035    -1.890    -0.674    -0.630 -0.1743  0.2831  0.9431
    30 H(1)   Bbb    -0.0002    -0.099    -0.035    -0.033  0.4724  0.8644 -0.1722
              Bcc     0.0037     1.988     0.710     0.663  0.8640 -0.4155  0.2844
 
              Baa    -0.0032    -1.684    -0.601    -0.562 -0.1692  0.1907  0.9670
    31 H(1)   Bbb    -0.0020    -1.048    -0.374    -0.350  0.0272  0.9816 -0.1888
              Bcc     0.0051     2.732     0.975     0.911  0.9852  0.0057  0.1713
 
              Baa    -0.0109    -1.457    -0.520    -0.486  0.3651 -0.6079  0.7051
    32 C(13)  Bbb    -0.0094    -1.258    -0.449    -0.420  0.8461  0.5326  0.0210
              Bcc     0.0202     2.715     0.969     0.905 -0.3883  0.5889  0.7088
 
              Baa    -0.0027    -1.452    -0.518    -0.484  0.6075  0.6008  0.5196
    33 H(1)   Bbb    -0.0011    -0.605    -0.216    -0.202 -0.4643  0.7993 -0.3815
              Bcc     0.0039     2.057     0.734     0.686 -0.6445 -0.0095  0.7645
 
              Baa    -0.0032    -1.683    -0.600    -0.561  0.3753 -0.4853  0.7897
    34 H(1)   Bbb     0.0002     0.111     0.039     0.037  0.6026  0.7751  0.1900
              Bcc     0.0029     1.572     0.561     0.524  0.7043 -0.4046 -0.5834
 
              Baa    -0.0019    -0.997    -0.356    -0.333  0.2861  0.8351 -0.4698
    35 H(1)   Bbb    -0.0012    -0.655    -0.234    -0.219  0.2743  0.3984  0.8752
              Bcc     0.0031     1.652     0.590     0.551  0.9181 -0.3793 -0.1151
 
              Baa    -0.0035    -0.464    -0.165    -0.155  0.7168 -0.5324  0.4502
    36 C(13)  Bbb     0.0008     0.113     0.040     0.038 -0.4290  0.1723  0.8867
              Bcc     0.0026     0.350     0.125     0.117  0.5497  0.8288  0.1049
 
              Baa    -0.0026    -1.382    -0.493    -0.461  0.2156  0.1242  0.9686
    37 H(1)   Bbb    -0.0014    -0.754    -0.269    -0.251 -0.4844  0.8748 -0.0044
              Bcc     0.0040     2.136     0.762     0.713  0.8479  0.4682 -0.2488
 
              Baa    -0.0022    -1.187    -0.424    -0.396  0.1237  0.2799  0.9520
    38 H(1)   Bbb    -0.0008    -0.419    -0.149    -0.140  0.8162 -0.5743  0.0629
              Bcc     0.0030     1.606     0.573     0.536  0.5644  0.7693 -0.2995
 
              Baa    -0.0038    -0.517    -0.184    -0.172  0.7901 -0.6114  0.0432
    39 C(13)  Bbb    -0.0036    -0.488    -0.174    -0.163 -0.3963 -0.4558  0.7970
              Bcc     0.0075     1.004     0.358     0.335  0.4676  0.6468  0.6025
 
              Baa    -0.0010    -0.534    -0.191    -0.178  0.4345 -0.6221  0.6513
    40 H(1)   Bbb    -0.0008    -0.453    -0.161    -0.151 -0.5025  0.4327  0.7485
              Bcc     0.0018     0.987     0.352     0.329  0.7475  0.6525  0.1246
 
              Baa    -0.0019    -0.990    -0.353    -0.330  0.7005 -0.3015 -0.6468
    41 H(1)   Bbb    -0.0010    -0.547    -0.195    -0.183 -0.1414  0.8298 -0.5399
              Bcc     0.0029     1.537     0.548     0.513  0.6995  0.4696  0.5386
 
              Baa    -0.0016    -0.869    -0.310    -0.290 -0.1761 -0.4394  0.8809
    42 H(1)   Bbb    -0.0007    -0.362    -0.129    -0.121  0.8797 -0.4718 -0.0594
              Bcc     0.0023     1.230     0.439     0.410  0.4417  0.7644  0.4696
 
              Baa    -0.1538    -5.933    -2.117    -1.979  0.8719 -0.4833  0.0791
    43 N(14)  Bbb    -0.1493    -5.759    -2.055    -1.921  0.4897  0.8577 -0.1568
              Bcc     0.3031    11.692     4.172     3.900  0.0079  0.1754  0.9845
 
              Baa    -0.1539    -5.934    -2.117    -1.979  0.8720  0.4812 -0.0899
    44 N(14)  Bbb    -0.1493    -5.760    -2.055    -1.921 -0.4895  0.8550 -0.1715
              Bcc     0.3032    11.694     4.173     3.901 -0.0056  0.1935  0.9811
 
              Baa    -0.0028    -0.370    -0.132    -0.123  0.9947 -0.0960  0.0365
    45 C(13)  Bbb     0.0006     0.080     0.029     0.027  0.0886  0.9820  0.1667
              Bcc     0.0022     0.290     0.103     0.097 -0.0518 -0.1626  0.9853
 
              Baa    -0.0026    -1.412    -0.504    -0.471 -0.2500 -0.1339  0.9589
    46 H(1)   Bbb    -0.0012    -0.649    -0.232    -0.217  0.9445 -0.2518  0.2110
              Bcc     0.0039     2.062     0.736     0.688  0.2132  0.9585  0.1894
 
              Baa    -0.0026    -1.380    -0.492    -0.460  0.3684  0.5090  0.7780
    47 H(1)   Bbb    -0.0012    -0.660    -0.236    -0.220  0.9085 -0.3745 -0.1852
              Bcc     0.0038     2.040     0.728     0.680  0.1971  0.7750 -0.6004
 
              Baa    -0.0028    -0.372    -0.133    -0.124  0.9917  0.1196  0.0473
    48 C(13)  Bbb     0.0006     0.086     0.031     0.029 -0.1236  0.9879  0.0941
              Bcc     0.0021     0.286     0.102     0.095 -0.0355 -0.0991  0.9944
 
              Baa    -0.0026    -1.381    -0.493    -0.461  0.2845 -0.1902  0.9396
    49 H(1)   Bbb    -0.0013    -0.673    -0.240    -0.225  0.9406  0.2450 -0.2352
              Bcc     0.0039     2.054     0.733     0.685 -0.1855  0.9507  0.2486
 
              Baa    -0.0027    -1.423    -0.508    -0.475 -0.3221  0.4695  0.8221
    50 H(1)   Bbb    -0.0012    -0.635    -0.227    -0.212  0.9189  0.3640  0.1521
              Bcc     0.0039     2.058     0.734     0.686 -0.2279  0.8044 -0.5487
 

 ---------------------------------------------------------------------------------

 D1PCM: C-PCM CHGder 1st derivatives, ID1Alg=3 FixD1E=F DoIter=F DoCFld=F I1PDM=0.
 Calling FoFJK, ICntrl=      2127 FMM=F ISym2X=0 I1Cent= 0 IOpClX= 1 NMat=1 NMatS=1 NMatT=0.
 ***** Axes restored to original set *****
 -------------------------------------------------------------------
 Center     Atomic                   Forces (Hartrees/Bohr)
 Number     Number              X              Y              Z
 -------------------------------------------------------------------
      1        6          -0.000004638    0.000007285    0.000049360
      2        6           0.000003371   -0.000077122   -0.000084253
      3        6           0.000001118    0.000089558   -0.000018348
      4        6          -0.000041755   -0.000049660    0.000010539
      5        6           0.000017046   -0.000037096    0.000027657
      6        6           0.000040163   -0.000049628    0.000010806
      7        6          -0.000011178   -0.000032670    0.000027899
      8        6           0.000007490   -0.000006180    0.000050649
      9        6          -0.000002113    0.000105114   -0.000021006
     10        6          -0.000000294   -0.000011727    0.000040091
     11        6           0.000001623    0.000103962   -0.000020320
     12        1          -0.000018361   -0.000048692    0.000031213
     13        1          -0.000001057    0.000000820   -0.000004830
     14        1           0.000014860   -0.000046448    0.000024631
     15        6          -0.000023785   -0.000000917   -0.000068483
     16        1          -0.000027947    0.000065118   -0.000039112
     17        1           0.000032672   -0.000033970    0.000027202
     18        6          -0.000009241    0.000017805    0.000048209
     19        1           0.000012255   -0.000000773   -0.000024529
     20        1           0.000001991    0.000013903    0.000001060
     21        1           0.000016721   -0.000000921   -0.000001189
     22        6          -0.000069751    0.000069696   -0.000049823
     23        1           0.000014360   -0.000086392    0.000000455
     24        1           0.000025193   -0.000037940   -0.000013207
     25        6           0.000018075   -0.000018551   -0.000019048
     26        1           0.000002408   -0.000000385   -0.000000499
     27        1          -0.000000572    0.000046052    0.000025090
     28        1           0.000009056    0.000010727    0.000024266
     29        6           0.000061115    0.000074371   -0.000032383
     30        1          -0.000028020   -0.000039291   -0.000011016
     31        1          -0.000023183   -0.000083952    0.000000738
     32        6          -0.000013620   -0.000025290   -0.000019065
     33        1          -0.000009491    0.000010063    0.000027596
     34        1           0.000000173    0.000045967    0.000024468
     35        1          -0.000001765   -0.000000905    0.000004128
     36        6           0.000025163   -0.000005378   -0.000062667
     37        1           0.000030734    0.000058021   -0.000035687
     38        1          -0.000021894   -0.000035576    0.000031900
     39        6           0.000005950    0.000015953    0.000048236
     40        1          -0.000002450    0.000012960    0.000005447
     41        1          -0.000007708    0.000002195   -0.000013911
     42        1          -0.000018974    0.000014167    0.000014141
     43        7           0.000018421   -0.000003922   -0.000005589
     44        7          -0.000024929    0.000010089   -0.000022670
     45        6           0.000022857   -0.000006824    0.000042589
     46        1           0.000024699   -0.000024371   -0.000016672
     47        1          -0.000012408    0.000017131   -0.000006312
     48        6          -0.000017185   -0.000054932    0.000007664
     49        1          -0.000009934    0.000005532   -0.000011479
     50        1          -0.000005260    0.000023025   -0.000003938
 -------------------------------------------------------------------
 Cartesian Forces:  Max     0.000105114 RMS     0.000033493

 GradGradGradGradGradGradGradGradGradGradGradGradGradGradGradGradGradGrad
 Berny optimization.
 Internal  Forces:  Max     0.000221268 RMS     0.000038386
 Search for a local minimum.
 Step number   1 out of a maximum of  300
 All quantities printed in internal units (Hartrees-Bohrs-Radians)
 Mixed Optimization -- En-DIIS/RFO-DIIS
 Second derivative matrix not updated -- first step.
     Eigenvalues ---    0.00230   0.00230   0.00230   0.00230   0.00452
     Eigenvalues ---    0.00621   0.00621   0.00710   0.00710   0.01314
     Eigenvalues ---    0.01349   0.01403   0.01458   0.01515   0.01540
     Eigenvalues ---    0.01729   0.01736   0.01813   0.01821   0.01836
     Eigenvalues ---    0.01940   0.01965   0.01988   0.02015   0.02069
     Eigenvalues ---    0.02137   0.02261   0.03956   0.03960   0.04002
     Eigenvalues ---    0.04002   0.04007   0.04063   0.05324   0.05325
     Eigenvalues ---    0.05331   0.05333   0.05343   0.05343   0.05376
     Eigenvalues ---    0.05377   0.05515   0.05579   0.05579   0.05631
     Eigenvalues ---    0.05631   0.05819   0.08058   0.08204   0.08270
     Eigenvalues ---    0.09412   0.09419   0.09444   0.09451   0.10297
     Eigenvalues ---    0.12879   0.12880   0.12883   0.12884   0.16000
     Eigenvalues ---    0.16000   0.16000   0.16000   0.16000   0.16000
     Eigenvalues ---    0.16000   0.16000   0.16000   0.16000   0.16000
     Eigenvalues ---    0.16000   0.16000   0.16000   0.16000   0.21901
     Eigenvalues ---    0.21902   0.21920   0.21920   0.22143   0.22879
     Eigenvalues ---    0.23522   0.24823   0.24942   0.24980   0.24983
     Eigenvalues ---    0.24984   0.24989   0.24991   0.24992   0.24995
     Eigenvalues ---    0.24999   0.27170   0.27944   0.27946   0.28101
     Eigenvalues ---    0.28102   0.31252   0.31254   0.31697   0.31935
     Eigenvalues ---    0.31938   0.33254   0.34348   0.34349   0.34371
     Eigenvalues ---    0.34371   0.34406   0.34406   0.34426   0.34434
     Eigenvalues ---    0.34455   0.34456   0.34478   0.34479   0.34501
     Eigenvalues ---    0.34507   0.34511   0.34521   0.34562   0.34680
     Eigenvalues ---    0.34686   0.34725   0.34725   0.34752   0.34822
     Eigenvalues ---    0.34839   0.34914   0.35460   0.35707   0.35710
     Eigenvalues ---    0.37551   0.38333   0.39787   0.41231   0.41671
     Eigenvalues ---    0.42337   0.42551   0.44756   0.45789   0.45876
     Eigenvalues ---    0.48639   0.50323   0.51405   0.522571000.00000
     Eigenvalues --- 1000.000001000.000001000.000001000.000001000.00000
     Eigenvalues --- 1000.000001000.000001000.000001000.000001000.00000
     Eigenvalues --- 1000.000001000.000001000.000001000.000001000.00000
     Eigenvalues --- 1000.000001000.000001000.000001000.000001000.00000
     Eigenvalues --- 1000.000001000.000001000.000001000.000001000.00000
     Eigenvalues --- 1000.000001000.000001000.000001000.000001000.00000
     Eigenvalues --- 1000.000001000.000001000.000001000.000001000.00000
     Eigenvalues --- 1000.000001000.000001000.000001000.000001000.00000
     Eigenvalues --- 1000.000001000.000001000.000001000.000001000.00000
     Eigenvalues --- 1000.000001000.000001000.000001000.000001000.00000
     Eigenvalues --- 1000.000001000.000001000.000001000.000001000.00000
     Eigenvalues --- 1000.000001000.000001000.000001000.000001000.00000
     Eigenvalues --- 1000.000001000.000001000.000001000.000001000.00000
     Eigenvalues --- 1000.000001000.000001000.000001000.000001000.00000
     Eigenvalues --- 1000.000001000.000001000.000001000.000001000.00000
     Eigenvalues --- 1000.000001000.000001000.000001000.000001000.00000
     Eigenvalues --- 1000.000001000.000001000.000001000.000001000.00000
     Eigenvalues --- 1000.000001000.000001000.000001000.000001000.00000
     Eigenvalues --- 1000.000001000.000001000.000001000.000001000.00000
     Eigenvalues --- 1000.000001000.000001000.000001000.000001000.00000
     Eigenvalues --- 1000.000001000.000001000.000001000.000001000.00000
     Eigenvalues --- 1000.000001000.000001000.000001000.000001000.00000
     Eigenvalues --- 1000.000001000.000001000.000001000.000001000.00000
     Eigenvalues --- 1000.000001000.000001000.000001000.000001000.00000
     Eigenvalues --- 1000.000001000.000001000.000001000.000001000.00000
     Eigenvalues --- 1000.000001000.000001000.000001000.000001000.00000
     Eigenvalues --- 1000.000001000.000001000.000001000.000001000.00000
     Eigenvalues --- 1000.000001000.000001000.000001000.000001000.00000
     Eigenvalues --- 1000.000001000.000001000.000001000.000001000.00000
     Eigenvalues --- 1000.000001000.000001000.00000
 RFO step:  Lambda=-5.63081936D-06 EMin= 2.30000000D-03
 Linear search not attempted -- first point.
 Iteration  1 RMS(Cart)=  0.00359808 RMS(Int)=  0.00000617
 Iteration  2 RMS(Cart)=  0.00000815 RMS(Int)=  0.00000010
 Iteration  3 RMS(Cart)=  0.00000000 RMS(Int)=  0.00000010
 Variable       Old X    -DE/DX   Delta X   Delta X   Delta X     New X
                                 (Linear)    (Quad)   (Total)
    R1        2.67349  -0.00007   0.00000  -0.00018  -0.00018   2.67331
    R2        2.84263  -0.00004   0.00000  -0.00011  -0.00011   2.84251
    R3        2.57592   0.00002   0.00000   0.00003   0.00003   2.57595
    R4        2.60622   0.00011   0.00000   0.00025   0.00025   2.60647
    R5        2.55303   0.00002   0.00000   0.00006   0.00006   2.55310
    R6        2.55273   0.00001   0.00000   0.00005   0.00005   2.55278
    R7        2.68868  -0.00005   0.00000  -0.00011  -0.00011   2.68857
    R8        2.68879  -0.00004   0.00000  -0.00009  -0.00009   2.68870
    R9        2.70683  -0.00001   0.00000  -0.00005  -0.00005   2.70678
   R10        2.68496   0.00005   0.00000   0.00011   0.00011   2.68507
   R11        2.85534  -0.00001   0.00000  -0.00003  -0.00003   2.85531
   R12        2.70691  -0.00001   0.00000  -0.00005  -0.00005   2.70686
   R13        2.68494   0.00005   0.00000   0.00011   0.00011   2.68505
   R14        2.67312  -0.00006   0.00000  -0.00016  -0.00016   2.67296
   R15        2.85529   0.00001   0.00000   0.00002   0.00002   2.85532
   R16        2.84258  -0.00005   0.00000  -0.00016  -0.00016   2.84242
   R17        2.57549   0.00001   0.00000   0.00001   0.00001   2.57550
   R18        2.63877   0.00002   0.00000   0.00004   0.00004   2.63880
   R19        2.04542  -0.00001   0.00000  -0.00004  -0.00004   2.04538
   R20        2.63874   0.00002   0.00000   0.00004   0.00004   2.63878
   R21        2.04935   0.00000   0.00000   0.00000   0.00000   2.04935
   R22        2.04538  -0.00001   0.00000  -0.00004  -0.00004   2.04534
   R23        2.06124   0.00000   0.00000  -0.00001  -0.00001   2.06122
   R24        2.06460   0.00004   0.00000   0.00011   0.00011   2.06471
   R25        2.92256  -0.00003   0.00000  -0.00011  -0.00011   2.92245
   R26        2.06567   0.00002   0.00000   0.00005   0.00005   2.06572
   R27        2.06530  -0.00001   0.00000  -0.00002  -0.00002   2.06528
   R28        2.06604  -0.00001   0.00000  -0.00003  -0.00003   2.06601
   R29        2.06189   0.00007   0.00000   0.00019   0.00019   2.06207
   R30        2.06483  -0.00002   0.00000  -0.00006  -0.00006   2.06476
   R31        2.91917   0.00006   0.00000   0.00020   0.00020   2.91937
   R32        2.06651   0.00000   0.00000   0.00000   0.00000   2.06651
   R33        2.06709   0.00004   0.00000   0.00012   0.00012   2.06721
   R34        2.06747   0.00001   0.00000   0.00004   0.00004   2.06751
   R35        2.06493  -0.00002   0.00000  -0.00006  -0.00006   2.06487
   R36        2.06197   0.00007   0.00000   0.00020   0.00020   2.06217
   R37        2.91916   0.00005   0.00000   0.00016   0.00016   2.91933
   R38        2.06744   0.00001   0.00000   0.00003   0.00003   2.06748
   R39        2.06708   0.00004   0.00000   0.00012   0.00012   2.06720
   R40        2.06651   0.00000   0.00000   0.00000   0.00000   2.06651
   R41        2.06123  -0.00001   0.00000  -0.00003  -0.00003   2.06120
   R42        2.06477   0.00004   0.00000   0.00012   0.00012   2.06488
   R43        2.92261  -0.00005   0.00000  -0.00018  -0.00018   2.92243
   R44        2.06530  -0.00001   0.00000  -0.00002  -0.00002   2.06529
   R45        2.06569   0.00001   0.00000   0.00004   0.00004   2.06573
   R46        2.06617  -0.00003   0.00000  -0.00008  -0.00008   2.06609
   R47        2.81511   0.00003   0.00000   0.00007   0.00007   2.81518
   R48        2.81437   0.00003   0.00000   0.00008   0.00008   2.81445
   R49        2.05815   0.00002   0.00000   0.00005   0.00005   2.05820
   R50        2.06079  -0.00001   0.00000  -0.00002  -0.00002   2.06078
   R51        2.92606   0.00000   0.00000  -0.00003  -0.00003   2.92603
   R52        2.05965   0.00000   0.00000   0.00001   0.00001   2.05966
   R53        2.05938  -0.00001   0.00000  -0.00004  -0.00004   2.05934
    A1        2.16382  -0.00022   0.00000  -0.00088  -0.00088   2.16294
    A2        2.07246   0.00003   0.00000   0.00011   0.00011   2.07257
    A3        2.04647   0.00019   0.00000   0.00076   0.00076   2.04723
    A4        2.15441   0.00000   0.00000   0.00002   0.00002   2.15443
    A5        2.15382  -0.00001   0.00000  -0.00002  -0.00002   2.15380
    A6        1.97495   0.00000   0.00000  -0.00001  -0.00001   1.97494
    A7        2.05088   0.00001   0.00000   0.00005   0.00005   2.05093
    A8        2.05094   0.00001   0.00000   0.00007   0.00007   2.05101
    A9        2.18135  -0.00002   0.00000  -0.00012  -0.00012   2.18122
   A10        2.07495  -0.00003   0.00000  -0.00014  -0.00014   2.07481
   A11        2.02413   0.00003   0.00000   0.00012   0.00012   2.02425
   A12        2.18411   0.00000   0.00000   0.00001   0.00001   2.18413
   A13        2.09209   0.00005   0.00000   0.00014   0.00014   2.09224
   A14        2.09222  -0.00013   0.00000  -0.00049  -0.00049   2.09173
   A15        2.09845   0.00009   0.00000   0.00038   0.00038   2.09884
   A16        2.07510  -0.00003   0.00000  -0.00012  -0.00012   2.07497
   A17        2.02413   0.00003   0.00000   0.00012   0.00012   2.02426
   A18        2.18396   0.00000   0.00000   0.00000   0.00000   2.18395
   A19        2.09176   0.00003   0.00000   0.00010   0.00010   2.09186
   A20        2.09871   0.00009   0.00000   0.00039   0.00039   2.09911
   A21        2.09224  -0.00012   0.00000  -0.00045  -0.00045   2.09179
   A22        2.16510  -0.00021   0.00000  -0.00084  -0.00084   2.16426
   A23        2.07245   0.00004   0.00000   0.00013   0.00013   2.07258
   A24        2.04520   0.00017   0.00000   0.00070   0.00070   2.04589
   A25        2.09985  -0.00001   0.00000  -0.00004  -0.00004   2.09981
   A26        2.10607  -0.00005   0.00000  -0.00033  -0.00033   2.10574
   A27        2.07726   0.00006   0.00000   0.00036   0.00036   2.07763
   A28        2.13702  -0.00002   0.00000  -0.00005  -0.00005   2.13697
   A29        2.07309   0.00001   0.00000   0.00002   0.00002   2.07312
   A30        2.07306   0.00001   0.00000   0.00003   0.00003   2.07309
   A31        2.09988  -0.00001   0.00000  -0.00004  -0.00004   2.09984
   A32        2.10601  -0.00005   0.00000  -0.00031  -0.00031   2.10570
   A33        2.07730   0.00006   0.00000   0.00034   0.00034   2.07764
   A34        1.90085  -0.00008   0.00000  -0.00105  -0.00105   1.89980
   A35        1.91145   0.00003   0.00000   0.00073   0.00073   1.91218
   A36        1.96891   0.00008   0.00000   0.00033   0.00033   1.96924
   A37        1.85073   0.00002   0.00000   0.00014   0.00014   1.85087
   A38        1.91508  -0.00001   0.00000  -0.00041  -0.00041   1.91467
   A39        1.91305  -0.00003   0.00000   0.00024   0.00024   1.91329
   A40        1.94422   0.00003   0.00000   0.00018   0.00018   1.94440
   A41        1.90155  -0.00002   0.00000  -0.00015  -0.00015   1.90139
   A42        1.94974   0.00001   0.00000   0.00012   0.00012   1.94986
   A43        1.89212  -0.00001   0.00000  -0.00013  -0.00013   1.89199
   A44        1.88641  -0.00001   0.00000   0.00000   0.00000   1.88641
   A45        1.88817   0.00000   0.00000  -0.00003  -0.00003   1.88815
   A46        1.92107  -0.00008   0.00000  -0.00078  -0.00078   1.92029
   A47        1.90592   0.00000   0.00000   0.00031   0.00031   1.90623
   A48        1.96841   0.00009   0.00000   0.00045   0.00045   1.96886
   A49        1.84215   0.00001   0.00000  -0.00003  -0.00003   1.84212
   A50        1.91064   0.00000   0.00000  -0.00008  -0.00008   1.91056
   A51        1.91137  -0.00003   0.00000   0.00011   0.00011   1.91148
   A52        1.91077  -0.00001   0.00000  -0.00014  -0.00014   1.91063
   A53        1.94285   0.00003   0.00000   0.00023   0.00023   1.94308
   A54        1.94484   0.00004   0.00000   0.00026   0.00026   1.94510
   A55        1.89041  -0.00002   0.00000  -0.00020  -0.00020   1.89021
   A56        1.88902  -0.00001   0.00000  -0.00013  -0.00013   1.88889
   A57        1.88431  -0.00002   0.00000  -0.00004  -0.00004   1.88427
   A58        1.90551   0.00000   0.00000   0.00028   0.00028   1.90580
   A59        1.92058  -0.00007   0.00000  -0.00071  -0.00071   1.91987
   A60        1.96916   0.00010   0.00000   0.00048   0.00048   1.96964
   A61        1.84227   0.00001   0.00000  -0.00009  -0.00009   1.84218
   A62        1.91154  -0.00003   0.00000   0.00008   0.00008   1.91162
   A63        1.91046   0.00000   0.00000  -0.00008  -0.00008   1.91038
   A64        1.94476   0.00004   0.00000   0.00028   0.00028   1.94504
   A65        1.94319   0.00003   0.00000   0.00021   0.00021   1.94339
   A66        1.91068  -0.00001   0.00000  -0.00016  -0.00016   1.91052
   A67        1.88415  -0.00002   0.00000  -0.00001  -0.00001   1.88415
   A68        1.88903  -0.00001   0.00000  -0.00013  -0.00013   1.88890
   A69        1.89039  -0.00002   0.00000  -0.00021  -0.00021   1.89017
   A70        1.90144  -0.00007   0.00000  -0.00098  -0.00098   1.90046
   A71        1.91142   0.00003   0.00000   0.00069   0.00069   1.91211
   A72        1.96822   0.00005   0.00000   0.00019   0.00019   1.96841
   A73        1.85122   0.00002   0.00000   0.00018   0.00018   1.85140
   A74        1.91534  -0.00001   0.00000  -0.00042  -0.00043   1.91491
   A75        1.91251  -0.00001   0.00000   0.00034   0.00034   1.91285
   A76        1.90159  -0.00001   0.00000  -0.00007  -0.00007   1.90151
   A77        1.94441   0.00002   0.00000   0.00010   0.00010   1.94450
   A78        1.94943   0.00000   0.00000   0.00001   0.00001   1.94944
   A79        1.89206  -0.00001   0.00000  -0.00007  -0.00007   1.89198
   A80        1.88832   0.00001   0.00000   0.00005   0.00005   1.88837
   A81        1.88640  -0.00001   0.00000  -0.00001  -0.00001   1.88639
   A82        2.12153  -0.00006   0.00000  -0.00020  -0.00020   2.12133
   A83        2.24755   0.00006   0.00000   0.00020   0.00019   2.24775
   A84        1.91410  -0.00001   0.00000   0.00000   0.00000   1.91410
   A85        2.12217  -0.00005   0.00000  -0.00017  -0.00017   2.12200
   A86        1.91431  -0.00001   0.00000  -0.00002  -0.00002   1.91429
   A87        2.24637   0.00006   0.00000   0.00017   0.00017   2.24654
   A88        1.91781   0.00002   0.00000   0.00018   0.00018   1.91800
   A89        1.90478  -0.00002   0.00000  -0.00016  -0.00016   1.90462
   A90        1.80985   0.00001   0.00000   0.00003   0.00003   1.80989
   A91        1.91925   0.00001   0.00000   0.00007   0.00007   1.91932
   A92        1.95670  -0.00002   0.00000  -0.00028  -0.00028   1.95642
   A93        1.95212   0.00001   0.00000   0.00015   0.00015   1.95228
   A94        1.80990   0.00000   0.00000   0.00000   0.00000   1.80990
   A95        1.90990   0.00000   0.00000  -0.00001  -0.00001   1.90989
   A96        1.91346  -0.00001   0.00000  -0.00013  -0.00013   1.91332
   A97        1.95817   0.00000   0.00000  -0.00004  -0.00004   1.95813
   A98        1.95101   0.00000   0.00000   0.00000   0.00000   1.95102
   A99        1.91822   0.00001   0.00000   0.00016   0.00016   1.91838
    D1        3.11259   0.00001   0.00000   0.00040   0.00040   3.11298
    D2       -0.06001   0.00003   0.00000   0.00159   0.00159  -0.05843
    D3        0.00351   0.00002   0.00000   0.00106   0.00106   0.00457
    D4        3.11410   0.00004   0.00000   0.00225   0.00225   3.11635
    D5        0.59234  -0.00001   0.00000  -0.00092  -0.00092   0.59142
    D6        2.60907  -0.00002   0.00000  -0.00094  -0.00095   2.60812
    D7       -1.53838   0.00002   0.00000   0.00012   0.00012  -1.53826
    D8       -2.58132  -0.00002   0.00000  -0.00159  -0.00159  -2.58291
    D9       -0.56460  -0.00002   0.00000  -0.00161  -0.00161  -0.56621
   D10        1.57114   0.00001   0.00000  -0.00055  -0.00055   1.57059
   D11        0.00309   0.00000   0.00000  -0.00022  -0.00022   0.00287
   D12        3.14017   0.00000   0.00000  -0.00005  -0.00005   3.14011
   D13       -3.10818   0.00001   0.00000   0.00043   0.00043  -3.10774
   D14        0.02891   0.00001   0.00000   0.00060   0.00060   0.02950
   D15       -0.00421   0.00001   0.00000   0.00063   0.00063  -0.00359
   D16       -3.13973   0.00001   0.00000   0.00088   0.00088  -3.13885
   D17        3.13249  -0.00001   0.00000  -0.00067  -0.00067   3.13182
   D18       -0.00303  -0.00001   0.00000  -0.00041  -0.00041  -0.00344
   D19       -0.00277  -0.00001   0.00000  -0.00066  -0.00066  -0.00343
   D20       -3.14063  -0.00001   0.00000  -0.00079  -0.00079  -3.14142
   D21       -3.13993   0.00001   0.00000   0.00052   0.00052  -3.13941
   D22        0.00540   0.00001   0.00000   0.00038   0.00038   0.00578
   D23        0.00948   0.00001   0.00000   0.00033   0.00033   0.00981
   D24       -3.10640   0.00001   0.00000   0.00073   0.00073  -3.10568
   D25       -3.13654  -0.00001   0.00000  -0.00085  -0.00085  -3.13739
   D26        0.03075  -0.00001   0.00000  -0.00045  -0.00045   0.03031
   D27        0.01048   0.00001   0.00000   0.00024   0.00024   0.01073
   D28       -3.13107   0.00002   0.00000   0.00082   0.00082  -3.13025
   D29       -3.13768   0.00000   0.00000  -0.00003  -0.00003  -3.13771
   D30        0.00394   0.00001   0.00000   0.00055   0.00055   0.00449
   D31       -0.01005  -0.00001   0.00000  -0.00024  -0.00024  -0.01029
   D32        3.13220  -0.00002   0.00000  -0.00088  -0.00087   3.13132
   D33        3.13812   0.00000   0.00000   0.00003   0.00003   3.13815
   D34       -0.00282  -0.00001   0.00000  -0.00060  -0.00060  -0.00342
   D35       -0.01031  -0.00002   0.00000  -0.00107  -0.00107  -0.01138
   D36       -3.12079  -0.00003   0.00000  -0.00225  -0.00225  -3.12304
   D37        3.13124  -0.00003   0.00000  -0.00171  -0.00171   3.12953
   D38        0.02077  -0.00004   0.00000  -0.00289  -0.00289   0.01788
   D39       -0.00061   0.00000   0.00000   0.00005   0.00005  -0.00056
   D40        3.14078  -0.00002   0.00000  -0.00079  -0.00079   3.13999
   D41        3.14102   0.00001   0.00000   0.00067   0.00067  -3.14149
   D42       -0.00078   0.00000   0.00000  -0.00017  -0.00017  -0.00095
   D43        0.52935  -0.00003   0.00000  -0.00558  -0.00558   0.52377
   D44        2.54398  -0.00006   0.00000  -0.00588  -0.00588   2.53810
   D45       -1.60993  -0.00003   0.00000  -0.00522  -0.00522  -1.61515
   D46       -2.64336  -0.00001   0.00000  -0.00439  -0.00439  -2.64775
   D47       -0.62873  -0.00004   0.00000  -0.00469  -0.00469  -0.63342
   D48        1.50054  -0.00002   0.00000  -0.00403  -0.00403   1.49651
   D49        0.01703   0.00002   0.00000   0.00098   0.00098   0.01801
   D50        3.12571   0.00004   0.00000   0.00233   0.00233   3.12804
   D51       -3.12528   0.00003   0.00000   0.00167   0.00167  -3.12360
   D52       -0.01659   0.00005   0.00000   0.00302   0.00302  -0.01358
   D53       -0.00166   0.00000   0.00000   0.00005   0.00005  -0.00161
   D54        3.14075   0.00002   0.00000   0.00092   0.00092  -3.14151
   D55        3.14063  -0.00001   0.00000  -0.00062  -0.00062   3.14001
   D56       -0.00015   0.00001   0.00000   0.00024   0.00024   0.00010
   D57       -3.12003  -0.00001   0.00000  -0.00044  -0.00044  -3.12048
   D58       -0.01100  -0.00002   0.00000  -0.00108  -0.00108  -0.01208
   D59        0.05435  -0.00003   0.00000  -0.00180  -0.00180   0.05255
   D60       -3.11980  -0.00004   0.00000  -0.00243  -0.00243  -3.12224
   D61        0.63107   0.00004   0.00000   0.00458   0.00458   0.63565
   D62        2.64534   0.00001   0.00000   0.00424   0.00424   2.64958
   D63       -1.49863   0.00002   0.00000   0.00395   0.00395  -1.49468
   D64       -2.54344   0.00006   0.00000   0.00593   0.00593  -2.53751
   D65       -0.52917   0.00003   0.00000   0.00559   0.00559  -0.52358
   D66        1.61004   0.00004   0.00000   0.00530   0.00530   1.61535
   D67       -0.58951   0.00001   0.00000   0.00007   0.00007  -0.58943
   D68       -2.60713   0.00001   0.00000   0.00003   0.00003  -2.60710
   D69        1.54151  -0.00003   0.00000  -0.00104  -0.00104   1.54047
   D70        2.58417   0.00001   0.00000   0.00071   0.00071   2.58488
   D71        0.56655   0.00002   0.00000   0.00067   0.00067   0.56722
   D72       -1.56800  -0.00002   0.00000  -0.00040  -0.00040  -1.56840
   D73       -0.00212   0.00000   0.00000   0.00044   0.00044  -0.00168
   D74        3.10845   0.00000   0.00000  -0.00005  -0.00005   3.10840
   D75        3.10915  -0.00001   0.00000  -0.00018  -0.00018   3.10896
   D76       -0.06346  -0.00001   0.00000  -0.00067  -0.00067  -0.06413
   D77        0.00494   0.00001   0.00000   0.00052   0.00052   0.00546
   D78       -3.13944   0.00001   0.00000   0.00032   0.00032  -3.13912
   D79       -3.13746  -0.00001   0.00000  -0.00033  -0.00033  -3.13779
   D80        0.00135  -0.00001   0.00000  -0.00054  -0.00054   0.00081
   D81       -0.00374  -0.00001   0.00000  -0.00058  -0.00058  -0.00431
   D82        3.13806   0.00000   0.00000   0.00025   0.00025   3.13831
   D83        3.14064  -0.00001   0.00000  -0.00037  -0.00037   3.14027
   D84       -0.00074   0.00001   0.00000   0.00046   0.00046  -0.00029
   D85        1.05657  -0.00004   0.00000  -0.00204  -0.00204   1.05453
   D86       -3.14009  -0.00005   0.00000  -0.00219  -0.00219   3.14090
   D87       -1.05505  -0.00005   0.00000  -0.00225  -0.00225  -1.05730
   D88       -1.06613   0.00003   0.00000  -0.00063  -0.00063  -1.06676
   D89        1.02040   0.00002   0.00000  -0.00078  -0.00078   1.01961
   D90        3.10544   0.00001   0.00000  -0.00084  -0.00084   3.10460
   D91       -3.09178   0.00002   0.00000  -0.00070  -0.00070  -3.09248
   D92       -1.00526   0.00002   0.00000  -0.00085  -0.00085  -1.00611
   D93        1.07978   0.00001   0.00000  -0.00091  -0.00091   1.07887
   D94       -3.13303  -0.00003   0.00000  -0.00256  -0.00256  -3.13559
   D95       -1.04350  -0.00004   0.00000  -0.00275  -0.00275  -1.04625
   D96        1.06111  -0.00002   0.00000  -0.00247  -0.00247   1.05864
   D97        1.00504   0.00001   0.00000  -0.00180  -0.00180   1.00324
   D98        3.09457   0.00000   0.00000  -0.00200  -0.00200   3.09257
   D99       -1.08400   0.00001   0.00000  -0.00172  -0.00172  -1.08572
   D100      -1.00683   0.00001   0.00000  -0.00178  -0.00178  -1.00861
   D101       1.08270   0.00000   0.00000  -0.00198  -0.00198   1.08072
   D102      -3.09588   0.00002   0.00000  -0.00169  -0.00169  -3.09757
   D103      -1.06189   0.00002   0.00000   0.00240   0.00240  -1.05950
   D104       1.04269   0.00004   0.00000   0.00272   0.00272   1.04541
   D105       3.13234   0.00003   0.00000   0.00248   0.00248   3.13483
   D106       3.09499  -0.00002   0.00000   0.00165   0.00165   3.09664
   D107      -1.08362   0.00000   0.00000   0.00198   0.00198  -1.08164
   D108       1.00603  -0.00001   0.00000   0.00174   0.00174   1.00777
   D109       1.08297  -0.00001   0.00000   0.00176   0.00176   1.08473
   D110      -3.09563   0.00001   0.00000   0.00208   0.00208  -3.09355
   D111      -1.00598  -0.00001   0.00000   0.00185   0.00185  -1.00413
   D112      -3.14091   0.00004   0.00000   0.00193   0.00193  -3.13898
   D113      -1.05432   0.00004   0.00000   0.00185   0.00185  -1.05247
   D114       1.05721   0.00004   0.00000   0.00191   0.00191   1.05912
   D115      -1.01773  -0.00002   0.00000   0.00049   0.00049  -1.01724
   D116       1.06885  -0.00002   0.00000   0.00041   0.00041   1.06927
   D117      -3.10280  -0.00002   0.00000   0.00047   0.00047  -3.10232
   D118       1.00835  -0.00001   0.00000   0.00066   0.00066   1.00901
   D119       3.09494  -0.00002   0.00000   0.00058   0.00058   3.09552
   D120      -1.07672  -0.00001   0.00000   0.00064   0.00064  -1.07607
   D121       3.10892  -0.00001   0.00000  -0.00031  -0.00031   3.10861
   D122      -1.08186  -0.00001   0.00000  -0.00036  -0.00036  -1.08222
   D123       1.02313   0.00000   0.00000  -0.00025  -0.00025   1.02288
   D124      -0.03676  -0.00001   0.00000  -0.00016  -0.00016  -0.03692
   D125       2.05565  -0.00001   0.00000  -0.00021  -0.00021   2.05544
   D126      -2.12255   0.00000   0.00000  -0.00010  -0.00010  -2.12264
   D127      -2.14566   0.00002   0.00000   0.00053   0.00053  -2.14514
   D128       2.03176   0.00001   0.00000   0.00043   0.00043   2.03219
   D129      -0.05114   0.00000   0.00000   0.00031   0.00031  -0.05083
   D130       1.02399   0.00002   0.00000   0.00097   0.00097   1.02496
   D131      -1.08177   0.00001   0.00000   0.00088   0.00088  -1.08090
   D132       3.11851   0.00001   0.00000   0.00076   0.00076   3.11927
   D133       0.05103   0.00000   0.00000  -0.00009  -0.00009   0.05094
   D134      -2.00819   0.00000   0.00000  -0.00006  -0.00006  -2.00825
   D135       2.11095  -0.00001   0.00000  -0.00025  -0.00025   2.11070
   D136       2.11889   0.00001   0.00000   0.00001   0.00001   2.11890
   D137       0.05967   0.00001   0.00000   0.00004   0.00004   0.05972
   D138      -2.10437   0.00000   0.00000  -0.00015  -0.00015  -2.10452
   D139      -1.99916   0.00001   0.00000   0.00001   0.00001  -1.99915
   D140       2.22481   0.00001   0.00000   0.00004   0.00004   2.22485
   D141       0.06076   0.00000   0.00000  -0.00015  -0.00015   0.06062
         Item               Value     Threshold  Converged?
 Maximum Force            0.000221     0.000450     YES
 RMS     Force            0.000038     0.000300     YES
 Maximum Displacement     0.015413     0.001800     NO 
 RMS     Displacement     0.003599     0.001200     NO 
 Predicted change in Energy=-2.815536D-06
 GradGradGradGradGradGradGradGradGradGradGradGradGradGradGradGradGradGrad

                          Input orientation:                          
 ---------------------------------------------------------------------
 Center     Atomic      Atomic             Coordinates (Angstroms)
 Number     Number       Type             X           Y           Z
 ---------------------------------------------------------------------
      1          6           0        2.363035   -0.786617    0.138008
      2          6           0        0.000382   -0.620922    0.110519
      3          6           0        0.000318    0.736983   -0.131389
      4          6           0        1.262142    1.384996   -0.241152
      5          6           0        2.455071    0.603056   -0.110150
      6          6           0       -1.261583    1.384447   -0.244301
      7          6           0       -2.454642    0.602219   -0.115759
      8          6           0       -2.362389   -0.785668    0.141115
      9          6           0       -1.223648    2.785020   -0.480556
     10          6           0        0.000239    3.448848   -0.587088
     11          6           0        1.224140    2.785789   -0.476159
     12          1           0       -2.139737    3.353013   -0.578984
     13          1           0        0.000242    4.518578   -0.765286
     14          1           0        2.140210    3.354414   -0.570801
     15          6           0        3.553091   -1.699001    0.256000
     16          1           0        4.375491   -1.148078    0.714130
     17          1           0        3.319726   -2.517905    0.940616
     18          6           0        4.005732   -2.274017   -1.106396
     19          1           0        4.294301   -1.479002   -1.798940
     20          1           0        4.869985   -2.923868   -0.947683
     21          1           0        3.216431   -2.865242   -1.578341
     22          6           0        3.811417    1.263145   -0.197438
     23          1           0        4.549281    0.552570   -0.573419
     24          1           0        3.773865    2.065664   -0.937969
     25          6           0        4.288573    1.832567    1.157070
     26          1           0        5.268524    2.301138    1.030615
     27          1           0        3.593936    2.586601    1.538610
     28          1           0        4.380324    1.045769    1.911748
     29          6           0       -3.811180    1.260558   -0.212842
     30          1           0       -3.770851    2.058188   -0.958572
     31          1           0       -4.546553    0.546661   -0.587560
     32          6           0       -4.295535    1.838302    1.135544
     33          1           0       -4.390980    1.056193    1.894599
     34          1           0       -3.603313    2.594977    1.516226
     35          1           0       -5.274984    2.305658    1.000962
     36          6           0       -3.551102   -1.698659    0.267026
     37          1           0       -4.374429   -1.145794    0.721111
     38          1           0       -3.315844   -2.512318    0.957374
     39          6           0       -4.002500   -2.284789   -1.091026
     40          1           0       -4.867050   -2.933168   -0.927952
     41          1           0       -4.290114   -1.495520   -1.790512
     42          1           0       -3.212510   -2.879888   -1.557005
     43          7           0        1.127813   -1.353669    0.242019
     44          7           0       -1.127293   -1.352089    0.246891
     45          6           0       -0.774152   -2.767233    0.548230
     46          1           0       -1.214346   -3.426213   -0.198917
     47          1           0       -1.148308   -3.025590    1.539433
     48          6           0        0.773291   -2.778268    0.495264
     49          1           0        1.152981   -3.396465   -0.318124
     50          1           0        1.208041   -3.101093    1.440962
 ---------------------------------------------------------------------
                    Distance matrix (angstroms):
                    1          2          3          4          5
     1  C    0.000000
     2  C    2.368616   0.000000
     3  C    2.824246   1.379284   0.000000
     4  C    2.464068   2.395708   1.422732   0.000000
     5  C    1.414654   2.751784   2.458495   1.432366   0.000000
     6  C    4.242351   2.395820   1.422798   2.523727   3.800275
     7  C    5.020287   2.752166   2.458706   3.800388   4.909716
     8  C    4.725426   2.368705   2.824024   4.242067   5.019921
     9  C    5.099364   3.667160   2.411321   2.862959   4.293150
    10  C    4.903849   4.129126   2.749886   2.443676   3.788430
    11  C    3.799523   3.667077   2.411268   1.420878   2.532485
    12  H    6.158375   4.565926   3.409368   3.944617   5.375345
    13  H    5.877400   5.213587   3.834356   3.418544   4.667623
    14  H    4.207161   4.565782   3.409276   2.181348   2.807367
    15  C    1.504194   3.715530   4.325076   3.873841   2.576661
    16  H    2.124276   4.447901   4.838439   4.125769   2.726522
    17  H    2.134665   3.912244   4.770949   4.567588   3.404722
    18  C    2.541525   4.500715   5.104909   4.654493   3.416812
    19  H    2.821516   4.777037   5.111713   4.452323   3.251115
    20  H    3.468626   5.489662   6.146692   5.664100   4.355740
    21  H    2.827511   4.269917   5.041138   4.865371   3.842440
    22  C    2.532166   4.262457   3.847816   2.552560   1.510964
    23  H    2.660681   4.747351   4.574108   3.407142   2.145434
    24  H    3.359119   4.749342   4.081130   2.693996   2.136288
    25  C    3.406803   5.050096   4.609725   3.363723   2.545442
    26  H    4.332764   6.094123   5.617012   4.302070   3.478555
    27  H    3.854271   5.024070   4.373107   3.169964   2.819552
    28  H    3.251653   5.020576   4.842954   3.804354   2.826776
    29  C    6.514212   4.262925   3.848154   5.074927   6.301489
    30  H    6.849815   4.747924   4.080629   5.128245   6.449754
    31  H    7.074355   4.746070   4.573659   5.879094   7.018108
    32  C    7.226468   5.055033   4.612199   5.743566   6.974831
    33  H    7.217915   5.027894   4.846651   6.052053   7.147921
    34  H    6.995140   5.030371   4.376407   5.312729   6.581555
    35  H    8.285300   6.098134   5.618876   6.717476   7.992945
    36  C    5.985439   3.714706   4.324774   5.738857   6.443156
    37  H    6.772181   4.448289   4.838390   6.253141   7.098699
    38  H    5.991584   3.910486   4.768679   6.130537   6.644443
    39  C    6.653953   4.498358   5.106326   6.473489   7.141568
    40  H    7.616960   5.487877   6.147829   7.528959   8.172340
    41  H    6.963198   4.773593   5.113176   6.444023   7.261209
    42  H    6.192057   4.266877   5.043452   6.320065   6.807773
    43  N    1.363136   1.351041   2.404475   2.784202   2.390483
    44  N    3.537514   1.350871   2.403919   3.665954   4.096755
    45  C    3.732702   2.323390   3.652562   4.691547   4.713829
    46  H    4.458547   3.072616   4.337300   5.411331   5.450460
    47  H    4.393918   3.023857   4.274101   5.332356   5.373316
    48  C    2.573245   2.323695   3.653377   4.256060   3.824690
    49  H    2.912661   3.035764   4.295218   4.783326   4.211278
    50  H    2.896290   3.062641   4.319920   4.791391   4.204967
                    6          7          8          9         10
     6  C    0.000000
     7  C    1.432408   0.000000
     8  C    2.463679   1.414470   0.000000
     9  C    1.420867   2.532399   3.799081   0.000000
    10  C    2.443655   3.788388   4.903408   1.396394   0.000000
    11  C    2.862925   4.293169   5.098972   2.447791   1.396382
    12  H    2.181380   2.807242   4.206756   1.082369   2.142137
    13  H    3.418539   4.667569   5.876956   2.141074   1.084471
    14  H    3.944563   5.375343   6.157963   3.412901   2.142115
    15  C    5.739255   6.444120   5.986676   6.592890   6.311410
    16  H    6.253709   7.099505   6.771907   6.945998   6.478250
    17  H    6.133577   6.647889   5.993853   7.126218   6.996786
    18  C    6.470871   7.140765   6.657660   7.302872   7.004629
    19  H    6.440815   7.260360   6.968218   7.097026   6.647650
    20  H    7.526783   8.171631   7.620015   8.363132   8.028447
    21  H    6.316021   6.806137   6.197127   7.269449   7.155012
    22  C    5.074667   6.301349   6.513689   5.267650   4.410691
    23  H    5.879327   7.019036   7.076202   6.190248   5.392809
    24  H    5.128448   6.450737   6.851871   5.069698   4.034422
    25  C    5.741854   6.971715   7.219600   5.828685   4.903495
    26  H    6.716251   7.990481   8.279518   6.683268   5.629300
    27  H    5.310368   6.577234   6.985914   5.227381   4.263416
    28  H    6.049327   7.143128   7.207876   6.336609   5.586064
    29  C    2.552799   1.510970   2.532058   3.015125   4.410849
    30  H    2.694538   2.136020   3.358659   2.691659   4.036466
    31  H    3.407453   2.145175   2.660195   4.007917   5.394072
    32  C    3.363751   2.546085   3.407515   3.597853   4.900510
    33  H    3.804704   2.827903   3.253051   4.319977   5.582686
    34  H    3.169943   2.820266   3.854812   3.112244   4.258946
    35  H    4.301940   3.478950   4.333456   4.340277   5.626435
    36  C    3.874130   2.577361   1.504142   5.106789   6.311763
    37  H    4.126008   2.727908   2.124709   5.179066   6.477642
    38  H    4.566047   3.404942   2.134638   5.874242   6.994088
    39  C    4.657559   3.417869   2.540767   5.813575   7.010739
    40  H    5.666442   4.356413   3.468139   6.795014   8.033481
    41  H    4.456117   3.251810   2.819786   5.426069   6.655985
    42  H    4.869688   3.844038   2.827026   6.099631   7.163476
    43  N    3.666469   4.097254   3.537558   4.814585   5.002300
    44  N    2.783511   2.390124   1.362896   4.201683   5.001584
    45  C    4.254661   3.823367   2.571934   5.664624   6.366183
    46  H    4.811106   4.215865   2.899328   6.217622   6.992307
    47  H    4.758462   4.196089   2.906293   6.152172   6.910831
    48  C    4.692106   4.713873   3.732073   5.990840   6.367579
    49  H    5.356556   5.389376   4.402839   6.624614   6.946903
    50  H    5.390661   5.436281   4.449581   6.652193   6.962291
                   11         12         13         14         15
    11  C    0.000000
    12  H    3.412914   0.000000
    13  H    2.141046   2.443923   0.000000
    14  H    1.082348   4.279956   2.443884   0.000000
    15  C    5.106214   7.656914   7.233537   5.311952   0.000000
    16  H    5.179104   8.023725   7.310436   5.188446   1.090752
    17  H    5.876045   8.159816   7.964997   6.177360   1.092595
    18  C    5.808278   8.349157   7.893013   5.953677   1.546496
    19  H    5.418864   8.138397   7.448379   5.432343   2.195580
    20  H    6.790782   9.416548   8.895936   6.856423   2.164107
    21  H    6.092469   8.267644   8.094796   6.391987   2.199605
    22  C    3.014985   6.318969   5.044339   2.702913   3.007765
    23  H    4.006657   7.251585   6.038195   3.695127   2.598057
    24  H    2.689414   6.062741   4.504091   2.112940   3.955630
    25  C    3.600948   6.829994   5.412938   3.149131   3.718176
    26  H    4.343075   7.653730   5.991419   3.668824   4.420842
    27  H    3.116874   6.160081   4.685628   2.674411   4.473605
    28  H    4.323340   7.351076   6.197744   4.063373   3.310525
    29  C    5.267838   2.702989   5.044485   6.319131   7.950553
    30  H    5.070706   2.116882   4.506886   6.063927   8.320564
    31  H    6.190880   3.697086   6.039954   7.252349   8.447416
    32  C    5.827703   3.143472   5.408394   6.828545   8.653730
    33  H    6.335737   4.057350   6.192409   7.349590   8.566468
    34  H    5.225926   2.665817   4.678798   6.157962   8.440411
    35  H    6.682141   3.663735   5.987040   7.652152   9.722509
    36  C    6.592839   5.312915   7.234068   7.656796   7.104202
    37  H    6.945126   5.188772   7.309735   8.022558   7.960398
    38  H    7.122950   6.176223   7.962254   8.156126   6.952387
    39  C    7.307981   5.959604   7.900243   8.354887   7.697051
    40  H    8.367388   6.861201   8.901994   9.421409   8.592071
    41  H    7.103811   5.440606   7.458392   8.146080   8.108359
    42  H    7.276812   6.399720   8.104683   8.275913   7.103158
    43  N    4.202401   5.788245   6.063775   4.883817   2.449781
    44  N    4.813946   4.883144   6.063050   5.787605   4.693232
    45  C    5.989874   6.371251   7.443658   6.871703   4.466716
    46  H    6.679225   6.852642   8.057028   7.574183   5.091038
    47  H    6.592666   6.793908   7.971534   7.481436   5.050762
    48  C    5.666185   6.872579   7.445169   6.372970   2.991547
    49  H    6.184684   7.514353   8.011034   6.827360   2.995252
    50  H    6.191203   7.546077   8.024070   6.825665   2.978130
                   16         17         18         19         20
    16  H    0.000000
    17  H    1.744237   0.000000
    18  C    2.172275   2.172636   0.000000
    19  H    2.536065   3.087764   1.093133   0.000000
    20  H    2.481849   2.476648   1.092900   1.773045   0.000000
    21  H    3.089902   2.544888   1.093286   1.769782   1.770709
    22  C    2.638776   3.979105   3.657251   3.212064   4.383436
    23  H    2.140138   3.637572   2.927304   2.386252   3.511203
    24  H    3.663267   4.974378   4.349134   3.684669   5.108523
    25  C    3.014630   4.462300   4.697586   4.438977   5.233708
    26  H    3.576977   5.198950   5.205142   4.821301   5.601176
    27  H    3.903642   5.146724   5.548986   5.306494   6.178610
    28  H    2.499456   3.842882   4.502277   4.488995   4.916720
    29  C    8.583845   8.152120   8.625299   8.701709   9.664991
    30  H    8.912966   8.650076   8.903094   8.846729   9.974219
    31  H    9.174389   8.579349   9.020365   9.150490  10.042184
    32  C    9.180564   8.775348   9.531448   9.664419  10.536834
    33  H    9.116103   8.552149   9.518458   9.772593  10.473058
    34  H    8.849584   8.625622   9.406530   9.484722  10.407943
    35  H   10.253888   9.855934  10.561537  10.664629  11.578668
    36  C    7.958260   6.952205   7.702146   8.115837   8.596008
    37  H    8.749923   7.818624   8.650997   9.033746   9.560628
    38  H    7.815174   6.635593   7.610611   8.159616   8.414655
    39  C    8.645313   7.602428   8.008254   8.365844   8.896627
    40  H    9.555498   8.407573   8.899021   9.316844   9.737060
    41  H    9.026996   8.149478   8.360330   8.584435   9.309025
    42  H    8.107711   7.002803   7.257627   7.640238   8.105550
    43  N    3.288247   2.578365   3.308728   3.769333   4.229039
    44  N    5.526352   4.649339   5.387883   5.796138   6.313861
    45  C    5.400741   4.120189   5.082158   5.732187   5.841111
    46  H    6.104902   4.762496   5.422203   6.057797   6.150780
    47  H    5.892243   4.536480   5.842037   6.569525   6.512752
    48  C    3.959957   2.598164   3.642561   4.398747   4.345825
    49  H    4.062679   2.655386   3.165351   3.967036   3.799449
    50  H    3.791476   2.247146   3.873004   4.759532   4.375713
                   21         22         23         24         25
    21  H    0.000000
    22  C    4.393686   0.000000
    23  H    3.803655   1.091202   0.000000
    24  H    5.003463   1.092626   1.738856   0.000000
    25  C    5.540881   1.544867   2.168169   2.169896   0.000000
    26  H    6.140782   2.169954   2.479460   2.482896   1.093550
    27  H    6.291302   2.193786   3.083932   2.537163   1.093920
    28  H    5.369485   2.195353   2.539262   3.086886   1.094078
    29  C    8.262816   7.622614   8.398130   7.662044   8.234675
    30  H    8.570086   7.661737   8.464032   7.544748   8.335536
    31  H    8.537367   8.397691   9.095847   8.465194   9.097074
    32  C    9.269203   8.235917   9.099695   8.334649   8.584137
    33  H    9.236431   8.467513   9.288328   8.700987   8.745362
    34  H    9.268184   7.725843   8.660418   7.792689   7.936759
    35  H   10.271082   9.224190  10.102880   9.257360   9.576524
    36  C    7.110962   7.949509   8.449295   8.323297   8.644202
    37  H    8.115733   8.582237   9.175666   8.914073   9.171058
    38  H    7.016054   8.147734   8.578873   8.649522   8.760426
    39  C    7.258606   8.628073   9.025048   8.911887   9.526198
    40  H    8.109887   9.667393  10.047057   9.982677  10.530194
    41  H    7.633437   8.705339   9.154829   8.856445   9.662209
    42  H    6.428993   8.267328   8.543689   8.582024   9.264971
    43  N    3.156087   3.773933   4.000642   4.481719   4.580374
    44  N    4.948640   5.606045   6.043520   6.091493   6.348391
    45  C    4.522904   6.150399   6.373235   6.800745   6.867316
    46  H    4.674322   6.873746   7.013585   7.455814   7.731467
    47  H    5.366299   6.782982   7.051943   7.502411   7.301203
    48  C    3.205672   5.103241   5.147297   5.875481   5.835665
    49  H    2.475514   5.365987   5.214874   6.090000   6.273031
    50  H    3.633929   5.339335   5.345173   6.240044   5.823338
                   26         27         28         29         30
    26  H    0.000000
    27  H    1.773075   0.000000
    28  H    1.772356   1.769689   0.000000
    29  C    9.223341   7.724100   8.465268   0.000000
    30  H    9.258844   7.794564   8.700884   1.092681   0.000000
    31  H   10.101109   8.657339   9.283576   1.091254   1.738987
    32  C    9.575826   7.935122   8.746492   1.544840   2.170014
    33  H    9.777647   8.138044   8.771327   2.195277   3.086930
    34  H    8.889975   7.197289   8.142170   2.193982   2.537880
    35  H   10.543550   8.889641   9.779663   2.169856   2.482625
    36  C    9.714280   8.428044   8.552456   3.009132   3.957812
    37  H   10.245178   8.837076   9.103090   2.641978   3.667580
    38  H    9.842057   8.607082   8.532398   3.981125   4.976686
    39  C   10.558597   9.399535   9.506893   3.657498   4.351167
    40  H   11.574273  10.399041  10.459912   4.383330   5.110404
    41  H   10.664939   9.481825   9.764291   3.211602   3.686543
    42  H   10.269700   9.262453   9.224650   4.394141   5.005443
    43  N    5.578977   4.825830   4.373114   5.606669   6.089260
    44  N    7.407210   6.282660   6.233403   3.773663   4.480126
    45  C    7.901582   6.980299   6.554905   5.101556   5.876678
    46  H    8.737385   7.892560   7.466851   5.358131   6.098479
    47  H    8.355157   7.347486   6.876071   5.341574   6.241999
    48  C    6.803975   6.150319   5.444297   6.150683   6.793686
    49  H    7.156778   6.723303   5.926341   6.807485   7.376146
    50  H    6.770524   6.168621   5.242278   6.852127   7.560774
                   31         32         33         34         35
    31  H    0.000000
    32  C    2.168048   0.000000
    33  H    2.538689   1.094061   0.000000
    34  H    3.084025   1.093913   1.769588   0.000000
    35  H    2.479533   1.093551   1.772347   1.773044   0.000000
    36  C    2.600520   3.717337   3.308111   4.471971   4.420971
    37  H    2.146311   3.013770   2.495215   3.901307   3.577966
    38  H    3.641266   4.463120   3.842991   5.145815   5.201252
    39  C    2.926872   4.695036   4.497447   5.547001   5.202675
    40  H    3.511096   5.229874   4.910035   6.175065   5.597537
    41  H    2.383980   4.435787   4.483466   5.304562   4.817806
    42  H    3.802727   5.539322   5.366106   6.290598   6.138964
    43  N    6.041348   6.356081   6.244640   6.292770   7.413668
    44  N    3.999112   4.583237   4.377947   4.829204   5.581315
    45  C    5.148099   5.827181   5.432563   6.139581   6.796814
    46  H    5.199844   6.244168   5.879267   6.701015   7.126207
    47  H    5.369650   5.807376   5.225133   6.133380   6.763254
    48  C    6.366192   6.885904   6.582623   7.004911   7.917301
    49  H    6.935815   7.694301   7.447001   7.866673   8.693269
    50  H    7.108893   7.401369   6.988409   7.456541   8.453175
                   36         37         38         39         40
    36  C    0.000000
    37  H    1.090743   0.000000
    38  H    1.092689   1.744651   0.000000
    39  C    1.546485   2.172436   2.172374   0.000000
    40  H    2.164188   2.481288   2.477461   1.092902   0.000000
    41  H    2.195648   2.537256   3.087711   1.093136   1.773047
    42  H    2.199327   3.089814   2.543205   1.093327   1.770889
    43  N    4.691682   5.526970   4.647611   5.381831   6.308885
    44  N    2.448543   3.288059   2.576950   3.305566   4.226801
    45  C    2.988708   3.952334   2.587002   3.652691   4.354132
    46  H    2.943123   4.004108   2.566808   3.142055   3.757237
    47  H    3.025423   3.822451   2.302271   3.951520   4.463807
    48  C    4.462961   5.405090   4.123749   5.056483   5.819191
    49  H    5.035210   6.057870   4.730646   5.330309   6.068551
    50  H    5.098469   5.958636   4.587598   5.850390   6.522782
                   41         42         43         44         45
    41  H    0.000000
    42  H    1.769810   0.000000
    43  N    5.788370   4.940065   0.000000
    44  N    3.764973   3.152196   2.255112   0.000000
    45  C    4.410097   3.223399   2.389434   1.489344   0.000000
    46  H    3.964984   2.477001   3.158413   2.123279   1.089153
    47  H    4.827069   3.724257   3.107946   2.114641   1.090515
    48  C    5.701603   4.484278   1.489731   2.389120   1.548388
    49  H    5.950529   4.567187   2.118351   3.114220   2.204619
    50  H    6.576473   5.345841   2.120706   3.152555   2.199436
                   46         47         48         49         50
    46  H    0.000000
    47  H    1.785138   0.000000
    48  C    2.202821   2.200909   0.000000
    49  H    2.370513   2.980603   1.089923   0.000000
    50  H    2.943275   2.359614   1.089756   1.784561   0.000000
 Stoichiometry    C21H27N2(2+,2)
 Framework group  C1[X(C21H27N2)]
 Deg. of freedom   144
 Full point group                 C1      NOp   1
 Largest Abelian subgroup         C1      NOp   1
 Largest concise Abelian subgroup C1      NOp   1
                         Standard orientation:                         
 ---------------------------------------------------------------------
 Center     Atomic      Atomic             Coordinates (Angstroms)
 Number     Number       Type             X           Y           Z
 ---------------------------------------------------------------------
      1          6           0        2.363045   -0.786071    0.138080
      2          6           0        0.000386   -0.620454    0.110517
      3          6           0        0.000285    0.737298   -0.132249
      4          6           0        1.262090    1.385274   -0.242438
      5          6           0        2.455041    0.603448   -0.110957
      6          6           0       -1.261635    1.384657   -0.245553
      7          6           0       -2.454672    0.602480   -0.116501
      8          6           0       -2.362380   -0.785242    0.141248
      9          6           0       -1.223739    2.785082   -0.482694
     10          6           0        0.000129    3.448874   -0.589661
     11          6           0        1.224048    2.785918   -0.478329
     12          1           0       -2.139845    3.352989   -0.581469
     13          1           0        0.000101    4.518491   -0.768535
     14          1           0        2.140103    3.354506   -0.573343
     15          6           0        3.553126   -1.698349    0.256632
     16          1           0        4.375517   -1.147116    0.714404
     17          1           0        3.319790   -2.516826    0.941769
     18          6           0        4.005763   -2.274214   -1.105406
     19          1           0        4.294303   -1.479629   -1.798456
     20          1           0        4.870036   -2.923942   -0.946294
     21          1           0        3.216471   -2.865757   -1.576967
     22          6           0        3.811369    1.263517   -0.198681
     23          1           0        4.549247    0.552724   -0.574222
     24          1           0        3.773786    2.065567   -0.939718
     25          6           0        4.288528    1.833806    1.155462
     26          1           0        5.268465    2.302323    1.028697
     27          1           0        3.593876    2.588063    1.536535
     28          1           0        4.380309    1.047488    1.910635
     29          6           0       -3.811229    1.260722   -0.213982
     30          1           0       -3.770930    2.057882   -0.960217
     31          1           0       -4.546588    0.546570   -0.588240
     32          6           0       -4.295581    1.839306    1.134044
     33          1           0       -4.390996    1.057674    1.893595
     34          1           0       -3.603374    2.596238    1.514239
     35          1           0       -5.275043    2.306551    0.999180
     36          6           0       -3.551067   -1.698184    0.267752
     37          1           0       -4.374402   -1.145054    0.721498
     38          1           0       -3.315779   -2.511401    0.958611
     39          6           0       -4.002468   -2.285183   -1.089924
     40          1           0       -4.866999   -2.933482   -0.926430
     41          1           0       -4.290111   -1.496365   -1.789905
     42          1           0       -3.212469   -2.880556   -1.555538
     43          7           0        1.127838   -1.353089    0.242465
     44          7           0       -1.127268   -1.351564    0.247366
     45          6           0       -0.774085   -2.766508    0.549594
     46          1           0       -1.214273   -3.425972   -0.197130
     47          1           0       -1.148222   -3.024248    1.540965
     48          6           0        0.773357   -2.777536    0.496614
     49          1           0        1.153052   -3.396238   -0.316388
     50          1           0        1.208128   -3.099753    1.442511
 ---------------------------------------------------------------------
 Rotational constants (GHZ):      0.4025514      0.2127271      0.1492034
 Standard basis: 6-31++G(d,p) (6D, 7F)
 There are   599 symmetry adapted basis functions of A   symmetry.
 Integral buffers will be    262144 words long.
 Raffenetti 2 integral format.
 Two-electron integral symmetry is turned on.
   599 basis functions,   952 primitive gaussians,   599 cartesian basis functions
    83 alpha electrons       82 beta electrons
       nuclear repulsion energy      1994.7747912357 Hartrees.
 NAtoms=   50 NActive=   50 NUniq=   50 SFac= 7.50D-01 NAtFMM=   80 NAOKFM=F Big=F
 ------------------------------------------------------------------------------
 Polarizable Continuum Model (PCM)
 =================================
 Model                : C-PCM.
 Atomic radii         : UFF (Universal Force Field).
 Polarization charges : Total charges.
 Charge compensation  : None.
 Solution method      : Matrix inversion.
 Cavity type          : Scaled VdW (van der Waals Surface) (Alpha=1.100).
 Cavity algorithm     : GePol (No added spheres)
                        Default sphere list used, NSphG=   50.
                        Lebedev-Laikov grids with approx.  5.0 points / Ang**2.
                        Smoothing algorithm: Karplus/York (Gamma=1.0000).
                        Polarization charges: spherical gaussians, with
                                              point-specific exponents (IZeta= 3).
                        Self-potential: point-specific (ISelfS= 7).
                        Self-field    : sphere-specific E.n sum rule (ISelfD= 2).
 1st derivatives      : Analytical E(r).r(x)/FMM algorithm (CHGder, D1EAlg=3).
                        Cavity 1st derivative terms included.
 Solvent              : Water, Eps=  78.355300 Eps(inf)=   1.777849
 ------------------------------------------------------------------------------
 One-electron integrals computed using PRISM.
 NBasis=   599 RedAO= T  NBF=   599
 NBsUse=   590 1.00D-06 NBFU=   590
 Initial guess read from the read-write file.
 B after Tr=     0.000000    0.000000    0.000000
         Rot=    1.000000    0.000000    0.000000    0.000000 Ang=   0.00 deg.
 Initial guess orbital symmetries:
 Alpha Orbitals:
       Occupied  (A) (A) (A) (A) (A) (A) (A) (A) (A) (A) (A) (A)
                 (A) (A) (A) (A) (A) (A) (A) (A) (A) (A) (A) (A)
                 (A) (A) (A) (A) (A) (A) (A) (A) (A) (A) (A) (A)
                 (A) (A) (A) (A) (A) (A) (A) (A) (A) (A) (A) (A)
                 (A) (A) (A) (A) (A) (A) (A) (A) (A) (A) (A) (A)
                 (A) (A) (A) (A) (A) (A) (A) (A) (A) (A) (A) (A)
                 (A) (A) (A) (A) (A) (A) (A) (A) (A) (A) (A)
       Virtual   (A) (A) (A) (A) (A) (A) (A) (A) (A) (A) (A) (A)
                 (A) (A) (A) (A) (A) (A) (A) (A) (A) (A) (A) (A)
                 (A) (A) (A) (A) (A) (A) (A) (A) (A) (A) (A) (A)
                 (A) (A) (A) (A) (A) (A) (A) (A) (A) (A) (A) (A)
                 (A) (A) (A) (A) (A) (A) (A) (A) (A) (A) (A) (A)
                 (A) (A) (A) (A) (A) (A) (A) (A) (A) (A) (A) (A)
                 (A) (A) (A) (A) (A) (A) (A) (A) (A) (A) (A) (A)
                 (A) (A) (A) (A) (A) (A) (A) (A) (A) (A) (A) (A)
                 (A) (A) (A) (A) (A) (A) (A) (A) (A) (A) (A) (A)
                 (A) (A) (A) (A) (A) (A) (A) (A) (A) (A) (A) (A)
                 (A) (A) (A) (A) (A) (A) (A) (A) (A) (A) (A) (A)
                 (A) (A) (A) (A) (A) (A) (A) (A) (A) (A) (A) (A)
                 (A) (A) (A) (A) (A) (A) (A) (A) (A) (A) (A) (A)
                 (A) (A) (A) (A) (A) (A) (A) (A) (A) (A) (A) (A)
                 (A) (A) (A) (A) (A) (A) (A) (A) (A) (A) (A) (A)
                 (A) (A) (A) (A) (A) (A) (A) (A) (A) (A) (A) (A)
                 (A) (A) (A) (A) (A) (A) (A) (A) (A) (A) (A) (A)
                 (A) (A) (A) (A) (A) (A) (A) (A) (A) (A) (A) (A)
                 (A) (A) (A) (A) (A) (A) (A) (A) (A) (A) (A) (A)
                 (A) (A) (A) (A) (A) (A) (A) (A) (A) (A) (A) (A)
                 (A) (A) (A) (A) (A) (A) (A) (A) (A) (A) (A) (A)
                 (A) (A) (A) (A) (A) (A) (A) (A) (A) (A) (A) (A)
                 (A) (A) (A) (A) (A) (A) (A) (A) (A) (A) (A) (A)
                 (A) (A) (A) (A) (A) (A) (A) (A) (A) (A) (A) (A)
                 (A) (A) (A) (A) (A) (A) (A) (A) (A) (A) (A) (A)
                 (A) (A) (A) (A) (A) (A) (A) (A) (A) (A) (A) (A)
                 (A) (A) (A) (A) (A) (A) (A) (A) (A) (A) (A) (A)
                 (A) (A) (A) (A) (A) (A) (A) (A) (A) (A) (A) (A)
                 (A) (A) (A) (A) (A) (A) (A) (A) (A) (A) (A) (A)
                 (A) (A) (A) (A) (A) (A) (A) (A) (A) (A) (A) (A)
                 (A) (A) (A) (A) (A) (A) (A) (A) (A) (A) (A) (A)
                 (A) (A) (A) (A) (A) (A) (A) (A) (A) (A) (A) (A)
                 (A) (A) (A) (A) (A) (A) (A) (A) (A) (A) (A) (A)
                 (A) (A) (A) (A) (A) (A) (A) (A) (A) (A) (A) (A)
                 (A) (A) (A) (A) (A) (A) (A) (A) (A) (A) (A) (A)
                 (A) (A) (A) (A) (A) (A) (A) (A) (A) (A) (A) (A)
                 (A) (A) (A) (A) (A) (A) (A) (A) (A) (A) (A) (A)
                 (A) (A) (A) (A) (A) (A) (A) (A) (A) (A) (A) (A)
                 (A) (A) (A) (A) (A) (A) (A) (A) (A) (A) (A) (A)
                 (A) (A) (A) (A) (A) (A) (A) (A) (A) (A) (A) (A)
                 (A) (A) (A) (A) (A) (A) (A) (A) (A) (A) (A) (A)
                 (A) (A) (A) (A) (A) (A) (A) (A) (A) (A) (A) (A)
                 (A) (A) (A)
 Beta  Orbitals:
       Occupied  (A) (A) (A) (A) (A) (A) (A) (A) (A) (A) (A) (A)
                 (A) (A) (A) (A) (A) (A) (A) (A) (A) (A) (A) (A)
                 (A) (A) (A) (A) (A) (A) (A) (A) (A) (A) (A) (A)
                 (A) (A) (A) (A) (A) (A) (A) (A) (A) (A) (A) (A)
                 (A) (A) (A) (A) (A) (A) (A) (A) (A) (A) (A) (A)
                 (A) (A) (A) (A) (A) (A) (A) (A) (A) (A) (A) (A)
                 (A) (A) (A) (A) (A) (A) (A) (A) (A) (A)
       Virtual   (A) (A) (A) (A) (A) (A) (A) (A) (A) (A) (A) (A)
                 (A) (A) (A) (A) (A) (A) (A) (A) (A) (A) (A) (A)
                 (A) (A) (A) (A) (A) (A) (A) (A) (A) (A) (A) (A)
                 (A) (A) (A) (A) (A) (A) (A) (A) (A) (A) (A) (A)
                 (A) (A) (A) (A) (A) (A) (A) (A) (A) (A) (A) (A)
                 (A) (A) (A) (A) (A) (A) (A) (A) (A) (A) (A) (A)
                 (A) (A) (A) (A) (A) (A) (A) (A) (A) (A) (A) (A)
                 (A) (A) (A) (A) (A) (A) (A) (A) (A) (A) (A) (A)
                 (A) (A) (A) (A) (A) (A) (A) (A) (A) (A) (A) (A)
                 (A) (A) (A) (A) (A) (A) (A) (A) (A) (A) (A) (A)
                 (A) (A) (A) (A) (A) (A) (A) (A) (A) (A) (A) (A)
                 (A) (A) (A) (A) (A) (A) (A) (A) (A) (A) (A) (A)
                 (A) (A) (A) (A) (A) (A) (A) (A) (A) (A) (A) (A)
                 (A) (A) (A) (A) (A) (A) (A) (A) (A) (A) (A) (A)
                 (A) (A) (A) (A) (A) (A) (A) (A) (A) (A) (A) (A)
                 (A) (A) (A) (A) (A) (A) (A) (A) (A) (A) (A) (A)
                 (A) (A) (A) (A) (A) (A) (A) (A) (A) (A) (A) (A)
                 (A) (A) (A) (A) (A) (A) (A) (A) (A) (A) (A) (A)
                 (A) (A) (A) (A) (A) (A) (A) (A) (A) (A) (A) (A)
                 (A) (A) (A) (A) (A) (A) (A) (A) (A) (A) (A) (A)
                 (A) (A) (A) (A) (A) (A) (A) (A) (A) (A) (A) (A)
                 (A) (A) (A) (A) (A) (A) (A) (A) (A) (A) (A) (A)
                 (A) (A) (A) (A) (A) (A) (A) (A) (A) (A) (A) (A)
                 (A) (A) (A) (A) (A) (A) (A) (A) (A) (A) (A) (A)
                 (A) (A) (A) (A) (A) (A) (A) (A) (A) (A) (A) (A)
                 (A) (A) (A) (A) (A) (A) (A) (A) (A) (A) (A) (A)
                 (A) (A) (A) (A) (A) (A) (A) (A) (A) (A) (A) (A)
                 (A) (A) (A) (A) (A) (A) (A) (A) (A) (A) (A) (A)
                 (A) (A) (A) (A) (A) (A) (A) (A) (A) (A) (A) (A)
                 (A) (A) (A) (A) (A) (A) (A) (A) (A) (A) (A) (A)
                 (A) (A) (A) (A) (A) (A) (A) (A) (A) (A) (A) (A)
                 (A) (A) (A) (A) (A) (A) (A) (A) (A) (A) (A) (A)
                 (A) (A) (A) (A) (A) (A) (A) (A) (A) (A) (A) (A)
                 (A) (A) (A) (A) (A) (A) (A) (A) (A) (A) (A) (A)
                 (A) (A) (A) (A) (A) (A) (A) (A) (A) (A) (A) (A)
                 (A) (A) (A) (A) (A) (A) (A) (A) (A) (A) (A) (A)
                 (A) (A) (A) (A) (A) (A) (A) (A) (A) (A) (A) (A)
                 (A) (A) (A) (A) (A) (A) (A) (A) (A) (A) (A) (A)
                 (A) (A) (A) (A) (A) (A) (A) (A) (A) (A) (A) (A)
                 (A) (A) (A) (A) (A) (A) (A) (A) (A) (A) (A) (A)
                 (A) (A) (A) (A) (A) (A) (A) (A) (A) (A) (A) (A)
                 (A) (A) (A) (A) (A) (A) (A) (A) (A) (A) (A) (A)
                 (A) (A) (A) (A)
 Initial guess <Sx>= 0.0000 <Sy>= 0.0000 <Sz>= 0.5000 <S**2>= 0.7760 S= 0.5129
 Requested convergence on RMS density matrix=1.00D-08 within 128 cycles.
 Requested convergence on MAX density matrix=1.00D-06.
 Requested convergence on             energy=1.00D-06.
 No special actions if energy rises.
 Error on total polarization charges =  0.01554
 SCF Done:  E(UB3LYP) =  -925.764587239     A.U. after   10 cycles
             Convg  =    0.4660D-08             -V/T =  2.0099
 <Sx>= 0.0000 <Sy>= 0.0000 <Sz>= 0.5000 <S**2>= 0.7760 S= 0.5129
 <L.S>= 0.000000000000E+00
 Annihilation of the first spin contaminant:
 S**2 before annihilation     0.7760,   after     0.7505
 DiagDN has N=   599 LTot=  1829 but NE2=     3 cannot use DSYEVD.
 D1PCM: C-PCM CHGder 1st derivatives, ID1Alg=3 FixD1E=F DoIter=F DoCFld=F I1PDM=0.
 Calling FoFJK, ICntrl=      2127 FMM=F ISym2X=0 I1Cent= 0 IOpClX= 1 NMat=1 NMatS=1 NMatT=0.
 ***** Axes restored to original set *****
 -------------------------------------------------------------------
 Center     Atomic                   Forces (Hartrees/Bohr)
 Number     Number              X              Y              Z
 -------------------------------------------------------------------
      1        6          -0.000037855   -0.000068246   -0.000042162
      2        6           0.000006394   -0.000015009   -0.000022225
      3        6          -0.000000713    0.000001592   -0.000012888
      4        6          -0.000015027   -0.000024290    0.000048623
      5        6           0.000007625    0.000033790   -0.000025841
      6        6           0.000011889   -0.000026881    0.000050582
      7        6          -0.000004789    0.000032390   -0.000038784
      8        6           0.000041792   -0.000067992   -0.000033762
      9        6           0.000001286    0.000021424    0.000000935
     10        6          -0.000001130   -0.000009899   -0.000011691
     11        6          -0.000000047    0.000020159    0.000000530
     12        1          -0.000025723   -0.000012481   -0.000009196
     13        1          -0.000000922    0.000000916    0.000003326
     14        1           0.000024217   -0.000009912   -0.000012986
     15        6           0.000004756   -0.000004095    0.000001570
     16        1          -0.000016502   -0.000022415    0.000026372
     17        1          -0.000019257   -0.000014538   -0.000006323
     18        6          -0.000013597   -0.000014134    0.000022296
     19        1          -0.000000203   -0.000004262   -0.000006105
     20        1           0.000003406   -0.000000447    0.000000987
     21        1          -0.000001805    0.000002959   -0.000003054
     22        6           0.000008114    0.000017962    0.000035024
     23        1          -0.000009728    0.000068782    0.000018407
     24        1          -0.000039373    0.000026016   -0.000047424
     25        6           0.000013193    0.000002108   -0.000041621
     26        1           0.000000981    0.000006438   -0.000004859
     27        1           0.000016887   -0.000006937    0.000025734
     28        1          -0.000002874   -0.000013330   -0.000008285
     29        6          -0.000011155    0.000013949    0.000051798
     30        1           0.000039471    0.000023606   -0.000045245
     31        1           0.000009763    0.000063729    0.000026542
     32        6          -0.000009950    0.000000057   -0.000038443
     33        1           0.000004104   -0.000013186   -0.000003942
     34        1          -0.000018019   -0.000006584    0.000030711
     35        1          -0.000000721    0.000005307    0.000000810
     36        6          -0.000004389   -0.000006470    0.000008948
     37        1           0.000013995   -0.000013858    0.000036306
     38        1           0.000014366   -0.000011711   -0.000009289
     39        6           0.000009122   -0.000020106    0.000021121
     40        1          -0.000003406   -0.000000150    0.000003627
     41        1          -0.000000540   -0.000008899   -0.000001985
     42        1           0.000008945   -0.000000172    0.000003239
     43        7           0.000015350    0.000026091   -0.000011349
     44        7          -0.000017836    0.000020457   -0.000011554
     45        6          -0.000008596   -0.000005359    0.000029392
     46        1          -0.000011378    0.000009264   -0.000007846
     47        1          -0.000007765    0.000002038   -0.000005373
     48        6           0.000012834   -0.000013394    0.000016678
     49        1           0.000000275    0.000007406   -0.000001899
     50        1           0.000014538    0.000008318    0.000000577
 -------------------------------------------------------------------
 Cartesian Forces:  Max     0.000068782 RMS     0.000021693

 GradGradGradGradGradGradGradGradGradGradGradGradGradGradGradGradGradGrad
 Berny optimization.
 Using GEDIIS/GDIIS optimizer.
 Internal  Forces:  Max     0.000208108 RMS     0.000035657
 Search for a local minimum.
 Step number   2 out of a maximum of  300
 All quantities printed in internal units (Hartrees-Bohrs-Radians)
 Mixed Optimization -- En-DIIS/RFO-DIIS
 Swaping is turned off.
 Update second derivatives using D2CorX and points    1    2
 DE= -1.63D-06 DEPred=-2.82D-06 R= 5.79D-01
 SS=  1.41D+00  RLast= 2.24D-02 DXNew= 5.0454D-01 6.7149D-02
 Trust test= 5.79D-01 RLast= 2.24D-02 DXMaxT set to 3.00D-01
     Eigenvalues ---    0.00229   0.00230   0.00230   0.00233   0.00452
     Eigenvalues ---    0.00621   0.00695   0.00710   0.00745   0.01287
     Eigenvalues ---    0.01349   0.01373   0.01457   0.01538   0.01558
     Eigenvalues ---    0.01595   0.01741   0.01812   0.01824   0.01836
     Eigenvalues ---    0.01937   0.01965   0.02006   0.02015   0.02065
     Eigenvalues ---    0.02137   0.02248   0.03939   0.03955   0.04002
     Eigenvalues ---    0.04003   0.04063   0.04156   0.05312   0.05324
     Eigenvalues ---    0.05331   0.05338   0.05342   0.05344   0.05370
     Eigenvalues ---    0.05374   0.05514   0.05579   0.05591   0.05631
     Eigenvalues ---    0.05632   0.05816   0.08057   0.08204   0.08278
     Eigenvalues ---    0.09393   0.09421   0.09446   0.09455   0.10287
     Eigenvalues ---    0.12781   0.12882   0.12885   0.13204   0.15682
     Eigenvalues ---    0.16000   0.16000   0.16000   0.16000   0.16000
     Eigenvalues ---    0.16000   0.16000   0.16000   0.16000   0.16000
     Eigenvalues ---    0.16000   0.16000   0.16000   0.16071   0.21278
     Eigenvalues ---    0.21902   0.21918   0.21921   0.22144   0.22880
     Eigenvalues ---    0.23522   0.24763   0.24836   0.24952   0.24980
     Eigenvalues ---    0.24984   0.24990   0.24992   0.24995   0.24999
     Eigenvalues ---    0.27137   0.27908   0.27944   0.28060   0.28102
     Eigenvalues ---    0.30512   0.31252   0.31387   0.31700   0.31936
     Eigenvalues ---    0.31968   0.33272   0.34330   0.34349   0.34355
     Eigenvalues ---    0.34371   0.34406   0.34406   0.34422   0.34433
     Eigenvalues ---    0.34452   0.34456   0.34478   0.34479   0.34491
     Eigenvalues ---    0.34503   0.34515   0.34517   0.34630   0.34683
     Eigenvalues ---    0.34723   0.34725   0.34752   0.34822   0.34838
     Eigenvalues ---    0.34911   0.35460   0.35670   0.35708   0.36401
     Eigenvalues ---    0.37769   0.38333   0.39787   0.41231   0.42298
     Eigenvalues ---    0.42548   0.43003   0.44765   0.45773   0.45875
     Eigenvalues ---    0.48709   0.50323   0.51600   0.522581000.00000
     Eigenvalues --- 1000.000001000.000001000.000001000.000001000.00000
     Eigenvalues --- 1000.000001000.000001000.000001000.000001000.00000
     Eigenvalues --- 1000.000001000.000001000.000001000.000001000.00000
     Eigenvalues --- 1000.000001000.000001000.000001000.000001000.00000
     Eigenvalues --- 1000.000001000.000001000.000001000.000001000.00000
     Eigenvalues --- 1000.000001000.000001000.000001000.000001000.00000
     Eigenvalues --- 1000.000001000.000001000.000001000.000001000.00000
     Eigenvalues --- 1000.000001000.000001000.000001000.000001000.00000
     Eigenvalues --- 1000.000001000.000001000.000001000.000001000.00000
     Eigenvalues --- 1000.000001000.000001000.000001000.000001000.00000
     Eigenvalues --- 1000.000001000.000001000.000001000.000001000.00000
     Eigenvalues --- 1000.000001000.000001000.000001000.000001000.00000
     Eigenvalues --- 1000.000001000.000001000.000001000.000001000.00000
     Eigenvalues --- 1000.000001000.000001000.000001000.000001000.00000
     Eigenvalues --- 1000.000001000.000001000.000001000.000001000.00000
     Eigenvalues --- 1000.000001000.000001000.000001000.000001000.00000
     Eigenvalues --- 1000.000001000.000001000.000001000.000001000.00000
     Eigenvalues --- 1000.000001000.000001000.000001000.000001000.00000
     Eigenvalues --- 1000.000001000.000001000.000001000.000001000.00000
     Eigenvalues --- 1000.000001000.000001000.000001000.000001000.00000
     Eigenvalues --- 1000.000001000.000001000.000001000.000001000.00000
     Eigenvalues --- 1000.000001000.000001000.000001000.000001000.00000
     Eigenvalues --- 1000.000001000.000001000.000001000.000001000.00000
     Eigenvalues --- 1000.000001000.000001000.000001000.000001000.00000
     Eigenvalues --- 1000.000001000.000001000.000001000.000001000.00000
     Eigenvalues --- 1000.000001000.000001000.000001000.000001000.00000
     Eigenvalues --- 1000.000001000.000001000.000001000.000001000.00000
     Eigenvalues --- 1000.000001000.000001000.000001000.000001000.00000
     Eigenvalues --- 1000.000001000.000001000.000001000.000001000.00000
     Eigenvalues --- 1000.000001000.000001000.00000
 En-DIIS/RFO-DIIS IScMMF=        0 using points:     2    1
 RFO step:  Lambda=-7.04895199D-07.
 DIIS coeffs:      0.69684      0.30316
 Iteration  1 RMS(Cart)=  0.00151548 RMS(Int)=  0.00000116
 Iteration  2 RMS(Cart)=  0.00000155 RMS(Int)=  0.00000004
 Iteration  3 RMS(Cart)=  0.00000000 RMS(Int)=  0.00000004
 Variable       Old X    -DE/DX   Delta X   Delta X   Delta X     New X
                                  (DIIS)     (GDIIS)  (Total)
    R1        2.67331   0.00013   0.00005   0.00014   0.00019   2.67350
    R2        2.84251   0.00001   0.00003  -0.00004  -0.00001   2.84251
    R3        2.57595  -0.00005  -0.00001  -0.00004  -0.00005   2.57590
    R4        2.60647  -0.00004  -0.00008   0.00005  -0.00003   2.60644
    R5        2.55310  -0.00003  -0.00002  -0.00002  -0.00004   2.55305
    R6        2.55278  -0.00002  -0.00002  -0.00002  -0.00004   2.55274
    R7        2.68857  -0.00004   0.00003  -0.00013  -0.00010   2.68848
    R8        2.68870  -0.00004   0.00003  -0.00012  -0.00009   2.68861
    R9        2.70678  -0.00003   0.00001  -0.00007  -0.00005   2.70672
   R10        2.68507   0.00001  -0.00003   0.00007   0.00003   2.68510
   R11        2.85531   0.00003   0.00001   0.00005   0.00006   2.85537
   R12        2.70686  -0.00003   0.00001  -0.00007  -0.00006   2.70680
   R13        2.68505   0.00001  -0.00003   0.00006   0.00003   2.68508
   R14        2.67296   0.00012   0.00005   0.00013   0.00018   2.67314
   R15        2.85532   0.00003  -0.00001   0.00007   0.00006   2.85538
   R16        2.84242   0.00001   0.00005  -0.00006  -0.00001   2.84241
   R17        2.57550  -0.00005   0.00000  -0.00006  -0.00006   2.57544
   R18        2.63880   0.00000  -0.00001   0.00003   0.00002   2.63882
   R19        2.04538   0.00002   0.00001   0.00001   0.00002   2.04541
   R20        2.63878   0.00000  -0.00001   0.00003   0.00002   2.63880
   R21        2.04935   0.00000   0.00000   0.00000   0.00000   2.04935
   R22        2.04534   0.00002   0.00001   0.00001   0.00003   2.04537
   R23        2.06122  -0.00001   0.00000  -0.00003  -0.00003   2.06119
   R24        2.06471   0.00001  -0.00003   0.00008   0.00004   2.06475
   R25        2.92245  -0.00002   0.00003  -0.00009  -0.00006   2.92239
   R26        2.06572   0.00000  -0.00002   0.00002   0.00001   2.06573
   R27        2.06528   0.00000   0.00001   0.00000   0.00000   2.06529
   R28        2.06601   0.00000   0.00001  -0.00002  -0.00001   2.06600
   R29        2.06207  -0.00006  -0.00006  -0.00002  -0.00008   2.06199
   R30        2.06476   0.00005   0.00002   0.00007   0.00009   2.06486
   R31        2.91937  -0.00001  -0.00006   0.00006   0.00000   2.91938
   R32        2.06651   0.00000   0.00000   0.00001   0.00001   2.06652
   R33        2.06721  -0.00001  -0.00004   0.00005   0.00001   2.06722
   R34        2.06751   0.00001  -0.00001   0.00003   0.00002   2.06753
   R35        2.06487   0.00005   0.00002   0.00007   0.00009   2.06496
   R36        2.06217  -0.00006  -0.00006  -0.00002  -0.00008   2.06209
   R37        2.91933  -0.00001  -0.00005   0.00005   0.00000   2.91932
   R38        2.06748   0.00000  -0.00001   0.00003   0.00002   2.06749
   R39        2.06720  -0.00001  -0.00003   0.00004   0.00001   2.06721
   R40        2.06651   0.00000   0.00000   0.00001   0.00001   2.06652
   R41        2.06120   0.00000   0.00001  -0.00002  -0.00001   2.06119
   R42        2.06488   0.00000  -0.00004   0.00007   0.00003   2.06491
   R43        2.92243  -0.00001   0.00005  -0.00011  -0.00006   2.92238
   R44        2.06529   0.00000   0.00001   0.00000   0.00000   2.06529
   R45        2.06573   0.00000  -0.00001   0.00001   0.00000   2.06573
   R46        2.06609   0.00001   0.00002  -0.00003   0.00000   2.06609
   R47        2.81518   0.00000  -0.00002   0.00004   0.00002   2.81520
   R48        2.81445  -0.00001  -0.00003   0.00003   0.00000   2.81445
   R49        2.05820   0.00001  -0.00001   0.00003   0.00002   2.05822
   R50        2.06078   0.00000   0.00001  -0.00001  -0.00001   2.06077
   R51        2.92603   0.00001   0.00001   0.00003   0.00004   2.92607
   R52        2.05966   0.00000   0.00000   0.00000   0.00000   2.05965
   R53        2.05934   0.00000   0.00001  -0.00001   0.00000   2.05934
    A1        2.16294   0.00017   0.00027   0.00005   0.00032   2.16325
    A2        2.07257  -0.00002  -0.00003   0.00001  -0.00003   2.07255
    A3        2.04723  -0.00015  -0.00023  -0.00003  -0.00026   2.04696
    A4        2.15443   0.00000  -0.00001   0.00000   0.00000   2.15443
    A5        2.15380   0.00000   0.00001  -0.00002  -0.00002   2.15378
    A6        1.97494   0.00000   0.00000   0.00002   0.00002   1.97496
    A7        2.05093   0.00000  -0.00002   0.00002   0.00001   2.05094
    A8        2.05101   0.00000  -0.00002   0.00003   0.00001   2.05102
    A9        2.18122  -0.00001   0.00004  -0.00006  -0.00002   2.18120
   A10        2.07481   0.00003   0.00004   0.00002   0.00006   2.07487
   A11        2.02425   0.00002  -0.00004   0.00008   0.00005   2.02430
   A12        2.18413  -0.00005   0.00000  -0.00011  -0.00011   2.18402
   A13        2.09224  -0.00004  -0.00004  -0.00003  -0.00007   2.09216
   A14        2.09173   0.00021   0.00015   0.00033   0.00048   2.09221
   A15        2.09884  -0.00017  -0.00012  -0.00028  -0.00040   2.09844
   A16        2.07497   0.00003   0.00004   0.00002   0.00006   2.07504
   A17        2.02426   0.00001  -0.00004   0.00008   0.00005   2.02430
   A18        2.18395  -0.00005   0.00000  -0.00011  -0.00011   2.18385
   A19        2.09186  -0.00004  -0.00003  -0.00005  -0.00008   2.09178
   A20        2.09911  -0.00015  -0.00012  -0.00025  -0.00036   2.09874
   A21        2.09179   0.00019   0.00014   0.00031   0.00044   2.09223
   A22        2.16426   0.00016   0.00026   0.00004   0.00029   2.16455
   A23        2.07258  -0.00002  -0.00004   0.00002  -0.00002   2.07256
   A24        2.04589  -0.00013  -0.00021  -0.00003  -0.00025   2.04565
   A25        2.09981  -0.00001   0.00001  -0.00004  -0.00002   2.09979
   A26        2.10574  -0.00002   0.00010  -0.00025  -0.00015   2.10559
   A27        2.07763   0.00003  -0.00011   0.00028   0.00017   2.07780
   A28        2.13697  -0.00001   0.00002  -0.00004  -0.00002   2.13695
   A29        2.07312   0.00001  -0.00001   0.00002   0.00001   2.07313
   A30        2.07309   0.00001  -0.00001   0.00002   0.00001   2.07310
   A31        2.09984  -0.00001   0.00001  -0.00004  -0.00003   2.09982
   A32        2.10570  -0.00002   0.00009  -0.00023  -0.00014   2.10557
   A33        2.07764   0.00002  -0.00010   0.00027   0.00016   2.07780
   A34        1.89980   0.00000   0.00032  -0.00035  -0.00004   1.89976
   A35        1.91218  -0.00002  -0.00022   0.00010  -0.00012   1.91206
   A36        1.96924   0.00003  -0.00010   0.00029   0.00019   1.96943
   A37        1.85087   0.00000  -0.00004  -0.00001  -0.00005   1.85082
   A38        1.91467   0.00001   0.00012   0.00003   0.00016   1.91482
   A39        1.91329  -0.00002  -0.00007  -0.00008  -0.00015   1.91314
   A40        1.94440   0.00001  -0.00005   0.00013   0.00007   1.94447
   A41        1.90139  -0.00001   0.00005  -0.00010  -0.00005   1.90134
   A42        1.94986   0.00000  -0.00004   0.00005   0.00002   1.94988
   A43        1.89199   0.00000   0.00004  -0.00007  -0.00003   1.89196
   A44        1.88641   0.00000   0.00000  -0.00002  -0.00002   1.88639
   A45        1.88815   0.00000   0.00001   0.00000   0.00001   1.88815
   A46        1.92029   0.00003   0.00024  -0.00015   0.00009   1.92038
   A47        1.90623  -0.00006  -0.00009  -0.00017  -0.00026   1.90597
   A48        1.96886   0.00006  -0.00014   0.00043   0.00029   1.96915
   A49        1.84212   0.00001   0.00001  -0.00008  -0.00007   1.84204
   A50        1.91056  -0.00006   0.00002  -0.00032  -0.00029   1.91027
   A51        1.91148   0.00003  -0.00003   0.00025   0.00022   1.91170
   A52        1.91063   0.00000   0.00004  -0.00008  -0.00004   1.91059
   A53        1.94308   0.00005  -0.00007   0.00035   0.00029   1.94336
   A54        1.94510  -0.00003  -0.00008  -0.00004  -0.00012   1.94498
   A55        1.89021  -0.00001   0.00006  -0.00010  -0.00004   1.89017
   A56        1.88889   0.00001   0.00004  -0.00007  -0.00003   1.88886
   A57        1.88427  -0.00001   0.00001  -0.00008  -0.00007   1.88421
   A58        1.90580  -0.00007  -0.00009  -0.00019  -0.00027   1.90553
   A59        1.91987   0.00002   0.00021  -0.00014   0.00007   1.91994
   A60        1.96964   0.00007  -0.00015   0.00046   0.00032   1.96996
   A61        1.84218   0.00001   0.00003  -0.00009  -0.00007   1.84212
   A62        1.91162   0.00003  -0.00002   0.00024   0.00022   1.91184
   A63        1.91038  -0.00007   0.00003  -0.00032  -0.00030   1.91008
   A64        1.94504  -0.00003  -0.00009  -0.00002  -0.00011   1.94493
   A65        1.94339   0.00005  -0.00006   0.00036   0.00030   1.94369
   A66        1.91052   0.00000   0.00005  -0.00009  -0.00004   1.91048
   A67        1.88415  -0.00001   0.00000  -0.00006  -0.00006   1.88409
   A68        1.88890   0.00001   0.00004  -0.00007  -0.00003   1.88886
   A69        1.89017  -0.00002   0.00006  -0.00012  -0.00006   1.89012
   A70        1.90046  -0.00001   0.00030  -0.00033  -0.00003   1.90043
   A71        1.91211  -0.00001  -0.00021   0.00010  -0.00010   1.91200
   A72        1.96841   0.00002  -0.00006   0.00019   0.00013   1.96854
   A73        1.85140   0.00000  -0.00005   0.00002  -0.00003   1.85136
   A74        1.91491   0.00003   0.00013   0.00011   0.00024   1.91515
   A75        1.91285  -0.00003  -0.00010  -0.00010  -0.00020   1.91265
   A76        1.90151   0.00000   0.00002  -0.00004  -0.00001   1.90150
   A77        1.94450   0.00001  -0.00003   0.00011   0.00008   1.94459
   A78        1.94944  -0.00001   0.00000  -0.00006  -0.00006   1.94938
   A79        1.89198   0.00000   0.00002  -0.00004  -0.00002   1.89197
   A80        1.88837   0.00001  -0.00002   0.00004   0.00003   1.88840
   A81        1.88639   0.00000   0.00000  -0.00002  -0.00002   1.88638
   A82        2.12133   0.00003   0.00006  -0.00003   0.00003   2.12136
   A83        2.24775  -0.00004  -0.00006   0.00002  -0.00004   2.24771
   A84        1.91410   0.00001   0.00000   0.00001   0.00001   1.91411
   A85        2.12200   0.00003   0.00005  -0.00001   0.00004   2.12204
   A86        1.91429   0.00001   0.00001   0.00000   0.00001   1.91430
   A87        2.24654  -0.00004  -0.00005   0.00000  -0.00005   2.24649
   A88        1.91800  -0.00001  -0.00006  -0.00003  -0.00008   1.91791
   A89        1.90462   0.00000   0.00005  -0.00009  -0.00004   1.90459
   A90        1.80989  -0.00001  -0.00001   0.00000  -0.00001   1.80987
   A91        1.91932   0.00000  -0.00002   0.00004   0.00001   1.91933
   A92        1.95642   0.00001   0.00008  -0.00009   0.00000   1.95642
   A93        1.95228   0.00001  -0.00005   0.00016   0.00011   1.95239
   A94        1.80990  -0.00001   0.00000  -0.00002  -0.00002   1.80988
   A95        1.90989   0.00000   0.00000  -0.00006  -0.00005   1.90983
   A96        1.91332   0.00000   0.00004  -0.00012  -0.00008   1.91324
   A97        1.95813   0.00000   0.00001  -0.00002  -0.00001   1.95812
   A98        1.95102   0.00001   0.00000   0.00010   0.00010   1.95111
   A99        1.91838   0.00000  -0.00005   0.00010   0.00005   1.91843
    D1        3.11298   0.00003  -0.00012   0.00156   0.00144   3.11442
    D2       -0.05843   0.00003  -0.00048   0.00221   0.00173  -0.05670
    D3        0.00457   0.00001  -0.00032   0.00074   0.00042   0.00499
    D4        3.11635   0.00001  -0.00068   0.00139   0.00071   3.11706
    D5        0.59142   0.00001   0.00028  -0.00013   0.00015   0.59157
    D6        2.60812  -0.00001   0.00029  -0.00028   0.00001   2.60813
    D7       -1.53826  -0.00002  -0.00004  -0.00011  -0.00015  -1.53841
    D8       -2.58291   0.00004   0.00048   0.00068   0.00116  -2.58175
    D9       -0.56621   0.00002   0.00049   0.00053   0.00102  -0.56519
   D10        1.57059   0.00000   0.00017   0.00070   0.00086   1.57145
   D11        0.00287   0.00000   0.00007  -0.00001   0.00005   0.00292
   D12        3.14011   0.00001   0.00002   0.00050   0.00051   3.14063
   D13       -3.10774  -0.00003  -0.00013  -0.00078  -0.00091  -3.10865
   D14        0.02950  -0.00002  -0.00018  -0.00026  -0.00045   0.02906
   D15       -0.00359   0.00001  -0.00019   0.00042   0.00023  -0.00336
   D16       -3.13885   0.00000  -0.00027   0.00061   0.00035  -3.13851
   D17        3.13182  -0.00001   0.00020  -0.00057  -0.00037   3.13146
   D18       -0.00344  -0.00001   0.00013  -0.00038  -0.00025  -0.00370
   D19       -0.00343  -0.00001   0.00020  -0.00059  -0.00039  -0.00382
   D20       -3.14142  -0.00002   0.00024  -0.00102  -0.00078   3.14099
   D21       -3.13941   0.00000  -0.00016   0.00031   0.00015  -3.13926
   D22        0.00578  -0.00001  -0.00012  -0.00012  -0.00023   0.00555
   D23        0.00981   0.00001  -0.00010   0.00050   0.00040   0.01021
   D24       -3.10568   0.00002  -0.00022   0.00094   0.00072  -3.10496
   D25       -3.13739   0.00000   0.00026  -0.00040  -0.00014  -3.13753
   D26        0.03031   0.00001   0.00014   0.00004   0.00017   0.03048
   D27        0.01073   0.00000  -0.00007   0.00032   0.00024   0.01097
   D28       -3.13025  -0.00001  -0.00025   0.00006  -0.00019  -3.13044
   D29       -3.13771   0.00001   0.00001   0.00011   0.00012  -3.13759
   D30        0.00449  -0.00001  -0.00017  -0.00014  -0.00031   0.00418
   D31       -0.01029   0.00000   0.00007  -0.00031  -0.00024  -0.01053
   D32        3.13132   0.00001   0.00027  -0.00011   0.00016   3.13148
   D33        3.13815  -0.00001  -0.00001  -0.00010  -0.00011   3.13804
   D34       -0.00342   0.00001   0.00018   0.00010   0.00028  -0.00314
   D35       -0.01138  -0.00001   0.00032  -0.00089  -0.00056  -0.01195
   D36       -3.12304  -0.00002   0.00068  -0.00156  -0.00087  -3.12391
   D37        3.12953   0.00001   0.00052  -0.00061  -0.00009   3.12944
   D38        0.01788   0.00000   0.00087  -0.00128  -0.00040   0.01748
   D39       -0.00056   0.00000  -0.00002   0.00019   0.00018  -0.00038
   D40        3.13999   0.00001   0.00024   0.00009   0.00033   3.14031
   D41       -3.14149  -0.00001  -0.00020  -0.00008  -0.00028   3.14141
   D42       -0.00095   0.00000   0.00005  -0.00019  -0.00014  -0.00109
   D43        0.52377   0.00002   0.00169  -0.00020   0.00149   0.52526
   D44        2.53810   0.00001   0.00178  -0.00048   0.00130   2.53940
   D45       -1.61515   0.00004   0.00158   0.00001   0.00159  -1.61356
   D46       -2.64775   0.00002   0.00133   0.00046   0.00179  -2.64596
   D47       -0.63342   0.00001   0.00142   0.00018   0.00160  -0.63182
   D48        1.49651   0.00004   0.00122   0.00067   0.00189   1.49841
   D49        0.01801   0.00001  -0.00030   0.00088   0.00058   0.01859
   D50        3.12804   0.00001  -0.00070   0.00143   0.00072   3.12876
   D51       -3.12360   0.00000  -0.00051   0.00066   0.00015  -3.12345
   D52       -0.01358   0.00000  -0.00092   0.00121   0.00029  -0.01329
   D53       -0.00161   0.00000  -0.00002  -0.00010  -0.00012  -0.00172
   D54       -3.14151  -0.00001  -0.00028   0.00001  -0.00027   3.14140
   D55        3.14001   0.00001   0.00019   0.00012   0.00030   3.14031
   D56        0.00010   0.00000  -0.00007   0.00023   0.00016   0.00025
   D57       -3.12048  -0.00003   0.00013  -0.00145  -0.00132  -3.12180
   D58       -0.01208  -0.00001   0.00033  -0.00077  -0.00045  -0.01252
   D59        0.05255  -0.00002   0.00054  -0.00199  -0.00145   0.05110
   D60       -3.12224   0.00000   0.00074  -0.00131  -0.00057  -3.12281
   D61        0.63565   0.00000  -0.00139   0.00015  -0.00124   0.63441
   D62        2.64958  -0.00002  -0.00128  -0.00015  -0.00143   2.64815
   D63       -1.49468  -0.00004  -0.00120  -0.00034  -0.00154  -1.49622
   D64       -2.53751   0.00000  -0.00180   0.00069  -0.00111  -2.53862
   D65       -0.52358  -0.00002  -0.00170   0.00040  -0.00130  -0.52488
   D66        1.61535  -0.00004  -0.00161   0.00020  -0.00141   1.61394
   D67       -0.58943  -0.00001  -0.00002   0.00028   0.00026  -0.58918
   D68       -2.60710   0.00001  -0.00001   0.00038   0.00037  -2.60673
   D69        1.54047   0.00003   0.00032   0.00030   0.00062   1.54109
   D70        2.58488  -0.00003  -0.00022  -0.00039  -0.00061   2.58428
   D71        0.56722  -0.00002  -0.00020  -0.00029  -0.00049   0.56672
   D72       -1.56840   0.00001   0.00012  -0.00037  -0.00025  -1.56864
   D73       -0.00168   0.00000  -0.00013   0.00010  -0.00004  -0.00172
   D74        3.10840  -0.00001   0.00002  -0.00043  -0.00042   3.10799
   D75        3.10896   0.00002   0.00006   0.00073   0.00079   3.10975
   D76       -0.06413   0.00001   0.00020   0.00020   0.00041  -0.06373
   D77        0.00546   0.00000  -0.00016   0.00017   0.00001   0.00547
   D78       -3.13912   0.00000  -0.00010   0.00005  -0.00005  -3.13917
   D79       -3.13779   0.00001   0.00010   0.00005   0.00015  -3.13764
   D80        0.00081   0.00001   0.00016  -0.00006   0.00010   0.00091
   D81       -0.00431   0.00000   0.00017  -0.00021  -0.00004  -0.00435
   D82        3.13831  -0.00001  -0.00008  -0.00011  -0.00019   3.13813
   D83        3.14027   0.00000   0.00011  -0.00010   0.00001   3.14028
   D84       -0.00029  -0.00001  -0.00014   0.00001  -0.00013  -0.00042
   D85        1.05453   0.00002   0.00062  -0.00060   0.00002   1.05455
   D86        3.14090   0.00002   0.00066  -0.00067   0.00000   3.14089
   D87       -1.05730   0.00002   0.00068  -0.00070  -0.00002  -1.05732
   D88       -1.06676  -0.00001   0.00019  -0.00036  -0.00017  -1.06693
   D89        1.01961  -0.00001   0.00024  -0.00043  -0.00020   1.01942
   D90        3.10460  -0.00001   0.00025  -0.00047  -0.00021   3.10439
   D91       -3.09248   0.00000   0.00021  -0.00033  -0.00011  -3.09260
   D92       -1.00611   0.00000   0.00026  -0.00040  -0.00014  -1.00625
   D93        1.07887   0.00000   0.00028  -0.00043  -0.00015   1.07872
   D94       -3.13559   0.00001   0.00077  -0.00020   0.00057  -3.13501
   D95       -1.04625   0.00002   0.00083  -0.00016   0.00068  -1.04558
   D96        1.05864   0.00002   0.00075  -0.00004   0.00071   1.05935
   D97        1.00324  -0.00002   0.00055  -0.00008   0.00047   1.00371
   D98        3.09257  -0.00001   0.00061  -0.00003   0.00057   3.09315
   D99       -1.08572  -0.00001   0.00052   0.00008   0.00060  -1.08512
   D100      -1.00861  -0.00001   0.00054   0.00006   0.00060  -1.00802
   D101       1.08072   0.00001   0.00060   0.00010   0.00070   1.08142
   D102      -3.09757   0.00000   0.00051   0.00022   0.00073  -3.09684
   D103      -1.05950  -0.00002  -0.00073   0.00006  -0.00067  -1.06017
   D104       1.04541  -0.00002  -0.00082   0.00021  -0.00062   1.04479
   D105       3.13483  -0.00001  -0.00075   0.00022  -0.00053   3.13429
   D106       3.09664   0.00000  -0.00050  -0.00020  -0.00070   3.09594
   D107      -1.08164   0.00000  -0.00060  -0.00005  -0.00065  -1.08229
   D108       1.00777   0.00001  -0.00053  -0.00003  -0.00056   1.00722
   D109       1.08473   0.00001  -0.00053  -0.00004  -0.00057   1.08416
   D110      -3.09355   0.00001  -0.00063   0.00011  -0.00052  -3.09407
   D111      -1.00413   0.00002  -0.00056   0.00013  -0.00043  -1.00457
   D112      -3.13898  -0.00002  -0.00058   0.00067   0.00009  -3.13890
   D113      -1.05247  -0.00001  -0.00056   0.00066   0.00011  -1.05237
   D114       1.05912  -0.00001  -0.00058   0.00068   0.00010   1.05922
   D115      -1.01724   0.00001  -0.00015   0.00045   0.00030  -1.01694
   D116       1.06927   0.00001  -0.00013   0.00044   0.00032   1.06959
   D117      -3.10232   0.00001  -0.00014   0.00046   0.00031  -3.10201
   D118       1.00901   0.00000  -0.00020   0.00048   0.00028   1.00929
   D119       3.09552   0.00001  -0.00018   0.00047   0.00030   3.09582
   D120      -1.07607   0.00001  -0.00020   0.00049   0.00029  -1.07578
   D121       3.10861   0.00000   0.00009  -0.00033  -0.00023   3.10838
   D122      -1.08222  -0.00001   0.00011  -0.00038  -0.00027  -1.08249
   D123       1.02288  -0.00001   0.00007  -0.00037  -0.00030   1.02258
   D124      -0.03692   0.00000   0.00005   0.00014   0.00019  -0.03673
   D125       2.05544   0.00000   0.00006   0.00008   0.00014   2.05559
   D126      -2.12264   0.00000   0.00003   0.00009   0.00012  -2.12253
   D127      -2.14514  -0.00001  -0.00016   0.00017   0.00001  -2.14513
   D128       2.03219   0.00000  -0.00013   0.00019   0.00006   2.03226
   D129      -0.05083   0.00000  -0.00009   0.00005  -0.00004  -0.05087
   D130       1.02496   0.00000  -0.00029   0.00065   0.00035   1.02531
   D131      -1.08090   0.00001  -0.00027   0.00067   0.00041  -1.08049
   D132       3.11927   0.00000  -0.00023   0.00053   0.00030   3.11957
   D133       0.05094   0.00000   0.00003  -0.00011  -0.00008   0.05086
   D134      -2.00825   0.00001   0.00002  -0.00003  -0.00001  -2.00826
   D135       2.11070   0.00000   0.00007  -0.00022  -0.00014   2.11056
   D136       2.11890  -0.00001   0.00000  -0.00019  -0.00019   2.11871
   D137       0.05972   0.00000  -0.00001  -0.00010  -0.00012   0.05960
   D138      -2.10452  -0.00001   0.00004  -0.00029  -0.00025  -2.10477
   D139      -1.99915   0.00000   0.00000  -0.00008  -0.00009  -1.99924
   D140       2.22485   0.00001  -0.00001   0.00000  -0.00001   2.22484
   D141       0.06062   0.00000   0.00005  -0.00019  -0.00015   0.06047
         Item               Value     Threshold  Converged?
 Maximum Force            0.000208     0.000450     YES
 RMS     Force            0.000036     0.000300     YES
 Maximum Displacement     0.007374     0.001800     NO 
 RMS     Displacement     0.001516     0.001200     NO 
 Predicted change in Energy=-8.866971D-07
 GradGradGradGradGradGradGradGradGradGradGradGradGradGradGradGradGradGrad

                          Input orientation:                          
 ---------------------------------------------------------------------
 Center     Atomic      Atomic             Coordinates (Angstroms)
 Number     Number       Type             X           Y           Z
 ---------------------------------------------------------------------
      1          6           0        2.362936   -0.786467    0.137458
      2          6           0        0.000308   -0.620754    0.109822
      3          6           0        0.000254    0.737250   -0.131435
      4          6           0        1.262032    1.385306   -0.240818
      5          6           0        2.454987    0.603355   -0.110440
      6          6           0       -1.261593    1.384780   -0.243965
      7          6           0       -2.454689    0.602564   -0.116038
      8          6           0       -2.362442   -0.785462    0.140605
      9          6           0       -1.223696    2.785449   -0.479755
     10          6           0        0.000198    3.449319   -0.586083
     11          6           0        1.224094    2.786191   -0.475396
     12          1           0       -2.139898    3.353301   -0.578092
     13          1           0        0.000209    4.519102   -0.763967
     14          1           0        2.140281    3.354659   -0.570007
     15          6           0        3.552737   -1.699020    0.256654
     16          1           0        4.374621   -1.148280    0.715894
     17          1           0        3.318380   -2.517947    0.940942
     18          6           0        4.006880   -2.274231   -1.105124
     19          1           0        4.296388   -1.479382   -1.797473
     20          1           0        4.870874   -2.924155   -0.945279
     21          1           0        3.218077   -2.865432   -1.577922
     22          6           0        3.811067    1.263956   -0.198577
     23          1           0        4.548634    0.554261   -0.576672
     24          1           0        3.772053    2.067477   -0.938016
     25          6           0        4.290401    1.831396    1.155996
     26          1           0        5.269784    2.300862    1.028441
     27          1           0        3.596088    2.584257    1.540448
     28          1           0        4.384226    1.043260    1.909034
     29          6           0       -3.810968    1.261420   -0.213765
     30          1           0       -3.769340    2.059903   -0.958581
     31          1           0       -4.546135    0.548319   -0.590279
     32          6           0       -4.297183    1.837470    1.134674
     33          1           0       -4.394504    1.054182    1.892286
     34          1           0       -3.605238    2.593099    1.517941
     35          1           0       -5.276102    2.305662    0.999115
     36          6           0       -3.550929   -1.698589    0.267586
     37          1           0       -4.373925   -1.145760    0.722298
     38          1           0       -3.314929   -2.512055    0.957934
     39          6           0       -4.003196   -2.285396   -1.089852
     40          1           0       -4.867593   -2.933750   -0.925865
     41          1           0       -4.291334   -1.496548   -1.789597
     42          1           0       -3.213448   -2.880668   -1.556018
     43          7           0        1.127718   -1.353497    0.241290
     44          7           0       -1.127366   -1.351888    0.246186
     45          6           0       -0.774269   -2.766999    0.547729
     46          1           0       -1.214440   -3.425999   -0.199429
     47          1           0       -1.148585   -3.025211    1.538903
     48          6           0        0.773198   -2.778053    0.494828
     49          1           0        1.152910   -3.396368   -0.318457
     50          1           0        1.208007   -3.100609    1.440592
 ---------------------------------------------------------------------
                    Distance matrix (angstroms):
                    1          2          3          4          5
     1  C    0.000000
     2  C    2.368593   0.000000
     3  C    2.824231   1.379268   0.000000
     4  C    2.464078   2.395657   1.422682   0.000000
     5  C    1.414756   2.751801   2.458472   1.432336   0.000000
     6  C    4.242288   2.395773   1.422750   2.523627   3.800187
     7  C    5.020276   2.752186   2.458683   3.800298   4.909679
     8  C    4.725379   2.368684   2.824002   4.241996   5.019907
     9  C    5.099360   3.667153   2.411328   2.862924   4.293092
    10  C    4.903869   4.129138   2.749913   2.443682   3.788369
    11  C    3.799531   3.667071   2.411276   1.420896   2.532403
    12  H    6.158344   4.565832   3.409322   3.944602   5.375302
    13  H    5.877424   5.213601   3.834384   3.418562   4.667559
    14  H    4.207019   4.565694   3.409236   2.181293   2.807118
    15  C    1.504190   3.715370   4.325062   3.874000   2.576964
    16  H    2.124235   4.447497   4.838210   4.125842   2.726912
    17  H    2.134592   3.911484   4.770352   4.567330   3.404905
    18  C    2.541654   4.501411   5.105893   4.655473   3.417348
    19  H    2.821760   4.778213   5.113307   4.453867   3.251865
    20  H    3.468686   5.490110   6.147452   5.664932   4.356236
    21  H    2.827701   4.270960   5.042423   4.866491   3.842953
    22  C    2.532635   4.262526   3.847626   2.552271   1.510998
    23  H    2.661731   4.747548   4.573782   3.406639   2.145493
    24  H    3.359651   4.748749   4.080017   2.692888   2.136164
    25  C    3.406721   5.050982   4.610856   3.364684   2.545719
    26  H    4.333038   6.094841   5.617664   4.302481   3.478745
    27  H    3.853677   5.024781   4.374546   3.171468   2.819843
    28  H    3.251461   5.022434   4.845242   3.806173   2.827323
    29  C    6.514160   4.262993   3.847979   5.074585   6.301264
    30  H    6.848937   4.747384   4.079635   5.126887   6.448498
    31  H    7.074356   4.746264   4.573389   5.878561   7.017762
    32  C    7.227493   5.055849   4.613185   5.744675   6.976041
    33  H    7.220138   5.029608   4.848689   6.054434   7.150502
    34  H    6.996163   5.031065   4.377692   5.314349   6.583087
    35  H    8.286049   6.098791   5.619429   6.718011   7.993666
    36  C    5.985206   3.714552   4.324746   5.738769   6.443049
    37  H    6.771737   4.447997   4.838185   6.252831   7.098373
    38  H    5.990741   3.909873   4.768139   6.129845   6.643729
    39  C    6.654375   4.498699   5.107109   6.474375   7.142287
    40  H    7.617219   5.488083   6.148438   7.529664   8.172895
    41  H    6.963983   4.774201   5.114400   6.445438   7.262370
    42  H    6.192704   4.267371   5.044467   6.321250   6.808764
    43  N    1.363109   1.351018   2.404438   2.784153   2.390529
    44  N    3.537475   1.350851   2.403876   3.665873   4.096756
    45  C    3.732677   2.323380   3.652521   4.691477   4.713870
    46  H    4.458502   3.072563   4.337366   5.411403   5.450533
    47  H    4.393950   3.023845   4.273871   5.332086   5.373319
    48  C    2.573207   2.323688   3.653355   4.256018   3.824746
    49  H    2.912662   3.035777   4.295392   4.783548   4.211467
    50  H    2.896078   3.062542   4.319618   4.790980   4.204760
                    6          7          8          9         10
     6  C    0.000000
     7  C    1.432377   0.000000
     8  C    2.463679   1.414564   0.000000
     9  C    1.420883   2.532315   3.799078   0.000000
    10  C    2.443662   3.788327   4.903418   1.396404   0.000000
    11  C    2.862892   4.293111   5.098960   2.447794   1.396393
    12  H    2.181315   2.806981   4.206591   1.082382   2.142263
    13  H    3.418556   4.667505   5.876970   2.141091   1.084472
    14  H    3.944550   5.375301   6.157929   3.412988   2.142236
    15  C    5.739183   6.444017   5.986435   6.592956   6.311587
    16  H    6.253370   7.099088   6.771308   6.945859   6.478321
    17  H    6.132817   6.647039   5.992811   7.125647   6.996456
    18  C    6.471999   7.141857   6.658569   7.304135   7.005850
    19  H    6.442668   7.262146   6.969770   7.099049   6.649572
    20  H    7.527677   8.172469   7.620631   8.364214   8.029550
    21  H    6.317530   6.807671   6.198533   7.271023   7.156435
    22  C    5.074302   6.301107   6.513630   5.267147   4.410068
    23  H    5.878707   7.018622   7.076180   6.189296   5.391634
    24  H    5.126926   6.449335   6.850891   5.067839   4.032398
    25  C    5.743169   6.973115   7.220753   5.830194   4.904932
    26  H    6.716927   7.991341   8.280370   6.683918   5.629759
    27  H    5.312245   6.578978   6.987034   5.229916   4.266251
    28  H    6.052050   7.146040   7.210346   6.339584   5.588778
    29  C    2.552537   1.511004   2.532495   3.014531   4.410273
    30  H    2.693559   2.135889   3.359118   2.689981   4.034680
    31  H    3.407025   2.145226   2.661143   4.006940   5.393047
    32  C    3.364577   2.546381   3.407516   3.598801   4.901688
    33  H    3.806310   2.828464   3.252991   4.321793   5.585016
    34  H    3.171280   2.820617   3.854383   3.114407   4.261361
    35  H    4.302273   3.479149   4.333763   4.340420   5.626734
    36  C    3.874262   2.577638   1.504136   5.106969   6.311910
    37  H    4.126004   2.728170   2.124676   5.179120   6.477620
    38  H    4.565750   3.405038   2.134569   5.873990   6.993714
    39  C    4.658552   3.418553   2.540846   5.814750   7.011983
    40  H    5.667268   4.357000   3.468181   6.796046   8.034576
    41  H    4.457618   3.252743   2.819920   5.427853   6.657874
    42  H    4.870859   3.844758   2.827124   6.101011   7.164986
    43  N    3.666393   4.097255   3.537516   4.814554   5.002289
    44  N    2.783454   2.390162   1.362864   4.201646   5.001566
    45  C    4.254590   3.823396   2.571873   5.664573   6.366155
    46  H    4.811216   4.215981   2.899305   6.217778   6.992485
    47  H    4.758089   4.195890   2.906057   6.151780   6.910485
    48  C    4.692054   4.713914   3.732042   5.990823   6.367579
    49  H    5.356748   5.389546   4.402871   6.624888   6.947215
    50  H    5.390304   5.436169   4.449492   6.651812   6.961880
                   11         12         13         14         15
    11  C    0.000000
    12  H    3.413004   0.000000
    13  H    2.141063   2.444115   0.000000
    14  H    1.082362   4.280186   2.444066   0.000000
    15  C    5.106426   7.656947   7.233752   5.312068   0.000000
    16  H    5.179291   8.023565   7.310588   5.188668   1.090737
    17  H    5.875876   8.159155   7.964737   6.177247   1.092619
    18  C    5.809331   8.350435   7.894250   5.954405   1.546464
    19  H    5.420515   8.140484   7.450309   5.433545   2.195608
    20  H    6.791748   9.417653   8.897097   6.857147   2.164043
    21  H    6.093633   8.269232   8.096205   6.392735   2.199587
    22  C    3.014342   6.318494   5.043638   2.701948   3.008853
    23  H    4.005538   7.250592   6.036822   3.693567   2.600676
    24  H    2.687501   6.060862   4.501951   2.110674   3.957503
    25  C    3.602126   6.831690   5.414404   3.149989   3.717095
    26  H    4.343349   7.654538   5.991806   3.668694   4.420742
    27  H    3.119417   6.162887   4.688742   2.677109   4.471741
    28  H    4.325477   7.354337   6.200485   4.064911   3.307844
    29  C    5.267374   2.702069   5.043837   6.318696   7.950450
    30  H    5.069057   2.114884   4.505001   6.062260   8.319803
    31  H    6.190057   3.695680   6.038752   7.251490   8.447459
    32  C    5.828970   3.144072   5.409581   6.829988   8.654416
    33  H    6.338329   4.058567   6.194744   7.352448   8.568200
    34  H    5.228109   2.668048   4.681436   6.160397   8.440956
    35  H    6.682637   3.663455   5.987256   7.652795   9.723020
    36  C    6.592883   5.312982   7.234250   7.656810   7.103674
    37  H    6.944964   5.188780   7.309767   8.022388   7.959579
    38  H    7.122399   6.175960   7.961926   8.155505   6.951091
    39  C    7.309111   5.960595   7.901560   8.356002   7.697340
    40  H    8.368351   6.862090   8.903186   9.422368   8.592140
    41  H    7.105555   5.442193   7.460383   8.147839   8.109106
    42  H    7.278242   6.400876   8.106265   8.277314   7.103755
    43  N    4.202373   5.788147   6.063765   4.883669   2.449560
    44  N    4.813911   4.882976   6.063032   5.787510   4.692971
    45  C    5.989837   6.371066   7.443630   6.871581   4.466351
    46  H    6.679364   6.852647   8.057215   7.574220   5.090820
    47  H    6.592374   6.793363   7.971173   7.481102   5.050285
    48  C    5.666167   6.872466   7.445170   6.372829   2.991133
    49  H    6.184959   7.514521   8.011359   6.827484   2.995148
    50  H    6.190774   7.545628   8.023644   6.825110   2.977234
                   16         17         18         19         20
    16  H    0.000000
    17  H    1.744213   0.000000
    18  C    2.172349   2.172514   0.000000
    19  H    2.536289   3.087724   1.093137   0.000000
    20  H    2.481832   2.476504   1.092903   1.773031   0.000000
    21  H    3.089950   2.544698   1.093282   1.769771   1.770712
    22  C    2.640594   3.980456   3.657723   3.212150   4.384179
    23  H    2.144681   3.640761   2.927990   2.385307   3.512704
    24  H    3.666006   4.976185   4.351264   3.686978   5.111150
    25  C    3.013180   4.461821   4.695659   4.436695   5.231402
    26  H    3.577092   5.199668   5.203701   4.819081   5.599599
    27  H    3.901005   5.144804   5.547315   5.305214   6.176287
    28  H    2.495301   3.841278   4.498142   4.484376   4.911650
    29  C    8.583402   8.151354   8.626361   8.703410   9.665843
    30  H    8.911813   8.648739   8.903696   8.847951   9.974683
    31  H    9.174118   8.578883   9.021415   9.152000  10.043115
    32  C    9.180973   8.775191   9.533113   9.666874  10.538147
    33  H    9.117691   8.552996   9.520822   9.775729  10.475026
    34  H    8.849822   8.625091   9.408279   9.487505  10.409227
    35  H   10.254091   9.855745  10.563001  10.666772  11.579843
    36  C    7.957271   6.950695   7.702998   8.117444   8.596500
    37  H    8.748549   7.816794   8.651637   9.035202   9.560848
    38  H    7.813300   6.633334   7.610628   8.160321   8.414239
    39  C    8.645321   7.601558   8.010099   8.368601   8.898203
    40  H    9.555197   8.406427   8.900751   9.319519   9.738490
    41  H    9.027600   8.149040   8.362635   8.587743   9.311122
    42  H    8.108116   7.002225   7.259766   7.643267   8.107474
    43  N    3.287818   2.577685   3.309102   3.769996   4.229199
    44  N    5.525753   4.648338   5.388622   5.797405   6.314309
    45  C    5.399963   4.119032   5.082729   5.733192   5.841353
    46  H    6.104378   4.761457   5.423010   6.059067   6.151356
    47  H    5.891182   4.535268   5.842403   6.570291   6.512699
    48  C    3.959201   2.597042   3.642854   4.399325   4.345825
    49  H    4.062413   2.654613   3.165941   3.967843   3.799887
    50  H    3.790016   2.245622   3.872630   4.759363   4.374941
                   21         22         23         24         25
    21  H    0.000000
    22  C    4.393867   0.000000
    23  H    3.803575   1.091159   0.000000
    24  H    5.004993   1.092675   1.738813   0.000000
    25  C    5.539348   1.544868   2.167924   2.170093   0.000000
    26  H    6.139481   2.169932   2.479327   2.482865   1.093554
    27  H    6.290169   2.193996   3.083897   2.537874   1.093926
    28  H    5.366250   2.195277   2.538677   3.086984   1.094088
    29  C    8.264339   7.622051   8.397305   7.660057   8.236097
    30  H    8.571261   7.659876   8.461767   7.541425   8.335651
    31  H    8.538860   8.396928   9.094781   8.462920   9.098358
    32  C    9.271170   8.237123   9.100758   8.334357   8.587612
    33  H    9.238891   8.470366   9.291146   8.702300   8.750643
    34  H    9.270251   7.727524   8.661980   7.793101   7.940548
    35  H   10.272897   9.224763  10.103264   9.256258   9.579536
    36  C    7.112444   7.949400   8.449321   8.322427   8.645028
    37  H    8.117068   8.581890   9.175482   8.912827   9.171810
    38  H    7.016810   8.147122   8.578633   8.648240   8.760470
    39  C    7.260953   8.628730   9.025564   8.912073   9.527620
    40  H    8.112207   9.667927  10.047561   9.982780  10.531363
    41  H    7.636093   8.706356   9.155438   8.856956   9.664259
    42  H    6.431580   8.268274   8.544458   8.582732   9.266407
    43  N    3.156752   3.774243   4.001409   4.481778   4.580698
    44  N    4.949855   5.606119   6.043797   6.090870   6.349271
    45  C    4.524037   6.150681   6.374037   6.800635   6.867758
    46  H    4.675649   6.873965   7.014115   7.455797   7.731795
    47  H    5.367297   6.783357   7.053126   7.502218   7.301768
    48  C    3.206457   5.103655   5.148432   5.875826   5.835655
    49  H    2.476502   5.366450   5.215849   6.090760   6.272748
    50  H    3.634160   5.339684   5.346702   6.240290   5.822956
                   26         27         28         29         30
    26  H    0.000000
    27  H    1.773054   0.000000
    28  H    1.772349   1.769658   0.000000
    29  C    9.224076   7.726037   8.468476   0.000000
    30  H    9.258082   7.795488   8.702725   1.092730   0.000000
    31  H   10.101680   8.659148   9.286705   1.091213   1.738949
    32  C    9.578772   7.938896   8.751986   1.544839   2.170210
    33  H    9.782582   8.143370   8.778753   2.195203   3.087029
    34  H    8.893314   7.201367   8.147790   2.194197   2.538580
    35  H   10.545928   8.893054   9.784863   2.169824   2.482600
    36  C    9.714911   8.428689   8.554459   3.010145   3.959477
    37  H   10.245685   8.837619   9.105238   2.643416   3.669762
    38  H    9.842075   8.606619   8.533572   3.982216   4.978185
    39  C   10.559786   9.401123   9.509054   3.658467   4.353567
    40  H   11.575271  10.400241  10.461807   4.384403   5.113102
    41  H   10.666614   9.484387   9.767079   3.212535   3.689365
    42  H   10.270974   9.264086   9.226507   4.394947   5.007514
    43  N    5.579486   4.825617   4.373861   5.606735   6.088692
    44  N    7.407971   6.283261   6.235338   3.773944   4.480157
    45  C    7.902207   6.980075   6.556012   5.101918   5.876938
    46  H    8.737836   7.892499   7.467594   5.358550   6.099094
    47  H    8.356021   7.346976   6.877605   5.341848   6.242129
    48  C    6.804367   6.149504   5.444440   6.150937   6.793591
    49  H    7.156899   6.722538   5.925657   6.807792   7.376259
    50  H    6.770804   6.166896   5.242085   6.852321   7.560483
                   31         32         33         34         35
    31  H    0.000000
    32  C    2.167798   0.000000
    33  H    2.538114   1.094069   0.000000
    34  H    3.083991   1.093918   1.769559   0.000000
    35  H    2.479371   1.093555   1.772335   1.773016   0.000000
    36  C    2.602877   3.716510   3.305907   4.470450   4.421016
    37  H    2.149981   3.012574   2.491795   3.899101   3.578109
    38  H    3.643998   4.462558   3.841424   5.143975   5.201758
    39  C    2.928191   4.693928   4.494335   5.546049   5.202104
    40  H    3.512942   5.228358   4.906057   6.173474   5.596773
    41  H    2.384275   4.434757   4.480305   5.304314   4.817000
    42  H    3.803506   5.538513   5.363650   6.290059   6.138507
    43  N    6.041607   6.356882   6.246410   6.293356   7.414354
    44  N    3.999805   4.583574   4.378699   4.829092   5.581808
    45  C    5.149114   5.827225   5.432804   6.138920   6.797215
    46  H    5.200785   6.243976   5.878784   6.700359   7.126397
    47  H    5.370930   5.807128   5.225162   6.131964   6.763577
    48  C    6.366908   6.886306   6.583620   7.004765   7.917859
    49  H    6.936394   7.694684   7.447723   7.866768   8.693753
    50  H    7.109801   7.401711   6.989595   7.455979   8.453776
                   36         37         38         39         40
    36  C    0.000000
    37  H    1.090737   0.000000
    38  H    1.092705   1.744638   0.000000
    39  C    1.546455   2.172578   2.172214   0.000000
    40  H    2.164152   2.481342   2.477355   1.092903   0.000000
    41  H    2.195682   2.537615   3.087644   1.093137   1.773036
    42  H    2.199258   3.089877   2.542858   1.093326   1.770906
    43  N    4.691429   5.526536   4.646821   5.382067   6.308978
    44  N    2.448329   3.287753   2.576433   3.305576   4.226735
    45  C    2.988280   3.951761   2.586159   3.652339   4.353687
    46  H    2.942996   4.003925   2.566483   3.141812   3.757066
    47  H    3.024472   3.821257   2.300848   3.950504   4.462563
    48  C    4.462617   5.404536   4.122864   5.056467   5.819032
    49  H    5.035077   6.057584   4.729987   5.330548   6.068725
    50  H    5.097948   5.957798   4.586536   5.850159   6.522337
                   41         42         43         44         45
    41  H    0.000000
    42  H    1.769798   0.000000
    43  N    5.788876   4.940474   0.000000
    44  N    3.765107   3.152276   2.255090   0.000000
    45  C    4.409862   3.223083   2.389444   1.489344   0.000000
    46  H    3.964680   2.476641   3.158354   2.123227   1.089163
    47  H    4.826241   3.723317   3.108051   2.114611   1.090510
    48  C    5.701784   4.484400   1.489740   2.389124   1.548411
    49  H    5.950913   4.567558   2.118318   3.114222   2.204632
    50  H    6.576465   5.345775   2.120654   3.152555   2.199527
                   46         47         48         49         50
    46  H    0.000000
    47  H    1.785152   0.000000
    48  C    2.202847   2.201007   0.000000
    49  H    2.370526   2.980675   1.089920   0.000000
    50  H    2.943433   2.359847   1.089757   1.784590   0.000000
 Stoichiometry    C21H27N2(2+,2)
 Framework group  C1[X(C21H27N2)]
 Deg. of freedom   144
 Full point group                 C1      NOp   1
 Largest Abelian subgroup         C1      NOp   1
 Largest concise Abelian subgroup C1      NOp   1
                         Standard orientation:                         
 ---------------------------------------------------------------------
 Center     Atomic      Atomic             Coordinates (Angstroms)
 Number     Number       Type             X           Y           Z
 ---------------------------------------------------------------------
      1          6           0        2.362976   -0.785998    0.137560
      2          6           0        0.000342   -0.620390    0.109838
      3          6           0        0.000236    0.737479   -0.132176
      4          6           0        1.261989    1.385522   -0.241924
      5          6           0        2.454974    0.603690   -0.111114
      6          6           0       -1.261636    1.384899   -0.245063
      7          6           0       -2.454702    0.602709   -0.116697
      8          6           0       -2.362402   -0.785170    0.140719
      9          6           0       -1.223793    2.785438   -0.481635
     10          6           0        0.000075    3.449295   -0.588336
     11          6           0        1.223997    2.786275   -0.477283
     12          1           0       -2.140017    3.353200   -0.580285
     13          1           0        0.000045    4.518979   -0.766816
     14          1           0        2.140162    3.354725   -0.572214
     15          6           0        3.552813   -1.698438    0.257261
     16          1           0        4.374677   -1.147412    0.716191
     17          1           0        3.318489   -2.516992    0.942006
     18          6           0        4.006974   -2.274391   -1.104197
     19          1           0        4.296449   -1.479917   -1.796991
     20          1           0        4.870992   -2.924194   -0.943993
     21          1           0        3.218192   -2.865885   -1.576664
     22          6           0        3.811028    1.264293   -0.199623
     23          1           0        4.548622    0.554416   -0.577324
     24          1           0        3.771982    2.067400   -0.939509
     25          6           0        4.290344    1.832506    1.154632
     26          1           0        5.269710    2.301939    1.026813
     27          1           0        3.596005    2.585555    1.538666
     28          1           0        4.384202    1.044794    1.908109
     29          6           0       -3.811007    1.261458   -0.214788
     30          1           0       -3.769411    2.059528   -0.960049
     31          1           0       -4.546148    0.548120   -0.590902
     32          6           0       -4.297239    1.838241    1.133331
     33          1           0       -4.394528    1.055372    1.891381
     34          1           0       -3.605322    2.594110    1.516175
     35          1           0       -5.276176    2.306321    0.997515
     36          6           0       -3.550853   -1.698272    0.268212
     37          1           0       -4.373869   -1.145221    0.722618
     38          1           0       -3.314821   -2.511344    0.959013
     39          6           0       -4.003102   -2.285853   -1.088896
     40          1           0       -4.867473   -2.934148   -0.924546
     41          1           0       -4.291272   -1.497406   -1.789080
     42          1           0       -3.213332   -2.881354   -1.554733
     43          7           0        1.127780   -1.353017    0.241711
     44          7           0       -1.127304   -1.351490    0.246613
     45          6           0       -0.774152   -2.766420    0.548943
     46          1           0       -1.214300   -3.425853   -0.197846
     47          1           0       -1.148455   -3.024093    1.540263
     48          6           0        0.773316   -2.777444    0.496045
     49          1           0        1.153049   -3.396198   -0.316897
     50          1           0        1.208140   -3.099456    1.441987
 ---------------------------------------------------------------------
 Rotational constants (GHZ):      0.4025872      0.2126952      0.1491755
 Standard basis: 6-31++G(d,p) (6D, 7F)
 There are   599 symmetry adapted basis functions of A   symmetry.
 Integral buffers will be    262144 words long.
 Raffenetti 2 integral format.
 Two-electron integral symmetry is turned on.
   599 basis functions,   952 primitive gaussians,   599 cartesian basis functions
    83 alpha electrons       82 beta electrons
       nuclear repulsion energy      1994.7300349309 Hartrees.
 NAtoms=   50 NActive=   50 NUniq=   50 SFac= 7.50D-01 NAtFMM=   80 NAOKFM=F Big=F
 ------------------------------------------------------------------------------
 Polarizable Continuum Model (PCM)
 =================================
 Model                : C-PCM.
 Atomic radii         : UFF (Universal Force Field).
 Polarization charges : Total charges.
 Charge compensation  : None.
 Solution method      : Matrix inversion.
 Cavity type          : Scaled VdW (van der Waals Surface) (Alpha=1.100).
 Cavity algorithm     : GePol (No added spheres)
                        Default sphere list used, NSphG=   50.
                        Lebedev-Laikov grids with approx.  5.0 points / Ang**2.
                        Smoothing algorithm: Karplus/York (Gamma=1.0000).
                        Polarization charges: spherical gaussians, with
                                              point-specific exponents (IZeta= 3).
                        Self-potential: point-specific (ISelfS= 7).
                        Self-field    : sphere-specific E.n sum rule (ISelfD= 2).
 1st derivatives      : Analytical E(r).r(x)/FMM algorithm (CHGder, D1EAlg=3).
                        Cavity 1st derivative terms included.
 Solvent              : Water, Eps=  78.355300 Eps(inf)=   1.777849
 ------------------------------------------------------------------------------
 One-electron integrals computed using PRISM.
 NBasis=   599 RedAO= T  NBF=   599
 NBsUse=   590 1.00D-06 NBFU=   590
 Initial guess read from the read-write file.
 B after Tr=     0.000000    0.000000    0.000000
         Rot=    1.000000    0.000000    0.000000    0.000000 Ang=   0.00 deg.
 Initial guess orbital symmetries:
 Alpha Orbitals:
       Occupied  (A) (A) (A) (A) (A) (A) (A) (A) (A) (A) (A) (A)
                 (A) (A) (A) (A) (A) (A) (A) (A) (A) (A) (A) (A)
                 (A) (A) (A) (A) (A) (A) (A) (A) (A) (A) (A) (A)
                 (A) (A) (A) (A) (A) (A) (A) (A) (A) (A) (A) (A)
                 (A) (A) (A) (A) (A) (A) (A) (A) (A) (A) (A) (A)
                 (A) (A) (A) (A) (A) (A) (A) (A) (A) (A) (A) (A)
                 (A) (A) (A) (A) (A) (A) (A) (A) (A) (A) (A)
       Virtual   (A) (A) (A) (A) (A) (A) (A) (A) (A) (A) (A) (A)
                 (A) (A) (A) (A) (A) (A) (A) (A) (A) (A) (A) (A)
                 (A) (A) (A) (A) (A) (A) (A) (A) (A) (A) (A) (A)
                 (A) (A) (A) (A) (A) (A) (A) (A) (A) (A) (A) (A)
                 (A) (A) (A) (A) (A) (A) (A) (A) (A) (A) (A) (A)
                 (A) (A) (A) (A) (A) (A) (A) (A) (A) (A) (A) (A)
                 (A) (A) (A) (A) (A) (A) (A) (A) (A) (A) (A) (A)
                 (A) (A) (A) (A) (A) (A) (A) (A) (A) (A) (A) (A)
                 (A) (A) (A) (A) (A) (A) (A) (A) (A) (A) (A) (A)
                 (A) (A) (A) (A) (A) (A) (A) (A) (A) (A) (A) (A)
                 (A) (A) (A) (A) (A) (A) (A) (A) (A) (A) (A) (A)
                 (A) (A) (A) (A) (A) (A) (A) (A) (A) (A) (A) (A)
                 (A) (A) (A) (A) (A) (A) (A) (A) (A) (A) (A) (A)
                 (A) (A) (A) (A) (A) (A) (A) (A) (A) (A) (A) (A)
                 (A) (A) (A) (A) (A) (A) (A) (A) (A) (A) (A) (A)
                 (A) (A) (A) (A) (A) (A) (A) (A) (A) (A) (A) (A)
                 (A) (A) (A) (A) (A) (A) (A) (A) (A) (A) (A) (A)
                 (A) (A) (A) (A) (A) (A) (A) (A) (A) (A) (A) (A)
                 (A) (A) (A) (A) (A) (A) (A) (A) (A) (A) (A) (A)
                 (A) (A) (A) (A) (A) (A) (A) (A) (A) (A) (A) (A)
                 (A) (A) (A) (A) (A) (A) (A) (A) (A) (A) (A) (A)
                 (A) (A) (A) (A) (A) (A) (A) (A) (A) (A) (A) (A)
                 (A) (A) (A) (A) (A) (A) (A) (A) (A) (A) (A) (A)
                 (A) (A) (A) (A) (A) (A) (A) (A) (A) (A) (A) (A)
                 (A) (A) (A) (A) (A) (A) (A) (A) (A) (A) (A) (A)
                 (A) (A) (A) (A) (A) (A) (A) (A) (A) (A) (A) (A)
                 (A) (A) (A) (A) (A) (A) (A) (A) (A) (A) (A) (A)
                 (A) (A) (A) (A) (A) (A) (A) (A) (A) (A) (A) (A)
                 (A) (A) (A) (A) (A) (A) (A) (A) (A) (A) (A) (A)
                 (A) (A) (A) (A) (A) (A) (A) (A) (A) (A) (A) (A)
                 (A) (A) (A) (A) (A) (A) (A) (A) (A) (A) (A) (A)
                 (A) (A) (A) (A) (A) (A) (A) (A) (A) (A) (A) (A)
                 (A) (A) (A) (A) (A) (A) (A) (A) (A) (A) (A) (A)
                 (A) (A) (A) (A) (A) (A) (A) (A) (A) (A) (A) (A)
                 (A) (A) (A) (A) (A) (A) (A) (A) (A) (A) (A) (A)
                 (A) (A) (A) (A) (A) (A) (A) (A) (A) (A) (A) (A)
                 (A) (A) (A) (A) (A) (A) (A) (A) (A) (A) (A) (A)
                 (A) (A) (A) (A) (A) (A) (A) (A) (A) (A) (A) (A)
                 (A) (A) (A) (A) (A) (A) (A) (A) (A) (A) (A) (A)
                 (A) (A) (A) (A) (A) (A) (A) (A) (A) (A) (A) (A)
                 (A) (A) (A) (A) (A) (A) (A) (A) (A) (A) (A) (A)
                 (A) (A) (A) (A) (A) (A) (A) (A) (A) (A) (A) (A)
                 (A) (A) (A)
 Beta  Orbitals:
       Occupied  (A) (A) (A) (A) (A) (A) (A) (A) (A) (A) (A) (A)
                 (A) (A) (A) (A) (A) (A) (A) (A) (A) (A) (A) (A)
                 (A) (A) (A) (A) (A) (A) (A) (A) (A) (A) (A) (A)
                 (A) (A) (A) (A) (A) (A) (A) (A) (A) (A) (A) (A)
                 (A) (A) (A) (A) (A) (A) (A) (A) (A) (A) (A) (A)
                 (A) (A) (A) (A) (A) (A) (A) (A) (A) (A) (A) (A)
                 (A) (A) (A) (A) (A) (A) (A) (A) (A) (A)
       Virtual   (A) (A) (A) (A) (A) (A) (A) (A) (A) (A) (A) (A)
                 (A) (A) (A) (A) (A) (A) (A) (A) (A) (A) (A) (A)
                 (A) (A) (A) (A) (A) (A) (A) (A) (A) (A) (A) (A)
                 (A) (A) (A) (A) (A) (A) (A) (A) (A) (A) (A) (A)
                 (A) (A) (A) (A) (A) (A) (A) (A) (A) (A) (A) (A)
                 (A) (A) (A) (A) (A) (A) (A) (A) (A) (A) (A) (A)
                 (A) (A) (A) (A) (A) (A) (A) (A) (A) (A) (A) (A)
                 (A) (A) (A) (A) (A) (A) (A) (A) (A) (A) (A) (A)
                 (A) (A) (A) (A) (A) (A) (A) (A) (A) (A) (A) (A)
                 (A) (A) (A) (A) (A) (A) (A) (A) (A) (A) (A) (A)
                 (A) (A) (A) (A) (A) (A) (A) (A) (A) (A) (A) (A)
                 (A) (A) (A) (A) (A) (A) (A) (A) (A) (A) (A) (A)
                 (A) (A) (A) (A) (A) (A) (A) (A) (A) (A) (A) (A)
                 (A) (A) (A) (A) (A) (A) (A) (A) (A) (A) (A) (A)
                 (A) (A) (A) (A) (A) (A) (A) (A) (A) (A) (A) (A)
                 (A) (A) (A) (A) (A) (A) (A) (A) (A) (A) (A) (A)
                 (A) (A) (A) (A) (A) (A) (A) (A) (A) (A) (A) (A)
                 (A) (A) (A) (A) (A) (A) (A) (A) (A) (A) (A) (A)
                 (A) (A) (A) (A) (A) (A) (A) (A) (A) (A) (A) (A)
                 (A) (A) (A) (A) (A) (A) (A) (A) (A) (A) (A) (A)
                 (A) (A) (A) (A) (A) (A) (A) (A) (A) (A) (A) (A)
                 (A) (A) (A) (A) (A) (A) (A) (A) (A) (A) (A) (A)
                 (A) (A) (A) (A) (A) (A) (A) (A) (A) (A) (A) (A)
                 (A) (A) (A) (A) (A) (A) (A) (A) (A) (A) (A) (A)
                 (A) (A) (A) (A) (A) (A) (A) (A) (A) (A) (A) (A)
                 (A) (A) (A) (A) (A) (A) (A) (A) (A) (A) (A) (A)
                 (A) (A) (A) (A) (A) (A) (A) (A) (A) (A) (A) (A)
                 (A) (A) (A) (A) (A) (A) (A) (A) (A) (A) (A) (A)
                 (A) (A) (A) (A) (A) (A) (A) (A) (A) (A) (A) (A)
                 (A) (A) (A) (A) (A) (A) (A) (A) (A) (A) (A) (A)
                 (A) (A) (A) (A) (A) (A) (A) (A) (A) (A) (A) (A)
                 (A) (A) (A) (A) (A) (A) (A) (A) (A) (A) (A) (A)
                 (A) (A) (A) (A) (A) (A) (A) (A) (A) (A) (A) (A)
                 (A) (A) (A) (A) (A) (A) (A) (A) (A) (A) (A) (A)
                 (A) (A) (A) (A) (A) (A) (A) (A) (A) (A) (A) (A)
                 (A) (A) (A) (A) (A) (A) (A) (A) (A) (A) (A) (A)
                 (A) (A) (A) (A) (A) (A) (A) (A) (A) (A) (A) (A)
                 (A) (A) (A) (A) (A) (A) (A) (A) (A) (A) (A) (A)
                 (A) (A) (A) (A) (A) (A) (A) (A) (A) (A) (A) (A)
                 (A) (A) (A) (A) (A) (A) (A) (A) (A) (A) (A) (A)
                 (A) (A) (A) (A) (A) (A) (A) (A) (A) (A) (A) (A)
                 (A) (A) (A) (A) (A) (A) (A) (A) (A) (A) (A) (A)
                 (A) (A) (A) (A)
 Initial guess <Sx>= 0.0000 <Sy>= 0.0000 <Sz>= 0.5000 <S**2>= 0.7760 S= 0.5129
 Requested convergence on RMS density matrix=1.00D-08 within 128 cycles.
 Requested convergence on MAX density matrix=1.00D-06.
 Requested convergence on             energy=1.00D-06.
 No special actions if energy rises.
 Error on total polarization charges =  0.01554
 SCF Done:  E(UB3LYP) =  -925.764588088     A.U. after   10 cycles
             Convg  =    0.3383D-08             -V/T =  2.0099
 <Sx>= 0.0000 <Sy>= 0.0000 <Sz>= 0.5000 <S**2>= 0.7760 S= 0.5129
 <L.S>= 0.000000000000E+00
 Annihilation of the first spin contaminant:
 S**2 before annihilation     0.7760,   after     0.7505
 DiagDN has N=   599 LTot=  1829 but NE2=     3 cannot use DSYEVD.
 D1PCM: C-PCM CHGder 1st derivatives, ID1Alg=3 FixD1E=F DoIter=F DoCFld=F I1PDM=0.
 Calling FoFJK, ICntrl=      2127 FMM=F ISym2X=0 I1Cent= 0 IOpClX= 1 NMat=1 NMatS=1 NMatT=0.
 ***** Axes restored to original set *****
 -------------------------------------------------------------------
 Center     Atomic                   Forces (Hartrees/Bohr)
 Number     Number              X              Y              Z
 -------------------------------------------------------------------
      1        6          -0.000015147   -0.000001917    0.000019922
      2        6           0.000003871   -0.000001132   -0.000003817
      3        6          -0.000001242   -0.000005343    0.000010091
      4        6          -0.000002484   -0.000011556   -0.000006749
      5        6           0.000005249   -0.000008549   -0.000031964
      6        6           0.000000950   -0.000012907   -0.000001361
      7        6          -0.000007041   -0.000006336   -0.000026025
      8        6           0.000015754   -0.000003971    0.000017153
      9        6           0.000011817    0.000013088    0.000007323
     10        6          -0.000001136   -0.000007028   -0.000006292
     11        6          -0.000013042    0.000013639    0.000008142
     12        1           0.000003861    0.000003405   -0.000001267
     13        1          -0.000000937    0.000000618    0.000002063
     14        1          -0.000006536    0.000004895   -0.000003118
     15        6           0.000010048    0.000010018   -0.000029363
     16        1           0.000012794    0.000004790    0.000004600
     17        1          -0.000006827    0.000009754   -0.000010068
     18        6           0.000005838   -0.000009098    0.000008942
     19        1          -0.000001933   -0.000005713   -0.000001777
     20        1           0.000002721   -0.000000861   -0.000003453
     21        1          -0.000009166    0.000002769    0.000000686
     22        6           0.000011116   -0.000007375    0.000049936
     23        1           0.000007891   -0.000000281    0.000004933
     24        1          -0.000012702   -0.000008313   -0.000005700
     25        6           0.000002620    0.000006046   -0.000025544
     26        1           0.000000691    0.000001610   -0.000005512
     27        1           0.000004428   -0.000007260    0.000001452
     28        1          -0.000003405    0.000002574   -0.000007068
     29        6          -0.000011255   -0.000006986    0.000054016
     30        1           0.000013004   -0.000007105   -0.000004615
     31        1          -0.000006179    0.000000884    0.000010515
     32        6          -0.000000544    0.000004351   -0.000022349
     33        1           0.000005279    0.000000058   -0.000002535
     34        1          -0.000004446   -0.000008129    0.000007328
     35        1          -0.000000414    0.000000467   -0.000000207
     36        6          -0.000012968    0.000009079   -0.000017688
     37        1          -0.000009470    0.000001763    0.000009908
     38        1           0.000005105    0.000008392   -0.000006138
     39        6          -0.000005880   -0.000010033    0.000009389
     40        1          -0.000001628   -0.000001915    0.000000651
     41        1          -0.000000857   -0.000006526    0.000001710
     42        1           0.000008451   -0.000001873    0.000002658
     43        7           0.000001498    0.000029113   -0.000009765
     44        7          -0.000001833    0.000021258   -0.000008950
     45        6          -0.000001786   -0.000005524    0.000004167
     46        1          -0.000004280    0.000005268    0.000000505
     47        1           0.000007762   -0.000003564    0.000000414
     48        6           0.000002119   -0.000003686    0.000003679
     49        1          -0.000000197   -0.000000939    0.000002074
     50        1           0.000000467    0.000000080   -0.000000933
 -------------------------------------------------------------------
 Cartesian Forces:  Max     0.000054016 RMS     0.000010786

 GradGradGradGradGradGradGradGradGradGradGradGradGradGradGradGradGradGrad
 Berny optimization.
 Using GEDIIS/GDIIS optimizer.
 Internal  Forces:  Max     0.000030379 RMS     0.000007183
 Search for a local minimum.
 Step number   3 out of a maximum of  300
 All quantities printed in internal units (Hartrees-Bohrs-Radians)
 Mixed Optimization -- En-DIIS/RFO-DIIS
 Swaping is turned off.
 Update second derivatives using D2CorX and points    1    2    3
 DE= -8.49D-07 DEPred=-8.87D-07 R= 9.57D-01
 Trust test= 9.57D-01 RLast= 7.70D-03 DXMaxT set to 3.00D-01
     Eigenvalues ---    0.00229   0.00230   0.00230   0.00233   0.00452
     Eigenvalues ---    0.00621   0.00696   0.00701   0.00744   0.01326
     Eigenvalues ---    0.01350   0.01412   0.01458   0.01536   0.01541
     Eigenvalues ---    0.01586   0.01741   0.01821   0.01836   0.01900
     Eigenvalues ---    0.01938   0.01965   0.02014   0.02053   0.02087
     Eigenvalues ---    0.02138   0.02240   0.03941   0.03954   0.04002
     Eigenvalues ---    0.04003   0.04063   0.04210   0.05304   0.05323
     Eigenvalues ---    0.05331   0.05336   0.05342   0.05345   0.05373
     Eigenvalues ---    0.05379   0.05514   0.05578   0.05579   0.05631
     Eigenvalues ---    0.05633   0.05815   0.08064   0.08204   0.08279
     Eigenvalues ---    0.09340   0.09423   0.09446   0.09455   0.10304
     Eigenvalues ---    0.12525   0.12883   0.12887   0.13007   0.15471
     Eigenvalues ---    0.16000   0.16000   0.16000   0.16000   0.16000
     Eigenvalues ---    0.16000   0.16000   0.16000   0.16000   0.16000
     Eigenvalues ---    0.16000   0.16000   0.16031   0.16099   0.20353
     Eigenvalues ---    0.21902   0.21918   0.21921   0.22146   0.22880
     Eigenvalues ---    0.23522   0.24820   0.24934   0.24979   0.24983
     Eigenvalues ---    0.24988   0.24992   0.24995   0.24998   0.25161
     Eigenvalues ---    0.27140   0.27904   0.27947   0.28101   0.28206
     Eigenvalues ---    0.30438   0.31254   0.31397   0.31699   0.31937
     Eigenvalues ---    0.31961   0.33241   0.34348   0.34351   0.34371
     Eigenvalues ---    0.34379   0.34405   0.34406   0.34430   0.34436
     Eigenvalues ---    0.34456   0.34460   0.34478   0.34479   0.34501
     Eigenvalues ---    0.34512   0.34516   0.34545   0.34635   0.34683
     Eigenvalues ---    0.34725   0.34751   0.34754   0.34822   0.34838
     Eigenvalues ---    0.34912   0.35460   0.35672   0.35708   0.36748
     Eigenvalues ---    0.37700   0.38337   0.39787   0.41233   0.42208
     Eigenvalues ---    0.42546   0.43528   0.44750   0.45875   0.46138
     Eigenvalues ---    0.48732   0.50326   0.51482   0.522561000.00000
     Eigenvalues --- 1000.000001000.000001000.000001000.000001000.00000
     Eigenvalues --- 1000.000001000.000001000.000001000.000001000.00000
     Eigenvalues --- 1000.000001000.000001000.000001000.000001000.00000
     Eigenvalues --- 1000.000001000.000001000.000001000.000001000.00000
     Eigenvalues --- 1000.000001000.000001000.000001000.000001000.00000
     Eigenvalues --- 1000.000001000.000001000.000001000.000001000.00000
     Eigenvalues --- 1000.000001000.000001000.000001000.000001000.00000
     Eigenvalues --- 1000.000001000.000001000.000001000.000001000.00000
     Eigenvalues --- 1000.000001000.000001000.000001000.000001000.00000
     Eigenvalues --- 1000.000001000.000001000.000001000.000001000.00000
     Eigenvalues --- 1000.000001000.000001000.000001000.000001000.00000
     Eigenvalues --- 1000.000001000.000001000.000001000.000001000.00000
     Eigenvalues --- 1000.000001000.000001000.000001000.000001000.00000
     Eigenvalues --- 1000.000001000.000001000.000001000.000001000.00000
     Eigenvalues --- 1000.000001000.000001000.000001000.000001000.00000
     Eigenvalues --- 1000.000001000.000001000.000001000.000001000.00000
     Eigenvalues --- 1000.000001000.000001000.000001000.000001000.00000
     Eigenvalues --- 1000.000001000.000001000.000001000.000001000.00000
     Eigenvalues --- 1000.000001000.000001000.000001000.000001000.00000
     Eigenvalues --- 1000.000001000.000001000.000001000.000001000.00000
     Eigenvalues --- 1000.000001000.000001000.000001000.000001000.00000
     Eigenvalues --- 1000.000001000.000001000.000001000.000001000.00000
     Eigenvalues --- 1000.000001000.000001000.000001000.000001000.00000
     Eigenvalues --- 1000.000001000.000001000.000001000.000001000.00000
     Eigenvalues --- 1000.000001000.000001000.000001000.000001000.00000
     Eigenvalues --- 1000.000001000.000001000.000001000.000001000.00000
     Eigenvalues --- 1000.000001000.000001000.000001000.000001000.00000
     Eigenvalues --- 1000.000001000.000001000.000001000.000001000.00000
     Eigenvalues --- 1000.000001000.000001000.000001000.000001000.00000
     Eigenvalues --- 1000.000001000.000001000.00000
 En-DIIS/RFO-DIIS IScMMF=        0 using points:     3    2    1
 RFO step:  Lambda=-4.34523198D-08.
 DIIS coeffs:      0.90860      0.05398      0.03742
 Iteration  1 RMS(Cart)=  0.00072475 RMS(Int)=  0.00000020
 Iteration  2 RMS(Cart)=  0.00000031 RMS(Int)=  0.00000001
 Variable       Old X    -DE/DX   Delta X   Delta X   Delta X     New X
                                  (DIIS)     (GDIIS)  (Total)
    R1        2.67350  -0.00002  -0.00001   0.00000  -0.00001   2.67349
    R2        2.84251   0.00000   0.00000   0.00000   0.00001   2.84251
    R3        2.57590  -0.00001   0.00000  -0.00003  -0.00003   2.57587
    R4        2.60644  -0.00002  -0.00001  -0.00002  -0.00003   2.60641
    R5        2.55305  -0.00001   0.00000  -0.00002  -0.00002   2.55303
    R6        2.55274   0.00000   0.00000  -0.00001  -0.00001   2.55273
    R7        2.68848   0.00001   0.00001  -0.00001   0.00000   2.68848
    R8        2.68861   0.00000   0.00001  -0.00001   0.00000   2.68860
    R9        2.70672   0.00002   0.00001   0.00003   0.00004   2.70676
   R10        2.68510   0.00001  -0.00001   0.00005   0.00004   2.68514
   R11        2.85537   0.00000   0.00000   0.00001   0.00001   2.85538
   R12        2.70680   0.00002   0.00001   0.00002   0.00003   2.70683
   R13        2.68508   0.00001  -0.00001   0.00004   0.00004   2.68512
   R14        2.67314  -0.00001  -0.00001   0.00001   0.00000   2.67314
   R15        2.85538   0.00000  -0.00001   0.00001   0.00000   2.85539
   R16        2.84241   0.00001   0.00001   0.00002   0.00002   2.84243
   R17        2.57544  -0.00001   0.00001  -0.00003  -0.00003   2.57541
   R18        2.63882  -0.00001   0.00000  -0.00002  -0.00002   2.63880
   R19        2.04541   0.00000   0.00000   0.00000   0.00000   2.04540
   R20        2.63880  -0.00001   0.00000  -0.00001  -0.00002   2.63878
   R21        2.04935   0.00000   0.00000   0.00000   0.00000   2.04936
   R22        2.04537   0.00000   0.00000   0.00000   0.00000   2.04536
   R23        2.06119   0.00001   0.00000   0.00003   0.00003   2.06123
   R24        2.06475  -0.00001  -0.00001  -0.00001  -0.00002   2.06473
   R25        2.92239  -0.00001   0.00001  -0.00004  -0.00003   2.92236
   R26        2.06573   0.00000   0.00000  -0.00001  -0.00001   2.06572
   R27        2.06529   0.00000   0.00000   0.00001   0.00001   2.06529
   R28        2.06600   0.00000   0.00000   0.00001   0.00001   2.06601
   R29        2.06199   0.00000   0.00000   0.00000   0.00000   2.06199
   R30        2.06486   0.00000  -0.00001   0.00001   0.00000   2.06486
   R31        2.91938  -0.00002  -0.00001  -0.00006  -0.00007   2.91931
   R32        2.06652   0.00000   0.00000   0.00000   0.00000   2.06652
   R33        2.06722  -0.00001  -0.00001  -0.00001  -0.00001   2.06721
   R34        2.06753   0.00000   0.00000  -0.00001  -0.00001   2.06752
   R35        2.06496   0.00000  -0.00001   0.00002   0.00001   2.06497
   R36        2.06209   0.00000   0.00000  -0.00001  -0.00001   2.06209
   R37        2.91932  -0.00002  -0.00001  -0.00006  -0.00007   2.91925
   R38        2.06749   0.00000   0.00000   0.00000  -0.00001   2.06748
   R39        2.06721  -0.00001  -0.00001  -0.00001  -0.00001   2.06719
   R40        2.06652   0.00000   0.00000   0.00001   0.00000   2.06652
   R41        2.06119   0.00001   0.00000   0.00003   0.00003   2.06122
   R42        2.06491  -0.00001  -0.00001  -0.00001  -0.00002   2.06489
   R43        2.92238   0.00000   0.00001  -0.00002  -0.00001   2.92237
   R44        2.06529   0.00000   0.00000   0.00000   0.00000   2.06529
   R45        2.06573   0.00000   0.00000  -0.00001  -0.00001   2.06572
   R46        2.06609   0.00001   0.00000   0.00001   0.00002   2.06610
   R47        2.81520   0.00001   0.00000   0.00002   0.00002   2.81522
   R48        2.81445   0.00000   0.00000   0.00001   0.00001   2.81446
   R49        2.05822   0.00000   0.00000   0.00001   0.00000   2.05822
   R50        2.06077   0.00000   0.00000  -0.00001  -0.00001   2.06076
   R51        2.92607   0.00000   0.00000   0.00000   0.00000   2.92607
   R52        2.05965   0.00000   0.00000   0.00000   0.00000   2.05965
   R53        2.05934   0.00000   0.00000   0.00000   0.00000   2.05934
    A1        2.16325   0.00000   0.00000   0.00003   0.00003   2.16328
    A2        2.07255   0.00000   0.00000   0.00000  -0.00001   2.07254
    A3        2.04696   0.00000   0.00000  -0.00002  -0.00002   2.04694
    A4        2.15443   0.00000   0.00000  -0.00001  -0.00001   2.15442
    A5        2.15378   0.00000   0.00000  -0.00001   0.00000   2.15378
    A6        1.97496   0.00000   0.00000   0.00001   0.00001   1.97497
    A7        2.05094   0.00000   0.00000  -0.00001  -0.00001   2.05093
    A8        2.05102   0.00000   0.00000  -0.00001  -0.00002   2.05100
    A9        2.18120   0.00001   0.00001   0.00002   0.00003   2.18123
   A10        2.07487   0.00000   0.00000   0.00001   0.00001   2.07488
   A11        2.02430  -0.00001  -0.00001  -0.00002  -0.00003   2.02427
   A12        2.18402   0.00001   0.00001   0.00001   0.00002   2.18403
   A13        2.09216  -0.00001   0.00000  -0.00003  -0.00003   2.09214
   A14        2.09221  -0.00002  -0.00003   0.00003   0.00000   2.09221
   A15        2.09844   0.00002   0.00002   0.00000   0.00002   2.09845
   A16        2.07504   0.00000   0.00000   0.00002   0.00002   2.07506
   A17        2.02430  -0.00001  -0.00001  -0.00002  -0.00002   2.02428
   A18        2.18385   0.00001   0.00001  -0.00001   0.00000   2.18385
   A19        2.09178   0.00000   0.00000  -0.00002  -0.00002   2.09176
   A20        2.09874   0.00001   0.00002  -0.00003  -0.00001   2.09873
   A21        2.09223  -0.00001  -0.00002   0.00005   0.00003   2.09226
   A22        2.16455   0.00000   0.00000   0.00003   0.00004   2.16459
   A23        2.07256   0.00000   0.00000  -0.00002  -0.00002   2.07254
   A24        2.04565   0.00000   0.00000  -0.00001  -0.00002   2.04563
   A25        2.09979   0.00000   0.00000   0.00000   0.00001   2.09980
   A26        2.10559   0.00000   0.00003  -0.00003  -0.00001   2.10559
   A27        2.07780  -0.00001  -0.00003   0.00003   0.00000   2.07780
   A28        2.13695   0.00000   0.00000   0.00000   0.00000   2.13695
   A29        2.07313   0.00000   0.00000   0.00000   0.00000   2.07313
   A30        2.07310   0.00000   0.00000   0.00000   0.00000   2.07310
   A31        2.09982   0.00000   0.00000   0.00001   0.00001   2.09982
   A32        2.10557   0.00001   0.00002  -0.00002   0.00000   2.10557
   A33        2.07780  -0.00001  -0.00003   0.00001  -0.00001   2.07779
   A34        1.89976   0.00000   0.00004   0.00004   0.00008   1.89984
   A35        1.91206  -0.00001  -0.00002  -0.00017  -0.00019   1.91187
   A36        1.96943   0.00002  -0.00003   0.00015   0.00012   1.96955
   A37        1.85082   0.00000   0.00000   0.00001   0.00001   1.85083
   A38        1.91482   0.00000   0.00000   0.00013   0.00013   1.91496
   A39        1.91314  -0.00001   0.00000  -0.00016  -0.00016   1.91298
   A40        1.94447   0.00001  -0.00001   0.00007   0.00005   1.94452
   A41        1.90134   0.00000   0.00001   0.00001   0.00002   1.90136
   A42        1.94988  -0.00001  -0.00001  -0.00007  -0.00008   1.94980
   A43        1.89196   0.00000   0.00001  -0.00001  -0.00001   1.89195
   A44        1.88639   0.00000   0.00000  -0.00002  -0.00002   1.88637
   A45        1.88815   0.00000   0.00000   0.00003   0.00003   1.88818
   A46        1.92038   0.00000   0.00002   0.00002   0.00004   1.92042
   A47        1.90597  -0.00002   0.00001  -0.00021  -0.00020   1.90577
   A48        1.96915   0.00003  -0.00004   0.00024   0.00019   1.96935
   A49        1.84204   0.00001   0.00001  -0.00001   0.00000   1.84204
   A50        1.91027  -0.00002   0.00003  -0.00013  -0.00011   1.91017
   A51        1.91170   0.00000  -0.00002   0.00008   0.00005   1.91175
   A52        1.91059   0.00000   0.00001  -0.00002  -0.00001   1.91058
   A53        1.94336   0.00001  -0.00003   0.00013   0.00010   1.94346
   A54        1.94498  -0.00001   0.00000  -0.00006  -0.00006   1.94492
   A55        1.89017   0.00000   0.00001   0.00000   0.00001   1.89018
   A56        1.88886   0.00000   0.00001   0.00001   0.00001   1.88888
   A57        1.88421   0.00000   0.00001  -0.00006  -0.00005   1.88416
   A58        1.90553  -0.00002   0.00001  -0.00022  -0.00021   1.90532
   A59        1.91994   0.00000   0.00002   0.00002   0.00004   1.91998
   A60        1.96996   0.00003  -0.00005   0.00024   0.00019   1.97015
   A61        1.84212   0.00001   0.00001  -0.00001   0.00000   1.84212
   A62        1.91184   0.00000  -0.00002   0.00010   0.00008   1.91192
   A63        1.91008  -0.00002   0.00003  -0.00015  -0.00012   1.90996
   A64        1.94493  -0.00001   0.00000  -0.00007  -0.00007   1.94486
   A65        1.94369   0.00001  -0.00003   0.00016   0.00012   1.94381
   A66        1.91048   0.00000   0.00001  -0.00003  -0.00002   1.91046
   A67        1.88409   0.00000   0.00001  -0.00006  -0.00005   1.88403
   A68        1.88886   0.00000   0.00001   0.00000   0.00001   1.88888
   A69        1.89012   0.00000   0.00001  -0.00001   0.00001   1.89012
   A70        1.90043   0.00000   0.00004   0.00004   0.00008   1.90051
   A71        1.91200  -0.00001  -0.00002  -0.00014  -0.00016   1.91184
   A72        1.96854   0.00002  -0.00002   0.00011   0.00010   1.96863
   A73        1.85136   0.00000   0.00000   0.00000  -0.00001   1.85136
   A74        1.91515   0.00000  -0.00001   0.00017   0.00016   1.91531
   A75        1.91265  -0.00001   0.00001  -0.00018  -0.00017   1.91248
   A76        1.90150   0.00000   0.00000   0.00002   0.00003   1.90152
   A77        1.94459   0.00001  -0.00001   0.00007   0.00006   1.94465
   A78        1.94938  -0.00001   0.00001  -0.00008  -0.00008   1.94930
   A79        1.89197   0.00000   0.00000  -0.00002  -0.00001   1.89196
   A80        1.88840   0.00000   0.00000   0.00002   0.00001   1.88841
   A81        1.88638   0.00000   0.00000  -0.00001  -0.00001   1.88636
   A82        2.12136   0.00001   0.00000   0.00003   0.00004   2.12140
   A83        2.24771  -0.00001   0.00000  -0.00003  -0.00003   2.24768
   A84        1.91411   0.00000   0.00000   0.00000   0.00000   1.91410
   A85        2.12204   0.00001   0.00000   0.00004   0.00004   2.12208
   A86        1.91430   0.00000   0.00000   0.00000   0.00000   1.91430
   A87        2.24649  -0.00001   0.00000  -0.00003  -0.00004   2.24645
   A88        1.91791   0.00000   0.00000  -0.00006  -0.00006   1.91785
   A89        1.90459   0.00000   0.00001   0.00003   0.00004   1.90463
   A90        1.80987   0.00000   0.00000   0.00000   0.00000   1.80987
   A91        1.91933   0.00000   0.00000   0.00002   0.00001   1.91934
   A92        1.95642   0.00000   0.00001   0.00002   0.00003   1.95645
   A93        1.95239   0.00000  -0.00002  -0.00001  -0.00002   1.95237
   A94        1.80988   0.00000   0.00000   0.00000   0.00000   1.80988
   A95        1.90983   0.00000   0.00001   0.00000   0.00001   1.90984
   A96        1.91324   0.00000   0.00001  -0.00003  -0.00002   1.91322
   A97        1.95812   0.00000   0.00000  -0.00001   0.00000   1.95812
   A98        1.95111   0.00000  -0.00001   0.00002   0.00001   1.95113
   A99        1.91843   0.00000  -0.00001   0.00001   0.00000   1.91843
    D1        3.11442   0.00000  -0.00015   0.00034   0.00019   3.11461
    D2       -0.05670  -0.00001  -0.00022   0.00012  -0.00009  -0.05679
    D3        0.00499   0.00000  -0.00008   0.00027   0.00019   0.00518
    D4        3.11706   0.00000  -0.00015   0.00005  -0.00010   3.11697
    D5        0.59157   0.00000   0.00002  -0.00071  -0.00069   0.59088
    D6        2.60813   0.00000   0.00003  -0.00077  -0.00073   2.60740
    D7       -1.53841  -0.00001   0.00001  -0.00100  -0.00099  -1.53940
    D8       -2.58175   0.00000  -0.00005  -0.00064  -0.00068  -2.58244
    D9       -0.56519  -0.00001  -0.00003  -0.00070  -0.00073  -0.56593
   D10        1.57145  -0.00002  -0.00006  -0.00093  -0.00099   1.57046
   D11        0.00292   0.00000   0.00000   0.00001   0.00001   0.00293
   D12        3.14063   0.00000  -0.00005   0.00009   0.00004   3.14067
   D13       -3.10865   0.00000   0.00007  -0.00005   0.00001  -3.10864
   D14        0.02906   0.00000   0.00002   0.00002   0.00004   0.02910
   D15       -0.00336   0.00000  -0.00004   0.00012   0.00008  -0.00328
   D16       -3.13851   0.00000  -0.00006   0.00018   0.00011  -3.13839
   D17        3.13146   0.00000   0.00006  -0.00014  -0.00008   3.13137
   D18       -0.00370   0.00000   0.00004  -0.00009  -0.00005  -0.00374
   D19       -0.00382   0.00000   0.00006  -0.00021  -0.00015  -0.00398
   D20        3.14099   0.00000   0.00010  -0.00028  -0.00018   3.14081
   D21       -3.13926   0.00000  -0.00003   0.00003  -0.00001  -3.13927
   D22        0.00555   0.00000   0.00001  -0.00004  -0.00003   0.00552
   D23        0.01021   0.00000  -0.00005   0.00024   0.00019   0.01040
   D24       -3.10496   0.00000  -0.00009   0.00025   0.00015  -3.10480
   D25       -3.13753   0.00000   0.00004   0.00000   0.00004  -3.13749
   D26        0.03048   0.00000   0.00000   0.00001   0.00001   0.03049
   D27        0.01097   0.00000  -0.00003   0.00016   0.00013   0.01110
   D28       -3.13044   0.00000  -0.00001   0.00026   0.00025  -3.13019
   D29       -3.13759   0.00000  -0.00001   0.00010   0.00009  -3.13750
   D30        0.00418   0.00000   0.00001   0.00020   0.00021   0.00439
   D31       -0.01053   0.00000   0.00003  -0.00021  -0.00018  -0.01070
   D32        3.13148   0.00000   0.00002  -0.00024  -0.00023   3.13125
   D33        3.13804   0.00000   0.00001  -0.00014  -0.00014   3.13790
   D34       -0.00314   0.00000   0.00000  -0.00018  -0.00019  -0.00333
   D35       -0.01195   0.00000   0.00009  -0.00035  -0.00026  -0.01221
   D36       -3.12391   0.00000   0.00016  -0.00014   0.00003  -3.12388
   D37        3.12944  -0.00001   0.00007  -0.00046  -0.00039   3.12905
   D38        0.01748   0.00000   0.00014  -0.00025  -0.00010   0.01738
   D39       -0.00038   0.00000  -0.00002  -0.00010  -0.00012  -0.00050
   D40        3.14031   0.00000   0.00000  -0.00007  -0.00007   3.14024
   D41        3.14141   0.00000   0.00000   0.00001   0.00001   3.14142
   D42       -0.00109   0.00000   0.00002   0.00004   0.00006  -0.00103
   D43        0.52526   0.00000   0.00007  -0.00034  -0.00026   0.52499
   D44        2.53940  -0.00001   0.00010  -0.00046  -0.00036   2.53905
   D45       -1.61356   0.00000   0.00005  -0.00035  -0.00030  -1.61385
   D46       -2.64596   0.00000   0.00000  -0.00055  -0.00055  -2.64652
   D47       -0.63182  -0.00001   0.00003  -0.00067  -0.00064  -0.63246
   D48        1.49841   0.00000  -0.00002  -0.00056  -0.00058   1.49782
   D49        0.01859   0.00000  -0.00009   0.00035   0.00026   0.01886
   D50        3.12876   0.00000  -0.00015   0.00016   0.00001   3.12877
   D51       -3.12345   0.00000  -0.00008   0.00040   0.00032  -3.12314
   D52       -0.01329   0.00000  -0.00014   0.00021   0.00007  -0.01322
   D53       -0.00172   0.00000   0.00001   0.00006   0.00007  -0.00165
   D54        3.14140   0.00000  -0.00001   0.00005   0.00004   3.14144
   D55        3.14031   0.00000   0.00000   0.00002   0.00002   3.14033
   D56        0.00025   0.00000  -0.00002   0.00001  -0.00002   0.00024
   D57       -3.12180   0.00000   0.00014  -0.00027  -0.00014  -3.12193
   D58       -0.01252   0.00000   0.00008  -0.00021  -0.00013  -0.01265
   D59        0.05110   0.00001   0.00020  -0.00008   0.00012   0.05122
   D60       -3.12281   0.00000   0.00014  -0.00002   0.00012  -3.12269
   D61        0.63441   0.00001  -0.00006   0.00051   0.00045   0.63486
   D62        2.64815   0.00000  -0.00003   0.00038   0.00035   2.64850
   D63       -1.49622   0.00000  -0.00001   0.00037   0.00037  -1.49586
   D64       -2.53862   0.00000  -0.00012   0.00032   0.00019  -2.53842
   D65       -0.52488   0.00000  -0.00009   0.00019   0.00010  -0.52478
   D66        1.61394   0.00000  -0.00007   0.00018   0.00011   1.61405
   D67       -0.58918   0.00000  -0.00003   0.00086   0.00083  -0.58835
   D68       -2.60673   0.00000  -0.00004   0.00092   0.00088  -2.60585
   D69        1.54109   0.00001  -0.00002   0.00117   0.00116   1.54225
   D70        2.58428   0.00000   0.00003   0.00080   0.00083   2.58510
   D71        0.56672   0.00001   0.00002   0.00086   0.00088   0.56760
   D72       -1.56864   0.00002   0.00004   0.00111   0.00115  -1.56749
   D73       -0.00172   0.00000  -0.00001  -0.00008  -0.00010  -0.00182
   D74        3.10799   0.00000   0.00004  -0.00009  -0.00005   3.10794
   D75        3.10975   0.00000  -0.00007  -0.00002  -0.00009   3.10966
   D76       -0.06373   0.00000  -0.00001  -0.00003  -0.00004  -0.06377
   D77        0.00547   0.00000  -0.00002   0.00002   0.00000   0.00547
   D78       -3.13917   0.00000  -0.00001   0.00006   0.00005  -3.13912
   D79       -3.13764   0.00000   0.00000   0.00004   0.00004  -3.13760
   D80        0.00091   0.00000   0.00001   0.00007   0.00008   0.00100
   D81       -0.00435   0.00000   0.00003   0.00000   0.00002  -0.00433
   D82        3.13813   0.00000   0.00001  -0.00003  -0.00003   3.13810
   D83        3.14028   0.00000   0.00001  -0.00004  -0.00003   3.14026
   D84       -0.00042   0.00000  -0.00001  -0.00007  -0.00007  -0.00049
   D85        1.05455   0.00001   0.00007   0.00025   0.00033   1.05487
   D86        3.14089   0.00001   0.00008   0.00028   0.00037   3.14126
   D87       -1.05732   0.00001   0.00009   0.00028   0.00037  -1.05695
   D88       -1.06693  -0.00001   0.00004   0.00001   0.00005  -1.06689
   D89        1.01942   0.00000   0.00005   0.00004   0.00009   1.01950
   D90        3.10439   0.00000   0.00005   0.00004   0.00009   3.10447
   D91       -3.09260  -0.00001   0.00004   0.00001   0.00005  -3.09255
   D92       -1.00625   0.00000   0.00004   0.00005   0.00009  -1.00616
   D93        1.07872   0.00000   0.00005   0.00005   0.00009   1.07881
   D94       -3.13501   0.00000   0.00004   0.00033   0.00037  -3.13464
   D95       -1.04558   0.00001   0.00004   0.00039   0.00043  -1.04514
   D96        1.05935   0.00000   0.00003   0.00037   0.00040   1.05974
   D97        1.00371   0.00000   0.00002   0.00023   0.00026   1.00397
   D98        3.09315   0.00000   0.00002   0.00030   0.00032   3.09346
   D99       -1.08512   0.00000   0.00001   0.00028   0.00028  -1.08483
   D100      -1.00802   0.00000   0.00001   0.00028   0.00029  -1.00773
   D101       1.08142   0.00000   0.00001   0.00034   0.00035   1.08177
   D102      -3.09684   0.00000   0.00000   0.00032   0.00032  -3.09653
   D103      -1.06017  -0.00001  -0.00003  -0.00043  -0.00046  -1.06062
   D104       1.04479  -0.00001  -0.00005  -0.00044  -0.00049   1.04430
   D105       3.13429   0.00000  -0.00004  -0.00037  -0.00041   3.13388
   D106       3.09594   0.00000   0.00000  -0.00038  -0.00038   3.09556
   D107      -1.08229   0.00000  -0.00001  -0.00040  -0.00041  -1.08270
   D108       1.00722   0.00000  -0.00001  -0.00032  -0.00034   1.00688
   D109       1.08416   0.00000  -0.00001  -0.00034  -0.00036   1.08380
   D110      -3.09407   0.00000  -0.00003  -0.00036  -0.00039  -3.09446
   D111      -1.00457   0.00000  -0.00003  -0.00029  -0.00032  -1.00488
   D112      -3.13890  -0.00001  -0.00008  -0.00019  -0.00027  -3.13916
   D113      -1.05237  -0.00001  -0.00008  -0.00015  -0.00022  -1.05259
   D114       1.05922  -0.00001  -0.00008  -0.00017  -0.00025   1.05897
   D115      -1.01694   0.00000  -0.00005   0.00006   0.00002  -1.01693
   D116       1.06959   0.00001  -0.00004   0.00010   0.00006   1.06965
   D117      -3.10201   0.00000  -0.00005   0.00008   0.00003  -3.10198
   D118       1.00929   0.00000  -0.00005   0.00005   0.00000   1.00929
   D119       3.09582   0.00000  -0.00005   0.00009   0.00004   3.09586
   D120      -1.07578   0.00000  -0.00005   0.00007   0.00001  -1.07577
   D121       3.10838   0.00000   0.00003  -0.00002   0.00001   3.10839
   D122      -1.08249   0.00000   0.00004  -0.00003   0.00001  -1.08248
   D123       1.02258   0.00000   0.00004  -0.00003   0.00001   1.02259
   D124      -0.03673   0.00000  -0.00001   0.00005   0.00004  -0.03670
   D125       2.05559   0.00000  -0.00001   0.00004   0.00003   2.05562
   D126      -2.12253   0.00000  -0.00001   0.00004   0.00003  -2.12249
   D127      -2.14513   0.00000  -0.00002   0.00003   0.00001  -2.14512
   D128       2.03226   0.00000  -0.00002   0.00003   0.00001   2.03226
   D129      -0.05087   0.00000  -0.00001   0.00002   0.00002  -0.05086
   D130       1.02531   0.00000  -0.00007   0.00003  -0.00003   1.02528
   D131      -1.08049   0.00000  -0.00007   0.00003  -0.00004  -1.08052
   D132       3.11957   0.00000  -0.00006   0.00003  -0.00003   3.11954
   D133       0.05086   0.00000   0.00001  -0.00004  -0.00003   0.05083
   D134      -2.00826   0.00000   0.00000  -0.00004  -0.00004  -2.00829
   D135       2.11056   0.00000   0.00002  -0.00007  -0.00005   2.11052
   D136       2.11871   0.00000   0.00002  -0.00011  -0.00009   2.11862
   D137       0.05960   0.00000   0.00001  -0.00010  -0.00009   0.05951
   D138      -2.10477   0.00000   0.00003  -0.00013  -0.00010  -2.10487
   D139      -1.99924   0.00000   0.00001  -0.00007  -0.00007  -1.99930
   D140       2.22484   0.00000   0.00000  -0.00007  -0.00007   2.22477
   D141       0.06047   0.00000   0.00002  -0.00010  -0.00008   0.06039
         Item               Value     Threshold  Converged?
 Maximum Force            0.000030     0.000450     YES
 RMS     Force            0.000007     0.000300     YES
 Maximum Displacement     0.003595     0.001800     NO 
 RMS     Displacement     0.000725     0.001200     YES
 Predicted change in Energy=-1.014635D-07
 GradGradGradGradGradGradGradGradGradGradGradGradGradGradGradGradGradGrad

                          Input orientation:                          
 ---------------------------------------------------------------------
 Center     Atomic      Atomic             Coordinates (Angstroms)
 Number     Number       Type             X           Y           Z
 ---------------------------------------------------------------------
      1          6           0        2.362918   -0.786337    0.137245
      2          6           0        0.000295   -0.620566    0.109649
      3          6           0        0.000254    0.737461   -0.131394
      4          6           0        1.262047    1.385507   -0.240684
      5          6           0        2.455014    0.603485   -0.110598
      6          6           0       -1.261597    1.385008   -0.243761
      7          6           0       -2.454716    0.602751   -0.116118
      8          6           0       -2.362462   -0.785294    0.140414
      9          6           0       -1.223678    2.785780   -0.479053
     10          6           0        0.000212    3.449671   -0.585162
     11          6           0        1.224098    2.786501   -0.474735
     12          1           0       -2.139873    3.353672   -0.577205
     13          1           0        0.000228    4.519526   -0.762616
     14          1           0        2.140278    3.355006   -0.569185
     15          6           0        3.552664   -1.698975    0.256390
     16          1           0        4.374875   -1.148167    0.715002
     17          1           0        3.318332   -2.517417    0.941251
     18          6           0        4.006020   -2.275356   -1.105138
     19          1           0        4.295592   -1.481173   -1.798216
     20          1           0        4.869785   -2.925563   -0.945185
     21          1           0        3.216715   -2.866522   -1.577151
     22          6           0        3.811117    1.264065   -0.198612
     23          1           0        4.548788    0.554324   -0.576419
     24          1           0        3.772065    2.067333   -0.938326
     25          6           0        4.290416    1.831901    1.155767
     26          1           0        5.269657    2.301615    1.028004
     27          1           0        3.595964    2.584608    1.540250
     28          1           0        4.384547    1.043900    1.908901
     29          6           0       -3.810980    1.261662   -0.213704
     30          1           0       -3.769209    2.060027   -0.958649
     31          1           0       -4.546247    0.548620   -0.590123
     32          6           0       -4.297255    1.837847    1.134613
     33          1           0       -4.395035    1.054522    1.892123
     34          1           0       -3.605160    2.593177    1.518180
     35          1           0       -5.275978    2.306394    0.998842
     36          6           0       -3.550917   -1.698499    0.267279
     37          1           0       -4.374288   -1.145572    0.721230
     38          1           0       -3.315053   -2.511436    0.958279
     39          6           0       -4.002204   -2.286575   -1.089932
     40          1           0       -4.866456   -2.935122   -0.925931
     41          1           0       -4.290212   -1.498451   -1.790538
     42          1           0       -3.211922   -2.881935   -1.555100
     43          7           0        1.127693   -1.353312    0.241075
     44          7           0       -1.127385   -1.351682    0.246002
     45          6           0       -0.774304   -2.766812    0.547505
     46          1           0       -1.214511   -3.425733   -0.199703
     47          1           0       -1.148603   -3.025088    1.538665
     48          6           0        0.773164   -2.777877    0.494614
     49          1           0        1.152872   -3.396198   -0.318665
     50          1           0        1.207975   -3.100419    1.440379
 ---------------------------------------------------------------------
                    Distance matrix (angstroms):
                    1          2          3          4          5
     1  C    0.000000
     2  C    2.368592   0.000000
     3  C    2.824235   1.379253   0.000000
     4  C    2.464072   2.395638   1.422684   0.000000
     5  C    1.414749   2.751810   2.458501   1.432358   0.000000
     6  C    4.242289   2.395745   1.422748   2.523646   3.800225
     7  C    5.020295   2.752191   2.458711   3.800336   4.909733
     8  C    4.725381   2.368692   2.824020   4.242014   5.019939
     9  C    5.099364   3.667134   2.411325   2.862938   4.293127
    10  C    4.903877   4.129115   2.749907   2.443699   3.788408
    11  C    3.799553   3.667057   2.411275   1.420917   2.532451
    12  H    6.158347   4.565813   3.409318   3.944614   5.375336
    13  H    5.877434   5.213578   3.834379   3.418578   4.667599
    14  H    4.207058   4.565689   3.409238   2.181313   2.807174
    15  C    1.504194   3.715350   4.325068   3.874021   2.576982
    16  H    2.124310   4.447670   4.838314   4.125837   2.726860
    17  H    2.134451   3.911391   4.770162   4.567067   3.404664
    18  C    2.541747   4.501097   5.106016   4.656026   3.417960
    19  H    2.822062   4.778093   5.113762   4.454902   3.252934
    20  H    3.468764   5.489775   6.147547   5.665458   4.356815
    21  H    2.827595   4.270243   5.042274   4.866890   3.843425
    22  C    2.532633   4.262538   3.847663   2.552308   1.511002
    23  H    2.661713   4.747615   4.573921   3.406795   2.145529
    24  H    3.359461   4.748611   4.079982   2.692913   2.136026
    25  C    3.407024   5.051149   4.610865   3.364575   2.545857
    26  H    4.333362   6.094973   5.617596   4.302297   3.478832
    27  H    3.853841   5.024798   4.374411   3.171235   2.819913
    28  H    3.252002   5.022890   4.845486   3.806234   2.827621
    29  C    6.514175   4.262998   3.847995   5.074611   6.301310
    30  H    6.848778   4.747210   4.079508   5.126791   6.448384
    31  H    7.074442   4.746337   4.573485   5.878670   7.017878
    32  C    7.227654   5.056014   4.613264   5.744728   6.976198
    33  H    7.220684   5.030115   4.849094   6.054832   7.151049
    34  H    6.996146   5.031045   4.377647   5.314300   6.583123
    35  H    8.286137   6.098919   5.619396   6.717904   7.993684
    36  C    5.985181   3.714551   4.324773   5.738793   6.443069
    37  H    6.772004   4.448217   4.838326   6.252993   7.098627
    38  H    5.990777   3.909871   4.768016   6.129724   6.643711
    39  C    6.653679   4.498286   5.107177   6.474392   7.141933
    40  H    7.616526   5.487701   6.148498   7.529671   8.172542
    41  H    6.963303   4.773871   5.114701   6.445684   7.262122
    42  H    6.191478   4.266558   5.044308   6.321008   6.808003
    43  N    1.363093   1.351005   2.404409   2.784111   2.390504
    44  N    3.537464   1.350846   2.403854   3.665850   4.096758
    45  C    3.732661   2.323380   3.652502   4.691452   4.713862
    46  H    4.458469   3.072525   4.337338   5.411381   5.450500
    47  H    4.393946   3.023868   4.273844   5.332042   5.373329
    48  C    2.573181   2.323686   3.653337   4.255988   3.824724
    49  H    2.912634   3.035790   4.295432   4.783587   4.211452
    50  H    2.896037   3.062517   4.319535   4.790870   4.204705
                    6          7          8          9         10
     6  C    0.000000
     7  C    1.432394   0.000000
     8  C    2.463677   1.414563   0.000000
     9  C    1.420902   2.532349   3.799097   0.000000
    10  C    2.443675   3.788354   4.903429   1.396394   0.000000
    11  C    2.862903   4.293140   5.098975   2.447780   1.396383
    12  H    2.181328   2.807007   4.206609   1.082381   2.142252
    13  H    3.418570   4.667530   5.876979   2.141081   1.084472
    14  H    3.944559   5.375328   6.157945   3.412966   2.142218
    15  C    5.739182   6.444014   5.986399   6.592977   6.311631
    16  H    6.253480   7.099281   6.771524   6.945898   6.478288
    17  H    6.132612   6.646922   5.992747   7.125379   6.996142
    18  C    6.472096   7.141622   6.658021   7.304575   7.006626
    19  H    6.443111   7.262152   6.969377   7.099959   6.650941
    20  H    7.527740   8.172189   7.620018   8.364628   8.030316
    21  H    6.317335   6.807026   6.197480   7.271274   7.157110
    22  C    5.074357   6.301175   6.513670   5.267202   4.410135
    23  H    5.878884   7.018782   7.076285   6.189526   5.391907
    24  H    5.126962   6.449328   6.850809   5.067992   4.032674
    25  C    5.743104   6.973186   7.220903   5.829902   4.904474
    26  H    6.716758   7.991314   8.280463   6.683489   5.629155
    27  H    5.312027   6.578909   6.987032   5.229436   4.265576
    28  H    6.052211   7.146387   7.210800   6.339452   5.588424
    29  C    2.552542   1.511006   2.532515   3.014545   4.410278
    30  H    2.693480   2.135744   3.358978   2.690067   4.034741
    31  H    3.407115   2.145253   2.661189   4.007080   5.393181
    32  C    3.364550   2.546515   3.407745   3.598524   4.901410
    33  H    3.806527   2.828774   3.253423   4.321717   5.584968
    34  H    3.171182   2.820682   3.854427   3.114080   4.261025
    35  H    4.302123   3.479231   4.334052   4.339945   5.626218
    36  C    3.874295   2.577674   1.504149   5.107036   6.311959
    37  H    4.126001   2.728102   2.124757   5.179050   6.477590
    38  H    4.565507   3.404801   2.134455   5.873693   6.993424
    39  C    4.659126   3.419245   2.540935   5.815683   7.012749
    40  H    5.667794   4.357618   3.468262   6.796930   8.035307
    41  H    4.458628   3.253886   2.820175   5.429388   6.659172
    42  H    4.871363   3.845395   2.827057   6.101965   7.165739
    43  N    3.666356   4.097246   3.537507   4.814521   5.002252
    44  N    2.783407   2.390136   1.362850   4.201615   5.001530
    45  C    4.254546   3.823367   2.571844   5.664542   6.366119
    46  H    4.811173   4.215896   2.899205   6.217798   6.992518
    47  H    4.758020   4.195885   2.906069   6.151667   6.910349
    48  C    4.692021   4.713900   3.732023   5.990800   6.367552
    49  H    5.356790   5.389556   4.402857   6.624995   6.947342
    50  H    5.390192   5.436126   4.449465   6.651654   6.961695
                   11         12         13         14         15
    11  C    0.000000
    12  H    3.412988   0.000000
    13  H    2.141053   2.444101   0.000000
    14  H    1.082360   4.280159   2.444041   0.000000
    15  C    5.106492   7.656964   7.233805   5.312168   0.000000
    16  H    5.179236   8.023608   7.310515   5.188557   1.090755
    17  H    5.875576   8.158885   7.964393   6.176940   1.092609
    18  C    5.810240   8.350848   7.895195   5.955603   1.546448
    19  H    5.422058   8.141364   7.451913   5.435487   2.195628
    20  H    6.792646   9.418042   8.898049   6.858362   2.164049
    21  H    6.094466   8.269446   8.097096   6.393913   2.199522
    22  C    3.014419   6.318550   5.043709   2.702048   3.008892
    23  H    4.005811   7.250830   6.037126   3.693886   2.600614
    24  H    2.687797   6.061030   4.502319   2.111184   3.957342
    25  C    3.601681   6.831369   5.413800   3.149349   3.717559
    26  H    4.342797   7.654061   5.991021   3.667923   4.421332
    27  H    3.118761   6.162377   4.687901   2.676238   4.472052
    28  H    4.325138   7.354171   6.199938   4.064341   3.308502
    29  C    5.267380   2.702080   5.043837   6.318697   7.950447
    30  H    5.069029   2.115124   4.505133   6.062234   8.319630
    31  H    6.190179   3.695824   6.038898   7.251610   8.447521
    32  C    5.828833   3.143619   5.409181   6.829826   8.654572
    33  H    6.338488   4.058253   6.194532   7.352590   8.568739
    34  H    5.227889   2.667593   4.680991   6.160157   8.440920
    35  H    6.682284   3.662768   5.986572   7.652395   9.723123
    36  C    6.592920   5.313062   7.234304   7.656846   7.103589
    37  H    6.945032   5.188616   7.309688   8.022465   7.959830
    38  H    7.122188   6.175617   7.961595   8.155300   6.951134
    39  C    7.309501   5.961841   7.902507   8.356357   7.696355
    40  H    8.368716   6.863293   8.904104   9.422701   8.591130
    41  H    7.106319   5.444192   7.461940   8.148555   8.108072
    42  H    7.278505   6.402215   8.107254   8.277530   7.102148
    43  N    4.202349   5.788114   6.063728   4.883657   2.449531
    44  N    4.813886   4.882945   6.062995   5.787492   4.692928
    45  C    5.989814   6.371034   7.443591   6.871567   4.466282
    46  H    6.679395   6.852673   8.057270   7.574269   5.090743
    47  H    6.592273   6.793239   7.971004   7.481001   5.050220
    48  C    5.666153   6.872443   7.445143   6.372827   2.991053
    49  H    6.185079   7.514636   8.011515   6.827627   2.995038
    50  H    6.190619   7.545464   8.023429   6.824958   2.977153
                   16         17         18         19         20
    16  H    0.000000
    17  H    1.744224   0.000000
    18  C    2.172445   2.172376   0.000000
    19  H    2.536423   3.087640   1.093131   0.000000
    20  H    2.481994   2.476334   1.092907   1.773027   0.000000
    21  H    3.089991   2.544514   1.093287   1.769757   1.770737
    22  C    2.640336   3.980168   3.658863   3.213998   4.385332
    23  H    2.143942   3.640459   2.929374   2.387497   3.514064
    24  H    3.665558   4.975804   4.352184   3.688547   5.112147
    25  C    3.013671   4.461786   4.697034   4.438750   5.232890
    26  H    3.577653   5.199833   5.205356   4.821390   5.601496
    27  H    3.901454   5.144564   5.548465   5.307108   6.177539
    28  H    2.496126   3.841372   4.499463   4.486270   4.913034
    29  C    8.583588   8.151224   8.626160   8.703467   9.665589
    30  H    8.911774   8.648460   8.903437   8.847937   9.974393
    31  H    9.174358   8.578887   9.021161   9.151921  10.042792
    32  C    9.181405   8.775129   9.533063   9.667182  10.538039
    33  H    9.118595   8.553300   9.520997   9.776265  10.475127
    34  H    8.850068   8.624719   9.408213   9.487924  10.409100
    35  H   10.254439   9.855691  10.562890  10.666965  11.579686
    36  C    7.957481   6.950644   7.702181   8.116724   8.595579
    37  H    8.749166   7.817083   8.651104   9.034770   9.560241
    38  H    7.813621   6.633410   7.609962   8.159756   8.413456
    39  C    8.644605   7.600608   8.008246   8.366825   8.896148
    40  H    9.554479   8.405452   8.898777   9.317617   9.736265
    41  H    9.026858   8.148062   8.360671   8.585826   9.308965
    42  H    8.106713   7.000633   7.257347   7.640943   8.104807
    43  N    3.287991   2.577652   3.308658   3.769701   4.228764
    44  N    5.525960   4.648302   5.388005   5.796919   6.313642
    45  C    5.400195   4.119090   5.081757   5.732288   5.840297
    46  H    6.104525   4.761668   5.421911   6.057871   6.150169
    47  H    5.891525   4.535212   5.841398   6.569453   6.511560
    48  C    3.959400   2.597154   3.641852   4.398410   4.344783
    49  H    4.062439   2.654970   3.164692   3.966495   3.798614
    50  H    3.790345   2.245580   3.871620   4.758554   4.373825
                   21         22         23         24         25
    21  H    0.000000
    22  C    4.394933   0.000000
    23  H    3.805007   1.091160   0.000000
    24  H    5.005940   1.092676   1.738813   0.000000
    25  C    5.540475   1.544832   2.167816   2.170102   0.000000
    26  H    6.140932   2.169892   2.479284   2.482766   1.093557
    27  H    6.291012   2.194029   3.083863   2.538095   1.093919
    28  H    5.367289   2.195200   2.538400   3.086949   1.094083
    29  C    8.263739   7.622113   8.397477   7.660075   8.236094
    30  H    8.570681   7.659801   8.461816   7.541305   8.335488
    31  H    8.538208   8.397064   9.095047   8.462981   9.098437
    32  C    9.270626   8.237258   9.100964   8.334487   8.587700
    33  H    9.238462   8.470892   9.291710   8.702801   8.751206
    34  H    9.269702   7.727554   8.662052   7.793227   7.940467
    35  H   10.272323   9.224730  10.103327   9.256179   9.579440
    36  C    7.111050   7.949427   8.449395   8.322322   8.645210
    37  H    8.115883   8.582152   9.175774   8.912910   9.172310
    38  H    7.015588   8.147092   8.578705   8.648091   8.760522
    39  C    7.258547   8.628412   9.025180   8.911720   9.527463
    40  H    8.109651   9.667598  10.047150   9.982422  10.531206
    41  H    7.633551   8.706162   9.155103   8.856714   9.664323
    42  H    6.428693   8.267554   8.543671   8.582059   9.265750
    43  N    3.155909   3.774223   4.001408   4.481574   4.580946
    44  N    4.948720   5.606123   6.043854   6.090723   6.349444
    45  C    4.522426   6.150671   6.374046   6.800450   6.868008
    46  H    4.673953   6.873947   7.014156   7.455553   7.732027
    47  H    5.365580   6.783347   7.053088   7.502081   7.302047
    48  C    3.204841   5.103628   5.148399   5.875609   5.835944
    49  H    2.474629   5.366445   5.215871   6.090511   6.273050
    50  H    3.632524   5.339604   5.346556   6.240069   5.823250
                   26         27         28         29         30
    26  H    0.000000
    27  H    1.773057   0.000000
    28  H    1.772355   1.769618   0.000000
    29  C    9.223953   7.725889   8.468739   0.000000
    30  H    9.257767   7.795220   8.702821   1.092738   0.000000
    31  H   10.101648   8.659060   9.287061   1.091209   1.738951
    32  C    9.578740   7.938835   8.752346   1.544802   2.170240
    33  H    9.783057   8.143773   8.779605   2.195116   3.087005
    34  H    8.893125   7.201163   8.147905   2.194246   2.538866
    35  H   10.545676   8.892799   9.785083   2.169781   2.482503
    36  C    9.715047   8.428723   8.554956   3.010238   3.959428
    37  H   10.246116   8.837983   9.106127   2.643141   3.669330
    38  H    9.842132   8.606422   8.533929   3.981928   4.977866
    39  C   10.559571   9.400980   9.509083   3.659826   4.354822
    40  H   11.575062  10.400097  10.461833   4.385691   5.114346
    41  H   10.666573   9.484581   9.767336   3.214699   3.691375
    42  H   10.270287   9.263454   9.225932   4.396317   5.008923
    43  N    5.579750   4.825705   4.374400   5.606728   6.088503
    44  N    7.408120   6.283269   6.235819   3.773934   4.479976
    45  C    7.902486   6.980148   6.556575   5.101906   5.876762
    46  H    8.738090   7.892547   7.468151   5.358500   6.098856
    47  H    8.356351   7.347081   6.878190   5.341841   6.241999
    48  C    6.804718   6.149617   5.445023   6.150932   6.793412
    49  H    7.157269   6.722670   5.926234   6.807827   7.376100
    50  H    6.771210   6.167009   5.242662   6.852274   7.560285
                   31         32         33         34         35
    31  H    0.000000
    32  C    2.167676   0.000000
    33  H    2.537784   1.094066   0.000000
    34  H    3.083958   1.093911   1.769518   0.000000
    35  H    2.479332   1.093557   1.772341   1.773016   0.000000
    36  C    2.602953   3.716858   3.306324   4.470591   4.421559
    37  H    2.149303   3.012907   2.492355   3.899350   3.578572
    38  H    3.643807   4.462295   3.841156   5.143416   5.201765
    39  C    2.929867   4.695372   4.495542   5.547240   5.203925
    40  H    3.514507   5.229825   4.907232   6.174677   5.598745
    41  H    2.386849   4.437053   4.482259   5.306442   4.819669
    42  H    3.805300   5.539751   5.364587   6.290988   6.140171
    43  N    6.041674   6.357041   6.246931   6.293304   7.414489
    44  N    3.999859   4.583754   4.379163   4.829050   5.582035
    45  C    5.149159   5.827415   5.433257   6.138847   6.797514
    46  H    5.200805   6.244116   5.879129   6.700269   7.126661
    47  H    5.370950   5.807358   5.225655   6.131883   6.763972
    48  C    6.366974   6.886484   6.584117   7.004686   7.918091
    49  H    6.936514   7.694877   7.448206   7.866733   8.693991
    50  H    7.109817   7.401860   6.990088   7.455828   8.454007
                   36         37         38         39         40
    36  C    0.000000
    37  H    1.090752   0.000000
    38  H    1.092694   1.744637   0.000000
    39  C    1.546452   2.172703   2.172074   0.000000
    40  H    2.164169   2.481503   2.477219   1.092905   0.000000
    41  H    2.195720   2.537828   3.087567   1.093133   1.773028
    42  H    2.199205   3.089940   2.542633   1.093334   1.770923
    43  N    4.691400   5.526798   4.646893   5.381301   6.308236
    44  N    2.448315   3.287964   2.576482   3.305046   4.226271
    45  C    2.988210   3.952023   2.586379   3.651187   4.352592
    46  H    2.942822   4.003929   2.566932   3.140290   3.755637
    47  H    3.024462   3.821757   2.300910   3.949425   4.461475
    48  C    4.462557   5.404816   4.123044   5.055324   5.817903
    49  H    5.034992   6.057739   4.730301   5.329252   6.067428
    50  H    5.097901   5.958210   4.586622   5.848998   6.521155
                   41         42         43         44         45
    41  H    0.000000
    42  H    1.769793   0.000000
    43  N    5.788109   4.939148   0.000000
    44  N    3.764640   3.151339   2.255083   0.000000
    45  C    4.408718   3.221209   2.389450   1.489350   0.000000
    46  H    3.962968   2.474362   3.158343   2.123189   1.089164
    47  H    4.825341   3.721446   3.108070   2.114643   1.090506
    48  C    5.700581   4.482529   1.489751   2.389126   1.548411
    49  H    5.949372   4.565596   2.118331   3.114236   2.204628
    50  H    6.575347   5.343793   2.120651   3.152542   2.199533
                   46         47         48         49         50
    46  H    0.000000
    47  H    1.785156   0.000000
    48  C    2.202872   2.200988   0.000000
    49  H    2.370554   2.980636   1.089918   0.000000
    50  H    2.943491   2.359830   1.089755   1.784589   0.000000
 Stoichiometry    C21H27N2(2+,2)
 Framework group  C1[X(C21H27N2)]
 Deg. of freedom   144
 Full point group                 C1      NOp   1
 Largest Abelian subgroup         C1      NOp   1
 Largest concise Abelian subgroup C1      NOp   1
                         Standard orientation:                         
 ---------------------------------------------------------------------
 Center     Atomic      Atomic             Coordinates (Angstroms)
 Number     Number       Type             X           Y           Z
 ---------------------------------------------------------------------
      1          6           0        2.362959   -0.785912    0.137517
      2          6           0        0.000330   -0.620251    0.109783
      3          6           0        0.000239    0.737595   -0.132275
      4          6           0        1.262009    1.385607   -0.242043
      5          6           0        2.455004    0.603728   -0.111365
      6          6           0       -1.261636    1.385010   -0.245134
      7          6           0       -2.454726    0.602804   -0.116914
      8          6           0       -2.362421   -0.785045    0.140656
      9          6           0       -1.223768    2.785608   -0.481474
     10          6           0        0.000097    3.449465   -0.588072
     11          6           0        1.224008    2.786425   -0.477142
     12          1           0       -2.139984    3.353391   -0.580056
     13          1           0        0.000074    4.519188   -0.766325
     14          1           0        2.140167    3.354894   -0.572011
     15          6           0        3.552739   -1.698415    0.257351
     16          1           0        4.374926   -1.147233    0.715557
     17          1           0        3.318434   -2.516354    0.942824
     18          6           0        4.006125   -2.275797   -1.103742
     19          1           0        4.295672   -1.482121   -1.797412
     20          1           0        4.869914   -2.925852   -0.943297
     21          1           0        3.216846   -2.867346   -1.575317
     22          6           0        3.811083    1.264294   -0.199864
     23          1           0        4.548783    0.554298   -0.577135
     24          1           0        3.772005    2.067007   -0.940179
     25          6           0        4.290352    1.833161    1.154093
     26          1           0        5.269576    2.302815    1.025985
     27          1           0        3.595869    2.586128    1.538008
     28          1           0        4.384509    1.045726    1.907816
     29          6           0       -3.811014    1.261590   -0.215001
     30          1           0       -3.769269    2.059400   -0.960543
     31          1           0       -4.546251    0.548239   -0.590891
     32          6           0       -4.297319    1.838765    1.132882
     33          1           0       -4.395074    1.056003    1.890976
     34          1           0       -3.605256    2.594408    1.515888
     35          1           0       -5.276059    2.307173    0.996754
     36          6           0       -3.550842   -1.698201    0.268196
     37          1           0       -4.374237   -1.144965    0.721729
     38          1           0       -3.314951   -2.510611    0.959806
     39          6           0       -4.002098   -2.287308   -1.088576
     40          1           0       -4.866327   -2.935765   -0.924097
     41          1           0       -4.290132   -1.499718   -1.789774
     42          1           0       -3.211791   -2.882985   -1.553295
     43          7           0        1.127755   -1.352856    0.241763
     44          7           0       -1.127323   -1.351308    0.246675
     45          6           0       -0.774190   -2.766198    0.549239
     46          1           0       -1.214368   -3.425694   -0.197479
     47          1           0       -1.148486   -3.023747    1.540589
     48          6           0        0.773279   -2.777244    0.496365
     49          1           0        1.153015   -3.396159   -0.316449
     50          1           0        1.208096   -3.099063    1.442374
 ---------------------------------------------------------------------
 Rotational constants (GHZ):      0.4025203      0.2127191      0.1491734
 Standard basis: 6-31++G(d,p) (6D, 7F)
 There are   599 symmetry adapted basis functions of A   symmetry.
 Integral buffers will be    262144 words long.
 Raffenetti 2 integral format.
 Two-electron integral symmetry is turned on.
   599 basis functions,   952 primitive gaussians,   599 cartesian basis functions
    83 alpha electrons       82 beta electrons
       nuclear repulsion energy      1994.7253396611 Hartrees.
 NAtoms=   50 NActive=   50 NUniq=   50 SFac= 7.50D-01 NAtFMM=   80 NAOKFM=F Big=F
 ------------------------------------------------------------------------------
 Polarizable Continuum Model (PCM)
 =================================
 Model                : C-PCM.
 Atomic radii         : UFF (Universal Force Field).
 Polarization charges : Total charges.
 Charge compensation  : None.
 Solution method      : Matrix inversion.
 Cavity type          : Scaled VdW (van der Waals Surface) (Alpha=1.100).
 Cavity algorithm     : GePol (No added spheres)
                        Default sphere list used, NSphG=   50.
                        Lebedev-Laikov grids with approx.  5.0 points / Ang**2.
                        Smoothing algorithm: Karplus/York (Gamma=1.0000).
                        Polarization charges: spherical gaussians, with
                                              point-specific exponents (IZeta= 3).
                        Self-potential: point-specific (ISelfS= 7).
                        Self-field    : sphere-specific E.n sum rule (ISelfD= 2).
 1st derivatives      : Analytical E(r).r(x)/FMM algorithm (CHGder, D1EAlg=3).
                        Cavity 1st derivative terms included.
 Solvent              : Water, Eps=  78.355300 Eps(inf)=   1.777849
 ------------------------------------------------------------------------------
 One-electron integrals computed using PRISM.
 NBasis=   599 RedAO= T  NBF=   599
 NBsUse=   590 1.00D-06 NBFU=   590
 Initial guess read from the read-write file.
 B after Tr=     0.000000    0.000000    0.000000
         Rot=    1.000000    0.000000    0.000000    0.000000 Ang=   0.00 deg.
 Initial guess orbital symmetries:
 Alpha Orbitals:
       Occupied  (A) (A) (A) (A) (A) (A) (A) (A) (A) (A) (A) (A)
                 (A) (A) (A) (A) (A) (A) (A) (A) (A) (A) (A) (A)
                 (A) (A) (A) (A) (A) (A) (A) (A) (A) (A) (A) (A)
                 (A) (A) (A) (A) (A) (A) (A) (A) (A) (A) (A) (A)
                 (A) (A) (A) (A) (A) (A) (A) (A) (A) (A) (A) (A)
                 (A) (A) (A) (A) (A) (A) (A) (A) (A) (A) (A) (A)
                 (A) (A) (A) (A) (A) (A) (A) (A) (A) (A) (A)
       Virtual   (A) (A) (A) (A) (A) (A) (A) (A) (A) (A) (A) (A)
                 (A) (A) (A) (A) (A) (A) (A) (A) (A) (A) (A) (A)
                 (A) (A) (A) (A) (A) (A) (A) (A) (A) (A) (A) (A)
                 (A) (A) (A) (A) (A) (A) (A) (A) (A) (A) (A) (A)
                 (A) (A) (A) (A) (A) (A) (A) (A) (A) (A) (A) (A)
                 (A) (A) (A) (A) (A) (A) (A) (A) (A) (A) (A) (A)
                 (A) (A) (A) (A) (A) (A) (A) (A) (A) (A) (A) (A)
                 (A) (A) (A) (A) (A) (A) (A) (A) (A) (A) (A) (A)
                 (A) (A) (A) (A) (A) (A) (A) (A) (A) (A) (A) (A)
                 (A) (A) (A) (A) (A) (A) (A) (A) (A) (A) (A) (A)
                 (A) (A) (A) (A) (A) (A) (A) (A) (A) (A) (A) (A)
                 (A) (A) (A) (A) (A) (A) (A) (A) (A) (A) (A) (A)
                 (A) (A) (A) (A) (A) (A) (A) (A) (A) (A) (A) (A)
                 (A) (A) (A) (A) (A) (A) (A) (A) (A) (A) (A) (A)
                 (A) (A) (A) (A) (A) (A) (A) (A) (A) (A) (A) (A)
                 (A) (A) (A) (A) (A) (A) (A) (A) (A) (A) (A) (A)
                 (A) (A) (A) (A) (A) (A) (A) (A) (A) (A) (A) (A)
                 (A) (A) (A) (A) (A) (A) (A) (A) (A) (A) (A) (A)
                 (A) (A) (A) (A) (A) (A) (A) (A) (A) (A) (A) (A)
                 (A) (A) (A) (A) (A) (A) (A) (A) (A) (A) (A) (A)
                 (A) (A) (A) (A) (A) (A) (A) (A) (A) (A) (A) (A)
                 (A) (A) (A) (A) (A) (A) (A) (A) (A) (A) (A) (A)
                 (A) (A) (A) (A) (A) (A) (A) (A) (A) (A) (A) (A)
                 (A) (A) (A) (A) (A) (A) (A) (A) (A) (A) (A) (A)
                 (A) (A) (A) (A) (A) (A) (A) (A) (A) (A) (A) (A)
                 (A) (A) (A) (A) (A) (A) (A) (A) (A) (A) (A) (A)
                 (A) (A) (A) (A) (A) (A) (A) (A) (A) (A) (A) (A)
                 (A) (A) (A) (A) (A) (A) (A) (A) (A) (A) (A) (A)
                 (A) (A) (A) (A) (A) (A) (A) (A) (A) (A) (A) (A)
                 (A) (A) (A) (A) (A) (A) (A) (A) (A) (A) (A) (A)
                 (A) (A) (A) (A) (A) (A) (A) (A) (A) (A) (A) (A)
                 (A) (A) (A) (A) (A) (A) (A) (A) (A) (A) (A) (A)
                 (A) (A) (A) (A) (A) (A) (A) (A) (A) (A) (A) (A)
                 (A) (A) (A) (A) (A) (A) (A) (A) (A) (A) (A) (A)
                 (A) (A) (A) (A) (A) (A) (A) (A) (A) (A) (A) (A)
                 (A) (A) (A) (A) (A) (A) (A) (A) (A) (A) (A) (A)
                 (A) (A) (A) (A) (A) (A) (A) (A) (A) (A) (A) (A)
                 (A) (A) (A) (A) (A) (A) (A) (A) (A) (A) (A) (A)
                 (A) (A) (A) (A) (A) (A) (A) (A) (A) (A) (A) (A)
                 (A) (A) (A) (A) (A) (A) (A) (A) (A) (A) (A) (A)
                 (A) (A) (A) (A) (A) (A) (A) (A) (A) (A) (A) (A)
                 (A) (A) (A) (A) (A) (A) (A) (A) (A) (A) (A) (A)
                 (A) (A) (A)
 Beta  Orbitals:
       Occupied  (A) (A) (A) (A) (A) (A) (A) (A) (A) (A) (A) (A)
                 (A) (A) (A) (A) (A) (A) (A) (A) (A) (A) (A) (A)
                 (A) (A) (A) (A) (A) (A) (A) (A) (A) (A) (A) (A)
                 (A) (A) (A) (A) (A) (A) (A) (A) (A) (A) (A) (A)
                 (A) (A) (A) (A) (A) (A) (A) (A) (A) (A) (A) (A)
                 (A) (A) (A) (A) (A) (A) (A) (A) (A) (A) (A) (A)
                 (A) (A) (A) (A) (A) (A) (A) (A) (A) (A)
       Virtual   (A) (A) (A) (A) (A) (A) (A) (A) (A) (A) (A) (A)
                 (A) (A) (A) (A) (A) (A) (A) (A) (A) (A) (A) (A)
                 (A) (A) (A) (A) (A) (A) (A) (A) (A) (A) (A) (A)
                 (A) (A) (A) (A) (A) (A) (A) (A) (A) (A) (A) (A)
                 (A) (A) (A) (A) (A) (A) (A) (A) (A) (A) (A) (A)
                 (A) (A) (A) (A) (A) (A) (A) (A) (A) (A) (A) (A)
                 (A) (A) (A) (A) (A) (A) (A) (A) (A) (A) (A) (A)
                 (A) (A) (A) (A) (A) (A) (A) (A) (A) (A) (A) (A)
                 (A) (A) (A) (A) (A) (A) (A) (A) (A) (A) (A) (A)
                 (A) (A) (A) (A) (A) (A) (A) (A) (A) (A) (A) (A)
                 (A) (A) (A) (A) (A) (A) (A) (A) (A) (A) (A) (A)
                 (A) (A) (A) (A) (A) (A) (A) (A) (A) (A) (A) (A)
                 (A) (A) (A) (A) (A) (A) (A) (A) (A) (A) (A) (A)
                 (A) (A) (A) (A) (A) (A) (A) (A) (A) (A) (A) (A)
                 (A) (A) (A) (A) (A) (A) (A) (A) (A) (A) (A) (A)
                 (A) (A) (A) (A) (A) (A) (A) (A) (A) (A) (A) (A)
                 (A) (A) (A) (A) (A) (A) (A) (A) (A) (A) (A) (A)
                 (A) (A) (A) (A) (A) (A) (A) (A) (A) (A) (A) (A)
                 (A) (A) (A) (A) (A) (A) (A) (A) (A) (A) (A) (A)
                 (A) (A) (A) (A) (A) (A) (A) (A) (A) (A) (A) (A)
                 (A) (A) (A) (A) (A) (A) (A) (A) (A) (A) (A) (A)
                 (A) (A) (A) (A) (A) (A) (A) (A) (A) (A) (A) (A)
                 (A) (A) (A) (A) (A) (A) (A) (A) (A) (A) (A) (A)
                 (A) (A) (A) (A) (A) (A) (A) (A) (A) (A) (A) (A)
                 (A) (A) (A) (A) (A) (A) (A) (A) (A) (A) (A) (A)
                 (A) (A) (A) (A) (A) (A) (A) (A) (A) (A) (A) (A)
                 (A) (A) (A) (A) (A) (A) (A) (A) (A) (A) (A) (A)
                 (A) (A) (A) (A) (A) (A) (A) (A) (A) (A) (A) (A)
                 (A) (A) (A) (A) (A) (A) (A) (A) (A) (A) (A) (A)
                 (A) (A) (A) (A) (A) (A) (A) (A) (A) (A) (A) (A)
                 (A) (A) (A) (A) (A) (A) (A) (A) (A) (A) (A) (A)
                 (A) (A) (A) (A) (A) (A) (A) (A) (A) (A) (A) (A)
                 (A) (A) (A) (A) (A) (A) (A) (A) (A) (A) (A) (A)
                 (A) (A) (A) (A) (A) (A) (A) (A) (A) (A) (A) (A)
                 (A) (A) (A) (A) (A) (A) (A) (A) (A) (A) (A) (A)
                 (A) (A) (A) (A) (A) (A) (A) (A) (A) (A) (A) (A)
                 (A) (A) (A) (A) (A) (A) (A) (A) (A) (A) (A) (A)
                 (A) (A) (A) (A) (A) (A) (A) (A) (A) (A) (A) (A)
                 (A) (A) (A) (A) (A) (A) (A) (A) (A) (A) (A) (A)
                 (A) (A) (A) (A) (A) (A) (A) (A) (A) (A) (A) (A)
                 (A) (A) (A) (A) (A) (A) (A) (A) (A) (A) (A) (A)
                 (A) (A) (A) (A) (A) (A) (A) (A) (A) (A) (A) (A)
                 (A) (A) (A) (A)
 Initial guess <Sx>= 0.0000 <Sy>= 0.0000 <Sz>= 0.5000 <S**2>= 0.7760 S= 0.5129
 Requested convergence on RMS density matrix=1.00D-08 within 128 cycles.
 Requested convergence on MAX density matrix=1.00D-06.
 Requested convergence on             energy=1.00D-06.
 No special actions if energy rises.
 Error on total polarization charges =  0.01554
 SCF Done:  E(UB3LYP) =  -925.764588164     A.U. after    8 cycles
             Convg  =    0.4162D-08             -V/T =  2.0099
 <Sx>= 0.0000 <Sy>= 0.0000 <Sz>= 0.5000 <S**2>= 0.7760 S= 0.5129
 <L.S>= 0.000000000000E+00
 Annihilation of the first spin contaminant:
 S**2 before annihilation     0.7760,   after     0.7505
 DiagDN has N=   599 LTot=  1829 but NE2=     3 cannot use DSYEVD.
 D1PCM: C-PCM CHGder 1st derivatives, ID1Alg=3 FixD1E=F DoIter=F DoCFld=F I1PDM=0.
 Calling FoFJK, ICntrl=      2127 FMM=F ISym2X=0 I1Cent= 0 IOpClX= 1 NMat=1 NMatS=1 NMatT=0.
 ***** Axes restored to original set *****
 -------------------------------------------------------------------
 Center     Atomic                   Forces (Hartrees/Bohr)
 Number     Number              X              Y              Z
 -------------------------------------------------------------------
      1        6           0.000005228    0.000010111   -0.000000343
      2        6           0.000000751   -0.000003497    0.000003542
      3        6           0.000000155    0.000001272   -0.000002090
      4        6           0.000003757    0.000003842   -0.000001891
      5        6           0.000000848   -0.000003452    0.000010668
      6        6          -0.000003656    0.000003049   -0.000002789
      7        6          -0.000003337   -0.000004671    0.000015727
      8        6          -0.000004942    0.000009364    0.000001767
      9        6           0.000000066   -0.000005172    0.000000891
     10        6          -0.000001046   -0.000000679   -0.000001226
     11        6          -0.000000689   -0.000006596   -0.000001569
     12        1           0.000002401    0.000003926   -0.000000861
     13        1          -0.000000908    0.000000078    0.000000770
     14        1          -0.000002768    0.000004379   -0.000003209
     15        6           0.000005165    0.000000087   -0.000006459
     16        1          -0.000000344   -0.000003974   -0.000006820
     17        1          -0.000001266    0.000002533    0.000005563
     18        6           0.000002057    0.000001819    0.000001108
     19        1          -0.000000594    0.000004461   -0.000001449
     20        1          -0.000002099    0.000000267   -0.000002369
     21        1           0.000003255    0.000002463   -0.000006223
     22        6           0.000001328    0.000002113    0.000010016
     23        1           0.000000709   -0.000003826   -0.000004238
     24        1          -0.000003085    0.000001140   -0.000005985
     25        6          -0.000002243    0.000001172   -0.000010811
     26        1          -0.000001201   -0.000000107   -0.000005041
     27        1           0.000001570   -0.000002031   -0.000001031
     28        1          -0.000000340   -0.000000866   -0.000003074
     29        6          -0.000001179    0.000002415    0.000012158
     30        1           0.000000190   -0.000001521   -0.000000119
     31        1          -0.000002251   -0.000006485   -0.000000928
     32        6           0.000002763    0.000000105   -0.000006779
     33        1           0.000002208   -0.000001933    0.000001753
     34        1          -0.000000104   -0.000002935    0.000002328
     35        1           0.000001431   -0.000001506    0.000000550
     36        6          -0.000005594    0.000001620   -0.000000816
     37        1           0.000002232   -0.000006873   -0.000004340
     38        1           0.000003612    0.000001316    0.000011142
     39        6          -0.000001723    0.000002455    0.000003524
     40        1           0.000001995   -0.000001551    0.000003028
     41        1          -0.000001505    0.000004124    0.000003413
     42        1          -0.000006506   -0.000000505   -0.000001668
     43        7          -0.000004814    0.000000657   -0.000010039
     44        7           0.000004956   -0.000000754   -0.000006333
     45        6           0.000001937   -0.000002399   -0.000002995
     46        1           0.000005188   -0.000000132    0.000005836
     47        1           0.000002734   -0.000000715    0.000001225
     48        6          -0.000002437    0.000000898    0.000000669
     49        1          -0.000002645   -0.000003040    0.000006135
     50        1           0.000000741   -0.000000449   -0.000000320
 -------------------------------------------------------------------
 Cartesian Forces:  Max     0.000015727 RMS     0.000004076

 GradGradGradGradGradGradGradGradGradGradGradGradGradGradGradGradGradGrad
 Berny optimization.
 Using GEDIIS/GDIIS optimizer.
 Internal  Forces:  Max     0.000013085 RMS     0.000003812
 Search for a local minimum.
 Step number   4 out of a maximum of  300
 All quantities printed in internal units (Hartrees-Bohrs-Radians)
 Mixed Optimization -- En-DIIS/RFO-DIIS
 Swaping is turned off.
 Update second derivatives using D2CorX and points    1    2    3    4
 DE= -7.63D-08 DEPred=-1.01D-07 R= 7.52D-01
 Trust test= 7.52D-01 RLast= 4.01D-03 DXMaxT set to 3.00D-01
     Eigenvalues ---    0.00222   0.00230   0.00230   0.00232   0.00448
     Eigenvalues ---    0.00621   0.00689   0.00726   0.00840   0.01338
     Eigenvalues ---    0.01350   0.01448   0.01464   0.01521   0.01542
     Eigenvalues ---    0.01599   0.01770   0.01822   0.01837   0.01931
     Eigenvalues ---    0.01942   0.01970   0.02020   0.02058   0.02112
     Eigenvalues ---    0.02140   0.02226   0.03942   0.03953   0.03998
     Eigenvalues ---    0.04002   0.04063   0.04494   0.05295   0.05324
     Eigenvalues ---    0.05331   0.05332   0.05342   0.05347   0.05373
     Eigenvalues ---    0.05375   0.05515   0.05556   0.05579   0.05631
     Eigenvalues ---    0.05655   0.05841   0.08054   0.08205   0.08288
     Eigenvalues ---    0.09196   0.09425   0.09448   0.09456   0.10322
     Eigenvalues ---    0.12284   0.12885   0.12888   0.13265   0.15384
     Eigenvalues ---    0.16000   0.16000   0.16000   0.16000   0.16000
     Eigenvalues ---    0.16000   0.16000   0.16000   0.16000   0.16000
     Eigenvalues ---    0.16000   0.16000   0.16031   0.16416   0.19704
     Eigenvalues ---    0.21902   0.21918   0.21930   0.22147   0.22881
     Eigenvalues ---    0.23524   0.24820   0.24915   0.24979   0.24983
     Eigenvalues ---    0.24988   0.24992   0.24995   0.24998   0.25276
     Eigenvalues ---    0.27148   0.27857   0.27946   0.28006   0.28102
     Eigenvalues ---    0.30552   0.31254   0.31548   0.31701   0.31936
     Eigenvalues ---    0.31937   0.33220   0.34348   0.34352   0.34370
     Eigenvalues ---    0.34371   0.34406   0.34406   0.34429   0.34436
     Eigenvalues ---    0.34456   0.34462   0.34478   0.34479   0.34494
     Eigenvalues ---    0.34507   0.34517   0.34574   0.34647   0.34684
     Eigenvalues ---    0.34725   0.34750   0.34814   0.34838   0.34893
     Eigenvalues ---    0.35032   0.35460   0.35690   0.35709   0.37040
     Eigenvalues ---    0.37822   0.38352   0.39789   0.41232   0.42258
     Eigenvalues ---    0.42550   0.43647   0.44735   0.45875   0.46092
     Eigenvalues ---    0.48902   0.50322   0.51873   0.522571000.00000
     Eigenvalues --- 1000.000001000.000001000.000001000.000001000.00000
     Eigenvalues --- 1000.000001000.000001000.000001000.000001000.00000
     Eigenvalues --- 1000.000001000.000001000.000001000.000001000.00000
     Eigenvalues --- 1000.000001000.000001000.000001000.000001000.00000
     Eigenvalues --- 1000.000001000.000001000.000001000.000001000.00000
     Eigenvalues --- 1000.000001000.000001000.000001000.000001000.00000
     Eigenvalues --- 1000.000001000.000001000.000001000.000001000.00000
     Eigenvalues --- 1000.000001000.000001000.000001000.000001000.00000
     Eigenvalues --- 1000.000001000.000001000.000001000.000001000.00000
     Eigenvalues --- 1000.000001000.000001000.000001000.000001000.00000
     Eigenvalues --- 1000.000001000.000001000.000001000.000001000.00000
     Eigenvalues --- 1000.000001000.000001000.000001000.000001000.00000
     Eigenvalues --- 1000.000001000.000001000.000001000.000001000.00000
     Eigenvalues --- 1000.000001000.000001000.000001000.000001000.00000
     Eigenvalues --- 1000.000001000.000001000.000001000.000001000.00000
     Eigenvalues --- 1000.000001000.000001000.000001000.000001000.00000
     Eigenvalues --- 1000.000001000.000001000.000001000.000001000.00000
     Eigenvalues --- 1000.000001000.000001000.000001000.000001000.00000
     Eigenvalues --- 1000.000001000.000001000.000001000.000001000.00000
     Eigenvalues --- 1000.000001000.000001000.000001000.000001000.00000
     Eigenvalues --- 1000.000001000.000001000.000001000.000001000.00000
     Eigenvalues --- 1000.000001000.000001000.000001000.000001000.00000
     Eigenvalues --- 1000.000001000.000001000.000001000.000001000.00000
     Eigenvalues --- 1000.000001000.000001000.000001000.000001000.00000
     Eigenvalues --- 1000.000001000.000001000.000001000.000001000.00000
     Eigenvalues --- 1000.000001000.000001000.000001000.000001000.00000
     Eigenvalues --- 1000.000001000.000001000.000001000.000001000.00000
     Eigenvalues --- 1000.000001000.000001000.000001000.000001000.00000
     Eigenvalues --- 1000.000001000.000001000.000001000.000001000.00000
     Eigenvalues --- 1000.000001000.000001000.00000
 En-DIIS/RFO-DIIS IScMMF=        0 using points:     4    3    2    1
 RFO step:  Lambda=-1.11195727D-08.
 DIIS coeffs:      0.76659      0.24929     -0.00735     -0.00853
 Iteration  1 RMS(Cart)=  0.00029102 RMS(Int)=  0.00000004
 Iteration  2 RMS(Cart)=  0.00000005 RMS(Int)=  0.00000000
 Variable       Old X    -DE/DX   Delta X   Delta X   Delta X     New X
                                  (DIIS)     (GDIIS)  (Total)
    R1        2.67349  -0.00001   0.00000  -0.00003  -0.00003   2.67346
    R2        2.84251   0.00000   0.00000   0.00001   0.00001   2.84252
    R3        2.57587   0.00001   0.00001   0.00000   0.00001   2.57588
    R4        2.60641   0.00000   0.00001  -0.00001   0.00000   2.60641
    R5        2.55303   0.00000   0.00001   0.00000   0.00000   2.55303
    R6        2.55273   0.00000   0.00000   0.00000   0.00000   2.55273
    R7        2.68848   0.00000   0.00000   0.00001   0.00001   2.68849
    R8        2.68860   0.00000   0.00000   0.00001   0.00001   2.68861
    R9        2.70676   0.00000  -0.00001   0.00002   0.00000   2.70677
   R10        2.68514   0.00000  -0.00001   0.00001   0.00000   2.68515
   R11        2.85538  -0.00001   0.00000  -0.00001  -0.00001   2.85537
   R12        2.70683   0.00000  -0.00001   0.00002   0.00001   2.70684
   R13        2.68512   0.00000  -0.00001   0.00001   0.00001   2.68512
   R14        2.67314  -0.00001   0.00000  -0.00002  -0.00002   2.67311
   R15        2.85539  -0.00001   0.00000  -0.00001  -0.00001   2.85537
   R16        2.84243   0.00000  -0.00001   0.00002   0.00001   2.84244
   R17        2.57541   0.00001   0.00001   0.00001   0.00001   2.57543
   R18        2.63880   0.00000   0.00001  -0.00001  -0.00001   2.63879
   R19        2.04540   0.00000   0.00000   0.00000   0.00000   2.04540
   R20        2.63878   0.00000   0.00000  -0.00001  -0.00001   2.63877
   R21        2.04936   0.00000   0.00000   0.00000   0.00000   2.04936
   R22        2.04536   0.00000   0.00000   0.00000   0.00000   2.04536
   R23        2.06123   0.00000  -0.00001   0.00000   0.00000   2.06122
   R24        2.06473   0.00000   0.00001   0.00000   0.00000   2.06474
   R25        2.92236   0.00000   0.00001  -0.00001  -0.00001   2.92236
   R26        2.06572   0.00000   0.00000   0.00000   0.00000   2.06572
   R27        2.06529   0.00000   0.00000   0.00000   0.00000   2.06529
   R28        2.06601   0.00000   0.00000   0.00000   0.00000   2.06601
   R29        2.06199   0.00000   0.00000   0.00001   0.00001   2.06200
   R30        2.06486   0.00000   0.00000   0.00001   0.00001   2.06487
   R31        2.91931  -0.00001   0.00002  -0.00006  -0.00004   2.91927
   R32        2.06652   0.00000   0.00000   0.00000   0.00000   2.06652
   R33        2.06721   0.00000   0.00000  -0.00001  -0.00001   2.06720
   R34        2.06752   0.00000   0.00000   0.00000   0.00000   2.06752
   R35        2.06497   0.00000   0.00000   0.00001   0.00000   2.06498
   R36        2.06209   0.00001   0.00000   0.00001   0.00001   2.06210
   R37        2.91925  -0.00001   0.00002  -0.00006  -0.00005   2.91921
   R38        2.06748   0.00000   0.00000   0.00000   0.00000   2.06748
   R39        2.06719   0.00000   0.00000  -0.00001  -0.00001   2.06719
   R40        2.06652   0.00000   0.00000   0.00000   0.00000   2.06652
   R41        2.06122  -0.00001  -0.00001   0.00000  -0.00001   2.06121
   R42        2.06489   0.00001   0.00001   0.00000   0.00001   2.06490
   R43        2.92237   0.00000   0.00000   0.00000   0.00000   2.92237
   R44        2.06529   0.00000   0.00000   0.00000   0.00000   2.06529
   R45        2.06572   0.00000   0.00000   0.00000   0.00001   2.06573
   R46        2.06610   0.00000   0.00000   0.00000   0.00000   2.06610
   R47        2.81522   0.00000   0.00000   0.00002   0.00001   2.81523
   R48        2.81446   0.00000   0.00000   0.00001   0.00001   2.81447
   R49        2.05822  -0.00001   0.00000  -0.00001  -0.00001   2.05821
   R50        2.06076   0.00000   0.00000   0.00000   0.00000   2.06076
   R51        2.92607   0.00000   0.00000  -0.00001  -0.00001   2.92606
   R52        2.05965   0.00000   0.00000  -0.00001  -0.00001   2.05964
   R53        2.05934   0.00000   0.00000   0.00000   0.00000   2.05934
    A1        2.16328  -0.00001  -0.00001  -0.00002  -0.00003   2.16326
    A2        2.07254   0.00000   0.00000   0.00000   0.00000   2.07254
    A3        2.04694   0.00001   0.00001   0.00002   0.00003   2.04697
    A4        2.15442   0.00000   0.00000  -0.00001  -0.00001   2.15441
    A5        2.15378   0.00000   0.00000   0.00000   0.00000   2.15378
    A6        1.97497   0.00000   0.00000   0.00001   0.00001   1.97498
    A7        2.05093   0.00000   0.00000  -0.00001   0.00000   2.05093
    A8        2.05100   0.00000   0.00000  -0.00001   0.00000   2.05100
    A9        2.18123   0.00000  -0.00001   0.00001   0.00001   2.18124
   A10        2.07488   0.00000   0.00000   0.00000   0.00000   2.07488
   A11        2.02427   0.00000   0.00001  -0.00001  -0.00001   2.02426
   A12        2.18403   0.00000  -0.00001   0.00001   0.00001   2.18404
   A13        2.09214   0.00000   0.00001   0.00000   0.00001   2.09214
   A14        2.09221  -0.00001   0.00000  -0.00002  -0.00002   2.09219
   A15        2.09845   0.00000  -0.00001   0.00003   0.00002   2.09848
   A16        2.07506   0.00000   0.00000   0.00000   0.00000   2.07505
   A17        2.02428   0.00000   0.00001  -0.00002  -0.00001   2.02427
   A18        2.18385   0.00000   0.00000   0.00001   0.00001   2.18386
   A19        2.09176   0.00000   0.00000   0.00000   0.00001   2.09177
   A20        2.09873   0.00001   0.00000   0.00002   0.00002   2.09875
   A21        2.09226  -0.00001   0.00000  -0.00002  -0.00002   2.09224
   A22        2.16459  -0.00001  -0.00001  -0.00002  -0.00003   2.16456
   A23        2.07254   0.00000   0.00001  -0.00001   0.00000   2.07254
   A24        2.04563   0.00001   0.00001   0.00003   0.00004   2.04567
   A25        2.09980   0.00000   0.00000   0.00001   0.00000   2.09980
   A26        2.10559   0.00001   0.00000   0.00003   0.00003   2.10561
   A27        2.07780  -0.00001   0.00001  -0.00004  -0.00003   2.07777
   A28        2.13695   0.00000   0.00000   0.00001   0.00001   2.13696
   A29        2.07313   0.00000   0.00000   0.00000   0.00000   2.07313
   A30        2.07310   0.00000   0.00000   0.00000   0.00000   2.07310
   A31        2.09982   0.00000   0.00000   0.00000   0.00000   2.09983
   A32        2.10557   0.00000  -0.00001   0.00003   0.00002   2.10560
   A33        2.07779  -0.00001   0.00001  -0.00003  -0.00003   2.07776
   A34        1.89984   0.00001  -0.00003   0.00004   0.00001   1.89985
   A35        1.91187   0.00000   0.00005  -0.00008  -0.00003   1.91183
   A36        1.96955   0.00000  -0.00002   0.00004   0.00002   1.96957
   A37        1.85083   0.00000   0.00000  -0.00001  -0.00001   1.85082
   A38        1.91496  -0.00001  -0.00003  -0.00002  -0.00005   1.91490
   A39        1.91298   0.00001   0.00004   0.00003   0.00006   1.91304
   A40        1.94452  -0.00001  -0.00001  -0.00002  -0.00003   1.94450
   A41        1.90136   0.00000  -0.00001   0.00001   0.00001   1.90137
   A42        1.94980   0.00001   0.00002   0.00001   0.00003   1.94984
   A43        1.89195   0.00000   0.00000   0.00000   0.00000   1.89195
   A44        1.88637   0.00000   0.00000  -0.00002  -0.00002   1.88635
   A45        1.88818   0.00000  -0.00001   0.00001   0.00001   1.88818
   A46        1.92042   0.00000  -0.00002   0.00000  -0.00001   1.92041
   A47        1.90577   0.00000   0.00004  -0.00009  -0.00005   1.90572
   A48        1.96935   0.00000  -0.00004   0.00008   0.00004   1.96939
   A49        1.84204   0.00000   0.00000   0.00000   0.00000   1.84204
   A50        1.91017   0.00000   0.00002  -0.00004  -0.00002   1.91015
   A51        1.91175   0.00000  -0.00001   0.00004   0.00003   1.91179
   A52        1.91058   0.00000   0.00000  -0.00001  -0.00001   1.91056
   A53        1.94346   0.00000  -0.00002   0.00005   0.00003   1.94349
   A54        1.94492   0.00000   0.00001  -0.00004  -0.00003   1.94490
   A55        1.89018   0.00000   0.00000   0.00002   0.00001   1.89019
   A56        1.88888   0.00000   0.00000   0.00002   0.00001   1.88889
   A57        1.88416   0.00000   0.00001  -0.00002  -0.00001   1.88415
   A58        1.90532   0.00000   0.00005  -0.00009  -0.00004   1.90527
   A59        1.91998   0.00000  -0.00001   0.00000  -0.00002   1.91997
   A60        1.97015   0.00000  -0.00004   0.00008   0.00004   1.97019
   A61        1.84212   0.00000   0.00000   0.00000   0.00000   1.84212
   A62        1.91192   0.00000  -0.00001   0.00005   0.00003   1.91195
   A63        1.90996   0.00000   0.00002  -0.00004  -0.00001   1.90995
   A64        1.94486   0.00000   0.00002  -0.00004  -0.00003   1.94483
   A65        1.94381   0.00000  -0.00002   0.00005   0.00003   1.94384
   A66        1.91046   0.00000   0.00000  -0.00001  -0.00001   1.91045
   A67        1.88403   0.00000   0.00001  -0.00002  -0.00001   1.88402
   A68        1.88888   0.00000   0.00000   0.00002   0.00001   1.88889
   A69        1.89012   0.00000   0.00000   0.00002   0.00001   1.89014
   A70        1.90051   0.00000  -0.00003   0.00003   0.00001   1.90051
   A71        1.91184  -0.00001   0.00004  -0.00007  -0.00003   1.91181
   A72        1.96863   0.00000  -0.00002   0.00005   0.00003   1.96866
   A73        1.85136   0.00000   0.00000  -0.00002  -0.00001   1.85134
   A74        1.91531  -0.00001  -0.00004  -0.00003  -0.00007   1.91524
   A75        1.91248   0.00001   0.00004   0.00003   0.00007   1.91255
   A76        1.90152   0.00000  -0.00001   0.00001   0.00000   1.90152
   A77        1.94465  -0.00001  -0.00001  -0.00002  -0.00003   1.94462
   A78        1.94930   0.00001   0.00002   0.00003   0.00004   1.94935
   A79        1.89196   0.00000   0.00000   0.00000   0.00000   1.89195
   A80        1.88841   0.00000   0.00000  -0.00001  -0.00001   1.88840
   A81        1.88636   0.00000   0.00000  -0.00001   0.00000   1.88636
   A82        2.12140   0.00000  -0.00001   0.00002   0.00001   2.12140
   A83        2.24768   0.00000   0.00001  -0.00001   0.00000   2.24768
   A84        1.91410   0.00000   0.00000  -0.00001  -0.00001   1.91410
   A85        2.12208   0.00000  -0.00001   0.00001   0.00000   2.12208
   A86        1.91430   0.00000   0.00000  -0.00001  -0.00001   1.91429
   A87        2.24645   0.00000   0.00001  -0.00001   0.00000   2.24645
   A88        1.91785   0.00000   0.00001   0.00001   0.00002   1.91788
   A89        1.90463   0.00000  -0.00001   0.00002   0.00000   1.90463
   A90        1.80987   0.00000   0.00000   0.00001   0.00001   1.80987
   A91        1.91934   0.00000   0.00000   0.00000   0.00000   1.91934
   A92        1.95645   0.00000  -0.00001   0.00000  -0.00001   1.95645
   A93        1.95237   0.00000   0.00001  -0.00003  -0.00003   1.95234
   A94        1.80988   0.00000   0.00000   0.00000   0.00000   1.80989
   A95        1.90984   0.00000   0.00000   0.00005   0.00005   1.90989
   A96        1.91322   0.00000   0.00000  -0.00001  -0.00001   1.91322
   A97        1.95812   0.00000   0.00000  -0.00001  -0.00001   1.95811
   A98        1.95113   0.00000   0.00000  -0.00001  -0.00001   1.95111
   A99        1.91843   0.00000   0.00000  -0.00002  -0.00002   1.91841
    D1        3.11461   0.00000  -0.00002  -0.00004  -0.00005   3.11456
    D2       -0.05679   0.00000   0.00006   0.00005   0.00012  -0.05667
    D3        0.00518   0.00000  -0.00003   0.00000  -0.00003   0.00515
    D4        3.11697   0.00000   0.00005   0.00009   0.00014   3.11711
    D5        0.59088   0.00000   0.00015   0.00015   0.00030   0.59118
    D6        2.60740   0.00000   0.00016   0.00012   0.00028   2.60767
    D7       -1.53940   0.00001   0.00023   0.00012   0.00035  -1.53905
    D8       -2.58244   0.00000   0.00016   0.00011   0.00027  -2.58216
    D9       -0.56593   0.00000   0.00017   0.00008   0.00025  -0.56567
   D10        1.57046   0.00001   0.00024   0.00008   0.00032   1.57078
   D11        0.00293   0.00000   0.00000   0.00001   0.00000   0.00293
   D12        3.14067   0.00000   0.00000   0.00019   0.00019   3.14085
   D13       -3.10864   0.00000  -0.00001   0.00004   0.00003  -3.10861
   D14        0.02910   0.00000  -0.00001   0.00022   0.00021   0.02931
   D15       -0.00328   0.00000  -0.00001   0.00001   0.00000  -0.00328
   D16       -3.13839   0.00000  -0.00001   0.00001  -0.00001  -3.13840
   D17        3.13137   0.00000   0.00001  -0.00002  -0.00001   3.13136
   D18       -0.00374   0.00000   0.00000  -0.00002  -0.00002  -0.00376
   D19       -0.00398   0.00000   0.00002  -0.00001   0.00001  -0.00396
   D20        3.14081   0.00000   0.00002  -0.00016  -0.00014   3.14067
   D21       -3.13927   0.00000   0.00001   0.00002   0.00002  -3.13924
   D22        0.00552   0.00000   0.00001  -0.00014  -0.00013   0.00539
   D23        0.01040   0.00000  -0.00004   0.00002  -0.00001   0.01039
   D24       -3.10480   0.00000  -0.00002   0.00010   0.00008  -3.10472
   D25       -3.13749   0.00000  -0.00002   0.00000  -0.00002  -3.13751
   D26        0.03049   0.00000   0.00000   0.00008   0.00008   0.03056
   D27        0.01110   0.00000  -0.00002   0.00000  -0.00003   0.01107
   D28       -3.13019   0.00000  -0.00005   0.00001  -0.00004  -3.13023
   D29       -3.13750   0.00000  -0.00002   0.00000  -0.00002  -3.13753
   D30        0.00439   0.00000  -0.00005   0.00001  -0.00004   0.00435
   D31       -0.01070   0.00000   0.00004   0.00000   0.00004  -0.01067
   D32        3.13125   0.00000   0.00005  -0.00001   0.00004   3.13129
   D33        3.13790   0.00000   0.00003   0.00000   0.00003   3.13793
   D34       -0.00333   0.00000   0.00004  -0.00001   0.00004  -0.00329
   D35       -0.01221   0.00000   0.00004   0.00000   0.00004  -0.01217
   D36       -3.12388   0.00000  -0.00004  -0.00009  -0.00013  -3.12401
   D37        3.12905   0.00000   0.00008  -0.00001   0.00006   3.12911
   D38        0.01738   0.00000  -0.00001  -0.00010  -0.00011   0.01727
   D39       -0.00050   0.00000   0.00003  -0.00001   0.00002  -0.00048
   D40        3.14024   0.00000   0.00001   0.00001   0.00003   3.14027
   D41        3.14142   0.00000   0.00000   0.00000   0.00000   3.14142
   D42       -0.00103   0.00000  -0.00002   0.00003   0.00001  -0.00102
   D43        0.52499   0.00000   0.00004  -0.00010  -0.00006   0.52493
   D44        2.53905   0.00000   0.00005  -0.00015  -0.00009   2.53895
   D45       -1.61385   0.00000   0.00005  -0.00011  -0.00006  -1.61391
   D46       -2.64652   0.00000   0.00012  -0.00001   0.00011  -2.64641
   D47       -0.63246   0.00000   0.00014  -0.00006   0.00008  -0.63239
   D48        1.49782   0.00000   0.00013  -0.00002   0.00012   1.49794
   D49        0.01886   0.00000  -0.00004   0.00002  -0.00003   0.01883
   D50        3.12877   0.00000   0.00003   0.00015   0.00017   3.12895
   D51       -3.12314   0.00000  -0.00006   0.00002  -0.00003  -3.12317
   D52       -0.01322   0.00000   0.00001   0.00015   0.00017  -0.01305
   D53       -0.00165   0.00000  -0.00002   0.00000  -0.00001  -0.00166
   D54        3.14144   0.00000  -0.00001  -0.00002  -0.00002   3.14142
   D55        3.14033   0.00000  -0.00001   0.00000  -0.00001   3.14032
   D56        0.00024   0.00000   0.00001  -0.00003  -0.00002   0.00022
   D57       -3.12193   0.00000   0.00001  -0.00001   0.00000  -3.12193
   D58       -0.01265   0.00000   0.00001  -0.00001   0.00000  -0.01265
   D59        0.05122   0.00000  -0.00007  -0.00014  -0.00020   0.05102
   D60       -3.12269   0.00000  -0.00006  -0.00014  -0.00020  -3.12289
   D61        0.63486   0.00000  -0.00009   0.00000  -0.00009   0.63477
   D62        2.64850   0.00000  -0.00007  -0.00005  -0.00012   2.64838
   D63       -1.49586   0.00000  -0.00008  -0.00005  -0.00012  -1.49598
   D64       -2.53842   0.00000  -0.00001   0.00013   0.00012  -2.53831
   D65       -0.52478   0.00000   0.00000   0.00008   0.00008  -0.52470
   D66        1.61405   0.00000   0.00000   0.00008   0.00008   1.61413
   D67       -0.58835   0.00000  -0.00019  -0.00004  -0.00023  -0.58858
   D68       -2.60585   0.00000  -0.00020   0.00000  -0.00020  -2.60605
   D69        1.54225  -0.00001  -0.00027  -0.00002  -0.00029   1.54195
   D70        2.58510   0.00000  -0.00020  -0.00003  -0.00023   2.58487
   D71        0.56760   0.00000  -0.00021   0.00001  -0.00020   0.56740
   D72       -1.56749  -0.00001  -0.00028  -0.00001  -0.00029  -1.56778
   D73       -0.00182   0.00000   0.00003   0.00000   0.00002  -0.00179
   D74        3.10794   0.00000   0.00000  -0.00010  -0.00010   3.10784
   D75        3.10966   0.00000   0.00003  -0.00001   0.00002   3.10968
   D76       -0.06377   0.00000   0.00001  -0.00011  -0.00010  -0.06387
   D77        0.00547   0.00000   0.00000  -0.00001   0.00000   0.00547
   D78       -3.13912   0.00000  -0.00001   0.00003   0.00002  -3.13910
   D79       -3.13760   0.00000  -0.00001   0.00001   0.00001  -3.13759
   D80        0.00100   0.00000  -0.00002   0.00006   0.00003   0.00103
   D81       -0.00433   0.00000  -0.00001   0.00001   0.00000  -0.00433
   D82        3.13810   0.00000   0.00001  -0.00001  -0.00001   3.13809
   D83        3.14026   0.00000   0.00000  -0.00003  -0.00003   3.14023
   D84       -0.00049   0.00000   0.00002  -0.00006  -0.00004  -0.00053
   D85        1.05487   0.00000  -0.00009   0.00042   0.00033   1.05520
   D86        3.14126   0.00000  -0.00010   0.00042   0.00032   3.14158
   D87       -1.05695   0.00000  -0.00011   0.00045   0.00035  -1.05661
   D88       -1.06689   0.00000  -0.00002   0.00036   0.00034  -1.06655
   D89        1.01950   0.00000  -0.00003   0.00035   0.00032   1.01983
   D90        3.10447   0.00000  -0.00003   0.00039   0.00036   3.10483
   D91       -3.09255   0.00000  -0.00002   0.00036   0.00034  -3.09220
   D92       -1.00616   0.00000  -0.00003   0.00036   0.00033  -1.00583
   D93        1.07881   0.00000  -0.00003   0.00039   0.00036   1.07917
   D94       -3.13464   0.00000  -0.00010   0.00025   0.00015  -3.13449
   D95       -1.04514   0.00000  -0.00011   0.00029   0.00018  -1.04497
   D96        1.05974   0.00000  -0.00010   0.00026   0.00016   1.05990
   D97        1.00397   0.00000  -0.00007   0.00022   0.00015   1.00411
   D98        3.09346   0.00000  -0.00008   0.00026   0.00018   3.09364
   D99       -1.08483   0.00000  -0.00007   0.00023   0.00016  -1.08467
   D100      -1.00773   0.00000  -0.00007   0.00021   0.00014  -1.00759
   D101       1.08177   0.00000  -0.00009   0.00025   0.00017   1.08194
   D102      -3.09653   0.00000  -0.00008   0.00023   0.00015  -3.09638
   D103      -1.06062   0.00000   0.00012  -0.00027  -0.00015  -1.06077
   D104       1.04430   0.00000   0.00013  -0.00030  -0.00017   1.04414
   D105       3.13388   0.00000   0.00011  -0.00025  -0.00014   3.13374
   D106       3.09556   0.00000   0.00009  -0.00024  -0.00015   3.09542
   D107      -1.08270   0.00000   0.00010  -0.00026  -0.00016  -1.08286
   D108       1.00688   0.00000   0.00008  -0.00022  -0.00014   1.00674
   D109       1.08380   0.00000   0.00009  -0.00024  -0.00015   1.08365
   D110      -3.09446   0.00000   0.00010  -0.00027  -0.00017  -3.09463
   D111      -1.00488   0.00000   0.00008  -0.00023  -0.00014  -1.00503
   D112      -3.13916   0.00000   0.00008  -0.00024  -0.00016  -3.13932
   D113      -1.05259   0.00000   0.00007  -0.00025  -0.00018  -1.05277
   D114       1.05897   0.00000   0.00008  -0.00025  -0.00017   1.05880
   D115      -1.01693   0.00000   0.00001  -0.00018  -0.00018  -1.01710
   D116       1.06965   0.00000  -0.00001  -0.00019  -0.00020   1.06945
   D117      -3.10198   0.00000   0.00000  -0.00019  -0.00019  -3.10217
   D118       1.00929   0.00000   0.00001  -0.00020  -0.00019   1.00910
   D119       3.09586   0.00000   0.00000  -0.00021  -0.00021   3.09565
   D120      -1.07577   0.00000   0.00001  -0.00021  -0.00021  -1.07597
   D121       3.10839   0.00000  -0.00001  -0.00004  -0.00004   3.10834
   D122      -1.08248   0.00000  -0.00001  -0.00002  -0.00003  -1.08251
   D123       1.02259   0.00000  -0.00001  -0.00002  -0.00003   1.02256
   D124      -0.03670   0.00000  -0.00001   0.00013   0.00012  -0.03657
   D125       2.05562   0.00000  -0.00001   0.00014   0.00013   2.05576
   D126      -2.12249   0.00000  -0.00001   0.00015   0.00014  -2.12235
   D127      -2.14512   0.00000   0.00000   0.00000   0.00000  -2.14512
   D128       2.03226   0.00000   0.00000  -0.00002  -0.00002   2.03225
   D129      -0.05086   0.00000   0.00000   0.00001   0.00001  -0.05085
   D130       1.02528   0.00000   0.00002   0.00009   0.00011   1.02539
   D131      -1.08052   0.00000   0.00002   0.00007   0.00009  -1.08043
   D132       3.11954   0.00000   0.00002   0.00010   0.00012   3.11966
   D133       0.05083   0.00000   0.00001  -0.00008  -0.00008   0.05075
   D134      -2.00829   0.00000   0.00001  -0.00014  -0.00013  -2.00842
   D135       2.11052   0.00000   0.00001  -0.00009  -0.00009   2.11043
   D136       2.11862   0.00000   0.00002  -0.00006  -0.00005   2.11858
   D137       0.05951   0.00000   0.00002  -0.00012  -0.00010   0.05941
   D138      -2.10487   0.00000   0.00002  -0.00008  -0.00006  -2.10493
   D139      -1.99930   0.00000   0.00001  -0.00009  -0.00007  -1.99937
   D140       2.22477   0.00000   0.00002  -0.00014  -0.00012   2.22464
   D141       0.06039   0.00000   0.00002  -0.00010  -0.00008   0.06031
         Item               Value     Threshold  Converged?
 Maximum Force            0.000013     0.000450     YES
 RMS     Force            0.000004     0.000300     YES
 Maximum Displacement     0.001475     0.001800     YES
 RMS     Displacement     0.000291     0.001200     YES
 Predicted change in Energy=-2.255359D-08
 Optimization completed.
    -- Stationary point found.
                           ----------------------------
                           !   Optimized Parameters   !
                           ! (Angstroms and Degrees)  !
 --------------------------                            --------------------------
 ! Name  Definition              Value          Derivative Info.                !
 --------------------------------------------------------------------------------
 ! R1    R(1,5)                  1.4147         -DE/DX =    0.0                 !
 ! R2    R(1,15)                 1.5042         -DE/DX =    0.0                 !
 ! R3    R(1,43)                 1.3631         -DE/DX =    0.0                 !
 ! R4    R(2,3)                  1.3793         -DE/DX =    0.0                 !
 ! R5    R(2,43)                 1.351          -DE/DX =    0.0                 !
 ! R6    R(2,44)                 1.3508         -DE/DX =    0.0                 !
 ! R7    R(3,4)                  1.4227         -DE/DX =    0.0                 !
 ! R8    R(3,6)                  1.4227         -DE/DX =    0.0                 !
 ! R9    R(4,5)                  1.4324         -DE/DX =    0.0                 !
 ! R10   R(4,11)                 1.4209         -DE/DX =    0.0                 !
 ! R11   R(5,22)                 1.511          -DE/DX =    0.0                 !
 ! R12   R(6,7)                  1.4324         -DE/DX =    0.0                 !
 ! R13   R(6,9)                  1.4209         -DE/DX =    0.0                 !
 ! R14   R(7,8)                  1.4146         -DE/DX =    0.0                 !
 ! R15   R(7,29)                 1.511          -DE/DX =    0.0                 !
 ! R16   R(8,36)                 1.5041         -DE/DX =    0.0                 !
 ! R17   R(8,44)                 1.3629         -DE/DX =    0.0                 !
 ! R18   R(9,10)                 1.3964         -DE/DX =    0.0                 !
 ! R19   R(9,12)                 1.0824         -DE/DX =    0.0                 !
 ! R20   R(10,11)                1.3964         -DE/DX =    0.0                 !
 ! R21   R(10,13)                1.0845         -DE/DX =    0.0                 !
 ! R22   R(11,14)                1.0824         -DE/DX =    0.0                 !
 ! R23   R(15,16)                1.0908         -DE/DX =    0.0                 !
 ! R24   R(15,17)                1.0926         -DE/DX =    0.0                 !
 ! R25   R(15,18)                1.5464         -DE/DX =    0.0                 !
 ! R26   R(18,19)                1.0931         -DE/DX =    0.0                 !
 ! R27   R(18,20)                1.0929         -DE/DX =    0.0                 !
 ! R28   R(18,21)                1.0933         -DE/DX =    0.0                 !
 ! R29   R(22,23)                1.0912         -DE/DX =    0.0                 !
 ! R30   R(22,24)                1.0927         -DE/DX =    0.0                 !
 ! R31   R(22,25)                1.5448         -DE/DX =    0.0                 !
 ! R32   R(25,26)                1.0936         -DE/DX =    0.0                 !
 ! R33   R(25,27)                1.0939         -DE/DX =    0.0                 !
 ! R34   R(25,28)                1.0941         -DE/DX =    0.0                 !
 ! R35   R(29,30)                1.0927         -DE/DX =    0.0                 !
 ! R36   R(29,31)                1.0912         -DE/DX =    0.0                 !
 ! R37   R(29,32)                1.5448         -DE/DX =    0.0                 !
 ! R38   R(32,33)                1.0941         -DE/DX =    0.0                 !
 ! R39   R(32,34)                1.0939         -DE/DX =    0.0                 !
 ! R40   R(32,35)                1.0936         -DE/DX =    0.0                 !
 ! R41   R(36,37)                1.0908         -DE/DX =    0.0                 !
 ! R42   R(36,38)                1.0927         -DE/DX =    0.0                 !
 ! R43   R(36,39)                1.5465         -DE/DX =    0.0                 !
 ! R44   R(39,40)                1.0929         -DE/DX =    0.0                 !
 ! R45   R(39,41)                1.0931         -DE/DX =    0.0                 !
 ! R46   R(39,42)                1.0933         -DE/DX =    0.0                 !
 ! R47   R(43,48)                1.4898         -DE/DX =    0.0                 !
 ! R48   R(44,45)                1.4893         -DE/DX =    0.0                 !
 ! R49   R(45,46)                1.0892         -DE/DX =    0.0                 !
 ! R50   R(45,47)                1.0905         -DE/DX =    0.0                 !
 ! R51   R(45,48)                1.5484         -DE/DX =    0.0                 !
 ! R52   R(48,49)                1.0899         -DE/DX =    0.0                 !
 ! R53   R(48,50)                1.0898         -DE/DX =    0.0                 !
 ! A1    A(5,1,15)             123.947          -DE/DX =    0.0                 !
 ! A2    A(5,1,43)             118.7477         -DE/DX =    0.0                 !
 ! A3    A(15,1,43)            117.281          -DE/DX =    0.0                 !
 ! A4    A(3,2,43)             123.439          -DE/DX =    0.0                 !
 ! A5    A(3,2,44)             123.4024         -DE/DX =    0.0                 !
 ! A6    A(43,2,44)            113.1575         -DE/DX =    0.0                 !
 ! A7    A(2,3,4)              117.5097         -DE/DX =    0.0                 !
 ! A8    A(2,3,6)              117.5138         -DE/DX =    0.0                 !
 ! A9    A(4,3,6)              124.9753         -DE/DX =    0.0                 !
 ! A10   A(3,4,5)              118.8821         -DE/DX =    0.0                 !
 ! A11   A(3,4,11)             115.982          -DE/DX =    0.0                 !
 ! A12   A(5,4,11)             125.1358         -DE/DX =    0.0                 !
 ! A13   A(1,5,4)              119.8705         -DE/DX =    0.0                 !
 ! A14   A(1,5,22)             119.8747         -DE/DX =    0.0                 !
 ! A15   A(4,5,22)             120.2326         -DE/DX =    0.0                 !
 ! A16   A(3,6,7)              118.892          -DE/DX =    0.0                 !
 ! A17   A(3,6,9)              115.9827         -DE/DX =    0.0                 !
 ! A18   A(7,6,9)              125.1253         -DE/DX =    0.0                 !
 ! A19   A(6,7,8)              119.8491         -DE/DX =    0.0                 !
 ! A20   A(6,7,29)             120.2483         -DE/DX =    0.0                 !
 ! A21   A(8,7,29)             119.8777         -DE/DX =    0.0                 !
 ! A22   A(7,8,36)             124.0219         -DE/DX =    0.0                 !
 ! A23   A(7,8,44)             118.7477         -DE/DX =    0.0                 !
 ! A24   A(36,8,44)            117.206          -DE/DX =    0.0                 !
 ! A25   A(6,9,10)             120.3095         -DE/DX =    0.0                 !
 ! A26   A(6,9,12)             120.6414         -DE/DX =    0.0                 !
 ! A27   A(10,9,12)            119.0491         -DE/DX =    0.0                 !
 ! A28   A(9,10,11)            122.4384         -DE/DX =    0.0                 !
 ! A29   A(9,10,13)            118.7816         -DE/DX =    0.0                 !
 ! A30   A(11,10,13)           118.7798         -DE/DX =    0.0                 !
 ! A31   A(4,11,10)            120.3111         -DE/DX =    0.0                 !
 ! A32   A(4,11,14)            120.6404         -DE/DX =    0.0                 !
 ! A33   A(10,11,14)           119.0485         -DE/DX =    0.0                 !
 ! A34   A(1,15,16)            108.8528         -DE/DX =    0.0                 !
 ! A35   A(1,15,17)            109.542          -DE/DX =    0.0                 !
 ! A36   A(1,15,18)            112.8471         -DE/DX =    0.0                 !
 ! A37   A(16,15,17)           106.0447         -DE/DX =    0.0                 !
 ! A38   A(16,15,18)           109.7189         -DE/DX =    0.0                 !
 ! A39   A(17,15,18)           109.6057         -DE/DX =    0.0                 !
 ! A40   A(15,18,19)           111.4131         -DE/DX =    0.0                 !
 ! A41   A(15,18,20)           108.9401         -DE/DX =    0.0                 !
 ! A42   A(15,18,21)           111.7155         -DE/DX =    0.0                 !
 ! A43   A(19,18,20)           108.4009         -DE/DX =    0.0                 !
 ! A44   A(19,18,21)           108.081          -DE/DX =    0.0                 !
 ! A45   A(20,18,21)           108.1847         -DE/DX =    0.0                 !
 ! A46   A(5,22,23)            110.032          -DE/DX =    0.0                 !
 ! A47   A(5,22,24)            109.1926         -DE/DX =    0.0                 !
 ! A48   A(5,22,25)            112.8352         -DE/DX =    0.0                 !
 ! A49   A(23,22,24)           105.5412         -DE/DX =    0.0                 !
 ! A50   A(23,22,25)           109.4445         -DE/DX =    0.0                 !
 ! A51   A(24,22,25)           109.5353         -DE/DX =    0.0                 !
 ! A52   A(22,25,26)           109.468          -DE/DX =    0.0                 !
 ! A53   A(22,25,27)           111.3522         -DE/DX =    0.0                 !
 ! A54   A(22,25,28)           111.4358         -DE/DX =    0.0                 !
 ! A55   A(26,25,27)           108.2993         -DE/DX =    0.0                 !
 ! A56   A(26,25,28)           108.2247         -DE/DX =    0.0                 !
 ! A57   A(27,25,28)           107.9543         -DE/DX =    0.0                 !
 ! A58   A(7,29,30)            109.1667         -DE/DX =    0.0                 !
 ! A59   A(7,29,31)            110.0069         -DE/DX =    0.0                 !
 ! A60   A(7,29,32)            112.8814         -DE/DX =    0.0                 !
 ! A61   A(30,29,31)           105.5455         -DE/DX =    0.0                 !
 ! A62   A(30,29,32)           109.5447         -DE/DX =    0.0                 !
 ! A63   A(31,29,32)           109.4328         -DE/DX =    0.0                 !
 ! A64   A(29,32,33)           111.4323         -DE/DX =    0.0                 !
 ! A65   A(29,32,34)           111.3721         -DE/DX =    0.0                 !
 ! A66   A(29,32,35)           109.4614         -DE/DX =    0.0                 !
 ! A67   A(33,32,34)           107.9472         -DE/DX =    0.0                 !
 ! A68   A(33,32,35)           108.2246         -DE/DX =    0.0                 !
 ! A69   A(34,32,35)           108.2962         -DE/DX =    0.0                 !
 ! A70   A(8,36,37)            108.8911         -DE/DX =    0.0                 !
 ! A71   A(8,36,38)            109.5404         -DE/DX =    0.0                 !
 ! A72   A(8,36,39)            112.7943         -DE/DX =    0.0                 !
 ! A73   A(37,36,38)           106.0749         -DE/DX =    0.0                 !
 ! A74   A(37,36,39)           109.7391         -DE/DX =    0.0                 !
 ! A75   A(38,36,39)           109.577          -DE/DX =    0.0                 !
 ! A76   A(36,39,40)           108.9493         -DE/DX =    0.0                 !
 ! A77   A(36,39,41)           111.4201         -DE/DX =    0.0                 !
 ! A78   A(36,39,42)           111.6869         -DE/DX =    0.0                 !
 ! A79   A(40,39,41)           108.401          -DE/DX =    0.0                 !
 ! A80   A(40,39,42)           108.198          -DE/DX =    0.0                 !
 ! A81   A(41,39,42)           108.0807         -DE/DX =    0.0                 !
 ! A82   A(1,43,2)             121.5471         -DE/DX =    0.0                 !
 ! A83   A(1,43,48)            128.7825         -DE/DX =    0.0                 !
 ! A84   A(2,43,48)            109.6701         -DE/DX =    0.0                 !
 ! A85   A(2,44,8)             121.5861         -DE/DX =    0.0                 !
 ! A86   A(2,44,45)            109.6812         -DE/DX =    0.0                 !
 ! A87   A(8,44,45)            128.7122         -DE/DX =    0.0                 !
 ! A88   A(44,45,46)           109.8849         -DE/DX =    0.0                 !
 ! A89   A(44,45,47)           109.127          -DE/DX =    0.0                 !
 ! A90   A(44,45,48)           103.6978         -DE/DX =    0.0                 !
 ! A91   A(46,45,47)           109.9702         -DE/DX =    0.0                 !
 ! A92   A(46,45,48)           112.0964         -DE/DX =    0.0                 !
 ! A93   A(47,45,48)           111.8625         -DE/DX =    0.0                 !
 ! A94   A(43,48,45)           103.6986         -DE/DX =    0.0                 !
 ! A95   A(43,48,49)           109.4258         -DE/DX =    0.0                 !
 ! A96   A(43,48,50)           109.6196         -DE/DX =    0.0                 !
 ! A97   A(45,48,49)           112.1921         -DE/DX =    0.0                 !
 ! A98   A(45,48,50)           111.7912         -DE/DX =    0.0                 !
 ! A99   A(49,48,50)           109.918          -DE/DX =    0.0                 !
 ! D1    D(15,1,5,4)           178.4541         -DE/DX =    0.0                 !
 ! D2    D(15,1,5,22)           -3.2539         -DE/DX =    0.0                 !
 ! D3    D(43,1,5,4)             0.297          -DE/DX =    0.0                 !
 ! D4    D(43,1,5,22)          178.5891         -DE/DX =    0.0                 !
 ! D5    D(5,1,15,16)           33.8551         -DE/DX =    0.0                 !
 ! D6    D(5,1,15,17)          149.3928         -DE/DX =    0.0                 !
 ! D7    D(5,1,15,18)          -88.2011         -DE/DX =    0.0                 !
 ! D8    D(43,1,15,16)        -147.9628         -DE/DX =    0.0                 !
 ! D9    D(43,1,15,17)         -32.4252         -DE/DX =    0.0                 !
 ! D10   D(43,1,15,18)          89.9809         -DE/DX =    0.0                 !
 ! D11   D(5,1,43,2)             0.1681         -DE/DX =    0.0                 !
 ! D12   D(5,1,43,48)          179.947          -DE/DX =    0.0                 !
 ! D13   D(15,1,43,2)         -178.1118         -DE/DX =    0.0                 !
 ! D14   D(15,1,43,48)           1.6671         -DE/DX =    0.0                 !
 ! D15   D(43,2,3,4)            -0.1879         -DE/DX =    0.0                 !
 ! D16   D(43,2,3,6)          -179.8167         -DE/DX =    0.0                 !
 ! D17   D(44,2,3,4)           179.4143         -DE/DX =    0.0                 !
 ! D18   D(44,2,3,6)            -0.2145         -DE/DX =    0.0                 !
 ! D19   D(3,2,43,1)            -0.2279         -DE/DX =    0.0                 !
 ! D20   D(3,2,43,48)          179.9551         -DE/DX =    0.0                 !
 ! D21   D(44,2,43,1)         -179.8667         -DE/DX =    0.0                 !
 ! D22   D(44,2,43,48)           0.3163         -DE/DX =    0.0                 !
 ! D23   D(3,2,44,8)             0.5961         -DE/DX =    0.0                 !
 ! D24   D(3,2,44,45)         -177.8921         -DE/DX =    0.0                 !
 ! D25   D(43,2,44,8)         -179.7649         -DE/DX =    0.0                 !
 ! D26   D(43,2,44,45)           1.7468         -DE/DX =    0.0                 !
 ! D27   D(2,3,4,5)              0.636          -DE/DX =    0.0                 !
 ! D28   D(2,3,4,11)          -179.3468         -DE/DX =    0.0                 !
 ! D29   D(6,3,4,5)           -179.7658         -DE/DX =    0.0                 !
 ! D30   D(6,3,4,11)             0.2515         -DE/DX =    0.0                 !
 ! D31   D(2,3,6,7)             -0.6133         -DE/DX =    0.0                 !
 ! D32   D(2,3,6,9)            179.4075         -DE/DX =    0.0                 !
 ! D33   D(4,3,6,7)            179.7885         -DE/DX =    0.0                 !
 ! D34   D(4,3,6,9)             -0.1907         -DE/DX =    0.0                 !
 ! D35   D(3,4,5,1)             -0.6995         -DE/DX =    0.0                 !
 ! D36   D(3,4,5,22)          -178.9854         -DE/DX =    0.0                 !
 ! D37   D(11,4,5,1)           179.2815         -DE/DX =    0.0                 !
 ! D38   D(11,4,5,22)            0.9956         -DE/DX =    0.0                 !
 ! D39   D(3,4,11,10)           -0.0284         -DE/DX =    0.0                 !
 ! D40   D(3,4,11,14)          179.9227         -DE/DX =    0.0                 !
 ! D41   D(5,4,11,10)          179.99           -DE/DX =    0.0                 !
 ! D42   D(5,4,11,14)           -0.0588         -DE/DX =    0.0                 !
 ! D43   D(1,5,22,23)           30.08           -DE/DX =    0.0                 !
 ! D44   D(1,5,22,24)          145.4767         -DE/DX =    0.0                 !
 ! D45   D(1,5,22,25)          -92.467          -DE/DX =    0.0                 !
 ! D46   D(4,5,22,23)         -151.6342         -DE/DX =    0.0                 !
 ! D47   D(4,5,22,24)          -36.2375         -DE/DX =    0.0                 !
 ! D48   D(4,5,22,25)           85.8188         -DE/DX =    0.0                 !
 ! D49   D(3,6,7,8)              1.0803         -DE/DX =    0.0                 !
 ! D50   D(3,6,7,29)           179.2654         -DE/DX =    0.0                 !
 ! D51   D(9,6,7,8)           -178.9425         -DE/DX =    0.0                 !
 ! D52   D(9,6,7,29)            -0.7574         -DE/DX =    0.0                 !
 ! D53   D(3,6,9,10)            -0.0945         -DE/DX =    0.0                 !
 ! D54   D(3,6,9,12)           179.9914         -DE/DX =    0.0                 !
 ! D55   D(7,6,9,10)           179.9277         -DE/DX =    0.0                 !
 ! D56   D(7,6,9,12)             0.0136         -DE/DX =    0.0                 !
 ! D57   D(6,7,8,36)          -178.8734         -DE/DX =    0.0                 !
 ! D58   D(6,7,8,44)            -0.7249         -DE/DX =    0.0                 !
 ! D59   D(29,7,8,36)            2.9347         -DE/DX =    0.0                 !
 ! D60   D(29,7,8,44)         -178.9167         -DE/DX =    0.0                 !
 ! D61   D(6,7,29,30)           36.3746         -DE/DX =    0.0                 !
 ! D62   D(6,7,29,31)          151.7479         -DE/DX =    0.0                 !
 ! D63   D(6,7,29,32)          -85.7063         -DE/DX =    0.0                 !
 ! D64   D(8,7,29,30)         -145.4408         -DE/DX =    0.0                 !
 ! D65   D(8,7,29,31)          -30.0676         -DE/DX =    0.0                 !
 ! D66   D(8,7,29,32)           92.4783         -DE/DX =    0.0                 !
 ! D67   D(7,8,36,37)          -33.7098         -DE/DX =    0.0                 !
 ! D68   D(7,8,36,38)         -149.304          -DE/DX =    0.0                 !
 ! D69   D(7,8,36,39)           88.3642         -DE/DX =    0.0                 !
 ! D70   D(44,8,36,37)         148.1153         -DE/DX =    0.0                 !
 ! D71   D(44,8,36,38)          32.5211         -DE/DX =    0.0                 !
 ! D72   D(44,8,36,39)         -89.8107         -DE/DX =    0.0                 !
 ! D73   D(7,8,44,2)            -0.1041         -DE/DX =    0.0                 !
 ! D74   D(7,8,44,45)          178.0716         -DE/DX =    0.0                 !
 ! D75   D(36,8,44,2)          178.1705         -DE/DX =    0.0                 !
 ! D76   D(36,8,44,45)          -3.6538         -DE/DX =    0.0                 !
 ! D77   D(6,9,10,11)            0.3134         -DE/DX =    0.0                 !
 ! D78   D(6,9,10,13)         -179.8583         -DE/DX =    0.0                 !
 ! D79   D(12,9,10,11)        -179.7712         -DE/DX =    0.0                 !
 ! D80   D(12,9,10,13)           0.0571         -DE/DX =    0.0                 !
 ! D81   D(9,10,11,4)           -0.2481         -DE/DX =    0.0                 !
 ! D82   D(9,10,11,14)         179.8            -DE/DX =    0.0                 !
 ! D83   D(13,10,11,4)         179.9236         -DE/DX =    0.0                 !
 ! D84   D(13,10,11,14)         -0.0283         -DE/DX =    0.0                 !
 ! D85   D(1,15,18,19)          60.4397         -DE/DX =    0.0                 !
 ! D86   D(1,15,18,20)         179.981          -DE/DX =    0.0                 !
 ! D87   D(1,15,18,21)         -60.5591         -DE/DX =    0.0                 !
 ! D88   D(16,15,18,19)        -61.128          -DE/DX =    0.0                 !
 ! D89   D(16,15,18,20)         58.4132         -DE/DX =    0.0                 !
 ! D90   D(16,15,18,21)        177.8732         -DE/DX =    0.0                 !
 ! D91   D(17,15,18,19)       -177.1899         -DE/DX =    0.0                 !
 ! D92   D(17,15,18,20)        -57.6487         -DE/DX =    0.0                 !
 ! D93   D(17,15,18,21)         61.8113         -DE/DX =    0.0                 !
 ! D94   D(5,22,25,26)        -179.6018         -DE/DX =    0.0                 !
 ! D95   D(5,22,25,27)         -59.8823         -DE/DX =    0.0                 !
 ! D96   D(5,22,25,28)          60.7189         -DE/DX =    0.0                 !
 ! D97   D(23,22,25,26)         57.523          -DE/DX =    0.0                 !
 ! D98   D(23,22,25,27)        177.2425         -DE/DX =    0.0                 !
 ! D99   D(23,22,25,28)        -62.1563         -DE/DX =    0.0                 !
 ! D100  D(24,22,25,26)        -57.7386         -DE/DX =    0.0                 !
 ! D101  D(24,22,25,27)         61.9809         -DE/DX =    0.0                 !
 ! D102  D(24,22,25,28)       -177.4179         -DE/DX =    0.0                 !
 ! D103  D(7,29,32,33)         -60.7692         -DE/DX =    0.0                 !
 ! D104  D(7,29,32,34)          59.8342         -DE/DX =    0.0                 !
 ! D105  D(7,29,32,35)         179.5581         -DE/DX =    0.0                 !
 ! D106  D(30,29,32,33)        177.3626         -DE/DX =    0.0                 !
 ! D107  D(30,29,32,34)        -62.0339         -DE/DX =    0.0                 !
 ! D108  D(30,29,32,35)         57.6899         -DE/DX =    0.0                 !
 ! D109  D(31,29,32,33)         62.0971         -DE/DX =    0.0                 !
 ! D110  D(31,29,32,34)       -177.2994         -DE/DX =    0.0                 !
 ! D111  D(31,29,32,35)        -57.5756         -DE/DX =    0.0                 !
 ! D112  D(8,36,39,40)        -179.8608         -DE/DX =    0.0                 !
 ! D113  D(8,36,39,41)         -60.3091         -DE/DX =    0.0                 !
 ! D114  D(8,36,39,42)          60.6743         -DE/DX =    0.0                 !
 ! D115  D(37,36,39,40)        -58.2656         -DE/DX =    0.0                 !
 ! D116  D(37,36,39,41)         61.2862         -DE/DX =    0.0                 !
 ! D117  D(37,36,39,42)       -177.7304         -DE/DX =    0.0                 !
 ! D118  D(38,36,39,40)         57.828          -DE/DX =    0.0                 !
 ! D119  D(38,36,39,41)        177.3797         -DE/DX =    0.0                 !
 ! D120  D(38,36,39,42)        -61.6369         -DE/DX =    0.0                 !
 ! D121  D(1,43,48,45)         178.0975         -DE/DX =    0.0                 !
 ! D122  D(1,43,48,49)         -62.0215         -DE/DX =    0.0                 !
 ! D123  D(1,43,48,50)          58.5903         -DE/DX =    0.0                 !
 ! D124  D(2,43,48,45)          -2.1025         -DE/DX =    0.0                 !
 ! D125  D(2,43,48,49)         117.7784         -DE/DX =    0.0                 !
 ! D126  D(2,43,48,50)        -121.6098         -DE/DX =    0.0                 !
 ! D127  D(2,44,45,46)        -122.9063         -DE/DX =    0.0                 !
 ! D128  D(2,44,45,47)         116.4402         -DE/DX =    0.0                 !
 ! D129  D(2,44,45,48)          -2.9139         -DE/DX =    0.0                 !
 ! D130  D(8,44,45,46)          58.7441         -DE/DX =    0.0                 !
 ! D131  D(8,44,45,47)         -61.9095         -DE/DX =    0.0                 !
 ! D132  D(8,44,45,48)         178.7365         -DE/DX =    0.0                 !
 ! D133  D(44,45,48,43)          2.9121         -DE/DX =    0.0                 !
 ! D134  D(44,45,48,49)       -115.0666         -DE/DX =    0.0                 !
 ! D135  D(44,45,48,50)        120.9237         -DE/DX =    0.0                 !
 ! D136  D(46,45,48,43)        121.3882         -DE/DX =    0.0                 !
 ! D137  D(46,45,48,49)          3.4095         -DE/DX =    0.0                 !
 ! D138  D(46,45,48,50)       -120.6002         -DE/DX =    0.0                 !
 ! D139  D(47,45,48,43)       -114.5515         -DE/DX =    0.0                 !
 ! D140  D(47,45,48,49)        127.4698         -DE/DX =    0.0                 !
 ! D141  D(47,45,48,50)          3.4601         -DE/DX =    0.0                 !
 --------------------------------------------------------------------------------
 GradGradGradGradGradGradGradGradGradGradGradGradGradGradGradGradGradGrad

                          Input orientation:                          
 ---------------------------------------------------------------------
 Center     Atomic      Atomic             Coordinates (Angstroms)
 Number     Number       Type             X           Y           Z
 ---------------------------------------------------------------------
      1          6           0        2.362918   -0.786337    0.137245
      2          6           0        0.000295   -0.620566    0.109649
      3          6           0        0.000254    0.737461   -0.131394
      4          6           0        1.262047    1.385507   -0.240684
      5          6           0        2.455014    0.603485   -0.110598
      6          6           0       -1.261597    1.385008   -0.243761
      7          6           0       -2.454716    0.602751   -0.116118
      8          6           0       -2.362462   -0.785294    0.140414
      9          6           0       -1.223678    2.785780   -0.479053
     10          6           0        0.000212    3.449671   -0.585162
     11          6           0        1.224098    2.786501   -0.474735
     12          1           0       -2.139873    3.353672   -0.577205
     13          1           0        0.000228    4.519526   -0.762616
     14          1           0        2.140278    3.355006   -0.569185
     15          6           0        3.552664   -1.698975    0.256390
     16          1           0        4.374875   -1.148167    0.715002
     17          1           0        3.318332   -2.517417    0.941251
     18          6           0        4.006020   -2.275356   -1.105138
     19          1           0        4.295592   -1.481173   -1.798216
     20          1           0        4.869785   -2.925563   -0.945185
     21          1           0        3.216715   -2.866522   -1.577151
     22          6           0        3.811117    1.264065   -0.198612
     23          1           0        4.548788    0.554324   -0.576419
     24          1           0        3.772065    2.067333   -0.938326
     25          6           0        4.290416    1.831901    1.155767
     26          1           0        5.269657    2.301615    1.028004
     27          1           0        3.595964    2.584608    1.540250
     28          1           0        4.384547    1.043900    1.908901
     29          6           0       -3.810980    1.261662   -0.213704
     30          1           0       -3.769209    2.060027   -0.958649
     31          1           0       -4.546247    0.548620   -0.590123
     32          6           0       -4.297255    1.837847    1.134613
     33          1           0       -4.395035    1.054522    1.892123
     34          1           0       -3.605160    2.593177    1.518180
     35          1           0       -5.275978    2.306394    0.998842
     36          6           0       -3.550917   -1.698499    0.267279
     37          1           0       -4.374288   -1.145572    0.721230
     38          1           0       -3.315053   -2.511436    0.958279
     39          6           0       -4.002204   -2.286575   -1.089932
     40          1           0       -4.866456   -2.935122   -0.925931
     41          1           0       -4.290212   -1.498451   -1.790538
     42          1           0       -3.211922   -2.881935   -1.555100
     43          7           0        1.127693   -1.353312    0.241075
     44          7           0       -1.127385   -1.351682    0.246002
     45          6           0       -0.774304   -2.766812    0.547505
     46          1           0       -1.214511   -3.425733   -0.199703
     47          1           0       -1.148603   -3.025088    1.538665
     48          6           0        0.773164   -2.777877    0.494614
     49          1           0        1.152872   -3.396198   -0.318665
     50          1           0        1.207975   -3.100419    1.440379
 ---------------------------------------------------------------------
                    Distance matrix (angstroms):
                    1          2          3          4          5
     1  C    0.000000
     2  C    2.368592   0.000000
     3  C    2.824235   1.379253   0.000000
     4  C    2.464072   2.395638   1.422684   0.000000
     5  C    1.414749   2.751810   2.458501   1.432358   0.000000
     6  C    4.242289   2.395745   1.422748   2.523646   3.800225
     7  C    5.020295   2.752191   2.458711   3.800336   4.909733
     8  C    4.725381   2.368692   2.824020   4.242014   5.019939
     9  C    5.099364   3.667134   2.411325   2.862938   4.293127
    10  C    4.903877   4.129115   2.749907   2.443699   3.788408
    11  C    3.799553   3.667057   2.411275   1.420917   2.532451
    12  H    6.158347   4.565813   3.409318   3.944614   5.375336
    13  H    5.877434   5.213578   3.834379   3.418578   4.667599
    14  H    4.207058   4.565689   3.409238   2.181313   2.807174
    15  C    1.504194   3.715350   4.325068   3.874021   2.576982
    16  H    2.124310   4.447670   4.838314   4.125837   2.726860
    17  H    2.134451   3.911391   4.770162   4.567067   3.404664
    18  C    2.541747   4.501097   5.106016   4.656026   3.417960
    19  H    2.822062   4.778093   5.113762   4.454902   3.252934
    20  H    3.468764   5.489775   6.147547   5.665458   4.356815
    21  H    2.827595   4.270243   5.042274   4.866890   3.843425
    22  C    2.532633   4.262538   3.847663   2.552308   1.511002
    23  H    2.661713   4.747615   4.573921   3.406795   2.145529
    24  H    3.359461   4.748611   4.079982   2.692913   2.136026
    25  C    3.407024   5.051149   4.610865   3.364575   2.545857
    26  H    4.333362   6.094973   5.617596   4.302297   3.478832
    27  H    3.853841   5.024798   4.374411   3.171235   2.819913
    28  H    3.252002   5.022890   4.845486   3.806234   2.827621
    29  C    6.514175   4.262998   3.847995   5.074611   6.301310
    30  H    6.848778   4.747210   4.079508   5.126791   6.448384
    31  H    7.074442   4.746337   4.573485   5.878670   7.017878
    32  C    7.227654   5.056014   4.613264   5.744728   6.976198
    33  H    7.220684   5.030115   4.849094   6.054832   7.151049
    34  H    6.996146   5.031045   4.377647   5.314300   6.583123
    35  H    8.286137   6.098919   5.619396   6.717904   7.993684
    36  C    5.985181   3.714551   4.324773   5.738793   6.443069
    37  H    6.772004   4.448217   4.838326   6.252993   7.098627
    38  H    5.990777   3.909871   4.768016   6.129724   6.643711
    39  C    6.653679   4.498286   5.107177   6.474392   7.141933
    40  H    7.616526   5.487701   6.148498   7.529671   8.172542
    41  H    6.963303   4.773871   5.114701   6.445684   7.262122
    42  H    6.191478   4.266558   5.044308   6.321008   6.808003
    43  N    1.363093   1.351005   2.404409   2.784111   2.390504
    44  N    3.537464   1.350846   2.403854   3.665850   4.096758
    45  C    3.732661   2.323380   3.652502   4.691452   4.713862
    46  H    4.458469   3.072525   4.337338   5.411381   5.450500
    47  H    4.393946   3.023868   4.273844   5.332042   5.373329
    48  C    2.573181   2.323686   3.653337   4.255988   3.824724
    49  H    2.912634   3.035790   4.295432   4.783587   4.211452
    50  H    2.896037   3.062517   4.319535   4.790870   4.204705
                    6          7          8          9         10
     6  C    0.000000
     7  C    1.432394   0.000000
     8  C    2.463677   1.414563   0.000000
     9  C    1.420902   2.532349   3.799097   0.000000
    10  C    2.443675   3.788354   4.903429   1.396394   0.000000
    11  C    2.862903   4.293140   5.098975   2.447780   1.396383
    12  H    2.181328   2.807007   4.206609   1.082381   2.142252
    13  H    3.418570   4.667530   5.876979   2.141081   1.084472
    14  H    3.944559   5.375328   6.157945   3.412966   2.142218
    15  C    5.739182   6.444014   5.986399   6.592977   6.311631
    16  H    6.253480   7.099281   6.771524   6.945898   6.478288
    17  H    6.132612   6.646922   5.992747   7.125379   6.996142
    18  C    6.472096   7.141622   6.658021   7.304575   7.006626
    19  H    6.443111   7.262152   6.969377   7.099959   6.650941
    20  H    7.527740   8.172189   7.620018   8.364628   8.030316
    21  H    6.317335   6.807026   6.197480   7.271274   7.157110
    22  C    5.074357   6.301175   6.513670   5.267202   4.410135
    23  H    5.878884   7.018782   7.076285   6.189526   5.391907
    24  H    5.126962   6.449328   6.850809   5.067992   4.032674
    25  C    5.743104   6.973186   7.220903   5.829902   4.904474
    26  H    6.716758   7.991314   8.280463   6.683489   5.629155
    27  H    5.312027   6.578909   6.987032   5.229436   4.265576
    28  H    6.052211   7.146387   7.210800   6.339452   5.588424
    29  C    2.552542   1.511006   2.532515   3.014545   4.410278
    30  H    2.693480   2.135744   3.358978   2.690067   4.034741
    31  H    3.407115   2.145253   2.661189   4.007080   5.393181
    32  C    3.364550   2.546515   3.407745   3.598524   4.901410
    33  H    3.806527   2.828774   3.253423   4.321717   5.584968
    34  H    3.171182   2.820682   3.854427   3.114080   4.261025
    35  H    4.302123   3.479231   4.334052   4.339945   5.626218
    36  C    3.874295   2.577674   1.504149   5.107036   6.311959
    37  H    4.126001   2.728102   2.124757   5.179050   6.477590
    38  H    4.565507   3.404801   2.134455   5.873693   6.993424
    39  C    4.659126   3.419245   2.540935   5.815683   7.012749
    40  H    5.667794   4.357618   3.468262   6.796930   8.035307
    41  H    4.458628   3.253886   2.820175   5.429388   6.659172
    42  H    4.871363   3.845395   2.827057   6.101965   7.165739
    43  N    3.666356   4.097246   3.537507   4.814521   5.002252
    44  N    2.783407   2.390136   1.362850   4.201615   5.001530
    45  C    4.254546   3.823367   2.571844   5.664542   6.366119
    46  H    4.811173   4.215896   2.899205   6.217798   6.992518
    47  H    4.758020   4.195885   2.906069   6.151667   6.910349
    48  C    4.692021   4.713900   3.732023   5.990800   6.367552
    49  H    5.356790   5.389556   4.402857   6.624995   6.947342
    50  H    5.390192   5.436126   4.449465   6.651654   6.961695
                   11         12         13         14         15
    11  C    0.000000
    12  H    3.412988   0.000000
    13  H    2.141053   2.444101   0.000000
    14  H    1.082360   4.280159   2.444041   0.000000
    15  C    5.106492   7.656964   7.233805   5.312168   0.000000
    16  H    5.179236   8.023608   7.310515   5.188557   1.090755
    17  H    5.875576   8.158885   7.964393   6.176940   1.092609
    18  C    5.810240   8.350848   7.895195   5.955603   1.546448
    19  H    5.422058   8.141364   7.451913   5.435487   2.195628
    20  H    6.792646   9.418042   8.898049   6.858362   2.164049
    21  H    6.094466   8.269446   8.097096   6.393913   2.199522
    22  C    3.014419   6.318550   5.043709   2.702048   3.008892
    23  H    4.005811   7.250830   6.037126   3.693886   2.600614
    24  H    2.687797   6.061030   4.502319   2.111184   3.957342
    25  C    3.601681   6.831369   5.413800   3.149349   3.717559
    26  H    4.342797   7.654061   5.991021   3.667923   4.421332
    27  H    3.118761   6.162377   4.687901   2.676238   4.472052
    28  H    4.325138   7.354171   6.199938   4.064341   3.308502
    29  C    5.267380   2.702080   5.043837   6.318697   7.950447
    30  H    5.069029   2.115124   4.505133   6.062234   8.319630
    31  H    6.190179   3.695824   6.038898   7.251610   8.447521
    32  C    5.828833   3.143619   5.409181   6.829826   8.654572
    33  H    6.338488   4.058253   6.194532   7.352590   8.568739
    34  H    5.227889   2.667593   4.680991   6.160157   8.440920
    35  H    6.682284   3.662768   5.986572   7.652395   9.723123
    36  C    6.592920   5.313062   7.234304   7.656846   7.103589
    37  H    6.945032   5.188616   7.309688   8.022465   7.959830
    38  H    7.122188   6.175617   7.961595   8.155300   6.951134
    39  C    7.309501   5.961841   7.902507   8.356357   7.696355
    40  H    8.368716   6.863293   8.904104   9.422701   8.591130
    41  H    7.106319   5.444192   7.461940   8.148555   8.108072
    42  H    7.278505   6.402215   8.107254   8.277530   7.102148
    43  N    4.202349   5.788114   6.063728   4.883657   2.449531
    44  N    4.813886   4.882945   6.062995   5.787492   4.692928
    45  C    5.989814   6.371034   7.443591   6.871567   4.466282
    46  H    6.679395   6.852673   8.057270   7.574269   5.090743
    47  H    6.592273   6.793239   7.971004   7.481001   5.050220
    48  C    5.666153   6.872443   7.445143   6.372827   2.991053
    49  H    6.185079   7.514636   8.011515   6.827627   2.995038
    50  H    6.190619   7.545464   8.023429   6.824958   2.977153
                   16         17         18         19         20
    16  H    0.000000
    17  H    1.744224   0.000000
    18  C    2.172445   2.172376   0.000000
    19  H    2.536423   3.087640   1.093131   0.000000
    20  H    2.481994   2.476334   1.092907   1.773027   0.000000
    21  H    3.089991   2.544514   1.093287   1.769757   1.770737
    22  C    2.640336   3.980168   3.658863   3.213998   4.385332
    23  H    2.143942   3.640459   2.929374   2.387497   3.514064
    24  H    3.665558   4.975804   4.352184   3.688547   5.112147
    25  C    3.013671   4.461786   4.697034   4.438750   5.232890
    26  H    3.577653   5.199833   5.205356   4.821390   5.601496
    27  H    3.901454   5.144564   5.548465   5.307108   6.177539
    28  H    2.496126   3.841372   4.499463   4.486270   4.913034
    29  C    8.583588   8.151224   8.626160   8.703467   9.665589
    30  H    8.911774   8.648460   8.903437   8.847937   9.974393
    31  H    9.174358   8.578887   9.021161   9.151921  10.042792
    32  C    9.181405   8.775129   9.533063   9.667182  10.538039
    33  H    9.118595   8.553300   9.520997   9.776265  10.475127
    34  H    8.850068   8.624719   9.408213   9.487924  10.409100
    35  H   10.254439   9.855691  10.562890  10.666965  11.579686
    36  C    7.957481   6.950644   7.702181   8.116724   8.595579
    37  H    8.749166   7.817083   8.651104   9.034770   9.560241
    38  H    7.813621   6.633410   7.609962   8.159756   8.413456
    39  C    8.644605   7.600608   8.008246   8.366825   8.896148
    40  H    9.554479   8.405452   8.898777   9.317617   9.736265
    41  H    9.026858   8.148062   8.360671   8.585826   9.308965
    42  H    8.106713   7.000633   7.257347   7.640943   8.104807
    43  N    3.287991   2.577652   3.308658   3.769701   4.228764
    44  N    5.525960   4.648302   5.388005   5.796919   6.313642
    45  C    5.400195   4.119090   5.081757   5.732288   5.840297
    46  H    6.104525   4.761668   5.421911   6.057871   6.150169
    47  H    5.891525   4.535212   5.841398   6.569453   6.511560
    48  C    3.959400   2.597154   3.641852   4.398410   4.344783
    49  H    4.062439   2.654970   3.164692   3.966495   3.798614
    50  H    3.790345   2.245580   3.871620   4.758554   4.373825
                   21         22         23         24         25
    21  H    0.000000
    22  C    4.394933   0.000000
    23  H    3.805007   1.091160   0.000000
    24  H    5.005940   1.092676   1.738813   0.000000
    25  C    5.540475   1.544832   2.167816   2.170102   0.000000
    26  H    6.140932   2.169892   2.479284   2.482766   1.093557
    27  H    6.291012   2.194029   3.083863   2.538095   1.093919
    28  H    5.367289   2.195200   2.538400   3.086949   1.094083
    29  C    8.263739   7.622113   8.397477   7.660075   8.236094
    30  H    8.570681   7.659801   8.461816   7.541305   8.335488
    31  H    8.538208   8.397064   9.095047   8.462981   9.098437
    32  C    9.270626   8.237258   9.100964   8.334487   8.587700
    33  H    9.238462   8.470892   9.291710   8.702801   8.751206
    34  H    9.269702   7.727554   8.662052   7.793227   7.940467
    35  H   10.272323   9.224730  10.103327   9.256179   9.579440
    36  C    7.111050   7.949427   8.449395   8.322322   8.645210
    37  H    8.115883   8.582152   9.175774   8.912910   9.172310
    38  H    7.015588   8.147092   8.578705   8.648091   8.760522
    39  C    7.258547   8.628412   9.025180   8.911720   9.527463
    40  H    8.109651   9.667598  10.047150   9.982422  10.531206
    41  H    7.633551   8.706162   9.155103   8.856714   9.664323
    42  H    6.428693   8.267554   8.543671   8.582059   9.265750
    43  N    3.155909   3.774223   4.001408   4.481574   4.580946
    44  N    4.948720   5.606123   6.043854   6.090723   6.349444
    45  C    4.522426   6.150671   6.374046   6.800450   6.868008
    46  H    4.673953   6.873947   7.014156   7.455553   7.732027
    47  H    5.365580   6.783347   7.053088   7.502081   7.302047
    48  C    3.204841   5.103628   5.148399   5.875609   5.835944
    49  H    2.474629   5.366445   5.215871   6.090511   6.273050
    50  H    3.632524   5.339604   5.346556   6.240069   5.823250
                   26         27         28         29         30
    26  H    0.000000
    27  H    1.773057   0.000000
    28  H    1.772355   1.769618   0.000000
    29  C    9.223953   7.725889   8.468739   0.000000
    30  H    9.257767   7.795220   8.702821   1.092738   0.000000
    31  H   10.101648   8.659060   9.287061   1.091209   1.738951
    32  C    9.578740   7.938835   8.752346   1.544802   2.170240
    33  H    9.783057   8.143773   8.779605   2.195116   3.087005
    34  H    8.893125   7.201163   8.147905   2.194246   2.538866
    35  H   10.545676   8.892799   9.785083   2.169781   2.482503
    36  C    9.715047   8.428723   8.554956   3.010238   3.959428
    37  H   10.246116   8.837983   9.106127   2.643141   3.669330
    38  H    9.842132   8.606422   8.533929   3.981928   4.977866
    39  C   10.559571   9.400980   9.509083   3.659826   4.354822
    40  H   11.575062  10.400097  10.461833   4.385691   5.114346
    41  H   10.666573   9.484581   9.767336   3.214699   3.691375
    42  H   10.270287   9.263454   9.225932   4.396317   5.008923
    43  N    5.579750   4.825705   4.374400   5.606728   6.088503
    44  N    7.408120   6.283269   6.235819   3.773934   4.479976
    45  C    7.902486   6.980148   6.556575   5.101906   5.876762
    46  H    8.738090   7.892547   7.468151   5.358500   6.098856
    47  H    8.356351   7.347081   6.878190   5.341841   6.241999
    48  C    6.804718   6.149617   5.445023   6.150932   6.793412
    49  H    7.157269   6.722670   5.926234   6.807827   7.376100
    50  H    6.771210   6.167009   5.242662   6.852274   7.560285
                   31         32         33         34         35
    31  H    0.000000
    32  C    2.167676   0.000000
    33  H    2.537784   1.094066   0.000000
    34  H    3.083958   1.093911   1.769518   0.000000
    35  H    2.479332   1.093557   1.772341   1.773016   0.000000
    36  C    2.602953   3.716858   3.306324   4.470591   4.421559
    37  H    2.149303   3.012907   2.492355   3.899350   3.578572
    38  H    3.643807   4.462295   3.841156   5.143416   5.201765
    39  C    2.929867   4.695372   4.495542   5.547240   5.203925
    40  H    3.514507   5.229825   4.907232   6.174677   5.598745
    41  H    2.386849   4.437053   4.482259   5.306442   4.819669
    42  H    3.805300   5.539751   5.364587   6.290988   6.140171
    43  N    6.041674   6.357041   6.246931   6.293304   7.414489
    44  N    3.999859   4.583754   4.379163   4.829050   5.582035
    45  C    5.149159   5.827415   5.433257   6.138847   6.797514
    46  H    5.200805   6.244116   5.879129   6.700269   7.126661
    47  H    5.370950   5.807358   5.225655   6.131883   6.763972
    48  C    6.366974   6.886484   6.584117   7.004686   7.918091
    49  H    6.936514   7.694877   7.448206   7.866733   8.693991
    50  H    7.109817   7.401860   6.990088   7.455828   8.454007
                   36         37         38         39         40
    36  C    0.000000
    37  H    1.090752   0.000000
    38  H    1.092694   1.744637   0.000000
    39  C    1.546452   2.172703   2.172074   0.000000
    40  H    2.164169   2.481503   2.477219   1.092905   0.000000
    41  H    2.195720   2.537828   3.087567   1.093133   1.773028
    42  H    2.199205   3.089940   2.542633   1.093334   1.770923
    43  N    4.691400   5.526798   4.646893   5.381301   6.308236
    44  N    2.448315   3.287964   2.576482   3.305046   4.226271
    45  C    2.988210   3.952023   2.586379   3.651187   4.352592
    46  H    2.942822   4.003929   2.566932   3.140290   3.755637
    47  H    3.024462   3.821757   2.300910   3.949425   4.461475
    48  C    4.462557   5.404816   4.123044   5.055324   5.817903
    49  H    5.034992   6.057739   4.730301   5.329252   6.067428
    50  H    5.097901   5.958210   4.586622   5.848998   6.521155
                   41         42         43         44         45
    41  H    0.000000
    42  H    1.769793   0.000000
    43  N    5.788109   4.939148   0.000000
    44  N    3.764640   3.151339   2.255083   0.000000
    45  C    4.408718   3.221209   2.389450   1.489350   0.000000
    46  H    3.962968   2.474362   3.158343   2.123189   1.089164
    47  H    4.825341   3.721446   3.108070   2.114643   1.090506
    48  C    5.700581   4.482529   1.489751   2.389126   1.548411
    49  H    5.949372   4.565596   2.118331   3.114236   2.204628
    50  H    6.575347   5.343793   2.120651   3.152542   2.199533
                   46         47         48         49         50
    46  H    0.000000
    47  H    1.785156   0.000000
    48  C    2.202872   2.200988   0.000000
    49  H    2.370554   2.980636   1.089918   0.000000
    50  H    2.943491   2.359830   1.089755   1.784589   0.000000
 Stoichiometry    C21H27N2(2+,2)
 Framework group  C1[X(C21H27N2)]
 Deg. of freedom   144
 Full point group                 C1      NOp   1
 Largest Abelian subgroup         C1      NOp   1
 Largest concise Abelian subgroup C1      NOp   1
                         Standard orientation:                         
 ---------------------------------------------------------------------
 Center     Atomic      Atomic             Coordinates (Angstroms)
 Number     Number       Type             X           Y           Z
 ---------------------------------------------------------------------
      1          6           0        2.362959   -0.785912    0.137517
      2          6           0        0.000330   -0.620251    0.109783
      3          6           0        0.000239    0.737595   -0.132275
      4          6           0        1.262009    1.385607   -0.242043
      5          6           0        2.455004    0.603728   -0.111365
      6          6           0       -1.261636    1.385010   -0.245134
      7          6           0       -2.454726    0.602804   -0.116914
      8          6           0       -2.362421   -0.785045    0.140656
      9          6           0       -1.223768    2.785608   -0.481474
     10          6           0        0.000097    3.449465   -0.588072
     11          6           0        1.224008    2.786425   -0.477142
     12          1           0       -2.139984    3.353391   -0.580056
     13          1           0        0.000074    4.519188   -0.766325
     14          1           0        2.140167    3.354894   -0.572011
     15          6           0        3.552739   -1.698415    0.257351
     16          1           0        4.374926   -1.147233    0.715557
     17          1           0        3.318434   -2.516354    0.942824
     18          6           0        4.006125   -2.275797   -1.103742
     19          1           0        4.295672   -1.482121   -1.797412
     20          1           0        4.869914   -2.925852   -0.943297
     21          1           0        3.216846   -2.867346   -1.575317
     22          6           0        3.811083    1.264294   -0.199864
     23          1           0        4.548783    0.554298   -0.577135
     24          1           0        3.772005    2.067007   -0.940179
     25          6           0        4.290352    1.833161    1.154093
     26          1           0        5.269576    2.302815    1.025985
     27          1           0        3.595869    2.586128    1.538008
     28          1           0        4.384509    1.045726    1.907816
     29          6           0       -3.811014    1.261590   -0.215001
     30          1           0       -3.769269    2.059400   -0.960543
     31          1           0       -4.546251    0.548239   -0.590891
     32          6           0       -4.297319    1.838765    1.132882
     33          1           0       -4.395074    1.056003    1.890976
     34          1           0       -3.605256    2.594408    1.515888
     35          1           0       -5.276059    2.307173    0.996754
     36          6           0       -3.550842   -1.698201    0.268196
     37          1           0       -4.374237   -1.144965    0.721729
     38          1           0       -3.314951   -2.510611    0.959806
     39          6           0       -4.002098   -2.287308   -1.088576
     40          1           0       -4.866327   -2.935765   -0.924097
     41          1           0       -4.290132   -1.499718   -1.789774
     42          1           0       -3.211791   -2.882985   -1.553295
     43          7           0        1.127755   -1.352856    0.241763
     44          7           0       -1.127323   -1.351308    0.246675
     45          6           0       -0.774190   -2.766198    0.549239
     46          1           0       -1.214368   -3.425694   -0.197479
     47          1           0       -1.148486   -3.023747    1.540589
     48          6           0        0.773279   -2.777244    0.496365
     49          1           0        1.153015   -3.396159   -0.316449
     50          1           0        1.208096   -3.099063    1.442374
 ---------------------------------------------------------------------
 Rotational constants (GHZ):      0.4025203      0.2127191      0.1491734

 **********************************************************************

            Population analysis using the SCF density.

 **********************************************************************

 Orbital symmetries:
 Alpha Orbitals:
       Occupied  (A) (A) (A) (A) (A) (A) (A) (A) (A) (A) (A) (A)
                 (A) (A) (A) (A) (A) (A) (A) (A) (A) (A) (A) (A)
                 (A) (A) (A) (A) (A) (A) (A) (A) (A) (A) (A) (A)
                 (A) (A) (A) (A) (A) (A) (A) (A) (A) (A) (A) (A)
                 (A) (A) (A) (A) (A) (A) (A) (A) (A) (A) (A) (A)
                 (A) (A) (A) (A) (A) (A) (A) (A) (A) (A) (A) (A)
                 (A) (A) (A) (A) (A) (A) (A) (A) (A) (A) (A)
       Virtual   (A) (A) (A) (A) (A) (A) (A) (A) (A) (A) (A) (A)
                 (A) (A) (A) (A) (A) (A) (A) (A) (A) (A) (A) (A)
                 (A) (A) (A) (A) (A) (A) (A) (A) (A) (A) (A) (A)
                 (A) (A) (A) (A) (A) (A) (A) (A) (A) (A) (A) (A)
                 (A) (A) (A) (A) (A) (A) (A) (A) (A) (A) (A) (A)
                 (A) (A) (A) (A) (A) (A) (A) (A) (A) (A) (A) (A)
                 (A) (A) (A) (A) (A) (A) (A) (A) (A) (A) (A) (A)
                 (A) (A) (A) (A) (A) (A) (A) (A) (A) (A) (A) (A)
                 (A) (A) (A) (A) (A) (A) (A) (A) (A) (A) (A) (A)
                 (A) (A) (A) (A) (A) (A) (A) (A) (A) (A) (A) (A)
                 (A) (A) (A) (A) (A) (A) (A) (A) (A) (A) (A) (A)
                 (A) (A) (A) (A) (A) (A) (A) (A) (A) (A) (A) (A)
                 (A) (A) (A) (A) (A) (A) (A) (A) (A) (A) (A) (A)
                 (A) (A) (A) (A) (A) (A) (A) (A) (A) (A) (A) (A)
                 (A) (A) (A) (A) (A) (A) (A) (A) (A) (A) (A) (A)
                 (A) (A) (A) (A) (A) (A) (A) (A) (A) (A) (A) (A)
                 (A) (A) (A) (A) (A) (A) (A) (A) (A) (A) (A) (A)
                 (A) (A) (A) (A) (A) (A) (A) (A) (A) (A) (A) (A)
                 (A) (A) (A) (A) (A) (A) (A) (A) (A) (A) (A) (A)
                 (A) (A) (A) (A) (A) (A) (A) (A) (A) (A) (A) (A)
                 (A) (A) (A) (A) (A) (A) (A) (A) (A) (A) (A) (A)
                 (A) (A) (A) (A) (A) (A) (A) (A) (A) (A) (A) (A)
                 (A) (A) (A) (A) (A) (A) (A) (A) (A) (A) (A) (A)
                 (A) (A) (A) (A) (A) (A) (A) (A) (A) (A) (A) (A)
                 (A) (A) (A) (A) (A) (A) (A) (A) (A) (A) (A) (A)
                 (A) (A) (A) (A) (A) (A) (A) (A) (A) (A) (A) (A)
                 (A) (A) (A) (A) (A) (A) (A) (A) (A) (A) (A) (A)
                 (A) (A) (A) (A) (A) (A) (A) (A) (A) (A) (A) (A)
                 (A) (A) (A) (A) (A) (A) (A) (A) (A) (A) (A) (A)
                 (A) (A) (A) (A) (A) (A) (A) (A) (A) (A) (A) (A)
                 (A) (A) (A) (A) (A) (A) (A) (A) (A) (A) (A) (A)
                 (A) (A) (A) (A) (A) (A) (A) (A) (A) (A) (A) (A)
                 (A) (A) (A) (A) (A) (A) (A) (A) (A) (A) (A) (A)
                 (A) (A) (A) (A) (A) (A) (A) (A) (A) (A) (A) (A)
                 (A) (A) (A) (A) (A) (A) (A) (A) (A) (A) (A) (A)
                 (A) (A) (A) (A) (A) (A) (A) (A) (A) (A) (A) (A)
                 (A) (A) (A) (A) (A) (A) (A) (A) (A) (A) (A) (A)
                 (A) (A) (A) (A) (A) (A) (A) (A) (A) (A) (A) (A)
                 (A) (A) (A) (A) (A) (A) (A) (A) (A) (A) (A) (A)
                 (A) (A) (A) (A) (A) (A) (A) (A) (A) (A) (A) (A)
                 (A) (A) (A) (A) (A) (A) (A) (A) (A) (A) (A) (A)
                 (A) (A) (A) (A) (A) (A) (A) (A) (A) (A) (A) (A)
                 (A) (A) (A)
 Beta  Orbitals:
       Occupied  (A) (A) (A) (A) (A) (A) (A) (A) (A) (A) (A) (A)
                 (A) (A) (A) (A) (A) (A) (A) (A) (A) (A) (A) (A)
                 (A) (A) (A) (A) (A) (A) (A) (A) (A) (A) (A) (A)
                 (A) (A) (A) (A) (A) (A) (A) (A) (A) (A) (A) (A)
                 (A) (A) (A) (A) (A) (A) (A) (A) (A) (A) (A) (A)
                 (A) (A) (A) (A) (A) (A) (A) (A) (A) (A) (A) (A)
                 (A) (A) (A) (A) (A) (A) (A) (A) (A) (A)
       Virtual   (A) (A) (A) (A) (A) (A) (A) (A) (A) (A) (A) (A)
                 (A) (A) (A) (A) (A) (A) (A) (A) (A) (A) (A) (A)
                 (A) (A) (A) (A) (A) (A) (A) (A) (A) (A) (A) (A)
                 (A) (A) (A) (A) (A) (A) (A) (A) (A) (A) (A) (A)
                 (A) (A) (A) (A) (A) (A) (A) (A) (A) (A) (A) (A)
                 (A) (A) (A) (A) (A) (A) (A) (A) (A) (A) (A) (A)
                 (A) (A) (A) (A) (A) (A) (A) (A) (A) (A) (A) (A)
                 (A) (A) (A) (A) (A) (A) (A) (A) (A) (A) (A) (A)
                 (A) (A) (A) (A) (A) (A) (A) (A) (A) (A) (A) (A)
                 (A) (A) (A) (A) (A) (A) (A) (A) (A) (A) (A) (A)
                 (A) (A) (A) (A) (A) (A) (A) (A) (A) (A) (A) (A)
                 (A) (A) (A) (A) (A) (A) (A) (A) (A) (A) (A) (A)
                 (A) (A) (A) (A) (A) (A) (A) (A) (A) (A) (A) (A)
                 (A) (A) (A) (A) (A) (A) (A) (A) (A) (A) (A) (A)
                 (A) (A) (A) (A) (A) (A) (A) (A) (A) (A) (A) (A)
                 (A) (A) (A) (A) (A) (A) (A) (A) (A) (A) (A) (A)
                 (A) (A) (A) (A) (A) (A) (A) (A) (A) (A) (A) (A)
                 (A) (A) (A) (A) (A) (A) (A) (A) (A) (A) (A) (A)
                 (A) (A) (A) (A) (A) (A) (A) (A) (A) (A) (A) (A)
                 (A) (A) (A) (A) (A) (A) (A) (A) (A) (A) (A) (A)
                 (A) (A) (A) (A) (A) (A) (A) (A) (A) (A) (A) (A)
                 (A) (A) (A) (A) (A) (A) (A) (A) (A) (A) (A) (A)
                 (A) (A) (A) (A) (A) (A) (A) (A) (A) (A) (A) (A)
                 (A) (A) (A) (A) (A) (A) (A) (A) (A) (A) (A) (A)
                 (A) (A) (A) (A) (A) (A) (A) (A) (A) (A) (A) (A)
                 (A) (A) (A) (A) (A) (A) (A) (A) (A) (A) (A) (A)
                 (A) (A) (A) (A) (A) (A) (A) (A) (A) (A) (A) (A)
                 (A) (A) (A) (A) (A) (A) (A) (A) (A) (A) (A) (A)
                 (A) (A) (A) (A) (A) (A) (A) (A) (A) (A) (A) (A)
                 (A) (A) (A) (A) (A) (A) (A) (A) (A) (A) (A) (A)
                 (A) (A) (A) (A) (A) (A) (A) (A) (A) (A) (A) (A)
                 (A) (A) (A) (A) (A) (A) (A) (A) (A) (A) (A) (A)
                 (A) (A) (A) (A) (A) (A) (A) (A) (A) (A) (A) (A)
                 (A) (A) (A) (A) (A) (A) (A) (A) (A) (A) (A) (A)
                 (A) (A) (A) (A) (A) (A) (A) (A) (A) (A) (A) (A)
                 (A) (A) (A) (A) (A) (A) (A) (A) (A) (A) (A) (A)
                 (A) (A) (A) (A) (A) (A) (A) (A) (A) (A) (A) (A)
                 (A) (A) (A) (A) (A) (A) (A) (A) (A) (A) (A) (A)
                 (A) (A) (A) (A) (A) (A) (A) (A) (A) (A) (A) (A)
                 (A) (A) (A) (A) (A) (A) (A) (A) (A) (A) (A) (A)
                 (A) (A) (A) (A) (A) (A) (A) (A) (A) (A) (A) (A)
                 (A) (A) (A) (A) (A) (A) (A) (A) (A) (A) (A) (A)
                 (A) (A) (A) (A)
 The electronic state is 2-A.
 Alpha  occ. eigenvalues --  -14.48734 -14.48723 -10.34623 -10.31647 -10.31636
 Alpha  occ. eigenvalues --  -10.29213 -10.29193 -10.27508 -10.27505 -10.27439
 Alpha  occ. eigenvalues --  -10.27434 -10.27228 -10.25753 -10.25751 -10.24668
 Alpha  occ. eigenvalues --  -10.23242 -10.23242 -10.22206 -10.22205 -10.20477
 Alpha  occ. eigenvalues --  -10.20474 -10.19860 -10.19860  -1.12064  -1.04023
 Alpha  occ. eigenvalues --   -0.94503  -0.89054  -0.88426  -0.86509  -0.82665
 Alpha  occ. eigenvalues --   -0.82282  -0.79893  -0.78840  -0.77533  -0.76910
 Alpha  occ. eigenvalues --   -0.72257  -0.71087  -0.70287  -0.69820  -0.66185
 Alpha  occ. eigenvalues --   -0.65978  -0.63569  -0.63257  -0.61065  -0.60393
 Alpha  occ. eigenvalues --   -0.58174  -0.57683  -0.55308  -0.53593  -0.53019
 Alpha  occ. eigenvalues --   -0.50232  -0.50137  -0.49949  -0.49359  -0.48380
 Alpha  occ. eigenvalues --   -0.47511  -0.47060  -0.46912  -0.46667  -0.45802
 Alpha  occ. eigenvalues --   -0.45359  -0.44497  -0.44264  -0.43315  -0.43211
 Alpha  occ. eigenvalues --   -0.42096  -0.41466  -0.41105  -0.41021  -0.40076
 Alpha  occ. eigenvalues --   -0.38963  -0.38782  -0.38056  -0.37921  -0.37747
 Alpha  occ. eigenvalues --   -0.37710  -0.37137  -0.36723  -0.36604  -0.34115
 Alpha  occ. eigenvalues --   -0.32703  -0.31275  -0.25003
 Alpha virt. eigenvalues --   -0.10201  -0.09779  -0.08490  -0.01901  -0.01108
 Alpha virt. eigenvalues --   -0.00651  -0.00285   0.00744   0.00784   0.01174
 Alpha virt. eigenvalues --    0.01246   0.01395   0.01481   0.02074   0.02275
 Alpha virt. eigenvalues --    0.02729   0.02794   0.03436   0.03939   0.04121
 Alpha virt. eigenvalues --    0.04484   0.04671   0.04821   0.05556   0.05911
 Alpha virt. eigenvalues --    0.06089   0.06255   0.06402   0.06970   0.07132
 Alpha virt. eigenvalues --    0.07507   0.07553   0.07712   0.08125   0.08485
 Alpha virt. eigenvalues --    0.09076   0.09392   0.09639   0.09759   0.10375
 Alpha virt. eigenvalues --    0.10431   0.10664   0.10939   0.11283   0.11504
 Alpha virt. eigenvalues --    0.11580   0.11629   0.11947   0.12156   0.12554
 Alpha virt. eigenvalues --    0.12719   0.12867   0.13142   0.13192   0.13284
 Alpha virt. eigenvalues --    0.13587   0.13754   0.13876   0.14041   0.14536
 Alpha virt. eigenvalues --    0.14683   0.14809   0.14849   0.15081   0.15137
 Alpha virt. eigenvalues --    0.15295   0.15488   0.15699   0.15932   0.15974
 Alpha virt. eigenvalues --    0.16058   0.16298   0.16707   0.16754   0.16850
 Alpha virt. eigenvalues --    0.16959   0.17285   0.17401   0.17529   0.17639
 Alpha virt. eigenvalues --    0.18401   0.18557   0.18715   0.18746   0.18887
 Alpha virt. eigenvalues --    0.19388   0.19464   0.19722   0.20249   0.20354
 Alpha virt. eigenvalues --    0.20522   0.20802   0.21188   0.21266   0.21455
 Alpha virt. eigenvalues --    0.21478   0.21815   0.22137   0.22417   0.22695
 Alpha virt. eigenvalues --    0.23260   0.23643   0.23836   0.23966   0.24375
 Alpha virt. eigenvalues --    0.24436   0.24777   0.25061   0.25375   0.25653
 Alpha virt. eigenvalues --    0.26132   0.26263   0.26614   0.26809   0.27410
 Alpha virt. eigenvalues --    0.27512   0.27643   0.27975   0.28612   0.28836
 Alpha virt. eigenvalues --    0.28930   0.29583   0.30190   0.30272   0.30341
 Alpha virt. eigenvalues --    0.31090   0.31334   0.31761   0.32002   0.32601
 Alpha virt. eigenvalues --    0.33101   0.33343   0.33383   0.33792   0.34202
 Alpha virt. eigenvalues --    0.34485   0.34702   0.34923   0.35047   0.35949
 Alpha virt. eigenvalues --    0.36163   0.36901   0.36956   0.37664   0.37961
 Alpha virt. eigenvalues --    0.38168   0.38601   0.38745   0.38862   0.39342
 Alpha virt. eigenvalues --    0.39574   0.39746   0.40308   0.41301   0.41309
 Alpha virt. eigenvalues --    0.43426   0.43797   0.44085   0.45721   0.46005
 Alpha virt. eigenvalues --    0.47772   0.48046   0.49247   0.50152   0.50548
 Alpha virt. eigenvalues --    0.53040   0.54115   0.59240   0.61409   0.63441
 Alpha virt. eigenvalues --    0.64508   0.64648   0.67041   0.67323   0.68181
 Alpha virt. eigenvalues --    0.68690   0.68868   0.69572   0.69958   0.70371
 Alpha virt. eigenvalues --    0.70521   0.71295   0.71556   0.71813   0.72605
 Alpha virt. eigenvalues --    0.72878   0.72976   0.73404   0.73560   0.74306
 Alpha virt. eigenvalues --    0.74432   0.74699   0.75858   0.76146   0.76347
 Alpha virt. eigenvalues --    0.76388   0.76912   0.78468   0.78588   0.78714
 Alpha virt. eigenvalues --    0.79185   0.79435   0.80015   0.80439   0.81328
 Alpha virt. eigenvalues --    0.82060   0.83143   0.83289   0.84162   0.84520
 Alpha virt. eigenvalues --    0.84675   0.85182   0.85299   0.85923   0.87662
 Alpha virt. eigenvalues --    0.89004   0.89730   0.91346   0.93275   0.94606
 Alpha virt. eigenvalues --    0.94746   0.96248   0.96532   0.97238   0.97532
 Alpha virt. eigenvalues --    0.99009   0.99448   1.00684   1.01832   1.02130
 Alpha virt. eigenvalues --    1.03240   1.03901   1.04465   1.04761   1.04780
 Alpha virt. eigenvalues --    1.05408   1.05890   1.07745   1.08296   1.09004
 Alpha virt. eigenvalues --    1.09914   1.10341   1.11873   1.12048   1.12557
 Alpha virt. eigenvalues --    1.12731   1.13102   1.13525   1.13594   1.15638
 Alpha virt. eigenvalues --    1.16162   1.16407   1.16568   1.16894   1.17305
 Alpha virt. eigenvalues --    1.17668   1.17702   1.18003   1.18411   1.19075
 Alpha virt. eigenvalues --    1.19661   1.20435   1.21720   1.21790   1.23293
 Alpha virt. eigenvalues --    1.25347   1.25738   1.26262   1.26657   1.27410
 Alpha virt. eigenvalues --    1.27483   1.29272   1.33419   1.33863   1.33961
 Alpha virt. eigenvalues --    1.35454   1.36102   1.36886   1.38006   1.38806
 Alpha virt. eigenvalues --    1.41542   1.46379   1.46576   1.47440   1.49149
 Alpha virt. eigenvalues --    1.49397   1.51561   1.51623   1.53041   1.53888
 Alpha virt. eigenvalues --    1.55614   1.57588   1.59118   1.59216   1.60403
 Alpha virt. eigenvalues --    1.61820   1.63687   1.64051   1.64227   1.65724
 Alpha virt. eigenvalues --    1.66279   1.68824   1.69038   1.69702   1.70987
 Alpha virt. eigenvalues --    1.71824   1.72663   1.73471   1.74458   1.75340
 Alpha virt. eigenvalues --    1.76083   1.76751   1.77787   1.78326   1.78550
 Alpha virt. eigenvalues --    1.80122   1.81288   1.82261   1.84031   1.84586
 Alpha virt. eigenvalues --    1.85098   1.87496   1.87521   1.88653   1.90098
 Alpha virt. eigenvalues --    1.91015   1.91846   1.92927   1.93382   1.94316
 Alpha virt. eigenvalues --    1.94868   1.95331   1.95588   1.97525   1.97956
 Alpha virt. eigenvalues --    1.99543   2.00286   2.02938   2.03910   2.04391
 Alpha virt. eigenvalues --    2.04506   2.04660   2.05920   2.06260   2.08099
 Alpha virt. eigenvalues --    2.08256   2.09046   2.10517   2.11230   2.12772
 Alpha virt. eigenvalues --    2.12830   2.13209   2.13302   2.13438   2.13930
 Alpha virt. eigenvalues --    2.14631   2.15731   2.15944   2.16140   2.16773
 Alpha virt. eigenvalues --    2.17145   2.17645   2.18038   2.18654   2.20340
 Alpha virt. eigenvalues --    2.20915   2.22225   2.22961   2.24098   2.25165
 Alpha virt. eigenvalues --    2.26632   2.26908   2.28115   2.28380   2.28820
 Alpha virt. eigenvalues --    2.30180   2.30374   2.32349   2.32532   2.33131
 Alpha virt. eigenvalues --    2.33377   2.34273   2.35257   2.37126   2.38132
 Alpha virt. eigenvalues --    2.39342   2.41712   2.42481   2.43506   2.45539
 Alpha virt. eigenvalues --    2.46110   2.47537   2.48502   2.48667   2.49171
 Alpha virt. eigenvalues --    2.49343   2.50549   2.51627   2.52279   2.52957
 Alpha virt. eigenvalues --    2.54105   2.54726   2.55964   2.56362   2.58034
 Alpha virt. eigenvalues --    2.58320   2.58740   2.60452   2.60813   2.61110
 Alpha virt. eigenvalues --    2.62425   2.62707   2.64379   2.65318   2.65629
 Alpha virt. eigenvalues --    2.65931   2.67393   2.67629   2.69682   2.70137
 Alpha virt. eigenvalues --    2.70704   2.71519   2.72533   2.73910   2.75319
 Alpha virt. eigenvalues --    2.76080   2.77296   2.77750   2.79097   2.80824
 Alpha virt. eigenvalues --    2.81454   2.81794   2.84141   2.85293   2.85637
 Alpha virt. eigenvalues --    2.85964   2.86373   2.87172   2.87467   2.88411
 Alpha virt. eigenvalues --    2.89034   2.89168   2.90255   2.92354   2.92685
 Alpha virt. eigenvalues --    2.96745   2.98881   3.00134   3.04219   3.08213
 Alpha virt. eigenvalues --    3.11623   3.15487   3.16062   3.20054   3.21869
 Alpha virt. eigenvalues --    3.26399   3.26423   3.26623   3.26642   3.27466
 Alpha virt. eigenvalues --    3.28607   3.33101   3.33893   3.35742   3.35953
 Alpha virt. eigenvalues --    3.37789   3.38749   3.41992   3.42269   3.42720
 Alpha virt. eigenvalues --    3.42848   3.45181   3.46441   3.47257   3.48851
 Alpha virt. eigenvalues --    3.48872   3.50114   3.50772   3.56331   3.56495
 Alpha virt. eigenvalues --    3.56809   3.56976   3.57208   3.76995   4.23529
 Alpha virt. eigenvalues --    4.28481   4.32072   4.36493   4.37971   4.38051
 Alpha virt. eigenvalues --    4.42245   4.44003   4.44469   4.47588   4.47860
 Alpha virt. eigenvalues --    4.51631   4.51967   4.59908   4.60193   4.61382
 Alpha virt. eigenvalues --    4.66543   4.67429   4.68210   4.72276   4.72443
 Alpha virt. eigenvalues --    4.89248   4.91808
  Beta  occ. eigenvalues --  -14.48448 -14.48437 -10.34731 -10.31605 -10.31594
  Beta  occ. eigenvalues --  -10.29223 -10.29202 -10.27548 -10.27545 -10.27193
  Beta  occ. eigenvalues --  -10.27190 -10.27187 -10.25363 -10.25360 -10.24836
  Beta  occ. eigenvalues --  -10.23243 -10.23243 -10.22220 -10.22219 -10.20468
  Beta  occ. eigenvalues --  -10.20465 -10.19830 -10.19829  -1.11684  -1.03526
  Beta  occ. eigenvalues --   -0.94267  -0.88744  -0.87928  -0.86323  -0.82490
  Beta  occ. eigenvalues --   -0.82092  -0.79803  -0.78609  -0.77476  -0.76467
  Beta  occ. eigenvalues --   -0.71991  -0.70904  -0.69926  -0.69737  -0.66143
  Beta  occ. eigenvalues --   -0.65853  -0.63449  -0.63134  -0.60850  -0.60138
  Beta  occ. eigenvalues --   -0.57951  -0.57170  -0.55153  -0.53381  -0.52839
  Beta  occ. eigenvalues --   -0.50096  -0.49777  -0.49442  -0.49094  -0.48262
  Beta  occ. eigenvalues --   -0.47314  -0.46847  -0.46829  -0.46583  -0.45750
  Beta  occ. eigenvalues --   -0.45219  -0.44450  -0.44163  -0.42910  -0.42600
  Beta  occ. eigenvalues --   -0.41759  -0.41294  -0.40907  -0.40787  -0.39751
  Beta  occ. eigenvalues --   -0.38913  -0.38734  -0.37985  -0.37786  -0.37682
  Beta  occ. eigenvalues --   -0.37277  -0.36964  -0.36675  -0.36523  -0.32779
  Beta  occ. eigenvalues --   -0.32095  -0.29797
  Beta virt. eigenvalues --   -0.19101  -0.09664  -0.08027  -0.07641  -0.01882
  Beta virt. eigenvalues --   -0.00964  -0.00628  -0.00114   0.00784   0.00817
  Beta virt. eigenvalues --    0.01218   0.01265   0.01987   0.02005   0.02222
  Beta virt. eigenvalues --    0.02475   0.02846   0.02882   0.03534   0.03969
  Beta virt. eigenvalues --    0.04283   0.04536   0.04718   0.04835   0.05580
  Beta virt. eigenvalues --    0.05960   0.06149   0.06291   0.06454   0.07017
  Beta virt. eigenvalues --    0.07161   0.07534   0.07575   0.07763   0.08195
  Beta virt. eigenvalues --    0.08512   0.09123   0.09426   0.09637   0.09792
  Beta virt. eigenvalues --    0.10444   0.10468   0.10697   0.10939   0.11319
  Beta virt. eigenvalues --    0.11520   0.11636   0.11670   0.11939   0.12174
  Beta virt. eigenvalues --    0.12582   0.12760   0.12916   0.13182   0.13283
  Beta virt. eigenvalues --    0.13336   0.13615   0.13803   0.13950   0.14061
  Beta virt. eigenvalues --    0.14592   0.14770   0.14866   0.14890   0.15157
  Beta virt. eigenvalues --    0.15209   0.15391   0.15525   0.15740   0.15999
  Beta virt. eigenvalues --    0.16005   0.16330   0.16363   0.16754   0.16804
  Beta virt. eigenvalues --    0.16915   0.17003   0.17350   0.17474   0.17669
  Beta virt. eigenvalues --    0.17724   0.18437   0.18693   0.18774   0.18820
  Beta virt. eigenvalues --    0.18969   0.19442   0.19527   0.19791   0.20269
  Beta virt. eigenvalues --    0.20381   0.20593   0.20863   0.21241   0.21332
  Beta virt. eigenvalues --    0.21489   0.21521   0.21852   0.22176   0.22511
  Beta virt. eigenvalues --    0.22761   0.23331   0.23711   0.23940   0.24044
  Beta virt. eigenvalues --    0.24421   0.24632   0.24823   0.25245   0.25482
  Beta virt. eigenvalues --    0.25788   0.26243   0.26348   0.26641   0.26897
  Beta virt. eigenvalues --    0.27486   0.27582   0.27725   0.28071   0.28701
  Beta virt. eigenvalues --    0.28882   0.29058   0.29678   0.30307   0.30381
  Beta virt. eigenvalues --    0.30430   0.31164   0.31354   0.31811   0.32172
  Beta virt. eigenvalues --    0.32645   0.33166   0.33482   0.33563   0.33866
  Beta virt. eigenvalues --    0.34260   0.34529   0.34765   0.34977   0.35119
  Beta virt. eigenvalues --    0.36076   0.36279   0.36967   0.37045   0.37719
  Beta virt. eigenvalues --    0.38067   0.38233   0.38674   0.38759   0.38967
  Beta virt. eigenvalues --    0.39369   0.39616   0.39796   0.40426   0.41345
  Beta virt. eigenvalues --    0.41390   0.43463   0.43894   0.44206   0.45843
  Beta virt. eigenvalues --    0.46055   0.47875   0.48161   0.49318   0.50343
  Beta virt. eigenvalues --    0.50637   0.53122   0.54217   0.59451   0.61533
  Beta virt. eigenvalues --    0.63514   0.64665   0.64895   0.67086   0.67376
  Beta virt. eigenvalues --    0.68263   0.68828   0.69023   0.69604   0.70006
  Beta virt. eigenvalues --    0.70537   0.70677   0.71350   0.71628   0.71948
  Beta virt. eigenvalues --    0.72658   0.72953   0.73042   0.73594   0.73922
  Beta virt. eigenvalues --    0.74292   0.74768   0.74884   0.75934   0.76175
  Beta virt. eigenvalues --    0.76550   0.76905   0.76981   0.78568   0.78689
  Beta virt. eigenvalues --    0.78884   0.79446   0.79826   0.80301   0.80504
  Beta virt. eigenvalues --    0.81387   0.82052   0.83181   0.83621   0.84280
  Beta virt. eigenvalues --    0.84599   0.84715   0.85256   0.85433   0.85991
  Beta virt. eigenvalues --    0.87735   0.89386   0.89874   0.91673   0.93437
  Beta virt. eigenvalues --    0.94804   0.94960   0.96457   0.96725   0.97466
  Beta virt. eigenvalues --    0.97754   0.99301   0.99502   1.00874   1.01910
  Beta virt. eigenvalues --    1.02221   1.03238   1.04031   1.04503   1.04858
  Beta virt. eigenvalues --    1.04862   1.05451   1.05980   1.07799   1.08448
  Beta virt. eigenvalues --    1.09065   1.10107   1.10442   1.11975   1.12095
  Beta virt. eigenvalues --    1.12660   1.12818   1.13172   1.13585   1.13659
  Beta virt. eigenvalues --    1.15870   1.16260   1.16459   1.16774   1.17045
  Beta virt. eigenvalues --    1.17429   1.17784   1.17833   1.18106   1.18580
  Beta virt. eigenvalues --    1.19166   1.19899   1.20717   1.21848   1.22302
  Beta virt. eigenvalues --    1.23431   1.25618   1.25942   1.26457   1.26875
  Beta virt. eigenvalues --    1.27613   1.27653   1.29715   1.33515   1.34062
  Beta virt. eigenvalues --    1.34158   1.35984   1.36358   1.37404   1.38157
  Beta virt. eigenvalues --    1.38990   1.41727   1.46473   1.46800   1.47615
  Beta virt. eigenvalues --    1.49333   1.49594   1.51819   1.51912   1.53224
  Beta virt. eigenvalues --    1.53999   1.55793   1.57729   1.59298   1.59432
  Beta virt. eigenvalues --    1.60513   1.61933   1.63818   1.64144   1.64291
  Beta virt. eigenvalues --    1.65920   1.66421   1.68996   1.69211   1.69906
  Beta virt. eigenvalues --    1.71469   1.71916   1.72774   1.73579   1.74888
  Beta virt. eigenvalues --    1.75473   1.76250   1.76846   1.78001   1.78506
  Beta virt. eigenvalues --    1.78703   1.80348   1.81406   1.82470   1.84404
  Beta virt. eigenvalues --    1.84859   1.85485   1.87727   1.87812   1.88738
  Beta virt. eigenvalues --    1.90202   1.91134   1.92040   1.93119   1.93520
  Beta virt. eigenvalues --    1.94777   1.95148   1.95589   1.95955   1.97570
  Beta virt. eigenvalues --    1.98049   1.99755   2.00453   2.02989   2.04077
  Beta virt. eigenvalues --    2.04438   2.04480   2.04732   2.05943   2.06415
  Beta virt. eigenvalues --    2.08191   2.08451   2.09139   2.10661   2.11337
  Beta virt. eigenvalues --    2.12816   2.12875   2.13264   2.13334   2.13505
  Beta virt. eigenvalues --    2.14021   2.14729   2.15881   2.16040   2.16574
  Beta virt. eigenvalues --    2.16915   2.17294   2.17873   2.18146   2.18890
  Beta virt. eigenvalues --    2.20455   2.21196   2.22354   2.23167   2.24325
  Beta virt. eigenvalues --    2.25295   2.26865   2.27270   2.28221   2.28496
  Beta virt. eigenvalues --    2.28994   2.30334   2.30517   2.32529   2.32731
  Beta virt. eigenvalues --    2.33318   2.33544   2.34585   2.35738   2.37252
  Beta virt. eigenvalues --    2.38257   2.39467   2.41895   2.42697   2.43908
  Beta virt. eigenvalues --    2.45588   2.46276   2.47626   2.48642   2.48922
  Beta virt. eigenvalues --    2.49257   2.49453   2.50830   2.51842   2.52418
  Beta virt. eigenvalues --    2.53022   2.54247   2.54947   2.56044   2.56468
  Beta virt. eigenvalues --    2.58135   2.58477   2.59018   2.60759   2.60895
  Beta virt. eigenvalues --    2.61286   2.62500   2.62948   2.64475   2.65418
  Beta virt. eigenvalues --    2.65796   2.66085   2.67533   2.67762   2.69777
  Beta virt. eigenvalues --    2.70227   2.71042   2.71666   2.72605   2.73955
  Beta virt. eigenvalues --    2.75420   2.76172   2.77436   2.77834   2.79297
  Beta virt. eigenvalues --    2.80939   2.81593   2.81943   2.84326   2.85397
  Beta virt. eigenvalues --    2.85706   2.86018   2.86438   2.87201   2.87553
  Beta virt. eigenvalues --    2.88453   2.89064   2.89220   2.90308   2.92423
  Beta virt. eigenvalues --    2.92750   2.96800   2.98992   3.00269   3.04320
  Beta virt. eigenvalues --    3.08507   3.12061   3.15697   3.16204   3.20259
  Beta virt. eigenvalues --    3.21959   3.26417   3.26450   3.26647   3.26667
  Beta virt. eigenvalues --    3.27567   3.28641   3.33154   3.33919   3.35775
  Beta virt. eigenvalues --    3.36001   3.37883   3.38847   3.42140   3.42311
  Beta virt. eigenvalues --    3.42743   3.42872   3.45212   3.46476   3.47298
  Beta virt. eigenvalues --    3.48877   3.48897   3.50148   3.50862   3.56352
  Beta virt. eigenvalues --    3.56569   3.56838   3.56994   3.57231   3.77131
  Beta virt. eigenvalues --    4.23761   4.28657   4.32450   4.36614   4.38380
  Beta virt. eigenvalues --    4.38682   4.42365   4.44135   4.44443   4.47647
  Beta virt. eigenvalues --    4.47890   4.51796   4.52138   4.60155   4.60304
  Beta virt. eigenvalues --    4.61524   4.66726   4.67508   4.68245   4.72311
  Beta virt. eigenvalues --    4.72464   4.89522   4.92010
          Condensed to atoms (all electrons):
              1          2          3          4          5          6
     1  C   11.752121   0.180213  -0.153783  -2.255268  -0.317698  -0.638106
     2  C    0.180213   8.785968   0.704995  -0.207069  -0.450247  -0.161128
     3  C   -0.153783   0.704995   5.874574   0.173582   0.144654   0.122905
     4  C   -2.255268  -0.207069   0.173582   7.801540   0.741964   0.723661
     5  C   -0.317698  -0.450247   0.144654   0.741964   9.467327  -0.045153
     6  C   -0.638106  -0.161128   0.122905   0.723661  -0.045153   7.733240
     7  C   -0.077915  -0.465959   0.139168  -0.027198  -0.143601   0.788821
     8  C    0.460620   0.124445  -0.075912  -0.709258  -0.038709  -2.217479
     9  C   -0.613539  -0.555142  -0.280508   0.495673  -0.736471   1.073073
    10  C    0.014159  -0.404528   0.431691  -1.098939  -0.021659  -1.122436
    11  C   -1.187727  -0.510240  -0.233437   1.084746  -0.090894   0.379107
    12  H   -0.004424   0.011298  -0.002213   0.025051  -0.008401  -0.103984
    13  H    0.002487  -0.006027   0.017656  -0.011453   0.010496  -0.010802
    14  H    0.015299   0.011924  -0.001326  -0.110039   0.070564   0.024857
    15  C   -1.906289  -0.073481  -0.425376  -0.301036   0.189249  -0.033481
    16  H   -0.174502   0.002071  -0.012203   0.015180   0.004393   0.004068
    17  H    0.105953  -0.037978  -0.006811  -0.007614   0.024620   0.000439
    18  C   -0.067288   0.028585   0.033011  -0.074799  -0.089755  -0.006919
    19  H    0.161390  -0.005429   0.002950  -0.000328  -0.001924   0.000619
    20  H   -0.080307   0.004400  -0.001847  -0.002338   0.015456   0.000062
    21  H   -0.087375  -0.002387  -0.004412  -0.000233  -0.020038  -0.000247
    22  C    0.641811  -0.507212  -0.311471  -0.421582  -2.063243   0.014650
    23  H    0.086753   0.003234   0.011536  -0.009836  -0.098961  -0.002132
    24  H   -0.025676  -0.023304  -0.008702  -0.008740  -0.159537  -0.000624
    25  C   -0.139954  -0.025880  -0.018486   0.057727   0.255296   0.004857
    26  H    0.003146  -0.000822  -0.004452  -0.005621  -0.046257   0.000027
    27  H    0.029946   0.003111   0.003789  -0.013769   0.063586   0.000360
    28  H   -0.045849  -0.007409   0.005158   0.034026   0.080016  -0.000132
    29  C   -0.122642  -0.552255  -0.324658   0.026795   0.011698  -0.301748
    30  H   -0.000675  -0.023898  -0.009525  -0.000422   0.004322  -0.017181
    31  H   -0.002504   0.001197   0.010163  -0.002544   0.005130  -0.007641
    32  C    0.002213  -0.023517  -0.018176   0.005632  -0.017728   0.062286
    33  H   -0.000154  -0.006910   0.004311  -0.000155   0.000641   0.030568
    34  H    0.001236   0.004117   0.004863  -0.000040   0.001851  -0.007373
    35  H   -0.000408  -0.001348  -0.004679   0.000078   0.000235  -0.005610
    36  C    0.105630  -0.059900  -0.422543  -0.030746  -0.115730  -0.291391
    37  H    0.003637   0.009311  -0.010394   0.005185  -0.002838   0.019759
    38  H   -0.001867  -0.051438  -0.007496   0.000474  -0.006890  -0.004550
    39  C   -0.009685   0.024863   0.034566  -0.009561   0.013906  -0.094120
    40  H    0.000491   0.004444  -0.001974   0.000070  -0.000206  -0.002595
    41  H    0.000900  -0.007737   0.003526   0.000549  -0.001151   0.000444
    42  H    0.001192   0.004040  -0.003395   0.000122  -0.000897  -0.000480
    43  N    0.057815   0.440365   0.001335  -0.046376  -0.071472  -0.023017
    44  N   -0.135206   0.450702   0.015650  -0.020958  -0.163343  -0.057419
    45  C    0.360590   0.022910   0.051834  -0.081320  -0.045105  -0.143109
    46  H    0.016720   0.024302   0.004536   0.000324   0.010230  -0.008246
    47  H    0.002092  -0.003599  -0.001997  -0.005342  -0.003110  -0.007121
    48  C   -0.100024   0.031410   0.023418  -0.199914  -0.075015  -0.141182
    49  H   -0.030665   0.017569   0.001871  -0.009986  -0.026094  -0.000501
    50  H   -0.044716  -0.004471   0.000582  -0.008369  -0.003401  -0.006437
              7          8          9         10         11         12
     1  C   -0.077915   0.460620  -0.613539   0.014159  -1.187727  -0.004424
     2  C   -0.465959   0.124445  -0.555142  -0.404528  -0.510240   0.011298
     3  C    0.139168  -0.075912  -0.280508   0.431691  -0.233437  -0.002213
     4  C   -0.027198  -0.709258   0.495673  -1.098939   1.084746   0.025051
     5  C   -0.143601  -0.038709  -0.736471  -0.021659  -0.090894  -0.008401
     6  C    0.788821  -2.217479   1.073073  -1.122436   0.379107  -0.103984
     7  C    9.317588  -0.176223  -0.162951  -0.036303  -0.634899   0.063892
     8  C   -0.176223  11.795251  -1.303958   0.032629  -0.568129   0.009373
     9  C   -0.162951  -1.303958   8.433632   0.215123  -0.601414   0.261574
    10  C   -0.036303   0.032629   0.215123   8.373088   0.303614   0.107128
    11  C   -0.634899  -0.568129  -0.601414   0.303614   8.087820   0.008954
    12  H    0.063892   0.009373   0.261574   0.107128   0.008954   0.615739
    13  H    0.009952   0.002685  -0.057210   0.408534  -0.052125  -0.014425
    14  H   -0.006863  -0.003795   0.005600   0.109207   0.253863  -0.003309
    15  C   -0.123484   0.106852  -0.078618   0.003364   0.099612   0.000254
    16  H   -0.003890   0.004143  -0.000845   0.001586   0.012017   0.000108
    17  H   -0.006312  -0.002245  -0.002121   0.000697  -0.003181  -0.000004
    18  C    0.014456  -0.009006   0.002928   0.003641  -0.007374  -0.000146
    19  H   -0.001262   0.001017  -0.000785   0.001099  -0.003451   0.000000
    20  H   -0.000168   0.000553  -0.000131   0.000223   0.001249  -0.000001
    21  H   -0.001853   0.000569  -0.000339   0.000049   0.002093   0.000008
    22  C    0.027581  -0.110360  -0.067621  -0.513169  -0.006457  -0.005877
    23  H    0.005884  -0.002626  -0.002982  -0.024947  -0.067023  -0.000266
    24  H    0.004039  -0.000685   0.006373  -0.012534   0.071117  -0.000510
    25  C   -0.017964   0.002209  -0.010520   0.058115   0.105915   0.001056
    26  H    0.000329  -0.000400   0.000661   0.001240   0.017572   0.000040
    27  H    0.001606   0.001310  -0.009438  -0.020454  -0.045761  -0.000168
    28  H    0.000696  -0.000235   0.000894  -0.001396   0.014902  -0.000144
    29  C   -2.017271   0.413826   0.090135  -0.545368  -0.050367  -0.102907
    30  H   -0.167816  -0.015978   0.070663  -0.009821   0.006419  -0.002290
    31  H   -0.085910   0.068206  -0.066532  -0.026958  -0.003559  -0.003826
    32  C    0.241300  -0.135770   0.108312   0.058376  -0.010413   0.036105
    33  H    0.070763  -0.036878   0.015440  -0.001248   0.000702   0.002113
    34  H    0.067974   0.027897  -0.049260  -0.022507  -0.008950   0.000696
    35  H   -0.048147   0.001728   0.019077   0.001282   0.000711  -0.001420
    36  C    0.166739  -1.903787   0.096525   0.000342  -0.076539   0.013451
    37  H   -0.002423  -0.165310   0.012985   0.001808  -0.000107  -0.000084
    38  H    0.036325   0.091042  -0.002221  -0.000206  -0.002008   0.001032
    39  C   -0.104204  -0.026925  -0.012150   0.005556   0.002183  -0.004154
    40  H    0.011544  -0.076646   0.001329   0.000263  -0.000154  -0.000069
    41  H    0.007086   0.156625  -0.003554   0.001048  -0.000487   0.001007
    42  H   -0.022648  -0.089177   0.001585   0.000088  -0.000120  -0.000252
    43  N   -0.175340  -0.136182  -0.004737   0.035735  -0.044437   0.000251
    44  N   -0.085570   0.078917  -0.047054   0.035907  -0.002427  -0.004040
    45  C   -0.019200  -0.111383  -0.025563  -0.019983  -0.039255   0.000428
    46  H   -0.023382  -0.035900  -0.003922  -0.000997   0.001403  -0.000070
    47  H   -0.005487  -0.047221   0.001577   0.000221  -0.001887  -0.000024
    48  C   -0.103729   0.422251  -0.058286  -0.012740  -0.037816  -0.000108
    49  H    0.009771   0.019428   0.001326  -0.000749  -0.004606   0.000002
    50  H   -0.003375   0.003503  -0.002054  -0.000536   0.001647   0.000013
             13         14         15         16         17         18
     1  C    0.002487   0.015299  -1.906289  -0.174502   0.105953  -0.067288
     2  C   -0.006027   0.011924  -0.073481   0.002071  -0.037978   0.028585
     3  C    0.017656  -0.001326  -0.425376  -0.012203  -0.006811   0.033011
     4  C   -0.011453  -0.110039  -0.301036   0.015180  -0.007614  -0.074799
     5  C    0.010496   0.070564   0.189249   0.004393   0.024620  -0.089755
     6  C   -0.010802   0.024857  -0.033481   0.004068   0.000439  -0.006919
     7  C    0.009952  -0.006863  -0.123484  -0.003890  -0.006312   0.014456
     8  C    0.002685  -0.003795   0.106852   0.004143  -0.002245  -0.009006
     9  C   -0.057210   0.005600  -0.078618  -0.000845  -0.002121   0.002928
    10  C    0.408534   0.109207   0.003364   0.001586   0.000697   0.003641
    11  C   -0.052125   0.253863   0.099612   0.012017  -0.003181  -0.007374
    12  H   -0.014425  -0.003309   0.000254   0.000108  -0.000004  -0.000146
    13  H    0.542915  -0.014225  -0.001435  -0.000046  -0.000016   0.000133
    14  H   -0.014225   0.615481   0.013027  -0.000049   0.000982  -0.004045
    15  C   -0.001435   0.013027   9.303040   0.484552   0.355271  -0.526669
    16  H   -0.000046  -0.000049   0.484552   0.586717  -0.075022  -0.056064
    17  H   -0.000016   0.000982   0.355271  -0.075022   0.624756  -0.103505
    18  C    0.000133  -0.004045  -0.526669  -0.056064  -0.103505   5.841161
    19  H   -0.000001   0.000983  -0.098665  -0.032017   0.026275   0.348642
    20  H   -0.000002  -0.000060  -0.064419  -0.006958  -0.016742   0.497153
    21  H    0.000001  -0.000244  -0.004614   0.024297  -0.039125   0.447960
    22  C   -0.001671  -0.104158  -0.455495  -0.006301  -0.043906   0.107457
    23  H    0.000242  -0.004203  -0.015956  -0.013356   0.009175   0.016171
    24  H    0.000889  -0.001903  -0.043356   0.005366  -0.008272   0.024420
    25  C   -0.002382   0.036694   0.115634   0.018673   0.020706  -0.075964
    26  H   -0.000110  -0.001382   0.004019  -0.000911   0.000302   0.000004
    27  H    0.000304   0.000530   0.010279   0.001031   0.000884   0.000668
    28  H    0.000096   0.002127  -0.032646   0.009313  -0.006027   0.005558
    29  C   -0.002574  -0.005361  -0.035984  -0.000698  -0.001384   0.002252
    30  H    0.000910  -0.000516  -0.000620  -0.000029   0.000012  -0.000003
    31  H    0.000182  -0.000253  -0.000431   0.000026  -0.000081   0.000005
    32  C   -0.002300   0.001064   0.000444  -0.000020  -0.000023   0.000082
    33  H    0.000100  -0.000147  -0.000156   0.000001  -0.000001  -0.000013
    34  H    0.000272  -0.000146   0.000146  -0.000005   0.000009  -0.000001
    35  H   -0.000119   0.000044  -0.000082  -0.000001  -0.000005   0.000004
    36  C   -0.001407   0.000260   0.032789  -0.000359   0.000886   0.002941
    37  H   -0.000039   0.000110  -0.000312  -0.000104   0.000129   0.000157
    38  H   -0.000026   0.000003  -0.000140   0.000041  -0.000999   0.000620
    39  C    0.000143  -0.000152   0.004491   0.000261   0.000467  -0.001332
    40  H   -0.000001  -0.000002   0.000171  -0.000002   0.000030  -0.000006
    41  H   -0.000004   0.000001   0.000165   0.000005  -0.000031   0.000004
    42  H    0.000002   0.000010  -0.000635  -0.000091   0.000139   0.000350
    43  N    0.000711  -0.003918  -0.288240   0.023782  -0.044764   0.113370
    44  N    0.000706   0.000335   0.030393  -0.000779  -0.005969   0.013645
    45  C   -0.000213   0.000054  -0.427281  -0.037625  -0.011352   0.148356
    46  H   -0.000002   0.000005   0.005431   0.000739  -0.000778  -0.004283
    47  H    0.000000   0.000006  -0.002870  -0.000964   0.003261   0.000578
    48  C   -0.000177   0.000365   0.221769  -0.004254   0.067195  -0.074713
    49  H    0.000001  -0.000095   0.014814   0.000694  -0.003616   0.001173
    50  H   -0.000008   0.000014   0.013458   0.003067  -0.018760   0.017263
             19         20         21         22         23         24
     1  C    0.161390  -0.080307  -0.087375   0.641811   0.086753  -0.025676
     2  C   -0.005429   0.004400  -0.002387  -0.507212   0.003234  -0.023304
     3  C    0.002950  -0.001847  -0.004412  -0.311471   0.011536  -0.008702
     4  C   -0.000328  -0.002338  -0.000233  -0.421582  -0.009836  -0.008740
     5  C   -0.001924   0.015456  -0.020038  -2.063243  -0.098961  -0.159537
     6  C    0.000619   0.000062  -0.000247   0.014650  -0.002132  -0.000624
     7  C   -0.001262  -0.000168  -0.001853   0.027581   0.005884   0.004039
     8  C    0.001017   0.000553   0.000569  -0.110360  -0.002626  -0.000685
     9  C   -0.000785  -0.000131  -0.000339  -0.067621  -0.002982   0.006373
    10  C    0.001099   0.000223   0.000049  -0.513169  -0.024947  -0.012534
    11  C   -0.003451   0.001249   0.002093  -0.006457  -0.067023   0.071117
    12  H    0.000000  -0.000001   0.000008  -0.005877  -0.000266  -0.000510
    13  H   -0.000001  -0.000002   0.000001  -0.001671   0.000242   0.000889
    14  H    0.000983  -0.000060  -0.000244  -0.104158  -0.004203  -0.001903
    15  C   -0.098665  -0.064419  -0.004614  -0.455495  -0.015956  -0.043356
    16  H   -0.032017  -0.006958   0.024297  -0.006301  -0.013356   0.005366
    17  H    0.026275  -0.016742  -0.039125  -0.043906   0.009175  -0.008272
    18  C    0.348642   0.497153   0.447960   0.107457   0.016171   0.024420
    19  H    0.543337  -0.035411  -0.053405  -0.036347   0.013636  -0.010336
    20  H   -0.035411   0.510586  -0.018331   0.001450  -0.000715   0.001130
    21  H   -0.053405  -0.018331   0.551502   0.013379  -0.000842   0.001616
    22  C   -0.036347   0.001450   0.013379   9.802221   0.432580   0.525768
    23  H    0.013636  -0.000715  -0.000842   0.432580   0.583030  -0.050103
    24  H   -0.010336   0.001130   0.001616   0.525768  -0.050103   0.578714
    25  C    0.012351  -0.002136  -0.000418  -0.416058  -0.058602  -0.076859
    26  H   -0.000383   0.000249  -0.000107  -0.045179  -0.009950  -0.009285
    27  H    0.000287  -0.000068   0.000151  -0.078526   0.014531  -0.021072
    28  H   -0.000643  -0.000149  -0.000190  -0.094363  -0.021513   0.011221
    29  C   -0.000302  -0.000065  -0.000394   0.033168   0.001153   0.002497
    30  H   -0.000002  -0.000004   0.000008   0.002577   0.000062   0.000164
    31  H   -0.000011   0.000000   0.000021   0.001012  -0.000023   0.000065
    32  C    0.000000   0.000004  -0.000038  -0.003238   0.000016  -0.000125
    33  H    0.000000  -0.000001   0.000005   0.000290   0.000001   0.000018
    34  H    0.000001   0.000000   0.000003   0.000049   0.000002  -0.000020
    35  H   -0.000001   0.000000  -0.000001   0.000130   0.000002   0.000009
    36  C    0.000080   0.000178  -0.000877  -0.034769  -0.000370  -0.000668
    37  H    0.000003  -0.000002  -0.000094  -0.000525   0.000029  -0.000034
    38  H   -0.000038   0.000029   0.000041  -0.001361  -0.000054   0.000015
    39  C    0.000029  -0.000003   0.000545   0.002063  -0.000037   0.000004
    40  H    0.000002   0.000001  -0.000004  -0.000072   0.000000  -0.000004
    41  H    0.000001   0.000002   0.000020  -0.000276  -0.000011  -0.000002
    42  H    0.000017  -0.000005  -0.000221  -0.000235   0.000022   0.000002
    43  N   -0.017377   0.007768   0.037421  -0.082440  -0.001842   0.003394
    44  N   -0.000800   0.000602  -0.002286  -0.027326   0.000456   0.000561
    45  C   -0.003692   0.001672  -0.025100  -0.002873   0.009069   0.001601
    46  H   -0.000213  -0.000079   0.002181   0.003117  -0.000209  -0.000013
    47  H    0.000206  -0.000088  -0.001320  -0.000086   0.000365  -0.000044
    48  C    0.012773   0.006413  -0.005833   0.012681  -0.004831  -0.001719
    49  H   -0.000039   0.000664   0.000892  -0.006478   0.000686   0.000648
    50  H   -0.001816   0.000164   0.006745   0.006610  -0.001597   0.000177
             25         26         27         28         29         30
     1  C   -0.139954   0.003146   0.029946  -0.045849  -0.122642  -0.000675
     2  C   -0.025880  -0.000822   0.003111  -0.007409  -0.552255  -0.023898
     3  C   -0.018486  -0.004452   0.003789   0.005158  -0.324658  -0.009525
     4  C    0.057727  -0.005621  -0.013769   0.034026   0.026795  -0.000422
     5  C    0.255296  -0.046257   0.063586   0.080016   0.011698   0.004322
     6  C    0.004857   0.000027   0.000360  -0.000132  -0.301748  -0.017181
     7  C   -0.017964   0.000329   0.001606   0.000696  -2.017271  -0.167816
     8  C    0.002209  -0.000400   0.001310  -0.000235   0.413826  -0.015978
     9  C   -0.010520   0.000661  -0.009438   0.000894   0.090135   0.070663
    10  C    0.058115   0.001240  -0.020454  -0.001396  -0.545368  -0.009821
    11  C    0.105915   0.017572  -0.045761   0.014902  -0.050367   0.006419
    12  H    0.001056   0.000040  -0.000168  -0.000144  -0.102907  -0.002290
    13  H   -0.002382  -0.000110   0.000304   0.000096  -0.002574   0.000910
    14  H    0.036694  -0.001382   0.000530   0.002127  -0.005361  -0.000516
    15  C    0.115634   0.004019   0.010279  -0.032646  -0.035984  -0.000620
    16  H    0.018673  -0.000911   0.001031   0.009313  -0.000698  -0.000029
    17  H    0.020706   0.000302   0.000884  -0.006027  -0.001384   0.000012
    18  C   -0.075964   0.000004   0.000668   0.005558   0.002252  -0.000003
    19  H    0.012351  -0.000383   0.000287  -0.000643  -0.000302  -0.000002
    20  H   -0.002136   0.000249  -0.000068  -0.000149  -0.000065  -0.000004
    21  H   -0.000418  -0.000107   0.000151  -0.000190  -0.000394   0.000008
    22  C   -0.416058  -0.045179  -0.078526  -0.094363   0.033168   0.002577
    23  H   -0.058602  -0.009950   0.014531  -0.021513   0.001153   0.000062
    24  H   -0.076859  -0.009285  -0.021072   0.011221   0.002497   0.000164
    25  C    5.624789   0.465369   0.409734   0.400870  -0.003369  -0.000117
    26  H    0.465369   0.514806  -0.028227  -0.027525   0.000137   0.000009
    27  H    0.409734  -0.028227   0.530589  -0.038737  -0.000041  -0.000018
    28  H    0.400870  -0.027525  -0.038737   0.526337   0.000297   0.000017
    29  C   -0.003369   0.000137  -0.000041   0.000297   9.847477   0.532951
    30  H   -0.000117   0.000009  -0.000018   0.000017   0.532951   0.578987
    31  H    0.000006   0.000002   0.000000   0.000001   0.428830  -0.050903
    32  C   -0.000079  -0.000009  -0.000018   0.000001  -0.408522  -0.076816
    33  H   -0.000001   0.000002   0.000004   0.000001  -0.089172   0.011149
    34  H   -0.000020  -0.000006   0.000071   0.000003  -0.083704  -0.021150
    35  H   -0.000010   0.000000  -0.000007   0.000002  -0.043533  -0.009154
    36  C    0.000594  -0.000082   0.000153  -0.000146  -0.413922  -0.045356
    37  H   -0.000004   0.000000  -0.000005   0.000001  -0.004098   0.005470
    38  H   -0.000049  -0.000005   0.000009   0.000005  -0.040832  -0.008256
    39  C    0.000086   0.000003  -0.000002  -0.000017   0.090553   0.024847
    40  H    0.000004   0.000000   0.000000  -0.000001   0.002445   0.001143
    41  H    0.000000  -0.000001   0.000001   0.000000  -0.040192  -0.010293
    42  H   -0.000032  -0.000001   0.000003   0.000004   0.011267   0.001566
    43  N   -0.008548  -0.000524  -0.000490   0.000976  -0.032351   0.000583
    44  N   -0.003491   0.000070  -0.000129  -0.000034  -0.086481   0.003731
    45  C   -0.010082   0.000186  -0.000071   0.001224   0.021870  -0.001227
    46  H    0.000300   0.000013  -0.000038  -0.000049  -0.005397   0.000696
    47  H   -0.000240   0.000002   0.000064   0.000039   0.004730   0.000152
    48  C    0.007120   0.000232  -0.000209  -0.000445  -0.022076   0.001510
    49  H   -0.001825  -0.000060  -0.000023   0.000431   0.003303  -0.000041
    50  H    0.000495   0.000065  -0.000153  -0.000143   0.000060  -0.000022
             31         32         33         34         35         36
     1  C   -0.002504   0.002213  -0.000154   0.001236  -0.000408   0.105630
     2  C    0.001197  -0.023517  -0.006910   0.004117  -0.001348  -0.059900
     3  C    0.010163  -0.018176   0.004311   0.004863  -0.004679  -0.422543
     4  C   -0.002544   0.005632  -0.000155  -0.000040   0.000078  -0.030746
     5  C    0.005130  -0.017728   0.000641   0.001851   0.000235  -0.115730
     6  C   -0.007641   0.062286   0.030568  -0.007373  -0.005610  -0.291391
     7  C   -0.085910   0.241300   0.070763   0.067974  -0.048147   0.166739
     8  C    0.068206  -0.135770  -0.036878   0.027897   0.001728  -1.903787
     9  C   -0.066532   0.108312   0.015440  -0.049260   0.019077   0.096525
    10  C   -0.026958   0.058376  -0.001248  -0.022507   0.001282   0.000342
    11  C   -0.003559  -0.010413   0.000702  -0.008950   0.000711  -0.076539
    12  H   -0.003826   0.036105   0.002113   0.000696  -0.001420   0.013451
    13  H    0.000182  -0.002300   0.000100   0.000272  -0.000119  -0.001407
    14  H   -0.000253   0.001064  -0.000147  -0.000146   0.000044   0.000260
    15  C   -0.000431   0.000444  -0.000156   0.000146  -0.000082   0.032789
    16  H    0.000026  -0.000020   0.000001  -0.000005  -0.000001  -0.000359
    17  H   -0.000081  -0.000023  -0.000001   0.000009  -0.000005   0.000886
    18  C    0.000005   0.000082  -0.000013  -0.000001   0.000004   0.002941
    19  H   -0.000011   0.000000   0.000000   0.000001  -0.000001   0.000080
    20  H    0.000000   0.000004  -0.000001   0.000000   0.000000   0.000178
    21  H    0.000021  -0.000038   0.000005   0.000003  -0.000001  -0.000877
    22  C    0.001012  -0.003238   0.000290   0.000049   0.000130  -0.034769
    23  H   -0.000023   0.000016   0.000001   0.000002   0.000002  -0.000370
    24  H    0.000065  -0.000125   0.000018  -0.000020   0.000009  -0.000668
    25  C    0.000006  -0.000079  -0.000001  -0.000020  -0.000010   0.000594
    26  H    0.000002  -0.000009   0.000002  -0.000006   0.000000  -0.000082
    27  H    0.000000  -0.000018   0.000004   0.000071  -0.000007   0.000153
    28  H    0.000001   0.000001   0.000001   0.000003   0.000002  -0.000146
    29  C    0.428830  -0.408522  -0.089172  -0.083704  -0.043533  -0.413922
    30  H   -0.050903  -0.076816   0.011149  -0.021150  -0.009154  -0.045356
    31  H    0.584255  -0.058503  -0.021725   0.014826  -0.010200  -0.000405
    32  C   -0.058503   5.625771   0.400613   0.408727   0.466339   0.107160
    33  H   -0.021725   0.400613   0.525604  -0.038577  -0.027431  -0.034372
    34  H    0.014826   0.408727  -0.038577   0.530838  -0.028452   0.010908
    35  H   -0.010200   0.466339  -0.027431  -0.028452   0.515025   0.004156
    36  C   -0.000405   0.107160  -0.034372   0.010908   0.004156   9.312623
    37  H   -0.012633   0.019088   0.009969   0.000764  -0.000737   0.463189
    38  H    0.008837   0.020502  -0.005957   0.000850   0.000314   0.382883
    39  C    0.012756  -0.076727   0.005441   0.000775  -0.000206  -0.545837
    40  H   -0.000921  -0.002140  -0.000166  -0.000067   0.000262  -0.066204
    41  H    0.013350   0.012086  -0.000574   0.000274  -0.000405  -0.098806
    42  H   -0.000606  -0.000361  -0.000213   0.000160  -0.000126  -0.010183
    43  N    0.000194  -0.003198  -0.000026  -0.000057   0.000045   0.038192
    44  N   -0.002124  -0.009011   0.001096  -0.000565  -0.000550  -0.318430
    45  C   -0.003150   0.006979   0.000348  -0.000710   0.000352   0.186920
    46  H    0.000755  -0.002008   0.000510  -0.000050  -0.000042   0.007785
    47  H   -0.001630   0.000898  -0.000205  -0.000138   0.000050   0.020123
    48  C    0.007718  -0.011140   0.000817   0.000325   0.000033  -0.405754
    49  H   -0.000173   0.000298  -0.000055  -0.000030   0.000010   0.005178
    50  H    0.000373  -0.000296   0.000053   0.000052   0.000005  -0.003750
             37         38         39         40         41         42
     1  C    0.003637  -0.001867  -0.009685   0.000491   0.000900   0.001192
     2  C    0.009311  -0.051438   0.024863   0.004444  -0.007737   0.004040
     3  C   -0.010394  -0.007496   0.034566  -0.001974   0.003526  -0.003395
     4  C    0.005185   0.000474  -0.009561   0.000070   0.000549   0.000122
     5  C   -0.002838  -0.006890   0.013906  -0.000206  -0.001151  -0.000897
     6  C    0.019759  -0.004550  -0.094120  -0.002595   0.000444  -0.000480
     7  C   -0.002423   0.036325  -0.104204   0.011544   0.007086  -0.022648
     8  C   -0.165310   0.091042  -0.026925  -0.076646   0.156625  -0.089177
     9  C    0.012985  -0.002221  -0.012150   0.001329  -0.003554   0.001585
    10  C    0.001808  -0.000206   0.005556   0.000263   0.001048   0.000088
    11  C   -0.000107  -0.002008   0.002183  -0.000154  -0.000487  -0.000120
    12  H   -0.000084   0.001032  -0.004154  -0.000069   0.001007  -0.000252
    13  H   -0.000039  -0.000026   0.000143  -0.000001  -0.000004   0.000002
    14  H    0.000110   0.000003  -0.000152  -0.000002   0.000001   0.000010
    15  C   -0.000312  -0.000140   0.004491   0.000171   0.000165  -0.000635
    16  H   -0.000104   0.000041   0.000261  -0.000002   0.000005  -0.000091
    17  H    0.000129  -0.000999   0.000467   0.000030  -0.000031   0.000139
    18  C    0.000157   0.000620  -0.001332  -0.000006   0.000004   0.000350
    19  H    0.000003  -0.000038   0.000029   0.000002   0.000001   0.000017
    20  H   -0.000002   0.000029  -0.000003   0.000001   0.000002  -0.000005
    21  H   -0.000094   0.000041   0.000545  -0.000004   0.000020  -0.000221
    22  C   -0.000525  -0.001361   0.002063  -0.000072  -0.000276  -0.000235
    23  H    0.000029  -0.000054  -0.000037   0.000000  -0.000011   0.000022
    24  H   -0.000034   0.000015   0.000004  -0.000004  -0.000002   0.000002
    25  C   -0.000004  -0.000049   0.000086   0.000004   0.000000  -0.000032
    26  H    0.000000  -0.000005   0.000003   0.000000  -0.000001  -0.000001
    27  H   -0.000005   0.000009  -0.000002   0.000000   0.000001   0.000003
    28  H    0.000001   0.000005  -0.000017  -0.000001   0.000000   0.000004
    29  C   -0.004098  -0.040832   0.090553   0.002445  -0.040192   0.011267
    30  H    0.005470  -0.008256   0.024847   0.001143  -0.010293   0.001566
    31  H   -0.012633   0.008837   0.012756  -0.000921   0.013350  -0.000606
    32  C    0.019088   0.020502  -0.076727  -0.002140   0.012086  -0.000361
    33  H    0.009969  -0.005957   0.005441  -0.000166  -0.000574  -0.000213
    34  H    0.000764   0.000850   0.000775  -0.000067   0.000274   0.000160
    35  H   -0.000737   0.000314  -0.000206   0.000262  -0.000405  -0.000126
    36  C    0.463189   0.382883  -0.545837  -0.066204  -0.098806  -0.010183
    37  H    0.583488  -0.073578  -0.052180  -0.006354  -0.032658   0.024158
    38  H   -0.073578   0.621259  -0.110550  -0.016904   0.026161  -0.038907
    39  C   -0.052180  -0.110550   5.861321   0.497987   0.351013   0.449540
    40  H   -0.006354  -0.016904   0.497987   0.510129  -0.034857  -0.018426
    41  H   -0.032658   0.026161   0.351013  -0.034857   0.544425  -0.054225
    42  H    0.024158  -0.038907   0.449540  -0.018426  -0.054225   0.552814
    43  N    0.000048  -0.007946   0.013237   0.000571  -0.000947  -0.000444
    44  N    0.024222  -0.051252   0.121641   0.007872  -0.018162   0.039076
    45  C   -0.010177   0.075051  -0.084748   0.006337   0.011644  -0.010680
    46  H    0.000415  -0.004685   0.004397   0.000585   0.000009   0.001863
    47  H    0.003882  -0.020644   0.014271   0.000194  -0.001759   0.006509
    48  C   -0.034146  -0.016971   0.164290   0.001320  -0.001681  -0.023315
    49  H    0.000532  -0.000581  -0.004100  -0.000072  -0.000257   0.002282
    50  H   -0.000931   0.002785   0.000888  -0.000097   0.000217  -0.001298
             43         44         45         46         47         48
     1  C    0.057815  -0.135206   0.360590   0.016720   0.002092  -0.100024
     2  C    0.440365   0.450702   0.022910   0.024302  -0.003599   0.031410
     3  C    0.001335   0.015650   0.051834   0.004536  -0.001997   0.023418
     4  C   -0.046376  -0.020958  -0.081320   0.000324  -0.005342  -0.199914
     5  C   -0.071472  -0.163343  -0.045105   0.010230  -0.003110  -0.075015
     6  C   -0.023017  -0.057419  -0.143109  -0.008246  -0.007121  -0.141182
     7  C   -0.175340  -0.085570  -0.019200  -0.023382  -0.005487  -0.103729
     8  C   -0.136182   0.078917  -0.111383  -0.035900  -0.047221   0.422251
     9  C   -0.004737  -0.047054  -0.025563  -0.003922   0.001577  -0.058286
    10  C    0.035735   0.035907  -0.019983  -0.000997   0.000221  -0.012740
    11  C   -0.044437  -0.002427  -0.039255   0.001403  -0.001887  -0.037816
    12  H    0.000251  -0.004040   0.000428  -0.000070  -0.000024  -0.000108
    13  H    0.000711   0.000706  -0.000213  -0.000002   0.000000  -0.000177
    14  H   -0.003918   0.000335   0.000054   0.000005   0.000006   0.000365
    15  C   -0.288240   0.030393  -0.427281   0.005431  -0.002870   0.221769
    16  H    0.023782  -0.000779  -0.037625   0.000739  -0.000964  -0.004254
    17  H   -0.044764  -0.005969  -0.011352  -0.000778   0.003261   0.067195
    18  C    0.113370   0.013645   0.148356  -0.004283   0.000578  -0.074713
    19  H   -0.017377  -0.000800  -0.003692  -0.000213   0.000206   0.012773
    20  H    0.007768   0.000602   0.001672  -0.000079  -0.000088   0.006413
    21  H    0.037421  -0.002286  -0.025100   0.002181  -0.001320  -0.005833
    22  C   -0.082440  -0.027326  -0.002873   0.003117  -0.000086   0.012681
    23  H   -0.001842   0.000456   0.009069  -0.000209   0.000365  -0.004831
    24  H    0.003394   0.000561   0.001601  -0.000013  -0.000044  -0.001719
    25  C   -0.008548  -0.003491  -0.010082   0.000300  -0.000240   0.007120
    26  H   -0.000524   0.000070   0.000186   0.000013   0.000002   0.000232
    27  H   -0.000490  -0.000129  -0.000071  -0.000038   0.000064  -0.000209
    28  H    0.000976  -0.000034   0.001224  -0.000049   0.000039  -0.000445
    29  C   -0.032351  -0.086481   0.021870  -0.005397   0.004730  -0.022076
    30  H    0.000583   0.003731  -0.001227   0.000696   0.000152   0.001510
    31  H    0.000194  -0.002124  -0.003150   0.000755  -0.001630   0.007718
    32  C   -0.003198  -0.009011   0.006979  -0.002008   0.000898  -0.011140
    33  H   -0.000026   0.001096   0.000348   0.000510  -0.000205   0.000817
    34  H   -0.000057  -0.000565  -0.000710  -0.000050  -0.000138   0.000325
    35  H    0.000045  -0.000550   0.000352  -0.000042   0.000050   0.000033
    36  C    0.038192  -0.318430   0.186920   0.007785   0.020123  -0.405754
    37  H    0.000048   0.024222  -0.010177   0.000415   0.003882  -0.034146
    38  H   -0.007946  -0.051252   0.075051  -0.004685  -0.020644  -0.016971
    39  C    0.013237   0.121641  -0.084748   0.004397   0.014271   0.164290
    40  H    0.000571   0.007872   0.006337   0.000585   0.000194   0.001320
    41  H   -0.000947  -0.018162   0.011644   0.000009  -0.001759  -0.001681
    42  H   -0.000444   0.039076  -0.010680   0.001863   0.006509  -0.023315
    43  N    7.320104  -0.240617  -0.092873   0.022371   0.009296   0.132452
    44  N   -0.240617   7.319935   0.108087  -0.028407  -0.010961  -0.059611
    45  C   -0.092873   0.108087   6.934546   0.397177   0.343693  -1.260335
    46  H    0.022371  -0.028407   0.397177   0.500411  -0.050529  -0.038870
    47  H    0.009296  -0.010961   0.343693  -0.050529   0.494722   0.018724
    48  C    0.132452  -0.059611  -1.260335  -0.038870   0.018724   6.944673
    49  H   -0.024431   0.022053  -0.062618  -0.021766   0.014062   0.408007
    50  H   -0.014510   0.008714   0.028855   0.013357  -0.016414   0.349998
             49         50
     1  C   -0.030665  -0.044716
     2  C    0.017569  -0.004471
     3  C    0.001871   0.000582
     4  C   -0.009986  -0.008369
     5  C   -0.026094  -0.003401
     6  C   -0.000501  -0.006437
     7  C    0.009771  -0.003375
     8  C    0.019428   0.003503
     9  C    0.001326  -0.002054
    10  C   -0.000749  -0.000536
    11  C   -0.004606   0.001647
    12  H    0.000002   0.000013
    13  H    0.000001  -0.000008
    14  H   -0.000095   0.000014
    15  C    0.014814   0.013458
    16  H    0.000694   0.003067
    17  H   -0.003616  -0.018760
    18  C    0.001173   0.017263
    19  H   -0.000039  -0.001816
    20  H    0.000664   0.000164
    21  H    0.000892   0.006745
    22  C   -0.006478   0.006610
    23  H    0.000686  -0.001597
    24  H    0.000648   0.000177
    25  C   -0.001825   0.000495
    26  H   -0.000060   0.000065
    27  H   -0.000023  -0.000153
    28  H    0.000431  -0.000143
    29  C    0.003303   0.000060
    30  H   -0.000041  -0.000022
    31  H   -0.000173   0.000373
    32  C    0.000298  -0.000296
    33  H   -0.000055   0.000053
    34  H   -0.000030   0.000052
    35  H    0.000010   0.000005
    36  C    0.005178  -0.003750
    37  H    0.000532  -0.000931
    38  H   -0.000581   0.002785
    39  C   -0.004100   0.000888
    40  H   -0.000072  -0.000097
    41  H   -0.000257   0.000217
    42  H    0.002282  -0.001298
    43  N   -0.024431  -0.014510
    44  N    0.022053   0.008714
    45  C   -0.062618   0.028855
    46  H   -0.021766   0.013357
    47  H    0.014062  -0.016414
    48  C    0.408007   0.349998
    49  H    0.506883  -0.052454
    50  H   -0.052454   0.498175
 Mulliken atomic charges:
              1
     1  C    0.217833
     2  C   -0.716159
     3  C    0.523451
     4  C    0.488474
     5  C   -0.250110
     6  C    0.478541
     7  C   -0.234167
     8  C    0.175096
     9  C   -0.154560
    10  C   -0.308338
    11  C   -0.160399
    12  H    0.103545
    13  H    0.179381
    14  H    0.102782
    15  C   -0.067453
    16  H    0.224964
    17  H    0.204455
    18  C   -0.570863
    19  H    0.178983
    20  H    0.180023
    21  H    0.180820
    22  C   -0.179918
    23  H    0.204349
    24  H    0.224321
    25  C   -0.725513
    26  H    0.172815
    27  H    0.184424
    28  H    0.183578
    29  C   -0.187773
    30  H    0.224186
    31  H    0.205335
    32  C   -0.724121
    33  H    0.183579
    34  H    0.184137
    35  H    0.172782
    36  C   -0.077353
    37  H    0.221429
    38  H    0.208135
    39  C   -0.565433
    40  H    0.180747
    41  H    0.177506
    42  H    0.180161
    43  N    0.107091
    44  N    0.098634
    45  C   -0.190063
    46  H    0.210300
    47  H    0.243960
    48  C   -0.140601
    49  H    0.218735
    50  H    0.228273
 Sum of Mulliken atomic charges =   2.00000
 Mulliken charges with hydrogens summed into heavy atoms:
              1
     1  C    0.217833
     2  C   -0.716159
     3  C    0.523451
     4  C    0.488474
     5  C   -0.250110
     6  C    0.478541
     7  C   -0.234167
     8  C    0.175096
     9  C   -0.051015
    10  C   -0.128956
    11  C   -0.057617
    15  C    0.361966
    18  C   -0.031038
    22  C    0.248752
    25  C   -0.184695
    29  C    0.241748
    32  C   -0.183624
    36  C    0.352210
    39  C   -0.027019
    43  N    0.107091
    44  N    0.098634
    45  C    0.264197
    48  C    0.306407
 Sum of Mulliken charges with hydrogens summed into heavy atoms =   2.00000
          Atomic-Atomic Spin Densities.
              1          2          3          4          5          6
     1  C   -0.091624  -0.008340   0.001417   0.046059   0.096215   0.011386
     2  C   -0.008340  -0.098238  -0.000879   0.007302   0.001829   0.006065
     3  C    0.001417  -0.000879   0.006125   0.011047   0.000349   0.010430
     4  C    0.046059   0.007302   0.011047  -0.107015  -0.057981  -0.008704
     5  C    0.096215   0.001829   0.000349  -0.057981   0.260079   0.008871
     6  C    0.011386   0.006065   0.010430  -0.008704   0.008871  -0.104535
     7  C   -0.000486   0.003067   0.001550   0.008299  -0.007071  -0.060837
     8  C   -0.009547  -0.008720   0.001012   0.012968  -0.000284   0.045139
     9  C    0.007134   0.002031   0.004808  -0.017328   0.011884   0.009807
    10  C   -0.003200  -0.006199   0.003278  -0.010687  -0.001578  -0.011489
    11  C    0.025001  -0.000794   0.005472   0.009883  -0.021844  -0.016615
    12  H   -0.000870  -0.000680  -0.000400  -0.001543  -0.000741   0.003706
    13  H    0.000293   0.000331   0.000470   0.000887   0.000881   0.000922
    14  H   -0.005664  -0.001205  -0.000218   0.004187  -0.009171  -0.001755
    15  C    0.002563   0.011925   0.000713  -0.013098  -0.030006  -0.000630
    16  H    0.001162  -0.001375   0.000205   0.001635   0.003573   0.000123
    17  H   -0.002134   0.002759   0.000084  -0.001392  -0.004362  -0.000128
    18  C    0.005175  -0.004187  -0.000895   0.001710   0.002825  -0.000007
    19  H   -0.000615   0.000078  -0.000064  -0.000265  -0.000058   0.000014
    20  H   -0.000253   0.000233  -0.000055  -0.000123   0.000061   0.000008
    21  H   -0.000207  -0.001004   0.000152   0.001022  -0.000803  -0.000150
    22  C   -0.017239   0.012342  -0.001768   0.023928  -0.021570   0.000291
    23  H   -0.001336   0.000874  -0.000372  -0.002419  -0.002645  -0.000088
    24  H   -0.000786  -0.000069   0.000243   0.002572  -0.004054   0.000108
    25  C    0.003871  -0.001430   0.001716  -0.001071  -0.002205   0.000160
    26  H   -0.000196   0.000057   0.000061   0.000300   0.002162   0.000007
    27  H    0.001928  -0.000286   0.000081  -0.000510  -0.000110   0.000204
    28  H   -0.001883   0.000185  -0.000184   0.000290  -0.002571  -0.000074
    29  C    0.001032   0.014196  -0.001805   0.000160   0.001807   0.028056
    30  H    0.000054  -0.000140   0.000273   0.000125  -0.000209   0.002168
    31  H   -0.000175   0.001042  -0.000505  -0.000148   0.000145  -0.001984
    32  C    0.000083  -0.002081   0.002106   0.000214   0.000065  -0.002271
    33  H   -0.000080   0.000297  -0.000251  -0.000092   0.000095   0.000407
    34  H    0.000122  -0.000545   0.000152   0.000213  -0.000104  -0.000997
    35  H   -0.000003   0.000061   0.000065   0.000009  -0.000002   0.000278
    36  C    0.000992   0.012688  -0.000292  -0.000611   0.001568  -0.011762
    37  H    0.000330  -0.001137   0.000310   0.000194  -0.000280   0.001470
    38  H   -0.000466   0.001780  -0.000039  -0.000184   0.000578  -0.001271
    39  C    0.000119  -0.004263  -0.000919   0.000002  -0.000560   0.001648
    40  H    0.000009   0.000173  -0.000050   0.000005  -0.000001  -0.000106
    41  H   -0.000059   0.000022  -0.000087   0.000005   0.000026  -0.000251
    42  H    0.000358  -0.000519   0.000171  -0.000088  -0.000059   0.000892
    43  N   -0.033518  -0.005707  -0.002140   0.008020  -0.011025  -0.003468
    44  N    0.002040  -0.002107  -0.002104  -0.003163   0.000634   0.008731
    45  C   -0.002165  -0.001421  -0.001056   0.001891   0.004561   0.004101
    46  H   -0.002992  -0.000665  -0.000420   0.000558   0.000671  -0.001185
    47  H    0.002362   0.001849   0.000701   0.000189  -0.002217   0.000397
    48  C   -0.001845  -0.001792  -0.000148   0.001367  -0.001664  -0.001445
    49  H    0.004804   0.003778  -0.000064  -0.001225  -0.000874   0.000768
    50  H   -0.002462  -0.002539   0.000231   0.000411   0.004779   0.000030
              7          8          9         10         11         12
     1  C   -0.000486  -0.009547   0.007134  -0.003200   0.025001  -0.000870
     2  C    0.003067  -0.008720   0.002031  -0.006199  -0.000794  -0.000680
     3  C    0.001550   0.001012   0.004808   0.003278   0.005472  -0.000400
     4  C    0.008299   0.012968  -0.017328  -0.010687   0.009883  -0.001543
     5  C   -0.007071  -0.000284   0.011884  -0.001578  -0.021844  -0.000741
     6  C   -0.060837   0.045139   0.009807  -0.011489  -0.016615   0.003706
     7  C    0.262602   0.086316  -0.022496  -0.001173   0.011387  -0.008540
     8  C    0.086316  -0.074004   0.025227  -0.003816   0.006902  -0.005449
     9  C   -0.022496   0.025227   0.323612   0.004705  -0.042341   0.010534
    10  C   -0.001173  -0.003816   0.004705  -0.107940   0.005268   0.001058
    11  C    0.011387   0.006902  -0.042341   0.005268   0.323174   0.003070
    12  H   -0.008540  -0.005449   0.010534   0.001058   0.003070  -0.020836
    13  H    0.000874   0.000304  -0.000907  -0.005038  -0.000544   0.000009
    14  H   -0.000696  -0.000973   0.003778   0.001558   0.010393   0.000256
    15  C    0.001742   0.001723  -0.001191   0.002109  -0.003799  -0.000005
    16  H   -0.000320   0.000450   0.000560   0.000325   0.000558   0.000024
    17  H    0.000650  -0.000632  -0.000304   0.000011  -0.000225  -0.000013
    18  C   -0.000589   0.000108   0.000011  -0.000282   0.000616   0.000003
    19  H    0.000035  -0.000067  -0.000036   0.000056  -0.000043  -0.000002
    20  H    0.000001   0.000001  -0.000011   0.000001  -0.000033   0.000000
    21  H   -0.000056   0.000469   0.000180   0.000032   0.000193   0.000012
    22  C    0.002364   0.000439  -0.006403  -0.009259  -0.002445  -0.000186
    23  H    0.000223  -0.000250  -0.000925  -0.001088  -0.001211  -0.000036
    24  H   -0.000205   0.000048   0.000395   0.001023   0.003817  -0.000013
    25  C   -0.000085   0.000144   0.002901   0.001240  -0.002794   0.000076
    26  H    0.000004  -0.000007  -0.000095   0.000022   0.000398  -0.000006
    27  H   -0.000143   0.000146   0.000879  -0.000305  -0.001415   0.000040
    28  H    0.000110  -0.000100  -0.000265  -0.000174   0.000402  -0.000012
    29  C   -0.017480  -0.015366  -0.003343  -0.009780  -0.004109   0.004797
    30  H   -0.004684  -0.000330   0.003813   0.001163   0.000357  -0.000124
    31  H   -0.001622  -0.002296  -0.001184  -0.001411  -0.000755   0.000377
    32  C   -0.003863   0.006164  -0.003192   0.001997   0.002680  -0.001904
    33  H   -0.002195  -0.002357   0.000383  -0.000298  -0.000250   0.000037
    34  H   -0.000702   0.002370  -0.001404   0.000015   0.000802  -0.000629
    35  H    0.002009  -0.000043   0.000410   0.000025  -0.000070   0.000020
    36  C   -0.022765  -0.012011  -0.002855   0.001837  -0.001394  -0.000030
    37  H    0.002318   0.002359   0.000587   0.000519   0.000457  -0.000137
    38  H   -0.002699  -0.004183  -0.000177  -0.000061  -0.000234   0.000030
    39  C    0.001072   0.007337   0.000640  -0.000256  -0.000020   0.000001
    40  H    0.000383  -0.000626  -0.000031  -0.000002  -0.000008   0.000005
    41  H    0.000002  -0.000914  -0.000010   0.000047  -0.000034  -0.000018
    42  H   -0.001341   0.000646   0.000163   0.000099   0.000123  -0.000051
    43  N    0.000793   0.002349   0.000465  -0.000234   0.000709   0.000157
    44  N   -0.010942  -0.033449   0.000540  -0.000170   0.000332  -0.000167
    45  C   -0.001714  -0.002814   0.001240  -0.000314   0.000275  -0.000044
    46  H    0.000141   0.003459   0.000424  -0.000164  -0.000430   0.000098
    47  H    0.003834  -0.001478  -0.000657   0.000145   0.000647  -0.000094
    48  C    0.003607   0.002117  -0.000217  -0.000469   0.000370  -0.000009
    49  H    0.000448  -0.003210  -0.000595  -0.000003   0.000333  -0.000051
    50  H   -0.001959   0.002509   0.000755  -0.000032  -0.000522   0.000049
             13         14         15         16         17         18
     1  C    0.000293  -0.005664   0.002563   0.001162  -0.002134   0.005175
     2  C    0.000331  -0.001205   0.011925  -0.001375   0.002759  -0.004187
     3  C    0.000470  -0.000218   0.000713   0.000205   0.000084  -0.000895
     4  C    0.000887   0.004187  -0.013098   0.001635  -0.001392   0.001710
     5  C    0.000881  -0.009171  -0.030006   0.003573  -0.004362   0.002825
     6  C    0.000922  -0.001755  -0.000630   0.000123  -0.000128  -0.000007
     7  C    0.000874  -0.000696   0.001742  -0.000320   0.000650  -0.000589
     8  C    0.000304  -0.000973   0.001723   0.000450  -0.000632   0.000108
     9  C   -0.000907   0.003778  -0.001191   0.000560  -0.000304   0.000011
    10  C   -0.005038   0.001558   0.002109   0.000325   0.000011  -0.000282
    11  C   -0.000544   0.010393  -0.003799   0.000558  -0.000225   0.000616
    12  H    0.000009   0.000256  -0.000005   0.000024  -0.000013   0.000003
    13  H    0.007576   0.000032   0.000051  -0.000004   0.000004  -0.000006
    14  H    0.000032  -0.020915  -0.000083  -0.000128   0.000031  -0.000002
    15  C    0.000051  -0.000083  -0.003304  -0.001505   0.001230   0.008576
    16  H   -0.000004  -0.000128  -0.001505   0.002452  -0.002363   0.001138
    17  H    0.000004   0.000031   0.001230  -0.002363   0.003317   0.000651
    18  C   -0.000006  -0.000002   0.008576   0.001138   0.000651  -0.003683
    19  H    0.000003  -0.000017  -0.000256  -0.000105  -0.000014   0.000817
    20  H    0.000000   0.000005   0.001605  -0.000580   0.000816  -0.001214
    21  H   -0.000001  -0.000053  -0.000650   0.000953  -0.001316   0.000020
    22  C   -0.000133   0.004678   0.008340  -0.006081   0.003612  -0.001530
    23  H   -0.000018   0.000352   0.002647  -0.001853   0.001310  -0.001489
    24  H   -0.000007  -0.000117   0.000291   0.000243   0.000167  -0.000383
    25  C    0.000062  -0.001746  -0.007113   0.002238  -0.001866   0.003159
    26  H    0.000005   0.000026  -0.000110   0.000141   0.000019   0.000021
    27  H    0.000011  -0.000568  -0.000968   0.000485  -0.000192   0.000071
    28  H    0.000003   0.000011   0.001173  -0.000718   0.000440  -0.000309
    29  C   -0.000238  -0.000084   0.000280   0.000051  -0.000040  -0.000035
    30  H   -0.000004  -0.000015   0.000018   0.000004  -0.000004   0.000002
    31  H   -0.000033  -0.000029  -0.000024   0.000013  -0.000025   0.000005
    32  C    0.000105   0.000068   0.000040  -0.000012   0.000024  -0.000005
    33  H   -0.000002  -0.000011   0.000001   0.000005  -0.000008   0.000002
    34  H    0.000027   0.000036  -0.000014  -0.000009   0.000006   0.000000
    35  H    0.000004  -0.000006   0.000002   0.000001  -0.000001   0.000000
    36  C    0.000044  -0.000020   0.000827   0.000064   0.000011  -0.000158
    37  H    0.000001   0.000020   0.000029  -0.000019   0.000053  -0.000007
    38  H    0.000002  -0.000010   0.000091   0.000052  -0.000094  -0.000037
    39  C   -0.000005   0.000002  -0.000186  -0.000009  -0.000038   0.000042
    40  H    0.000000   0.000000   0.000002   0.000000  -0.000002  -0.000001
    41  H    0.000003  -0.000002   0.000007   0.000002  -0.000001  -0.000004
    42  H    0.000001   0.000010   0.000011  -0.000027   0.000068   0.000014
    43  N    0.000004  -0.000156   0.007852  -0.000090  -0.000423  -0.003132
    44  N    0.000007   0.000147   0.001242  -0.000353   0.001027  -0.000446
    45  C    0.000005  -0.000029   0.004710   0.000374   0.000674  -0.002118
    46  H   -0.000002  -0.000042  -0.000625   0.000360  -0.001090   0.000137
    47  H    0.000001   0.000045   0.000474  -0.000473   0.001306  -0.000129
    48  C    0.000008  -0.000098  -0.001706  -0.000576  -0.000392   0.002107
    49  H    0.000001   0.000093   0.001080  -0.001687   0.004156  -0.000717
    50  H   -0.000002  -0.000085  -0.001306   0.002068  -0.004903   0.000638
             19         20         21         22         23         24
     1  C   -0.000615  -0.000253  -0.000207  -0.017239  -0.001336  -0.000786
     2  C    0.000078   0.000233  -0.001004   0.012342   0.000874  -0.000069
     3  C   -0.000064  -0.000055   0.000152  -0.001768  -0.000372   0.000243
     4  C   -0.000265  -0.000123   0.001022   0.023928  -0.002419   0.002572
     5  C   -0.000058   0.000061  -0.000803  -0.021570  -0.002645  -0.004054
     6  C    0.000014   0.000008  -0.000150   0.000291  -0.000088   0.000108
     7  C    0.000035   0.000001  -0.000056   0.002364   0.000223  -0.000205
     8  C   -0.000067   0.000001   0.000469   0.000439  -0.000250   0.000048
     9  C   -0.000036  -0.000011   0.000180  -0.006403  -0.000925   0.000395
    10  C    0.000056   0.000001   0.000032  -0.009259  -0.001088   0.001023
    11  C   -0.000043  -0.000033   0.000193  -0.002445  -0.001211   0.003817
    12  H   -0.000002   0.000000   0.000012  -0.000186  -0.000036  -0.000013
    13  H    0.000003   0.000000  -0.000001  -0.000133  -0.000018  -0.000007
    14  H   -0.000017   0.000005  -0.000053   0.004678   0.000352  -0.000117
    15  C   -0.000256   0.001605  -0.000650   0.008340   0.002647   0.000291
    16  H   -0.000105  -0.000580   0.000953  -0.006081  -0.001853   0.000243
    17  H   -0.000014   0.000816  -0.001316   0.003612   0.001310   0.000167
    18  C    0.000817  -0.001214   0.000020  -0.001530  -0.001489  -0.000383
    19  H   -0.000244   0.000175  -0.000108   0.000385   0.000212   0.000113
    20  H    0.000175   0.000865  -0.000590  -0.000311   0.000331   0.000000
    21  H   -0.000108  -0.000590   0.000951  -0.000733  -0.000724  -0.000007
    22  C    0.000385  -0.000311  -0.000733  -0.028031   0.011297  -0.005421
    23  H    0.000212   0.000331  -0.000724   0.011297   0.003866  -0.000996
    24  H    0.000113   0.000000  -0.000007  -0.005421  -0.000996   0.004960
    25  C   -0.000353  -0.000068   0.000411   0.004466  -0.002408   0.002741
    26  H    0.000008  -0.000002  -0.000013  -0.004034  -0.000129   0.000125
    27  H   -0.000023  -0.000009   0.000054  -0.000571  -0.000626   0.000410
    28  H    0.000027   0.000036  -0.000112   0.003706   0.000516  -0.000218
    29  C    0.000000  -0.000001   0.000033  -0.000576  -0.000055  -0.000088
    30  H    0.000000   0.000000   0.000005  -0.000100  -0.000007  -0.000009
    31  H   -0.000001   0.000000   0.000019  -0.000066  -0.000015  -0.000006
    32  C    0.000001   0.000000  -0.000010   0.000211   0.000016   0.000010
    33  H    0.000000   0.000000   0.000003  -0.000034  -0.000004  -0.000002
    34  H    0.000000   0.000000  -0.000004   0.000152   0.000010   0.000012
    35  H    0.000000   0.000000   0.000000  -0.000009  -0.000001  -0.000001
    36  C    0.000009   0.000001   0.000072   0.000035  -0.000050   0.000006
    37  H    0.000002   0.000001  -0.000028   0.000051   0.000012   0.000003
    38  H    0.000000  -0.000002   0.000070  -0.000053  -0.000024  -0.000004
    39  C   -0.000005  -0.000001   0.000011  -0.000034   0.000005   0.000002
    40  H    0.000000   0.000000   0.000003  -0.000001   0.000000   0.000000
    41  H    0.000000   0.000000   0.000003  -0.000001  -0.000001   0.000000
    42  H    0.000003   0.000003  -0.000085   0.000035   0.000017   0.000004
    43  N    0.000165  -0.000193   0.001639   0.003038  -0.000589  -0.000212
    44  N    0.000041   0.000032  -0.000722   0.000968   0.000222   0.000006
    45  C    0.000176  -0.000085   0.000155  -0.000689  -0.000155  -0.000073
    46  H   -0.000031  -0.000059   0.000762  -0.000561  -0.000170  -0.000026
    47  H    0.000017   0.000044  -0.000508   0.000775   0.000187   0.000027
    48  C   -0.000237   0.000032   0.000012   0.002348   0.000321   0.000064
    49  H    0.000240   0.000398  -0.002427   0.001806   0.000783   0.000049
    50  H   -0.000116  -0.000283   0.001524  -0.002725  -0.000786  -0.000063
             25         26         27         28         29         30
     1  C    0.003871  -0.000196   0.001928  -0.001883   0.001032   0.000054
     2  C   -0.001430   0.000057  -0.000286   0.000185   0.014196  -0.000140
     3  C    0.001716   0.000061   0.000081  -0.000184  -0.001805   0.000273
     4  C   -0.001071   0.000300  -0.000510   0.000290   0.000160   0.000125
     5  C   -0.002205   0.002162  -0.000110  -0.002571   0.001807  -0.000209
     6  C    0.000160   0.000007   0.000204  -0.000074   0.028056   0.002168
     7  C   -0.000085   0.000004  -0.000143   0.000110  -0.017480  -0.004684
     8  C    0.000144  -0.000007   0.000146  -0.000100  -0.015366  -0.000330
     9  C    0.002901  -0.000095   0.000879  -0.000265  -0.003343   0.003813
    10  C    0.001240   0.000022  -0.000305  -0.000174  -0.009780   0.001163
    11  C   -0.002794   0.000398  -0.001415   0.000402  -0.004109   0.000357
    12  H    0.000076  -0.000006   0.000040  -0.000012   0.004797  -0.000124
    13  H    0.000062   0.000005   0.000011   0.000003  -0.000238  -0.000004
    14  H   -0.001746   0.000026  -0.000568   0.000011  -0.000084  -0.000015
    15  C   -0.007113  -0.000110  -0.000968   0.001173   0.000280   0.000018
    16  H    0.002238   0.000141   0.000485  -0.000718   0.000051   0.000004
    17  H   -0.001866   0.000019  -0.000192   0.000440  -0.000040  -0.000004
    18  C    0.003159   0.000021   0.000071  -0.000309  -0.000035   0.000002
    19  H   -0.000353   0.000008  -0.000023   0.000027   0.000000   0.000000
    20  H   -0.000068  -0.000002  -0.000009   0.000036  -0.000001   0.000000
    21  H    0.000411  -0.000013   0.000054  -0.000112   0.000033   0.000005
    22  C    0.004466  -0.004034  -0.000571   0.003706  -0.000576  -0.000100
    23  H   -0.002408  -0.000129  -0.000626   0.000516  -0.000055  -0.000007
    24  H    0.002741   0.000125   0.000410  -0.000218  -0.000088  -0.000009
    25  C    0.013418   0.000896   0.001579  -0.001196   0.000176   0.000010
    26  H    0.000896   0.001273   0.000499  -0.000173  -0.000009  -0.000001
    27  H    0.001579   0.000499  -0.000433  -0.000310   0.000144   0.000012
    28  H   -0.001196  -0.000173  -0.000310  -0.000176  -0.000029  -0.000002
    29  C    0.000176  -0.000009   0.000144  -0.000029  -0.042174  -0.004856
    30  H    0.000010  -0.000001   0.000012  -0.000002  -0.004856   0.004950
    31  H    0.000015  -0.000001   0.000010  -0.000003   0.010157  -0.000964
    32  C   -0.000028   0.000001  -0.000024   0.000005   0.006010   0.002802
    33  H    0.000005   0.000000   0.000007  -0.000002   0.003527  -0.000213
    34  H   -0.000023   0.000002  -0.000027   0.000007   0.000125   0.000400
    35  H    0.000001   0.000000   0.000002   0.000000  -0.004109   0.000127
    36  C    0.000058   0.000000  -0.000004  -0.000005   0.005594   0.000178
    37  H   -0.000010   0.000001  -0.000008   0.000004  -0.005215   0.000215
    38  H    0.000021  -0.000001   0.000005  -0.000007   0.002603   0.000163
    39  C   -0.000005   0.000000   0.000000   0.000002  -0.000076  -0.000387
    40  H    0.000000   0.000000   0.000000   0.000000  -0.000442   0.000001
    41  H    0.000000   0.000000   0.000000   0.000000   0.000391   0.000117
    42  H   -0.000008   0.000000  -0.000003   0.000003  -0.000344  -0.000007
    43  N    0.000292   0.000019  -0.000112   0.000208   0.000692   0.000004
    44  N   -0.000048   0.000006  -0.000056   0.000024   0.003340  -0.000201
    45  C    0.000431  -0.000010   0.000074  -0.000054   0.002009   0.000007
    46  H    0.000092  -0.000005   0.000033  -0.000039   0.001299   0.000046
    47  H   -0.000160   0.000007  -0.000057   0.000073  -0.002193  -0.000063
    48  C   -0.000572   0.000004  -0.000025   0.000089   0.001002   0.000015
    49  H   -0.000410   0.000018  -0.000087   0.000156  -0.000491  -0.000028
    50  H    0.000729  -0.000024   0.000156  -0.000286   0.000620   0.000027
             31         32         33         34         35         36
     1  C   -0.000175   0.000083  -0.000080   0.000122  -0.000003   0.000992
     2  C    0.001042  -0.002081   0.000297  -0.000545   0.000061   0.012688
     3  C   -0.000505   0.002106  -0.000251   0.000152   0.000065  -0.000292
     4  C   -0.000148   0.000214  -0.000092   0.000213   0.000009  -0.000611
     5  C    0.000145   0.000065   0.000095  -0.000104  -0.000002   0.001568
     6  C   -0.001984  -0.002271   0.000407  -0.000997   0.000278  -0.011762
     7  C   -0.001622  -0.003863  -0.002195  -0.000702   0.002009  -0.022765
     8  C   -0.002296   0.006164  -0.002357   0.002370  -0.000043  -0.012011
     9  C   -0.001184  -0.003192   0.000383  -0.001404   0.000410  -0.002855
    10  C   -0.001411   0.001997  -0.000298   0.000015   0.000025   0.001837
    11  C   -0.000755   0.002680  -0.000250   0.000802  -0.000070  -0.001394
    12  H    0.000377  -0.001904   0.000037  -0.000629   0.000020  -0.000030
    13  H   -0.000033   0.000105  -0.000002   0.000027   0.000004   0.000044
    14  H   -0.000029   0.000068  -0.000011   0.000036  -0.000006  -0.000020
    15  C   -0.000024   0.000040   0.000001  -0.000014   0.000002   0.000827
    16  H    0.000013  -0.000012   0.000005  -0.000009   0.000001   0.000064
    17  H   -0.000025   0.000024  -0.000008   0.000006  -0.000001   0.000011
    18  C    0.000005  -0.000005   0.000002   0.000000   0.000000  -0.000158
    19  H   -0.000001   0.000001   0.000000   0.000000   0.000000   0.000009
    20  H    0.000000   0.000000   0.000000   0.000000   0.000000   0.000001
    21  H    0.000019  -0.000010   0.000003  -0.000004   0.000000   0.000072
    22  C   -0.000066   0.000211  -0.000034   0.000152  -0.000009   0.000035
    23  H   -0.000015   0.000016  -0.000004   0.000010  -0.000001  -0.000050
    24  H   -0.000006   0.000010  -0.000002   0.000012  -0.000001   0.000006
    25  C    0.000015  -0.000028   0.000005  -0.000023   0.000001   0.000058
    26  H   -0.000001   0.000001   0.000000   0.000002   0.000000   0.000000
    27  H    0.000010  -0.000024   0.000007  -0.000027   0.000002  -0.000004
    28  H   -0.000003   0.000005  -0.000002   0.000007   0.000000  -0.000005
    29  C    0.010157   0.006010   0.003527   0.000125  -0.004109   0.005594
    30  H   -0.000964   0.002802  -0.000213   0.000400   0.000127   0.000178
    31  H    0.003759  -0.002442   0.000530  -0.000609  -0.000157   0.003116
    32  C   -0.002442   0.013771  -0.001342   0.001657   0.001031  -0.008108
    33  H    0.000530  -0.001342  -0.000133  -0.000339  -0.000200   0.001428
    34  H   -0.000609   0.001657  -0.000339  -0.000426   0.000523  -0.001109
    35  H   -0.000157   0.001031  -0.000200   0.000523   0.001286  -0.000171
    36  C    0.003116  -0.008108   0.001428  -0.001109  -0.000171   0.007904
    37  H   -0.001725   0.002255  -0.000715   0.000467   0.000155  -0.002001
    38  H    0.001176  -0.001826   0.000418  -0.000165   0.000006   0.002528
    39  C   -0.001349   0.003128  -0.000299   0.000052   0.000035   0.007805
    40  H    0.000306  -0.000065   0.000035  -0.000007  -0.000004   0.001777
    41  H    0.000194  -0.000341   0.000023  -0.000021   0.000009  -0.000069
    42  H   -0.000645   0.000387  -0.000106   0.000048  -0.000008  -0.000916
    43  N    0.000222  -0.000061   0.000026  -0.000055   0.000004   0.001729
    44  N   -0.000633   0.000315   0.000198  -0.000103   0.000015   0.007211
    45  C    0.000333  -0.000673   0.000096   0.000009  -0.000006  -0.002183
    46  H    0.000761  -0.000425   0.000167  -0.000087   0.000014   0.002806
    47  H   -0.000742   0.000756  -0.000297   0.000154  -0.000018  -0.003135
    48  C    0.000058   0.000310   0.000015  -0.000013   0.000009   0.003651
    49  H   -0.000188   0.000106  -0.000041   0.000035  -0.000004  -0.001381
    50  H    0.000183  -0.000164   0.000070  -0.000052   0.000005   0.001092
             37         38         39         40         41         42
     1  C    0.000330  -0.000466   0.000119   0.000009  -0.000059   0.000358
     2  C   -0.001137   0.001780  -0.004263   0.000173   0.000022  -0.000519
     3  C    0.000310  -0.000039  -0.000919  -0.000050  -0.000087   0.000171
     4  C    0.000194  -0.000184   0.000002   0.000005   0.000005  -0.000088
     5  C   -0.000280   0.000578  -0.000560  -0.000001   0.000026  -0.000059
     6  C    0.001470  -0.001271   0.001648  -0.000106  -0.000251   0.000892
     7  C    0.002318  -0.002699   0.001072   0.000383   0.000002  -0.001341
     8  C    0.002359  -0.004183   0.007337  -0.000626  -0.000914   0.000646
     9  C    0.000587  -0.000177   0.000640  -0.000031  -0.000010   0.000163
    10  C    0.000519  -0.000061  -0.000256  -0.000002   0.000047   0.000099
    11  C    0.000457  -0.000234  -0.000020  -0.000008  -0.000034   0.000123
    12  H   -0.000137   0.000030   0.000001   0.000005  -0.000018  -0.000051
    13  H    0.000001   0.000002  -0.000005   0.000000   0.000003   0.000001
    14  H    0.000020  -0.000010   0.000002   0.000000  -0.000002   0.000010
    15  C    0.000029   0.000091  -0.000186   0.000002   0.000007   0.000011
    16  H   -0.000019   0.000052  -0.000009   0.000000   0.000002  -0.000027
    17  H    0.000053  -0.000094  -0.000038  -0.000002  -0.000001   0.000068
    18  C   -0.000007  -0.000037   0.000042  -0.000001  -0.000004   0.000014
    19  H    0.000002   0.000000  -0.000005   0.000000   0.000000   0.000003
    20  H    0.000001  -0.000002  -0.000001   0.000000   0.000000   0.000003
    21  H   -0.000028   0.000070   0.000011   0.000003   0.000003  -0.000085
    22  C    0.000051  -0.000053  -0.000034  -0.000001  -0.000001   0.000035
    23  H    0.000012  -0.000024   0.000005   0.000000  -0.000001   0.000017
    24  H    0.000003  -0.000004   0.000002   0.000000   0.000000   0.000004
    25  C   -0.000010   0.000021  -0.000005   0.000000   0.000000  -0.000008
    26  H    0.000001  -0.000001   0.000000   0.000000   0.000000   0.000000
    27  H   -0.000008   0.000005   0.000000   0.000000   0.000000  -0.000003
    28  H    0.000004  -0.000007   0.000002   0.000000   0.000000   0.000003
    29  C   -0.005215   0.002603  -0.000076  -0.000442   0.000391  -0.000344
    30  H    0.000215   0.000163  -0.000387   0.000001   0.000117  -0.000007
    31  H   -0.001725   0.001176  -0.001349   0.000306   0.000194  -0.000645
    32  C    0.002255  -0.001826   0.003128  -0.000065  -0.000341   0.000387
    33  H   -0.000715   0.000418  -0.000299   0.000035   0.000023  -0.000106
    34  H    0.000467  -0.000165   0.000052  -0.000007  -0.000021   0.000048
    35  H    0.000155   0.000006   0.000035  -0.000004   0.000009  -0.000008
    36  C   -0.002001   0.002528   0.007805   0.001777  -0.000069  -0.000916
    37  H    0.002246  -0.002026   0.000908  -0.000530  -0.000067   0.000821
    38  H   -0.002026   0.002635   0.001036   0.000715  -0.000033  -0.001068
    39  C    0.000908   0.001036  -0.004304  -0.001162   0.000838  -0.000132
    40  H   -0.000530   0.000715  -0.001162   0.000818   0.000162  -0.000510
    41  H   -0.000067  -0.000033   0.000838   0.000162  -0.000258  -0.000064
    42  H    0.000821  -0.001068  -0.000132  -0.000510  -0.000064   0.000738
    43  N   -0.000358   0.000986  -0.000417   0.000029   0.000039  -0.000676
    44  N   -0.000043  -0.000339  -0.003319  -0.000191   0.000180   0.001439
    45  C   -0.000619  -0.000594   0.002878  -0.000034  -0.000121   0.000069
    46  H   -0.001626   0.003916  -0.000841   0.000373   0.000207  -0.002103
    47  H    0.001925  -0.004420   0.000598  -0.000230  -0.000097   0.001296
    48  C   -0.000013   0.001313  -0.002971  -0.000031   0.000090  -0.000272
    49  H    0.000366  -0.001090   0.000171  -0.000063  -0.000026   0.000765
    50  H   -0.000440   0.001199  -0.000115   0.000041   0.000013  -0.000474
             43         44         45         46         47         48
     1  C   -0.033518   0.002040  -0.002165  -0.002992   0.002362  -0.001845
     2  C   -0.005707  -0.002107  -0.001421  -0.000665   0.001849  -0.001792
     3  C   -0.002140  -0.002104  -0.001056  -0.000420   0.000701  -0.000148
     4  C    0.008020  -0.003163   0.001891   0.000558   0.000189   0.001367
     5  C   -0.011025   0.000634   0.004561   0.000671  -0.002217  -0.001664
     6  C   -0.003468   0.008731   0.004101  -0.001185   0.000397  -0.001445
     7  C    0.000793  -0.010942  -0.001714   0.000141   0.003834   0.003607
     8  C    0.002349  -0.033449  -0.002814   0.003459  -0.001478   0.002117
     9  C    0.000465   0.000540   0.001240   0.000424  -0.000657  -0.000217
    10  C   -0.000234  -0.000170  -0.000314  -0.000164   0.000145  -0.000469
    11  C    0.000709   0.000332   0.000275  -0.000430   0.000647   0.000370
    12  H    0.000157  -0.000167  -0.000044   0.000098  -0.000094  -0.000009
    13  H    0.000004   0.000007   0.000005  -0.000002   0.000001   0.000008
    14  H   -0.000156   0.000147  -0.000029  -0.000042   0.000045  -0.000098
    15  C    0.007852   0.001242   0.004710  -0.000625   0.000474  -0.001706
    16  H   -0.000090  -0.000353   0.000374   0.000360  -0.000473  -0.000576
    17  H   -0.000423   0.001027   0.000674  -0.001090   0.001306  -0.000392
    18  C   -0.003132  -0.000446  -0.002118   0.000137  -0.000129   0.002107
    19  H    0.000165   0.000041   0.000176  -0.000031   0.000017  -0.000237
    20  H   -0.000193   0.000032  -0.000085  -0.000059   0.000044   0.000032
    21  H    0.001639  -0.000722   0.000155   0.000762  -0.000508   0.000012
    22  C    0.003038   0.000968  -0.000689  -0.000561   0.000775   0.002348
    23  H   -0.000589   0.000222  -0.000155  -0.000170   0.000187   0.000321
    24  H   -0.000212   0.000006  -0.000073  -0.000026   0.000027   0.000064
    25  C    0.000292  -0.000048   0.000431   0.000092  -0.000160  -0.000572
    26  H    0.000019   0.000006  -0.000010  -0.000005   0.000007   0.000004
    27  H   -0.000112  -0.000056   0.000074   0.000033  -0.000057  -0.000025
    28  H    0.000208   0.000024  -0.000054  -0.000039   0.000073   0.000089
    29  C    0.000692   0.003340   0.002009   0.001299  -0.002193   0.001002
    30  H    0.000004  -0.000201   0.000007   0.000046  -0.000063   0.000015
    31  H    0.000222  -0.000633   0.000333   0.000761  -0.000742   0.000058
    32  C   -0.000061   0.000315  -0.000673  -0.000425   0.000756   0.000310
    33  H    0.000026   0.000198   0.000096   0.000167  -0.000297   0.000015
    34  H   -0.000055  -0.000103   0.000009  -0.000087   0.000154  -0.000013
    35  H    0.000004   0.000015  -0.000006   0.000014  -0.000018   0.000009
    36  C    0.001729   0.007211  -0.002183   0.002806  -0.003135   0.003651
    37  H   -0.000358  -0.000043  -0.000619  -0.001626   0.001925  -0.000013
    38  H    0.000986  -0.000339  -0.000594   0.003916  -0.004420   0.001313
    39  C   -0.000417  -0.003319   0.002878  -0.000841   0.000598  -0.002971
    40  H    0.000029  -0.000191  -0.000034   0.000373  -0.000230  -0.000031
    41  H    0.000039   0.000180  -0.000121   0.000207  -0.000097   0.000090
    42  H   -0.000676   0.001439   0.000069  -0.002103   0.001296  -0.000272
    43  N    0.181741  -0.013485  -0.004909   0.005433  -0.002923   0.000994
    44  N   -0.013485   0.180829   0.000133  -0.010902   0.000960  -0.006620
    45  C   -0.004909   0.000133  -0.045423   0.004337  -0.002572   0.030195
    46  H    0.005433  -0.010902   0.004337   0.020466  -0.011071  -0.001659
    47  H   -0.002923   0.000960  -0.002572  -0.011071   0.023913   0.002562
    48  C    0.000994  -0.006620   0.030195  -0.001659   0.002562  -0.041958
    49  H   -0.012126   0.005895  -0.004746  -0.007913   0.006131   0.004917
    50  H    0.001676  -0.002980   0.005207   0.006045  -0.008936  -0.002810
             49         50
     1  C    0.004804  -0.002462
     2  C    0.003778  -0.002539
     3  C   -0.000064   0.000231
     4  C   -0.001225   0.000411
     5  C   -0.000874   0.004779
     6  C    0.000768   0.000030
     7  C    0.000448  -0.001959
     8  C   -0.003210   0.002509
     9  C   -0.000595   0.000755
    10  C   -0.000003  -0.000032
    11  C    0.000333  -0.000522
    12  H   -0.000051   0.000049
    13  H    0.000001  -0.000002
    14  H    0.000093  -0.000085
    15  C    0.001080  -0.001306
    16  H   -0.001687   0.002068
    17  H    0.004156  -0.004903
    18  C   -0.000717   0.000638
    19  H    0.000240  -0.000116
    20  H    0.000398  -0.000283
    21  H   -0.002427   0.001524
    22  C    0.001806  -0.002725
    23  H    0.000783  -0.000786
    24  H    0.000049  -0.000063
    25  C   -0.000410   0.000729
    26  H    0.000018  -0.000024
    27  H   -0.000087   0.000156
    28  H    0.000156  -0.000286
    29  C   -0.000491   0.000620
    30  H   -0.000028   0.000027
    31  H   -0.000188   0.000183
    32  C    0.000106  -0.000164
    33  H   -0.000041   0.000070
    34  H    0.000035  -0.000052
    35  H   -0.000004   0.000005
    36  C   -0.001381   0.001092
    37  H    0.000366  -0.000440
    38  H   -0.001090   0.001199
    39  C    0.000171  -0.000115
    40  H   -0.000063   0.000041
    41  H   -0.000026   0.000013
    42  H    0.000765  -0.000474
    43  N   -0.012126   0.001676
    44  N    0.005895  -0.002980
    45  C   -0.004746   0.005207
    46  H   -0.007913   0.006045
    47  H    0.006131  -0.008936
    48  C    0.004917  -0.002810
    49  H    0.022915  -0.011529
    50  H   -0.011529   0.022610
 Mulliken atomic spin densities:
              1
     1  C    0.026364
     2  C   -0.071353
     3  C    0.038504
     4  C   -0.082193
     5  C    0.219613
     6  C   -0.083564
     7  C    0.219166
     8  C    0.027784
     9  C    0.311899
    10  C   -0.148890
    11  C    0.311691
    12  H   -0.018229
    13  H    0.005986
    14  H   -0.018169
    15  C   -0.005228
    16  H    0.000971
    17  H    0.000465
    18  C    0.006482
    19  H   -0.000083
    20  H    0.000776
    21  H   -0.001547
    22  C   -0.025294
    23  H    0.002735
    24  H    0.004680
    25  C    0.017310
    26  H    0.001267
    27  H   -0.000039
    28  H   -0.001433
    29  C   -0.024837
    30  H    0.004705
    31  H    0.002683
    32  C    0.017479
    33  H   -0.001497
    34  H   -0.000049
    35  H    0.001295
    36  C   -0.005999
    37  H    0.001074
    38  H    0.000216
    39  C    0.006659
    40  H    0.000740
    41  H   -0.000102
    42  H   -0.001325
    43  N    0.123273
    44  N    0.123969
    45  C   -0.010679
    46  H    0.007470
    47  H    0.008905
    48  C   -0.009964
    49  H    0.009238
    50  H    0.007074
 Sum of Mulliken atomic spin densities =   1.00000
 Electronic spatial extent (au):  <R**2>=           7494.3221
 Charge=              2.0000 electrons
 Dipole moment (field-independent basis, Debye):
    X=             -0.0008    Y=             -4.5515    Z=              0.7844  Tot=              4.6186
 Quadrupole moment (field-independent basis, Debye-Ang):
   XX=            -61.5879   YY=            -72.5096   ZZ=           -130.9517
   XY=              0.0044   XZ=             -0.0421   YZ=             -8.5988
 Traceless Quadrupole moment (field-independent basis, Debye-Ang):
   XX=             26.7618   YY=             15.8401   ZZ=            -42.6020
   XY=              0.0044   XZ=             -0.0421   YZ=             -8.5988
 Octapole moment (field-independent basis, Debye-Ang**2):
  XXX=             -0.0042  YYY=            -20.7180  ZZZ=              8.8580  XYY=              0.0552
  XXY=            -18.8550  XXZ=              0.6685  XZZ=             -0.0580  YZZ=            -18.3696
  YYZ=             -3.6060  XYZ=              0.3359
 Hexadecapole moment (field-independent basis, Debye-Ang**3):
 XXXX=          -5308.1210 YYYY=          -2561.6851 ZZZZ=           -521.3646 XXXY=              0.1521
 XXXZ=              0.5602 YYYX=              0.2282 YYYZ=           -110.1916 ZZZX=             -0.4741
 ZZZY=            -19.1182 XXYY=          -1303.7822 XXZZ=          -1126.1796 YYZZ=           -591.0698
 XXYZ=             -7.1840 YYXZ=              0.1034 ZZXY=             -0.1177
 N-N= 1.994725339661D+03 E-N=-9.111556366020D+03  KE= 1.374256622052D+03
                          Isotropic Fermi Contact Couplings
        Atom                 a.u.       MegaHertz       Gauss      10(-4) cm-1
     1  C(13)             -0.00297      -3.33884      -1.19138      -1.11372
     2  C(13)             -0.01171     -13.16168      -4.69642      -4.39027
     3  C(13)              0.00510       5.73285       2.04562       1.91227
     4  C(13)             -0.01564     -17.57881      -6.27255      -5.86366
     5  C(13)              0.02340      26.30998       9.38805       8.77606
     6  C(13)             -0.01564     -17.57871      -6.27252      -5.86363
     7  C(13)              0.02338      26.28869       9.38046       8.76896
     8  C(13)             -0.00298      -3.35464      -1.19702      -1.11899
     9  C(13)              0.03020      33.95384      12.11557      11.32578
    10  C(13)             -0.02030     -22.82652      -8.14507      -7.61411
    11  C(13)              0.03020      33.95173      12.11482      11.32508
    12  H(1)              -0.00440     -19.65836      -7.01459      -6.55732
    13  H(1)               0.00158       7.04380       2.51340       2.34956
    14  H(1)              -0.00440     -19.66089      -7.01549      -6.55817
    15  C(13)             -0.00117      -1.31981      -0.47094      -0.44024
    16  H(1)               0.00061       2.70624       0.96565       0.90270
    17  H(1)               0.00014       0.62104       0.22160       0.20716
    18  C(13)              0.00284       3.19738       1.14091       1.06653
    19  H(1)              -0.00004      -0.16167      -0.05769      -0.05393
    20  H(1)               0.00025       1.09820       0.39186       0.36632
    21  H(1)              -0.00004      -0.17503      -0.06246      -0.05839
    22  C(13)             -0.00564      -6.33608      -2.26087      -2.11349
    23  H(1)               0.00192       8.56871       3.05753       2.85821
    24  H(1)               0.00137       6.14605       2.19306       2.05010
    25  C(13)              0.00820       9.21413       3.28783       3.07350
    26  H(1)               0.00055       2.45264       0.87516       0.81811
    27  H(1)              -0.00002      -0.07465      -0.02664      -0.02490
    28  H(1)              -0.00012      -0.55135      -0.19674      -0.18391
    29  C(13)             -0.00563      -6.33124      -2.25915      -2.11188
    30  H(1)               0.00138       6.18852       2.20822       2.06427
    31  H(1)               0.00192       8.56093       3.05475       2.85562
    32  C(13)              0.00816       9.17619       3.27429       3.06085
    33  H(1)              -0.00012      -0.55786      -0.19906      -0.18608
    34  H(1)              -0.00002      -0.06725      -0.02400      -0.02243
    35  H(1)               0.00054       2.40834       0.85936       0.80334
    36  C(13)             -0.00117      -1.31119      -0.46786      -0.43736
    37  H(1)               0.00061       2.74134       0.97818       0.91441
    38  H(1)               0.00012       0.51679       0.18440       0.17238
    39  C(13)              0.00279       3.13458       1.11849       1.04558
    40  H(1)               0.00025       1.10048       0.39268       0.36708
    41  H(1)              -0.00004      -0.15944      -0.05689      -0.05318
    42  H(1)              -0.00004      -0.16808      -0.05998      -0.05607
    43  N(14)              0.02356       7.61343       2.71666       2.53957
    44  N(14)              0.02356       7.61193       2.71613       2.53907
    45  C(13)             -0.00342      -3.84424      -1.37172      -1.28230
    46  H(1)               0.00338      15.12782       5.39798       5.04610
    47  H(1)               0.00411      18.38818       6.56136       6.13364
    48  C(13)             -0.00339      -3.80908      -1.35917      -1.27057
    49  H(1)               0.00384      17.16775       6.12588       5.72654
    50  H(1)               0.00366      16.36201       5.83837       5.45778
 --------------------------------------------------------
       Center         ----  Spin Dipole Couplings  ----
                      3XX-RR        3YY-RR        3ZZ-RR
 --------------------------------------------------------
     1   Atom       -0.028955     -0.018705      0.047660
     2   Atom        0.043764      0.028727     -0.072491
     3   Atom       -0.007698     -0.006639      0.014337
     4   Atom        0.024611      0.032402     -0.057013
     5   Atom       -0.122797     -0.104973      0.227770
     6   Atom        0.024602      0.032328     -0.056931
     7   Atom       -0.122699     -0.104623      0.227322
     8   Atom       -0.028869     -0.018195      0.047064
     9   Atom       -0.146990     -0.136996      0.283986
    10   Atom        0.063065      0.043207     -0.106272
    11   Atom       -0.147034     -0.137176      0.284210
    12   Atom        0.007476     -0.005655     -0.001821
    13   Atom        0.006625     -0.002298     -0.004328
    14   Atom        0.007477     -0.005629     -0.001847
    15   Atom       -0.000816      0.000714      0.000101
    16   Atom        0.002423     -0.000220     -0.002203
    17   Atom        0.000409      0.001370     -0.001780
    18   Atom       -0.001193      0.000812      0.000381
    19   Atom        0.000495     -0.000253     -0.000242
    20   Atom        0.000631      0.000236     -0.000867
    21   Atom       -0.000132      0.000864     -0.000732
    22   Atom       -0.000885     -0.001530      0.002416
    23   Atom        0.004897     -0.002017     -0.002880
    24   Atom        0.002642      0.000232     -0.002873
    25   Atom       -0.005192      0.000312      0.004880
    26   Atom        0.002367     -0.001058     -0.001310
    27   Atom        0.001084     -0.000145     -0.000939
    28   Atom        0.000323     -0.001705      0.001382
    29   Atom       -0.000873     -0.001490      0.002363
    30   Atom        0.002628      0.000217     -0.002844
    31   Atom        0.004878     -0.002012     -0.002866
    32   Atom       -0.005101      0.000449      0.004651
    33   Atom        0.000355     -0.001708      0.001353
    34   Atom        0.001118     -0.000131     -0.000988
    35   Atom        0.002370     -0.001053     -0.001318
    36   Atom       -0.000841      0.000853     -0.000012
    37   Atom        0.002431     -0.000246     -0.002186
    38   Atom        0.000399      0.001347     -0.001746
    39   Atom       -0.001337      0.000939      0.000398
    40   Atom        0.000633      0.000238     -0.000872
    41   Atom        0.000477     -0.000239     -0.000238
    42   Atom       -0.000122      0.000883     -0.000761
    43   Atom       -0.152675     -0.136353      0.289028
    44   Atom       -0.152707     -0.133358      0.286065
    45   Atom       -0.002713      0.000602      0.002111
    46   Atom       -0.001076      0.003426     -0.002350
    47   Atom       -0.001222      0.001451     -0.000228
    48   Atom       -0.002716      0.000605      0.002112
    49   Atom       -0.001192      0.003312     -0.002119
    50   Atom       -0.001082      0.001746     -0.000664
 --------------------------------------------------------
                        XY            XZ            YZ
 --------------------------------------------------------
     1   Atom        0.003882     -0.000502      0.011838
     2   Atom       -0.000040     -0.000216     -0.019141
     3   Atom       -0.000007     -0.000015      0.003793
     4   Atom       -0.006088      0.000572     -0.015112
     5   Atom       -0.000341     -0.000908      0.060529
     6   Atom        0.006126     -0.000275     -0.015284
     7   Atom        0.000050     -0.000740      0.061197
     8   Atom       -0.003911      0.000361      0.012988
     9   Atom       -0.003300     -0.005764      0.073172
    10   Atom        0.000053      0.000323     -0.025538
    11   Atom        0.003010      0.004093      0.072657
    12   Atom       -0.017807      0.003563      0.000244
    13   Atom        0.000003      0.000020     -0.000333
    14   Atom        0.017820     -0.003505      0.000307
    15   Atom       -0.002444      0.001371      0.001071
    16   Atom       -0.002123      0.001375     -0.000764
    17   Atom       -0.001594      0.000800     -0.001238
    18   Atom       -0.003459     -0.003191      0.004214
    19   Atom       -0.001450     -0.001858      0.000828
    20   Atom       -0.001351     -0.000222      0.000287
    21   Atom       -0.000921     -0.000770      0.001450
    22   Atom        0.001314     -0.000788      0.004138
    23   Atom       -0.000066     -0.001362     -0.000211
    24   Atom        0.001254     -0.001492     -0.001346
    25   Atom        0.006393      0.008517      0.013042
    26   Atom        0.001655      0.000387      0.000449
    27   Atom        0.000152      0.002128      0.001937
    28   Atom        0.000547      0.002958     -0.000537
    29   Atom       -0.001308      0.000818      0.004142
    30   Atom       -0.001232      0.001532     -0.001368
    31   Atom        0.000083      0.001395     -0.000213
    32   Atom       -0.006474     -0.008500      0.013014
    33   Atom       -0.000557     -0.002955     -0.000520
    34   Atom       -0.000170     -0.002124      0.001926
    35   Atom       -0.001656     -0.000362      0.000440
    36   Atom        0.002445     -0.001280      0.001206
    37   Atom        0.002119     -0.001393     -0.000773
    38   Atom        0.001595     -0.000813     -0.001260
    39   Atom        0.003476      0.003131      0.004343
    40   Atom        0.001357      0.000206      0.000280
    41   Atom        0.001458      0.001846      0.000826
    42   Atom        0.000934      0.000765      0.001436
    43   Atom        0.002453      0.002780      0.078404
    44   Atom       -0.002303     -0.001725      0.086151
    45   Atom        0.000333     -0.000203     -0.000247
    46   Atom        0.000990      0.000547      0.001105
    47   Atom        0.000519     -0.000985     -0.002886
    48   Atom       -0.000399     -0.000206     -0.000173
    49   Atom       -0.000831     -0.000590      0.001442
    50   Atom       -0.000700      0.001021     -0.002796
 --------------------------------------------------------


 ---------------------------------------------------------------------------------
              Anisotropic Spin Dipole Couplings in Principal Axis System
 ---------------------------------------------------------------------------------

       Atom             a.u.   MegaHertz   Gauss  10(-4) cm-1        Axes

              Baa    -0.0305    -4.096    -1.461    -1.366  0.9283 -0.3666  0.0615
     1 C(13)  Bbb    -0.0192    -2.575    -0.919    -0.859  0.3717  0.9146 -0.1592
              Bcc     0.0497     6.670     2.380     2.225  0.0021  0.1706  0.9853
 
              Baa    -0.0760   -10.197    -3.639    -3.401  0.0018  0.1798  0.9837
     2 C(13)  Bbb     0.0322     4.324     1.543     1.442  0.0000  0.9837 -0.1798
              Bcc     0.0438     5.873     2.096     1.959  1.0000 -0.0003 -0.0018
 
              Baa    -0.0077    -1.033    -0.369    -0.345  1.0000  0.0099 -0.0011
     3 C(13)  Bbb    -0.0073    -0.980    -0.350    -0.327 -0.0100  0.9849 -0.1726
              Bcc     0.0150     2.013     0.718     0.672 -0.0007  0.1726  0.9850
 
              Baa    -0.0595    -7.984    -2.849    -2.663  0.0051  0.1626  0.9867
     4 C(13)  Bbb     0.0218     2.922     1.043     0.975  0.9067  0.4155 -0.0731
              Bcc     0.0377     5.062     1.806     1.689 -0.4218  0.8949 -0.1453
 
              Baa    -0.1228   -16.479    -5.880    -5.497  0.9997  0.0250 -0.0017
     5 C(13)  Bbb    -0.1156   -15.517    -5.537    -5.176 -0.0249  0.9845 -0.1736
              Bcc     0.2384    31.997    11.417    10.673 -0.0026  0.1736  0.9848
 
              Baa    -0.0595    -7.982    -2.848    -2.662 -0.0088  0.1648  0.9863
     6 C(13)  Bbb     0.0218     2.922     1.043     0.975  0.9067 -0.4145  0.0773
              Bcc     0.0377     5.059     1.805     1.688  0.4216  0.8950 -0.1458
 
              Baa    -0.1227   -16.466    -5.875    -5.492  0.9997 -0.0242  0.0063
     7 C(13)  Bbb    -0.1155   -15.504    -5.532    -5.172  0.0250  0.9841 -0.1756
              Bcc     0.2382    31.970    11.408    10.664 -0.0020  0.1757  0.9844
 
              Baa    -0.0304    -4.084    -1.457    -1.362  0.9282  0.3662 -0.0657
     8 C(13)  Bbb    -0.0191    -2.566    -0.915    -0.856 -0.3720  0.9112 -0.1768
              Bcc     0.0496     6.650     2.373     2.218 -0.0049  0.1885  0.9821
 
              Baa    -0.1508   -20.232    -7.219    -6.749  0.5271  0.8391 -0.1342
     9 C(13)  Bbb    -0.1457   -19.545    -6.974    -6.520  0.8497 -0.5178  0.0996
              Bcc     0.2964    39.778    14.194    13.268 -0.0141  0.1666  0.9859
 
              Baa    -0.1105   -14.830    -5.292    -4.947 -0.0019  0.1639  0.9865
    10 C(13)  Bbb     0.0474     6.367     2.272     2.124  0.0000  0.9865 -0.1639
              Bcc     0.0631     8.463     3.020     2.823  1.0000  0.0003  0.0019
 
              Baa    -0.1508   -20.232    -7.219    -6.749 -0.5273  0.8389 -0.1352
    11 C(13)  Bbb    -0.1457   -19.546    -6.974    -6.520  0.8496  0.5186 -0.0958
              Bcc     0.2964    39.778    14.194    13.269  0.0102  0.1653  0.9862
 
              Baa    -0.0184    -9.804    -3.498    -3.270  0.5746  0.8071 -0.1356
    12 H(1)   Bbb    -0.0019    -0.997    -0.356    -0.332 -0.0255  0.1832  0.9827
              Bcc     0.0202    10.800     3.854     3.603  0.8180 -0.5613  0.1259
 
              Baa    -0.0044    -2.337    -0.834    -0.780 -0.0018  0.1577  0.9875
    13 H(1)   Bbb    -0.0022    -1.198    -0.427    -0.400  0.0001  0.9875 -0.1577
              Bcc     0.0066     3.535     1.261     1.179  1.0000  0.0002  0.0018
 
              Baa    -0.0184    -9.804    -3.498    -3.270 -0.5747  0.8068 -0.1369
    14 H(1)   Bbb    -0.0019    -0.996    -0.355    -0.332  0.0215  0.1821  0.9830
              Bcc     0.0202    10.800     3.854     3.603  0.8181  0.5620 -0.1220
 
              Baa    -0.0035    -0.464    -0.166    -0.155  0.7219  0.5352 -0.4388
    15 C(13)  Bbb     0.0009     0.127     0.045     0.042  0.3710  0.2360  0.8982
              Bcc     0.0025     0.337     0.120     0.112 -0.5842  0.8111  0.0281
 
              Baa    -0.0026    -1.388    -0.495    -0.463 -0.2147  0.1196  0.9693
    16 H(1)   Bbb    -0.0014    -0.746    -0.266    -0.249  0.4856  0.8742 -0.0003
              Bcc     0.0040     2.135     0.762     0.712  0.8474 -0.4707  0.2458
 
              Baa    -0.0022    -1.194    -0.426    -0.398 -0.1242  0.2726  0.9541
    17 H(1)   Bbb    -0.0008    -0.411    -0.146    -0.137  0.8164  0.5746 -0.0579
              Bcc     0.0030     1.604     0.572     0.535 -0.5640  0.7717 -0.2939
 
              Baa    -0.0038    -0.509    -0.182    -0.170  0.8260  0.5597  0.0664
    18 C(13)  Bbb    -0.0036    -0.483    -0.172    -0.161  0.2945 -0.5291  0.7958
              Bcc     0.0074     0.992     0.354     0.331 -0.4806  0.6378  0.6018
 
              Baa    -0.0019    -0.989    -0.353    -0.330  0.6979  0.2943  0.6529
    19 H(1)   Bbb    -0.0010    -0.551    -0.197    -0.184  0.1454  0.8344 -0.5316
              Bcc     0.0029     1.541     0.550     0.514  0.7013 -0.4659 -0.5396
 
              Baa    -0.0010    -0.530    -0.189    -0.177 -0.4274 -0.6219  0.6562
    20 H(1)   Bbb    -0.0009    -0.454    -0.162    -0.152  0.5080  0.4351  0.7433
              Bcc     0.0018     0.985     0.351     0.328  0.7478 -0.6510 -0.1300
 
              Baa    -0.0016    -0.867    -0.309    -0.289  0.1781 -0.4453  0.8775
    21 H(1)   Bbb    -0.0007    -0.361    -0.129    -0.120  0.8806  0.4701  0.0598
              Bcc     0.0023     1.228     0.438     0.409 -0.4391  0.7620  0.4759
 
              Baa    -0.0047    -0.637    -0.227    -0.213 -0.3686  0.7869 -0.4950
    22 C(13)  Bbb    -0.0003    -0.037    -0.013    -0.012  0.9296  0.3085 -0.2018
              Bcc     0.0050     0.675     0.241     0.225  0.0061  0.5345  0.8451
 
              Baa    -0.0032    -1.682    -0.600    -0.561  0.1653  0.1891  0.9679
    23 H(1)   Bbb    -0.0020    -1.054    -0.376    -0.352 -0.0277  0.9820 -0.1871
              Bcc     0.0051     2.736     0.976     0.913  0.9858 -0.0042 -0.1676
 
              Baa    -0.0035    -1.890    -0.674    -0.630  0.1710  0.2801  0.9446
    24 H(1)   Bbb    -0.0002    -0.101    -0.036    -0.034 -0.4729  0.8644 -0.1707
              Bcc     0.0037     1.991     0.710     0.664  0.8643  0.4176 -0.2803
 
              Baa    -0.0109    -1.460    -0.521    -0.487 -0.3685 -0.6086  0.7028
    25 C(13)  Bbb    -0.0094    -1.261    -0.450    -0.421  0.8460 -0.5329 -0.0179
              Bcc     0.0203     2.721     0.971     0.908  0.3854  0.5880  0.7112
 
              Baa    -0.0019    -0.999    -0.356    -0.333 -0.2830  0.8352 -0.4716
    26 H(1)   Bbb    -0.0012    -0.655    -0.234    -0.218 -0.2779  0.3992  0.8737
              Bcc     0.0031     1.654     0.590     0.552  0.9180  0.3783  0.1191
 
              Baa    -0.0032    -1.685    -0.601    -0.562 -0.3776 -0.4872  0.7874
    27 H(1)   Bbb     0.0002     0.114     0.041     0.038 -0.6022  0.7752  0.1909
              Bcc     0.0029     1.571     0.561     0.524  0.7034  0.4021  0.5861
 
              Baa    -0.0027    -1.454    -0.519    -0.485  0.6100 -0.5999 -0.5178
    28 H(1)   Bbb    -0.0011    -0.604    -0.216    -0.202  0.4663  0.8000 -0.3775
              Bcc     0.0039     2.058     0.734     0.687  0.6407 -0.0111  0.7677
 
              Baa    -0.0047    -0.637    -0.227    -0.212  0.3700  0.7836 -0.4991
    29 C(13)  Bbb    -0.0003    -0.035    -0.012    -0.012  0.9290 -0.3107  0.2010
              Bcc     0.0050     0.672     0.240     0.224 -0.0025  0.5380  0.8429
 
              Baa    -0.0035    -1.892    -0.675    -0.631 -0.1771  0.2846  0.9421
    30 H(1)   Bbb    -0.0002    -0.098    -0.035    -0.033  0.4726  0.8643 -0.1723
              Bcc     0.0037     1.990     0.710     0.664  0.8633 -0.4147  0.2875
 
              Baa    -0.0032    -1.683    -0.600    -0.561 -0.1698  0.1926  0.9665
    31 H(1)   Bbb    -0.0020    -1.050    -0.375    -0.350  0.0270  0.9812 -0.1908
              Bcc     0.0051     2.733     0.975     0.912  0.9851  0.0063  0.1719
 
              Baa    -0.0109    -1.457    -0.520    -0.486  0.3618 -0.6070  0.7075
    32 C(13)  Bbb    -0.0094    -1.257    -0.449    -0.419  0.8475  0.5303  0.0216
              Bcc     0.0202     2.715     0.969     0.905 -0.3883  0.5919  0.7063
 
              Baa    -0.0027    -1.450    -0.517    -0.484  0.6076  0.6021  0.5181
    33 H(1)   Bbb    -0.0011    -0.605    -0.216    -0.202 -0.4636  0.7984 -0.3842
              Bcc     0.0039     2.055     0.733     0.685 -0.6449 -0.0068  0.7642
 
              Baa    -0.0032    -1.687    -0.602    -0.563  0.3739 -0.4823  0.7922
    34 H(1)   Bbb     0.0002     0.114     0.041     0.038  0.5973  0.7786  0.1921
              Bcc     0.0029     1.573     0.561     0.525  0.7095 -0.4014 -0.5792
 
              Baa    -0.0019    -0.998    -0.356    -0.333  0.2842  0.8320 -0.4764
    35 H(1)   Bbb    -0.0012    -0.655    -0.234    -0.218  0.2743  0.4055  0.8719
              Bcc     0.0031     1.652     0.590     0.551  0.9187 -0.3785 -0.1130
 
              Baa    -0.0035    -0.465    -0.166    -0.155  0.7163 -0.5320  0.4515
    36 C(13)  Bbb     0.0008     0.113     0.040     0.038 -0.4371  0.1623  0.8847
              Bcc     0.0026     0.352     0.126     0.117  0.5439  0.8310  0.1163
 
              Baa    -0.0026    -1.385    -0.494    -0.462  0.2163  0.1236  0.9685
    37 H(1)   Bbb    -0.0014    -0.754    -0.269    -0.252 -0.4837  0.8752 -0.0037
              Bcc     0.0040     2.139     0.763     0.713  0.8481  0.4676 -0.2491
 
              Baa    -0.0022    -1.186    -0.423    -0.396  0.1243  0.2804  0.9518
    38 H(1)   Bbb    -0.0008    -0.419    -0.149    -0.140  0.8164 -0.5740  0.0625
              Bcc     0.0030     1.605     0.573     0.535  0.5639  0.7693 -0.3003
 
              Baa    -0.0039    -0.518    -0.185    -0.173  0.7909 -0.6106  0.0414
    39 C(13)  Bbb    -0.0036    -0.488    -0.174    -0.163 -0.3944 -0.4568  0.7973
              Bcc     0.0075     1.006     0.359     0.336  0.4679  0.6469  0.6021
 
              Baa    -0.0010    -0.535    -0.191    -0.178  0.4342 -0.6221  0.6515
    40 H(1)   Bbb    -0.0008    -0.452    -0.161    -0.151 -0.5016  0.4338  0.7485
              Bcc     0.0018     0.987     0.352     0.329  0.7482  0.6518  0.1237
 
              Baa    -0.0019    -0.989    -0.353    -0.330  0.7008 -0.3025 -0.6460
    41 H(1)   Bbb    -0.0010    -0.547    -0.195    -0.182 -0.1405  0.8293 -0.5408
              Bcc     0.0029     1.536     0.548     0.512  0.6994  0.4698  0.5387
 
              Baa    -0.0016    -0.869    -0.310    -0.290 -0.1756 -0.4385  0.8814
    42 H(1)   Bbb    -0.0007    -0.360    -0.129    -0.120  0.8795 -0.4721 -0.0596
              Bcc     0.0023     1.229     0.438     0.410  0.4423  0.7647  0.4686
 
              Baa    -0.1538    -5.931    -2.116    -1.978  0.8722 -0.4826  0.0800
    43 N(14)  Bbb    -0.1493    -5.757    -2.054    -1.920  0.4892  0.8580 -0.1566
              Bcc     0.3030    11.688     4.170     3.899  0.0070  0.1757  0.9844
 
              Baa    -0.1538    -5.932    -2.117    -1.979  0.8722  0.4807 -0.0907
    44 N(14)  Bbb    -0.1493    -5.758    -2.054    -1.921 -0.4892  0.8552 -0.1712
              Bcc     0.3031    11.689     4.171     3.899 -0.0047  0.1937  0.9811
 
              Baa    -0.0028    -0.369    -0.132    -0.123  0.9947 -0.0961  0.0365
    45 C(13)  Bbb     0.0006     0.079     0.028     0.026  0.0885  0.9813  0.1710
              Bcc     0.0022     0.290     0.104     0.097 -0.0523 -0.1668  0.9846
 
              Baa    -0.0026    -1.412    -0.504    -0.471 -0.2499 -0.1338  0.9590
    46 H(1)   Bbb    -0.0012    -0.650    -0.232    -0.217  0.9445 -0.2516  0.2110
              Bcc     0.0039     2.062     0.736     0.688  0.2130  0.9585  0.1892
 
              Baa    -0.0026    -1.378    -0.492    -0.460  0.3686  0.5090  0.7779
    47 H(1)   Bbb    -0.0012    -0.659    -0.235    -0.220  0.9084 -0.3747 -0.1853
              Bcc     0.0038     2.038     0.727     0.680  0.1971  0.7749 -0.6005
 
              Baa    -0.0028    -0.372    -0.133    -0.124  0.9918  0.1196  0.0460
    48 C(13)  Bbb     0.0006     0.086     0.031     0.029 -0.1236  0.9874  0.0985
              Bcc     0.0021     0.287     0.102     0.096 -0.0337 -0.1034  0.9941
 
              Baa    -0.0026    -1.381    -0.493    -0.461  0.2843 -0.1897  0.9398
    49 H(1)   Bbb    -0.0013    -0.673    -0.240    -0.224  0.9406  0.2450 -0.2351
              Bcc     0.0039     2.054     0.733     0.685 -0.1856  0.9508  0.2481
 
              Baa    -0.0027    -1.421    -0.507    -0.474 -0.3225  0.4698  0.8217
    50 H(1)   Bbb    -0.0012    -0.635    -0.227    -0.212  0.9188  0.3642  0.1524
              Bcc     0.0039     2.056     0.734     0.686 -0.2277  0.8041 -0.5491
 

 ---------------------------------------------------------------------------------

 1|1|UNPC-LAPTOP-7BBBEH3F|FOpt|UB3LYP|6-31++G(d,p)|C21H27N2(2+,2)|SAIF_
 |09-Sep-2025|0||# opt ub3lyp/6-31++g(d,p) scrf=(cpcm,solvent=water) ge
 om=connectivity||N-BAP opt redo from freq (DFT uB3lyp)||2,2|C,2.362917
 8372,-0.7863370007,0.137244866|C,0.0002946134,-0.6205660482,0.10964891
 49|C,0.0002541105,0.7374606765,-0.1313935007|C,1.2620471912,1.38550694
 91,-0.2406843622|C,2.4550140058,0.6034851196,-0.110598193|C,-1.2615971
 653,1.3850078125,-0.2437607757|C,-2.4547163357,0.6027510445,-0.1161182
 366|C,-2.3624620337,-0.785294057,0.140413881|C,-1.2236776555,2.7857798
 397,-0.4790530889|C,0.0002116808,3.4496708242,-0.585161967|C,1.2240982
 02,2.7865013741,-0.4747353664|H,-2.1398731867,3.3536715625,-0.57720462
 9|H,0.0002281884,4.5195261581,-0.7626158922|H,2.1402777921,3.355006019
 3,-0.5691849536|C,3.5526637003,-1.6989751762,0.2563895264|H,4.37487480
 02,-1.14816688,0.7150015858|H,3.3183324629,-2.5174173577,0.9412514019|
 C,4.0060198214,-2.2753557795,-1.1051376778|H,4.2955924395,-1.481172552
 8,-1.7982156941|H,4.8697852664,-2.9255631096,-0.9451848317|H,3.2167147
 129,-2.8665223961,-1.5771507529|C,3.8111171999,1.2640652834,-0.1986116
 356|H,4.5487883322,0.554324332,-0.5764187971|H,3.7720648588,2.06733286
 18,-0.938326471|C,4.2904163205,1.8319014347,1.1557666313|H,5.269656920
 5,2.3016146015,1.0280042958|H,3.5959636292,2.584607588,1.5402496706|H,
 4.3845473615,1.0439001733,1.9089006577|C,-3.8109801817,1.2616616188,-0
 .2137040481|H,-3.7692090618,2.0600273869,-0.9586489682|H,-4.5462468149
 ,0.5486197713,-0.5901230074|C,-4.2972551361,1.8378470109,1.1346130737|
 H,-4.3950349227,1.0545220283,1.892122706|H,-3.6051604475,2.5931770336,
 1.5181797481|H,-5.2759778174,2.306393617,0.9988419023|C,-3.5509170735,
 -1.6984994781,0.2672786105|H,-4.3742883746,-1.1455722219,0.7212296344|
 H,-3.3150526492,-2.5114359615,0.9582791998|C,-4.0022038134,-2.28657533
 29,-1.0899315187|H,-4.8664563227,-2.9351219665,-0.9259312263|H,-4.2902
 122698,-1.498450587,-1.7905380207|H,-3.2119219873,-2.8819345309,-1.555
 1004396|N,1.1276926249,-1.3533120574,0.241074746|N,-1.1273846758,-1.35
 1682245,0.2460019847|C,-0.774303833,-2.7668121001,0.5475051236|H,-1.21
 45109577,-3.4257330151,-0.1997030765|H,-1.148603436,-3.0250878975,1.53
 86648967|C,0.7731638878,-2.7778769506,0.4946135701|H,1.1528721258,-3.3
 961979699,-0.3186654944|H,1.2079750664,-3.1004194493,1.4403789981||Ver
 sion=IA32W-G09RevA.02|State=2-A|HF=-925.7645882|S2=0.775967|S2-1=0.|S2
 A=0.750518|RMSD=4.162e-009|RMSF=4.076e-006|Dipole=-0.0003736,-1.790914
 1,0.3072635|Quadrupole=19.8967681,11.7862957,-31.6830637,0.0029467,-0.
 0318836,-6.3605095|PG=C01 [X(C21H27N2)]||@


 ... THE UNIVERSE IS NOT ONLY QUEERER THAN WE SUPPOSE,
 BUT QUEERER THAN WE CAN SUPPOSE ... 

                                   -- J. B. S. HALDANE
 Job cpu time:  0 days  6 hours  0 minutes 26.0 seconds.
 File lengths (MBytes):  RWF=    478 Int=      0 D2E=      0 Chk=     30 Scr=      1
 Normal termination of Gaussian 09 at Tue Sep 09 03:56:06 2025.
