 Entering Link 1 = C:\G09W\l1.exe PID=      1516.
  
 Copyright (c) 1988,1990,1992,1993,1995,1998,2003,2009, Gaussian, Inc.
                  All Rights Reserved.
  
 This is part of the Gaussian(R) 09 program.  It is based on
 the Gaussian(R) 03 system (copyright 2003, Gaussian, Inc.),
 the Gaussian(R) 98 system (copyright 1998, Gaussian, Inc.),
 the Gaussian(R) 94 system (copyright 1995, Gaussian, Inc.),
 the Gaussian 92(TM) system (copyright 1992, Gaussian, Inc.),
 the Gaussian 90(TM) system (copyright 1990, Gaussian, Inc.),
 the Gaussian 88(TM) system (copyright 1988, Gaussian, Inc.),
 the Gaussian 86(TM) system (copyright 1986, Carnegie Mellon
 University), and the Gaussian 82(TM) system (copyright 1983,
 Carnegie Mellon University). Gaussian is a federally registered
 trademark of Gaussian, Inc.
  
 This software contains proprietary and confidential information,
 including trade secrets, belonging to Gaussian, Inc.
  
 This software is provided under written license and may be
 used, copied, transmitted, or stored only in accord with that
 written license.
  
 The following legend is applicable only to US Government
 contracts under FAR:
  
                    RESTRICTED RIGHTS LEGEND
  
 Use, reproduction and disclosure by the US Government is
 subject to restrictions as set forth in subparagraphs (a)
 and (c) of the Commercial Computer Software - Restricted
 Rights clause in FAR 52.227-19.
  
 Gaussian, Inc.
 340 Quinnipiac St., Bldg. 40, Wallingford CT 06492
  
  
 ---------------------------------------------------------------
 Warning -- This program may not be used in any manner that
 competes with the business of Gaussian, Inc. or will provide
 assistance to any competitor of Gaussian, Inc.  The licensee
 of this program is prohibited from giving any competitor of
 Gaussian, Inc. access to this program.  By using this program,
 the user acknowledges that Gaussian, Inc. is engaged in the
 business of creating and licensing software in the field of
 computational chemistry and represents and warrants to the
 licensee that it is not a competitor of Gaussian, Inc. and that
 it will not use this program in any manner prohibited above.
 ---------------------------------------------------------------
  

 Cite this work as:
 Gaussian 09, Revision A.02,
 M. J. Frisch, G. W. Trucks, H. B. Schlegel, G. E. Scuseria, 
 M. A. Robb, J. R. Cheeseman, G. Scalmani, V. Barone, B. Mennucci, 
 G. A. Petersson, H. Nakatsuji, M. Caricato, X. Li, H. P. Hratchian, 
 A. F. Izmaylov, J. Bloino, G. Zheng, J. L. Sonnenberg, M. Hada, 
 M. Ehara, K. Toyota, R. Fukuda, J. Hasegawa, M. Ishida, T. Nakajima, 
 Y. Honda, O. Kitao, H. Nakai, T. Vreven, J. A. Montgomery, Jr., 
 J. E. Peralta, F. Ogliaro, M. Bearpark, J. J. Heyd, E. Brothers, 
 K. N. Kudin, V. N. Staroverov, R. Kobayashi, J. Normand, 
 K. Raghavachari, A. Rendell, J. C. Burant, S. S. Iyengar, J. Tomasi, 
 M. Cossi, N. Rega, J. M. Millam, M. Klene, J. E. Knox, J. B. Cross, 
 V. Bakken, C. Adamo, J. Jaramillo, R. Gomperts, R. E. Stratmann, 
 O. Yazyev, A. J. Austin, R. Cammi, C. Pomelli, J. W. Ochterski, 
 R. L. Martin, K. Morokuma, V. G. Zakrzewski, G. A. Voth, 
 P. Salvador, J. J. Dannenberg, S. Dapprich, A. D. Daniels, 
 O. Farkas, J. B. Foresman, J. V. Ortiz, J. Cioslowski, 
 and D. J. Fox, Gaussian, Inc., Wallingford CT, 2009.
 
 ******************************************
 Gaussian 09:  IA32W-G09RevA.02 11-Jun-2009
                06-Sep-2025 
 ******************************************
 %chk=N-BAP-freq-2chg.chk
 ----------------------------------------------------------------------
 # freq ub3lyp/6-31++g(d,p) scrf=(cpcm,solvent=water) geom=connectivity
 ----------------------------------------------------------------------
 1/10=4,30=1,38=1,57=2/1,3;
 2/12=2,17=6,18=5,40=1/2;
 3/5=1,6=6,7=1111,11=2,16=1,25=1,30=1,70=2101,71=2,72=1,74=-5,116=2/1,2,3;
 4//1;
 5/5=2,38=5,53=1,98=1/2;
 8/6=4,10=90,11=11/1;
 11/6=1,8=1,9=11,15=111,16=1/1,2,10;
 10/6=1/2;
 6/7=2,8=2,9=2,10=2,18=1,28=1/1;
 7/8=1,10=1,25=1/1,2,3,16;
 1/10=4,30=1/3;
 99//99;
 -----------------------
 N-BAP Freq (DFT uB3lyp)
 -----------------------
 Symbolic Z-matrix:
 Charge =  2 Multiplicity = 2
 C                     2.36302  -0.78546   0.13733 
 C                     0.0003   -0.61935   0.11061 
 C                     0.00029   0.73818  -0.13263 
 C                     1.26222   1.38597  -0.24317 
 C                     2.45521   0.60423  -0.11123 
 C                    -1.26168   1.38548  -0.24636 
 C                    -2.45483   0.6035   -0.11691 
 C                    -2.36254  -0.78438   0.14048 
 C                    -1.22361   2.78558  -0.4851 
 C                     0.0003    3.44909  -0.59305 
 C                     1.22418   2.7863   -0.4806 
 H                    -2.13947   3.35368  -0.5852 
 H                     0.00034   4.51845  -0.77344 
 H                     2.14007   3.35499  -0.57676 
 C                     3.55222  -1.69896   0.25606 
 H                     4.37535  -1.14986   0.7151 
 H                     3.3168   -2.51761   0.94018 
 C                     4.00435  -2.27474  -1.10625 
 H                     4.29563  -1.48016  -1.79811 
 H                     4.86658  -2.92722  -0.94725 
 H                     3.21361  -2.86339  -1.57904 
 C                     3.81126   1.26523  -0.19652 
 H                     4.54964   0.55733  -0.57623 
 H                     3.77243   2.07128  -0.93318 
 C                     4.28839   1.82879   1.16033 
 H                     5.26691   2.30073   1.03537 
 H                     3.59193   2.57868   1.5465 
 H                     4.38299   1.03812   1.91057 
 C                    -3.81102   1.26283  -0.21194 
 H                    -3.76946   2.06399  -0.95384 
 H                    -4.5469    0.55155  -0.5903 
 C                    -4.29522   1.83476   1.13888 
 H                    -4.39341   1.04875   1.89352 
 H                    -3.60115   2.5873    1.52418 
 H                    -5.27326   2.3055    1.0059 
 C                    -3.55053  -1.69836   0.26704 
 H                    -4.37482  -1.14689   0.72111 
 H                    -3.31375  -2.51123   0.9577 
 C                    -4.00066  -2.28645  -1.0907 
 H                    -4.86348  -2.93704  -0.92719 
 H                    -4.29038  -1.49826  -1.7905 
 H                    -3.20916  -2.87975  -1.5565 
 N                     1.12769  -1.35211   0.24201 
 N                    -1.12737  -1.35046   0.24709 
 C                    -0.7743   -2.76544   0.54902 
 H                    -1.2149   -3.42458  -0.19771 
 H                    -1.14817  -3.02344   1.54044 
 C                     0.77315  -2.77657   0.49584 
 H                     1.15273  -3.3951   -0.31734 
 H                     1.20802  -3.09921   1.44156 
 

 GradGradGradGradGradGradGradGradGradGradGradGradGradGradGradGradGradGrad
 Berny optimization.
 Initialization pass.
 Trust Radius=3.00D-01 FncErr=1.00D-07 GrdErr=1.00D-07
 Number of steps in this run=   2 maximum allowed number of steps=   2.
 GradGradGradGradGradGradGradGradGradGradGradGradGradGradGradGradGradGrad

                          Input orientation:                          
 ---------------------------------------------------------------------
 Center     Atomic      Atomic             Coordinates (Angstroms)
 Number     Number       Type             X           Y           Z
 ---------------------------------------------------------------------
      1          6           0        2.363020   -0.785459    0.137333
      2          6           0        0.000300   -0.619350    0.110605
      3          6           0        0.000289    0.738181   -0.132633
      4          6           0        1.262224    1.385971   -0.243172
      5          6           0        2.455209    0.604227   -0.111232
      6          6           0       -1.261676    1.385484   -0.246359
      7          6           0       -2.454827    0.603501   -0.116914
      8          6           0       -2.362543   -0.784376    0.140480
      9          6           0       -1.223608    2.785575   -0.485097
     10          6           0        0.000300    3.449094   -0.593050
     11          6           0        1.224179    2.786295   -0.480596
     12          1           0       -2.139470    3.353679   -0.585202
     13          1           0        0.000336    4.518454   -0.773442
     14          1           0        2.140072    3.354989   -0.576761
     15          6           0        3.552224   -1.698957    0.256057
     16          1           0        4.375345   -1.149861    0.715100
     17          1           0        3.316797   -2.517605    0.940184
     18          6           0        4.004349   -2.274740   -1.106252
     19          1           0        4.295631   -1.480155   -1.798113
     20          1           0        4.866580   -2.927217   -0.947249
     21          1           0        3.213609   -2.863393   -1.579043
     22          6           0        3.811257    1.265230   -0.196517
     23          1           0        4.549635    0.557331   -0.576230
     24          1           0        3.772431    2.071284   -0.933182
     25          6           0        4.288391    1.828785    1.160329
     26          1           0        5.266912    2.300729    1.035371
     27          1           0        3.591933    2.578680    1.546497
     28          1           0        4.382989    1.038116    1.910569
     29          6           0       -3.811017    1.262827   -0.211935
     30          1           0       -3.769464    2.063994   -0.953843
     31          1           0       -4.546902    0.551548   -0.590296
     32          6           0       -4.295220    1.834755    1.138884
     33          1           0       -4.393407    1.048746    1.893524
     34          1           0       -3.601148    2.587299    1.524181
     35          1           0       -5.273260    2.305500    1.005898
     36          6           0       -3.550533   -1.698358    0.267038
     37          1           0       -4.374819   -1.146887    0.721111
     38          1           0       -3.313753   -2.511230    0.957696
     39          6           0       -4.000662   -2.286447   -1.090697
     40          1           0       -4.863480   -2.937036   -0.927191
     41          1           0       -4.290379   -1.498258   -1.790497
     42          1           0       -3.209164   -2.879751   -1.556502
     43          7           0        1.127690   -1.352114    0.242013
     44          7           0       -1.127369   -1.350457    0.247087
     45          6           0       -0.774300   -2.765444    0.549023
     46          1           0       -1.214897   -3.424583   -0.197709
     47          1           0       -1.148171   -3.023442    1.540437
     48          6           0        0.773149   -2.776565    0.495835
     49          1           0        1.152734   -3.395096   -0.317344
     50          1           0        1.208023   -3.099213    1.441559
 ---------------------------------------------------------------------
                    Distance matrix (angstroms):
                    1          2          3          4          5
     1  C    0.000000
     2  C    2.368703   0.000000
     3  C    2.824333   1.379150   0.000000
     4  C    2.464071   2.395605   1.422790   0.000000
     5  C    1.414748   2.751896   2.458665   1.432391   0.000000
     6  C    4.242480   2.395697   1.422846   2.523902   3.800507
     7  C    5.020508   2.752231   2.458858   3.800614   4.910039
     8  C    4.725564   2.368787   2.824136   4.242232   5.020190
     9  C    5.099373   3.666923   2.411219   2.863002   4.293221
    10  C    4.903809   4.128846   2.749733   2.443633   3.788403
    11  C    3.799503   3.666854   2.411173   1.420818   2.532447
    12  H    6.158485   4.565931   3.409431   3.944665   5.375426
    13  H    5.877353   5.213307   3.834201   3.418479   4.667558
    14  H    4.207487   4.565793   3.409341   2.181497   2.807618
    15  C    1.504254   3.715222   4.325155   3.874288   2.577402
    16  H    2.125101   4.448356   4.839883   4.127984   2.728841
    17  H    2.134149   3.910336   4.769728   4.567221   3.404944
    18  C    2.541343   4.500385   5.104716   4.654564   3.417360
    19  H    2.821974   4.778500   5.113199   4.453547   3.252287
    20  H    3.468610   5.488714   6.146505   5.664865   4.357147
    21  H    2.826174   4.268020   5.038736   4.863080   3.841097
    22  C    2.532621   4.262553   3.847771   2.552317   1.510981
    23  H    2.663370   4.748976   4.574498   3.406559   2.145936
    24  H    3.360569   4.749524   4.080085   2.692008   2.136102
    25  C    3.404093   5.048070   4.609662   3.365054   2.544988
    26  H    4.331699   6.092557   5.616325   4.302206   3.478289
    27  H    3.848818   5.018865   4.371135   3.170649   2.817565
    28  H    3.248087   5.019465   4.844863   3.807726   2.827061
    29  C    6.514307   4.262952   3.848064   5.074831   6.301546
    30  H    6.849628   4.748105   4.079608   5.126661   6.448835
    31  H    7.075596   4.747558   4.573973   5.879005   7.018678
    32  C    7.225011   5.052869   4.612009   5.744273   6.974617
    33  H    7.217882   5.026530   4.848332   6.055192   7.149838
    34  H    6.990718   5.025059   4.374313   5.312166   6.579256
    35  H    8.283792   6.096452   5.618101   6.717013   7.991967
    36  C    5.985008   3.714451   4.324904   5.738992   6.443130
    37  H    6.772732   4.448896   4.839827   6.254715   7.099893
    38  H    5.989744   3.908928   4.767637   6.129423   6.643012
    39  C    6.652629   4.497781   5.106258   6.473247   7.140982
    40  H    7.614775   5.486806   6.147747   7.528647   8.171263
    41  H    6.963643   4.774578   5.114685   6.445494   7.262460
    42  H    6.189052   4.264894   5.041570   6.317795   6.805294
    43  N    1.363120   1.351007   2.404314   2.783992   2.390473
    44  N    3.537525   1.350845   2.403790   3.665862   4.096834
    45  C    3.732641   2.323346   3.652401   4.691402   4.713846
    46  H    4.458556   3.072636   4.336994   5.411065   5.450547
    47  H    4.393829   3.023750   4.274100   5.332372   5.373299
    48  C    2.573075   2.323634   3.653180   4.255823   3.824606
    49  H    2.912341   3.035788   4.294907   4.782896   4.211117
    50  H    2.896287   3.062638   4.319988   4.791464   4.205009
                    6          7          8          9         10
     6  C    0.000000
     7  C    1.432432   0.000000
     8  C    2.463706   1.414557   0.000000
     9  C    1.420810   2.532372   3.799088   0.000000
    10  C    2.443617   3.788371   4.903403   1.396375   0.000000
    11  C    2.862973   4.293243   5.099020   2.447791   1.396362
    12  H    2.181543   2.807530   4.207122   1.082389   2.141911
    13  H    3.418478   4.667517   5.876943   2.141040   1.084469
    14  H    3.944617   5.375429   6.158110   3.412767   2.141902
    15  C    5.739323   6.443996   5.986174   6.593095   6.311860
    16  H    6.255268   7.100548   6.772215   6.948122   6.480946
    17  H    6.132243   6.646082   5.991537   7.125337   6.996532
    18  C    6.470524   7.140309   6.656789   7.302339   7.004146
    19  H    6.442320   7.262006   6.969471   7.098060   6.648274
    20  H    7.526364   8.170583   7.618080   8.363012   8.028915
    21  H    6.313254   6.803554   6.194557   7.266117   7.151575
    22  C    5.074603   6.301431   6.513851   5.267314   4.410203
    23  H    5.879285   7.019657   7.077574   6.188999   5.390642
    24  H    5.126820   6.449761   6.851675   5.066695   4.030263
    25  C    5.742694   6.971632   7.218284   5.831381   4.907898
    26  H    6.715874   7.989593   8.278121   6.683842   5.630959
    27  H    5.309950   6.575072   6.981605   5.230642   4.270259
    28  H    6.052706   7.145300   7.208113   6.342457   5.593647
    29  C    2.552522   1.510957   2.532452   3.014642   4.410346
    30  H    2.692566   2.135828   3.360086   2.687338   4.032344
    31  H    3.406824   2.145593   2.662734   4.005774   5.391922
    32  C    3.364986   2.545596   3.404688   3.602246   4.904812
    33  H    3.807917   2.828108   3.249293   4.326897   5.590115
    34  H    3.170536   2.818279   3.849281   3.119168   4.265652
    35  H    4.302021   3.478660   4.332269   4.342029   5.628044
    36  C    3.874600   2.578090   1.504227   5.107440   6.312244
    37  H    4.128021   2.729929   2.125512   5.181634   6.480102
    38  H    4.565649   3.405010   2.134167   5.874223   6.993799
    39  C    4.658114   3.419014   2.540757   5.814137   7.010833
    40  H    5.667513   4.358160   3.468220   6.796499   8.034343
    41  H    4.457956   3.253847   2.820435   5.427742   6.657334
    42  H    4.868410   3.843759   2.826148   6.098054   7.161227
    43  N    3.666336   4.097278   3.537564   4.814329   5.001993
    44  N    2.783325   2.390103   1.362889   4.201442   5.001316
    45  C    4.254453   3.823275   2.571780   5.664371   6.365911
    46  H    4.810540   4.215378   2.898647   6.216810   6.991454
    47  H    4.758587   4.196293   2.906544   6.152492   6.911185
    48  C    4.691910   4.713824   3.731978   5.990548   6.367244
    49  H    5.356152   5.389197   4.402571   6.623884   6.946010
    50  H    5.390824   5.436488   4.449744   6.652485   6.962654
                   11         12         13         14         15
    11  C    0.000000
    12  H    3.412770   0.000000
    13  H    2.141010   2.443543   0.000000
    14  H    1.082368   4.279551   2.443523   0.000000
    15  C    5.106852   7.657168   7.234084   5.313203   0.000000
    16  H    5.181975   8.025925   7.313430   5.192208   1.090759
    17  H    5.876140   8.159021   7.965021   6.178444   1.092538
    18  C    5.808172   8.348479   7.892425   5.953968   1.546554
    19  H    5.419618   8.139265   7.448679   5.432932   2.195482
    20  H    6.791838   9.416234   8.896547   6.858369   2.164278
    21  H    6.089613   8.264089   8.091093   6.389470   2.199583
    22  C    3.014517   6.318532   5.043751   2.702691   3.009705
    23  H    4.004508   7.250087   6.035355   3.692274   2.603530
    24  H    2.685082   6.059389   4.499206   2.107019   3.959482
    25  C    3.605393   6.832977   5.418598   3.156272   3.715456
    26  H    4.344838   7.654375   5.993908   3.672542   4.420970
    27  H    3.123855   6.163907   4.695147   2.686779   4.468220
    28  H    4.330344   7.357525   6.206796   4.072516   3.304414
    29  C    5.267479   2.702787   5.043888   6.318679   7.950377
    30  H    5.067756   2.110939   4.502034   6.060650   8.320503
    31  H    6.189629   3.694278   6.037157   7.250868   8.448487
    32  C    5.830258   3.150692   5.413966   6.831364   8.651525
    33  H    6.341356   4.066575   6.201335   7.355774   8.565292
    34  H    5.229007   2.678309   4.688189   6.161567   8.435097
    35  H    6.682630   3.667549   5.989493   7.652694   9.720448
    36  C    6.593098   5.314178   7.234640   7.657108   7.102766
    37  H    6.947143   5.192141   7.312439   8.024660   7.959841
    38  H    7.122168   6.177106   7.962191   8.155445   6.949369
    39  C    7.307797   5.960753   7.900336   8.354552   7.694477
    40  H    8.367530   6.863693   8.903071   9.421365   8.588189
    41  H    7.105180   5.442466   7.459588   8.147261   8.107718
    42  H    7.274351   6.398697   8.102315   8.273222   7.099015
    43  N    4.202131   5.788187   6.063468   4.883864   2.449258
    44  N    4.813732   4.883231   6.062781   5.787583   4.692560
    45  C    5.989644   6.371328   7.443396   6.871729   4.465650
    46  H    6.678632   6.851994   8.056060   7.573777   5.090101
    47  H    6.592849   6.794754   7.972032   7.481942   5.049515
    48  C    5.665885   6.872546   7.444838   6.372982   2.990316
    49  H    6.183959   7.513742   8.010014   6.826843   2.993865
    50  H    6.191457   7.546740   8.024562   6.826350   2.976812
                   16         17         18         19         20
    16  H    0.000000
    17  H    1.744107   0.000000
    18  C    2.172628   2.172467   0.000000
    19  H    2.536077   3.087505   1.093107   0.000000
    20  H    2.482682   2.476290   1.092909   1.773116   0.000000
    21  H    3.090132   2.544940   1.093304   1.769777   1.770749
    22  C    2.642330   3.980756   3.660094   3.215100   4.387929
    23  H    2.147653   3.643437   2.932386   2.389323   3.518549
    24  H    3.668258   4.977450   4.355647   3.692501   5.116871
    25  C    3.012992   4.459099   4.696487   4.438639   5.234094
    26  H    3.578273   5.198880   5.207258   4.823598   5.605575
    27  H    3.899612   5.139595   5.546427   5.306199   6.177248
    28  H    2.493281   3.836869   4.496620   4.483709   4.911705
    29  C    8.584695   8.150140   8.625203   8.703887   9.664256
    30  H    8.913593   8.648323   8.903932   8.849833   9.974642
    31  H    9.176347   8.579034   9.020976   9.152979  10.042055
    32  C    9.179664   8.770708   9.529503   9.665263  10.534083
    33  H    9.116664   8.548389   9.516644   9.773582  10.470226
    34  H    8.845644   8.617370   9.402244   9.483720  10.402897
    35  H   10.252788   9.851687  10.560010  10.665708  11.576375
    36  C    7.957459   6.948706   7.700285   8.116326   8.592577
    37  H    8.750167   7.815870   8.649957   9.035168   9.558057
    38  H    7.812452   6.630576   7.607261   8.158451   8.409501
    39  C    8.643508   7.597573   8.005035   8.365346   8.891521
    40  H    9.552330   8.401187   8.894329   9.315059   9.730086
    41  H    9.027412   8.146460   8.359045   8.586032   9.306067
    42  H    8.104164   6.996625   7.252829   7.638010   8.098832
    43  N    3.288158   2.576432   3.308206   3.770193   4.227835
    44  N    5.526223   4.646852   5.387054   5.797292   6.311896
    45  C    5.399679   4.117221   5.080966   5.732819   5.838196
    46  H    6.103965   4.759586   5.421081   6.058714   6.147646
    47  H    5.890731   4.533444   5.840717   6.569827   6.509614
    48  C    3.958543   2.595121   3.641314   4.398949   4.342967
    49  H    4.061064   2.652270   3.163745   3.967049   3.795832
    50  H    3.789412   2.244231   3.871761   4.759217   4.372759
                   21         22         23         24         25
    21  H    0.000000
    22  C    4.394780   0.000000
    23  H    3.806830   1.091103   0.000000
    24  H    5.008039   1.092660   1.738826   0.000000
    25  C    5.538578   1.544760   2.168059   2.169749   0.000000
    26  H    6.141610   2.169963   2.480157   2.482201   1.093549
    27  H    6.287153   2.193479   3.083669   2.537487   1.093856
    28  H    5.363452   2.195056   2.538325   3.086606   1.094060
    29  C    8.260753   7.622290   8.398270   7.660449   8.234308
    30  H    8.569325   7.660215   8.462862   7.541927   8.333911
    31  H    8.536098   8.397811   9.096550   8.463951   9.097166
    32  C    9.265108   8.235449   9.099719   8.332850   8.583640
    33  H    9.232023   8.469454   9.290811   8.701538   8.747551
    34  H    9.261801   7.723498   8.658392   7.789388   7.934265
    35  H   10.267732   9.222603  10.101905   9.254157   9.574773
    36  C    7.107668   7.949446   8.450559   8.323252   8.642189
    37  H    8.113035   8.583251   9.177872   8.914650   9.170537
    38  H    7.011813   8.146142   8.579153   8.648055   8.756106
    39  C    7.253761   8.627865   9.025482   8.912665   9.524214
    40  H    8.103684   9.666643  10.046915   9.983099  10.527466
    41  H    7.630081   8.707132   9.156732   8.859206   9.662913
    42  H    6.422833   8.265394   8.542449   8.581605   9.260929
    43  N    3.154563   3.774166   4.003150   4.482788   4.577276
    44  N    4.946495   5.606124   6.045319   6.091747   6.346026
    45  C    4.521247   6.150569   6.375838   6.801737   6.863780
    46  H    4.672760   6.874342   7.016320   7.457809   7.728410
    47  H    5.364876   6.782746   7.054588   7.502489   7.296903
    48  C    3.204450   5.103485   5.150343   5.877025   5.831614
    49  H    2.474227   5.366655   5.218011   6.092896   6.269354
    50  H    3.633459   5.339334   5.348659   6.240963   5.818326
                   26         27         28         29         30
    26  H    0.000000
    27  H    1.773150   0.000000
    28  H    1.772423   1.769648   0.000000
    29  C    9.221812   7.721866   8.467423   0.000000
    30  H    9.255761   7.791455   8.701711   1.092713   0.000000
    31  H   10.100167   8.655390   9.286228   1.091147   1.738985
    32  C    9.574039   7.932639   8.748797   1.544754   2.169902
    33  H    9.778837   8.137984   8.776419   2.194987   3.086670
    34  H    8.886143   7.193121   8.142218   2.193711   2.538263
    35  H   10.540214   8.885861   9.780994   2.169894   2.481998
    36  C    9.712382   8.422879   8.551623   3.010961   3.961537
    37  H   10.244403   8.833473   9.104298   2.644838   3.671741
    38  H    9.838130   8.598975   8.529107   3.982313   4.979390
    39  C   10.557001   9.395305   9.505047   3.661357   4.358729
    40  H   11.571978  10.394049  10.457146   4.388407   5.119363
    41  H   10.665817   9.480917   9.765162   3.216401   3.696077
    42  H   10.266404   9.256241   9.220144   4.396708   5.011761
    43  N    5.577261   4.819265   4.369697   5.606676   6.089498
    44  N    7.405362   6.276814   6.231894   3.773847   4.481225
    45  C    7.899297   6.972704   6.551222   5.101732   5.878187
    46  H    8.735762   7.885876   7.463032   5.358344   6.100986
    47  H    8.351957   7.338419   6.872189   5.341691   6.242965
    48  C    6.801759   6.142319   5.439137   6.150789   6.794697
    49  H    7.155328   6.716368   5.920432   6.807803   7.377996
    50  H    6.767492   6.158937   5.236208   6.852167   7.561219
                   31         32         33         34         35
    31  H    0.000000
    32  C    2.167955   0.000000
    33  H    2.537741   1.094044   0.000000
    34  H    3.083788   1.093852   1.769529   0.000000
    35  H    2.480278   1.093549   1.772414   1.773129   0.000000
    36  C    2.605734   3.714507   3.301889   4.466523   4.420925
    37  H    2.152692   3.011820   2.489117   3.897131   3.578725
    38  H    3.646580   4.459113   3.835995   5.137947   5.200277
    39  C    2.933086   4.694902   4.492587   5.545322   5.205881
    40  H    3.519082   5.230829   4.905493   6.174219   5.602583
    41  H    2.389140   4.437372   4.479939   5.306025   4.822287
    42  H    3.807481   5.538158   5.360802   6.287519   6.141109
    43  N    6.042984   6.353618   6.242926   6.286878   7.411735
    44  N    4.001505   4.579974   4.374235   4.822497   5.579447
    45  C    5.151020   5.822941   5.427123   6.131383   6.794398
    46  H    5.202499   6.239832   5.872551   6.693416   7.124102
    47  H    5.373262   5.802348   5.219094   6.123543   6.760156
    48  C    6.368592   6.882307   6.578741   6.997357   7.914961
    49  H    6.938037   7.691043   7.442805   7.860004   8.691442
    50  H    7.111656   7.397387   6.984687   7.447911   8.450311
                   36         37         38         39         40
    36  C    0.000000
    37  H    1.090757   0.000000
    38  H    1.092627   1.744496   0.000000
    39  C    1.546580   2.172841   2.172161   0.000000
    40  H    2.164333   2.482000   2.477047   1.092911   0.000000
    41  H    2.195646   2.537472   3.087471   1.093114   1.773083
    42  H    2.199436   3.090160   2.543214   1.093368   1.770897
    43  N    4.691085   5.527138   4.645661   5.380436   6.306594
    44  N    2.448093   3.288171   2.575390   3.304778   4.225481
    45  C    2.987584   3.951339   2.584659   3.650689   4.350867
    46  H    2.941265   4.002154   2.564054   3.138992   3.752600
    47  H    3.024688   3.821519   2.300368   3.950029   4.460961
    48  C    4.461962   5.404459   4.121467   5.054362   5.815698
    49  H    5.033999   6.056953   4.728261   5.327726   6.064368
    50  H    5.097622   5.958082   4.585445   5.848359   6.519235
                   41         42         43         44         45
    41  H    0.000000
    42  H    1.769831   0.000000
    43  N    5.788603   4.937270   0.000000
    44  N    3.765399   3.150483   2.255065   0.000000
    45  C    4.409300   3.221004   2.389419   1.489299   0.000000
    46  H    3.963116   2.473916   3.158512   2.123088   1.089127
    47  H    4.826466   3.722818   3.107859   2.114726   1.090525
    48  C    5.700938   4.481244   1.489693   2.389064   1.548403
    49  H    5.949425   4.563688   2.118321   3.114161   2.204657
    50  H    6.575840   5.343040   2.120783   3.152613   2.199461
                   46         47         48         49         50
    46  H    0.000000
    47  H    1.785082   0.000000
    48  C    2.203011   2.200821   0.000000
    49  H    2.370835   2.980544   1.089920   0.000000
    50  H    2.943401   2.359485   1.089776   1.784473   0.000000
 Stoichiometry    C21H27N2(2+,2)
 Framework group  C1[X(C21H27N2)]
 Deg. of freedom   144
 Full point group                 C1      NOp   1
 Largest Abelian subgroup         C1      NOp   1
 Largest concise Abelian subgroup C1      NOp   1
                         Standard orientation:                         
 ---------------------------------------------------------------------
 Center     Atomic      Atomic             Coordinates (Angstroms)
 Number     Number       Type             X           Y           Z
 ---------------------------------------------------------------------
      1          6           0        2.363020   -0.785459    0.137333
      2          6           0        0.000300   -0.619350    0.110605
      3          6           0        0.000289    0.738181   -0.132633
      4          6           0        1.262224    1.385971   -0.243172
      5          6           0        2.455209    0.604227   -0.111232
      6          6           0       -1.261676    1.385484   -0.246359
      7          6           0       -2.454827    0.603501   -0.116914
      8          6           0       -2.362543   -0.784376    0.140480
      9          6           0       -1.223608    2.785575   -0.485097
     10          6           0        0.000300    3.449094   -0.593050
     11          6           0        1.224179    2.786295   -0.480596
     12          1           0       -2.139470    3.353679   -0.585202
     13          1           0        0.000336    4.518454   -0.773442
     14          1           0        2.140072    3.354989   -0.576761
     15          6           0        3.552224   -1.698957    0.256057
     16          1           0        4.375345   -1.149861    0.715100
     17          1           0        3.316797   -2.517605    0.940184
     18          6           0        4.004349   -2.274740   -1.106252
     19          1           0        4.295631   -1.480155   -1.798113
     20          1           0        4.866580   -2.927217   -0.947249
     21          1           0        3.213609   -2.863393   -1.579043
     22          6           0        3.811257    1.265230   -0.196517
     23          1           0        4.549635    0.557331   -0.576230
     24          1           0        3.772431    2.071284   -0.933182
     25          6           0        4.288391    1.828785    1.160329
     26          1           0        5.266912    2.300729    1.035371
     27          1           0        3.591933    2.578680    1.546497
     28          1           0        4.382989    1.038116    1.910569
     29          6           0       -3.811017    1.262827   -0.211935
     30          1           0       -3.769464    2.063994   -0.953843
     31          1           0       -4.546902    0.551548   -0.590296
     32          6           0       -4.295220    1.834755    1.138884
     33          1           0       -4.393407    1.048746    1.893524
     34          1           0       -3.601148    2.587299    1.524181
     35          1           0       -5.273260    2.305500    1.005898
     36          6           0       -3.550533   -1.698358    0.267038
     37          1           0       -4.374819   -1.146887    0.721111
     38          1           0       -3.313753   -2.511230    0.957696
     39          6           0       -4.000662   -2.286447   -1.090697
     40          1           0       -4.863480   -2.937036   -0.927191
     41          1           0       -4.290379   -1.498258   -1.790497
     42          1           0       -3.209164   -2.879751   -1.556502
     43          7           0        1.127690   -1.352114    0.242013
     44          7           0       -1.127369   -1.350457    0.247087
     45          6           0       -0.774300   -2.765444    0.549023
     46          1           0       -1.214897   -3.424583   -0.197709
     47          1           0       -1.148171   -3.023442    1.540437
     48          6           0        0.773149   -2.776565    0.495835
     49          1           0        1.152734   -3.395096   -0.317344
     50          1           0        1.208023   -3.099213    1.441559
 ---------------------------------------------------------------------
 Rotational constants (GHZ):      0.4025095      0.2127438      0.1492463
 Standard basis: 6-31++G(d,p) (6D, 7F)
 There are   599 symmetry adapted basis functions of A   symmetry.
 Integral buffers will be    262144 words long.
 Raffenetti 2 integral format.
 Two-electron integral symmetry is turned on.
   599 basis functions,   952 primitive gaussians,   599 cartesian basis functions
    83 alpha electrons       82 beta electrons
       nuclear repulsion energy      1994.8177090308 Hartrees.
 NAtoms=   50 NActive=   50 NUniq=   50 SFac= 7.50D-01 NAtFMM=   80 NAOKFM=F Big=F
 ------------------------------------------------------------------------------
 Polarizable Continuum Model (PCM)
 =================================
 Model                : C-PCM.
 Atomic radii         : UFF (Universal Force Field).
 Polarization charges : Total charges.
 Charge compensation  : None.
 Solution method      : Matrix inversion.
 Cavity type          : Scaled VdW (van der Waals Surface) (Alpha=1.100).
 Cavity algorithm     : GePol (No added spheres)
                        Default sphere list used, NSphG=   50.
                        Lebedev-Laikov grids with approx.  5.0 points / Ang**2.
                        Smoothing algorithm: Karplus/York (Gamma=1.0000).
                        Polarization charges: spherical gaussians, with
                                              point-specific exponents (IZeta= 3).
                        Self-potential: point-specific (ISelfS= 7).
                        Self-field    : sphere-specific E.n sum rule (ISelfD= 2).
 1st derivatives      : Analytical E(r).r(x)/FMM algorithm (CHGder, D1EAlg=3).
                        Cavity 1st derivative terms included.
 2nd derivatives      : Analytical E(r).r(xy)/FMM algorithm (CHGder, D2EAlg=3).
                        Cavity 2nd derivative terms included.
 Solvent              : Water, Eps=  78.355300 Eps(inf)=   1.777849
 ------------------------------------------------------------------------------
 One-electron integrals computed using PRISM.
 NBasis=   599 RedAO= T  NBF=   599
 NBsUse=   590 1.00D-06 NBFU=   590
 Harris functional with IExCor=  402 diagonalized for initial guess.
 ExpMin= 3.60D-02 ExpMax= 4.17D+03 ExpMxC= 6.27D+02 IAcc=3 IRadAn=         0 AccDes= 0.00D+00
 HarFok:  IExCor=  402 AccDes= 0.00D+00 IRadAn=         0 IDoV= 1
 ScaDFX=  1.000000  1.000000  1.000000  1.000000
 FoFCou: FMM=F IPFlag=           0 FMFlag=      100000 FMFlg1=           0
         NFxFlg=           0 DoJE=T BraDBF=F KetDBF=T FulRan=T
         Omega=  0.000000  0.000000  1.000000  0.000000  0.000000 ICntrl=     500 IOpCl=  0
         NMat0=    1 NMatS0=    1 NMatT0=    0 NMatD0=    1 NMtDS0=    0 NMtDT0=    0
         I1Cent=           4 NGrid=           0.
 Petite list used in FoFCou.
 Initial guess orbital symmetries:
 Alpha Orbitals:
       Occupied  (A) (A) (A) (A) (A) (A) (A) (A) (A) (A) (A) (A)
                 (A) (A) (A) (A) (A) (A) (A) (A) (A) (A) (A) (A)
                 (A) (A) (A) (A) (A) (A) (A) (A) (A) (A) (A) (A)
                 (A) (A) (A) (A) (A) (A) (A) (A) (A) (A) (A) (A)
                 (A) (A) (A) (A) (A) (A) (A) (A) (A) (A) (A) (A)
                 (A) (A) (A) (A) (A) (A) (A) (A) (A) (A) (A) (A)
                 (A) (A) (A) (A) (A) (A) (A) (A) (A) (A) (A)
       Virtual   (A) (A) (A) (A) (A) (A) (A) (A) (A) (A) (A) (A)
                 (A) (A) (A) (A) (A) (A) (A) (A) (A) (A) (A) (A)
                 (A) (A) (A) (A) (A) (A) (A) (A) (A) (A) (A) (A)
                 (A) (A) (A) (A) (A) (A) (A) (A) (A) (A) (A) (A)
                 (A) (A) (A) (A) (A) (A) (A) (A) (A) (A) (A) (A)
                 (A) (A) (A) (A) (A) (A) (A) (A) (A) (A) (A) (A)
                 (A) (A) (A) (A) (A) (A) (A) (A) (A) (A) (A) (A)
                 (A) (A) (A) (A) (A) (A) (A) (A) (A) (A) (A) (A)
                 (A) (A) (A) (A) (A) (A) (A) (A) (A) (A) (A) (A)
                 (A) (A) (A) (A) (A) (A) (A) (A) (A) (A) (A) (A)
                 (A) (A) (A) (A) (A) (A) (A) (A) (A) (A) (A) (A)
                 (A) (A) (A) (A) (A) (A) (A) (A) (A) (A) (A) (A)
                 (A) (A) (A) (A) (A) (A) (A) (A) (A) (A) (A) (A)
                 (A) (A) (A) (A) (A) (A) (A) (A) (A) (A) (A) (A)
                 (A) (A) (A) (A) (A) (A) (A) (A) (A) (A) (A) (A)
                 (A) (A) (A) (A) (A) (A) (A) (A) (A) (A) (A) (A)
                 (A) (A) (A) (A) (A) (A) (A) (A) (A) (A) (A) (A)
                 (A) (A) (A) (A) (A) (A) (A) (A) (A) (A) (A) (A)
                 (A) (A) (A) (A) (A) (A) (A) (A) (A) (A) (A) (A)
                 (A) (A) (A) (A) (A) (A) (A) (A) (A) (A) (A) (A)
                 (A) (A) (A) (A) (A) (A) (A) (A) (A) (A) (A) (A)
                 (A) (A) (A) (A) (A) (A) (A) (A) (A) (A) (A) (A)
                 (A) (A) (A) (A) (A) (A) (A) (A) (A) (A) (A) (A)
                 (A) (A) (A) (A) (A) (A) (A) (A) (A) (A) (A) (A)
                 (A) (A) (A) (A) (A) (A) (A) (A) (A) (A) (A) (A)
                 (A) (A) (A) (A) (A) (A) (A) (A) (A) (A) (A) (A)
                 (A) (A) (A) (A) (A) (A) (A) (A) (A) (A) (A) (A)
                 (A) (A) (A) (A) (A) (A) (A) (A) (A) (A) (A) (A)
                 (A) (A) (A) (A) (A) (A) (A) (A) (A) (A) (A) (A)
                 (A) (A) (A) (A) (A) (A) (A) (A) (A) (A) (A) (A)
                 (A) (A) (A) (A) (A) (A) (A) (A) (A) (A) (A) (A)
                 (A) (A) (A) (A) (A) (A) (A) (A) (A) (A) (A) (A)
                 (A) (A) (A) (A) (A) (A) (A) (A) (A) (A) (A) (A)
                 (A) (A) (A) (A) (A) (A) (A) (A) (A) (A) (A) (A)
                 (A) (A) (A) (A) (A) (A) (A) (A) (A) (A) (A) (A)
                 (A) (A) (A) (A) (A) (A) (A) (A) (A) (A) (A) (A)
                 (A) (A) (A) (A) (A) (A) (A) (A) (A) (A) (A) (A)
                 (A) (A) (A) (A) (A) (A) (A) (A) (A) (A) (A) (A)
                 (A) (A) (A) (A) (A) (A) (A) (A) (A) (A) (A) (A)
                 (A) (A) (A) (A) (A) (A) (A) (A) (A) (A) (A) (A)
                 (A) (A) (A) (A) (A) (A) (A) (A) (A) (A) (A) (A)
                 (A) (A) (A) (A) (A) (A) (A) (A) (A) (A) (A) (A)
                 (A) (A) (A)
 Beta  Orbitals:
       Occupied  (A) (A) (A) (A) (A) (A) (A) (A) (A) (A) (A) (A)
                 (A) (A) (A) (A) (A) (A) (A) (A) (A) (A) (A) (A)
                 (A) (A) (A) (A) (A) (A) (A) (A) (A) (A) (A) (A)
                 (A) (A) (A) (A) (A) (A) (A) (A) (A) (A) (A) (A)
                 (A) (A) (A) (A) (A) (A) (A) (A) (A) (A) (A) (A)
                 (A) (A) (A) (A) (A) (A) (A) (A) (A) (A) (A) (A)
                 (A) (A) (A) (A) (A) (A) (A) (A) (A) (A)
       Virtual   (A) (A) (A) (A) (A) (A) (A) (A) (A) (A) (A) (A)
                 (A) (A) (A) (A) (A) (A) (A) (A) (A) (A) (A) (A)
                 (A) (A) (A) (A) (A) (A) (A) (A) (A) (A) (A) (A)
                 (A) (A) (A) (A) (A) (A) (A) (A) (A) (A) (A) (A)
                 (A) (A) (A) (A) (A) (A) (A) (A) (A) (A) (A) (A)
                 (A) (A) (A) (A) (A) (A) (A) (A) (A) (A) (A) (A)
                 (A) (A) (A) (A) (A) (A) (A) (A) (A) (A) (A) (A)
                 (A) (A) (A) (A) (A) (A) (A) (A) (A) (A) (A) (A)
                 (A) (A) (A) (A) (A) (A) (A) (A) (A) (A) (A) (A)
                 (A) (A) (A) (A) (A) (A) (A) (A) (A) (A) (A) (A)
                 (A) (A) (A) (A) (A) (A) (A) (A) (A) (A) (A) (A)
                 (A) (A) (A) (A) (A) (A) (A) (A) (A) (A) (A) (A)
                 (A) (A) (A) (A) (A) (A) (A) (A) (A) (A) (A) (A)
                 (A) (A) (A) (A) (A) (A) (A) (A) (A) (A) (A) (A)
                 (A) (A) (A) (A) (A) (A) (A) (A) (A) (A) (A) (A)
                 (A) (A) (A) (A) (A) (A) (A) (A) (A) (A) (A) (A)
                 (A) (A) (A) (A) (A) (A) (A) (A) (A) (A) (A) (A)
                 (A) (A) (A) (A) (A) (A) (A) (A) (A) (A) (A) (A)
                 (A) (A) (A) (A) (A) (A) (A) (A) (A) (A) (A) (A)
                 (A) (A) (A) (A) (A) (A) (A) (A) (A) (A) (A) (A)
                 (A) (A) (A) (A) (A) (A) (A) (A) (A) (A) (A) (A)
                 (A) (A) (A) (A) (A) (A) (A) (A) (A) (A) (A) (A)
                 (A) (A) (A) (A) (A) (A) (A) (A) (A) (A) (A) (A)
                 (A) (A) (A) (A) (A) (A) (A) (A) (A) (A) (A) (A)
                 (A) (A) (A) (A) (A) (A) (A) (A) (A) (A) (A) (A)
                 (A) (A) (A) (A) (A) (A) (A) (A) (A) (A) (A) (A)
                 (A) (A) (A) (A) (A) (A) (A) (A) (A) (A) (A) (A)
                 (A) (A) (A) (A) (A) (A) (A) (A) (A) (A) (A) (A)
                 (A) (A) (A) (A) (A) (A) (A) (A) (A) (A) (A) (A)
                 (A) (A) (A) (A) (A) (A) (A) (A) (A) (A) (A) (A)
                 (A) (A) (A) (A) (A) (A) (A) (A) (A) (A) (A) (A)
                 (A) (A) (A) (A) (A) (A) (A) (A) (A) (A) (A) (A)
                 (A) (A) (A) (A) (A) (A) (A) (A) (A) (A) (A) (A)
                 (A) (A) (A) (A) (A) (A) (A) (A) (A) (A) (A) (A)
                 (A) (A) (A) (A) (A) (A) (A) (A) (A) (A) (A) (A)
                 (A) (A) (A) (A) (A) (A) (A) (A) (A) (A) (A) (A)
                 (A) (A) (A) (A) (A) (A) (A) (A) (A) (A) (A) (A)
                 (A) (A) (A) (A) (A) (A) (A) (A) (A) (A) (A) (A)
                 (A) (A) (A) (A) (A) (A) (A) (A) (A) (A) (A) (A)
                 (A) (A) (A) (A) (A) (A) (A) (A) (A) (A) (A) (A)
                 (A) (A) (A) (A) (A) (A) (A) (A) (A) (A) (A) (A)
                 (A) (A) (A) (A) (A) (A) (A) (A) (A) (A) (A) (A)
                 (A) (A) (A) (A)
 The electronic state of the initial guess is 2-A.
 Initial guess <Sx>= 0.0000 <Sy>= 0.0000 <Sz>= 0.5000 <S**2>= 0.7500 S= 0.5000
 Requested convergence on RMS density matrix=1.00D-08 within 128 cycles.
 Requested convergence on MAX density matrix=1.00D-06.
 Requested convergence on             energy=1.00D-06.
 No special actions if energy rises.
 Error on total polarization charges =  0.01554
 SCF Done:  E(UB3LYP) =  -925.764585608     A.U. after   19 cycles
             Convg  =    0.4414D-08             -V/T =  2.0099
 <Sx>= 0.0000 <Sy>= 0.0000 <Sz>= 0.5000 <S**2>= 0.7760 S= 0.5129
 <L.S>= 0.000000000000E+00
 Annihilation of the first spin contaminant:
 S**2 before annihilation     0.7760,   after     0.7505
 DiagDN has N=   599 LTot=  1829 but NE2=     3 cannot use DSYEVD.
 Range of M.O.s used for correlation:     1   590
 NBasis=   599 NAE=    83 NBE=    82 NFC=     0 NFV=     0
 NROrb=    590 NOA=    83 NOB=    82 NVA=   507 NVB=   508

 **** Warning!!: The largest alpha MO coefficient is  0.14571327D+03


 **** Warning!!: The largest beta MO coefficient is  0.14014859D+03

 Symmetrizing basis deriv contribution to polar:
 IMax=3 JMax=2 DiffMx= 0.00D+00
 G2DrvN: will do    11 centers at a time, making    5 passes doing MaxLOS=2.
 Calling FoFCou, ICntrl=  3107 FMM=F I1Cent=   0 AccDes= 0.00D+00.
 Calling FoFCou, ICntrl=  3107 FMM=F I1Cent=   0 AccDes= 0.00D+00.
 Calling FoFCou, ICntrl=  3107 FMM=F I1Cent=   0 AccDes= 0.00D+00.
 Calling FoFCou, ICntrl=  3107 FMM=F I1Cent=   0 AccDes= 0.00D+00.
 Calling FoFCou, ICntrl=  3107 FMM=F I1Cent=   0 AccDes= 0.00D+00.
 FoFDir/FoFCou used for L=0 through L=2.
 G2PCM: DoFxE=T DoFxN=T DoGrad=T DoPD/DQ/DG=FFF NFrqRd=   0 IEInf=0 DoCFld=F IF1Alg=4.
 End of G2Drv Frequency-dependent properties file   721 does not exist.
 End of G2Drv Frequency-dependent properties file   722 does not exist.
          IDoAtm=11111111111111111111111111111111111111111111111111
 NEqPCM:  Using equilibrium solvation (IEInf=0, Eps=  78.3553, EpsInf=   1.7778)
          Differentiating once with respect to electric field.
                with respect to dipole field.
          Differentiating once with respect to nuclear coordinates.
          There are   153 degrees of freedom in the 1st order CPHF.  IDoFFX=5.
    153 vectors produced by pass  0 Test12= 8.37D-14 1.00D-09 XBig12= 1.40D+03 2.82D+01.
 AX will form    16 AO Fock derivatives at one time.
    153 vectors produced by pass  1 Test12= 8.37D-14 1.00D-09 XBig12= 2.56D+02 2.85D+00.
    150 vectors produced by pass  2 Test12= 8.37D-14 1.00D-09 XBig12= 4.27D+00 4.13D-01.
    150 vectors produced by pass  3 Test12= 8.37D-14 1.00D-09 XBig12= 3.81D-02 3.80D-02.
    150 vectors produced by pass  4 Test12= 8.37D-14 1.00D-09 XBig12= 2.93D-04 3.25D-03.
    150 vectors produced by pass  5 Test12= 8.37D-14 1.00D-09 XBig12= 1.31D-06 1.17D-04.
    150 vectors produced by pass  6 Test12= 8.37D-14 1.00D-09 XBig12= 6.76D-09 5.45D-06.
     94 vectors produced by pass  7 Test12= 8.37D-14 1.00D-09 XBig12= 4.68D-11 3.91D-07.
     20 vectors produced by pass  8 Test12= 8.37D-14 1.00D-09 XBig12= 3.53D-12 9.35D-08.
      2 vectors produced by pass  9 Test12= 8.37D-14 1.00D-09 XBig12= 1.46D-13 2.11D-08.
      2 vectors produced by pass 10 Test12= 8.37D-14 1.00D-09 XBig12= 5.44D-16 1.19D-09.
      1 vectors produced by pass 11 Test12= 8.37D-14 1.00D-09 XBig12= 3.23D-16 1.05D-09.
 Inverted reduced A of dimension  1175 with in-core refinement.
 Isotropic polarizability for W=    0.000000      396.36 Bohr**3.
 End of Minotr Frequency-dependent properties file   721 does not exist.
 End of Minotr Frequency-dependent properties file   722 does not exist.

 **********************************************************************

            Population analysis using the SCF density.

 **********************************************************************

 Orbital symmetries:
 Alpha Orbitals:
       Occupied  (A) (A) (A) (A) (A) (A) (A) (A) (A) (A) (A) (A)
                 (A) (A) (A) (A) (A) (A) (A) (A) (A) (A) (A) (A)
                 (A) (A) (A) (A) (A) (A) (A) (A) (A) (A) (A) (A)
                 (A) (A) (A) (A) (A) (A) (A) (A) (A) (A) (A) (A)
                 (A) (A) (A) (A) (A) (A) (A) (A) (A) (A) (A) (A)
                 (A) (A) (A) (A) (A) (A) (A) (A) (A) (A) (A) (A)
                 (A) (A) (A) (A) (A) (A) (A) (A) (A) (A) (A)
       Virtual   (A) (A) (A) (A) (A) (A) (A) (A) (A) (A) (A) (A)
                 (A) (A) (A) (A) (A) (A) (A) (A) (A) (A) (A) (A)
                 (A) (A) (A) (A) (A) (A) (A) (A) (A) (A) (A) (A)
                 (A) (A) (A) (A) (A) (A) (A) (A) (A) (A) (A) (A)
                 (A) (A) (A) (A) (A) (A) (A) (A) (A) (A) (A) (A)
                 (A) (A) (A) (A) (A) (A) (A) (A) (A) (A) (A) (A)
                 (A) (A) (A) (A) (A) (A) (A) (A) (A) (A) (A) (A)
                 (A) (A) (A) (A) (A) (A) (A) (A) (A) (A) (A) (A)
                 (A) (A) (A) (A) (A) (A) (A) (A) (A) (A) (A) (A)
                 (A) (A) (A) (A) (A) (A) (A) (A) (A) (A) (A) (A)
                 (A) (A) (A) (A) (A) (A) (A) (A) (A) (A) (A) (A)
                 (A) (A) (A) (A) (A) (A) (A) (A) (A) (A) (A) (A)
                 (A) (A) (A) (A) (A) (A) (A) (A) (A) (A) (A) (A)
                 (A) (A) (A) (A) (A) (A) (A) (A) (A) (A) (A) (A)
                 (A) (A) (A) (A) (A) (A) (A) (A) (A) (A) (A) (A)
                 (A) (A) (A) (A) (A) (A) (A) (A) (A) (A) (A) (A)
                 (A) (A) (A) (A) (A) (A) (A) (A) (A) (A) (A) (A)
                 (A) (A) (A) (A) (A) (A) (A) (A) (A) (A) (A) (A)
                 (A) (A) (A) (A) (A) (A) (A) (A) (A) (A) (A) (A)
                 (A) (A) (A) (A) (A) (A) (A) (A) (A) (A) (A) (A)
                 (A) (A) (A) (A) (A) (A) (A) (A) (A) (A) (A) (A)
                 (A) (A) (A) (A) (A) (A) (A) (A) (A) (A) (A) (A)
                 (A) (A) (A) (A) (A) (A) (A) (A) (A) (A) (A) (A)
                 (A) (A) (A) (A) (A) (A) (A) (A) (A) (A) (A) (A)
                 (A) (A) (A) (A) (A) (A) (A) (A) (A) (A) (A) (A)
                 (A) (A) (A) (A) (A) (A) (A) (A) (A) (A) (A) (A)
                 (A) (A) (A) (A) (A) (A) (A) (A) (A) (A) (A) (A)
                 (A) (A) (A) (A) (A) (A) (A) (A) (A) (A) (A) (A)
                 (A) (A) (A) (A) (A) (A) (A) (A) (A) (A) (A) (A)
                 (A) (A) (A) (A) (A) (A) (A) (A) (A) (A) (A) (A)
                 (A) (A) (A) (A) (A) (A) (A) (A) (A) (A) (A) (A)
                 (A) (A) (A) (A) (A) (A) (A) (A) (A) (A) (A) (A)
                 (A) (A) (A) (A) (A) (A) (A) (A) (A) (A) (A) (A)
                 (A) (A) (A) (A) (A) (A) (A) (A) (A) (A) (A) (A)
                 (A) (A) (A) (A) (A) (A) (A) (A) (A) (A) (A) (A)
                 (A) (A) (A) (A) (A) (A) (A) (A) (A) (A) (A) (A)
                 (A) (A) (A) (A) (A) (A) (A) (A) (A) (A) (A) (A)
                 (A) (A) (A) (A) (A) (A) (A) (A) (A) (A) (A) (A)
                 (A) (A) (A) (A) (A) (A) (A) (A) (A) (A) (A) (A)
                 (A) (A) (A) (A) (A) (A) (A) (A) (A) (A) (A) (A)
                 (A) (A) (A) (A) (A) (A) (A) (A) (A) (A) (A) (A)
                 (A) (A) (A) (A) (A) (A) (A) (A) (A) (A) (A) (A)
                 (A) (A) (A)
 Beta  Orbitals:
       Occupied  (A) (A) (A) (A) (A) (A) (A) (A) (A) (A) (A) (A)
                 (A) (A) (A) (A) (A) (A) (A) (A) (A) (A) (A) (A)
                 (A) (A) (A) (A) (A) (A) (A) (A) (A) (A) (A) (A)
                 (A) (A) (A) (A) (A) (A) (A) (A) (A) (A) (A) (A)
                 (A) (A) (A) (A) (A) (A) (A) (A) (A) (A) (A) (A)
                 (A) (A) (A) (A) (A) (A) (A) (A) (A) (A) (A) (A)
                 (A) (A) (A) (A) (A) (A) (A) (A) (A) (A)
       Virtual   (A) (A) (A) (A) (A) (A) (A) (A) (A) (A) (A) (A)
                 (A) (A) (A) (A) (A) (A) (A) (A) (A) (A) (A) (A)
                 (A) (A) (A) (A) (A) (A) (A) (A) (A) (A) (A) (A)
                 (A) (A) (A) (A) (A) (A) (A) (A) (A) (A) (A) (A)
                 (A) (A) (A) (A) (A) (A) (A) (A) (A) (A) (A) (A)
                 (A) (A) (A) (A) (A) (A) (A) (A) (A) (A) (A) (A)
                 (A) (A) (A) (A) (A) (A) (A) (A) (A) (A) (A) (A)
                 (A) (A) (A) (A) (A) (A) (A) (A) (A) (A) (A) (A)
                 (A) (A) (A) (A) (A) (A) (A) (A) (A) (A) (A) (A)
                 (A) (A) (A) (A) (A) (A) (A) (A) (A) (A) (A) (A)
                 (A) (A) (A) (A) (A) (A) (A) (A) (A) (A) (A) (A)
                 (A) (A) (A) (A) (A) (A) (A) (A) (A) (A) (A) (A)
                 (A) (A) (A) (A) (A) (A) (A) (A) (A) (A) (A) (A)
                 (A) (A) (A) (A) (A) (A) (A) (A) (A) (A) (A) (A)
                 (A) (A) (A) (A) (A) (A) (A) (A) (A) (A) (A) (A)
                 (A) (A) (A) (A) (A) (A) (A) (A) (A) (A) (A) (A)
                 (A) (A) (A) (A) (A) (A) (A) (A) (A) (A) (A) (A)
                 (A) (A) (A) (A) (A) (A) (A) (A) (A) (A) (A) (A)
                 (A) (A) (A) (A) (A) (A) (A) (A) (A) (A) (A) (A)
                 (A) (A) (A) (A) (A) (A) (A) (A) (A) (A) (A) (A)
                 (A) (A) (A) (A) (A) (A) (A) (A) (A) (A) (A) (A)
                 (A) (A) (A) (A) (A) (A) (A) (A) (A) (A) (A) (A)
                 (A) (A) (A) (A) (A) (A) (A) (A) (A) (A) (A) (A)
                 (A) (A) (A) (A) (A) (A) (A) (A) (A) (A) (A) (A)
                 (A) (A) (A) (A) (A) (A) (A) (A) (A) (A) (A) (A)
                 (A) (A) (A) (A) (A) (A) (A) (A) (A) (A) (A) (A)
                 (A) (A) (A) (A) (A) (A) (A) (A) (A) (A) (A) (A)
                 (A) (A) (A) (A) (A) (A) (A) (A) (A) (A) (A) (A)
                 (A) (A) (A) (A) (A) (A) (A) (A) (A) (A) (A) (A)
                 (A) (A) (A) (A) (A) (A) (A) (A) (A) (A) (A) (A)
                 (A) (A) (A) (A) (A) (A) (A) (A) (A) (A) (A) (A)
                 (A) (A) (A) (A) (A) (A) (A) (A) (A) (A) (A) (A)
                 (A) (A) (A) (A) (A) (A) (A) (A) (A) (A) (A) (A)
                 (A) (A) (A) (A) (A) (A) (A) (A) (A) (A) (A) (A)
                 (A) (A) (A) (A) (A) (A) (A) (A) (A) (A) (A) (A)
                 (A) (A) (A) (A) (A) (A) (A) (A) (A) (A) (A) (A)
                 (A) (A) (A) (A) (A) (A) (A) (A) (A) (A) (A) (A)
                 (A) (A) (A) (A) (A) (A) (A) (A) (A) (A) (A) (A)
                 (A) (A) (A) (A) (A) (A) (A) (A) (A) (A) (A) (A)
                 (A) (A) (A) (A) (A) (A) (A) (A) (A) (A) (A) (A)
                 (A) (A) (A) (A) (A) (A) (A) (A) (A) (A) (A) (A)
                 (A) (A) (A) (A) (A) (A) (A) (A) (A) (A) (A) (A)
                 (A) (A) (A) (A)
 The electronic state is 2-A.
 Alpha  occ. eigenvalues --  -14.48733 -14.48722 -10.34622 -10.31648 -10.31637
 Alpha  occ. eigenvalues --  -10.29212 -10.29192 -10.27509 -10.27506 -10.27440
 Alpha  occ. eigenvalues --  -10.27436 -10.27228 -10.25750 -10.25749 -10.24665
 Alpha  occ. eigenvalues --  -10.23244 -10.23243 -10.22204 -10.22203 -10.20479
 Alpha  occ. eigenvalues --  -10.20475 -10.19858 -10.19858  -1.12064  -1.04023
 Alpha  occ. eigenvalues --   -0.94503  -0.89054  -0.88426  -0.86510  -0.82663
 Alpha  occ. eigenvalues --   -0.82284  -0.79894  -0.78844  -0.77530  -0.76910
 Alpha  occ. eigenvalues --   -0.72256  -0.71086  -0.70286  -0.69819  -0.66182
 Alpha  occ. eigenvalues --   -0.65978  -0.63568  -0.63257  -0.61065  -0.60394
 Alpha  occ. eigenvalues --   -0.58173  -0.57684  -0.55305  -0.53592  -0.53022
 Alpha  occ. eigenvalues --   -0.50236  -0.50139  -0.49949  -0.49357  -0.48381
 Alpha  occ. eigenvalues --   -0.47513  -0.47063  -0.46911  -0.46664  -0.45808
 Alpha  occ. eigenvalues --   -0.45360  -0.44495  -0.44271  -0.43308  -0.43208
 Alpha  occ. eigenvalues --   -0.42090  -0.41459  -0.41105  -0.41018  -0.40077
 Alpha  occ. eigenvalues --   -0.38963  -0.38784  -0.38059  -0.37921  -0.37749
 Alpha  occ. eigenvalues --   -0.37712  -0.37133  -0.36722  -0.36608  -0.34118
 Alpha  occ. eigenvalues --   -0.32701  -0.31276  -0.25002
 Alpha virt. eigenvalues --   -0.10202  -0.09778  -0.08490  -0.01901  -0.01106
 Alpha virt. eigenvalues --   -0.00650  -0.00286   0.00745   0.00783   0.01173
 Alpha virt. eigenvalues --    0.01244   0.01387   0.01483   0.02075   0.02279
 Alpha virt. eigenvalues --    0.02731   0.02794   0.03437   0.03940   0.04126
 Alpha virt. eigenvalues --    0.04487   0.04672   0.04815   0.05556   0.05909
 Alpha virt. eigenvalues --    0.06095   0.06255   0.06401   0.06970   0.07137
 Alpha virt. eigenvalues --    0.07511   0.07553   0.07713   0.08128   0.08484
 Alpha virt. eigenvalues --    0.09069   0.09393   0.09642   0.09756   0.10375
 Alpha virt. eigenvalues --    0.10432   0.10657   0.10943   0.11274   0.11499
 Alpha virt. eigenvalues --    0.11577   0.11628   0.11948   0.12154   0.12563
 Alpha virt. eigenvalues --    0.12720   0.12873   0.13143   0.13183   0.13286
 Alpha virt. eigenvalues --    0.13579   0.13752   0.13872   0.14043   0.14533
 Alpha virt. eigenvalues --    0.14680   0.14808   0.14849   0.15078   0.15140
 Alpha virt. eigenvalues --    0.15302   0.15487   0.15704   0.15928   0.15977
 Alpha virt. eigenvalues --    0.16055   0.16309   0.16704   0.16754   0.16839
 Alpha virt. eigenvalues --    0.16959   0.17281   0.17400   0.17525   0.17647
 Alpha virt. eigenvalues --    0.18404   0.18558   0.18712   0.18741   0.18885
 Alpha virt. eigenvalues --    0.19396   0.19464   0.19719   0.20251   0.20354
 Alpha virt. eigenvalues --    0.20525   0.20798   0.21191   0.21262   0.21448
 Alpha virt. eigenvalues --    0.21486   0.21814   0.22140   0.22419   0.22690
 Alpha virt. eigenvalues --    0.23266   0.23649   0.23834   0.23967   0.24369
 Alpha virt. eigenvalues --    0.24435   0.24771   0.25074   0.25374   0.25657
 Alpha virt. eigenvalues --    0.26128   0.26276   0.26622   0.26810   0.27402
 Alpha virt. eigenvalues --    0.27501   0.27638   0.27989   0.28609   0.28837
 Alpha virt. eigenvalues --    0.28941   0.29593   0.30168   0.30264   0.30341
 Alpha virt. eigenvalues --    0.31097   0.31333   0.31759   0.31999   0.32606
 Alpha virt. eigenvalues --    0.33099   0.33344   0.33374   0.33796   0.34210
 Alpha virt. eigenvalues --    0.34477   0.34703   0.34897   0.35051   0.35949
 Alpha virt. eigenvalues --    0.36169   0.36905   0.36959   0.37665   0.37967
 Alpha virt. eigenvalues --    0.38168   0.38597   0.38761   0.38879   0.39361
 Alpha virt. eigenvalues --    0.39596   0.39750   0.40314   0.41298   0.41312
 Alpha virt. eigenvalues --    0.43428   0.43763   0.44066   0.45700   0.45991
 Alpha virt. eigenvalues --    0.47767   0.48049   0.49222   0.50156   0.50536
 Alpha virt. eigenvalues --    0.53018   0.54120   0.59240   0.61401   0.63445
 Alpha virt. eigenvalues --    0.64500   0.64654   0.67053   0.67335   0.68184
 Alpha virt. eigenvalues --    0.68711   0.68870   0.69568   0.69952   0.70329
 Alpha virt. eigenvalues --    0.70533   0.71279   0.71552   0.71816   0.72610
 Alpha virt. eigenvalues --    0.72873   0.72975   0.73396   0.73561   0.74331
 Alpha virt. eigenvalues --    0.74436   0.74694   0.75847   0.76166   0.76349
 Alpha virt. eigenvalues --    0.76391   0.76924   0.78458   0.78581   0.78710
 Alpha virt. eigenvalues --    0.79197   0.79432   0.80018   0.80426   0.81315
 Alpha virt. eigenvalues --    0.82073   0.83106   0.83308   0.84161   0.84522
 Alpha virt. eigenvalues --    0.84676   0.85187   0.85299   0.85921   0.87663
 Alpha virt. eigenvalues --    0.89047   0.89708   0.91354   0.93273   0.94608
 Alpha virt. eigenvalues --    0.94750   0.96265   0.96541   0.97246   0.97529
 Alpha virt. eigenvalues --    0.99013   0.99457   1.00706   1.01840   1.02151
 Alpha virt. eigenvalues --    1.03245   1.03895   1.04475   1.04751   1.04792
 Alpha virt. eigenvalues --    1.05416   1.05883   1.07751   1.08284   1.08990
 Alpha virt. eigenvalues --    1.09932   1.10351   1.11876   1.12032   1.12573
 Alpha virt. eigenvalues --    1.12724   1.13102   1.13524   1.13610   1.15604
 Alpha virt. eigenvalues --    1.16155   1.16405   1.16557   1.16878   1.17321
 Alpha virt. eigenvalues --    1.17663   1.17717   1.17997   1.18412   1.19064
 Alpha virt. eigenvalues --    1.19638   1.20451   1.21714   1.21781   1.23283
 Alpha virt. eigenvalues --    1.25306   1.25737   1.26249   1.26636   1.27426
 Alpha virt. eigenvalues --    1.27517   1.29294   1.33411   1.33862   1.33965
 Alpha virt. eigenvalues --    1.35443   1.36108   1.36895   1.38023   1.38818
 Alpha virt. eigenvalues --    1.41546   1.46348   1.46581   1.47411   1.49115
 Alpha virt. eigenvalues --    1.49400   1.51548   1.51611   1.53085   1.53885
 Alpha virt. eigenvalues --    1.55622   1.57629   1.59100   1.59188   1.60403
 Alpha virt. eigenvalues --    1.61818   1.63708   1.64046   1.64230   1.65703
 Alpha virt. eigenvalues --    1.66268   1.68825   1.69037   1.69699   1.70986
 Alpha virt. eigenvalues --    1.71815   1.72661   1.73482   1.74461   1.75332
 Alpha virt. eigenvalues --    1.76090   1.76745   1.77765   1.78331   1.78518
 Alpha virt. eigenvalues --    1.80110   1.81303   1.82230   1.84041   1.84575
 Alpha virt. eigenvalues --    1.85093   1.87482   1.87519   1.88653   1.90109
 Alpha virt. eigenvalues --    1.91013   1.91843   1.92931   1.93364   1.94321
 Alpha virt. eigenvalues --    1.94890   1.95320   1.95572   1.97529   1.97968
 Alpha virt. eigenvalues --    1.99540   2.00301   2.02942   2.03907   2.04389
 Alpha virt. eigenvalues --    2.04515   2.04677   2.05936   2.06268   2.08112
 Alpha virt. eigenvalues --    2.08254   2.09058   2.10533   2.11212   2.12779
 Alpha virt. eigenvalues --    2.12838   2.13218   2.13296   2.13460   2.13938
 Alpha virt. eigenvalues --    2.14660   2.15729   2.15960   2.16161   2.16767
 Alpha virt. eigenvalues --    2.17158   2.17651   2.18056   2.18655   2.20324
 Alpha virt. eigenvalues --    2.20912   2.22195   2.22970   2.24073   2.25169
 Alpha virt. eigenvalues --    2.26619   2.26916   2.28126   2.28383   2.28799
 Alpha virt. eigenvalues --    2.30189   2.30386   2.32338   2.32543   2.33142
 Alpha virt. eigenvalues --    2.33387   2.34253   2.35263   2.37122   2.38146
 Alpha virt. eigenvalues --    2.39361   2.41711   2.42503   2.43507   2.45505
 Alpha virt. eigenvalues --    2.46106   2.47531   2.48500   2.48648   2.49136
 Alpha virt. eigenvalues --    2.49346   2.50551   2.51648   2.52282   2.52954
 Alpha virt. eigenvalues --    2.54109   2.54726   2.55924   2.56360   2.58028
 Alpha virt. eigenvalues --    2.58318   2.58706   2.60450   2.60802   2.61115
 Alpha virt. eigenvalues --    2.62405   2.62709   2.64346   2.65302   2.65625
 Alpha virt. eigenvalues --    2.65923   2.67411   2.67652   2.69678   2.70144
 Alpha virt. eigenvalues --    2.70702   2.71511   2.72529   2.73894   2.75312
 Alpha virt. eigenvalues --    2.76082   2.77311   2.77769   2.79116   2.80858
 Alpha virt. eigenvalues --    2.81460   2.81793   2.84127   2.85329   2.85637
 Alpha virt. eigenvalues --    2.85964   2.86367   2.87178   2.87490   2.88422
 Alpha virt. eigenvalues --    2.89036   2.89190   2.90271   2.92361   2.92693
 Alpha virt. eigenvalues --    2.96744   2.98893   3.00135   3.04226   3.08218
 Alpha virt. eigenvalues --    3.11632   3.15477   3.16067   3.20059   3.21870
 Alpha virt. eigenvalues --    3.26402   3.26428   3.26629   3.26659   3.27469
 Alpha virt. eigenvalues --    3.28608   3.33115   3.33896   3.35729   3.35947
 Alpha virt. eigenvalues --    3.37800   3.38763   3.42016   3.42276   3.42714
 Alpha virt. eigenvalues --    3.42843   3.45170   3.46442   3.47258   3.48836
 Alpha virt. eigenvalues --    3.48869   3.50107   3.50776   3.56319   3.56488
 Alpha virt. eigenvalues --    3.56807   3.56975   3.57217   3.76991   4.23531
 Alpha virt. eigenvalues --    4.28483   4.32074   4.36473   4.37983   4.38057
 Alpha virt. eigenvalues --    4.42258   4.44001   4.44478   4.47599   4.47864
 Alpha virt. eigenvalues --    4.51622   4.51983   4.59896   4.60192   4.61388
 Alpha virt. eigenvalues --    4.66547   4.67392   4.68193   4.72281   4.72451
 Alpha virt. eigenvalues --    4.89245   4.91811
  Beta  occ. eigenvalues --  -14.48447 -14.48436 -10.34729 -10.31606 -10.31595
  Beta  occ. eigenvalues --  -10.29222 -10.29201 -10.27550 -10.27547 -10.27194
  Beta  occ. eigenvalues --  -10.27191 -10.27188 -10.25361 -10.25358 -10.24834
  Beta  occ. eigenvalues --  -10.23245 -10.23244 -10.22218 -10.22217 -10.20470
  Beta  occ. eigenvalues --  -10.20466 -10.19828 -10.19827  -1.11684  -1.03526
  Beta  occ. eigenvalues --   -0.94267  -0.88744  -0.87928  -0.86325  -0.82488
  Beta  occ. eigenvalues --   -0.82093  -0.79803  -0.78613  -0.77474  -0.76467
  Beta  occ. eigenvalues --   -0.71990  -0.70902  -0.69924  -0.69737  -0.66141
  Beta  occ. eigenvalues --   -0.65853  -0.63449  -0.63135  -0.60851  -0.60140
  Beta  occ. eigenvalues --   -0.57951  -0.57171  -0.55150  -0.53381  -0.52842
  Beta  occ. eigenvalues --   -0.50100  -0.49778  -0.49443  -0.49094  -0.48264
  Beta  occ. eigenvalues --   -0.47317  -0.46849  -0.46829  -0.46580  -0.45756
  Beta  occ. eigenvalues --   -0.45219  -0.44448  -0.44169  -0.42903  -0.42597
  Beta  occ. eigenvalues --   -0.41753  -0.41288  -0.40907  -0.40783  -0.39751
  Beta  occ. eigenvalues --   -0.38913  -0.38736  -0.37988  -0.37787  -0.37686
  Beta  occ. eigenvalues --   -0.37276  -0.36961  -0.36674  -0.36528  -0.32782
  Beta  occ. eigenvalues --   -0.32094  -0.29797
  Beta virt. eigenvalues --   -0.19100  -0.09665  -0.08026  -0.07641  -0.01882
  Beta virt. eigenvalues --   -0.00962  -0.00628  -0.00115   0.00786   0.00816
  Beta virt. eigenvalues --    0.01217   0.01263   0.01985   0.02002   0.02224
  Beta virt. eigenvalues --    0.02479   0.02846   0.02883   0.03534   0.03969
  Beta virt. eigenvalues --    0.04289   0.04539   0.04719   0.04829   0.05580
  Beta virt. eigenvalues --    0.05959   0.06155   0.06291   0.06452   0.07018
  Beta virt. eigenvalues --    0.07167   0.07539   0.07575   0.07764   0.08199
  Beta virt. eigenvalues --    0.08511   0.09116   0.09428   0.09641   0.09788
  Beta virt. eigenvalues --    0.10443   0.10469   0.10690   0.10942   0.11310
  Beta virt. eigenvalues --    0.11515   0.11634   0.11668   0.11941   0.12172
  Beta virt. eigenvalues --    0.12590   0.12760   0.12922   0.13185   0.13273
  Beta virt. eigenvalues --    0.13338   0.13607   0.13802   0.13946   0.14063
  Beta virt. eigenvalues --    0.14590   0.14768   0.14866   0.14891   0.15153
  Beta virt. eigenvalues --    0.15211   0.15397   0.15525   0.15744   0.15997
  Beta virt. eigenvalues --    0.16007   0.16327   0.16373   0.16750   0.16801
  Beta virt. eigenvalues --    0.16906   0.17004   0.17346   0.17473   0.17665
  Beta virt. eigenvalues --    0.17731   0.18440   0.18694   0.18771   0.18817
  Beta virt. eigenvalues --    0.18968   0.19447   0.19529   0.19789   0.20271
  Beta virt. eigenvalues --    0.20379   0.20594   0.20861   0.21244   0.21327
  Beta virt. eigenvalues --    0.21482   0.21528   0.21850   0.22181   0.22511
  Beta virt. eigenvalues --    0.22756   0.23337   0.23716   0.23938   0.24046
  Beta virt. eigenvalues --    0.24417   0.24630   0.24817   0.25259   0.25481
  Beta virt. eigenvalues --    0.25793   0.26241   0.26359   0.26648   0.26899
  Beta virt. eigenvalues --    0.27477   0.27571   0.27721   0.28084   0.28698
  Beta virt. eigenvalues --    0.28883   0.29069   0.29688   0.30287   0.30385
  Beta virt. eigenvalues --    0.30417   0.31171   0.31354   0.31810   0.32169
  Beta virt. eigenvalues --    0.32650   0.33163   0.33473   0.33564   0.33869
  Beta virt. eigenvalues --    0.34268   0.34520   0.34768   0.34953   0.35123
  Beta virt. eigenvalues --    0.36071   0.36292   0.36971   0.37047   0.37721
  Beta virt. eigenvalues --    0.38072   0.38234   0.38669   0.38775   0.38984
  Beta virt. eigenvalues --    0.39390   0.39638   0.39801   0.40432   0.41349
  Beta virt. eigenvalues --    0.41387   0.43464   0.43859   0.44187   0.45822
  Beta virt. eigenvalues --    0.46042   0.47870   0.48165   0.49294   0.50349
  Beta virt. eigenvalues --    0.50624   0.53099   0.54222   0.59451   0.61525
  Beta virt. eigenvalues --    0.63518   0.64655   0.64902   0.67098   0.67389
  Beta virt. eigenvalues --    0.68265   0.68849   0.69019   0.69605   0.69999
  Beta virt. eigenvalues --    0.70501   0.70686   0.71343   0.71611   0.71951
  Beta virt. eigenvalues --    0.72662   0.72949   0.73040   0.73596   0.73915
  Beta virt. eigenvalues --    0.74321   0.74767   0.74881   0.75924   0.76194
  Beta virt. eigenvalues --    0.76558   0.76897   0.76994   0.78559   0.78679
  Beta virt. eigenvalues --    0.78880   0.79467   0.79814   0.80295   0.80498
  Beta virt. eigenvalues --    0.81373   0.82066   0.83143   0.83639   0.84281
  Beta virt. eigenvalues --    0.84602   0.84716   0.85262   0.85436   0.85988
  Beta virt. eigenvalues --    0.87736   0.89424   0.89855   0.91677   0.93437
  Beta virt. eigenvalues --    0.94809   0.94964   0.96474   0.96736   0.97472
  Beta virt. eigenvalues --    0.97752   0.99304   0.99512   1.00897   1.01920
  Beta virt. eigenvalues --    1.02243   1.03244   1.04028   1.04513   1.04848
  Beta virt. eigenvalues --    1.04872   1.05458   1.05973   1.07804   1.08436
  Beta virt. eigenvalues --    1.09050   1.10125   1.10451   1.11978   1.12080
  Beta virt. eigenvalues --    1.12677   1.12810   1.13172   1.13595   1.13663
  Beta virt. eigenvalues --    1.15832   1.16253   1.16459   1.16769   1.17032
  Beta virt. eigenvalues --    1.17441   1.17773   1.17853   1.18100   1.18584
  Beta virt. eigenvalues --    1.19156   1.19871   1.20738   1.21843   1.22294
  Beta virt. eigenvalues --    1.23421   1.25578   1.25939   1.26442   1.26858
  Beta virt. eigenvalues --    1.27644   1.27669   1.29737   1.33507   1.34066
  Beta virt. eigenvalues --    1.34158   1.35972   1.36365   1.37414   1.38174
  Beta virt. eigenvalues --    1.39002   1.41730   1.46440   1.46808   1.47586
  Beta virt. eigenvalues --    1.49298   1.49597   1.51805   1.51899   1.53267
  Beta virt. eigenvalues --    1.53997   1.55801   1.57769   1.59283   1.59403
  Beta virt. eigenvalues --    1.60513   1.61931   1.63839   1.64140   1.64294
  Beta virt. eigenvalues --    1.65898   1.66409   1.68992   1.69212   1.69906
  Beta virt. eigenvalues --    1.71468   1.71906   1.72772   1.73591   1.74894
  Beta virt. eigenvalues --    1.75464   1.76258   1.76840   1.77984   1.78506
  Beta virt. eigenvalues --    1.78670   1.80335   1.81422   1.82440   1.84413
  Beta virt. eigenvalues --    1.84849   1.85480   1.87707   1.87815   1.88738
  Beta virt. eigenvalues --    1.90213   1.91133   1.92037   1.93122   1.93503
  Beta virt. eigenvalues --    1.94781   1.95170   1.95579   1.95939   1.97574
  Beta virt. eigenvalues --    1.98060   1.99750   2.00468   2.02992   2.04074
  Beta virt. eigenvalues --    2.04438   2.04489   2.04749   2.05957   2.06422
  Beta virt. eigenvalues --    2.08205   2.08448   2.09150   2.10676   2.11322
  Beta virt. eigenvalues --    2.12823   2.12883   2.13272   2.13328   2.13529
  Beta virt. eigenvalues --    2.14029   2.14759   2.15882   2.16055   2.16593
  Beta virt. eigenvalues --    2.16910   2.17308   2.17879   2.18161   2.18891
  Beta virt. eigenvalues --    2.20438   2.21193   2.22324   2.23173   2.24303
  Beta virt. eigenvalues --    2.25299   2.26851   2.27282   2.28227   2.28502
  Beta virt. eigenvalues --    2.28972   2.30341   2.30530   2.32521   2.32735
  Beta virt. eigenvalues --    2.33331   2.33552   2.34570   2.35746   2.37247
  Beta virt. eigenvalues --    2.38271   2.39488   2.41894   2.42719   2.43906
  Beta virt. eigenvalues --    2.45555   2.46274   2.47620   2.48634   2.48903
  Beta virt. eigenvalues --    2.49220   2.49459   2.50830   2.51865   2.52421
  Beta virt. eigenvalues --    2.53019   2.54256   2.54944   2.56004   2.56465
  Beta virt. eigenvalues --    2.58127   2.58475   2.58984   2.60759   2.60883
  Beta virt. eigenvalues --    2.61293   2.62480   2.62950   2.64443   2.65403
  Beta virt. eigenvalues --    2.65792   2.66079   2.67549   2.67785   2.69773
  Beta virt. eigenvalues --    2.70233   2.71039   2.71660   2.72602   2.73938
  Beta virt. eigenvalues --    2.75412   2.76176   2.77451   2.77853   2.79316
  Beta virt. eigenvalues --    2.80973   2.81598   2.81944   2.84312   2.85432
  Beta virt. eigenvalues --    2.85707   2.86017   2.86431   2.87207   2.87576
  Beta virt. eigenvalues --    2.88464   2.89066   2.89242   2.90323   2.92430
  Beta virt. eigenvalues --    2.92758   2.96800   2.99004   3.00270   3.04326
  Beta virt. eigenvalues --    3.08511   3.12070   3.15687   3.16209   3.20264
  Beta virt. eigenvalues --    3.21959   3.26421   3.26453   3.26653   3.26684
  Beta virt. eigenvalues --    3.27569   3.28642   3.33168   3.33922   3.35761
  Beta virt. eigenvalues --    3.35995   3.37894   3.38862   3.42163   3.42317
  Beta virt. eigenvalues --    3.42736   3.42867   3.45201   3.46477   3.47299
  Beta virt. eigenvalues --    3.48862   3.48893   3.50141   3.50866   3.56341
  Beta virt. eigenvalues --    3.56561   3.56836   3.56994   3.57240   3.77126
  Beta virt. eigenvalues --    4.23763   4.28659   4.32453   4.36594   4.38393
  Beta virt. eigenvalues --    4.38685   4.42379   4.44133   4.44452   4.47658
  Beta virt. eigenvalues --    4.47895   4.51787   4.52154   4.60145   4.60301
  Beta virt. eigenvalues --    4.61530   4.66730   4.67471   4.68229   4.72316
  Beta virt. eigenvalues --    4.72472   4.89518   4.92013
          Condensed to atoms (all electrons):
              1          2          3          4          5          6
     1  C   11.756102   0.172215  -0.149210  -2.248574  -0.330332  -0.634920
     2  C    0.172215   8.772614   0.707214  -0.203581  -0.450233  -0.157485
     3  C   -0.149210   0.707214   5.879033   0.168138   0.143287   0.116879
     4  C   -2.248574  -0.203581   0.168138   7.793393   0.742922   0.724725
     5  C   -0.330332  -0.450233   0.143287   0.742922   9.484579  -0.045575
     6  C   -0.634920  -0.157485   0.116879   0.724725  -0.045575   7.724211
     7  C   -0.077512  -0.465367   0.137613  -0.026801  -0.144421   0.787883
     8  C    0.453872   0.115887  -0.070719  -0.705690  -0.037876  -2.209684
     9  C   -0.609379  -0.547573  -0.281882   0.495634  -0.735152   1.069034
    10  C    0.012809  -0.402730   0.435746  -1.099510  -0.023132  -1.123278
    11  C   -1.184488  -0.503719  -0.234623   1.081272  -0.082430   0.380737
    12  H   -0.004346   0.011294  -0.002133   0.024889  -0.008559  -0.104251
    13  H    0.002477  -0.006115   0.017605  -0.011356   0.010500  -0.010711
    14  H    0.014999   0.011913  -0.001244  -0.110105   0.070587   0.024666
    15  C   -1.929557  -0.069185  -0.427380  -0.295606   0.200856  -0.032159
    16  H   -0.176478   0.003202  -0.012189   0.015222   0.005316   0.004109
    17  H    0.106847  -0.038464  -0.006954  -0.007656   0.024578   0.000435
    18  C   -0.061451   0.027297   0.033251  -0.075190  -0.092678  -0.007055
    19  H    0.161528  -0.005505   0.002949  -0.000316  -0.001800   0.000613
    20  H   -0.079933   0.004351  -0.001859  -0.002283   0.015473   0.000069
    21  H   -0.088384  -0.001923  -0.004435  -0.000331  -0.020222  -0.000230
    22  C    0.661528  -0.506270  -0.312541  -0.425185  -2.091455   0.014811
    23  H    0.087061   0.002524   0.011331  -0.010276  -0.099426  -0.002146
    24  H   -0.025523  -0.023291  -0.008633  -0.008365  -0.160096  -0.000605
    25  C   -0.142084  -0.025468  -0.018466   0.058405   0.260191   0.004924
    26  H    0.003423  -0.000769  -0.004455  -0.005568  -0.045891   0.000036
    27  H    0.029598   0.002889   0.003793  -0.013745   0.063385   0.000314
    28  H   -0.045944  -0.007663   0.005167   0.034046   0.080131  -0.000112
    29  C   -0.123725  -0.552112  -0.326477   0.026929   0.013656  -0.303616
    30  H   -0.000731  -0.023917  -0.009456  -0.000405   0.004453  -0.016874
    31  H   -0.002573   0.000440   0.009929  -0.002551   0.005116  -0.007885
    32  C    0.002400  -0.022888  -0.018109   0.005701  -0.017932   0.062595
    33  H   -0.000190  -0.007161   0.004313  -0.000134   0.000629   0.030553
    34  H    0.001203   0.003893   0.004859  -0.000072   0.001819  -0.007341
    35  H   -0.000414  -0.001295  -0.004683   0.000086   0.000248  -0.005558
    36  C    0.107051  -0.055683  -0.424561  -0.029457  -0.116114  -0.285927
    37  H    0.003789   0.010431  -0.010367   0.005216  -0.002799   0.019645
    38  H   -0.001798  -0.051802  -0.007627   0.000492  -0.006923  -0.004466
    39  C   -0.010097   0.023140   0.034781  -0.009702   0.013855  -0.094289
    40  H    0.000497   0.004382  -0.001989   0.000076  -0.000211  -0.002546
    41  H    0.000910  -0.007790   0.003538   0.000542  -0.001156   0.000484
    42  H    0.001274   0.004497  -0.003402   0.000141  -0.000874  -0.000569
    43  N    0.058705   0.439759   0.001408  -0.046538  -0.073533  -0.022244
    44  N   -0.135362   0.449931   0.015811  -0.020609  -0.162229  -0.058043
    45  C    0.364968   0.022180   0.052660  -0.079973  -0.042026  -0.143655
    46  H    0.016439   0.024354   0.004581   0.000303   0.010227  -0.008064
    47  H    0.002235  -0.003647  -0.001938  -0.005329  -0.003052  -0.007246
    48  C   -0.104169   0.030032   0.024143  -0.200531  -0.077429  -0.139567
    49  H   -0.030684   0.017697   0.001936  -0.009769  -0.025889  -0.000485
    50  H   -0.044734  -0.004428   0.000662  -0.008435  -0.003514  -0.006385
              7          8          9         10         11         12
     1  C   -0.077512   0.453872  -0.609379   0.012809  -1.184488  -0.004346
     2  C   -0.465367   0.115887  -0.547573  -0.402730  -0.503719   0.011294
     3  C    0.137613  -0.070719  -0.281882   0.435746  -0.234623  -0.002133
     4  C   -0.026801  -0.705690   0.495634  -1.099510   1.081272   0.024889
     5  C   -0.144421  -0.037876  -0.735152  -0.023132  -0.082430  -0.008559
     6  C    0.787883  -2.209684   1.069034  -1.123278   0.380737  -0.104251
     7  C    9.332354  -0.187096  -0.154071  -0.037288  -0.633329   0.063887
     8  C   -0.187096  11.793521  -1.297898   0.031420  -0.564107   0.009087
     9  C   -0.154071  -1.297898   8.423867   0.216606  -0.607645   0.262220
    10  C   -0.037288   0.031420   0.216606   8.379867   0.304012   0.107889
    11  C   -0.633329  -0.564107  -0.607645   0.304012   8.081177   0.009126
    12  H    0.063887   0.009087   0.262220   0.107889   0.009126   0.616215
    13  H    0.009962   0.002672  -0.057072   0.407952  -0.052008  -0.014506
    14  H   -0.007033  -0.003731   0.005806   0.109812   0.254464  -0.003272
    15  C   -0.123844   0.108249  -0.077976   0.004061   0.102144   0.000287
    16  H   -0.003846   0.004282  -0.000819   0.001510   0.011964   0.000108
    17  H   -0.006374  -0.002179  -0.002115   0.000723  -0.003126  -0.000004
    18  C    0.014437  -0.009372   0.002869   0.003780  -0.007386  -0.000146
    19  H   -0.001270   0.001027  -0.000780   0.001099  -0.003456   0.000000
    20  H   -0.000172   0.000559  -0.000131   0.000226   0.001260  -0.000001
    21  H   -0.001833   0.000649  -0.000337   0.000039   0.002083   0.000008
    22  C    0.029762  -0.111132  -0.068509  -0.519986  -0.016139  -0.005995
    23  H    0.005872  -0.002676  -0.002982  -0.024680  -0.066351  -0.000266
    24  H    0.004173  -0.000729   0.006243  -0.013424   0.070565  -0.000526
    25  C   -0.018194   0.002352  -0.010362   0.058361   0.106708   0.001052
    26  H    0.000343  -0.000406   0.000673   0.001136   0.017254   0.000039
    27  H    0.001576   0.001281  -0.009342  -0.020197  -0.045073  -0.000163
    28  H    0.000685  -0.000269   0.000887  -0.001368   0.014878  -0.000144
    29  C   -2.045090   0.429540   0.081094  -0.552862  -0.050822  -0.104103
    30  H   -0.168354  -0.015653   0.069980  -0.010728   0.006315  -0.002333
    31  H   -0.086254   0.068011  -0.065723  -0.026721  -0.003534  -0.003862
    32  C    0.246090  -0.137178   0.108890   0.058761  -0.010330   0.036754
    33  H    0.070742  -0.036802   0.015398  -0.001222   0.000700   0.002129
    34  H    0.067774   0.027440  -0.048446  -0.022250  -0.008852   0.000590
    35  H   -0.047706   0.002000   0.018739   0.001172   0.000725  -0.001419
    36  C    0.176679  -1.924666   0.099269   0.001131  -0.076020   0.013651
    37  H   -0.001857  -0.166641   0.012864   0.001748  -0.000098  -0.000100
    38  H    0.036472   0.091256  -0.002148  -0.000185  -0.001997   0.001037
    39  C   -0.106421  -0.021722  -0.012039   0.005685   0.002140  -0.004176
    40  H    0.011529  -0.076279   0.001339   0.000265  -0.000156  -0.000067
    41  H    0.007340   0.156521  -0.003545   0.001048  -0.000479   0.001012
    42  H   -0.022858  -0.089981   0.001567   0.000080  -0.000119  -0.000254
    43  N   -0.174262  -0.136434  -0.004274   0.035777  -0.044494   0.000244
    44  N   -0.087585   0.080321  -0.047216   0.035898  -0.002105  -0.004053
    45  C   -0.021083  -0.115338  -0.025723  -0.020062  -0.038904   0.000447
    46  H   -0.023149  -0.035762  -0.003881  -0.000998   0.001413  -0.000071
    47  H   -0.005626  -0.047213   0.001528   0.000213  -0.001886  -0.000022
    48  C   -0.100610   0.426734  -0.057765  -0.012784  -0.037990  -0.000122
    49  H    0.009796   0.019211   0.001342  -0.000749  -0.004568   0.000002
    50  H   -0.003288   0.003567  -0.002040  -0.000547   0.001611   0.000012
             13         14         15         16         17         18
     1  C    0.002477   0.014999  -1.929557  -0.176478   0.106847  -0.061451
     2  C   -0.006115   0.011913  -0.069185   0.003202  -0.038464   0.027297
     3  C    0.017605  -0.001244  -0.427380  -0.012189  -0.006954   0.033251
     4  C   -0.011356  -0.110105  -0.295606   0.015222  -0.007656  -0.075190
     5  C    0.010500   0.070587   0.200856   0.005316   0.024578  -0.092678
     6  C   -0.010711   0.024666  -0.032159   0.004109   0.000435  -0.007055
     7  C    0.009962  -0.007033  -0.123844  -0.003846  -0.006374   0.014437
     8  C    0.002672  -0.003731   0.108249   0.004282  -0.002179  -0.009372
     9  C   -0.057072   0.005806  -0.077976  -0.000819  -0.002115   0.002869
    10  C    0.407952   0.109812   0.004061   0.001510   0.000723   0.003780
    11  C   -0.052008   0.254464   0.102144   0.011964  -0.003126  -0.007386
    12  H   -0.014506  -0.003272   0.000287   0.000108  -0.000004  -0.000146
    13  H    0.542986  -0.014307  -0.001453  -0.000047  -0.000017   0.000136
    14  H   -0.014307   0.615973   0.013232  -0.000065   0.000987  -0.004070
    15  C   -0.001453   0.013232   9.321371   0.485146   0.355241  -0.528810
    16  H   -0.000047  -0.000065   0.485146   0.586886  -0.075323  -0.055663
    17  H   -0.000017   0.000987   0.355241  -0.075323   0.625357  -0.103525
    18  C    0.000136  -0.004070  -0.528810  -0.055663  -0.103525   5.839742
    19  H   -0.000002   0.000989  -0.098854  -0.032153   0.026346   0.348979
    20  H   -0.000002  -0.000059  -0.064284  -0.006893  -0.016707   0.496654
    21  H    0.000001  -0.000246  -0.004129   0.024390  -0.039254   0.448055
    22  C   -0.001598  -0.105356  -0.473002  -0.007308  -0.044355   0.110607
    23  H    0.000246  -0.004241  -0.015626  -0.013392   0.009224   0.015648
    24  H    0.000913  -0.001945  -0.043706   0.005395  -0.008314   0.024451
    25  C   -0.002386   0.037344   0.116286   0.018381   0.020715  -0.075693
    26  H   -0.000109  -0.001382   0.003929  -0.000933   0.000298   0.000033
    27  H    0.000301   0.000423   0.010293   0.001002   0.000902   0.000658
    28  H    0.000095   0.002144  -0.032961   0.009348  -0.006066   0.005531
    29  C   -0.002524  -0.005469  -0.036253  -0.000689  -0.001410   0.002255
    30  H    0.000932  -0.000532  -0.000635  -0.000029   0.000012  -0.000003
    31  H    0.000185  -0.000252  -0.000441   0.000027  -0.000082   0.000005
    32  C   -0.002299   0.001059   0.000473  -0.000021  -0.000023   0.000083
    33  H    0.000099  -0.000147  -0.000158   0.000001  -0.000001  -0.000013
    34  H    0.000269  -0.000141   0.000143  -0.000005   0.000009  -0.000001
    35  H   -0.000119   0.000043  -0.000082  -0.000001  -0.000005   0.000004
    36  C   -0.001422   0.000290   0.033233  -0.000354   0.000936   0.002888
    37  H   -0.000039   0.000110  -0.000306  -0.000105   0.000130   0.000158
    38  H   -0.000026   0.000003  -0.000100   0.000043  -0.001005   0.000619
    39  C    0.000146  -0.000152   0.004443   0.000261   0.000466  -0.001331
    40  H   -0.000001  -0.000002   0.000172  -0.000002   0.000031  -0.000006
    41  H   -0.000004   0.000002   0.000171   0.000005  -0.000031   0.000003
    42  H    0.000002   0.000010  -0.000652  -0.000092   0.000140   0.000353
    43  N    0.000712  -0.003931  -0.288804   0.023883  -0.045028   0.113328
    44  N    0.000708   0.000325   0.031603  -0.000665  -0.005936   0.013348
    45  C   -0.000213   0.000040  -0.428418  -0.037521  -0.011563   0.148122
    46  H   -0.000002   0.000005   0.005537   0.000738  -0.000762  -0.004307
    47  H    0.000000   0.000005  -0.002977  -0.000968   0.003268   0.000577
    48  C   -0.000178   0.000387   0.221013  -0.004317   0.067633  -0.074657
    49  H    0.000002  -0.000098   0.014620   0.000746  -0.003700   0.001131
    50  H   -0.000008   0.000016   0.013313   0.003068  -0.018818   0.017302
             19         20         21         22         23         24
     1  C    0.161528  -0.079933  -0.088384   0.661528   0.087061  -0.025523
     2  C   -0.005505   0.004351  -0.001923  -0.506270   0.002524  -0.023291
     3  C    0.002949  -0.001859  -0.004435  -0.312541   0.011331  -0.008633
     4  C   -0.000316  -0.002283  -0.000331  -0.425185  -0.010276  -0.008365
     5  C   -0.001800   0.015473  -0.020222  -2.091455  -0.099426  -0.160096
     6  C    0.000613   0.000069  -0.000230   0.014811  -0.002146  -0.000605
     7  C   -0.001270  -0.000172  -0.001833   0.029762   0.005872   0.004173
     8  C    0.001027   0.000559   0.000649  -0.111132  -0.002676  -0.000729
     9  C   -0.000780  -0.000131  -0.000337  -0.068509  -0.002982   0.006243
    10  C    0.001099   0.000226   0.000039  -0.519986  -0.024680  -0.013424
    11  C   -0.003456   0.001260   0.002083  -0.016139  -0.066351   0.070565
    12  H    0.000000  -0.000001   0.000008  -0.005995  -0.000266  -0.000526
    13  H   -0.000002  -0.000002   0.000001  -0.001598   0.000246   0.000913
    14  H    0.000989  -0.000059  -0.000246  -0.105356  -0.004241  -0.001945
    15  C   -0.098854  -0.064284  -0.004129  -0.473002  -0.015626  -0.043706
    16  H   -0.032153  -0.006893   0.024390  -0.007308  -0.013392   0.005395
    17  H    0.026346  -0.016707  -0.039254  -0.044355   0.009224  -0.008314
    18  C    0.348979   0.496654   0.448055   0.110607   0.015648   0.024451
    19  H    0.543463  -0.035353  -0.053504  -0.036644   0.013643  -0.010364
    20  H   -0.035353   0.510447  -0.018326   0.001453  -0.000725   0.001121
    21  H   -0.053504  -0.018326   0.551704   0.013237  -0.000869   0.001628
    22  C   -0.036644   0.001453   0.013237   9.847260   0.434302   0.526580
    23  H    0.013643  -0.000725  -0.000869   0.434302   0.582417  -0.050027
    24  H   -0.010364   0.001121   0.001628   0.526580  -0.050027   0.579243
    25  C    0.012347  -0.002111  -0.000439  -0.422722  -0.058900  -0.076742
    26  H   -0.000386   0.000247  -0.000108  -0.045155  -0.009827  -0.009357
    27  H    0.000289  -0.000069   0.000148  -0.078223   0.014540  -0.021098
    28  H   -0.000635  -0.000158  -0.000189  -0.094524  -0.021618   0.011289
    29  C   -0.000305  -0.000066  -0.000391   0.033942   0.001148   0.002549
    30  H   -0.000002  -0.000004   0.000008   0.002631   0.000063   0.000166
    31  H   -0.000011   0.000000   0.000021   0.001009  -0.000023   0.000065
    32  C    0.000000   0.000004  -0.000039  -0.003260   0.000017  -0.000125
    33  H    0.000000  -0.000001   0.000005   0.000289   0.000001   0.000018
    34  H    0.000001   0.000000   0.000003   0.000040   0.000001  -0.000020
    35  H   -0.000001   0.000000  -0.000001   0.000135   0.000002   0.000009
    36  C    0.000085   0.000179  -0.000888  -0.035025  -0.000378  -0.000682
    37  H    0.000003  -0.000003  -0.000095  -0.000516   0.000030  -0.000034
    38  H   -0.000038   0.000029   0.000041  -0.001381  -0.000055   0.000015
    39  C    0.000028  -0.000003   0.000549   0.002059  -0.000036   0.000004
    40  H    0.000002   0.000001  -0.000004  -0.000073   0.000000  -0.000004
    41  H    0.000001   0.000003   0.000020  -0.000279  -0.000011  -0.000002
    42  H    0.000017  -0.000005  -0.000221  -0.000230   0.000022   0.000002
    43  N   -0.017416   0.007713   0.037567  -0.082028  -0.001953   0.003458
    44  N   -0.000788   0.000600  -0.002221  -0.027320   0.000401   0.000566
    45  C   -0.003668   0.001638  -0.025042  -0.001585   0.008991   0.001608
    46  H   -0.000214  -0.000076   0.002179   0.003099  -0.000206  -0.000015
    47  H    0.000208  -0.000090  -0.001323  -0.000043   0.000363  -0.000044
    48  C    0.012776   0.006416  -0.005874   0.012678  -0.004764  -0.001761
    49  H   -0.000032   0.000635   0.000963  -0.006389   0.000674   0.000653
    50  H   -0.001825   0.000172   0.006756   0.006575  -0.001587   0.000176
             25         26         27         28         29         30
     1  C   -0.142084   0.003423   0.029598  -0.045944  -0.123725  -0.000731
     2  C   -0.025468  -0.000769   0.002889  -0.007663  -0.552112  -0.023917
     3  C   -0.018466  -0.004455   0.003793   0.005167  -0.326477  -0.009456
     4  C    0.058405  -0.005568  -0.013745   0.034046   0.026929  -0.000405
     5  C    0.260191  -0.045891   0.063385   0.080131   0.013656   0.004453
     6  C    0.004924   0.000036   0.000314  -0.000112  -0.303616  -0.016874
     7  C   -0.018194   0.000343   0.001576   0.000685  -2.045090  -0.168354
     8  C    0.002352  -0.000406   0.001281  -0.000269   0.429540  -0.015653
     9  C   -0.010362   0.000673  -0.009342   0.000887   0.081094   0.069980
    10  C    0.058361   0.001136  -0.020197  -0.001368  -0.552862  -0.010728
    11  C    0.106708   0.017254  -0.045073   0.014878  -0.050822   0.006315
    12  H    0.001052   0.000039  -0.000163  -0.000144  -0.104103  -0.002333
    13  H   -0.002386  -0.000109   0.000301   0.000095  -0.002524   0.000932
    14  H    0.037344  -0.001382   0.000423   0.002144  -0.005469  -0.000532
    15  C    0.116286   0.003929   0.010293  -0.032961  -0.036253  -0.000635
    16  H    0.018381  -0.000933   0.001002   0.009348  -0.000689  -0.000029
    17  H    0.020715   0.000298   0.000902  -0.006066  -0.001410   0.000012
    18  C   -0.075693   0.000033   0.000658   0.005531   0.002255  -0.000003
    19  H    0.012347  -0.000386   0.000289  -0.000635  -0.000305  -0.000002
    20  H   -0.002111   0.000247  -0.000069  -0.000158  -0.000066  -0.000004
    21  H   -0.000439  -0.000108   0.000148  -0.000189  -0.000391   0.000008
    22  C   -0.422722  -0.045155  -0.078223  -0.094524   0.033942   0.002631
    23  H   -0.058900  -0.009827   0.014540  -0.021618   0.001148   0.000063
    24  H   -0.076742  -0.009357  -0.021098   0.011289   0.002549   0.000166
    25  C    5.625807   0.464997   0.409427   0.401574  -0.003389  -0.000117
    26  H    0.464997   0.514738  -0.028229  -0.027512   0.000141   0.000009
    27  H    0.409427  -0.028229   0.530496  -0.038802  -0.000052  -0.000018
    28  H    0.401574  -0.027512  -0.038802   0.526703   0.000296   0.000017
    29  C   -0.003389   0.000141  -0.000052   0.000296   9.894809   0.533801
    30  H   -0.000117   0.000009  -0.000018   0.000017   0.533801   0.579518
    31  H    0.000007   0.000002   0.000000   0.000001   0.430733  -0.050832
    32  C   -0.000084  -0.000009  -0.000018   0.000001  -0.415506  -0.076670
    33  H    0.000000   0.000002   0.000003   0.000001  -0.089272   0.011224
    34  H   -0.000020  -0.000007   0.000071   0.000003  -0.083407  -0.021176
    35  H   -0.000010   0.000000  -0.000007   0.000002  -0.043569  -0.009232
    36  C    0.000621  -0.000083   0.000151  -0.000147  -0.429645  -0.045707
    37  H   -0.000005   0.000000  -0.000004   0.000001  -0.004992   0.005496
    38  H   -0.000049  -0.000005   0.000009   0.000005  -0.041290  -0.008296
    39  C    0.000087   0.000003  -0.000002  -0.000017   0.093574   0.024867
    40  H    0.000004   0.000000   0.000000  -0.000001   0.002472   0.001132
    41  H    0.000000  -0.000001   0.000001   0.000000  -0.040559  -0.010312
    42  H   -0.000032  -0.000001   0.000004   0.000004   0.011125   0.001577
    43  N   -0.008577  -0.000511  -0.000507   0.000971  -0.032467   0.000583
    44  N   -0.003478   0.000069  -0.000136  -0.000054  -0.086053   0.003790
    45  C   -0.010053   0.000192  -0.000064   0.001218   0.022199  -0.001268
    46  H    0.000303   0.000013  -0.000039  -0.000049  -0.005299   0.000699
    47  H   -0.000241   0.000002   0.000065   0.000039   0.004657   0.000152
    48  C    0.007150   0.000236  -0.000216  -0.000474  -0.021153   0.001518
    49  H   -0.001826  -0.000059  -0.000023   0.000429   0.003296  -0.000043
    50  H    0.000494   0.000064  -0.000157  -0.000137   0.000107  -0.000022
             31         32         33         34         35         36
     1  C   -0.002573   0.002400  -0.000190   0.001203  -0.000414   0.107051
     2  C    0.000440  -0.022888  -0.007161   0.003893  -0.001295  -0.055683
     3  C    0.009929  -0.018109   0.004313   0.004859  -0.004683  -0.424561
     4  C   -0.002551   0.005701  -0.000134  -0.000072   0.000086  -0.029457
     5  C    0.005116  -0.017932   0.000629   0.001819   0.000248  -0.116114
     6  C   -0.007885   0.062595   0.030553  -0.007341  -0.005558  -0.285927
     7  C   -0.086254   0.246090   0.070742   0.067774  -0.047706   0.176679
     8  C    0.068011  -0.137178  -0.036802   0.027440   0.002000  -1.924666
     9  C   -0.065723   0.108890   0.015398  -0.048446   0.018739   0.099269
    10  C   -0.026721   0.058761  -0.001222  -0.022250   0.001172   0.001131
    11  C   -0.003534  -0.010330   0.000700  -0.008852   0.000725  -0.076020
    12  H   -0.003862   0.036754   0.002129   0.000590  -0.001419   0.013651
    13  H    0.000185  -0.002299   0.000099   0.000269  -0.000119  -0.001422
    14  H   -0.000252   0.001059  -0.000147  -0.000141   0.000043   0.000290
    15  C   -0.000441   0.000473  -0.000158   0.000143  -0.000082   0.033233
    16  H    0.000027  -0.000021   0.000001  -0.000005  -0.000001  -0.000354
    17  H   -0.000082  -0.000023  -0.000001   0.000009  -0.000005   0.000936
    18  C    0.000005   0.000083  -0.000013  -0.000001   0.000004   0.002888
    19  H   -0.000011   0.000000   0.000000   0.000001  -0.000001   0.000085
    20  H    0.000000   0.000004  -0.000001   0.000000   0.000000   0.000179
    21  H    0.000021  -0.000039   0.000005   0.000003  -0.000001  -0.000888
    22  C    0.001009  -0.003260   0.000289   0.000040   0.000135  -0.035025
    23  H   -0.000023   0.000017   0.000001   0.000001   0.000002  -0.000378
    24  H    0.000065  -0.000125   0.000018  -0.000020   0.000009  -0.000682
    25  C    0.000007  -0.000084   0.000000  -0.000020  -0.000010   0.000621
    26  H    0.000002  -0.000009   0.000002  -0.000007   0.000000  -0.000083
    27  H    0.000000  -0.000018   0.000003   0.000071  -0.000007   0.000151
    28  H    0.000001   0.000001   0.000001   0.000003   0.000002  -0.000147
    29  C    0.430733  -0.415506  -0.089272  -0.083407  -0.043569  -0.429645
    30  H   -0.050832  -0.076670   0.011224  -0.021176  -0.009232  -0.045707
    31  H    0.583685  -0.058897  -0.021835   0.014836  -0.010081  -0.000034
    32  C   -0.058897   5.626749   0.401301   0.408395   0.465974   0.107700
    33  H   -0.021835   0.401301   0.525985  -0.038648  -0.027418  -0.034711
    34  H    0.014836   0.408395  -0.038648   0.530724  -0.028450   0.010928
    35  H   -0.010081   0.465974  -0.027418  -0.028450   0.514943   0.004085
    36  C   -0.000034   0.107700  -0.034711   0.010928   0.004085   9.327448
    37  H   -0.012677   0.018818   0.010019   0.000735  -0.000761   0.463433
    38  H    0.008884   0.020502  -0.006003   0.000868   0.000311   0.383132
    39  C    0.012240  -0.076406   0.005408   0.000768  -0.000176  -0.547153
    40  H   -0.000929  -0.002112  -0.000175  -0.000068   0.000260  -0.066010
    41  H    0.013340   0.012080  -0.000566   0.000276  -0.000407  -0.098941
    42  H   -0.000634  -0.000388  -0.000211   0.000157  -0.000127  -0.009851
    43  N    0.000141  -0.003173  -0.000047  -0.000064   0.000044   0.039407
    44  N   -0.002243  -0.009012   0.001092  -0.000581  -0.000536  -0.318964
    45  C   -0.003095   0.007061   0.000324  -0.000719   0.000359   0.185983
    46  H    0.000742  -0.002002   0.000508  -0.000049  -0.000041   0.007552
    47  H   -0.001620   0.000896  -0.000198  -0.000142   0.000049   0.020181
    48  C    0.007628  -0.011118   0.000807   0.000335   0.000036  -0.406478
    49  H   -0.000169   0.000299  -0.000055  -0.000030   0.000010   0.005230
    50  H    0.000372  -0.000297   0.000052   0.000053   0.000006  -0.003870
             37         38         39         40         41         42
     1  C    0.003789  -0.001798  -0.010097   0.000497   0.000910   0.001274
     2  C    0.010431  -0.051802   0.023140   0.004382  -0.007790   0.004497
     3  C   -0.010367  -0.007627   0.034781  -0.001989   0.003538  -0.003402
     4  C    0.005216   0.000492  -0.009702   0.000076   0.000542   0.000141
     5  C   -0.002799  -0.006923   0.013855  -0.000211  -0.001156  -0.000874
     6  C    0.019645  -0.004466  -0.094289  -0.002546   0.000484  -0.000569
     7  C   -0.001857   0.036472  -0.106421   0.011529   0.007340  -0.022858
     8  C   -0.166641   0.091256  -0.021722  -0.076279   0.156521  -0.089981
     9  C    0.012864  -0.002148  -0.012039   0.001339  -0.003545   0.001567
    10  C    0.001748  -0.000185   0.005685   0.000265   0.001048   0.000080
    11  C   -0.000098  -0.001997   0.002140  -0.000156  -0.000479  -0.000119
    12  H   -0.000100   0.001037  -0.004176  -0.000067   0.001012  -0.000254
    13  H   -0.000039  -0.000026   0.000146  -0.000001  -0.000004   0.000002
    14  H    0.000110   0.000003  -0.000152  -0.000002   0.000002   0.000010
    15  C   -0.000306  -0.000100   0.004443   0.000172   0.000171  -0.000652
    16  H   -0.000105   0.000043   0.000261  -0.000002   0.000005  -0.000092
    17  H    0.000130  -0.001005   0.000466   0.000031  -0.000031   0.000140
    18  C    0.000158   0.000619  -0.001331  -0.000006   0.000003   0.000353
    19  H    0.000003  -0.000038   0.000028   0.000002   0.000001   0.000017
    20  H   -0.000003   0.000029  -0.000003   0.000001   0.000003  -0.000005
    21  H   -0.000095   0.000041   0.000549  -0.000004   0.000020  -0.000221
    22  C   -0.000516  -0.001381   0.002059  -0.000073  -0.000279  -0.000230
    23  H    0.000030  -0.000055  -0.000036   0.000000  -0.000011   0.000022
    24  H   -0.000034   0.000015   0.000004  -0.000004  -0.000002   0.000002
    25  C   -0.000005  -0.000049   0.000087   0.000004   0.000000  -0.000032
    26  H    0.000000  -0.000005   0.000003   0.000000  -0.000001  -0.000001
    27  H   -0.000004   0.000009  -0.000002   0.000000   0.000001   0.000004
    28  H    0.000001   0.000005  -0.000017  -0.000001   0.000000   0.000004
    29  C   -0.004992  -0.041290   0.093574   0.002472  -0.040559   0.011125
    30  H    0.005496  -0.008296   0.024867   0.001132  -0.010312   0.001577
    31  H   -0.012677   0.008884   0.012240  -0.000929   0.013340  -0.000634
    32  C    0.018818   0.020502  -0.076406  -0.002112   0.012080  -0.000388
    33  H    0.010019  -0.006003   0.005408  -0.000175  -0.000566  -0.000211
    34  H    0.000735   0.000868   0.000768  -0.000068   0.000276   0.000157
    35  H   -0.000761   0.000311  -0.000176   0.000260  -0.000407  -0.000127
    36  C    0.463433   0.383132  -0.547153  -0.066010  -0.098941  -0.009851
    37  H    0.583644  -0.073847  -0.051648  -0.006287  -0.032777   0.024240
    38  H   -0.073847   0.621707  -0.110623  -0.016852   0.026201  -0.039009
    39  C   -0.051648  -0.110623   5.859573   0.497468   0.351385   0.449675
    40  H   -0.006287  -0.016852   0.497468   0.509996  -0.034788  -0.018430
    41  H   -0.032777   0.026201   0.351385  -0.034788   0.544490  -0.054297
    42  H    0.024240  -0.039009   0.449675  -0.018430  -0.054297   0.552991
    43  N    0.000156  -0.007887   0.012884   0.000568  -0.000932  -0.000377
    44  N    0.024329  -0.051500   0.121555   0.007809  -0.018172   0.039191
    45  C   -0.010213   0.075427  -0.084886   0.006334   0.011638  -0.010728
    46  H    0.000462  -0.004743   0.004332   0.000553   0.000023   0.001921
    47  H    0.003886  -0.020705   0.014304   0.000203  -0.001766   0.006513
    48  C   -0.034012  -0.017180   0.163958   0.001280  -0.001644  -0.023253
    49  H    0.000527  -0.000567  -0.004110  -0.000069  -0.000258   0.002275
    50  H   -0.000932   0.002791   0.000883  -0.000099   0.000218  -0.001299
             43         44         45         46         47         48
     1  C    0.058705  -0.135362   0.364968   0.016439   0.002235  -0.104169
     2  C    0.439759   0.449931   0.022180   0.024354  -0.003647   0.030032
     3  C    0.001408   0.015811   0.052660   0.004581  -0.001938   0.024143
     4  C   -0.046538  -0.020609  -0.079973   0.000303  -0.005329  -0.200531
     5  C   -0.073533  -0.162229  -0.042026   0.010227  -0.003052  -0.077429
     6  C   -0.022244  -0.058043  -0.143655  -0.008064  -0.007246  -0.139567
     7  C   -0.174262  -0.087585  -0.021083  -0.023149  -0.005626  -0.100610
     8  C   -0.136434   0.080321  -0.115338  -0.035762  -0.047213   0.426734
     9  C   -0.004274  -0.047216  -0.025723  -0.003881   0.001528  -0.057765
    10  C    0.035777   0.035898  -0.020062  -0.000998   0.000213  -0.012784
    11  C   -0.044494  -0.002105  -0.038904   0.001413  -0.001886  -0.037990
    12  H    0.000244  -0.004053   0.000447  -0.000071  -0.000022  -0.000122
    13  H    0.000712   0.000708  -0.000213  -0.000002   0.000000  -0.000178
    14  H   -0.003931   0.000325   0.000040   0.000005   0.000005   0.000387
    15  C   -0.288804   0.031603  -0.428418   0.005537  -0.002977   0.221013
    16  H    0.023883  -0.000665  -0.037521   0.000738  -0.000968  -0.004317
    17  H   -0.045028  -0.005936  -0.011563  -0.000762   0.003268   0.067633
    18  C    0.113328   0.013348   0.148122  -0.004307   0.000577  -0.074657
    19  H   -0.017416  -0.000788  -0.003668  -0.000214   0.000208   0.012776
    20  H    0.007713   0.000600   0.001638  -0.000076  -0.000090   0.006416
    21  H    0.037567  -0.002221  -0.025042   0.002179  -0.001323  -0.005874
    22  C   -0.082028  -0.027320  -0.001585   0.003099  -0.000043   0.012678
    23  H   -0.001953   0.000401   0.008991  -0.000206   0.000363  -0.004764
    24  H    0.003458   0.000566   0.001608  -0.000015  -0.000044  -0.001761
    25  C   -0.008577  -0.003478  -0.010053   0.000303  -0.000241   0.007150
    26  H   -0.000511   0.000069   0.000192   0.000013   0.000002   0.000236
    27  H   -0.000507  -0.000136  -0.000064  -0.000039   0.000065  -0.000216
    28  H    0.000971  -0.000054   0.001218  -0.000049   0.000039  -0.000474
    29  C   -0.032467  -0.086053   0.022199  -0.005299   0.004657  -0.021153
    30  H    0.000583   0.003790  -0.001268   0.000699   0.000152   0.001518
    31  H    0.000141  -0.002243  -0.003095   0.000742  -0.001620   0.007628
    32  C   -0.003173  -0.009012   0.007061  -0.002002   0.000896  -0.011118
    33  H   -0.000047   0.001092   0.000324   0.000508  -0.000198   0.000807
    34  H   -0.000064  -0.000581  -0.000719  -0.000049  -0.000142   0.000335
    35  H    0.000044  -0.000536   0.000359  -0.000041   0.000049   0.000036
    36  C    0.039407  -0.318964   0.185983   0.007552   0.020181  -0.406478
    37  H    0.000156   0.024329  -0.010213   0.000462   0.003886  -0.034012
    38  H   -0.007887  -0.051500   0.075427  -0.004743  -0.020705  -0.017180
    39  C    0.012884   0.121555  -0.084886   0.004332   0.014304   0.163958
    40  H    0.000568   0.007809   0.006334   0.000553   0.000203   0.001280
    41  H   -0.000932  -0.018172   0.011638   0.000023  -0.001766  -0.001644
    42  H   -0.000377   0.039191  -0.010728   0.001921   0.006513  -0.023253
    43  N    7.319309  -0.239895  -0.089930   0.022292   0.009270   0.128837
    44  N   -0.239895   7.319060   0.104453  -0.028391  -0.010833  -0.056261
    45  C   -0.089930   0.104453   6.934212   0.396953   0.343644  -1.260514
    46  H    0.022292  -0.028391   0.396953   0.500293  -0.050462  -0.038819
    47  H    0.009270  -0.010833   0.343644  -0.050462   0.494637   0.018795
    48  C    0.128837  -0.056261  -1.260514  -0.038819   0.018795   6.944308
    49  H   -0.024426   0.022005  -0.062682  -0.021712   0.014014   0.407886
    50  H   -0.014386   0.008699   0.028993   0.013313  -0.016386   0.349895
             49         50
     1  C   -0.030684  -0.044734
     2  C    0.017697  -0.004428
     3  C    0.001936   0.000662
     4  C   -0.009769  -0.008435
     5  C   -0.025889  -0.003514
     6  C   -0.000485  -0.006385
     7  C    0.009796  -0.003288
     8  C    0.019211   0.003567
     9  C    0.001342  -0.002040
    10  C   -0.000749  -0.000547
    11  C   -0.004568   0.001611
    12  H    0.000002   0.000012
    13  H    0.000002  -0.000008
    14  H   -0.000098   0.000016
    15  C    0.014620   0.013313
    16  H    0.000746   0.003068
    17  H   -0.003700  -0.018818
    18  C    0.001131   0.017302
    19  H   -0.000032  -0.001825
    20  H    0.000635   0.000172
    21  H    0.000963   0.006756
    22  C   -0.006389   0.006575
    23  H    0.000674  -0.001587
    24  H    0.000653   0.000176
    25  C   -0.001826   0.000494
    26  H   -0.000059   0.000064
    27  H   -0.000023  -0.000157
    28  H    0.000429  -0.000137
    29  C    0.003296   0.000107
    30  H   -0.000043  -0.000022
    31  H   -0.000169   0.000372
    32  C    0.000299  -0.000297
    33  H   -0.000055   0.000052
    34  H   -0.000030   0.000053
    35  H    0.000010   0.000006
    36  C    0.005230  -0.003870
    37  H    0.000527  -0.000932
    38  H   -0.000567   0.002791
    39  C   -0.004110   0.000883
    40  H   -0.000069  -0.000099
    41  H   -0.000258   0.000218
    42  H    0.002275  -0.001299
    43  N   -0.024426  -0.014386
    44  N    0.022005   0.008699
    45  C   -0.062682   0.028993
    46  H   -0.021712   0.013313
    47  H    0.014014  -0.016386
    48  C    0.407886   0.349895
    49  H    0.506696  -0.052385
    50  H   -0.052385   0.498143
 Mulliken atomic charges:
              1
     1  C    0.220660
     2  C   -0.716074
     3  C    0.524706
     4  C    0.485512
     5  C   -0.248845
     6  C    0.476249
     7  C   -0.232373
     8  C    0.177770
     9  C   -0.159021
    10  C   -0.304123
    11  C   -0.164313
    12  H    0.102913
    13  H    0.179622
    14  H    0.102144
    15  C   -0.068459
    16  H    0.224842
    17  H    0.204519
    18  C   -0.570947
    19  H    0.178927
    20  H    0.180062
    21  H    0.180804
    22  C   -0.177769
    23  H    0.204519
    24  H    0.224547
    25  C   -0.726088
    26  H    0.172882
    27  H    0.184563
    28  H    0.183381
    29  C   -0.185758
    30  H    0.224407
    31  H    0.205542
    32  C   -0.724707
    33  H    0.183368
    34  H    0.184294
    35  H    0.172856
    36  C   -0.078470
    37  H    0.221245
    38  H    0.208261
    39  C   -0.565530
    40  H    0.180787
    41  H    0.177466
    42  H    0.180113
    43  N    0.107103
    44  N    0.098680
    45  C   -0.190718
    46  H    0.210278
    47  H    0.244051
    48  C   -0.140842
    49  H    0.218703
    50  H    0.228262
 Sum of Mulliken atomic charges =   2.00000
 Mulliken charges with hydrogens summed into heavy atoms:
              1
     1  C    0.220660
     2  C   -0.716074
     3  C    0.524706
     4  C    0.485512
     5  C   -0.248845
     6  C    0.476249
     7  C   -0.232373
     8  C    0.177770
     9  C   -0.056107
    10  C   -0.124501
    11  C   -0.062169
    15  C    0.360902
    18  C   -0.031154
    22  C    0.251297
    25  C   -0.185263
    29  C    0.244191
    32  C   -0.184189
    36  C    0.351036
    39  C   -0.027164
    43  N    0.107103
    44  N    0.098680
    45  C    0.263612
    48  C    0.306122
 Sum of Mulliken charges with hydrogens summed into heavy atoms =   2.00000
          Atomic-Atomic Spin Densities.
              1          2          3          4          5          6
     1  C   -0.090335  -0.008187   0.001481   0.046035   0.096516   0.011303
     2  C   -0.008187  -0.097600  -0.000759   0.007077   0.001738   0.005826
     3  C    0.001481  -0.000759   0.006164   0.010971   0.000427   0.010322
     4  C    0.046035   0.007077   0.010971  -0.106909  -0.058242  -0.008651
     5  C    0.096516   0.001738   0.000427  -0.058242   0.260249   0.008923
     6  C    0.011303   0.005826   0.010322  -0.008651   0.008923  -0.104514
     7  C   -0.000587   0.002878   0.001695   0.008325  -0.007169  -0.061141
     8  C   -0.009629  -0.008574   0.001056   0.012905  -0.000390   0.045116
     9  C    0.007067   0.001877   0.004640  -0.017181   0.011895   0.009971
    10  C   -0.003039  -0.005987   0.003205  -0.010795  -0.001463  -0.011543
    11  C    0.024936  -0.000928   0.005353   0.009978  -0.022017  -0.016544
    12  H   -0.000865  -0.000678  -0.000399  -0.001543  -0.000732   0.003714
    13  H    0.000294   0.000334   0.000472   0.000884   0.000880   0.000918
    14  H   -0.005624  -0.001196  -0.000214   0.004174  -0.009142  -0.001754
    15  C    0.002181   0.011797   0.000664  -0.013059  -0.029974  -0.000620
    16  H    0.001131  -0.001363   0.000181   0.001652   0.003608   0.000134
    17  H   -0.002032   0.002722   0.000096  -0.001417  -0.004396  -0.000142
    18  C    0.004975  -0.004063  -0.000902   0.001738   0.002878   0.000007
    19  H   -0.000590   0.000069  -0.000065  -0.000272  -0.000067   0.000013
    20  H   -0.000263   0.000234  -0.000054  -0.000124   0.000065   0.000008
    21  H   -0.000230  -0.000997   0.000145   0.001035  -0.000801  -0.000143
    22  C   -0.018001   0.012097  -0.001655   0.024151  -0.021614   0.000222
    23  H   -0.001389   0.000890  -0.000357  -0.002450  -0.002640  -0.000100
    24  H   -0.000793  -0.000051   0.000244   0.002595  -0.003927   0.000104
    25  C    0.003907  -0.001497   0.001687  -0.000988  -0.002188   0.000190
    26  H   -0.000195   0.000053   0.000061   0.000303   0.002169   0.000006
    27  H    0.001912  -0.000272   0.000066  -0.000491  -0.000154   0.000209
    28  H   -0.001874   0.000176  -0.000172   0.000286  -0.002554  -0.000077
    29  C    0.000953   0.014043  -0.001755   0.000117   0.001787   0.028420
    30  H    0.000054  -0.000122   0.000276   0.000122  -0.000212   0.002178
    31  H   -0.000182   0.001062  -0.000496  -0.000158   0.000153  -0.001994
    32  C    0.000083  -0.002155   0.002091   0.000242   0.000051  -0.002234
    33  H   -0.000081   0.000287  -0.000240  -0.000094   0.000095   0.000409
    34  H    0.000122  -0.000526   0.000137   0.000216  -0.000101  -0.000985
    35  H   -0.000003   0.000058   0.000066   0.000009  -0.000002   0.000280
    36  C    0.000998   0.012532  -0.000308  -0.000614   0.001547  -0.011675
    37  H    0.000336  -0.001121   0.000288   0.000203  -0.000286   0.001468
    38  H   -0.000480   0.001731  -0.000026  -0.000196   0.000580  -0.001279
    39  C    0.000132  -0.004133  -0.000927   0.000014  -0.000551   0.001661
    40  H    0.000009   0.000175  -0.000048   0.000005  -0.000001  -0.000106
    41  H   -0.000059   0.000011  -0.000088   0.000004   0.000025  -0.000254
    42  H    0.000362  -0.000509   0.000162  -0.000083  -0.000061   0.000895
    43  N   -0.033547  -0.005635  -0.002130   0.008017  -0.010952  -0.003485
    44  N    0.001965  -0.002003  -0.002128  -0.003170   0.000522   0.008742
    45  C   -0.002302  -0.001376  -0.001018   0.001854   0.004528   0.004066
    46  H   -0.002975  -0.000670  -0.000394   0.000540   0.000686  -0.001179
    47  H    0.002353   0.001860   0.000676   0.000210  -0.002235   0.000388
    48  C   -0.001696  -0.001632  -0.000130   0.001376  -0.001667  -0.001436
    49  H    0.004811   0.003774  -0.000052  -0.001237  -0.000903   0.000740
    50  H   -0.002478  -0.002539   0.000218   0.000423   0.004814   0.000060
              7          8          9         10         11         12
     1  C   -0.000587  -0.009629   0.007067  -0.003039   0.024936  -0.000865
     2  C    0.002878  -0.008574   0.001877  -0.005987  -0.000928  -0.000678
     3  C    0.001695   0.001056   0.004640   0.003205   0.005353  -0.000399
     4  C    0.008325   0.012905  -0.017181  -0.010795   0.009978  -0.001543
     5  C   -0.007169  -0.000390   0.011895  -0.001463  -0.022017  -0.000732
     6  C   -0.061141   0.045116   0.009971  -0.011543  -0.016544   0.003714
     7  C    0.262849   0.086555  -0.022636  -0.001025   0.011430  -0.008526
     8  C    0.086555  -0.072582   0.025092  -0.003657   0.006883  -0.005412
     9  C   -0.022636   0.025092   0.323240   0.004463  -0.041920   0.010473
    10  C   -0.001025  -0.003657   0.004463  -0.108086   0.005095   0.001044
    11  C    0.011430   0.006883  -0.041920   0.005095   0.322702   0.003068
    12  H   -0.008526  -0.005412   0.010473   0.001044   0.003068  -0.020852
    13  H    0.000873   0.000305  -0.000908  -0.005039  -0.000539   0.000012
    14  H   -0.000686  -0.000964   0.003776   0.001566   0.010329   0.000257
    15  C    0.001727   0.001724  -0.001181   0.002149  -0.003719  -0.000005
    16  H   -0.000324   0.000453   0.000559   0.000322   0.000560   0.000023
    17  H    0.000651  -0.000642  -0.000307   0.000014  -0.000225  -0.000013
    18  C   -0.000580   0.000117   0.000013  -0.000291   0.000605   0.000003
    19  H    0.000034  -0.000067  -0.000037   0.000058  -0.000042  -0.000002
    20  H    0.000001   0.000002  -0.000010   0.000001  -0.000033   0.000000
    21  H   -0.000057   0.000470   0.000182   0.000032   0.000195   0.000012
    22  C    0.002346   0.000371  -0.006413  -0.009255  -0.002108  -0.000183
    23  H    0.000231  -0.000254  -0.000932  -0.001088  -0.001220  -0.000035
    24  H   -0.000207   0.000049   0.000388   0.001021   0.003807  -0.000012
    25  C   -0.000102   0.000142   0.002947   0.001236  -0.002794   0.000076
    26  H    0.000004  -0.000007  -0.000094   0.000025   0.000404  -0.000006
    27  H   -0.000139   0.000144   0.000855  -0.000324  -0.001393   0.000039
    28  H    0.000110  -0.000100  -0.000257  -0.000170   0.000397  -0.000011
    29  C   -0.017579  -0.016234  -0.002979  -0.009863  -0.004112   0.004826
    30  H   -0.004528  -0.000327   0.003800   0.001166   0.000349  -0.000119
    31  H   -0.001607  -0.002401  -0.001187  -0.001424  -0.000759   0.000375
    32  C   -0.003828   0.006250  -0.003212   0.002017   0.002715  -0.001924
    33  H   -0.002197  -0.002350   0.000380  -0.000294  -0.000242   0.000030
    34  H   -0.000722   0.002355  -0.001385  -0.000004   0.000777  -0.000609
    35  H    0.002019  -0.000039   0.000415   0.000027  -0.000070   0.000021
    36  C   -0.022702  -0.012348  -0.002773   0.001872  -0.001377  -0.000038
    37  H    0.002359   0.002358   0.000583   0.000519   0.000454  -0.000132
    38  H   -0.002705  -0.004105  -0.000174  -0.000061  -0.000235   0.000029
    39  C    0.001091   0.007167   0.000627  -0.000263  -0.000019   0.000004
    40  H    0.000386  -0.000632  -0.000031  -0.000002  -0.000008   0.000004
    41  H   -0.000010  -0.000890  -0.000008   0.000049  -0.000035  -0.000018
    42  H   -0.001345   0.000635   0.000163   0.000100   0.000123  -0.000050
    43  N    0.000698   0.002254   0.000455  -0.000245   0.000699   0.000156
    44  N   -0.010904  -0.033465   0.000530  -0.000175   0.000324  -0.000167
    45  C   -0.001765  -0.002594   0.001236  -0.000317   0.000244  -0.000043
    46  H    0.000142   0.003438   0.000422  -0.000166  -0.000430   0.000097
    47  H    0.003839  -0.001472  -0.000655   0.000147   0.000647  -0.000093
    48  C    0.003586   0.001901  -0.000238  -0.000461   0.000381  -0.000010
    49  H    0.000448  -0.003176  -0.000598  -0.000003   0.000327  -0.000051
    50  H   -0.001961   0.002484   0.000757  -0.000033  -0.000516   0.000048
             13         14         15         16         17         18
     1  C    0.000294  -0.005624   0.002181   0.001131  -0.002032   0.004975
     2  C    0.000334  -0.001196   0.011797  -0.001363   0.002722  -0.004063
     3  C    0.000472  -0.000214   0.000664   0.000181   0.000096  -0.000902
     4  C    0.000884   0.004174  -0.013059   0.001652  -0.001417   0.001738
     5  C    0.000880  -0.009142  -0.029974   0.003608  -0.004396   0.002878
     6  C    0.000918  -0.001754  -0.000620   0.000134  -0.000142   0.000007
     7  C    0.000873  -0.000686   0.001727  -0.000324   0.000651  -0.000580
     8  C    0.000305  -0.000964   0.001724   0.000453  -0.000642   0.000117
     9  C   -0.000908   0.003776  -0.001181   0.000559  -0.000307   0.000013
    10  C   -0.005039   0.001566   0.002149   0.000322   0.000014  -0.000291
    11  C   -0.000539   0.010329  -0.003719   0.000560  -0.000225   0.000605
    12  H    0.000012   0.000257  -0.000005   0.000023  -0.000013   0.000003
    13  H    0.007572   0.000036   0.000051  -0.000004   0.000004  -0.000006
    14  H    0.000036  -0.020930  -0.000088  -0.000122   0.000029   0.000001
    15  C    0.000051  -0.000088  -0.003013  -0.001419   0.001152   0.008653
    16  H   -0.000004  -0.000122  -0.001419   0.002448  -0.002365   0.001124
    17  H    0.000004   0.000029   0.001152  -0.002365   0.003343   0.000651
    18  C   -0.000006   0.000001   0.008653   0.001124   0.000651  -0.003685
    19  H    0.000003  -0.000017  -0.000253  -0.000104  -0.000012   0.000805
    20  H    0.000000   0.000005   0.001591  -0.000578   0.000813  -0.001197
    21  H   -0.000001  -0.000052  -0.000620   0.000953  -0.001319   0.000014
    22  C   -0.000133   0.004669   0.008369  -0.006167   0.003685  -0.001640
    23  H   -0.000018   0.000347   0.002638  -0.001870   0.001323  -0.001485
    24  H   -0.000007  -0.000111   0.000301   0.000239   0.000169  -0.000386
    25  C    0.000061  -0.001762  -0.007153   0.002269  -0.001880   0.003165
    26  H    0.000005   0.000027  -0.000116   0.000142   0.000019   0.000021
    27  H    0.000010  -0.000549  -0.000942   0.000474  -0.000188   0.000066
    28  H    0.000003   0.000005   0.001143  -0.000708   0.000436  -0.000304
    29  C   -0.000241  -0.000082   0.000272   0.000052  -0.000042  -0.000033
    30  H   -0.000003  -0.000014   0.000018   0.000004  -0.000004   0.000002
    31  H   -0.000033  -0.000028  -0.000024   0.000013  -0.000025   0.000005
    32  C    0.000106   0.000068   0.000040  -0.000012   0.000024  -0.000005
    33  H   -0.000002  -0.000011   0.000001   0.000005  -0.000008   0.000002
    34  H    0.000027   0.000034  -0.000014  -0.000008   0.000006   0.000000
    35  H    0.000004  -0.000005   0.000002   0.000001  -0.000001   0.000000
    36  C    0.000044  -0.000019   0.000846   0.000063   0.000013  -0.000158
    37  H    0.000001   0.000020   0.000030  -0.000019   0.000053  -0.000007
    38  H    0.000002  -0.000010   0.000092   0.000052  -0.000095  -0.000037
    39  C   -0.000005   0.000002  -0.000186  -0.000009  -0.000038   0.000041
    40  H    0.000000   0.000000   0.000002   0.000000  -0.000002  -0.000001
    41  H    0.000003  -0.000002   0.000007   0.000002  -0.000001  -0.000004
    42  H    0.000001   0.000010   0.000012  -0.000027   0.000068   0.000014
    43  N    0.000004  -0.000156   0.007875  -0.000100  -0.000420  -0.003126
    44  N    0.000007   0.000146   0.001231  -0.000356   0.001026  -0.000429
    45  C    0.000006  -0.000029   0.004692   0.000385   0.000647  -0.002099
    46  H   -0.000002  -0.000041  -0.000635   0.000359  -0.001092   0.000135
    47  H    0.000001   0.000044   0.000481  -0.000473   0.001310  -0.000126
    48  C    0.000008  -0.000097  -0.001758  -0.000590  -0.000360   0.002095
    49  H    0.000001   0.000091   0.001049  -0.001685   0.004163  -0.000698
    50  H   -0.000002  -0.000083  -0.001273   0.002068  -0.004916   0.000624
             19         20         21         22         23         24
     1  C   -0.000590  -0.000263  -0.000230  -0.018001  -0.001389  -0.000793
     2  C    0.000069   0.000234  -0.000997   0.012097   0.000890  -0.000051
     3  C   -0.000065  -0.000054   0.000145  -0.001655  -0.000357   0.000244
     4  C   -0.000272  -0.000124   0.001035   0.024151  -0.002450   0.002595
     5  C   -0.000067   0.000065  -0.000801  -0.021614  -0.002640  -0.003927
     6  C    0.000013   0.000008  -0.000143   0.000222  -0.000100   0.000104
     7  C    0.000034   0.000001  -0.000057   0.002346   0.000231  -0.000207
     8  C   -0.000067   0.000002   0.000470   0.000371  -0.000254   0.000049
     9  C   -0.000037  -0.000010   0.000182  -0.006413  -0.000932   0.000388
    10  C    0.000058   0.000001   0.000032  -0.009255  -0.001088   0.001021
    11  C   -0.000042  -0.000033   0.000195  -0.002108  -0.001220   0.003807
    12  H   -0.000002   0.000000   0.000012  -0.000183  -0.000035  -0.000012
    13  H    0.000003   0.000000  -0.000001  -0.000133  -0.000018  -0.000007
    14  H   -0.000017   0.000005  -0.000052   0.004669   0.000347  -0.000111
    15  C   -0.000253   0.001591  -0.000620   0.008369   0.002638   0.000301
    16  H   -0.000104  -0.000578   0.000953  -0.006167  -0.001870   0.000239
    17  H   -0.000012   0.000813  -0.001319   0.003685   0.001323   0.000169
    18  C    0.000805  -0.001197   0.000014  -0.001640  -0.001485  -0.000386
    19  H   -0.000241   0.000173  -0.000107   0.000395   0.000211   0.000113
    20  H    0.000173   0.000867  -0.000590  -0.000315   0.000334   0.000000
    21  H   -0.000107  -0.000590   0.000952  -0.000746  -0.000733  -0.000008
    22  C    0.000395  -0.000315  -0.000746  -0.027096   0.011412  -0.005569
    23  H    0.000211   0.000334  -0.000733   0.011412   0.003922  -0.001007
    24  H    0.000113   0.000000  -0.000008  -0.005569  -0.001007   0.004916
    25  C   -0.000350  -0.000069   0.000417   0.004251  -0.002489   0.002772
    26  H    0.000008  -0.000003  -0.000013  -0.004084  -0.000139   0.000126
    27  H   -0.000023  -0.000008   0.000053  -0.000533  -0.000619   0.000400
    28  H    0.000026   0.000035  -0.000111   0.003709   0.000515  -0.000215
    29  C    0.000000  -0.000001   0.000034  -0.000606  -0.000057  -0.000091
    30  H    0.000000   0.000000   0.000005  -0.000101  -0.000007  -0.000009
    31  H   -0.000001   0.000000   0.000020  -0.000068  -0.000015  -0.000006
    32  C    0.000001   0.000000  -0.000010   0.000215   0.000017   0.000010
    33  H    0.000000   0.000000   0.000003  -0.000033  -0.000004  -0.000002
    34  H    0.000000   0.000000  -0.000004   0.000153   0.000010   0.000012
    35  H    0.000000   0.000000   0.000000  -0.000009  -0.000001  -0.000001
    36  C    0.000009   0.000001   0.000071   0.000027  -0.000050   0.000006
    37  H    0.000002   0.000001  -0.000028   0.000051   0.000012   0.000003
    38  H    0.000000  -0.000002   0.000070  -0.000054  -0.000024  -0.000004
    39  C   -0.000005  -0.000001   0.000011  -0.000032   0.000005   0.000002
    40  H    0.000000   0.000000   0.000003  -0.000001   0.000000   0.000000
    41  H    0.000000   0.000000   0.000003  -0.000002  -0.000001   0.000000
    42  H    0.000003   0.000003  -0.000085   0.000035   0.000017   0.000004
    43  N    0.000163  -0.000190   0.001635   0.003085  -0.000579  -0.000213
    44  N    0.000040   0.000032  -0.000724   0.000948   0.000228   0.000006
    45  C    0.000175  -0.000084   0.000167  -0.000754  -0.000160  -0.000074
    46  H   -0.000030  -0.000059   0.000759  -0.000562  -0.000171  -0.000026
    47  H    0.000017   0.000044  -0.000507   0.000780   0.000188   0.000026
    48  C   -0.000236   0.000033  -0.000004   0.002385   0.000329   0.000066
    49  H    0.000239   0.000397  -0.002422   0.001809   0.000791   0.000049
    50  H   -0.000116  -0.000282   0.001522  -0.002744  -0.000794  -0.000064
             25         26         27         28         29         30
     1  C    0.003907  -0.000195   0.001912  -0.001874   0.000953   0.000054
     2  C   -0.001497   0.000053  -0.000272   0.000176   0.014043  -0.000122
     3  C    0.001687   0.000061   0.000066  -0.000172  -0.001755   0.000276
     4  C   -0.000988   0.000303  -0.000491   0.000286   0.000117   0.000122
     5  C   -0.002188   0.002169  -0.000154  -0.002554   0.001787  -0.000212
     6  C    0.000190   0.000006   0.000209  -0.000077   0.028420   0.002178
     7  C   -0.000102   0.000004  -0.000139   0.000110  -0.017579  -0.004528
     8  C    0.000142  -0.000007   0.000144  -0.000100  -0.016234  -0.000327
     9  C    0.002947  -0.000094   0.000855  -0.000257  -0.002979   0.003800
    10  C    0.001236   0.000025  -0.000324  -0.000170  -0.009863   0.001166
    11  C   -0.002794   0.000404  -0.001393   0.000397  -0.004112   0.000349
    12  H    0.000076  -0.000006   0.000039  -0.000011   0.004826  -0.000119
    13  H    0.000061   0.000005   0.000010   0.000003  -0.000241  -0.000003
    14  H   -0.001762   0.000027  -0.000549   0.000005  -0.000082  -0.000014
    15  C   -0.007153  -0.000116  -0.000942   0.001143   0.000272   0.000018
    16  H    0.002269   0.000142   0.000474  -0.000708   0.000052   0.000004
    17  H   -0.001880   0.000019  -0.000188   0.000436  -0.000042  -0.000004
    18  C    0.003165   0.000021   0.000066  -0.000304  -0.000033   0.000002
    19  H   -0.000350   0.000008  -0.000023   0.000026   0.000000   0.000000
    20  H   -0.000069  -0.000003  -0.000008   0.000035  -0.000001   0.000000
    21  H    0.000417  -0.000013   0.000053  -0.000111   0.000034   0.000005
    22  C    0.004251  -0.004084  -0.000533   0.003709  -0.000606  -0.000101
    23  H   -0.002489  -0.000139  -0.000619   0.000515  -0.000057  -0.000007
    24  H    0.002772   0.000126   0.000400  -0.000215  -0.000091  -0.000009
    25  C    0.013595   0.000943   0.001569  -0.001202   0.000180   0.000010
    26  H    0.000943   0.001304   0.000496  -0.000172  -0.000009  -0.000001
    27  H    0.001569   0.000496  -0.000459  -0.000299   0.000146   0.000012
    28  H   -0.001202  -0.000172  -0.000299  -0.000182  -0.000029  -0.000002
    29  C    0.000180  -0.000009   0.000146  -0.000029  -0.041192  -0.005037
    30  H    0.000010  -0.000001   0.000012  -0.000002  -0.005037   0.004906
    31  H    0.000016  -0.000001   0.000010  -0.000003   0.010295  -0.000978
    32  C   -0.000030   0.000001  -0.000024   0.000005   0.005764   0.002836
    33  H    0.000005   0.000000   0.000006  -0.000002   0.003553  -0.000210
    34  H   -0.000023   0.000002  -0.000026   0.000006   0.000140   0.000390
    35  H    0.000001   0.000000   0.000002   0.000000  -0.004163   0.000127
    36  C    0.000058   0.000000  -0.000004  -0.000005   0.005631   0.000190
    37  H   -0.000010   0.000001  -0.000008   0.000004  -0.005335   0.000213
    38  H    0.000021  -0.000001   0.000005  -0.000007   0.002681   0.000164
    39  C   -0.000005   0.000000   0.000000   0.000002  -0.000198  -0.000389
    40  H    0.000000   0.000000   0.000000   0.000000  -0.000444   0.000001
    41  H    0.000000   0.000000   0.000000   0.000000   0.000404   0.000117
    42  H   -0.000008   0.000000  -0.000003   0.000003  -0.000364  -0.000008
    43  N    0.000279   0.000019  -0.000110   0.000208   0.000679   0.000004
    44  N   -0.000053   0.000006  -0.000055   0.000024   0.003372  -0.000202
    45  C    0.000436  -0.000010   0.000075  -0.000055   0.002033   0.000009
    46  H    0.000093  -0.000005   0.000033  -0.000038   0.001314   0.000045
    47  H   -0.000162   0.000007  -0.000056   0.000072  -0.002221  -0.000063
    48  C   -0.000585   0.000004  -0.000025   0.000089   0.000973   0.000013
    49  H   -0.000416   0.000018  -0.000085   0.000154  -0.000497  -0.000028
    50  H    0.000740  -0.000024   0.000153  -0.000283   0.000628   0.000026
             31         32         33         34         35         36
     1  C   -0.000182   0.000083  -0.000081   0.000122  -0.000003   0.000998
     2  C    0.001062  -0.002155   0.000287  -0.000526   0.000058   0.012532
     3  C   -0.000496   0.002091  -0.000240   0.000137   0.000066  -0.000308
     4  C   -0.000158   0.000242  -0.000094   0.000216   0.000009  -0.000614
     5  C    0.000153   0.000051   0.000095  -0.000101  -0.000002   0.001547
     6  C   -0.001994  -0.002234   0.000409  -0.000985   0.000280  -0.011675
     7  C   -0.001607  -0.003828  -0.002197  -0.000722   0.002019  -0.022702
     8  C   -0.002401   0.006250  -0.002350   0.002355  -0.000039  -0.012348
     9  C   -0.001187  -0.003212   0.000380  -0.001385   0.000415  -0.002773
    10  C   -0.001424   0.002017  -0.000294  -0.000004   0.000027   0.001872
    11  C   -0.000759   0.002715  -0.000242   0.000777  -0.000070  -0.001377
    12  H    0.000375  -0.001924   0.000030  -0.000609   0.000021  -0.000038
    13  H   -0.000033   0.000106  -0.000002   0.000027   0.000004   0.000044
    14  H   -0.000028   0.000068  -0.000011   0.000034  -0.000005  -0.000019
    15  C   -0.000024   0.000040   0.000001  -0.000014   0.000002   0.000846
    16  H    0.000013  -0.000012   0.000005  -0.000008   0.000001   0.000063
    17  H   -0.000025   0.000024  -0.000008   0.000006  -0.000001   0.000013
    18  C    0.000005  -0.000005   0.000002   0.000000   0.000000  -0.000158
    19  H   -0.000001   0.000001   0.000000   0.000000   0.000000   0.000009
    20  H    0.000000   0.000000   0.000000   0.000000   0.000000   0.000001
    21  H    0.000020  -0.000010   0.000003  -0.000004   0.000000   0.000071
    22  C   -0.000068   0.000215  -0.000033   0.000153  -0.000009   0.000027
    23  H   -0.000015   0.000017  -0.000004   0.000010  -0.000001  -0.000050
    24  H   -0.000006   0.000010  -0.000002   0.000012  -0.000001   0.000006
    25  C    0.000016  -0.000030   0.000005  -0.000023   0.000001   0.000058
    26  H   -0.000001   0.000001   0.000000   0.000002   0.000000   0.000000
    27  H    0.000010  -0.000024   0.000006  -0.000026   0.000002  -0.000004
    28  H   -0.000003   0.000005  -0.000002   0.000006   0.000000  -0.000005
    29  C    0.010295   0.005764   0.003553   0.000140  -0.004163   0.005631
    30  H   -0.000978   0.002836  -0.000210   0.000390   0.000127   0.000190
    31  H    0.003824  -0.002530   0.000532  -0.000604  -0.000168   0.003118
    32  C   -0.002530   0.013964  -0.001349   0.001644   0.001079  -0.008146
    33  H    0.000532  -0.001349  -0.000139  -0.000328  -0.000199   0.001391
    34  H   -0.000604   0.001644  -0.000328  -0.000452   0.000519  -0.001076
    35  H   -0.000168   0.001079  -0.000199   0.000519   0.001317  -0.000177
    36  C    0.003118  -0.008146   0.001391  -0.001076  -0.000177   0.008085
    37  H   -0.001748   0.002287  -0.000707   0.000458   0.000155  -0.001911
    38  H    0.001191  -0.001839   0.000415  -0.000162   0.000006   0.002444
    39  C   -0.001351   0.003133  -0.000295   0.000048   0.000034   0.007876
    40  H    0.000309  -0.000066   0.000035  -0.000007  -0.000004   0.001757
    41  H    0.000192  -0.000337   0.000022  -0.000021   0.000009  -0.000068
    42  H   -0.000654   0.000392  -0.000105   0.000046  -0.000008  -0.000882
    43  N    0.000228  -0.000067   0.000025  -0.000054   0.000004   0.001711
    44  N   -0.000625   0.000303   0.000199  -0.000101   0.000015   0.007246
    45  C    0.000342  -0.000691   0.000096   0.000011  -0.000006  -0.002263
    46  H    0.000771  -0.000432   0.000165  -0.000085   0.000014   0.002748
    47  H   -0.000751   0.000766  -0.000295   0.000151  -0.000018  -0.003071
    48  C    0.000054   0.000317   0.000014  -0.000012   0.000008   0.003639
    49  H   -0.000190   0.000107  -0.000041   0.000034  -0.000004  -0.001381
    50  H    0.000185  -0.000167   0.000070  -0.000051   0.000005   0.001088
             37         38         39         40         41         42
     1  C    0.000336  -0.000480   0.000132   0.000009  -0.000059   0.000362
     2  C   -0.001121   0.001731  -0.004133   0.000175   0.000011  -0.000509
     3  C    0.000288  -0.000026  -0.000927  -0.000048  -0.000088   0.000162
     4  C    0.000203  -0.000196   0.000014   0.000005   0.000004  -0.000083
     5  C   -0.000286   0.000580  -0.000551  -0.000001   0.000025  -0.000061
     6  C    0.001468  -0.001279   0.001661  -0.000106  -0.000254   0.000895
     7  C    0.002359  -0.002705   0.001091   0.000386  -0.000010  -0.001345
     8  C    0.002358  -0.004105   0.007167  -0.000632  -0.000890   0.000635
     9  C    0.000583  -0.000174   0.000627  -0.000031  -0.000008   0.000163
    10  C    0.000519  -0.000061  -0.000263  -0.000002   0.000049   0.000100
    11  C    0.000454  -0.000235  -0.000019  -0.000008  -0.000035   0.000123
    12  H   -0.000132   0.000029   0.000004   0.000004  -0.000018  -0.000050
    13  H    0.000001   0.000002  -0.000005   0.000000   0.000003   0.000001
    14  H    0.000020  -0.000010   0.000002   0.000000  -0.000002   0.000010
    15  C    0.000030   0.000092  -0.000186   0.000002   0.000007   0.000012
    16  H   -0.000019   0.000052  -0.000009   0.000000   0.000002  -0.000027
    17  H    0.000053  -0.000095  -0.000038  -0.000002  -0.000001   0.000068
    18  C   -0.000007  -0.000037   0.000041  -0.000001  -0.000004   0.000014
    19  H    0.000002   0.000000  -0.000005   0.000000   0.000000   0.000003
    20  H    0.000001  -0.000002  -0.000001   0.000000   0.000000   0.000003
    21  H   -0.000028   0.000070   0.000011   0.000003   0.000003  -0.000085
    22  C    0.000051  -0.000054  -0.000032  -0.000001  -0.000002   0.000035
    23  H    0.000012  -0.000024   0.000005   0.000000  -0.000001   0.000017
    24  H    0.000003  -0.000004   0.000002   0.000000   0.000000   0.000004
    25  C   -0.000010   0.000021  -0.000005   0.000000   0.000000  -0.000008
    26  H    0.000001  -0.000001   0.000000   0.000000   0.000000   0.000000
    27  H   -0.000008   0.000005   0.000000   0.000000   0.000000  -0.000003
    28  H    0.000004  -0.000007   0.000002   0.000000   0.000000   0.000003
    29  C   -0.005335   0.002681  -0.000198  -0.000444   0.000404  -0.000364
    30  H    0.000213   0.000164  -0.000389   0.000001   0.000117  -0.000008
    31  H   -0.001748   0.001191  -0.001351   0.000309   0.000192  -0.000654
    32  C    0.002287  -0.001839   0.003133  -0.000066  -0.000337   0.000392
    33  H   -0.000707   0.000415  -0.000295   0.000035   0.000022  -0.000105
    34  H    0.000458  -0.000162   0.000048  -0.000007  -0.000021   0.000046
    35  H    0.000155   0.000006   0.000034  -0.000004   0.000009  -0.000008
    36  C   -0.001911   0.002444   0.007876   0.001757  -0.000068  -0.000882
    37  H    0.002247  -0.002033   0.000905  -0.000528  -0.000065   0.000821
    38  H   -0.002033   0.002664   0.001026   0.000712  -0.000032  -0.001070
    39  C    0.000905   0.001026  -0.004288  -0.001146   0.000825  -0.000134
    40  H   -0.000528   0.000712  -0.001146   0.000819   0.000159  -0.000510
    41  H   -0.000065  -0.000032   0.000825   0.000159  -0.000256  -0.000062
    42  H    0.000821  -0.001070  -0.000134  -0.000510  -0.000062   0.000738
    43  N   -0.000361   0.000984  -0.000401   0.000029   0.000037  -0.000678
    44  N   -0.000051  -0.000336  -0.003303  -0.000186   0.000179   0.001434
    45  C   -0.000634  -0.000568   0.002887  -0.000032  -0.000119   0.000052
    46  H   -0.001627   0.003924  -0.000832   0.000372   0.000205  -0.002098
    47  H    0.001928  -0.004432   0.000591  -0.000229  -0.000096   0.001293
    48  C    0.000000   0.001289  -0.002966  -0.000031   0.000088  -0.000257
    49  H    0.000366  -0.001092   0.000171  -0.000063  -0.000025   0.000762
    50  H   -0.000440   0.001204  -0.000115   0.000041   0.000013  -0.000473
             43         44         45         46         47         48
     1  C   -0.033547   0.001965  -0.002302  -0.002975   0.002353  -0.001696
     2  C   -0.005635  -0.002003  -0.001376  -0.000670   0.001860  -0.001632
     3  C   -0.002130  -0.002128  -0.001018  -0.000394   0.000676  -0.000130
     4  C    0.008017  -0.003170   0.001854   0.000540   0.000210   0.001376
     5  C   -0.010952   0.000522   0.004528   0.000686  -0.002235  -0.001667
     6  C   -0.003485   0.008742   0.004066  -0.001179   0.000388  -0.001436
     7  C    0.000698  -0.010904  -0.001765   0.000142   0.003839   0.003586
     8  C    0.002254  -0.033465  -0.002594   0.003438  -0.001472   0.001901
     9  C    0.000455   0.000530   0.001236   0.000422  -0.000655  -0.000238
    10  C   -0.000245  -0.000175  -0.000317  -0.000166   0.000147  -0.000461
    11  C    0.000699   0.000324   0.000244  -0.000430   0.000647   0.000381
    12  H    0.000156  -0.000167  -0.000043   0.000097  -0.000093  -0.000010
    13  H    0.000004   0.000007   0.000006  -0.000002   0.000001   0.000008
    14  H   -0.000156   0.000146  -0.000029  -0.000041   0.000044  -0.000097
    15  C    0.007875   0.001231   0.004692  -0.000635   0.000481  -0.001758
    16  H   -0.000100  -0.000356   0.000385   0.000359  -0.000473  -0.000590
    17  H   -0.000420   0.001026   0.000647  -0.001092   0.001310  -0.000360
    18  C   -0.003126  -0.000429  -0.002099   0.000135  -0.000126   0.002095
    19  H    0.000163   0.000040   0.000175  -0.000030   0.000017  -0.000236
    20  H   -0.000190   0.000032  -0.000084  -0.000059   0.000044   0.000033
    21  H    0.001635  -0.000724   0.000167   0.000759  -0.000507  -0.000004
    22  C    0.003085   0.000948  -0.000754  -0.000562   0.000780   0.002385
    23  H   -0.000579   0.000228  -0.000160  -0.000171   0.000188   0.000329
    24  H   -0.000213   0.000006  -0.000074  -0.000026   0.000026   0.000066
    25  C    0.000279  -0.000053   0.000436   0.000093  -0.000162  -0.000585
    26  H    0.000019   0.000006  -0.000010  -0.000005   0.000007   0.000004
    27  H   -0.000110  -0.000055   0.000075   0.000033  -0.000056  -0.000025
    28  H    0.000208   0.000024  -0.000055  -0.000038   0.000072   0.000089
    29  C    0.000679   0.003372   0.002033   0.001314  -0.002221   0.000973
    30  H    0.000004  -0.000202   0.000009   0.000045  -0.000063   0.000013
    31  H    0.000228  -0.000625   0.000342   0.000771  -0.000751   0.000054
    32  C   -0.000067   0.000303  -0.000691  -0.000432   0.000766   0.000317
    33  H    0.000025   0.000199   0.000096   0.000165  -0.000295   0.000014
    34  H   -0.000054  -0.000101   0.000011  -0.000085   0.000151  -0.000012
    35  H    0.000004   0.000015  -0.000006   0.000014  -0.000018   0.000008
    36  C    0.001711   0.007246  -0.002263   0.002748  -0.003071   0.003639
    37  H   -0.000361  -0.000051  -0.000634  -0.001627   0.001928   0.000000
    38  H    0.000984  -0.000336  -0.000568   0.003924  -0.004432   0.001289
    39  C   -0.000401  -0.003303   0.002887  -0.000832   0.000591  -0.002966
    40  H    0.000029  -0.000186  -0.000032   0.000372  -0.000229  -0.000031
    41  H    0.000037   0.000179  -0.000119   0.000205  -0.000096   0.000088
    42  H   -0.000678   0.001434   0.000052  -0.002098   0.001293  -0.000257
    43  N    0.181921  -0.013596  -0.004852   0.005446  -0.002942   0.000963
    44  N   -0.013596   0.181025   0.000114  -0.010895   0.000959  -0.006602
    45  C   -0.004852   0.000114  -0.045392   0.004472  -0.002697   0.030266
    46  H    0.005446  -0.010895   0.004472   0.020412  -0.011044  -0.001784
    47  H   -0.002942   0.000959  -0.002697  -0.011044   0.023911   0.002676
    48  C    0.000963  -0.006602   0.030266  -0.001784   0.002676  -0.042057
    49  H   -0.012122   0.005909  -0.004871  -0.007872   0.006112   0.005068
    50  H    0.001678  -0.002997   0.005324   0.006026  -0.008927  -0.002945
             49         50
     1  C    0.004811  -0.002478
     2  C    0.003774  -0.002539
     3  C   -0.000052   0.000218
     4  C   -0.001237   0.000423
     5  C   -0.000903   0.004814
     6  C    0.000740   0.000060
     7  C    0.000448  -0.001961
     8  C   -0.003176   0.002484
     9  C   -0.000598   0.000757
    10  C   -0.000003  -0.000033
    11  C    0.000327  -0.000516
    12  H   -0.000051   0.000048
    13  H    0.000001  -0.000002
    14  H    0.000091  -0.000083
    15  C    0.001049  -0.001273
    16  H   -0.001685   0.002068
    17  H    0.004163  -0.004916
    18  C   -0.000698   0.000624
    19  H    0.000239  -0.000116
    20  H    0.000397  -0.000282
    21  H   -0.002422   0.001522
    22  C    0.001809  -0.002744
    23  H    0.000791  -0.000794
    24  H    0.000049  -0.000064
    25  C   -0.000416   0.000740
    26  H    0.000018  -0.000024
    27  H   -0.000085   0.000153
    28  H    0.000154  -0.000283
    29  C   -0.000497   0.000628
    30  H   -0.000028   0.000026
    31  H   -0.000190   0.000185
    32  C    0.000107  -0.000167
    33  H   -0.000041   0.000070
    34  H    0.000034  -0.000051
    35  H   -0.000004   0.000005
    36  C   -0.001381   0.001088
    37  H    0.000366  -0.000440
    38  H   -0.001092   0.001204
    39  C    0.000171  -0.000115
    40  H   -0.000063   0.000041
    41  H   -0.000025   0.000013
    42  H    0.000762  -0.000473
    43  N   -0.012122   0.001678
    44  N    0.005909  -0.002997
    45  C   -0.004871   0.005324
    46  H   -0.007872   0.006026
    47  H    0.006112  -0.008927
    48  C    0.005068  -0.002945
    49  H    0.022872  -0.011503
    50  H   -0.011503   0.022598
 Mulliken atomic spin densities:
              1
     1  C    0.026479
     2  C   -0.071272
     3  C    0.038526
     4  C   -0.082212
     5  C    0.219692
     6  C   -0.083566
     7  C    0.219245
     8  C    0.027916
     9  C    0.311688
    10  C   -0.148943
    11  C    0.311494
    12  H   -0.018217
    13  H    0.005987
    14  H   -0.018157
    15  C   -0.005264
    16  H    0.000973
    17  H    0.000474
    18  C    0.006489
    19  H   -0.000080
    20  H    0.000777
    21  H   -0.001551
    22  C   -0.025312
    23  H    0.002734
    24  H    0.004648
    25  C    0.017302
    26  H    0.001293
    27  H   -0.000051
    28  H   -0.001424
    29  C   -0.024868
    30  H    0.004674
    31  H    0.002681
    32  C    0.017472
    33  H   -0.001489
    34  H   -0.000062
    35  H    0.001321
    36  C   -0.006033
    37  H    0.001075
    38  H    0.000225
    39  C    0.006663
    40  H    0.000740
    41  H   -0.000101
    42  H   -0.001327
    43  N    0.123301
    44  N    0.124006
    45  C   -0.010692
    46  H    0.007471
    47  H    0.008912
    48  C   -0.009957
    49  H    0.009249
    50  H    0.007071
 Sum of Mulliken atomic spin densities =   1.00000
 APT atomic charges:
              1
     1  C    0.420543
     2  C    0.108411
     3  C   -0.195181
     4  C    0.074547
     5  C   -0.004520
     6  C    0.074901
     7  C   -0.004962
     8  C    0.419724
     9  C    0.135752
    10  C   -0.180393
    11  C    0.136015
    12  H    0.101621
    13  H    0.081403
    14  H    0.101329
    15  C   -0.033401
    16  H    0.016685
    17  H   -0.011234
    18  C    0.085258
    19  H    0.005136
    20  H   -0.025557
    21  H   -0.004291
    22  C    0.002657
    23  H   -0.004475
    24  H   -0.020766
    25  C    0.093961
    26  H   -0.033476
    27  H   -0.010075
    28  H   -0.005309
    29  C    0.002814
    30  H   -0.021158
    31  H   -0.004433
    32  C    0.094575
    33  H   -0.005587
    34  H   -0.010069
    35  H   -0.033519
    36  C   -0.034108
    37  H    0.017190
    38  H   -0.011527
    39  C    0.084770
    40  H   -0.025748
    41  H    0.005533
    42  H   -0.004112
    43  N   -0.104437
    44  N   -0.103016
    45  C    0.315078
    46  H    0.051101
    47  H    0.046682
    48  C    0.313746
    49  H    0.046961
    50  H    0.054963
 Sum of APT charges=   2.00000
 APT Atomic charges with hydrogens summed into heavy atoms:
              1
     1  C    0.420543
     2  C    0.108411
     3  C   -0.195181
     4  C    0.074547
     5  C   -0.004520
     6  C    0.074901
     7  C   -0.004962
     8  C    0.419724
     9  C    0.237373
    10  C   -0.098991
    11  C    0.237343
    12  H    0.000000
    13  H    0.000000
    14  H    0.000000
    15  C   -0.027950
    16  H    0.000000
    17  H    0.000000
    18  C    0.060546
    19  H    0.000000
    20  H    0.000000
    21  H    0.000000
    22  C   -0.022584
    23  H    0.000000
    24  H    0.000000
    25  C    0.045101
    26  H    0.000000
    27  H    0.000000
    28  H    0.000000
    29  C   -0.022777
    30  H    0.000000
    31  H    0.000000
    32  C    0.045399
    33  H    0.000000
    34  H    0.000000
    35  H    0.000000
    36  C   -0.028445
    37  H    0.000000
    38  H    0.000000
    39  C    0.060444
    40  H    0.000000
    41  H    0.000000
    42  H    0.000000
    43  N   -0.104437
    44  N   -0.103016
    45  C    0.412860
    46  H    0.000000
    47  H    0.000000
    48  C    0.415670
    49  H    0.000000
    50  H    0.000000
 Sum of APT charges=   2.00000
 Electronic spatial extent (au):  <R**2>=           7492.2523
 Charge=              2.0000 electrons
 Dipole moment (field-independent basis, Debye):
    X=             -0.0010    Y=             -4.5462    Z=              0.7792  Tot=              4.6125
 Quadrupole moment (field-independent basis, Debye-Ang):
   XX=            -61.6003   YY=            -72.5195   ZZ=           -130.9414
   XY=              0.0051   XZ=             -0.0421   YZ=             -8.6136
 Traceless Quadrupole moment (field-independent basis, Debye-Ang):
   XX=             26.7534   YY=             15.8342   ZZ=            -42.5877
   XY=              0.0051   XZ=             -0.0421   YZ=             -8.6136
 Octapole moment (field-independent basis, Debye-Ang**2):
  XXX=             -0.0057  YYY=            -20.6678  ZZZ=              8.8639  XYY=              0.0553
  XXY=            -18.8259  XXZ=              0.7141  XZZ=             -0.0599  YZZ=            -18.3137
  YYZ=             -3.7714  XYZ=              0.3397
 Hexadecapole moment (field-independent basis, Debye-Ang**3):
 XXXX=          -5305.7272 YYYY=          -2560.1313 ZZZZ=           -523.5484 XXXY=              0.1730
 XXXZ=              0.5665 YYYX=              0.2263 YYYZ=           -110.7939 ZZZX=             -0.4732
 ZZZY=            -19.0346 XXYY=          -1302.9104 XXZZ=          -1125.9813 YYZZ=           -590.8502
 XXYZ=             -6.9772 YYXZ=              0.1078 ZZXY=             -0.1176
 N-N= 1.994817709031D+03 E-N=-9.111831926281D+03  KE= 1.374257474204D+03
  Exact polarizability: 538.978   0.013 433.781   0.018 -25.936 216.320
 Approx polarizability: 572.675   0.019 488.775   0.174 -38.701 243.760
                          Isotropic Fermi Contact Couplings
        Atom                 a.u.       MegaHertz       Gauss      10(-4) cm-1
     1  C(13)             -0.00297      -3.33347      -1.18946      -1.11193
     2  C(13)             -0.01171     -13.16186      -4.69648      -4.39032
     3  C(13)              0.00510       5.73305       2.04569       1.91234
     4  C(13)             -0.01564     -17.57867      -6.27251      -5.86361
     5  C(13)              0.02341      26.31502       9.38985       8.77775
     6  C(13)             -0.01564     -17.57826      -6.27236      -5.86348
     7  C(13)              0.02339      26.29020       9.38100       8.76947
     8  C(13)             -0.00298      -3.34853      -1.19484      -1.11695
     9  C(13)              0.03019      33.93538      12.10899      11.31962
    10  C(13)             -0.02029     -22.81536      -8.14109      -7.61038
    11  C(13)              0.03018      33.93274      12.10805      11.31874
    12  H(1)              -0.00440     -19.64899      -7.01125      -6.55420
    13  H(1)               0.00158       7.04147       2.51257       2.34878
    14  H(1)              -0.00440     -19.65141      -7.01211      -6.55500
    15  C(13)             -0.00118      -1.32267      -0.47196      -0.44119
    16  H(1)               0.00060       2.70350       0.96468       0.90179
    17  H(1)               0.00014       0.62866       0.22432       0.20970
    18  C(13)              0.00284       3.19658       1.14062       1.06627
    19  H(1)              -0.00004      -0.16069      -0.05734      -0.05360
    20  H(1)               0.00025       1.10003       0.39252       0.36693
    21  H(1)              -0.00004      -0.17707      -0.06318      -0.05907
    22  C(13)             -0.00563      -6.33161      -2.25927      -2.11200
    23  H(1)               0.00193       8.61512       3.07409       2.87369
    24  H(1)               0.00136       6.09354       2.17433       2.03258
    25  C(13)              0.00821       9.22983       3.29343       3.07874
    26  H(1)               0.00056       2.49519       0.89035       0.83231
    27  H(1)              -0.00002      -0.08963      -0.03198      -0.02990
    28  H(1)              -0.00012      -0.54524      -0.19455      -0.18187
    29  C(13)             -0.00563      -6.32623      -2.25736      -2.11020
    30  H(1)               0.00137       6.13410       2.18880       2.04611
    31  H(1)               0.00193       8.60940       3.07205       2.87179
    32  C(13)              0.00818       9.19246       3.28010       3.06627
    33  H(1)              -0.00012      -0.55141      -0.19676      -0.18393
    34  H(1)              -0.00002      -0.08192      -0.02923      -0.02733
    35  H(1)               0.00055       2.45157       0.87478       0.81776
    36  C(13)             -0.00117      -1.31504      -0.46924      -0.43865
    37  H(1)               0.00061       2.73678       0.97655       0.91289
    38  H(1)               0.00012       0.52617       0.18775       0.17551
    39  C(13)              0.00279       3.13344       1.11809       1.04520
    40  H(1)               0.00025       1.10053       0.39270       0.36710
    41  H(1)              -0.00004      -0.15891      -0.05670      -0.05301
    42  H(1)              -0.00004      -0.16985      -0.06061      -0.05666
    43  N(14)              0.02357       7.61574       2.71748       2.54034
    44  N(14)              0.02357       7.61437       2.71700       2.53988
    45  C(13)             -0.00342      -3.84712      -1.37275      -1.28326
    46  H(1)               0.00339      15.13137       5.39925       5.04728
    47  H(1)               0.00412      18.40767       6.56831       6.14014
    48  C(13)             -0.00339      -3.80961      -1.35937      -1.27075
    49  H(1)               0.00385      17.18759       6.13296       5.73316
    50  H(1)               0.00366      16.36634       5.83992       5.45922
 --------------------------------------------------------
       Center         ----  Spin Dipole Couplings  ----
                      3XX-RR        3YY-RR        3ZZ-RR
 --------------------------------------------------------
     1   Atom       -0.028984     -0.018744      0.047729
     2   Atom        0.043767      0.028720     -0.072487
     3   Atom       -0.007692     -0.006632      0.014324
     4   Atom        0.024616      0.032347     -0.056964
     5   Atom       -0.122816     -0.105009      0.227824
     6   Atom        0.024607      0.032269     -0.056876
     7   Atom       -0.122712     -0.104638      0.227350
     8   Atom       -0.028901     -0.018234      0.047135
     9   Atom       -0.146919     -0.136601      0.283520
    10   Atom        0.063047      0.043089     -0.106136
    11   Atom       -0.146964     -0.136794      0.283758
    12   Atom        0.007448     -0.005628     -0.001820
    13   Atom        0.006624     -0.002299     -0.004324
    14   Atom        0.007454     -0.005606     -0.001848
    15   Atom       -0.000807      0.000700      0.000108
    16   Atom        0.002417     -0.000217     -0.002200
    17   Atom        0.000412      0.001372     -0.001784
    18   Atom       -0.001195      0.000809      0.000386
    19   Atom        0.000497     -0.000254     -0.000243
    20   Atom        0.000627      0.000239     -0.000867
    21   Atom       -0.000136      0.000863     -0.000727
    22   Atom       -0.000892     -0.001573      0.002465
    23   Atom        0.004897     -0.002013     -0.002883
    24   Atom        0.002648      0.000236     -0.002884
    25   Atom       -0.005198      0.000206      0.004993
    26   Atom        0.002362     -0.001058     -0.001304
    27   Atom        0.001058     -0.000151     -0.000907
    28   Atom        0.000321     -0.001704      0.001383
    29   Atom       -0.000881     -0.001532      0.002412
    30   Atom        0.002633      0.000221     -0.002855
    31   Atom        0.004878     -0.002008     -0.002870
    32   Atom       -0.005108      0.000345      0.004763
    33   Atom        0.000353     -0.001706      0.001354
    34   Atom        0.001093     -0.000136     -0.000956
    35   Atom        0.002365     -0.001053     -0.001312
    36   Atom       -0.000831      0.000838     -0.000007
    37   Atom        0.002426     -0.000244     -0.002183
    38   Atom        0.000402      0.001348     -0.001750
    39   Atom       -0.001338      0.000937      0.000401
    40   Atom        0.000630      0.000241     -0.000871
    41   Atom        0.000479     -0.000240     -0.000239
    42   Atom       -0.000125      0.000882     -0.000757
    43   Atom       -0.152721     -0.136450      0.289171
    44   Atom       -0.152768     -0.133441      0.286209
    45   Atom       -0.002715      0.000606      0.002109
    46   Atom       -0.001076      0.003425     -0.002350
    47   Atom       -0.001224      0.001453     -0.000229
    48   Atom       -0.002717      0.000609      0.002109
    49   Atom       -0.001193      0.003310     -0.002117
    50   Atom       -0.001082      0.001750     -0.000669
 --------------------------------------------------------
                        XY            XZ            YZ
 --------------------------------------------------------
     1   Atom        0.003893     -0.000437      0.011818
     2   Atom       -0.000041     -0.000225     -0.019152
     3   Atom       -0.000007     -0.000015      0.003814
     4   Atom       -0.006102      0.000512     -0.015282
     5   Atom       -0.000446     -0.001522      0.060497
     6   Atom        0.006142     -0.000208     -0.015461
     7   Atom        0.000153     -0.000147      0.061186
     8   Atom       -0.003920      0.000300      0.012976
     9   Atom       -0.003321     -0.005812      0.074098
    10   Atom        0.000055      0.000334     -0.025840
    11   Atom        0.003015      0.004070      0.073549
    12   Atom       -0.017800      0.003605      0.000247
    13   Atom        0.000002      0.000021     -0.000337
    14   Atom        0.017811     -0.003543      0.000313
    15   Atom       -0.002445      0.001378      0.001047
    16   Atom       -0.002123      0.001371     -0.000764
    17   Atom       -0.001596      0.000798     -0.001236
    18   Atom       -0.003449     -0.003185      0.004210
    19   Atom       -0.001450     -0.001860      0.000829
    20   Atom       -0.001351     -0.000225      0.000288
    21   Atom       -0.000921     -0.000772      0.001455
    22   Atom        0.001310     -0.000796      0.004124
    23   Atom       -0.000062     -0.001357     -0.000210
    24   Atom        0.001261     -0.001472     -0.001336
    25   Atom        0.006359      0.008545      0.013015
    26   Atom        0.001658      0.000397      0.000449
    27   Atom        0.000150      0.002126      0.001946
    28   Atom        0.000539      0.002962     -0.000550
    29   Atom       -0.001304      0.000827      0.004130
    30   Atom       -0.001239      0.001513     -0.001359
    31   Atom        0.000078      0.001391     -0.000213
    32   Atom       -0.006442     -0.008529      0.012992
    33   Atom       -0.000550     -0.002960     -0.000532
    34   Atom       -0.000168     -0.002122      0.001935
    35   Atom       -0.001659     -0.000371      0.000440
    36   Atom        0.002445     -0.001286      0.001184
    37   Atom        0.002119     -0.001388     -0.000773
    38   Atom        0.001598     -0.000811     -0.001258
    39   Atom        0.003467      0.003124      0.004338
    40   Atom        0.001357      0.000208      0.000281
    41   Atom        0.001458      0.001847      0.000827
    42   Atom        0.000934      0.000766      0.001439
    43   Atom        0.002531      0.003215      0.078304
    44   Atom       -0.002386     -0.002140      0.086131
    45   Atom        0.000333     -0.000201     -0.000239
    46   Atom        0.000990      0.000548      0.001106
    47   Atom        0.000520     -0.000985     -0.002888
    48   Atom       -0.000400     -0.000213     -0.000166
    49   Atom       -0.000829     -0.000590      0.001445
    50   Atom       -0.000702      0.001022     -0.002797
 --------------------------------------------------------


 ---------------------------------------------------------------------------------
              Anisotropic Spin Dipole Couplings in Principal Axis System
 ---------------------------------------------------------------------------------

       Atom             a.u.   MegaHertz   Gauss  10(-4) cm-1        Axes

              Baa    -0.0306    -4.100    -1.463    -1.367  0.9284 -0.3667  0.0605
     1 C(13)  Bbb    -0.0192    -2.579    -0.920    -0.860  0.3717  0.9146 -0.1590
              Bcc     0.0498     6.678     2.383     2.228  0.0029  0.1701  0.9854
 
              Baa    -0.0760   -10.197    -3.639    -3.401  0.0019  0.1799  0.9837
     2 C(13)  Bbb     0.0322     4.324     1.543     1.442  0.0000  0.9837 -0.1799
              Bcc     0.0438     5.873     2.096     1.959  1.0000 -0.0003 -0.0019
 
              Baa    -0.0077    -1.032    -0.368    -0.344  0.9999  0.0121 -0.0014
     3 C(13)  Bbb    -0.0073    -0.980    -0.350    -0.327 -0.0121  0.9847 -0.1736
              Bcc     0.0150     2.012     0.718     0.671 -0.0007  0.1736  0.9848
 
              Baa    -0.0595    -7.986    -2.849    -2.664  0.0059  0.1645  0.9864
     4 C(13)  Bbb     0.0218     2.922     1.043     0.975  0.9066  0.4154 -0.0747
              Bcc     0.0377     5.063     1.807     1.689 -0.4220  0.8947 -0.1467
 
              Baa    -0.1228   -16.482    -5.881    -5.498  0.9997  0.0248  0.0001
     5 C(13)  Bbb    -0.1157   -15.520    -5.538    -5.177 -0.0244  0.9845 -0.1735
              Bcc     0.2385    32.003    11.419    10.675 -0.0044  0.1735  0.9848
 
              Baa    -0.0595    -7.983    -2.848    -2.663 -0.0097  0.1668  0.9859
     6 C(13)  Bbb     0.0218     2.923     1.043     0.975  0.9066 -0.4144  0.0791
              Bcc     0.0377     5.060     1.806     1.688  0.4218  0.8947 -0.1472
 
              Baa    -0.1227   -16.467    -5.876    -5.493  0.9997 -0.0242  0.0047
     7 C(13)  Bbb    -0.1156   -15.506    -5.533    -5.172  0.0247  0.9842 -0.1756
              Bcc     0.2383    31.973    11.409    10.665 -0.0003  0.1757  0.9845
 
              Baa    -0.0305    -4.089    -1.459    -1.364  0.9283  0.3662 -0.0648
     8 C(13)  Bbb    -0.0192    -2.570    -0.917    -0.857 -0.3719  0.9113 -0.1767
              Bcc     0.0496     6.658     2.376     2.221 -0.0056  0.1881  0.9821
 
              Baa    -0.1507   -20.224    -7.216    -6.746  0.5267  0.8391 -0.1361
     9 C(13)  Bbb    -0.1456   -19.536    -6.971    -6.517  0.8499 -0.5171  0.1008
              Bcc     0.2963    39.760    14.187    13.263 -0.0142  0.1688  0.9855
 
              Baa    -0.1105   -14.826    -5.290    -4.945 -0.0020  0.1659  0.9861
    10 C(13)  Bbb     0.0474     6.366     2.271     2.123  0.0001  0.9861 -0.1659
              Bcc     0.0630     8.460     3.019     2.822  1.0000  0.0002  0.0019
 
              Baa    -0.1507   -20.223    -7.216    -6.746 -0.5268  0.8389 -0.1371
    11 C(13)  Bbb    -0.1456   -19.537    -6.971    -6.517  0.8499  0.5179 -0.0968
              Bcc     0.2963    39.760    14.187    13.263  0.0102  0.1675  0.9858
 
              Baa    -0.0184    -9.800    -3.497    -3.269  0.5752  0.8064 -0.1373
    12 H(1)   Bbb    -0.0019    -0.996    -0.355    -0.332 -0.0256  0.1855  0.9823
              Bcc     0.0202    10.796     3.852     3.601  0.8176 -0.5615  0.1274
 
              Baa    -0.0044    -2.337    -0.834    -0.779 -0.0019  0.1601  0.9871
    13 H(1)   Bbb    -0.0022    -1.198    -0.427    -0.399  0.0001  0.9871 -0.1601
              Bcc     0.0066     3.534     1.261     1.179  1.0000  0.0002  0.0019
 
              Baa    -0.0184    -9.799    -3.497    -3.269 -0.5752  0.8062 -0.1387
    14 H(1)   Bbb    -0.0019    -0.996    -0.355    -0.332  0.0214  0.1843  0.9826
              Bcc     0.0202    10.795     3.852     3.601  0.8178  0.5622 -0.1232
 
              Baa    -0.0035    -0.463    -0.165    -0.155  0.7225  0.5356 -0.4371
    15 C(13)  Bbb     0.0009     0.127     0.045     0.042  0.3600  0.2483  0.8993
              Bcc     0.0025     0.336     0.120     0.112 -0.5902  0.8072  0.0134
 
              Baa    -0.0026    -1.386    -0.495    -0.462 -0.2142  0.1201  0.9694
    16 H(1)   Bbb    -0.0014    -0.746    -0.266    -0.249  0.4864  0.8737 -0.0007
              Bcc     0.0040     2.132     0.761     0.711  0.8471 -0.4714  0.2455
 
              Baa    -0.0022    -1.195    -0.426    -0.399 -0.1235  0.2719  0.9544
    17 H(1)   Bbb    -0.0008    -0.410    -0.146    -0.137  0.8163  0.5748 -0.0582
              Bcc     0.0030     1.605     0.573     0.535 -0.5643  0.7718 -0.2929
 
              Baa    -0.0038    -0.508    -0.181    -0.169  0.8257  0.5604  0.0648
    18 C(13)  Bbb    -0.0036    -0.482    -0.172    -0.161  0.2961 -0.5284  0.7956
              Bcc     0.0074     0.991     0.353     0.330 -0.4801  0.6378  0.6023
 
              Baa    -0.0019    -0.990    -0.353    -0.330  0.6976  0.2932  0.6538
    19 H(1)   Bbb    -0.0010    -0.552    -0.197    -0.184  0.1463  0.8350 -0.5305
              Bcc     0.0029     1.542     0.550     0.514  0.7014 -0.4657 -0.5396
 
              Baa    -0.0010    -0.530    -0.189    -0.177 -0.4274 -0.6218  0.6562
    20 H(1)   Bbb    -0.0009    -0.455    -0.162    -0.152  0.5092  0.4342  0.7431
              Bcc     0.0018     0.985     0.351     0.328  0.7470 -0.6518 -0.1311
 
              Baa    -0.0016    -0.867    -0.309    -0.289  0.1787 -0.4464  0.8768
    21 H(1)   Bbb    -0.0007    -0.362    -0.129    -0.121  0.8808  0.4697  0.0596
              Bcc     0.0023     1.229     0.439     0.410 -0.4384  0.7617  0.4771
 
              Baa    -0.0048    -0.638    -0.228    -0.213 -0.3689  0.7890 -0.4914
    22 C(13)  Bbb    -0.0003    -0.038    -0.014    -0.013  0.9295  0.3113 -0.1979
              Bcc     0.0050     0.676     0.241     0.226  0.0032  0.5298  0.8481
 
              Baa    -0.0032    -1.683    -0.601    -0.561  0.1646  0.1871  0.9684
    23 H(1)   Bbb    -0.0020    -1.052    -0.375    -0.351 -0.0278  0.9823 -0.1851
              Bcc     0.0051     2.735     0.976     0.912  0.9860 -0.0036 -0.1669
 
              Baa    -0.0035    -1.888    -0.674    -0.630  0.1682  0.2785  0.9456
    24 H(1)   Bbb    -0.0002    -0.101    -0.036    -0.034 -0.4727  0.8646 -0.1705
              Bcc     0.0037     1.990     0.710     0.664  0.8650  0.4183 -0.2771
 
              Baa    -0.0109    -1.459    -0.520    -0.487 -0.3718 -0.6094  0.7003
    25 C(13)  Bbb    -0.0094    -1.262    -0.450    -0.421  0.8445 -0.5352 -0.0174
              Bcc     0.0203     2.721     0.971     0.908  0.3854  0.5849  0.7137
 
              Baa    -0.0019    -0.998    -0.356    -0.333 -0.2848  0.8383 -0.4649
    26 H(1)   Bbb    -0.0012    -0.655    -0.234    -0.219 -0.2779  0.3919  0.8770
              Bcc     0.0031     1.654     0.590     0.552  0.9174  0.3790  0.1214
 
              Baa    -0.0031    -1.681    -0.600    -0.561 -0.3791 -0.4903  0.7848
    27 H(1)   Bbb     0.0002     0.110     0.039     0.037 -0.6074  0.7716  0.1887
              Bcc     0.0029     1.570     0.560     0.524  0.6981  0.4052  0.5903
 
              Baa    -0.0027    -1.457    -0.520    -0.486  0.6100 -0.5985 -0.5193
    28 H(1)   Bbb    -0.0011    -0.604    -0.216    -0.201  0.4669  0.8010 -0.3748
              Bcc     0.0039     2.061     0.735     0.687  0.6403 -0.0138  0.7680
 
              Baa    -0.0048    -0.638    -0.228    -0.213  0.3705  0.7855 -0.4956
    29 C(13)  Bbb    -0.0003    -0.035    -0.013    -0.012  0.9288 -0.3138  0.1971
              Bcc     0.0050     0.673     0.240     0.225  0.0007  0.5334  0.8459
 
              Baa    -0.0035    -1.890    -0.674    -0.630 -0.1743  0.2831  0.9431
    30 H(1)   Bbb    -0.0002    -0.099    -0.035    -0.033  0.4724  0.8644 -0.1722
              Bcc     0.0037     1.988     0.710     0.663  0.8640 -0.4155  0.2844
 
              Baa    -0.0032    -1.684    -0.601    -0.562 -0.1692  0.1907  0.9670
    31 H(1)   Bbb    -0.0020    -1.048    -0.374    -0.350  0.0272  0.9816 -0.1888
              Bcc     0.0051     2.732     0.975     0.911  0.9852  0.0057  0.1713
 
              Baa    -0.0109    -1.457    -0.520    -0.486  0.3651 -0.6079  0.7051
    32 C(13)  Bbb    -0.0094    -1.258    -0.449    -0.420  0.8461  0.5326  0.0210
              Bcc     0.0202     2.715     0.969     0.905 -0.3883  0.5889  0.7088
 
              Baa    -0.0027    -1.452    -0.518    -0.484  0.6075  0.6008  0.5196
    33 H(1)   Bbb    -0.0011    -0.605    -0.216    -0.202 -0.4643  0.7993 -0.3815
              Bcc     0.0039     2.057     0.734     0.686 -0.6445 -0.0095  0.7645
 
              Baa    -0.0032    -1.683    -0.600    -0.561  0.3753 -0.4853  0.7897
    34 H(1)   Bbb     0.0002     0.111     0.039     0.037  0.6026  0.7751  0.1900
              Bcc     0.0029     1.572     0.561     0.524  0.7043 -0.4046 -0.5834
 
              Baa    -0.0019    -0.997    -0.356    -0.333  0.2861  0.8351 -0.4698
    35 H(1)   Bbb    -0.0012    -0.655    -0.234    -0.219  0.2743  0.3984  0.8752
              Bcc     0.0031     1.652     0.590     0.551  0.9181 -0.3793 -0.1151
 
              Baa    -0.0035    -0.464    -0.165    -0.155  0.7168 -0.5324  0.4502
    36 C(13)  Bbb     0.0008     0.113     0.040     0.038 -0.4290  0.1723  0.8867
              Bcc     0.0026     0.350     0.125     0.117  0.5497  0.8288  0.1049
 
              Baa    -0.0026    -1.382    -0.493    -0.461  0.2156  0.1242  0.9686
    37 H(1)   Bbb    -0.0014    -0.754    -0.269    -0.251 -0.4844  0.8748 -0.0044
              Bcc     0.0040     2.136     0.762     0.713  0.8479  0.4682 -0.2488
 
              Baa    -0.0022    -1.187    -0.424    -0.396  0.1237  0.2799  0.9520
    38 H(1)   Bbb    -0.0008    -0.419    -0.149    -0.140  0.8162 -0.5743  0.0629
              Bcc     0.0030     1.606     0.573     0.536  0.5644  0.7693 -0.2995
 
              Baa    -0.0038    -0.517    -0.184    -0.172  0.7901 -0.6114  0.0432
    39 C(13)  Bbb    -0.0036    -0.488    -0.174    -0.163 -0.3963 -0.4558  0.7970
              Bcc     0.0075     1.004     0.358     0.335  0.4676  0.6468  0.6025
 
              Baa    -0.0010    -0.534    -0.191    -0.178  0.4345 -0.6221  0.6513
    40 H(1)   Bbb    -0.0008    -0.453    -0.161    -0.151 -0.5025  0.4327  0.7485
              Bcc     0.0018     0.987     0.352     0.329  0.7475  0.6525  0.1246
 
              Baa    -0.0019    -0.990    -0.353    -0.330  0.7005 -0.3015 -0.6468
    41 H(1)   Bbb    -0.0010    -0.547    -0.195    -0.183 -0.1414  0.8298 -0.5399
              Bcc     0.0029     1.537     0.548     0.513  0.6995  0.4696  0.5386
 
              Baa    -0.0016    -0.869    -0.310    -0.290 -0.1761 -0.4394  0.8809
    42 H(1)   Bbb    -0.0007    -0.362    -0.129    -0.121  0.8797 -0.4718 -0.0594
              Bcc     0.0023     1.230     0.439     0.410  0.4417  0.7644  0.4696
 
              Baa    -0.1538    -5.933    -2.117    -1.979  0.8719 -0.4833  0.0791
    43 N(14)  Bbb    -0.1493    -5.759    -2.055    -1.921  0.4897  0.8577 -0.1568
              Bcc     0.3031    11.692     4.172     3.900  0.0079  0.1754  0.9845
 
              Baa    -0.1539    -5.934    -2.117    -1.979  0.8720  0.4812 -0.0899
    44 N(14)  Bbb    -0.1493    -5.760    -2.055    -1.921 -0.4895  0.8550 -0.1715
              Bcc     0.3032    11.694     4.173     3.901 -0.0056  0.1935  0.9811
 
              Baa    -0.0028    -0.370    -0.132    -0.123  0.9947 -0.0960  0.0365
    45 C(13)  Bbb     0.0006     0.080     0.029     0.027  0.0886  0.9820  0.1667
              Bcc     0.0022     0.290     0.103     0.097 -0.0518 -0.1626  0.9853
 
              Baa    -0.0026    -1.412    -0.504    -0.471 -0.2500 -0.1339  0.9589
    46 H(1)   Bbb    -0.0012    -0.649    -0.232    -0.217  0.9445 -0.2518  0.2110
              Bcc     0.0039     2.062     0.736     0.688  0.2132  0.9585  0.1894
 
              Baa    -0.0026    -1.380    -0.492    -0.460  0.3684  0.5090  0.7780
    47 H(1)   Bbb    -0.0012    -0.660    -0.236    -0.220  0.9085 -0.3745 -0.1852
              Bcc     0.0038     2.040     0.728     0.680  0.1971  0.7750 -0.6004
 
              Baa    -0.0028    -0.372    -0.133    -0.124  0.9917  0.1196  0.0473
    48 C(13)  Bbb     0.0006     0.086     0.031     0.029 -0.1236  0.9879  0.0941
              Bcc     0.0021     0.286     0.102     0.095 -0.0355 -0.0991  0.9944
 
              Baa    -0.0026    -1.381    -0.493    -0.461  0.2845 -0.1902  0.9396
    49 H(1)   Bbb    -0.0013    -0.673    -0.240    -0.225  0.9406  0.2450 -0.2352
              Bcc     0.0039     2.054     0.733     0.685 -0.1855  0.9507  0.2486
 
              Baa    -0.0027    -1.423    -0.508    -0.475 -0.3221  0.4695  0.8221
    50 H(1)   Bbb    -0.0012    -0.635    -0.227    -0.212  0.9189  0.3640  0.1521
              Bcc     0.0039     2.058     0.734     0.686 -0.2279  0.8044 -0.5487
 

 ---------------------------------------------------------------------------------

 D2PCM: C-PCM CHGder 2nd derivatives, FixD1E=F FixD2E=F DoIter=F DoCFld=F I1PDM=0
 Calling FoFJK, ICntrl=    100127 FMM=F ISym2X=0 I1Cent= 0 IOpClX= 1 NMat=1 NMatS=1 NMatT=0.
 Full mass-weighted force constant matrix:
 Low frequencies ---  -16.2719  -10.5934   -1.3610   -0.0107   -0.0077   -0.0050
 Low frequencies ---   47.6573   50.9231   73.6102
 Diagonal vibrational polarizability:
       38.6734860      15.9190864      24.6605773
 Harmonic frequencies (cm**-1), IR intensities (KM/Mole), Raman scattering
 activities (A**4/AMU), depolarization ratios for plane and unpolarized
 incident light, reduced masses (AMU), force constants (mDyne/A),
 and normal coordinates:
                     1                      2                      3
                     A                      A                      A
 Frequencies --    47.5653                50.8156                73.4592
 Red. masses --     3.2116                 3.3409                 3.2653
 Frc consts  --     0.0043                 0.0051                 0.0104
 IR Inten    --     0.3235                 0.1397                 0.2781
  Atom  AN      X      Y      Z        X      Y      Z        X      Y      Z
     1   6     0.00  -0.01  -0.02    -0.01   0.00   0.01     0.00  -0.01  -0.01
     2   6     0.00  -0.01  -0.05    -0.01  -0.01  -0.05    -0.01  -0.01  -0.03
     3   6     0.00  -0.01  -0.04    -0.01  -0.01  -0.05     0.00   0.00   0.02
     4   6     0.00  -0.01  -0.02    -0.01  -0.01  -0.06     0.00  -0.01   0.03
     5   6     0.00   0.00   0.02    -0.01  -0.01  -0.02     0.00  -0.01  -0.01
     6   6     0.01  -0.01  -0.05    -0.01  -0.01  -0.02     0.00   0.00   0.04
     7   6     0.00   0.00  -0.02    -0.01   0.00   0.02     0.00   0.00   0.00
     8   6     0.00   0.00   0.01    -0.01   0.00  -0.02    -0.01   0.00  -0.01
     9   6     0.01  -0.02  -0.08     0.00  -0.01  -0.04     0.00   0.01   0.10
    10   6     0.01  -0.02  -0.08     0.00  -0.02  -0.08     0.01   0.01   0.13
    11   6     0.00  -0.01  -0.04     0.00  -0.02  -0.09     0.00   0.00   0.08
    12   1     0.01  -0.02  -0.10     0.00  -0.01  -0.02     0.01   0.02   0.13
    13   1     0.01  -0.02  -0.10     0.00  -0.02  -0.11     0.01   0.02   0.18
    14   1     0.01  -0.01  -0.03     0.00  -0.03  -0.12     0.01   0.00   0.09
    15   6     0.01   0.00  -0.02     0.00   0.01   0.11     0.00   0.00   0.09
    16   1    -0.02  -0.02   0.04    -0.04   0.04   0.15    -0.05   0.03   0.15
    17   1    -0.01  -0.04  -0.07    -0.04   0.03   0.13    -0.04   0.02   0.09
    18   6     0.07   0.07  -0.03     0.10  -0.03   0.17     0.14  -0.03   0.15
    19   1     0.09   0.11   0.02     0.15  -0.05   0.16     0.22  -0.05   0.16
    20   1     0.07   0.07  -0.03     0.09  -0.02   0.25     0.12  -0.03   0.26
    21   1     0.09   0.09  -0.10     0.13  -0.04   0.13     0.19  -0.04   0.08
    22   6     0.00   0.02   0.13    -0.01   0.00   0.00     0.00  -0.02  -0.08
    23   1     0.04   0.04   0.16     0.01  -0.01   0.07    -0.01  -0.05  -0.04
    24   1     0.05   0.05   0.17     0.01  -0.04  -0.05    -0.03  -0.09  -0.15
    25   6    -0.11  -0.03   0.20    -0.07   0.08  -0.01     0.04   0.10  -0.15
    26   1    -0.11  -0.01   0.29    -0.07   0.08   0.00     0.03   0.11  -0.23
    27   1    -0.15  -0.05   0.17    -0.09   0.09  -0.08     0.05   0.13  -0.18
    28   1    -0.17  -0.06   0.17    -0.09   0.12   0.03     0.08   0.17  -0.09
    29   6     0.01   0.00   0.00     0.00   0.03   0.15     0.00   0.00  -0.05
    30   1    -0.01  -0.03  -0.04    -0.05   0.07   0.19     0.03  -0.03  -0.08
    31   1    -0.01  -0.01   0.06    -0.04   0.06   0.16     0.01  -0.01  -0.05
    32   6     0.06   0.07  -0.01     0.12  -0.05   0.22    -0.05   0.06  -0.09
    33   1     0.07   0.11   0.03     0.18  -0.09   0.19    -0.09   0.09  -0.07
    34   1     0.08   0.08  -0.06     0.16  -0.08   0.20    -0.06   0.07  -0.09
    35   1     0.06   0.08   0.00     0.11  -0.03   0.34    -0.04   0.06  -0.15
    36   6     0.00   0.02   0.12    -0.01   0.00  -0.05    -0.01   0.01   0.05
    37   1     0.03   0.05   0.14     0.00  -0.02   0.00     0.01   0.04   0.06
    38   1     0.04   0.05   0.14    -0.01  -0.05  -0.11     0.00   0.04   0.07
    39   6    -0.09  -0.04   0.17    -0.04   0.09  -0.08    -0.07  -0.04   0.09
    40   1    -0.08  -0.03   0.26    -0.05   0.09  -0.11    -0.07  -0.03   0.16
    41   1    -0.13  -0.07   0.16    -0.04   0.14  -0.03    -0.10  -0.07   0.07
    42   1    -0.12  -0.06   0.15    -0.05   0.11  -0.13    -0.10  -0.07   0.09
    43   7     0.00  -0.01  -0.06    -0.01  -0.01  -0.02    -0.01  -0.02  -0.05
    44   7     0.00  -0.01  -0.03    -0.01  -0.01  -0.05    -0.01  -0.01  -0.05
    45   6     0.01   0.00  -0.01    -0.01  -0.02  -0.09    -0.01  -0.02  -0.07
    46   1    -0.07  -0.02   0.05     0.03   0.01  -0.14    -0.06  -0.01  -0.04
    47   1     0.09   0.04   0.03    -0.06  -0.07  -0.12     0.04  -0.01  -0.05
    48   6     0.00  -0.03  -0.16    -0.01   0.00  -0.01    -0.01  -0.04  -0.16
    49   1    -0.09   0.04  -0.26     0.04  -0.02   0.03    -0.07   0.04  -0.24
    50   1     0.08  -0.14  -0.23    -0.05   0.03   0.03     0.04  -0.14  -0.22
                     4                      5                      6
                     A                      A                      A
 Frequencies --    89.6514                92.7337               100.3619
 Red. masses --     2.9426                 2.3205                 2.7237
 Frc consts  --     0.0139                 0.0118                 0.0162
 IR Inten    --     1.6722                 0.3311                 0.2062
  Atom  AN      X      Y      Z        X      Y      Z        X      Y      Z
     1   6     0.00  -0.04   0.03    -0.01  -0.02   0.00    -0.01   0.03   0.03
     2   6     0.00  -0.03   0.09    -0.01   0.02   0.02    -0.01   0.00   0.03
     3   6     0.00  -0.03   0.08     0.01   0.01   0.01    -0.02   0.00   0.02
     4   6     0.00  -0.04   0.04     0.02  -0.01  -0.02    -0.03   0.02   0.02
     5   6     0.00  -0.04   0.04     0.01  -0.02  -0.01    -0.02   0.03   0.02
     6   6     0.01  -0.03   0.05     0.01   0.03   0.01    -0.03  -0.02  -0.01
     7   6     0.00  -0.03   0.04     0.00   0.04   0.01    -0.02  -0.02   0.00
     8   6     0.00  -0.03   0.04    -0.01   0.04   0.02    -0.01  -0.02   0.01
     9   6     0.01  -0.04   0.00     0.03   0.03   0.00    -0.05  -0.02  -0.05
    10   6     0.01  -0.05  -0.04     0.04   0.00  -0.05    -0.05  -0.01  -0.05
    11   6     0.00  -0.05  -0.01     0.03  -0.01  -0.06    -0.04   0.01  -0.01
    12   1     0.01  -0.04  -0.03     0.04   0.04   0.01    -0.05  -0.04  -0.09
    13   1     0.01  -0.06  -0.09     0.05   0.00  -0.07    -0.06  -0.02  -0.08
    14   1     0.01  -0.05  -0.05     0.04  -0.03  -0.09    -0.05   0.02   0.00
    15   6     0.01  -0.04  -0.04    -0.01  -0.02   0.01     0.01   0.05   0.04
    16   1    -0.01  -0.06   0.02    -0.03  -0.03   0.05    -0.03   0.06   0.10
    17   1     0.02  -0.10  -0.12    -0.04  -0.04  -0.02     0.01   0.02   0.00
    18   6     0.03   0.10  -0.09     0.04   0.01   0.01     0.09   0.12   0.05
    19   1     0.00   0.17  -0.02     0.08   0.03   0.05     0.09   0.15   0.08
    20   1     0.05   0.11  -0.15     0.02  -0.01   0.03     0.12   0.15   0.06
    21   1     0.04   0.12  -0.14     0.05   0.04  -0.04     0.14   0.10  -0.01
    22   6    -0.01  -0.02   0.00     0.01  -0.03   0.00    -0.01  -0.01  -0.04
    23   1     0.03  -0.04   0.12     0.02  -0.04   0.04    -0.08   0.01  -0.22
    24   1    -0.01  -0.11  -0.11     0.03  -0.05  -0.02    -0.05   0.09   0.07
    25   6    -0.08   0.18  -0.05    -0.02   0.01   0.00     0.19  -0.21  -0.02
    26   1    -0.11   0.22  -0.09    -0.01   0.00   0.01     0.22  -0.29  -0.07
    27   1    -0.14   0.18  -0.15    -0.02   0.02  -0.04     0.30  -0.18   0.12
    28   1    -0.05   0.26   0.04    -0.04   0.03   0.02     0.18  -0.29  -0.11
    29   6     0.01  -0.01   0.00     0.00   0.02   0.00    -0.02  -0.03   0.01
    30   1     0.02  -0.08  -0.08     0.02   0.12   0.12    -0.05  -0.07  -0.03
    31   1    -0.01  -0.03   0.08     0.05   0.05  -0.15    -0.04  -0.04   0.08
    32   6     0.05   0.13  -0.05    -0.12  -0.17   0.04     0.03   0.04   0.00
    33   1     0.01   0.20   0.02    -0.11  -0.27  -0.05     0.04   0.08   0.04
    34   1     0.09   0.13  -0.11    -0.19  -0.17   0.17     0.05   0.05  -0.06
    35   1     0.07   0.17  -0.09    -0.15  -0.22   0.04     0.03   0.05   0.01
    36   6    -0.01  -0.03  -0.04     0.00   0.04  -0.01    -0.01  -0.03  -0.02
    37   1     0.00  -0.06   0.01    -0.04   0.03  -0.08     0.01  -0.06   0.05
    38   1    -0.02  -0.10  -0.13    -0.03   0.06   0.02     0.01  -0.08  -0.08
    39   6    -0.01   0.12  -0.11     0.08   0.00  -0.03    -0.04   0.07  -0.05
    40   1    -0.02   0.12  -0.19     0.08  -0.01  -0.06    -0.04   0.06  -0.08
    41   1     0.02   0.20  -0.03     0.12  -0.02  -0.06    -0.06   0.12   0.01
    42   1    -0.01   0.16  -0.16     0.12   0.00   0.03    -0.06   0.11  -0.11
    43   7     0.00  -0.03   0.06    -0.01   0.00   0.00     0.00   0.01   0.03
    44   7     0.00  -0.03   0.07    -0.01   0.03   0.03     0.00  -0.01   0.02
    45   6     0.00  -0.03   0.07    -0.03   0.05   0.13     0.01   0.00   0.05
    46   1    -0.07  -0.04   0.12    -0.17  -0.03   0.29    -0.05  -0.03   0.12
    47   1     0.06   0.01   0.11     0.12   0.20   0.22     0.08   0.06   0.09
    48   6    -0.01  -0.05  -0.04    -0.04  -0.02  -0.13     0.01  -0.01  -0.07
    49   1    -0.08   0.02  -0.14    -0.20   0.09  -0.29    -0.06   0.08  -0.16
    50   1     0.06  -0.16  -0.11     0.10  -0.19  -0.25     0.08  -0.11  -0.14
                     7                      8                      9
                     A                      A                      A
 Frequencies --   105.3761               114.2788               118.6951
 Red. masses --     2.6799                 2.4990                 3.3800
 Frc consts  --     0.0175                 0.0192                 0.0281
 IR Inten    --     0.1303                 0.0254                 0.7197
  Atom  AN      X      Y      Z        X      Y      Z        X      Y      Z
     1   6    -0.02   0.01   0.00    -0.02  -0.03  -0.01    -0.02   0.00   0.10
     2   6    -0.02   0.01  -0.01    -0.02   0.00   0.01    -0.01   0.00   0.02
     3   6    -0.02   0.01   0.00    -0.01  -0.01   0.00     0.00   0.01   0.03
     4   6    -0.02   0.01   0.00     0.00  -0.03  -0.03     0.01   0.01   0.11
     5   6    -0.02   0.01   0.00    -0.01  -0.04  -0.03     0.00   0.00   0.13
     6   6    -0.02   0.00   0.00     0.00   0.01   0.03     0.01   0.00  -0.08
     7   6    -0.02   0.00   0.00    -0.01   0.03   0.03     0.00   0.01  -0.09
     8   6    -0.02   0.00  -0.02    -0.03   0.03   0.02    -0.02   0.01  -0.08
     9   6    -0.02   0.01   0.01     0.02   0.02   0.03     0.03  -0.01  -0.14
    10   6    -0.03   0.01   0.02     0.03  -0.01  -0.01     0.03  -0.01  -0.04
    11   6    -0.02   0.01   0.02     0.02  -0.03  -0.04     0.03   0.00   0.10
    12   1    -0.02   0.00   0.00     0.03   0.03   0.06     0.03  -0.02  -0.25
    13   1    -0.03   0.01   0.03     0.04  -0.01  -0.01     0.04  -0.01  -0.07
    14   1    -0.02   0.02   0.03     0.03  -0.05  -0.07     0.03   0.01   0.18
    15   6    -0.02   0.00   0.01    -0.01  -0.02   0.00    -0.03  -0.02   0.02
    16   1    -0.01   0.02  -0.04    -0.08  -0.05   0.16    -0.01  -0.07   0.04
    17   1    -0.02   0.04   0.06    -0.05  -0.12  -0.14    -0.02  -0.08  -0.05
    18   6    -0.06  -0.07   0.03     0.15   0.19  -0.03    -0.09   0.10  -0.06
    19   1    -0.03  -0.11   0.00     0.12   0.29   0.07    -0.13   0.17   0.00
    20   1    -0.08  -0.10   0.05     0.20   0.25  -0.04    -0.07   0.09  -0.16
    21   1    -0.08  -0.06   0.05     0.23   0.16  -0.15    -0.10   0.14  -0.08
    22   6    -0.02   0.01   0.00     0.00  -0.06  -0.02     0.01  -0.02   0.02
    23   1    -0.03   0.01  -0.02     0.00  -0.07   0.00    -0.02  -0.07   0.04
    24   1    -0.03   0.02   0.01     0.02  -0.06  -0.03    -0.03  -0.10  -0.06
    25   6     0.00  -0.01   0.00    -0.02  -0.05  -0.02     0.13   0.11  -0.08
    26   1     0.00  -0.01  -0.01    -0.01  -0.08   0.00     0.12   0.10  -0.22
    27   1     0.00  -0.01   0.01    -0.01  -0.03  -0.05     0.17   0.15  -0.08
    28   1     0.01  -0.01  -0.01    -0.07  -0.04   0.00     0.21   0.18  -0.01
    29   6    -0.01   0.03   0.05     0.00   0.05   0.02     0.01   0.02  -0.01
    30   1    -0.03  -0.02  -0.02     0.03   0.06   0.03    -0.02   0.09   0.06
    31   1    -0.06   0.03   0.16     0.00   0.06  -0.01    -0.01   0.06  -0.04
    32   6     0.14   0.15   0.05    -0.03   0.04   0.01     0.09  -0.10   0.07
    33   1     0.12   0.20   0.09    -0.08   0.04  -0.01     0.16  -0.17   0.01
    34   1     0.22   0.11  -0.04    -0.02   0.02   0.04     0.12  -0.13   0.08
    35   1     0.17   0.23   0.09    -0.01   0.07  -0.02     0.08  -0.10   0.19
    36   6     0.01  -0.04  -0.05    -0.03   0.02   0.00    -0.02   0.02  -0.01
    37   1    -0.06  -0.04  -0.19    -0.08   0.05  -0.13    -0.02   0.07  -0.05
    38   1    -0.02   0.04   0.05    -0.07   0.09   0.10    -0.02   0.08   0.06
    39   6     0.19  -0.18  -0.05     0.10  -0.11   0.01    -0.06  -0.11   0.06
    40   1     0.22  -0.23  -0.09     0.10  -0.11   0.00    -0.06  -0.09   0.15
    41   1     0.20  -0.25  -0.14     0.15  -0.18  -0.08    -0.08  -0.17  -0.01
    42   1     0.27  -0.16   0.06     0.15  -0.15   0.13    -0.08  -0.15   0.09
    43   7    -0.02   0.01  -0.01    -0.03  -0.02   0.01    -0.02   0.00   0.07
    44   7    -0.01   0.00  -0.02    -0.03   0.01   0.01    -0.02   0.00  -0.05
    45   6    -0.01   0.02   0.07    -0.05  -0.01  -0.07    -0.04   0.00  -0.05
    46   1    -0.09  -0.04   0.17     0.04   0.06  -0.19    -0.03   0.00  -0.07
    47   1     0.07   0.13   0.13    -0.15  -0.12  -0.14    -0.06  -0.01  -0.06
    48   6    -0.02  -0.01  -0.08    -0.04   0.00   0.10    -0.04  -0.01  -0.02
    49   1    -0.11   0.06  -0.18     0.06  -0.08   0.21    -0.03   0.04  -0.05
    50   1     0.07  -0.10  -0.16    -0.15   0.11   0.19    -0.06  -0.08  -0.03
                    10                     11                     12
                     A                      A                      A
 Frequencies --   124.3146               189.2467               205.4397
 Red. masses --     3.3977                 3.1480                 1.1428
 Frc consts  --     0.0309                 0.0664                 0.0284
 IR Inten    --     6.6110                 1.0519                 0.2647
  Atom  AN      X      Y      Z        X      Y      Z        X      Y      Z
     1   6     0.01   0.02   0.04     0.01   0.03   0.09     0.00   0.00   0.00
     2   6     0.01   0.02   0.09     0.01   0.00   0.00     0.00  -0.01   0.03
     3   6     0.00   0.03   0.13     0.02   0.00   0.00     0.00  -0.01   0.02
     4   6     0.00   0.02   0.05     0.02  -0.01  -0.08    -0.01   0.00   0.00
     5   6     0.01   0.02   0.06     0.02   0.01   0.00    -0.01   0.00  -0.01
     6   6     0.00   0.02   0.09     0.02   0.01   0.08     0.00  -0.01   0.01
     7   6     0.00   0.02   0.11     0.02  -0.01   0.00     0.01  -0.01  -0.01
     8   6     0.01   0.01   0.07     0.01  -0.03  -0.09     0.00  -0.01   0.00
     9   6     0.00   0.00  -0.05     0.02   0.03   0.20     0.00  -0.01   0.01
    10   6    -0.01  -0.02  -0.16     0.02   0.00   0.00    -0.01   0.00   0.00
    11   6     0.00  -0.01  -0.10     0.02  -0.03  -0.20    -0.01   0.00  -0.01
    12   1    -0.01  -0.01  -0.09     0.02   0.07   0.39     0.00  -0.01   0.02
    13   1    -0.01  -0.04  -0.30     0.01   0.00   0.00    -0.01   0.00  -0.01
    14   1     0.00  -0.02  -0.19     0.02  -0.06  -0.39    -0.01  -0.01  -0.03
    15   6    -0.01   0.00   0.01     0.00   0.03   0.07     0.02   0.03   0.00
    16   1     0.03  -0.01  -0.05     0.03   0.01   0.03     0.02   0.06  -0.04
    17   1     0.00   0.03   0.06     0.02   0.01   0.06     0.05   0.04   0.03
    18   6    -0.08  -0.07   0.02    -0.13   0.09   0.00     0.00   0.00   0.01
    19   1    -0.05  -0.11  -0.01    -0.21   0.13   0.02    -0.12  -0.01  -0.05
    20   1    -0.12  -0.12   0.01    -0.11   0.08  -0.12     0.08   0.09   0.00
    21   1    -0.12  -0.04   0.05    -0.17   0.11   0.05     0.04  -0.11   0.08
    22   6     0.01   0.01   0.03     0.03  -0.01   0.01    -0.02   0.03  -0.02
    23   1    -0.01   0.00   0.00     0.02  -0.03   0.03    -0.01   0.06  -0.06
    24   1     0.00   0.01   0.03     0.06  -0.02   0.00    -0.05   0.05   0.02
    25   6     0.06   0.00   0.01     0.02  -0.01   0.01    -0.02  -0.01   0.00
    26   1     0.07  -0.02  -0.02     0.08  -0.13   0.05    -0.10   0.15  -0.02
    27   1     0.09   0.02   0.02     0.08   0.09  -0.07    -0.11  -0.15   0.10
    28   1     0.06   0.01   0.01    -0.13   0.02   0.06     0.15  -0.06  -0.07
    29   6    -0.01   0.00   0.04     0.03   0.01  -0.01     0.02   0.02  -0.02
    30   1     0.02  -0.03   0.01     0.05   0.01  -0.01     0.06   0.05   0.01
    31   1     0.02  -0.03   0.01     0.02   0.02  -0.02     0.01   0.06  -0.07
    32   6    -0.12   0.04  -0.02     0.02   0.01  -0.01     0.04  -0.02   0.00
    33   1    -0.15   0.07   0.00    -0.11  -0.01  -0.05    -0.19  -0.08  -0.09
    34   1    -0.16   0.07  -0.01     0.08  -0.09   0.06     0.17  -0.21   0.13
    35   1    -0.12   0.01  -0.11     0.08   0.12  -0.05     0.15   0.20  -0.03
    36   6     0.01  -0.01   0.02     0.00  -0.04  -0.07    -0.03   0.03  -0.01
    37   1    -0.01  -0.02  -0.01     0.03  -0.03  -0.02    -0.02   0.09  -0.06
    38   1     0.00   0.00   0.04     0.05  -0.02  -0.07    -0.09   0.05   0.03
    39   6     0.08  -0.02   0.01    -0.13  -0.09   0.00    -0.02   0.00   0.00
    40   1     0.08  -0.03  -0.03    -0.06  -0.15   0.14    -0.28   0.34  -0.05
    41   1     0.11  -0.03  -0.01    -0.29  -0.13   0.02     0.38   0.01  -0.16
    42   1     0.10  -0.02   0.05    -0.15  -0.04  -0.10    -0.15  -0.35   0.22
    43   7     0.01   0.01   0.02     0.01   0.02   0.06     0.01   0.00   0.02
    44   7     0.01   0.01   0.03     0.01  -0.01  -0.06     0.00  -0.01   0.02
    45   6     0.01  -0.05  -0.23     0.02   0.00   0.02     0.00  -0.01   0.00
    46   1     0.08   0.11  -0.42     0.00  -0.05   0.08     0.00   0.00  -0.01
    47   1    -0.05  -0.28  -0.32     0.04   0.08   0.04     0.01  -0.03  -0.01
    48   6     0.02  -0.01  -0.13     0.02   0.00  -0.02     0.01  -0.01  -0.02
    49   1     0.08   0.06  -0.15    -0.01   0.06  -0.07     0.00   0.01  -0.04
    50   1    -0.04  -0.08  -0.12     0.04  -0.07  -0.05     0.02  -0.04  -0.03
                    13                     14                     15
                     A                      A                      A
 Frequencies --   209.7268               212.1208               214.7734
 Red. masses --     3.3470                 1.0571                 1.0675
 Frc consts  --     0.0867                 0.0280                 0.0290
 IR Inten    --     0.6574                 0.0999                 0.0912
  Atom  AN      X      Y      Z        X      Y      Z        X      Y      Z
     1   6     0.00   0.01  -0.05     0.00  -0.01   0.00     0.00   0.00   0.02
     2   6     0.00   0.06   0.17     0.00   0.00   0.00     0.00   0.00   0.01
     3   6     0.00   0.06   0.16     0.00   0.00   0.01     0.00   0.00   0.00
     4   6     0.00   0.04   0.06     0.00  -0.01   0.01     0.00  -0.01  -0.01
     5   6    -0.01   0.00  -0.07     0.00  -0.01   0.01     0.00  -0.01   0.00
     6   6     0.00   0.04   0.06     0.00   0.00   0.00     0.01   0.01   0.01
     7   6     0.01   0.00  -0.07     0.00   0.01   0.01     0.01   0.01   0.00
     8   6     0.00   0.01  -0.05    -0.01   0.01  -0.01     0.00   0.01  -0.01
     9   6     0.00   0.03   0.00     0.01   0.00  -0.01     0.01   0.01   0.03
    10   6     0.00   0.03  -0.01     0.01  -0.01  -0.01     0.01   0.00   0.01
    11   6     0.00   0.03   0.00     0.01  -0.01   0.00     0.01  -0.01  -0.02
    12   1     0.00   0.01  -0.07     0.01   0.00  -0.02     0.01   0.02   0.04
    13   1     0.00   0.02  -0.06     0.02  -0.01  -0.03     0.02   0.00   0.01
    14   1     0.00   0.02  -0.06     0.01  -0.01   0.01     0.01  -0.02  -0.04
    15   6     0.00  -0.01  -0.06     0.01   0.00   0.00     0.01   0.01   0.01
    16   1    -0.01  -0.01  -0.04     0.01   0.02  -0.02     0.01   0.02   0.00
    17   1    -0.03   0.01  -0.05     0.03   0.01   0.01     0.03   0.01   0.02
    18   6     0.10  -0.07  -0.01     0.01  -0.01   0.00    -0.01   0.01   0.01
    19   1     0.33  -0.12   0.04    -0.11   0.00  -0.05    -0.16   0.03  -0.04
    20   1    -0.04  -0.22   0.13     0.10   0.11  -0.01     0.07   0.12  -0.03
    21   1     0.07   0.06  -0.12     0.06  -0.12   0.07     0.02  -0.09   0.08
    22   6    -0.02  -0.01  -0.08    -0.01   0.02   0.00    -0.01   0.00  -0.01
    23   1    -0.01   0.00  -0.07     0.00   0.05  -0.04     0.00   0.02  -0.03
    24   1     0.00   0.02  -0.05    -0.05   0.04   0.02    -0.03   0.02   0.01
    25   6    -0.14  -0.08  -0.02     0.00   0.00   0.00    -0.01  -0.01   0.00
    26   1    -0.11  -0.10   0.13    -0.18   0.35  -0.08    -0.13   0.21  -0.04
    27   1    -0.16  -0.07  -0.06    -0.20  -0.29   0.20    -0.14  -0.19   0.12
    28   1    -0.26  -0.11  -0.04     0.38  -0.07  -0.12     0.22  -0.05  -0.08
    29   6     0.02  -0.01  -0.08     0.00   0.02   0.01     0.00  -0.01   0.00
    30   1     0.00   0.02  -0.05     0.02   0.04   0.02    -0.04  -0.03  -0.03
    31   1     0.01   0.00  -0.07     0.00   0.04  -0.02     0.01  -0.05   0.04
    32   6     0.13  -0.07  -0.01    -0.02   0.01   0.01     0.01   0.00   0.00
    33   1     0.27  -0.11  -0.03    -0.20  -0.03  -0.05     0.46   0.08   0.14
    34   1     0.15  -0.05  -0.07     0.06  -0.12   0.11    -0.23   0.34  -0.24
    35   1     0.09  -0.12   0.13     0.06   0.16  -0.05    -0.21  -0.42   0.10
    36   6     0.00  -0.01  -0.06     0.00  -0.01  -0.01     0.00   0.01  -0.01
    37   1     0.01  -0.01  -0.04     0.00  -0.03   0.01     0.00   0.02  -0.02
    38   1     0.03   0.01  -0.05     0.03  -0.01  -0.02    -0.01   0.02   0.00
    39   6    -0.09  -0.07   0.00    -0.01  -0.02   0.00     0.00  -0.01   0.00
    40   1     0.03  -0.20   0.13     0.19  -0.27   0.06    -0.06   0.07   0.00
    41   1    -0.31  -0.12   0.04    -0.32  -0.04   0.11     0.09  -0.01  -0.05
    42   1    -0.07   0.04  -0.11     0.09   0.24  -0.16    -0.03  -0.09   0.05
    43   7     0.00   0.04   0.09     0.00  -0.01   0.00     0.00   0.00   0.01
    44   7     0.00   0.04   0.09     0.00   0.00  -0.01     0.00   0.00  -0.01
    45   6     0.00   0.02  -0.03    -0.01   0.00   0.00    -0.01   0.00  -0.01
    46   1     0.01   0.08  -0.09    -0.01   0.00   0.01    -0.01   0.00   0.00
    47   1    -0.01  -0.08  -0.05    -0.01   0.01   0.01    -0.01   0.01   0.00
    48   6     0.00   0.02  -0.01    -0.01   0.00   0.00    -0.01  -0.01  -0.01
    49   1     0.01   0.09  -0.05    -0.01  -0.01   0.01    -0.01   0.01  -0.02
    50   1    -0.01  -0.05  -0.03    -0.01   0.00   0.01    -0.01  -0.03  -0.02
                    16                     17                     18
                     A                      A                      A
 Frequencies --   218.7214               230.4335               253.8200
 Red. masses --     1.0640                 3.1259                 3.2546
 Frc consts  --     0.0300                 0.0978                 0.1235
 IR Inten    --     0.1812                 0.3150                 1.8639
  Atom  AN      X      Y      Z        X      Y      Z        X      Y      Z
     1   6     0.00   0.00   0.00     0.02  -0.01  -0.08    -0.03  -0.01  -0.05
     2   6     0.00   0.00  -0.01     0.00   0.01  -0.01    -0.03   0.00   0.00
     3   6     0.00   0.00  -0.02     0.00   0.02   0.06    -0.02   0.00   0.00
     4   6     0.00   0.00  -0.01     0.01   0.01   0.07    -0.02   0.00  -0.02
     5   6     0.01   0.00   0.01     0.02   0.02   0.05    -0.01   0.02   0.06
     6   6     0.00   0.00   0.00    -0.01   0.01   0.07    -0.02   0.00   0.02
     7   6     0.00   0.00   0.01    -0.02   0.01   0.05    -0.01  -0.02  -0.06
     8   6     0.00  -0.01   0.00    -0.02  -0.01  -0.08    -0.02   0.01   0.05
     9   6    -0.01   0.00   0.02     0.00   0.00   0.00    -0.05   0.01   0.13
    10   6    -0.01   0.00   0.00     0.00  -0.02  -0.08    -0.06   0.00   0.00
    11   6     0.00   0.00  -0.02     0.00   0.00  -0.01    -0.05  -0.01  -0.13
    12   1    -0.01   0.00   0.04     0.00   0.00  -0.03    -0.06   0.03   0.26
    13   1    -0.01   0.00   0.00     0.00  -0.03  -0.20    -0.06   0.00   0.00
    14   1    -0.01   0.00  -0.03     0.00   0.00  -0.05    -0.06  -0.03  -0.26
    15   6    -0.02  -0.03   0.00     0.03  -0.03  -0.10    -0.04  -0.03  -0.05
    16   1    -0.01  -0.08   0.05     0.02  -0.01  -0.09    -0.05  -0.04  -0.01
    17   1    -0.07  -0.05  -0.04     0.03  -0.01  -0.08    -0.06  -0.04  -0.07
    18   6     0.00   0.01  -0.01     0.14  -0.11  -0.04     0.06  -0.05  -0.02
    19   1     0.47   0.00   0.18     0.08  -0.15  -0.12     0.00  -0.06  -0.05
    20   1    -0.30  -0.38   0.05     0.20   0.00   0.07     0.12   0.05   0.05
    21   1    -0.15   0.41  -0.25     0.22  -0.25  -0.01     0.13  -0.16  -0.01
    22   6     0.01   0.01   0.01     0.03   0.03   0.07     0.01   0.03   0.11
    23   1     0.01   0.02   0.00     0.02   0.02   0.07    -0.01   0.02   0.09
    24   1    -0.01   0.02   0.02     0.03   0.02   0.06     0.00   0.02   0.10
    25   6     0.03   0.01   0.01     0.10   0.07   0.04     0.15   0.08   0.05
    26   1    -0.09   0.23  -0.07     0.13  -0.01  -0.02     0.14   0.07  -0.11
    27   1    -0.09  -0.17   0.14     0.17   0.14   0.02     0.20   0.11   0.09
    28   1     0.28  -0.03  -0.06     0.07   0.10   0.08     0.25   0.12   0.08
    29   6     0.00   0.00   0.01    -0.03   0.03   0.07     0.01  -0.03  -0.12
    30   1     0.00  -0.01   0.00    -0.03   0.02   0.05     0.01  -0.01  -0.10
    31   1     0.00  -0.01   0.01    -0.03   0.02   0.07    -0.01  -0.01  -0.10
    32   6    -0.01   0.01   0.00    -0.09   0.06   0.04     0.16  -0.09  -0.05
    33   1    -0.01   0.01   0.01    -0.05   0.10   0.08     0.26  -0.13  -0.08
    34   1    -0.01   0.01   0.00    -0.16   0.14   0.01     0.21  -0.12  -0.09
    35   1    -0.01   0.01  -0.01    -0.12  -0.02  -0.01     0.14  -0.08   0.11
    36   6     0.00  -0.01   0.00    -0.03  -0.03  -0.10    -0.04   0.04   0.06
    37   1     0.00   0.00   0.00    -0.02  -0.01  -0.09    -0.06   0.05   0.01
    38   1     0.00  -0.01   0.00    -0.03  -0.01  -0.08    -0.07   0.04   0.07
    39   6    -0.01   0.00   0.00    -0.14  -0.11  -0.04     0.06   0.05   0.02
    40   1    -0.06   0.07  -0.01    -0.24   0.05   0.06     0.14  -0.07  -0.05
    41   1     0.07   0.00  -0.03    -0.03  -0.15  -0.13    -0.01   0.06   0.06
    42   1    -0.04  -0.08   0.04    -0.24  -0.29   0.02     0.15   0.19   0.00
    43   7     0.00   0.01   0.00     0.01   0.00  -0.06    -0.03  -0.02  -0.09
    44   7     0.00   0.00  -0.01    -0.01   0.00  -0.05    -0.03   0.01   0.09
    45   6     0.01   0.00   0.01     0.00   0.03   0.08    -0.04   0.00  -0.01
    46   1     0.01  -0.01   0.02    -0.02  -0.05   0.17    -0.04   0.06  -0.07
    47   1     0.00   0.01   0.01     0.01   0.15   0.12    -0.05  -0.09  -0.03
    48   6     0.00   0.01   0.02     0.00   0.02   0.07    -0.04   0.00   0.00
    49   1     0.01   0.00   0.03    -0.01  -0.06   0.13    -0.03  -0.07   0.06
    50   1     0.00   0.02   0.03     0.00   0.12   0.10    -0.05   0.08   0.04
                    19                     20                     21
                     A                      A                      A
 Frequencies --   294.0330               306.2813               332.1693
 Red. masses --     2.2009                 4.5824                 5.0228
 Frc consts  --     0.1121                 0.2533                 0.3265
 IR Inten    --     0.1150                 0.1218                 0.1029
  Atom  AN      X      Y      Z        X      Y      Z        X      Y      Z
     1   6     0.02   0.01   0.01    -0.04   0.00  -0.03     0.05  -0.04   0.12
     2   6     0.00  -0.07  -0.01     0.00  -0.02  -0.13     0.04   0.00  -0.01
     3   6     0.00  -0.06   0.01     0.00   0.04   0.18    -0.02   0.00   0.01
     4   6    -0.03  -0.03   0.02    -0.01   0.05   0.18    -0.04   0.00   0.06
     5   6    -0.02   0.01   0.01    -0.04   0.00   0.04    -0.03  -0.03   0.09
     6   6     0.03  -0.03   0.02     0.02   0.05   0.18    -0.03   0.01  -0.04
     7   6     0.02   0.01   0.02     0.04   0.00   0.04    -0.03   0.03  -0.09
     8   6    -0.02   0.01   0.00     0.04   0.00  -0.03     0.05   0.04  -0.12
     9   6     0.02  -0.04   0.01     0.01   0.03   0.03    -0.07   0.02   0.08
    10   6     0.00  -0.03  -0.02     0.00   0.00  -0.16    -0.08   0.00  -0.01
    11   6    -0.02  -0.04   0.01     0.00   0.03   0.04    -0.07  -0.02  -0.07
    12   1     0.01  -0.05   0.01     0.00   0.01  -0.05    -0.09   0.02   0.18
    13   1     0.00  -0.04  -0.04     0.00  -0.04  -0.42    -0.07   0.00  -0.02
    14   1    -0.01  -0.05   0.01     0.01   0.00  -0.03    -0.09  -0.02  -0.18
    15   6     0.09   0.11  -0.01    -0.06   0.02   0.05     0.10  -0.08  -0.07
    16   1     0.10   0.21  -0.14    -0.07   0.01   0.09     0.12  -0.09  -0.09
    17   1     0.21   0.15   0.09    -0.09   0.01   0.03     0.14  -0.10  -0.08
    18   6     0.00   0.01   0.00    -0.06   0.06   0.04     0.11  -0.10  -0.08
    19   1     0.16  -0.05   0.00    -0.06   0.09   0.07     0.14  -0.12  -0.10
    20   1    -0.13  -0.16   0.01    -0.07   0.05   0.00     0.11  -0.09  -0.02
    21   1    -0.11   0.16  -0.01    -0.08   0.10   0.03     0.13  -0.12  -0.08
    22   6    -0.07   0.10  -0.02    -0.05  -0.06  -0.04    -0.07   0.00  -0.01
    23   1    -0.05   0.19  -0.15    -0.06  -0.08  -0.03    -0.08   0.03  -0.07
    24   1    -0.17   0.17   0.06    -0.04  -0.07  -0.06    -0.14   0.02   0.01
    25   6     0.00   0.00   0.00    -0.08  -0.05  -0.05    -0.04  -0.02  -0.02
    26   1     0.07  -0.14   0.02    -0.09  -0.01  -0.01    -0.01  -0.07  -0.02
    27   1     0.11   0.10   0.01    -0.12  -0.09  -0.05     0.00   0.01  -0.02
    28   1    -0.13  -0.02  -0.02    -0.07  -0.06  -0.06    -0.08  -0.03  -0.03
    29   6     0.07   0.11  -0.02     0.05  -0.05  -0.04    -0.07  -0.01   0.01
    30   1     0.17   0.17   0.06     0.05  -0.07  -0.06    -0.14  -0.02  -0.01
    31   1     0.05   0.19  -0.15     0.07  -0.08  -0.03    -0.07  -0.03   0.07
    32   6     0.00   0.01   0.00     0.08  -0.05  -0.05    -0.03   0.02   0.02
    33   1     0.12  -0.02  -0.01     0.07  -0.06  -0.06    -0.08   0.03   0.02
    34   1    -0.11   0.10   0.01     0.12  -0.09  -0.05     0.00  -0.02   0.02
    35   1    -0.08  -0.14   0.02     0.09  -0.01  -0.01    -0.01   0.07   0.02
    36   6    -0.09   0.11  -0.02     0.06   0.01   0.04     0.10   0.08   0.07
    37   1    -0.10   0.21  -0.15     0.07   0.00   0.08     0.13   0.10   0.10
    38   1    -0.21   0.15   0.09     0.09   0.00   0.02     0.15   0.10   0.08
    39   6     0.00   0.01   0.00     0.05   0.05   0.04     0.12   0.10   0.08
    40   1     0.12  -0.15   0.01     0.04   0.07   0.00     0.11   0.10   0.02
    41   1    -0.15  -0.05  -0.01     0.09   0.08   0.05     0.15   0.13   0.10
    42   1     0.10   0.14   0.00     0.05   0.05   0.03     0.14   0.12   0.09
    43   7     0.02  -0.05  -0.01    -0.02  -0.04  -0.20     0.03   0.00   0.24
    44   7    -0.02  -0.05  -0.01     0.02  -0.04  -0.18     0.03  -0.01  -0.25
    45   6    -0.01  -0.06   0.02     0.01   0.01   0.06    -0.04   0.03  -0.04
    46   1    -0.01  -0.07   0.03    -0.02  -0.14   0.21    -0.03  -0.08   0.06
    47   1    -0.01  -0.04   0.02     0.02   0.23   0.12    -0.08   0.22  -0.01
    48   6     0.01  -0.06   0.01     0.00   0.00   0.05    -0.04  -0.03   0.04
    49   1     0.00  -0.07   0.02     0.01  -0.17   0.19    -0.03   0.09  -0.05
    50   1     0.02  -0.05   0.02    -0.01   0.22   0.13    -0.09  -0.20   0.00
                    22                     23                     24
                     A                      A                      A
 Frequencies --   351.4212               386.5796               387.5578
 Red. masses --     2.7608                 2.4708                 3.3143
 Frc consts  --     0.2009                 0.2176                 0.2933
 IR Inten    --     0.1495                 0.9895                 1.5497
  Atom  AN      X      Y      Z        X      Y      Z        X      Y      Z
     1   6    -0.01  -0.02   0.00    -0.02  -0.02   0.01     0.03  -0.03   0.00
     2   6    -0.02   0.00   0.00     0.02  -0.01   0.00     0.07   0.00   0.00
     3   6    -0.04   0.00   0.00     0.02  -0.01  -0.03     0.07   0.00   0.02
     4   6    -0.02  -0.05   0.01    -0.01   0.02  -0.02     0.05   0.04  -0.02
     5   6    -0.04  -0.02   0.04    -0.04   0.00   0.02     0.04  -0.02  -0.03
     6   6    -0.02   0.05  -0.01     0.04  -0.01  -0.01     0.03  -0.04   0.03
     7   6    -0.04   0.02  -0.04     0.05   0.01   0.03     0.01   0.01   0.01
     8   6    -0.01   0.02   0.00     0.03   0.00   0.01     0.01   0.04   0.00
     9   6     0.12   0.06   0.01    -0.01  -0.01  -0.01    -0.07  -0.07  -0.01
    10   6     0.17   0.00   0.00    -0.04   0.02  -0.01    -0.11  -0.01   0.01
    11   6     0.12  -0.06  -0.02    -0.03   0.03   0.00    -0.06   0.06   0.01
    12   1     0.15   0.14   0.03    -0.02  -0.03   0.02    -0.11  -0.14  -0.04
    13   1     0.22   0.00   0.00    -0.05   0.02   0.00    -0.17  -0.01   0.01
    14   1     0.15  -0.14  -0.03    -0.04   0.05   0.03    -0.10   0.13   0.02
    15   6     0.07   0.09  -0.02    -0.07  -0.08   0.01     0.15   0.12   0.02
    16   1     0.05   0.22  -0.14    -0.07  -0.14   0.10     0.14   0.24  -0.13
    17   1     0.19   0.13   0.08    -0.16  -0.11  -0.06     0.28   0.16   0.13
    18   6     0.01   0.01   0.00     0.00  -0.01   0.00    -0.01   0.03   0.00
    19   1     0.10  -0.04  -0.02    -0.03   0.03   0.04     0.03  -0.02  -0.04
    20   1    -0.07  -0.09   0.02     0.04   0.05   0.01    -0.09  -0.09  -0.07
    21   1    -0.06   0.08   0.01     0.05  -0.05  -0.04    -0.14   0.14   0.08
    22   6    -0.10   0.09   0.00    -0.09   0.10  -0.01     0.10  -0.09   0.01
    23   1    -0.08   0.19  -0.14    -0.08   0.18  -0.13     0.11  -0.13   0.10
    24   1    -0.21   0.15   0.08    -0.21   0.16   0.07     0.17  -0.13  -0.04
    25   6     0.01   0.01   0.00     0.00   0.01   0.00     0.01   0.00   0.01
    26   1     0.05  -0.10  -0.04     0.04  -0.08  -0.03    -0.03   0.08   0.04
    27   1     0.11   0.08   0.05     0.09   0.06   0.05    -0.08  -0.04  -0.07
    28   1    -0.05  -0.01  -0.02    -0.04  -0.03  -0.04     0.03   0.04   0.05
    29   6    -0.10  -0.09   0.00     0.13   0.14  -0.01     0.00  -0.01   0.00
    30   1    -0.22  -0.15  -0.08     0.26   0.21   0.08    -0.04  -0.03  -0.02
    31   1    -0.08  -0.19   0.14     0.11   0.23  -0.17     0.02  -0.05   0.04
    32   6     0.01  -0.01   0.00     0.00   0.01  -0.01     0.00  -0.01   0.00
    33   1    -0.05   0.01   0.02     0.05  -0.05  -0.06    -0.01  -0.01  -0.01
    34   1     0.11  -0.08  -0.05    -0.11   0.07   0.08     0.01  -0.02   0.01
    35   1     0.05   0.10   0.03    -0.05  -0.11  -0.04     0.01   0.01  -0.01
    36   6     0.07  -0.09   0.02     0.14  -0.13   0.00     0.05  -0.02  -0.02
    37   1     0.05  -0.21   0.14     0.14  -0.26   0.16     0.05  -0.06   0.03
    38   1     0.19  -0.13  -0.08     0.30  -0.19  -0.12     0.09  -0.03  -0.04
    39   6     0.01  -0.01   0.00     0.00  -0.02   0.00    -0.01  -0.02   0.00
    40   1    -0.06   0.08  -0.02    -0.08   0.09   0.04    -0.03   0.03   0.05
    41   1     0.09   0.04   0.02     0.05   0.04   0.06    -0.01  -0.01   0.00
    42   1    -0.05  -0.08  -0.01    -0.12  -0.12  -0.08    -0.06  -0.06  -0.03
    43   7    -0.02  -0.03  -0.03    -0.01  -0.03   0.00     0.03  -0.08  -0.04
    44   7    -0.02   0.03   0.04     0.02   0.02   0.03     0.01   0.09   0.03
    45   6    -0.07   0.02  -0.01    -0.05   0.01   0.00    -0.17   0.09  -0.02
    46   1    -0.08   0.06  -0.04    -0.07   0.05  -0.03    -0.22   0.16  -0.06
    47   1    -0.08  -0.01  -0.02    -0.06   0.00  -0.01    -0.22   0.08  -0.04
    48   6    -0.07  -0.02   0.00    -0.06  -0.04   0.01    -0.17  -0.08   0.01
    49   1    -0.08  -0.06   0.03    -0.07  -0.05   0.01    -0.22  -0.15   0.04
    50   1    -0.08   0.00   0.02    -0.08  -0.05   0.02    -0.21  -0.09   0.03
                    25                     26                     27
                     A                      A                      A
 Frequencies --   400.2612               414.5172               420.3437
 Red. masses --     2.7280                 4.5406                 4.3652
 Frc consts  --     0.2575                 0.4597                 0.4544
 IR Inten    --     0.1267                 1.6984                 1.5936
  Atom  AN      X      Y      Z        X      Y      Z        X      Y      Z
     1   6    -0.01   0.00   0.01    -0.09   0.00   0.02    -0.09   0.08  -0.05
     2   6    -0.02   0.00   0.00     0.00  -0.03  -0.01    -0.08   0.00  -0.01
     3   6    -0.05   0.00   0.00     0.00   0.00  -0.12     0.02   0.00  -0.01
     4   6    -0.05  -0.01   0.05    -0.06   0.08  -0.04     0.03   0.04  -0.02
     5   6    -0.05  -0.01   0.08    -0.14   0.01   0.09     0.01   0.06  -0.07
     6   6    -0.05   0.01  -0.05     0.06   0.09  -0.05     0.03  -0.04   0.02
     7   6    -0.06   0.01  -0.08     0.13   0.02   0.08     0.02  -0.06   0.08
     8   6    -0.02   0.00  -0.01     0.09   0.00   0.01    -0.09  -0.08   0.06
     9   6    -0.01   0.03   0.02     0.02   0.13  -0.02     0.07  -0.03   0.00
    10   6     0.00   0.00   0.00     0.00   0.18  -0.04     0.06   0.01  -0.01
    11   6    -0.01  -0.03  -0.02    -0.03   0.12  -0.02     0.07   0.04   0.01
    12   1     0.01   0.07   0.07    -0.02   0.09   0.06     0.08  -0.02   0.00
    13   1     0.02   0.00   0.00     0.00   0.19   0.00     0.01   0.00  -0.01
    14   1     0.01  -0.07  -0.07     0.01   0.08   0.06     0.08   0.03   0.02
    15   6     0.07   0.10  -0.03    -0.02   0.08  -0.07    -0.07   0.15  -0.11
    16   1     0.06   0.18  -0.12    -0.04   0.12  -0.10    -0.09   0.22  -0.16
    17   1     0.18   0.13   0.06     0.05   0.09  -0.02     0.01   0.20  -0.02
    18   6     0.01   0.00  -0.01     0.03  -0.02  -0.02     0.03  -0.02  -0.01
    19   1     0.07  -0.06  -0.06     0.11  -0.10  -0.07     0.14  -0.13  -0.09
    20   1    -0.04  -0.06   0.02     0.00  -0.04   0.11    -0.01  -0.01   0.20
    21   1    -0.04   0.03   0.03     0.05  -0.05  -0.02     0.07  -0.07  -0.01
    22   6    -0.01  -0.18   0.05    -0.11  -0.14   0.08     0.10  -0.03   0.01
    23   1    -0.07  -0.31   0.18    -0.18  -0.23   0.14     0.08  -0.09   0.11
    24   1     0.12  -0.28  -0.08    -0.04  -0.21  -0.01     0.22  -0.06  -0.02
    25   6    -0.02  -0.03  -0.02    -0.01  -0.02  -0.02     0.03   0.02   0.03
    26   1    -0.07   0.06  -0.10    -0.04   0.00  -0.19     0.00   0.08   0.05
    27   1    -0.08  -0.06  -0.07     0.02   0.00  -0.02    -0.02  -0.02   0.00
    28   1     0.08   0.05   0.05     0.11   0.06   0.04     0.06   0.04   0.05
    29   6    -0.02   0.17  -0.05     0.11  -0.13   0.08     0.10   0.01  -0.01
    30   1     0.10   0.27   0.07     0.03  -0.20  -0.01     0.22   0.03   0.02
    31   1    -0.08   0.30  -0.17     0.17  -0.22   0.14     0.10   0.06  -0.09
    32   6    -0.02   0.03   0.02     0.00  -0.01  -0.02     0.04  -0.02  -0.04
    33   1     0.08  -0.04  -0.04    -0.11   0.06   0.05     0.06  -0.04  -0.05
    34   1    -0.07   0.06   0.06    -0.02   0.00  -0.01    -0.02   0.01  -0.01
    35   1    -0.07  -0.05   0.10     0.04   0.01  -0.18     0.01  -0.08  -0.06
    36   6     0.06  -0.09   0.03     0.03   0.08  -0.08    -0.07  -0.14   0.10
    37   1     0.05  -0.17   0.12     0.05   0.14  -0.11    -0.09  -0.21   0.15
    38   1     0.17  -0.13  -0.05    -0.05   0.10  -0.03    -0.01  -0.19   0.02
    39   6     0.01   0.00   0.01    -0.03  -0.02  -0.02     0.03   0.01   0.01
    40   1    -0.04   0.06  -0.03     0.00  -0.03   0.13    -0.01   0.01  -0.20
    41   1     0.07   0.06   0.06    -0.12  -0.11  -0.07     0.13   0.12   0.08
    42   1    -0.03  -0.03  -0.03    -0.06  -0.05  -0.02     0.07   0.06   0.01
    43   7     0.00   0.01  -0.05    -0.03  -0.07   0.05    -0.08   0.07   0.18
    44   7     0.00   0.00   0.05     0.04  -0.06   0.06    -0.08  -0.07  -0.18
    45   6     0.09  -0.02   0.01     0.01  -0.10   0.02    -0.07  -0.03  -0.02
    46   1     0.10  -0.01  -0.01     0.00  -0.05  -0.02    -0.03  -0.15   0.07
    47   1     0.11  -0.08   0.00    -0.01  -0.13   0.01    -0.08   0.11   0.01
    48   6     0.09   0.03  -0.01     0.00  -0.10   0.02    -0.07   0.03   0.02
    49   1     0.10   0.01   0.01     0.01  -0.06  -0.01    -0.04   0.16  -0.06
    50   1     0.11   0.08   0.00     0.03  -0.12   0.00    -0.08  -0.11  -0.02
                    28                     29                     30
                     A                      A                      A
 Frequencies --   443.4678               483.9135               490.1858
 Red. masses --     4.8140                 4.9408                 3.7736
 Frc consts  --     0.5578                 0.6817                 0.5342
 IR Inten    --     1.2582                 0.6842                 0.1071
  Atom  AN      X      Y      Z        X      Y      Z        X      Y      Z
     1   6    -0.07   0.01  -0.16    -0.03   0.06   0.03     0.04  -0.03   0.10
     2   6     0.00  -0.04   0.17     0.03   0.00   0.00     0.00   0.04   0.00
     3   6     0.00  -0.01   0.22     0.11   0.00   0.00     0.00   0.07   0.13
     4   6    -0.02  -0.01  -0.04     0.08   0.14   0.18     0.00   0.01  -0.04
     5   6    -0.01   0.01  -0.14     0.01   0.09   0.18    -0.03  -0.02   0.10
     6   6     0.02  -0.01  -0.04     0.08  -0.14  -0.18     0.00   0.01  -0.04
     7   6     0.01   0.01  -0.14     0.01  -0.09  -0.17     0.03  -0.02   0.10
     8   6     0.07   0.00  -0.16    -0.03  -0.06  -0.03    -0.04  -0.03   0.10
     9   6     0.02  -0.02  -0.10     0.09  -0.12   0.11    -0.01  -0.01  -0.17
    10   6     0.00   0.05   0.15     0.02   0.00   0.00     0.00   0.06   0.22
    11   6    -0.02  -0.01  -0.10     0.09   0.12  -0.10     0.01   0.00  -0.17
    12   1     0.01  -0.07  -0.29     0.06  -0.13   0.31     0.00  -0.03  -0.37
    13   1     0.00   0.07   0.28    -0.13   0.00  -0.01     0.00   0.10   0.48
    14   1     0.00  -0.07  -0.29     0.06   0.13  -0.30     0.00  -0.03  -0.37
    15   6    -0.12   0.06  -0.01    -0.08   0.02  -0.04     0.09  -0.05   0.02
    16   1    -0.16   0.09   0.03    -0.07  -0.05   0.03     0.10  -0.04  -0.01
    17   1    -0.17   0.09   0.00    -0.15   0.00  -0.08     0.13  -0.07   0.02
    18   6    -0.05   0.04   0.05     0.01  -0.01   0.00     0.03  -0.02  -0.03
    19   1    -0.04   0.04   0.05     0.04  -0.03  -0.01     0.01   0.00  -0.02
    20   1    -0.05   0.06   0.10     0.02   0.03   0.11     0.02  -0.04  -0.09
    21   1    -0.03   0.03   0.03     0.06  -0.06  -0.03    -0.01   0.01  -0.01
    22   6     0.04   0.02   0.04     0.00   0.03  -0.07    -0.08  -0.02   0.02
    23   1     0.05   0.02   0.07    -0.04   0.01  -0.12    -0.09  -0.01  -0.03
    24   1     0.12   0.04   0.06    -0.07   0.02  -0.07    -0.14  -0.03   0.02
    25   6     0.07   0.04   0.06    -0.07  -0.05  -0.06    -0.02  -0.02  -0.02
    26   1     0.06   0.05  -0.02    -0.06  -0.02   0.11    -0.02  -0.04  -0.07
    27   1     0.09   0.06   0.07    -0.13  -0.10  -0.07     0.00   0.00  -0.02
    28   1     0.12   0.07   0.07    -0.16  -0.11  -0.11    -0.01  -0.01  -0.01
    29   6    -0.04   0.02   0.05     0.00  -0.02   0.07     0.08  -0.03   0.02
    30   1    -0.11   0.04   0.06    -0.07  -0.02   0.07     0.13  -0.03   0.02
    31   1    -0.05   0.03   0.07    -0.04   0.00   0.12     0.09  -0.01  -0.03
    32   6    -0.07   0.04   0.05    -0.07   0.05   0.06     0.02  -0.02  -0.02
    33   1    -0.13   0.07   0.07    -0.15   0.11   0.11     0.01  -0.01  -0.01
    34   1    -0.09   0.06   0.06    -0.13   0.10   0.07     0.00   0.00  -0.02
    35   1    -0.06   0.04  -0.03    -0.06   0.02  -0.10     0.02  -0.04  -0.07
    36   6     0.11   0.06  -0.01    -0.08  -0.02   0.04    -0.09  -0.05   0.02
    37   1     0.15   0.09   0.03    -0.07   0.05  -0.03    -0.11  -0.04  -0.01
    38   1     0.16   0.09   0.01    -0.15   0.00   0.08    -0.13  -0.07   0.02
    39   6     0.05   0.05   0.05     0.01   0.01   0.00    -0.03  -0.02  -0.03
    40   1     0.05   0.06   0.08     0.02  -0.03  -0.11    -0.02  -0.04  -0.10
    41   1     0.05   0.04   0.05     0.04   0.03   0.01     0.00   0.00  -0.02
    42   1     0.03   0.03   0.04     0.06   0.06   0.02     0.01   0.01  -0.01
    43   7    -0.02  -0.07  -0.04     0.00  -0.02  -0.08     0.00   0.01  -0.09
    44   7     0.02  -0.08  -0.04     0.00   0.02   0.08    -0.01   0.01  -0.10
    45   6     0.00  -0.10   0.03    -0.03   0.02   0.01     0.01   0.06  -0.01
    46   1    -0.02  -0.15   0.08    -0.05   0.08  -0.04    -0.01  -0.02   0.07
    47   1     0.01  -0.02   0.06    -0.03  -0.05  -0.01     0.02   0.16   0.02
    48   6     0.01  -0.10   0.03    -0.03  -0.02  -0.01     0.00   0.06  -0.01
    49   1     0.03  -0.14   0.07    -0.05  -0.08   0.03     0.01  -0.03   0.07
    50   1     0.00  -0.03   0.06    -0.03   0.04   0.01    -0.02   0.16   0.03
                    31                     32                     33
                     A                      A                      A
 Frequencies --   506.5775               548.0221               574.6319
 Red. masses --     4.9535                 4.7194                 3.7856
 Frc consts  --     0.7489                 0.8351                 0.7365
 IR Inten    --     0.3751                 2.7084                 1.5612
  Atom  AN      X      Y      Z        X      Y      Z        X      Y      Z
     1   6     0.08  -0.03   0.06     0.01   0.01   0.02    -0.03   0.11   0.10
     2   6     0.00  -0.07  -0.03    -0.11   0.00   0.00     0.00  -0.08  -0.09
     3   6     0.00   0.02   0.03    -0.06   0.00   0.00     0.00  -0.07  -0.02
     4   6     0.02   0.10   0.00     0.01  -0.11   0.15    -0.01  -0.02   0.04
     5   6     0.07   0.03  -0.05     0.12  -0.01   0.05     0.04   0.11   0.13
     6   6    -0.02   0.10   0.00     0.01   0.11  -0.15     0.01  -0.02   0.04
     7   6    -0.07   0.03  -0.05     0.12   0.01  -0.04    -0.04   0.11   0.13
     8   6    -0.08  -0.03   0.06     0.02  -0.01  -0.02     0.02   0.11   0.10
     9   6     0.01   0.17  -0.02    -0.12   0.17   0.00     0.02  -0.06  -0.06
    10   6     0.00   0.22  -0.05    -0.05   0.00   0.00     0.00  -0.02   0.09
    11   6    -0.01   0.17  -0.02    -0.12  -0.17   0.00    -0.02  -0.06  -0.07
    12   1    -0.01   0.15  -0.03    -0.11   0.21   0.12     0.01  -0.09  -0.14
    13   1     0.00   0.22  -0.08     0.17   0.00   0.00     0.00  -0.01   0.18
    14   1     0.01   0.15  -0.03    -0.11  -0.21  -0.13    -0.01  -0.09  -0.14
    15   6     0.10  -0.11   0.07     0.03   0.01   0.00    -0.11   0.06  -0.08
    16   1     0.14  -0.17   0.09     0.02   0.08  -0.07    -0.07  -0.06  -0.01
    17   1     0.06  -0.14   0.01     0.11   0.03   0.05    -0.17   0.03  -0.14
    18   6     0.01  -0.02  -0.02     0.01   0.00   0.00     0.01  -0.02  -0.02
    19   1    -0.06   0.05   0.03     0.01   0.01   0.00     0.10  -0.10  -0.07
    20   1     0.03  -0.03  -0.18     0.00  -0.01  -0.02     0.01   0.04   0.22
    21   1    -0.04   0.03   0.00    -0.01   0.02   0.00     0.11  -0.12  -0.05
    22   6     0.12   0.07  -0.06     0.17   0.05  -0.09     0.11   0.04  -0.07
    23   1     0.14   0.08  -0.05     0.19   0.08  -0.11     0.05  -0.06  -0.03
    24   1     0.11   0.09  -0.03     0.10   0.07  -0.06     0.14   0.00  -0.12
    25   6     0.01   0.01   0.01     0.00   0.00   0.00    -0.02  -0.02  -0.02
    26   1     0.02   0.04   0.17     0.00   0.06   0.26    -0.02   0.05   0.22
    27   1    -0.05  -0.03  -0.01    -0.13  -0.08  -0.08    -0.14  -0.11  -0.06
    28   1    -0.07  -0.04  -0.03    -0.14  -0.06  -0.05    -0.13  -0.09  -0.09
    29   6    -0.12   0.06  -0.06     0.17  -0.05   0.09    -0.12   0.04  -0.07
    30   1    -0.11   0.09  -0.03     0.10  -0.07   0.06    -0.14   0.00  -0.12
    31   1    -0.14   0.08  -0.05     0.19  -0.08   0.11    -0.05  -0.06  -0.02
    32   6    -0.01   0.01   0.01     0.00   0.00   0.00     0.02  -0.02  -0.02
    33   1     0.07  -0.04  -0.03    -0.14   0.06   0.05     0.13  -0.09  -0.09
    34   1     0.05  -0.03  -0.01    -0.13   0.08   0.07     0.14  -0.11  -0.06
    35   1    -0.02   0.04   0.17     0.00  -0.06  -0.26     0.02   0.05   0.22
    36   6    -0.10  -0.11   0.07     0.03  -0.01   0.00     0.11   0.06  -0.08
    37   1    -0.14  -0.17   0.09     0.02  -0.08   0.07     0.07  -0.06  -0.01
    38   1    -0.06  -0.14   0.01     0.11  -0.03  -0.05     0.17   0.03  -0.14
    39   6    -0.01  -0.02  -0.02     0.01   0.00   0.00    -0.01  -0.02  -0.02
    40   1    -0.03  -0.03  -0.18     0.00   0.01   0.02    -0.01   0.04   0.22
    41   1     0.07   0.05   0.03     0.01  -0.01   0.00    -0.10  -0.10  -0.07
    42   1     0.04   0.03   0.00    -0.01  -0.02   0.00    -0.11  -0.12  -0.05
    43   7     0.04  -0.10   0.00    -0.06   0.07  -0.05     0.01  -0.02   0.01
    44   7    -0.04  -0.10   0.00    -0.06  -0.07   0.05    -0.01  -0.01   0.00
    45   6    -0.01  -0.17   0.03    -0.06  -0.07   0.02    -0.01  -0.06   0.01
    46   1    -0.02  -0.18   0.04    -0.04  -0.07   0.00    -0.01  -0.06   0.02
    47   1    -0.01  -0.15   0.04    -0.04  -0.12   0.02     0.00  -0.04   0.02
    48   6     0.01  -0.17   0.03    -0.06   0.07  -0.02     0.01  -0.06   0.01
    49   1     0.01  -0.17   0.03    -0.05   0.06   0.00     0.01  -0.06   0.01
    50   1     0.01  -0.16   0.03    -0.02   0.12  -0.02     0.01  -0.05   0.02
                    34                     35                     36
                     A                      A                      A
 Frequencies --   609.1551               625.6636               653.2864
 Red. masses --     5.4503                 2.7500                 3.1102
 Frc consts  --     1.1916                 0.6343                 0.7821
 IR Inten    --     0.5043                 0.4777                 2.5707
  Atom  AN      X      Y      Z        X      Y      Z        X      Y      Z
     1   6    -0.02   0.06   0.26    -0.08  -0.11  -0.01    -0.08  -0.09   0.01
     2   6    -0.09   0.00   0.00    -0.06   0.00   0.00     0.00   0.10  -0.01
     3   6     0.01   0.00   0.00     0.11   0.00   0.00     0.00   0.13  -0.04
     4   6     0.03  -0.01  -0.26     0.12   0.00   0.00     0.12   0.04   0.00
     5   6     0.02   0.04   0.10     0.04  -0.11   0.02     0.06  -0.09   0.06
     6   6     0.02   0.01   0.26     0.12   0.00   0.00    -0.12   0.04  -0.01
     7   6     0.02  -0.04  -0.10     0.05   0.11  -0.02    -0.06  -0.09   0.06
     8   6    -0.02  -0.07  -0.25    -0.08   0.11   0.01     0.08  -0.09   0.02
     9   6     0.02  -0.06  -0.03    -0.02  -0.04   0.01    -0.10   0.04  -0.02
    10   6     0.00   0.00   0.00    -0.07   0.00   0.00     0.00  -0.09   0.02
    11   6     0.03   0.06   0.03    -0.02   0.04  -0.01     0.10   0.04  -0.02
    12   1     0.01  -0.13  -0.35    -0.09  -0.14   0.03    -0.02   0.19   0.00
    13   1    -0.06   0.00   0.00    -0.10   0.00   0.00     0.00  -0.08   0.06
    14   1     0.01   0.13   0.34    -0.09   0.14  -0.02     0.01   0.18  -0.01
    15   6     0.02  -0.01  -0.02    -0.02   0.00   0.00    -0.06   0.02  -0.03
    16   1     0.07  -0.03  -0.09    -0.07   0.22  -0.18    -0.10   0.23  -0.20
    17   1     0.14  -0.05  -0.04     0.21   0.05   0.13     0.17   0.07   0.11
    18   6     0.05  -0.04  -0.07     0.00   0.01   0.01    -0.01   0.01   0.01
    19   1     0.11  -0.09  -0.09     0.03   0.04   0.06     0.06   0.02   0.05
    20   1     0.04  -0.03   0.06    -0.01   0.01   0.02    -0.01   0.03   0.09
    21   1     0.09  -0.09  -0.08     0.02   0.03  -0.06     0.05   0.00  -0.07
    22   6     0.03   0.01  -0.03    -0.03  -0.02   0.02     0.05   0.01  -0.02
    23   1     0.01  -0.01  -0.03     0.07   0.19  -0.18     0.13   0.20  -0.23
    24   1    -0.01  -0.01  -0.05    -0.27   0.08   0.14    -0.21   0.11   0.10
    25   6    -0.02  -0.01  -0.02     0.00   0.01   0.00     0.00   0.01   0.00
    26   1    -0.01   0.01   0.09     0.00  -0.01  -0.05     0.00   0.03   0.08
    27   1    -0.06  -0.05  -0.04     0.01   0.05  -0.05    -0.05   0.00  -0.08
    28   1    -0.07  -0.04  -0.05     0.00   0.06   0.06    -0.06   0.03   0.03
    29   6     0.03  -0.01   0.03    -0.03   0.02  -0.02    -0.05   0.01  -0.02
    30   1     0.00   0.02   0.05    -0.27  -0.09  -0.14     0.20   0.10   0.10
    31   1     0.00   0.02   0.02     0.07  -0.19   0.19    -0.13   0.20  -0.22
    32   6    -0.02   0.01   0.02     0.00   0.00   0.00     0.00   0.01   0.00
    33   1    -0.07   0.04   0.05     0.00  -0.06  -0.06     0.06   0.03   0.03
    34   1    -0.06   0.05   0.03     0.01  -0.04   0.05     0.05   0.00  -0.08
    35   1    -0.01  -0.01  -0.09     0.00   0.01   0.05     0.00   0.03   0.09
    36   6     0.02   0.01   0.02    -0.02   0.00   0.00     0.06   0.02  -0.03
    37   1     0.08   0.04   0.08    -0.07  -0.22   0.18     0.10   0.23  -0.20
    38   1     0.14   0.05   0.03     0.21  -0.05  -0.13    -0.17   0.07   0.11
    39   6     0.05   0.04   0.07     0.00  -0.01  -0.01     0.01   0.01   0.01
    40   1     0.04   0.03  -0.05    -0.01  -0.01  -0.02     0.00   0.03   0.09
    41   1     0.11   0.09   0.09     0.03  -0.04  -0.06    -0.05   0.03   0.05
    42   1     0.09   0.09   0.08     0.02  -0.03   0.06    -0.05   0.00  -0.08
    43   7    -0.07   0.05  -0.10    -0.08  -0.02   0.02    -0.08  -0.02   0.00
    44   7    -0.07  -0.05   0.10    -0.08   0.02  -0.02     0.08  -0.02   0.00
    45   6    -0.04  -0.08   0.03     0.09  -0.03   0.00     0.02  -0.05   0.01
    46   1     0.00  -0.04  -0.03     0.13  -0.08   0.02    -0.01  -0.03   0.01
    47   1     0.00  -0.20   0.02     0.13  -0.03   0.01    -0.01  -0.02   0.01
    48   6    -0.04   0.08  -0.03     0.09   0.03   0.00    -0.02  -0.06   0.01
    49   1    -0.02   0.03   0.02     0.13   0.07  -0.01     0.01  -0.03   0.01
    50   1     0.02   0.19  -0.02     0.12   0.05  -0.01     0.01  -0.02   0.01
                    37                     38                     39
                     A                      A                      A
 Frequencies --   662.4479               675.3210               710.4069
 Red. masses --     3.2686                 4.1532                 5.3511
 Frc consts  --     0.8451                 1.1160                 1.5911
 IR Inten    --    26.6744                 1.4734                 3.1868
  Atom  AN      X      Y      Z        X      Y      Z        X      Y      Z
     1   6     0.01   0.02   0.03     0.03  -0.01  -0.04    -0.05   0.05   0.26
     2   6     0.01   0.04   0.31    -0.10   0.00   0.03     0.00  -0.01  -0.17
     3   6     0.00  -0.01   0.01    -0.03   0.00   0.00     0.00   0.06   0.29
     4   6     0.00  -0.03  -0.13    -0.02   0.09   0.07    -0.01  -0.02  -0.12
     5   6     0.01   0.03   0.09    -0.03   0.00  -0.08    -0.03  -0.03  -0.18
     6   6     0.00  -0.02  -0.12    -0.02  -0.09  -0.09     0.01  -0.02  -0.12
     7   6    -0.01   0.03   0.09    -0.03   0.00   0.10     0.03  -0.03  -0.18
     8   6    -0.01   0.02   0.02     0.03   0.02   0.04     0.05   0.05   0.25
     9   6     0.00   0.01   0.03     0.07  -0.12   0.03    -0.01   0.00   0.06
    10   6     0.00  -0.02  -0.10     0.01   0.00  -0.01     0.00  -0.05  -0.09
    11   6    -0.01   0.00   0.04     0.07   0.12  -0.02     0.01   0.00   0.06
    12   1     0.00   0.09   0.51     0.06  -0.09   0.20     0.00   0.05   0.34
    13   1     0.01   0.04   0.21    -0.17   0.00   0.02     0.00  -0.02   0.09
    14   1    -0.01   0.08   0.53     0.06   0.11  -0.10     0.00   0.05   0.34
    15   6    -0.01   0.01  -0.01     0.15  -0.09   0.08    -0.05   0.03  -0.03
    16   1     0.00  -0.03   0.02     0.13  -0.04   0.04     0.02  -0.02  -0.10
    17   1    -0.04   0.00  -0.03     0.16  -0.07   0.11     0.08  -0.03  -0.05
    18   6     0.00   0.00   0.00     0.03  -0.02  -0.01     0.02  -0.02  -0.06
    19   1     0.01  -0.02  -0.01    -0.10   0.08   0.04     0.14  -0.09  -0.09
    20   1    -0.01   0.00   0.03     0.04  -0.08  -0.30     0.01   0.02   0.18
    21   1     0.00  -0.01   0.01    -0.09   0.09   0.04     0.12  -0.12  -0.11
    22   6     0.02   0.01  -0.02    -0.03   0.00   0.01    -0.02  -0.01   0.01
    23   1    -0.01  -0.03   0.00    -0.03  -0.03   0.07     0.03   0.02   0.06
    24   1     0.00  -0.03  -0.06     0.06  -0.01   0.00     0.06   0.01   0.03
    25   6    -0.01  -0.01  -0.02     0.00   0.00   0.01     0.02   0.02   0.04
    26   1    -0.01   0.01   0.08     0.00  -0.02  -0.06     0.02  -0.02  -0.10
    27   1    -0.05  -0.04  -0.02     0.05   0.02   0.04     0.08   0.07   0.07
    28   1    -0.06  -0.04  -0.05     0.05   0.01   0.01     0.09   0.05   0.06
    29   6    -0.02   0.01  -0.01    -0.03   0.00  -0.02     0.02  -0.01   0.01
    30   1     0.00  -0.03  -0.06     0.06   0.01  -0.01    -0.05   0.01   0.03
    31   1     0.01  -0.03   0.01    -0.03   0.03  -0.07    -0.03   0.02   0.05
    32   6     0.01  -0.01  -0.02     0.01  -0.01  -0.01    -0.01   0.02   0.04
    33   1     0.05  -0.04  -0.05     0.06  -0.02  -0.02    -0.09   0.05   0.06
    34   1     0.04  -0.04  -0.01     0.06  -0.03  -0.05    -0.08   0.07   0.07
    35   1     0.01   0.00   0.06     0.01   0.02   0.08    -0.01  -0.02  -0.10
    36   6    -0.01   0.00   0.00     0.15   0.09  -0.08     0.05   0.03  -0.03
    37   1    -0.02  -0.03   0.02     0.13   0.03  -0.04    -0.02  -0.01  -0.10
    38   1     0.02  -0.01  -0.01     0.16   0.07  -0.12    -0.08  -0.03  -0.05
    39   6     0.00   0.00   0.00     0.03   0.02   0.02    -0.02  -0.02  -0.06
    40   1     0.00   0.00  -0.01     0.04   0.08   0.30    -0.01   0.03   0.18
    41   1     0.01   0.00   0.00    -0.10  -0.08  -0.04    -0.13  -0.09  -0.08
    42   1     0.01   0.00   0.01    -0.09  -0.09  -0.03    -0.12  -0.12  -0.11
    43   7     0.01  -0.03  -0.12    -0.07   0.11  -0.03    -0.03   0.00  -0.01
    44   7    -0.01  -0.02  -0.12    -0.07  -0.12   0.00     0.03   0.00  -0.01
    45   6     0.00   0.00  -0.01    -0.08  -0.16   0.04     0.01   0.00  -0.01
    46   1    -0.07  -0.12   0.13    -0.01  -0.22   0.04    -0.01   0.00   0.01
    47   1     0.07   0.18   0.06    -0.03  -0.18   0.05     0.00   0.03   0.00
    48   6     0.01  -0.03  -0.01    -0.08   0.16  -0.03    -0.01   0.00   0.00
    49   1     0.07  -0.16   0.12    -0.04   0.20  -0.03     0.01  -0.01   0.01
    50   1    -0.06   0.14   0.08     0.00   0.19  -0.05     0.00   0.03   0.00
                    40                     41                     42
                     A                      A                      A
 Frequencies --   746.1107               753.0964               756.8067
 Red. masses --     5.2156                 2.5235                 2.6710
 Frc consts  --     1.7106                 0.8433                 0.9013
 IR Inten    --    18.8136                10.1261                12.7771
  Atom  AN      X      Y      Z        X      Y      Z        X      Y      Z
     1   6    -0.08   0.00   0.25    -0.02  -0.01   0.10    -0.02  -0.05  -0.04
     2   6    -0.04   0.01   0.03     0.00   0.01   0.15     0.00  -0.06  -0.08
     3   6    -0.07   0.00  -0.04     0.00  -0.07  -0.14     0.00  -0.07   0.10
     4   6    -0.07   0.05   0.14    -0.02  -0.02   0.04    -0.05  -0.05  -0.01
     5   6    -0.05  -0.03  -0.24     0.00  -0.03  -0.05     0.01  -0.04   0.05
     6   6    -0.07  -0.05  -0.12     0.03  -0.02   0.06     0.04  -0.06  -0.03
     7   6    -0.05   0.02   0.20     0.01  -0.04  -0.09    -0.02  -0.03   0.07
     8   6    -0.07   0.01  -0.21     0.03  -0.01   0.13     0.02  -0.06  -0.06
     9   6     0.03  -0.03   0.01     0.06   0.00   0.05     0.10  -0.01  -0.03
    10   6     0.02   0.00   0.01     0.00   0.10   0.03     0.00   0.18  -0.06
    11   6     0.03   0.03   0.01    -0.06   0.00   0.05    -0.10  -0.01  -0.03
    12   1     0.06   0.03   0.09     0.01  -0.15  -0.41     0.04  -0.06   0.29
    13   1    -0.05  -0.02  -0.09     0.00   0.02  -0.44     0.00   0.24   0.25
    14   1     0.06  -0.06  -0.29    -0.02  -0.14  -0.38    -0.03  -0.07   0.27
    15   6    -0.03  -0.02   0.01    -0.03  -0.01  -0.01    -0.03  -0.03   0.00
    16   1     0.03   0.05  -0.18    -0.01   0.07  -0.14    -0.04   0.15  -0.20
    17   1     0.20  -0.03   0.08     0.10   0.02   0.07     0.13   0.07   0.17
    18   6     0.02  -0.03  -0.05     0.00  -0.01  -0.01    -0.01   0.00   0.01
    19   1     0.10  -0.01   0.01     0.05   0.02   0.03     0.00   0.09   0.12
    20   1     0.04   0.03   0.09     0.02   0.03   0.06     0.03   0.05   0.00
    21   1     0.12  -0.07  -0.16     0.07  -0.03  -0.10     0.06   0.02  -0.12
    22   6     0.05   0.03  -0.04     0.02  -0.01   0.00     0.06  -0.01  -0.02
    23   1     0.09   0.02   0.06     0.05   0.06  -0.10     0.07   0.09  -0.18
    24   1     0.19   0.04  -0.03    -0.03   0.06   0.08    -0.08   0.07   0.08
    25   6     0.04   0.03   0.06     0.01   0.00   0.01     0.02   0.00   0.01
    26   1     0.04   0.02   0.05    -0.01   0.04   0.01     0.00   0.07   0.10
    27   1     0.05   0.03   0.08    -0.03   0.01  -0.07    -0.08  -0.02  -0.12
    28   1     0.05   0.01   0.03     0.01   0.05   0.06    -0.04   0.06   0.07
    29   6     0.05  -0.03   0.04    -0.03  -0.01  -0.01    -0.06  -0.02  -0.01
    30   1     0.18  -0.03   0.04     0.00   0.06   0.07     0.09   0.06   0.08
    31   1     0.08  -0.02  -0.05    -0.06   0.06  -0.09    -0.07   0.08  -0.18
    32   6     0.04  -0.03  -0.05    -0.01   0.01   0.02    -0.01   0.00   0.00
    33   1     0.04  -0.01  -0.03    -0.02   0.06   0.07     0.05   0.05   0.06
    34   1     0.04  -0.03  -0.08     0.02   0.01  -0.06     0.08  -0.02  -0.12
    35   1     0.04  -0.03  -0.06     0.00   0.04   0.01     0.01   0.07   0.10
    36   6    -0.02   0.02  -0.01     0.04  -0.01  -0.01     0.03  -0.03   0.00
    37   1     0.03  -0.05   0.17     0.00   0.08  -0.18     0.04   0.15  -0.19
    38   1     0.20   0.02  -0.09    -0.13   0.03   0.10    -0.12   0.07   0.16
    39   6     0.01   0.03   0.05     0.00  -0.01  -0.02     0.01   0.00   0.02
    40   1     0.04  -0.03  -0.07    -0.03   0.05   0.09    -0.03   0.04  -0.01
    41   1     0.08  -0.01  -0.02    -0.06   0.02   0.05     0.01   0.10   0.13
    42   1     0.11   0.07   0.15    -0.10  -0.05  -0.13    -0.04   0.03  -0.10
    43   7    -0.04  -0.10  -0.06    -0.02   0.00  -0.06    -0.01   0.00   0.03
    44   7    -0.04   0.10   0.05     0.02  -0.02  -0.07     0.01   0.01   0.04
    45   6     0.09   0.10  -0.02     0.00   0.04  -0.03     0.01   0.10  -0.01
    46   1     0.03   0.14  -0.01    -0.06  -0.03   0.07     0.05   0.13  -0.06
    47   1     0.12   0.08  -0.01     0.05   0.14   0.02    -0.02   0.02  -0.04
    48   6     0.09  -0.11   0.00    -0.01   0.05  -0.02     0.00   0.09  -0.01
    49   1     0.10  -0.18   0.06     0.05  -0.01   0.06    -0.04   0.11  -0.04
    50   1     0.05  -0.02   0.05    -0.06   0.14   0.03     0.02   0.03  -0.04
                    43                     44                     45
                     A                      A                      A
 Frequencies --   776.6718               795.4661               810.0755
 Red. masses --     2.3504                 1.1658                 1.3139
 Frc consts  --     0.8353                 0.4346                 0.5080
 IR Inten    --     2.0627                 3.1071                 4.2200
  Atom  AN      X      Y      Z        X      Y      Z        X      Y      Z
     1   6     0.04   0.06   0.09    -0.02  -0.02   0.00     0.00   0.00   0.01
     2   6     0.04   0.00   0.00     0.00   0.01   0.00     0.01   0.00   0.00
     3   6     0.07   0.00   0.00     0.00   0.01  -0.02     0.06   0.00   0.00
     4   6     0.06  -0.02   0.05    -0.01   0.01   0.02     0.05  -0.02   0.01
     5   6     0.03  -0.04  -0.10    -0.02   0.01   0.00     0.02  -0.01  -0.01
     6   6     0.06   0.02  -0.05     0.01   0.01   0.02     0.05   0.01  -0.01
     7   6     0.03   0.04   0.10     0.01   0.01  -0.01     0.02   0.01   0.01
     8   6     0.04  -0.05  -0.08     0.02  -0.01   0.00     0.00   0.00  -0.01
     9   6    -0.03   0.03  -0.01     0.00  -0.01  -0.01    -0.02   0.02   0.00
    10   6    -0.01   0.00   0.00     0.00  -0.01   0.00    -0.02   0.00   0.00
    11   6    -0.02  -0.04   0.01     0.01  -0.01  -0.02    -0.02  -0.02   0.00
    12   1    -0.05   0.01   0.08    -0.01  -0.01   0.04    -0.03   0.00   0.00
    13   1     0.06   0.00   0.00     0.00   0.00   0.06     0.03   0.00   0.00
    14   1    -0.05  -0.01  -0.09     0.02  -0.01   0.04    -0.03   0.00   0.00
    15   6    -0.02   0.06  -0.03    -0.01  -0.04   0.01    -0.02   0.01  -0.01
    16   1     0.00  -0.12   0.17     0.02   0.09  -0.20     0.00   0.03  -0.07
    17   1    -0.16  -0.06  -0.22     0.14   0.07   0.19     0.04   0.03   0.04
    18   6     0.00   0.01  -0.01     0.00  -0.01   0.00    -0.01   0.00   0.00
    19   1     0.05  -0.14  -0.16     0.00   0.11   0.14     0.02   0.01   0.03
    20   1    -0.05  -0.01   0.16     0.05   0.04  -0.05     0.00   0.03   0.05
    21   1    -0.02  -0.07   0.11     0.06   0.02  -0.15     0.03  -0.01  -0.04
    22   6    -0.07  -0.05   0.05    -0.01   0.05  -0.02    -0.06   0.04   0.01
    23   1    -0.02   0.07  -0.08     0.00  -0.10   0.27     0.00  -0.09   0.37
    24   1    -0.12   0.07   0.18     0.15  -0.14  -0.24     0.10  -0.18  -0.26
    25   6    -0.02  -0.02   0.00     0.00   0.02   0.00    -0.02   0.01  -0.01
    26   1    -0.05  -0.03  -0.24     0.05  -0.07   0.06     0.05  -0.15  -0.06
    27   1     0.04   0.07  -0.06     0.08  -0.02   0.22     0.15   0.01   0.30
    28   1     0.10   0.12   0.12    -0.02  -0.16  -0.18     0.02  -0.19  -0.23
    29   6    -0.07   0.05  -0.05     0.01   0.05  -0.02    -0.06  -0.04  -0.01
    30   1    -0.14  -0.08  -0.20    -0.15  -0.14  -0.23     0.10   0.18   0.24
    31   1    -0.02  -0.08   0.11     0.01  -0.10   0.27    -0.01   0.09  -0.36
    32   6    -0.02   0.02   0.00     0.00   0.02   0.00    -0.02  -0.01   0.01
    33   1     0.10  -0.13  -0.14     0.01  -0.16  -0.18     0.02   0.19   0.22
    34   1     0.04  -0.07   0.08    -0.09  -0.01   0.22     0.15  -0.01  -0.29
    35   1    -0.05   0.02   0.24    -0.05  -0.08   0.05     0.05   0.15   0.06
    36   6    -0.02  -0.06   0.03     0.02  -0.04   0.01    -0.02  -0.01   0.01
    37   1    -0.01   0.12  -0.18    -0.02   0.09  -0.22     0.00  -0.02   0.07
    38   1    -0.17   0.06   0.24    -0.14   0.08   0.21     0.03  -0.03  -0.04
    39   6     0.00  -0.01   0.01     0.00  -0.01   0.00    -0.01   0.00   0.00
    40   1    -0.06   0.02  -0.16    -0.05   0.05  -0.03     0.00  -0.03  -0.04
    41   1     0.05   0.15   0.17     0.00   0.12   0.15     0.02  -0.02  -0.03
    42   1    -0.02   0.06  -0.12    -0.08   0.01  -0.16     0.03   0.01   0.04
    43   7     0.03   0.04  -0.04    -0.02   0.00   0.00     0.00   0.00  -0.01
    44   7     0.03  -0.04   0.03     0.01   0.00   0.00     0.00  -0.01   0.00
    45   6    -0.05  -0.06   0.02     0.01   0.00   0.00    -0.01  -0.02   0.01
    46   1    -0.03  -0.04  -0.01    -0.02   0.01   0.00     0.01  -0.02  -0.01
    47   1    -0.05  -0.09   0.01     0.00   0.01   0.00    -0.01  -0.03   0.00
    48   6    -0.05   0.05  -0.01     0.00  -0.01   0.00    -0.01   0.02   0.00
    49   1    -0.06   0.04  -0.01     0.02   0.00   0.00    -0.01   0.02  -0.01
    50   1    -0.02   0.07  -0.02     0.01   0.01   0.00     0.01   0.02  -0.01
                    46                     47                     48
                     A                      A                      A
 Frequencies --   816.4399               820.4604               838.8980
 Red. masses --     2.4163                 1.3842                 1.5544
 Frc consts  --     0.9490                 0.5490                 0.6445
 IR Inten    --    42.9219                 3.3750                 8.3890
  Atom  AN      X      Y      Z        X      Y      Z        X      Y      Z
     1   6     0.00   0.00   0.04     0.03   0.02   0.01    -0.04  -0.07   0.01
     2   6     0.00   0.01   0.04     0.05   0.00   0.01     0.00   0.01   0.00
     3   6     0.00  -0.02  -0.12     0.00   0.00   0.00     0.00   0.00   0.00
     4   6     0.00   0.03   0.17    -0.01   0.00   0.00     0.01  -0.02   0.00
     5   6     0.00  -0.02  -0.09     0.00   0.01  -0.01     0.01  -0.06   0.02
     6   6     0.00   0.03   0.17    -0.01   0.00   0.00    -0.01  -0.03   0.00
     7   6     0.01  -0.02  -0.09     0.00  -0.02   0.01    -0.01  -0.06   0.01
     8   6     0.00   0.00   0.04     0.04  -0.03   0.00     0.03  -0.06   0.01
     9   6     0.00  -0.02  -0.12     0.00   0.01  -0.01     0.02   0.00   0.01
    10   6     0.00   0.00  -0.03     0.01   0.00   0.00     0.00   0.07  -0.01
    11   6     0.00  -0.02  -0.12    -0.01  -0.01   0.00    -0.02   0.01   0.00
    12   1     0.00   0.07   0.42     0.00   0.02   0.01     0.00  -0.04  -0.03
    13   1     0.00   0.11   0.64     0.03   0.00   0.00     0.00   0.07  -0.06
    14   1     0.00   0.08   0.42     0.00  -0.03  -0.01     0.00  -0.03  -0.03
    15   6     0.00   0.01   0.00    -0.06  -0.04  -0.01     0.02   0.04  -0.02
    16   1    -0.01  -0.03   0.06     0.05   0.08  -0.33    -0.09  -0.01   0.25
    17   1    -0.02  -0.04  -0.07     0.09   0.14   0.26    -0.03  -0.14  -0.25
    18   6     0.00   0.00  -0.01    -0.02  -0.01   0.01     0.01   0.03   0.00
    19   1     0.01  -0.05  -0.06     0.03   0.17   0.24     0.01  -0.18  -0.24
    20   1    -0.02  -0.02   0.03     0.07   0.13   0.05    -0.09  -0.09   0.06
    21   1    -0.02  -0.01   0.05     0.15  -0.02  -0.27    -0.12  -0.01   0.26
    22   6    -0.01  -0.01   0.00    -0.01  -0.02   0.02     0.01   0.04  -0.03
    23   1     0.02   0.03  -0.03    -0.02   0.00  -0.03     0.07   0.00   0.14
    24   1     0.00   0.04   0.05     0.00   0.02   0.06     0.00  -0.10  -0.18
    25   6     0.00   0.00   0.02    -0.01  -0.01  -0.01     0.01   0.03   0.01
    26   1     0.00   0.00  -0.06    -0.02   0.01  -0.07     0.06  -0.05   0.13
    27   1     0.03   0.03   0.00    -0.01   0.01  -0.06     0.06  -0.02   0.19
    28   1     0.04   0.05   0.06     0.02   0.05   0.05    -0.04  -0.14  -0.16
    29   6     0.00  -0.01   0.00    -0.01   0.03  -0.02    -0.01   0.03  -0.03
    30   1     0.00   0.04   0.05    -0.02  -0.04  -0.10     0.00  -0.10  -0.17
    31   1    -0.02   0.03  -0.03    -0.03  -0.01   0.07    -0.06   0.00   0.15
    32   6     0.00   0.00   0.02    -0.01   0.02   0.01    -0.01   0.03   0.01
    33   1    -0.04   0.05   0.06     0.03  -0.08  -0.08     0.04  -0.14  -0.15
    34   1    -0.02   0.03   0.00    -0.02  -0.02   0.10    -0.06  -0.01   0.18
    35   1     0.01   0.00  -0.06    -0.04  -0.02   0.09    -0.06  -0.05   0.11
    36   6     0.00   0.01   0.00    -0.05   0.04   0.01    -0.01   0.04  -0.02
    37   1     0.00  -0.02   0.05     0.06  -0.07   0.33     0.08   0.01   0.19
    38   1     0.02  -0.03  -0.06     0.07  -0.16  -0.27     0.01  -0.11  -0.21
    39   6     0.00   0.00  -0.01    -0.02   0.02  -0.01    -0.01   0.03   0.00
    40   1     0.02  -0.01   0.03     0.08  -0.13  -0.04     0.08  -0.07   0.07
    41   1    -0.01  -0.04  -0.05     0.02  -0.18  -0.25    -0.02  -0.15  -0.19
    42   1     0.01  -0.01   0.04     0.16   0.02   0.29     0.10   0.00   0.22
    43   7     0.00   0.00  -0.02     0.04   0.02  -0.02    -0.04  -0.02   0.00
    44   7     0.00  -0.01  -0.02     0.05  -0.03   0.00     0.03  -0.02   0.00
    45   6     0.00   0.01  -0.01    -0.04  -0.02   0.02     0.03   0.04   0.00
    46   1    -0.01  -0.01   0.02     0.02   0.00  -0.04     0.08   0.05  -0.03
    47   1     0.02   0.03   0.01    -0.09  -0.05  -0.01    -0.01   0.01  -0.03
    48   6     0.00   0.01  -0.01    -0.04   0.03   0.00    -0.02   0.04   0.00
    49   1     0.02  -0.01   0.02    -0.08   0.05  -0.03    -0.07   0.04  -0.02
    50   1    -0.02   0.03   0.01     0.01   0.00  -0.03     0.01   0.01  -0.03
                    49                     50                     51
                     A                      A                      A
 Frequencies --   871.7912               892.3491               912.9028
 Red. masses --     1.2724                 2.8306                 2.8145
 Frc consts  --     0.5698                 1.3280                 1.3820
 IR Inten    --     0.8038                 3.6756                 0.0246
  Atom  AN      X      Y      Z        X      Y      Z        X      Y      Z
     1   6     0.01   0.00  -0.01     0.10   0.00   0.01     0.05  -0.08   0.01
     2   6     0.00  -0.01  -0.04     0.00  -0.08   0.01     0.08   0.00   0.00
     3   6     0.01   0.00   0.01     0.00  -0.05   0.01    -0.07   0.00   0.00
     4   6     0.01   0.00   0.00     0.08  -0.03   0.01    -0.06   0.00   0.01
     5   6     0.01   0.00   0.00     0.10  -0.05   0.00    -0.04  -0.09   0.01
     6   6     0.00   0.00   0.00    -0.08  -0.03   0.01    -0.06   0.00  -0.01
     7   6     0.00  -0.02   0.01    -0.10  -0.05   0.00    -0.04   0.09  -0.01
     8   6     0.01  -0.02  -0.01    -0.10   0.00   0.01     0.05   0.08  -0.02
     9   6     0.00   0.01   0.00    -0.04   0.05  -0.01     0.03  -0.05   0.03
    10   6     0.00   0.01   0.00     0.00   0.07  -0.01    -0.01   0.00   0.00
    11   6     0.00   0.00   0.00     0.04   0.05  -0.01     0.03   0.05  -0.03
    12   1     0.00   0.00   0.00    -0.02   0.09  -0.02     0.03  -0.07  -0.11
    13   1     0.01   0.01   0.00     0.00   0.08  -0.02    -0.15   0.00   0.00
    14   1     0.00   0.00  -0.01     0.02   0.09  -0.02     0.03   0.07   0.11
    15   6     0.00   0.00   0.00    -0.04   0.01  -0.08    -0.02   0.00  -0.09
    16   1     0.01   0.01  -0.02     0.06  -0.07  -0.16    -0.01  -0.01  -0.09
    17   1    -0.01   0.02   0.02    -0.03   0.03  -0.07     0.06  -0.08  -0.16
    18   6     0.00   0.00   0.00    -0.06   0.05   0.06    -0.06   0.06   0.07
    19   1    -0.01   0.01   0.02     0.08   0.00   0.08     0.08  -0.07  -0.02
    20   1     0.00   0.00  -0.01    -0.04   0.14   0.34    -0.09   0.09   0.35
    21   1     0.00   0.01  -0.01     0.10  -0.08  -0.05     0.04  -0.06   0.08
    22   6    -0.01   0.00   0.01    -0.03   0.00   0.06     0.01  -0.02  -0.07
    23   1     0.00   0.00   0.02     0.10   0.08   0.17     0.04   0.01  -0.06
    24   1    -0.01  -0.01   0.00    -0.07  -0.05   0.00    -0.09  -0.08  -0.14
    25   6    -0.01   0.00   0.00    -0.06  -0.02  -0.05     0.05   0.05   0.06
    26   1     0.00  -0.02  -0.03    -0.02  -0.15  -0.26     0.07   0.06   0.28
    27   1     0.01   0.01   0.01     0.12   0.05   0.12    -0.02  -0.03   0.09
    28   1     0.01   0.00  -0.01     0.06  -0.07  -0.11    -0.07  -0.05  -0.03
    29   6     0.00   0.00  -0.01     0.03   0.00   0.06     0.01   0.02   0.06
    30   1     0.01  -0.02  -0.03     0.07  -0.05   0.01    -0.09   0.08   0.13
    31   1    -0.02   0.01   0.01    -0.10   0.08   0.18     0.04  -0.01   0.06
    32   6    -0.01   0.01   0.01     0.06  -0.02  -0.05     0.05  -0.05  -0.05
    33   1     0.01  -0.02  -0.02    -0.06  -0.06  -0.11    -0.07   0.05   0.03
    34   1     0.00   0.00   0.03    -0.12   0.05   0.12    -0.02   0.03  -0.09
    35   1    -0.01   0.00   0.04     0.02  -0.16  -0.26     0.07  -0.06  -0.27
    36   6     0.00   0.01  -0.01     0.04   0.01  -0.08    -0.02   0.00   0.09
    37   1     0.02   0.01   0.05    -0.06  -0.07  -0.16    -0.01   0.02   0.10
    38   1     0.02  -0.01  -0.04     0.04   0.03  -0.07     0.07   0.09   0.16
    39   6     0.00   0.01   0.00     0.06   0.05   0.06    -0.06  -0.07  -0.07
    40   1     0.02  -0.02   0.00     0.04   0.14   0.33    -0.09  -0.10  -0.36
    41   1     0.01  -0.04  -0.05    -0.08   0.01   0.08     0.09   0.07   0.01
    42   1     0.03   0.00   0.05    -0.10  -0.07  -0.05     0.04   0.06  -0.07
    43   7     0.00   0.02   0.05     0.09  -0.02   0.00     0.06  -0.01   0.01
    44   7     0.00   0.00   0.06    -0.09  -0.01   0.00     0.06   0.01   0.00
    45   6    -0.01  -0.01  -0.07    -0.04   0.04   0.00    -0.03  -0.11   0.01
    46   1    -0.39  -0.15   0.27     0.02   0.00  -0.01    -0.06  -0.13   0.05
    47   1     0.38   0.25   0.14    -0.03  -0.01  -0.01     0.05  -0.07   0.05
    48   6    -0.01  -0.01  -0.08     0.04   0.04   0.00    -0.03   0.10  -0.03
    49   1     0.40  -0.16   0.22    -0.02   0.01  -0.01     0.04   0.08   0.03
    50   1    -0.39   0.24   0.19     0.03  -0.02  -0.01    -0.05   0.15  -0.01
                    52                     53                     54
                     A                      A                      A
 Frequencies --   930.6711               941.1515               961.1355
 Red. masses --     1.4560                 3.9397                 3.1949
 Frc consts  --     0.7430                 2.0560                 1.7389
 IR Inten    --     0.0013                 3.4487                12.1464
  Atom  AN      X      Y      Z        X      Y      Z        X      Y      Z
     1   6     0.00  -0.01   0.00    -0.01   0.02   0.00    -0.05   0.01   0.00
     2   6     0.01   0.00   0.00     0.00   0.15  -0.03     0.00  -0.12   0.02
     3   6    -0.01   0.00   0.00     0.00   0.11  -0.02     0.00  -0.11   0.02
     4   6     0.00  -0.01  -0.05     0.02  -0.04   0.01     0.04   0.00   0.00
     5   6     0.00   0.00   0.02     0.09   0.00   0.01     0.03   0.01   0.00
     6   6     0.00   0.01   0.05    -0.02  -0.04   0.01    -0.04   0.00   0.00
     7   6     0.00   0.00  -0.02    -0.09   0.00   0.01    -0.03   0.01   0.00
     8   6     0.00   0.01   0.00     0.01   0.02   0.00     0.05   0.01   0.00
     9   6     0.00  -0.03  -0.13     0.14  -0.10   0.02    -0.07   0.06  -0.01
    10   6     0.00   0.00   0.00     0.00   0.11  -0.02     0.00  -0.02   0.00
    11   6     0.00   0.03   0.13    -0.14  -0.09   0.02     0.07   0.06  -0.01
    12   1     0.01   0.12   0.68     0.09  -0.19   0.04    -0.04   0.12  -0.02
    13   1    -0.02   0.00   0.00     0.00   0.12   0.02     0.00  -0.01   0.00
    14   1     0.01  -0.12  -0.68    -0.09  -0.19   0.04     0.04   0.11  -0.02
    15   6     0.00   0.00  -0.01     0.00   0.01   0.03    -0.06   0.06   0.12
    16   1     0.00   0.00  -0.01    -0.04   0.04   0.06    -0.16   0.16   0.19
    17   1     0.01  -0.02  -0.02     0.00   0.02   0.03    -0.11   0.11   0.16
    18   6    -0.01   0.01   0.01     0.02  -0.02  -0.03     0.07  -0.07  -0.12
    19   1     0.01  -0.01  -0.01    -0.02  -0.01  -0.05    -0.06  -0.01  -0.10
    20   1    -0.01   0.01   0.04     0.01  -0.05  -0.11     0.06  -0.13  -0.33
    21   1     0.00  -0.01   0.01    -0.04   0.02   0.03    -0.05   0.04  -0.05
    22   6     0.00   0.01   0.00     0.02   0.03   0.10     0.03   0.03   0.07
    23   1    -0.01  -0.01   0.01     0.14   0.11   0.18     0.10   0.08   0.11
    24   1     0.00  -0.01  -0.01     0.05   0.06   0.13     0.05   0.05   0.09
    25   6     0.00   0.00  -0.01    -0.08  -0.05  -0.09    -0.05  -0.03  -0.07
    26   1     0.01   0.01   0.05    -0.06  -0.15  -0.37    -0.04  -0.09  -0.20
    27   1    -0.02  -0.02  -0.01     0.09   0.05   0.01     0.05   0.02   0.00
    28   1    -0.02  -0.02  -0.03     0.08  -0.02  -0.09     0.04  -0.02  -0.07
    29   6     0.00  -0.01   0.00    -0.02   0.03   0.10    -0.04   0.04   0.07
    30   1     0.00   0.01   0.02    -0.06   0.06   0.13    -0.06   0.06   0.09
    31   1    -0.01   0.01  -0.01    -0.14   0.11   0.18    -0.11   0.09   0.12
    32   6     0.00   0.00   0.01     0.08  -0.05  -0.09     0.05  -0.04  -0.07
    33   1    -0.02   0.02   0.03    -0.08  -0.03  -0.09    -0.04  -0.02  -0.07
    34   1    -0.02   0.02   0.01    -0.09   0.05   0.00    -0.05   0.02  -0.01
    35   1     0.01  -0.01  -0.04     0.07  -0.16  -0.37     0.04  -0.09  -0.21
    36   6     0.00   0.00   0.01     0.00   0.01   0.03     0.06   0.06   0.11
    37   1     0.00   0.00   0.01     0.03   0.04   0.06     0.15   0.15   0.18
    38   1     0.02   0.02   0.02     0.00   0.02   0.03     0.10   0.10   0.15
    39   6    -0.01  -0.01  -0.01    -0.02  -0.02  -0.03    -0.07  -0.07  -0.11
    40   1    -0.01  -0.01  -0.04    -0.01  -0.05  -0.11    -0.06  -0.13  -0.31
    41   1     0.01   0.01   0.01     0.03  -0.01  -0.05     0.06  -0.01  -0.10
    42   1     0.00   0.01  -0.01     0.04   0.02   0.02     0.05   0.04  -0.05
    43   7     0.00   0.00   0.00    -0.07   0.09  -0.01     0.00  -0.07   0.01
    44   7     0.00   0.00   0.00     0.07   0.09  -0.02     0.00  -0.06   0.02
    45   6     0.00  -0.01   0.00     0.02  -0.13   0.03     0.00   0.09  -0.02
    46   1     0.00  -0.01   0.00    -0.06  -0.04   0.00     0.05   0.04  -0.01
    47   1     0.00  -0.01   0.00    -0.05  -0.06   0.02     0.05   0.03  -0.02
    48   6     0.00   0.01   0.00    -0.02  -0.13   0.02     0.00   0.09  -0.01
    49   1     0.00   0.01   0.00     0.05  -0.05   0.00    -0.04   0.05   0.00
    50   1     0.00   0.01   0.00     0.06  -0.05   0.02    -0.05   0.03  -0.01
                    55                     56                     57
                     A                      A                      A
 Frequencies --   966.1988               993.0631              1003.0669
 Red. masses --     2.6526                 3.0530                 3.5598
 Frc consts  --     1.4590                 1.7739                 2.1102
 IR Inten    --     0.8157                 0.0728                 2.4370
  Atom  AN      X      Y      Z        X      Y      Z        X      Y      Z
     1   6     0.01  -0.02   0.00    -0.04  -0.03   0.01     0.00   0.07  -0.01
     2   6    -0.06   0.00   0.00     0.00  -0.02   0.00    -0.11   0.00   0.00
     3   6    -0.07   0.00   0.00     0.00  -0.02   0.01     0.08   0.00   0.00
     4   6    -0.03   0.00   0.00    -0.05   0.04  -0.01     0.07   0.01  -0.01
     5   6     0.03   0.01   0.00    -0.05   0.06  -0.01     0.01   0.06  -0.01
     6   6    -0.03   0.00   0.00     0.05   0.04  -0.01     0.06  -0.01   0.01
     7   6     0.03  -0.01   0.00     0.05   0.06  -0.01     0.00  -0.06   0.01
     8   6     0.02   0.02   0.00     0.04  -0.03   0.01    -0.01  -0.07   0.01
     9   6     0.02  -0.03   0.01    -0.01   0.01   0.00    -0.02   0.04  -0.01
    10   6     0.00   0.00   0.00     0.00  -0.07   0.00     0.01   0.00   0.00
    11   6     0.02   0.03  -0.01     0.01   0.01   0.01    -0.02  -0.04   0.01
    12   1     0.03  -0.02  -0.04    -0.01   0.01  -0.02    -0.04   0.02   0.02
    13   1    -0.11   0.00   0.00     0.00  -0.06   0.09     0.16   0.00  -0.01
    14   1     0.03   0.03   0.04     0.01   0.01  -0.02    -0.04  -0.02  -0.02
    15   6     0.05  -0.05  -0.09     0.06  -0.07  -0.08     0.10  -0.07  -0.11
    16   1     0.09  -0.08  -0.12     0.05  -0.03  -0.12     0.21  -0.20  -0.15
    17   1     0.14  -0.12  -0.14     0.19  -0.15  -0.11     0.07  -0.07  -0.11
    18   6    -0.04   0.06   0.09    -0.02   0.04   0.08    -0.04   0.03   0.11
    19   1     0.04  -0.02   0.03     0.01  -0.01   0.03    -0.03   0.08   0.17
    20   1    -0.06   0.06   0.23    -0.05   0.02   0.12     0.00   0.07   0.07
    21   1     0.01  -0.02   0.10    -0.02   0.01   0.12     0.01   0.04   0.04
    22   6     0.06   0.06   0.11     0.06   0.08   0.08    -0.09  -0.05  -0.10
    23   1     0.15   0.11   0.16     0.00   0.00   0.10    -0.23  -0.17  -0.14
    24   1     0.16   0.12   0.17     0.29   0.15   0.15    -0.05  -0.06  -0.11
    25   6    -0.07  -0.06  -0.11    -0.03  -0.05  -0.08     0.04   0.03   0.10
    26   1    -0.07  -0.11  -0.31    -0.06   0.01  -0.14     0.01   0.08   0.10
    27   1     0.04   0.03  -0.08    -0.04  -0.02  -0.18    -0.02   0.02   0.01
    28   1     0.06   0.00  -0.07     0.01   0.04   0.01     0.02   0.07   0.15
    29   6     0.06  -0.05  -0.10    -0.07   0.08   0.08    -0.09   0.05   0.09
    30   1     0.15  -0.11  -0.16    -0.29   0.16   0.16    -0.03   0.05   0.10
    31   1     0.15  -0.11  -0.15    -0.02   0.01   0.11    -0.23   0.17   0.13
    32   6    -0.07   0.06   0.10     0.03  -0.06  -0.09     0.04  -0.03  -0.10
    33   1     0.06   0.00   0.06    -0.01   0.04   0.00     0.02  -0.08  -0.15
    34   1     0.04  -0.02   0.07     0.04  -0.02  -0.18    -0.02  -0.02   0.00
    35   1    -0.07   0.10   0.30     0.07   0.00  -0.16     0.01  -0.09  -0.10
    36   6     0.05   0.06   0.09    -0.05  -0.07  -0.07     0.10   0.08   0.11
    37   1     0.09   0.09   0.13    -0.04  -0.03  -0.11     0.22   0.21   0.16
    38   1     0.14   0.13   0.15    -0.19  -0.14  -0.11     0.08   0.08   0.12
    39   6    -0.05  -0.06  -0.09     0.02   0.05   0.08    -0.04  -0.04  -0.12
    40   1    -0.07  -0.07  -0.24     0.05   0.02   0.12     0.00  -0.07  -0.08
    41   1     0.04   0.02  -0.04    -0.01  -0.02   0.02    -0.03  -0.08  -0.17
    42   1     0.01   0.02  -0.10     0.03   0.01   0.13     0.00  -0.04  -0.05
    43   7    -0.03   0.00   0.00    -0.04  -0.05   0.01    -0.06   0.04  -0.01
    44   7    -0.03  -0.01   0.00     0.04  -0.05   0.01    -0.06  -0.04   0.01
    45   6     0.02   0.04  -0.01     0.14   0.05  -0.02     0.02   0.09  -0.01
    46   1     0.02   0.06  -0.02     0.18  -0.02   0.02     0.02   0.11  -0.03
    47   1     0.00   0.02  -0.02     0.19   0.01  -0.01    -0.01   0.05  -0.04
    48   6     0.01  -0.04   0.01    -0.14   0.04  -0.01     0.02  -0.09   0.02
    49   1    -0.03  -0.04  -0.01    -0.17  -0.02   0.03    -0.03  -0.09  -0.01
    50   1     0.02  -0.05   0.00    -0.21   0.01   0.01     0.02  -0.10   0.02
                    58                     59                     60
                     A                      A                      A
 Frequencies --  1015.7206              1021.8936              1044.2948
 Red. masses --     1.3660                 2.6212                 2.4203
 Frc consts  --     0.8303                 1.6127                 1.5551
 IR Inten    --     0.0473                 0.0051                34.1154
  Atom  AN      X      Y      Z        X      Y      Z        X      Y      Z
     1   6     0.00   0.00   0.00     0.06   0.03  -0.01    -0.06  -0.05   0.00
     2   6     0.00   0.00   0.00     0.00   0.01   0.00     0.08   0.00   0.00
     3   6     0.00   0.00  -0.01     0.00   0.01   0.00     0.11   0.00   0.00
     4   6     0.00   0.00   0.00     0.02  -0.01   0.00     0.03   0.04   0.00
     5   6     0.00   0.00   0.00     0.03  -0.01   0.01    -0.06   0.08  -0.01
     6   6     0.00   0.00   0.00    -0.03  -0.01   0.00     0.03  -0.04   0.01
     7   6     0.00   0.00   0.00    -0.03  -0.01   0.00    -0.06  -0.08   0.01
     8   6     0.00   0.00   0.00    -0.06   0.03  -0.01    -0.06   0.05   0.00
     9   6    -0.01   0.01   0.07     0.01  -0.01   0.01    -0.04   0.06  -0.01
    10   6     0.00  -0.02  -0.14     0.00   0.02  -0.02     0.03   0.00   0.00
    11   6     0.00   0.01   0.07    -0.01   0.00   0.01    -0.04  -0.06   0.01
    12   1    -0.01  -0.08  -0.39     0.01  -0.02  -0.06    -0.03   0.09  -0.05
    13   1     0.00   0.14   0.79     0.00   0.05   0.10     0.31   0.00   0.00
    14   1     0.01  -0.08  -0.39    -0.01  -0.02  -0.06    -0.03  -0.09   0.05
    15   6     0.00   0.00   0.00    -0.01   0.05   0.02     0.00  -0.05   0.00
    16   1    -0.01   0.00   0.00     0.07  -0.06   0.00    -0.07   0.08  -0.03
    17   1     0.00   0.00   0.00    -0.20   0.14   0.07     0.19  -0.12  -0.03
    18   6     0.00   0.00   0.00     0.00  -0.03  -0.03     0.00   0.02   0.01
    19   1     0.00   0.00  -0.01     0.01   0.06   0.07     0.01  -0.05  -0.07
    20   1     0.00   0.00   0.00     0.05   0.05  -0.02    -0.04  -0.03   0.05
    21   1     0.00   0.00   0.00     0.05  -0.02  -0.13    -0.03   0.00   0.09
    22   6     0.00   0.00   0.00    -0.03  -0.04  -0.03    -0.01   0.07   0.01
    23   1    -0.01   0.00   0.00    -0.01   0.00  -0.04    -0.21  -0.15   0.04
    24   1     0.00   0.00   0.00    -0.12  -0.06  -0.05     0.31   0.11   0.04
    25   6     0.00   0.00   0.00     0.00   0.02   0.04     0.02  -0.04  -0.02
    26   1     0.00   0.01   0.03     0.02  -0.01   0.01    -0.05   0.10   0.00
    27   1    -0.01  -0.01  -0.01     0.03   0.02   0.08    -0.09  -0.04  -0.20
    28   1    -0.01  -0.01  -0.01     0.02   0.00   0.01    -0.01   0.09   0.11
    29   6     0.00   0.00   0.00     0.03  -0.04  -0.04    -0.01  -0.07  -0.01
    30   1     0.00   0.00   0.00     0.11  -0.06  -0.05     0.31  -0.11  -0.03
    31   1     0.01   0.00   0.00     0.01  -0.01  -0.05    -0.21   0.16  -0.04
    32   6     0.00   0.00   0.00     0.00   0.02   0.04     0.02   0.04   0.02
    33   1     0.01  -0.01  -0.01    -0.02   0.00   0.02    -0.01  -0.09  -0.11
    34   1     0.01  -0.01  -0.01    -0.03   0.03   0.07    -0.09   0.04   0.20
    35   1     0.00   0.01   0.03    -0.01  -0.01   0.01    -0.05  -0.10   0.00
    36   6     0.00   0.00   0.00     0.01   0.05   0.02     0.00   0.05   0.00
    37   1     0.01   0.01   0.00    -0.08  -0.07   0.01    -0.07  -0.08   0.03
    38   1     0.00   0.00   0.00     0.20   0.14   0.06     0.20   0.13   0.03
    39   6     0.00   0.00   0.00     0.01  -0.03  -0.02     0.00  -0.03  -0.01
    40   1     0.00   0.00   0.00    -0.05   0.05  -0.02    -0.05   0.03  -0.05
    41   1     0.00   0.00  -0.01    -0.01   0.06   0.08     0.02   0.06   0.07
    42   1     0.00   0.00   0.00    -0.05  -0.02  -0.13    -0.03   0.00  -0.10
    43   7     0.00   0.00   0.00     0.02   0.00   0.00     0.01  -0.09   0.02
    44   7     0.00   0.00   0.00    -0.02   0.00   0.00     0.01   0.09  -0.02
    45   6    -0.02   0.00   0.00     0.24  -0.01  -0.01    -0.01  -0.10   0.02
    46   1    -0.03   0.01   0.00     0.35  -0.14   0.04     0.02  -0.12   0.02
    47   1    -0.03   0.01   0.00     0.35  -0.11   0.00     0.05  -0.10   0.04
    48   6     0.02   0.00   0.00    -0.24  -0.01   0.01    -0.01   0.10  -0.02
    49   1     0.03   0.01   0.00    -0.34  -0.10   0.04     0.03   0.10   0.00
    50   1     0.03   0.01   0.00    -0.37  -0.13   0.03     0.03   0.12  -0.03
                    61                     62                     63
                     A                      A                      A
 Frequencies --  1058.3156              1065.2321              1067.5716
 Red. masses --     1.8703                 1.7684                 1.7660
 Frc consts  --     1.2342                 1.1823                 1.1859
 IR Inten    --    43.3290               220.5129               122.9670
  Atom  AN      X      Y      Z        X      Y      Z        X      Y      Z
     1   6     0.03  -0.02  -0.03     0.00  -0.03  -0.01    -0.02   0.02   0.05
     2   6     0.00   0.02   0.00     0.00   0.00   0.00     0.05   0.00   0.00
     3   6     0.00   0.02   0.00    -0.03   0.00   0.00     0.01   0.00   0.00
     4   6    -0.01   0.00   0.01    -0.01   0.00  -0.01    -0.02   0.01   0.00
     5   6    -0.03  -0.02  -0.03     0.02   0.03   0.05    -0.01  -0.02   0.00
     6   6     0.01   0.00   0.01    -0.01   0.00   0.01    -0.02  -0.01   0.00
     7   6     0.03  -0.02  -0.03     0.03  -0.03  -0.05    -0.01   0.02   0.00
     8   6    -0.03  -0.02  -0.03     0.00   0.03   0.01    -0.02  -0.02  -0.05
     9   6     0.00   0.00  -0.01     0.01  -0.01  -0.01     0.00   0.00   0.00
    10   6     0.00   0.01   0.00    -0.01   0.00   0.00     0.01   0.00   0.00
    11   6     0.00   0.00  -0.01     0.01   0.01   0.01     0.00   0.00   0.00
    12   1    -0.01  -0.01   0.04     0.02   0.02   0.03     0.01   0.03   0.01
    13   1     0.00   0.00  -0.02    -0.05   0.00   0.00     0.03   0.00   0.00
    14   1     0.01  -0.02   0.04     0.02  -0.02  -0.03     0.01  -0.03  -0.01
    15   6     0.00   0.02   0.08    -0.02  -0.01   0.02    -0.01   0.00  -0.11
    16   1     0.08  -0.05   0.02    -0.09   0.11   0.00    -0.10   0.04   0.01
    17   1     0.00  -0.02   0.03     0.09  -0.04   0.02    -0.11   0.10  -0.03
    18   6    -0.04   0.01  -0.07     0.01   0.01  -0.01     0.05  -0.03   0.09
    19   1     0.17  -0.09  -0.10     0.02  -0.05  -0.08    -0.23   0.15   0.17
    20   1    -0.04   0.10   0.28    -0.03  -0.03   0.03     0.08  -0.12  -0.40
    21   1     0.13  -0.16  -0.13    -0.02  -0.01   0.06    -0.16   0.22   0.12
    22   6     0.00   0.03   0.10     0.01  -0.01  -0.12     0.03  -0.01  -0.01
    23   1    -0.09  -0.03   0.02     0.08   0.01  -0.01     0.12   0.08   0.00
    24   1    -0.04  -0.03   0.03     0.14   0.08  -0.03    -0.02   0.01   0.02
    25   6     0.05   0.00  -0.08    -0.06  -0.02   0.09    -0.02   0.01   0.00
    26   1     0.04   0.11   0.30    -0.07  -0.11  -0.39     0.00  -0.05  -0.07
    27   1    -0.16  -0.16  -0.15     0.19   0.19   0.12     0.05   0.04   0.07
    28   1    -0.19  -0.08  -0.13     0.25   0.12   0.19     0.04  -0.01  -0.02
    29   6     0.00   0.03   0.09     0.01   0.01   0.12     0.03   0.01   0.00
    30   1     0.03  -0.03   0.03     0.14  -0.07   0.03    -0.04  -0.01  -0.02
    31   1     0.09  -0.03   0.02     0.09  -0.01   0.01     0.11  -0.08   0.00
    32   6    -0.05   0.00  -0.08    -0.06   0.02  -0.09    -0.01  -0.01   0.00
    33   1     0.19  -0.07  -0.12     0.25  -0.12  -0.19     0.02   0.02   0.03
    34   1     0.16  -0.16  -0.14     0.19  -0.20  -0.13     0.04  -0.03  -0.06
    35   1    -0.04   0.11   0.29    -0.07   0.12   0.40     0.01   0.04   0.04
    36   6     0.00   0.02   0.09    -0.02   0.02  -0.02    -0.02   0.00   0.11
    37   1    -0.09  -0.05   0.02    -0.10  -0.11   0.01    -0.10  -0.04   0.00
    38   1     0.00  -0.03   0.03     0.09   0.04  -0.02    -0.12  -0.10   0.03
    39   6     0.04   0.01  -0.08     0.01  -0.01   0.01     0.05   0.04  -0.09
    40   1     0.04   0.10   0.29    -0.03   0.03  -0.03     0.08   0.12   0.41
    41   1    -0.17  -0.09  -0.10     0.02   0.05   0.08    -0.24  -0.15  -0.18
    42   1    -0.13  -0.17  -0.14    -0.02   0.01  -0.06    -0.16  -0.22  -0.12
    43   7     0.01   0.01   0.00     0.02   0.00   0.00     0.01  -0.03   0.01
    44   7    -0.01   0.01   0.00     0.02   0.00   0.00     0.01   0.03  -0.01
    45   6     0.00  -0.01   0.00     0.00   0.00   0.00     0.00  -0.03   0.02
    46   1    -0.01   0.00   0.00    -0.01   0.01   0.00     0.02   0.01  -0.03
    47   1     0.02  -0.02   0.01     0.00  -0.01   0.00     0.00  -0.09   0.01
    48   6     0.00  -0.01   0.00     0.00   0.00   0.00    -0.01   0.03  -0.03
    49   1     0.01   0.00   0.00    -0.01  -0.01   0.00     0.02  -0.02   0.03
    50   1    -0.02  -0.02   0.01     0.00   0.01   0.00    -0.01   0.10   0.00
                    64                     65                     66
                     A                      A                      A
 Frequencies --  1073.0445              1098.8633              1105.3969
 Red. masses --     1.7179                 2.1195                 1.8201
 Frc consts  --     1.1655                 1.5079                 1.3103
 IR Inten    --    16.7626                 7.8326                 1.7085
  Atom  AN      X      Y      Z        X      Y      Z        X      Y      Z
     1   6     0.01  -0.04  -0.04    -0.02   0.00  -0.01     0.02  -0.01   0.02
     2   6     0.00   0.01   0.00     0.00  -0.02   0.01    -0.01   0.00   0.00
     3   6     0.00   0.00   0.00     0.00   0.02  -0.01    -0.03   0.00   0.00
     4   6     0.00   0.00   0.00    -0.01   0.08  -0.01     0.01  -0.03   0.01
     5   6     0.01   0.03   0.04    -0.01   0.01   0.00     0.03   0.01  -0.02
     6   6     0.00   0.00   0.00     0.01   0.08  -0.01     0.01   0.03  -0.01
     7   6    -0.01   0.03   0.04     0.01   0.01   0.00     0.03  -0.01   0.02
     8   6    -0.01  -0.03  -0.04     0.02   0.00  -0.01     0.02   0.01  -0.02
     9   6     0.01   0.00   0.00     0.15   0.01   0.00     0.01  -0.02   0.00
    10   6     0.00   0.00   0.00     0.00  -0.13   0.02    -0.01   0.00   0.00
    11   6    -0.01   0.00   0.00    -0.15   0.01   0.00     0.01   0.02   0.00
    12   1     0.00  -0.01  -0.01     0.35   0.30  -0.07     0.00  -0.05   0.00
    13   1     0.00   0.00   0.01     0.00  -0.14   0.04    -0.12   0.00   0.00
    14   1     0.00  -0.01  -0.01    -0.35   0.30  -0.07    -0.01   0.05   0.00
    15   6    -0.01  -0.02   0.09     0.03   0.01   0.02    -0.08  -0.06  -0.02
    16   1    -0.01   0.06  -0.01     0.10  -0.09   0.02    -0.27   0.28  -0.08
    17   1     0.17  -0.11   0.04    -0.03  -0.01  -0.03     0.22  -0.06   0.08
    18   6    -0.03   0.04  -0.07    -0.02   0.00  -0.01     0.05   0.03   0.01
    19   1     0.18  -0.15  -0.19     0.05   0.00   0.02    -0.06  -0.09  -0.17
    20   1    -0.08   0.05   0.30     0.00   0.05   0.08    -0.06  -0.14  -0.10
    21   1     0.09  -0.16  -0.03     0.06  -0.05  -0.08    -0.13   0.08   0.25
    22   6    -0.01   0.02  -0.08     0.04  -0.05   0.00    -0.04   0.01   0.02
    23   1    -0.04  -0.07   0.01     0.21   0.13  -0.02    -0.13  -0.08   0.02
    24   1     0.20   0.07  -0.03    -0.21  -0.03   0.04     0.02  -0.04  -0.03
    25   6    -0.03  -0.03   0.06    -0.03   0.03   0.00     0.03  -0.01  -0.01
    26   1    -0.06  -0.03  -0.25     0.04  -0.10  -0.03     0.00   0.06   0.10
    27   1     0.09   0.12   0.01     0.08   0.03   0.17    -0.08  -0.06  -0.09
    28   1     0.16   0.12   0.19     0.02  -0.09  -0.14    -0.06   0.01   0.02
    29   6     0.00   0.02  -0.08    -0.04  -0.05   0.00    -0.04  -0.01  -0.02
    30   1    -0.19   0.07  -0.03     0.20  -0.03   0.04     0.03   0.04   0.03
    31   1     0.04  -0.07   0.01    -0.20   0.13  -0.02    -0.14   0.09  -0.02
    32   6     0.03  -0.02   0.06     0.03   0.03   0.00     0.03   0.01   0.01
    33   1    -0.16   0.12   0.18    -0.02  -0.09  -0.14    -0.06  -0.01  -0.02
    34   1    -0.10   0.12   0.01    -0.08   0.03   0.17    -0.08   0.06   0.10
    35   1     0.07  -0.04  -0.25    -0.04  -0.10  -0.02     0.00  -0.07  -0.10
    36   6     0.01  -0.02   0.08    -0.03   0.01   0.02    -0.08   0.06   0.02
    37   1     0.01   0.06  -0.01    -0.09  -0.08   0.02    -0.27  -0.28   0.09
    38   1    -0.16  -0.11   0.04     0.03  -0.01  -0.02     0.22   0.06  -0.09
    39   6     0.03   0.03  -0.06     0.02   0.00  -0.01     0.05  -0.03  -0.01
    40   1     0.08   0.05   0.28     0.00   0.05   0.08    -0.06   0.14   0.09
    41   1    -0.16  -0.14  -0.18    -0.05   0.00   0.02    -0.06   0.09   0.17
    42   1    -0.08  -0.14  -0.02    -0.05  -0.05  -0.08    -0.13  -0.08  -0.26
    43   7     0.00   0.00   0.00     0.00  -0.05   0.01     0.05   0.09  -0.02
    44   7     0.00   0.00   0.00     0.00  -0.04   0.01     0.05  -0.09   0.02
    45   6     0.00   0.00   0.00    -0.02   0.03  -0.01    -0.01   0.06  -0.02
    46   1    -0.01   0.01   0.00    -0.01   0.01   0.00    -0.05   0.06   0.00
    47   1     0.01  -0.01   0.00     0.00   0.01   0.00    -0.01   0.05  -0.02
    48   6     0.00   0.00   0.00     0.02   0.03   0.00     0.00  -0.05   0.02
    49   1     0.01   0.00   0.00     0.01   0.02   0.00    -0.05  -0.04  -0.01
    50   1    -0.01   0.00   0.00     0.00   0.00  -0.01    -0.02  -0.06   0.02
                    67                     68                     69
                     A                      A                      A
 Frequencies --  1110.4624              1116.9263              1133.4095
 Red. masses --     1.6773                 1.7849                 1.7475
 Frc consts  --     1.2186                 1.3119                 1.3226
 IR Inten    --     1.9441                 0.7872                 0.0181
  Atom  AN      X      Y      Z        X      Y      Z        X      Y      Z
     1   6     0.00   0.00  -0.01     0.02  -0.01   0.02     0.03  -0.04   0.02
     2   6    -0.01   0.00   0.00     0.00  -0.02   0.00    -0.03   0.00   0.00
     3   6     0.00   0.00   0.00     0.00  -0.02   0.01    -0.03   0.00   0.00
     4   6     0.00  -0.01   0.00     0.06   0.00   0.00     0.02  -0.07   0.01
     5   6     0.00   0.00   0.00     0.06   0.03  -0.02     0.01  -0.05   0.01
     6   6     0.01   0.01   0.00    -0.06   0.00   0.00     0.02   0.07  -0.01
     7   6     0.00   0.00   0.00    -0.06   0.03  -0.03     0.01   0.06  -0.01
     8   6     0.00   0.01   0.01    -0.02   0.00   0.02     0.03   0.04  -0.02
     9   6     0.00   0.00   0.00     0.08   0.01   0.00     0.03  -0.03   0.01
    10   6     0.00   0.00   0.00     0.00  -0.03   0.00    -0.04   0.00   0.00
    11   6     0.01   0.00   0.00    -0.08   0.01   0.00     0.03   0.03   0.00
    12   1    -0.01  -0.02   0.00     0.23   0.24  -0.04     0.00  -0.08   0.01
    13   1    -0.02   0.00   0.00     0.00  -0.04   0.01    -0.32   0.00   0.00
    14   1     0.01   0.00   0.00    -0.23   0.24  -0.04     0.01   0.08  -0.01
    15   6     0.01   0.01   0.01    -0.06  -0.04  -0.01     0.00   0.06  -0.02
    16   1     0.03  -0.02   0.01    -0.20   0.21  -0.08     0.03  -0.06   0.08
    17   1    -0.02   0.00   0.00     0.17  -0.04   0.08    -0.19   0.11  -0.03
    18   6    -0.01   0.00  -0.01     0.04   0.03   0.00    -0.01  -0.03   0.01
    19   1     0.03   0.00   0.00    -0.04  -0.07  -0.14    -0.04   0.08   0.12
    20   1     0.00   0.02   0.04    -0.05  -0.11  -0.06     0.06   0.04  -0.06
    21   1     0.02  -0.02  -0.03    -0.10   0.06   0.19     0.01   0.03  -0.10
    22   6     0.00   0.00   0.00    -0.07   0.01   0.02    -0.04   0.08  -0.02
    23   1    -0.01  -0.01   0.01    -0.21  -0.15   0.04    -0.18  -0.15   0.13
    24   1     0.01   0.00   0.00     0.02  -0.05  -0.06     0.28   0.04  -0.08
    25   6     0.00   0.00   0.00     0.04  -0.01   0.00     0.03  -0.05   0.01
    26   1     0.00   0.01   0.01     0.00   0.08   0.10    -0.06   0.12  -0.03
    27   1    -0.01  -0.01  -0.02    -0.09  -0.07  -0.12    -0.07  -0.01  -0.22
    28   1     0.00   0.00   0.01    -0.07   0.02   0.04     0.02   0.13   0.20
    29   6    -0.01  -0.01   0.00     0.07   0.01   0.02    -0.04  -0.09   0.02
    30   1     0.03   0.00   0.01    -0.01  -0.05  -0.06     0.28  -0.04   0.09
    31   1    -0.04   0.03  -0.02     0.21  -0.14   0.04    -0.19   0.15  -0.14
    32   6     0.01   0.01   0.00    -0.03  -0.01   0.00     0.03   0.06  -0.01
    33   1    -0.01  -0.01  -0.02     0.07   0.02   0.04     0.02  -0.14  -0.21
    34   1    -0.02   0.01   0.04     0.09  -0.07  -0.11    -0.07   0.02   0.23
    35   1     0.00  -0.02  -0.01     0.00   0.08   0.10    -0.06  -0.12   0.03
    36   6     0.00   0.00  -0.01     0.06  -0.05  -0.01     0.00  -0.06   0.02
    37   1    -0.02  -0.03   0.00     0.20   0.21  -0.08     0.03   0.06  -0.08
    38   1     0.01   0.01  -0.01    -0.17  -0.04   0.08    -0.20  -0.11   0.03
    39   6     0.00  -0.01   0.01    -0.04   0.03   0.00    -0.01   0.03  -0.01
    40   1    -0.01   0.00  -0.03     0.05  -0.11  -0.06     0.06  -0.04   0.06
    41   1     0.02   0.02   0.03     0.04  -0.07  -0.14    -0.04  -0.09  -0.13
    42   1     0.00   0.01  -0.01     0.10   0.06   0.19     0.02  -0.03   0.11
    43   7     0.00   0.01   0.06     0.04   0.01   0.00    -0.01  -0.01   0.00
    44   7     0.00  -0.02  -0.06    -0.04   0.01  -0.01    -0.01   0.01   0.00
    45   6     0.01   0.04   0.15     0.02   0.00   0.01     0.01   0.00  -0.01
    46   1     0.17   0.39  -0.25     0.07  -0.02  -0.01     0.00  -0.02   0.01
    47   1    -0.18  -0.44  -0.04     0.03  -0.05   0.00     0.01   0.04   0.00
    48   6    -0.01  -0.03  -0.15    -0.02  -0.01  -0.01     0.01   0.00   0.01
    49   1     0.17  -0.39   0.20    -0.04  -0.07   0.03     0.00   0.02  -0.01
    50   1    -0.17   0.44   0.08    -0.07   0.01   0.01     0.01  -0.04   0.00
                    70                     71                     72
                     A                      A                      A
 Frequencies --  1137.0712              1168.6988              1206.8710
 Red. masses --     1.8757                 3.8053                 1.3081
 Frc consts  --     1.4288                 3.0623                 1.1225
 IR Inten    --     7.1429                11.2870                 4.3187
  Atom  AN      X      Y      Z        X      Y      Z        X      Y      Z
     1   6     0.01  -0.05   0.02     0.16  -0.09   0.04     0.01  -0.02   0.01
     2   6     0.00   0.03   0.00     0.00   0.05  -0.01    -0.01   0.00   0.00
     3   6     0.00   0.06  -0.01     0.00   0.12  -0.02    -0.02   0.00   0.00
     4   6     0.05  -0.01   0.00    -0.13   0.07  -0.01     0.00   0.00   0.00
     5   6     0.00  -0.04   0.01    -0.12  -0.08   0.03    -0.04  -0.03   0.01
     6   6    -0.05  -0.01   0.00     0.13   0.07  -0.01     0.00   0.00   0.00
     7   6     0.01  -0.04   0.01     0.12  -0.09   0.03    -0.04   0.03  -0.01
     8   6    -0.01  -0.05   0.02    -0.16  -0.09   0.04     0.01   0.02  -0.01
     9   6     0.06  -0.01   0.00     0.01  -0.01   0.00    -0.04  -0.04   0.01
    10   6     0.00   0.00   0.00     0.00  -0.05   0.01     0.08   0.00   0.00
    11   6    -0.06  -0.01   0.00    -0.02  -0.01   0.00    -0.04   0.04  -0.01
    12   1     0.14   0.12  -0.02    -0.04  -0.11   0.02    -0.24  -0.36   0.07
    13   1    -0.01   0.00   0.00     0.00  -0.06   0.01     0.74   0.00   0.00
    14   1    -0.14   0.12  -0.02     0.04  -0.11   0.02    -0.24   0.36  -0.07
    15   6     0.02   0.08  -0.02    -0.11   0.02  -0.02     0.00   0.01   0.00
    16   1     0.07  -0.12   0.12    -0.27   0.24   0.00    -0.03   0.02   0.04
    17   1    -0.23   0.11  -0.07    -0.11   0.14   0.13    -0.04   0.02  -0.01
    18   6    -0.02  -0.04   0.01     0.04   0.01  -0.01     0.00  -0.01   0.00
    19   1    -0.04   0.11   0.18    -0.07  -0.01  -0.08     0.00   0.02   0.03
    20   1     0.08   0.07  -0.05    -0.03  -0.08  -0.05     0.01   0.01   0.00
    21   1     0.04   0.02  -0.17    -0.09   0.06   0.12     0.00   0.00  -0.02
    22   6    -0.03   0.08  -0.02     0.07   0.02  -0.01     0.01   0.02  -0.01
    23   1    -0.15  -0.14   0.14     0.21   0.12   0.06     0.05   0.01   0.07
    24   1     0.26   0.05  -0.07     0.15   0.08   0.05     0.03   0.01  -0.01
    25   6     0.02  -0.05   0.01    -0.01  -0.01  -0.01     0.00  -0.01   0.00
    26   1    -0.06   0.10  -0.04     0.00  -0.03  -0.04    -0.01   0.01  -0.01
    27   1    -0.05  -0.01  -0.20     0.04   0.02   0.02     0.00   0.01  -0.03
    28   1     0.02   0.12   0.18     0.05   0.01   0.00     0.02   0.02   0.03
    29   6     0.03   0.08  -0.02    -0.07   0.02  -0.01     0.01  -0.02   0.01
    30   1    -0.26   0.05  -0.07    -0.15   0.08   0.05     0.03  -0.01   0.01
    31   1     0.15  -0.13   0.13    -0.21   0.12   0.06     0.05  -0.01  -0.07
    32   6    -0.02  -0.05   0.01     0.01  -0.01  -0.01     0.00   0.01   0.00
    33   1    -0.02   0.11   0.18    -0.05   0.01   0.01     0.02  -0.02  -0.03
    34   1     0.05  -0.01  -0.19    -0.04   0.02   0.02     0.00  -0.01   0.03
    35   1     0.05   0.10  -0.04     0.00  -0.02  -0.04    -0.01  -0.01   0.01
    36   6    -0.02   0.07  -0.02     0.11   0.02  -0.02     0.00  -0.01   0.00
    37   1    -0.07  -0.11   0.12     0.27   0.24   0.00    -0.03  -0.02  -0.04
    38   1     0.22   0.10  -0.07     0.11   0.14   0.12    -0.03  -0.02   0.01
    39   6     0.02  -0.04   0.01    -0.04   0.01  -0.01     0.00   0.01   0.00
    40   1    -0.07   0.07  -0.05     0.03  -0.08  -0.05     0.01  -0.01   0.00
    41   1     0.04   0.11   0.18     0.07  -0.01  -0.08     0.00  -0.02  -0.03
    42   1    -0.04   0.01  -0.16     0.09   0.06   0.12     0.00   0.00   0.02
    43   7    -0.01  -0.06   0.01     0.12   0.01   0.00     0.01   0.04  -0.01
    44   7     0.01  -0.06   0.01    -0.12   0.01  -0.01     0.01  -0.04   0.01
    45   6    -0.03   0.03   0.00    -0.01  -0.01   0.01     0.00   0.02   0.00
    46   1    -0.02   0.02   0.00     0.09  -0.09   0.02    -0.01   0.02   0.00
    47   1    -0.03   0.01  -0.01     0.05  -0.10   0.01     0.00   0.01  -0.01
    48   6     0.03   0.03  -0.01     0.01  -0.01  -0.01     0.00  -0.02   0.01
    49   1     0.03   0.02   0.00    -0.06  -0.11   0.03     0.00   0.00  -0.01
    50   1     0.03   0.01  -0.01    -0.08  -0.09   0.01    -0.01  -0.02   0.01
                    73                     74                     75
                     A                      A                      A
 Frequencies --  1222.3969              1249.3138              1259.5535
 Red. masses --     3.1111                 1.1363                 1.5587
 Frc consts  --     2.7390                 1.0449                 1.4570
 IR Inten    --     1.2164                10.1200                44.5569
  Atom  AN      X      Y      Z        X      Y      Z        X      Y      Z
     1   6     0.01   0.00   0.00     0.01   0.00   0.00    -0.02  -0.06   0.01
     2   6     0.00  -0.04   0.01     0.00   0.00   0.00    -0.01   0.00   0.00
     3   6     0.00  -0.16   0.03    -0.01   0.00   0.00     0.03   0.00   0.00
     4   6    -0.07  -0.09   0.01     0.00   0.00   0.00     0.02   0.03   0.00
     5   6    -0.05  -0.08   0.02     0.01   0.01   0.00    -0.04   0.01   0.00
     6   6     0.07  -0.09   0.01    -0.01   0.01   0.00     0.02  -0.02   0.00
     7   6     0.05  -0.08   0.02     0.01   0.00   0.00    -0.04  -0.01   0.00
     8   6    -0.01   0.00   0.00     0.01  -0.02   0.00    -0.03   0.05  -0.01
     9   6    -0.02   0.10  -0.02     0.00  -0.01   0.00     0.00   0.01   0.00
    10   6     0.00  -0.05   0.01     0.00   0.00   0.00    -0.02   0.00   0.00
    11   6     0.02   0.10  -0.02     0.00   0.00   0.00     0.00  -0.02   0.00
    12   1     0.22   0.49  -0.09    -0.03  -0.05   0.01     0.07   0.13  -0.03
    13   1     0.00  -0.05   0.01     0.03   0.00   0.00    -0.07   0.00   0.00
    14   1    -0.22   0.49  -0.10    -0.02   0.03  -0.01     0.07  -0.14   0.03
    15   6     0.02   0.01   0.00    -0.01   0.00   0.01     0.03   0.04  -0.01
    16   1    -0.01   0.01   0.06     0.00   0.00   0.00    -0.21   0.18   0.24
    17   1    -0.03   0.01  -0.03     0.02  -0.01   0.00     0.14  -0.18  -0.23
    18   6    -0.01  -0.01   0.00     0.00   0.00   0.00    -0.04  -0.06   0.00
    19   1     0.01   0.02   0.04     0.01   0.01   0.01     0.00   0.10   0.21
    20   1     0.01   0.02   0.01     0.00   0.01   0.01     0.08   0.10   0.00
    21   1     0.02  -0.01  -0.04    -0.01   0.00   0.00     0.04  -0.01  -0.19
    22   6     0.02   0.03  -0.02     0.00   0.00   0.00     0.01  -0.01   0.00
    23   1     0.13   0.05   0.15    -0.01  -0.01   0.00    -0.02  -0.01  -0.06
    24   1     0.03  -0.01  -0.07    -0.02  -0.01  -0.01     0.12   0.09   0.11
    25   6     0.01  -0.03   0.00     0.00   0.00   0.00    -0.01   0.02  -0.01
    26   1    -0.02   0.04  -0.02     0.00   0.00   0.00     0.03  -0.04   0.03
    27   1     0.00   0.01  -0.08     0.00   0.00   0.00     0.01  -0.01   0.08
    28   1     0.04   0.06   0.09     0.00   0.00   0.00    -0.01  -0.03  -0.07
    29   6    -0.02   0.03  -0.02     0.00   0.00   0.00     0.01   0.01   0.00
    30   1    -0.02  -0.01  -0.07    -0.03   0.02   0.03     0.12  -0.09  -0.10
    31   1    -0.13   0.05   0.14     0.00   0.00  -0.02    -0.01   0.01   0.05
    32   6    -0.01  -0.03   0.00     0.00   0.01   0.00    -0.01  -0.02   0.01
    33   1    -0.04   0.05   0.09     0.00  -0.01  -0.02    -0.01   0.03   0.06
    34   1     0.00   0.01  -0.08     0.00   0.00   0.02     0.01   0.01  -0.07
    35   1     0.02   0.04  -0.02    -0.01  -0.01   0.01     0.02   0.03  -0.03
    36   6    -0.02   0.01   0.00    -0.01   0.01   0.00     0.03  -0.03   0.01
    37   1     0.01   0.01   0.05     0.07   0.07   0.07    -0.19  -0.17  -0.22
    38   1     0.03   0.01  -0.02    -0.06  -0.08  -0.09     0.12   0.17   0.21
    39   6     0.01  -0.01   0.00     0.01  -0.02   0.00    -0.04   0.05  -0.01
    40   1    -0.01   0.02   0.01    -0.03   0.04   0.00     0.07  -0.09   0.01
    41   1     0.00   0.02   0.03    -0.01   0.04   0.07     0.00  -0.09  -0.18
    42   1    -0.01  -0.01  -0.04    -0.01   0.00  -0.07     0.04   0.01   0.18
    43   7    -0.04   0.16  -0.03     0.00  -0.01   0.05     0.04   0.08   0.01
    44   7     0.04   0.16  -0.03    -0.02   0.03   0.04     0.04  -0.08   0.02
    45   6     0.05  -0.08   0.01     0.00  -0.02  -0.05    -0.01   0.03  -0.03
    46   1    -0.12   0.09  -0.04     0.28  -0.35   0.08    -0.08   0.01   0.03
    47   1    -0.06   0.08   0.01    -0.29   0.37  -0.06     0.06   0.01  -0.01
    48   6    -0.05  -0.08   0.02     0.00  -0.01  -0.04    -0.01  -0.03   0.01
    49   1     0.06   0.07  -0.04    -0.32  -0.38   0.09    -0.22  -0.16   0.01
    50   1     0.13   0.11   0.00     0.32   0.39  -0.06     0.20   0.17  -0.02
                    76                     77                     78
                     A                      A                      A
 Frequencies --  1265.5552              1270.7812              1274.7103
 Red. masses --     2.1875                 1.3202                 1.2267
 Frc consts  --     2.0642                 1.2561                 1.1743
 IR Inten    --   116.8705                26.7105                 0.4770
  Atom  AN      X      Y      Z        X      Y      Z        X      Y      Z
     1   6     0.02   0.00   0.00     0.00  -0.05   0.01     0.00  -0.01   0.00
     2   6     0.04   0.00   0.00    -0.01   0.02   0.00    -0.01  -0.01   0.00
     3   6     0.13   0.00   0.00    -0.01  -0.02   0.00     0.02   0.01   0.00
     4   6    -0.01   0.08  -0.01     0.03  -0.03   0.00     0.01  -0.02   0.00
     5   6    -0.09  -0.09   0.02    -0.02   0.03   0.00    -0.04  -0.01   0.01
     6   6    -0.02  -0.09   0.02    -0.02  -0.01   0.00     0.03   0.04   0.00
     7   6    -0.09   0.10  -0.03     0.01   0.02   0.00    -0.05   0.00  -0.01
     8   6     0.02  -0.01   0.00     0.00  -0.03   0.01     0.01   0.03  -0.01
     9   6    -0.03   0.02   0.00     0.00   0.00   0.00     0.00   0.00   0.00
    10   6    -0.01   0.00   0.00     0.00   0.01   0.00     0.00   0.00   0.00
    11   6    -0.03  -0.02   0.00     0.00   0.01   0.00     0.00   0.00   0.00
    12   1     0.18   0.36  -0.06     0.01   0.01   0.00    -0.03  -0.05   0.00
    13   1     0.02   0.00   0.00    -0.02   0.01   0.00    -0.07   0.00   0.00
    14   1     0.18  -0.36   0.06    -0.04   0.08  -0.01     0.00   0.01   0.00
    15   6     0.00  -0.01   0.00     0.02   0.03  -0.01     0.00  -0.01   0.00
    16   1     0.00   0.00   0.00    -0.19   0.17   0.18     0.04  -0.04  -0.05
    17   1    -0.07   0.07   0.08     0.11  -0.13  -0.16    -0.08   0.08   0.07
    18   6     0.00   0.01  -0.01    -0.03  -0.04   0.01     0.01   0.01   0.00
    19   1     0.02  -0.03  -0.05    -0.01   0.06   0.13     0.00  -0.03  -0.05
    20   1    -0.03  -0.02   0.02     0.05   0.07  -0.01    -0.02  -0.02   0.00
    21   1     0.01  -0.02   0.03     0.03   0.00  -0.15     0.00   0.00   0.04
    22   6     0.01   0.04  -0.02     0.01  -0.04   0.00     0.01  -0.01   0.00
    23   1     0.24   0.17   0.17    -0.21  -0.15  -0.22    -0.04  -0.04  -0.06
    24   1     0.04  -0.02  -0.08     0.24   0.19   0.24     0.13   0.10   0.10
    25   6     0.02  -0.04   0.00    -0.03   0.06  -0.02    -0.01   0.02  -0.01
    26   1    -0.03   0.07   0.02     0.05  -0.10   0.04     0.02  -0.03   0.02
    27   1     0.00   0.00  -0.09     0.04   0.01   0.20     0.02   0.01   0.06
    28   1     0.01   0.08   0.12     0.00  -0.09  -0.17     0.00  -0.03  -0.06
    29   6     0.01  -0.04   0.02    -0.01  -0.02   0.00     0.02   0.03   0.00
    30   1     0.01   0.04   0.12    -0.14   0.11   0.14     0.33  -0.25  -0.29
    31   1     0.27  -0.19  -0.19     0.11  -0.08  -0.12    -0.21   0.16   0.21
    32   6     0.02   0.05   0.00     0.01   0.03  -0.01    -0.03  -0.06   0.02
    33   1     0.02  -0.09  -0.14     0.00  -0.04  -0.09     0.00   0.09   0.18
    34   1     0.00   0.00   0.12    -0.02   0.00   0.11     0.05  -0.02  -0.21
    35   1    -0.04  -0.09  -0.01    -0.03  -0.05   0.03     0.06   0.10  -0.05
    36   6     0.00   0.02   0.00    -0.01   0.02   0.00     0.00   0.00   0.01
    37   1     0.05   0.05   0.05     0.16   0.15   0.16    -0.02  -0.01  -0.02
    38   1    -0.11  -0.12  -0.13    -0.12  -0.13  -0.15    -0.08  -0.08  -0.05
    39   6     0.01  -0.03   0.01     0.03  -0.04   0.00     0.00  -0.01   0.00
    40   1    -0.04   0.04  -0.03    -0.05   0.06  -0.01    -0.01   0.00   0.00
    41   1     0.02   0.05   0.09     0.00   0.06   0.12     0.00   0.01   0.02
    42   1     0.00   0.02  -0.08    -0.03   0.00  -0.12     0.00  -0.01   0.00
    43   7    -0.02   0.09  -0.02     0.04   0.02  -0.02     0.00   0.01  -0.02
    44   7    -0.03  -0.08   0.03    -0.03   0.03   0.00     0.01  -0.02   0.03
    45   6     0.00   0.05   0.00     0.00  -0.01   0.02     0.00   0.01   0.02
    46   1     0.18  -0.10   0.03     0.10  -0.05   0.00     0.30  -0.19   0.02
    47   1    -0.13   0.09  -0.04    -0.09   0.02  -0.01    -0.30   0.19  -0.05
    48   6     0.00  -0.05  -0.01     0.00  -0.01  -0.01     0.00  -0.01  -0.03
    49   1     0.12   0.05  -0.02     0.15   0.11  -0.02     0.22   0.11  -0.01
    50   1    -0.09  -0.05   0.03    -0.20  -0.14   0.04    -0.25  -0.14   0.05
                    79                     80                     81
                     A                      A                      A
 Frequencies --  1280.5569              1284.3364              1298.8552
 Red. masses --     1.2972                 1.2402                 2.6482
 Frc consts  --     1.2533                 1.2053                 2.6322
 IR Inten    --    57.7084                26.0050               207.3882
  Atom  AN      X      Y      Z        X      Y      Z        X      Y      Z
     1   6     0.02   0.00   0.00     0.00   0.01   0.00    -0.12   0.10  -0.03
     2   6     0.01   0.01   0.00     0.01  -0.01   0.00     0.15   0.00   0.00
     3   6     0.04   0.00   0.00     0.02  -0.01   0.00     0.04   0.00   0.00
     4   6     0.02  -0.05   0.01    -0.02   0.02   0.00     0.01  -0.14   0.03
     5   6    -0.07  -0.04   0.01     0.01   0.01   0.00    -0.08  -0.02   0.01
     6   6     0.00   0.01   0.00     0.02   0.06  -0.01     0.01   0.14  -0.02
     7   6    -0.04   0.03  -0.01    -0.05   0.04  -0.01    -0.08   0.02   0.00
     8   6     0.00  -0.02   0.01     0.00  -0.02   0.01    -0.12  -0.10   0.03
     9   6     0.00   0.00   0.00     0.00  -0.01   0.00     0.01  -0.02   0.00
    10   6     0.00   0.01   0.00     0.00  -0.02   0.00     0.03   0.00   0.00
    11   6     0.00   0.01   0.00     0.00   0.00   0.00     0.01   0.02   0.00
    12   1     0.02   0.03   0.00    -0.07  -0.12   0.02    -0.11  -0.23   0.05
    13   1    -0.07   0.01   0.00    -0.04  -0.02   0.00    -0.36   0.00   0.00
    14   1    -0.04   0.08  -0.01     0.05  -0.09   0.01    -0.12   0.24  -0.05
    15   6    -0.02  -0.02   0.00     0.01   0.01   0.00     0.02  -0.01   0.03
    16   1     0.18  -0.18  -0.16    -0.14   0.13   0.12     0.10  -0.07  -0.06
    17   1    -0.19   0.20   0.20     0.14  -0.14  -0.13     0.25  -0.23  -0.15
    18   6     0.03   0.04  -0.01    -0.02  -0.03   0.00     0.00  -0.01   0.02
    19   1     0.01  -0.06  -0.13     0.01   0.05   0.09     0.01  -0.02   0.00
    20   1    -0.05  -0.06   0.01     0.03   0.04   0.00     0.01  -0.01  -0.07
    21   1    -0.04   0.01   0.14     0.02  -0.01  -0.09     0.04  -0.02  -0.06
    22   6     0.03  -0.02  -0.01    -0.01   0.01   0.00     0.04   0.02   0.00
    23   1    -0.16  -0.13  -0.16     0.10   0.08   0.08     0.08   0.04   0.03
    24   1     0.33   0.24   0.26    -0.11  -0.09  -0.10    -0.10  -0.07  -0.10
    25   6    -0.02   0.05  -0.01     0.01  -0.02   0.00    -0.01  -0.02   0.00
    26   1     0.04  -0.07   0.04    -0.02   0.03  -0.01    -0.02   0.02  -0.01
    27   1     0.05   0.03   0.16    -0.01  -0.01  -0.06     0.04   0.04  -0.03
    28   1     0.01  -0.07  -0.14     0.00   0.04   0.07     0.05   0.04   0.06
    29   6     0.01   0.00   0.01     0.02   0.01   0.01     0.04  -0.02   0.00
    30   1     0.07  -0.04  -0.03     0.23  -0.17  -0.18    -0.11   0.08   0.10
    31   1     0.04  -0.02  -0.01    -0.12   0.10   0.11     0.08  -0.05  -0.03
    32   6     0.00   0.00   0.00    -0.02  -0.03   0.01    -0.01   0.02   0.00
    33   1     0.01   0.00   0.00     0.01   0.05   0.10     0.05  -0.04  -0.06
    34   1     0.01  -0.01  -0.01     0.04  -0.03  -0.10     0.04  -0.04   0.03
    35   1     0.00   0.00  -0.02     0.03   0.04  -0.03    -0.02  -0.02   0.01
    36   6    -0.01   0.01  -0.01    -0.02   0.02  -0.01     0.02   0.01  -0.03
    37   1     0.04   0.03   0.04     0.26   0.24   0.23     0.07   0.04   0.02
    38   1    -0.01  -0.02  -0.03    -0.20  -0.21  -0.22     0.26   0.24   0.16
    39   6     0.01  -0.01   0.00     0.04  -0.05   0.01    -0.01   0.01  -0.02
    40   1    -0.01   0.01  -0.01    -0.05   0.07  -0.01     0.02   0.01   0.07
    41   1     0.01   0.01   0.02     0.00   0.07   0.16     0.01   0.02  -0.01
    42   1    -0.01   0.00  -0.03    -0.04  -0.02  -0.17     0.05   0.02   0.08
    43   7    -0.02   0.01   0.01     0.01   0.01   0.00     0.02   0.03  -0.01
    44   7     0.00  -0.02  -0.01    -0.02   0.00  -0.02     0.02  -0.03   0.01
    45   6     0.00   0.01  -0.03     0.01   0.00  -0.01    -0.03   0.04   0.00
    46   1    -0.26   0.16  -0.01    -0.22   0.15  -0.01     0.22  -0.18   0.04
    47   1     0.24  -0.14   0.03     0.24  -0.17   0.03     0.02  -0.06   0.00
    48   6     0.00   0.00   0.03    -0.01   0.00   0.03    -0.03  -0.04   0.00
    49   1    -0.21  -0.12   0.02    -0.13  -0.05   0.00     0.17   0.14  -0.04
    50   1     0.27   0.15  -0.05     0.13   0.05  -0.02     0.05   0.09   0.00
                    82                     83                     84
                     A                      A                      A
 Frequencies --  1332.7115              1334.0355              1338.2964
 Red. masses --     2.0957                 2.1254                 1.4083
 Frc consts  --     2.1930                 2.2286                 1.4861
 IR Inten    --    21.7810                30.8127                 1.7849
  Atom  AN      X      Y      Z        X      Y      Z        X      Y      Z
     1   6     0.10  -0.01   0.01     0.00   0.03  -0.01     0.03  -0.02   0.00
     2   6     0.07  -0.05   0.01     0.07   0.04  -0.01     0.00   0.00   0.00
     3   6     0.03  -0.01   0.00     0.04   0.01   0.00     0.00   0.01   0.00
     4   6    -0.10   0.06  -0.01     0.01  -0.04   0.01    -0.03   0.00   0.00
     5   6     0.13  -0.03   0.00    -0.03  -0.03   0.00     0.01  -0.01  -0.02
     6   6     0.01   0.05  -0.01    -0.10  -0.06   0.01     0.04   0.00   0.00
     7   6    -0.04   0.03   0.00     0.13   0.03   0.00    -0.01  -0.01  -0.02
     8   6    -0.01  -0.04   0.01     0.10   0.01   0.00    -0.04  -0.02   0.00
     9   6    -0.02  -0.02   0.00    -0.03  -0.05   0.01     0.00   0.01   0.00
    10   6     0.03  -0.04   0.01     0.03   0.03  -0.01     0.00  -0.01   0.00
    11   6    -0.03   0.05  -0.01    -0.03   0.03  -0.01     0.00   0.01   0.00
    12   1     0.00   0.01   0.00     0.13   0.20  -0.04     0.00   0.01   0.00
    13   1     0.12  -0.04   0.00     0.14   0.04   0.00    -0.01  -0.01   0.00
    14   1     0.12  -0.19   0.04     0.02  -0.04   0.00     0.00   0.02  -0.01
    15   6     0.00   0.01  -0.03    -0.02   0.01   0.02    -0.02   0.01   0.00
    16   1    -0.17   0.09   0.18     0.04  -0.01  -0.07     0.01  -0.01  -0.03
    17   1    -0.01   0.10   0.08     0.15  -0.16  -0.13     0.01  -0.02  -0.03
    18   6    -0.02   0.00   0.00     0.00  -0.01   0.01     0.00   0.00   0.00
    19   1     0.01  -0.02  -0.01    -0.02   0.00   0.01    -0.02   0.00  -0.01
    20   1    -0.01   0.02   0.02     0.02   0.00  -0.05     0.01   0.00  -0.01
    21   1     0.03  -0.01  -0.06     0.00   0.02  -0.04    -0.01   0.03  -0.01
    22   6    -0.02   0.00   0.02     0.06   0.04   0.03     0.08   0.05   0.05
    23   1    -0.29  -0.18  -0.18    -0.22  -0.12  -0.24    -0.34  -0.19  -0.33
    24   1     0.08   0.01   0.03    -0.09  -0.14  -0.16    -0.20  -0.22  -0.24
    25   6    -0.01   0.02   0.00    -0.03  -0.01   0.00    -0.04  -0.01   0.01
    26   1     0.01  -0.04  -0.04    -0.03  -0.02  -0.02    -0.03  -0.05  -0.07
    27   1    -0.01   0.00   0.05     0.08   0.08   0.05     0.08   0.09   0.03
    28   1    -0.02  -0.03  -0.05     0.09   0.03   0.03     0.11   0.01   0.01
    29   6     0.06  -0.03  -0.03    -0.02   0.00  -0.02    -0.08   0.05   0.06
    30   1    -0.09   0.13   0.14     0.10  -0.02  -0.03     0.20  -0.23  -0.25
    31   1    -0.17   0.09   0.19    -0.30   0.18   0.18     0.37  -0.20  -0.35
    32   6    -0.03   0.01   0.00    -0.01  -0.02   0.00     0.05  -0.01   0.01
    33   1     0.09  -0.03  -0.03    -0.02   0.04   0.06    -0.11   0.01   0.01
    34   1     0.07  -0.07  -0.04     0.00   0.00  -0.05    -0.08   0.09   0.03
    35   1    -0.02   0.02   0.01     0.01   0.04   0.03     0.03  -0.05  -0.07
    36   6    -0.01   0.00  -0.01    -0.01  -0.01   0.02     0.02   0.02   0.00
    37   1     0.00  -0.02   0.03    -0.12  -0.06  -0.13    -0.03  -0.02  -0.04
    38   1     0.13   0.13   0.09     0.01  -0.06  -0.05    -0.02  -0.03  -0.04
    39   6     0.00   0.01  -0.01    -0.01   0.00   0.00    -0.01  -0.01   0.00
    40   1     0.02   0.00   0.04     0.00  -0.02  -0.02    -0.01   0.00  -0.01
    41   1    -0.01   0.01  -0.01     0.00   0.01   0.01     0.03   0.00   0.00
    42   1     0.02  -0.01   0.04     0.02   0.00   0.05     0.01   0.03  -0.01
    43   7    -0.12  -0.02   0.00     0.00   0.01   0.00    -0.02  -0.01   0.00
    44   7     0.01  -0.01   0.00    -0.13   0.01  -0.01     0.02  -0.01   0.00
    45   6     0.02   0.03   0.00    -0.06   0.05  -0.01     0.01   0.00   0.00
    46   1     0.04   0.02  -0.01     0.26  -0.23   0.04    -0.05   0.04   0.00
    47   1    -0.04   0.06  -0.02     0.34  -0.28   0.05    -0.06   0.05  -0.01
    48   6    -0.07  -0.05   0.01     0.02  -0.03   0.01    -0.01   0.00   0.00
    49   1     0.37   0.30  -0.06    -0.03  -0.05   0.00     0.06   0.05  -0.01
    50   1     0.30   0.25  -0.06     0.03  -0.02   0.01     0.04   0.04  -0.01
                    85                     86                     87
                     A                      A                      A
 Frequencies --  1341.6988              1342.4001              1345.0744
 Red. masses --     1.4922                 1.4573                 1.5441
 Frc consts  --     1.5827                 1.5472                 1.6459
 IR Inten    --     1.2001                 1.2908                24.7083
  Atom  AN      X      Y      Z        X      Y      Z        X      Y      Z
     1   6    -0.03   0.01   0.02     0.02  -0.01  -0.01     0.00  -0.05   0.00
     2   6    -0.02   0.01   0.00    -0.01  -0.01   0.00    -0.05   0.00   0.00
     3   6     0.01   0.00   0.00     0.01   0.01   0.00     0.00   0.00   0.00
     4   6     0.03  -0.03   0.01    -0.02   0.01   0.00     0.02   0.03   0.00
     5   6    -0.05   0.01  -0.02     0.00  -0.01   0.00    -0.03  -0.01  -0.01
     6   6     0.00   0.01   0.00     0.03   0.02   0.00     0.03  -0.02   0.00
     7   6    -0.03   0.00   0.01    -0.04  -0.01   0.01    -0.04   0.01   0.01
     8   6     0.00   0.00  -0.01    -0.03  -0.01  -0.02    -0.01   0.04   0.00
     9   6     0.00   0.00   0.00     0.00   0.01   0.00     0.00   0.01   0.00
    10   6     0.00   0.01   0.00     0.00  -0.01   0.00    -0.02   0.00   0.00
    11   6     0.00  -0.01   0.00     0.00   0.00   0.00     0.00  -0.01   0.00
    12   1    -0.02  -0.02   0.01    -0.01  -0.01   0.01     0.03   0.06  -0.01
    13   1    -0.09   0.01   0.00    -0.03  -0.01   0.00     0.05   0.00   0.00
    14   1    -0.03   0.04  -0.01     0.00   0.00   0.00     0.04  -0.07   0.01
    15   6     0.09  -0.08  -0.06    -0.05   0.05   0.04    -0.04   0.04   0.03
    16   1    -0.30   0.20   0.33     0.18  -0.11  -0.21     0.22  -0.14  -0.23
    17   1    -0.24   0.32   0.32     0.13  -0.19  -0.20     0.01  -0.11  -0.14
    18   6    -0.04   0.03  -0.01     0.03  -0.02   0.01     0.03  -0.01   0.00
    19   1     0.15  -0.05  -0.03    -0.09   0.04   0.02    -0.08   0.03   0.00
    20   1    -0.03   0.05   0.06     0.02  -0.03  -0.03     0.02  -0.03  -0.02
    21   1     0.08  -0.12  -0.02    -0.05   0.08   0.02    -0.06   0.08   0.04
    22   6     0.07   0.04   0.04     0.01   0.01   0.01     0.06   0.04   0.04
    23   1    -0.13  -0.06  -0.17    -0.05  -0.03  -0.05    -0.21  -0.10  -0.23
    24   1    -0.21  -0.19  -0.20     0.00  -0.02  -0.03    -0.12  -0.16  -0.18
    25   6    -0.03  -0.02   0.00    -0.01   0.00   0.00    -0.03  -0.01   0.01
    26   1    -0.03  -0.02  -0.01    -0.01  -0.01  -0.02    -0.03  -0.02  -0.05
    27   1     0.07   0.06   0.03     0.01   0.02  -0.01     0.06   0.07   0.01
    28   1     0.10   0.05   0.06     0.01  -0.01  -0.01     0.08   0.01   0.01
    29   6     0.05  -0.03  -0.03     0.05  -0.03  -0.03     0.06  -0.04  -0.03
    30   1    -0.13   0.13   0.14    -0.17   0.14   0.15    -0.11   0.15   0.17
    31   1    -0.12   0.06   0.14    -0.10   0.05   0.13    -0.17   0.08   0.20
    32   6    -0.02   0.01   0.00    -0.02   0.02   0.00    -0.03   0.01  -0.01
    33   1     0.07  -0.02  -0.02     0.08  -0.04  -0.05     0.08  -0.01  -0.01
    34   1     0.05  -0.05  -0.02     0.06  -0.04  -0.03     0.06  -0.07   0.00
    35   1    -0.02   0.02   0.02    -0.02   0.02   0.00    -0.03   0.02   0.04
    36   6     0.02   0.02   0.02     0.09   0.08   0.06    -0.06  -0.06  -0.04
    37   1    -0.09  -0.07  -0.09    -0.30  -0.20  -0.34     0.28   0.18   0.30
    38   1    -0.07  -0.09  -0.09    -0.25  -0.35  -0.34     0.07   0.19   0.22
    39   6    -0.01  -0.01   0.00    -0.04  -0.03   0.01     0.04   0.02  -0.01
    40   1    -0.01  -0.02  -0.02    -0.04  -0.05  -0.06     0.03   0.03   0.04
    41   1     0.04   0.01   0.01     0.15   0.06   0.04    -0.10  -0.04  -0.01
    42   1     0.02   0.03   0.01     0.08   0.13   0.02    -0.07  -0.10  -0.04
    43   7     0.02   0.00   0.00     0.00   0.00   0.00     0.03   0.03   0.00
    44   7     0.01   0.00   0.00     0.02   0.00   0.00     0.04  -0.03   0.01
    45   6     0.01  -0.02   0.00     0.02  -0.01   0.00     0.02  -0.02   0.00
    46   1    -0.08   0.04  -0.01    -0.12   0.10  -0.01    -0.10   0.08  -0.01
    47   1    -0.02   0.02   0.00    -0.05   0.06  -0.01    -0.15   0.11  -0.03
    48   6     0.02   0.02   0.00     0.00   0.01   0.00     0.02   0.01  -0.01
    49   1    -0.12  -0.10   0.03    -0.02   0.01  -0.01    -0.10  -0.08   0.01
    50   1    -0.06  -0.07   0.01    -0.02   0.00   0.00    -0.13  -0.08   0.03
                    88                     89                     90
                     A                      A                      A
 Frequencies --  1370.6898              1398.6088              1400.2632
 Red. masses --     1.9445                 1.8789                 2.7818
 Frc consts  --     2.1524                 2.1654                 3.2136
 IR Inten    --   287.6920                48.3997               135.6634
  Atom  AN      X      Y      Z        X      Y      Z        X      Y      Z
     1   6    -0.06  -0.08   0.02    -0.01  -0.04   0.01     0.09   0.08  -0.02
     2   6     0.01   0.00   0.00    -0.01   0.00   0.00     0.02   0.00   0.00
     3   6    -0.10   0.00   0.00     0.01  -0.03   0.00    -0.06   0.00   0.00
     4   6     0.05   0.06  -0.01     0.10   0.00   0.00     0.04   0.10  -0.02
     5   6     0.00   0.03  -0.01    -0.07   0.06  -0.01    -0.05  -0.06   0.01
     6   6     0.04  -0.06   0.01    -0.11   0.03  -0.01     0.01  -0.10   0.02
     7   6     0.01  -0.03   0.01     0.08   0.04  -0.01    -0.03   0.07  -0.01
     8   6    -0.05   0.07  -0.02     0.00  -0.03   0.01     0.09  -0.09   0.02
     9   6     0.04   0.06  -0.01     0.00  -0.04   0.01     0.10   0.13  -0.02
    10   6    -0.07   0.00   0.00     0.02   0.02   0.00    -0.13   0.00   0.00
    11   6     0.04  -0.07   0.01    -0.03  -0.01   0.00     0.10  -0.14   0.02
    12   1    -0.05  -0.09   0.01     0.00  -0.05   0.01    -0.19  -0.33   0.06
    13   1     0.01   0.00   0.00     0.00   0.02   0.00    -0.02   0.00   0.00
    14   1    -0.05   0.08  -0.01     0.04  -0.13   0.02    -0.18   0.30  -0.06
    15   6     0.01   0.01  -0.01    -0.01   0.01   0.00    -0.02  -0.01   0.01
    16   1     0.12  -0.14  -0.03     0.04  -0.06  -0.03    -0.11   0.11   0.03
    17   1    -0.16   0.14   0.09    -0.04   0.02   0.01     0.17  -0.12  -0.07
    18   6     0.01   0.01   0.00     0.01   0.00   0.00    -0.01  -0.01   0.01
    19   1    -0.02  -0.02  -0.05    -0.05   0.00  -0.02    -0.01  -0.01   0.00
    20   1    -0.02  -0.02   0.00    -0.02  -0.03   0.01     0.00   0.00  -0.02
    21   1     0.00   0.01   0.02     0.00   0.01   0.01     0.02   0.00  -0.05
    22   6     0.01   0.01   0.01     0.01   0.00   0.00     0.01   0.01   0.00
    23   1    -0.02  -0.02  -0.01     0.12   0.10   0.02    -0.03  -0.02  -0.02
    24   1    -0.09  -0.04  -0.04    -0.06  -0.05  -0.05     0.07   0.03   0.01
    25   6     0.00   0.00   0.01    -0.01  -0.02  -0.02    -0.03  -0.02  -0.05
    26   1     0.00  -0.01  -0.05    -0.01   0.04   0.13    -0.01   0.05   0.28
    27   1    -0.03   0.00  -0.05     0.09   0.03   0.07     0.18   0.06   0.18
    28   1     0.00  -0.03  -0.03     0.06   0.10   0.09     0.13   0.17   0.14
    29   6     0.01  -0.01  -0.01    -0.01   0.00   0.00     0.01  -0.01   0.00
    30   1    -0.07   0.03   0.03     0.05  -0.04  -0.04     0.08  -0.04  -0.02
    31   1    -0.05   0.04   0.01    -0.09   0.08   0.01    -0.06   0.05   0.02
    32   6     0.00   0.00  -0.01     0.01  -0.02  -0.03    -0.02   0.01   0.04
    33   1    -0.01   0.04   0.03    -0.08   0.11   0.10     0.11  -0.13  -0.10
    34   1    -0.03   0.00   0.05    -0.11   0.04   0.09     0.15  -0.05  -0.15
    35   1     0.00   0.02   0.06     0.01   0.04   0.16     0.00  -0.04  -0.22
    36   6     0.01   0.00   0.01     0.01   0.00   0.00    -0.02   0.01  -0.01
    37   1     0.10   0.13   0.01    -0.03  -0.04  -0.01    -0.12  -0.12  -0.03
    38   1    -0.18  -0.16  -0.11     0.02   0.02   0.02     0.18   0.13   0.07
    39   6     0.01  -0.01   0.00    -0.01   0.00   0.00    -0.01   0.01  -0.01
    40   1    -0.02   0.02   0.00     0.02  -0.03   0.00     0.01  -0.01   0.03
    41   1     0.00   0.02   0.04     0.04   0.00  -0.02     0.00   0.01   0.00
    42   1     0.00   0.00  -0.03    -0.01   0.00   0.00     0.02   0.00   0.05
    43   7     0.05   0.03  -0.01     0.07  -0.01   0.00    -0.05  -0.03   0.01
    44   7     0.04  -0.03   0.01    -0.06  -0.01   0.00    -0.07   0.03  -0.01
    45   6    -0.06   0.07  -0.02     0.09  -0.03   0.01     0.02  -0.01   0.00
    46   1     0.28  -0.25   0.06    -0.30   0.31  -0.06    -0.02   0.08  -0.04
    47   1     0.31  -0.25   0.04    -0.32   0.31  -0.06    -0.04   0.08   0.00
    48   6    -0.07  -0.07   0.02    -0.09  -0.03   0.01    -0.01   0.00   0.00
    49   1     0.31   0.26  -0.05     0.30   0.29  -0.05     0.06   0.02   0.01
    50   1     0.34   0.26  -0.06     0.26   0.26  -0.06     0.04   0.01  -0.02
                    91                     92                     93
                     A                      A                      A
 Frequencies --  1409.3026              1412.7326              1415.7472
 Red. masses --     1.4989                 1.4871                 1.2350
 Frc consts  --     1.7540                 1.7487                 1.4585
 IR Inten    --    72.0899                65.3763                 8.6015
  Atom  AN      X      Y      Z        X      Y      Z        X      Y      Z
     1   6     0.06  -0.02   0.00    -0.02  -0.07   0.01     0.01  -0.01   0.00
     2   6    -0.04   0.00   0.00     0.00   0.03  -0.01     0.00   0.00   0.00
     3   6     0.04   0.00   0.00     0.00  -0.07   0.01     0.00  -0.01   0.00
     4   6     0.00  -0.04   0.01     0.02   0.02   0.00    -0.01   0.00   0.00
     5   6    -0.04   0.06  -0.01    -0.01   0.05  -0.01     0.02   0.01   0.00
     6   6     0.01   0.04  -0.01    -0.02   0.02   0.00     0.01   0.00   0.00
     7   6    -0.05  -0.06   0.01     0.01   0.04  -0.01    -0.02   0.00   0.00
     8   6     0.06   0.03  -0.01     0.03  -0.07   0.01    -0.01   0.00   0.00
     9   6    -0.01   0.00   0.00     0.01   0.00   0.00     0.00   0.00   0.00
    10   6     0.04   0.00   0.00     0.00  -0.01   0.00     0.00  -0.01   0.00
    11   6    -0.01   0.00   0.00    -0.01   0.00   0.00     0.00   0.01   0.00
    12   1    -0.03  -0.03   0.01    -0.04  -0.08   0.02     0.00   0.00   0.00
    13   1    -0.16   0.00   0.00    -0.01  -0.01   0.00     0.00  -0.01   0.00
    14   1    -0.04   0.04  -0.01     0.04  -0.07   0.01     0.01  -0.01   0.00
    15   6    -0.01   0.00   0.00     0.01   0.01   0.00     0.01  -0.01   0.00
    16   1    -0.04   0.06  -0.01     0.05  -0.04  -0.03     0.00   0.02  -0.01
    17   1    -0.02  -0.02  -0.02    -0.12   0.07   0.03    -0.04   0.01   0.00
    18   6     0.03  -0.03  -0.06     0.02  -0.02  -0.05     0.02  -0.03  -0.06
    19   1    -0.14   0.22   0.18    -0.09   0.18   0.14    -0.11   0.23   0.19
    20   1    -0.02   0.02   0.33    -0.01   0.02   0.26    -0.01   0.04   0.33
    21   1    -0.20   0.09   0.20    -0.16   0.06   0.18    -0.20   0.08   0.22
    22   6     0.01  -0.01   0.00     0.01   0.00   0.01    -0.01  -0.01   0.00
    23   1     0.09   0.07   0.02     0.01   0.02  -0.03     0.01   0.02   0.00
    24   1    -0.07  -0.04  -0.03    -0.06  -0.05  -0.05     0.01   0.00   0.00
    25   6    -0.01  -0.01  -0.02     0.02   0.02   0.06    -0.02  -0.02  -0.05
    26   1     0.00   0.02   0.12     0.01  -0.06  -0.30    -0.01   0.06   0.28
    27   1     0.07   0.01   0.07    -0.18  -0.04  -0.21     0.18   0.04   0.20
    28   1     0.05   0.08   0.07    -0.11  -0.19  -0.16     0.10   0.19   0.16
    29   6     0.01   0.01   0.00    -0.01   0.00   0.01     0.01  -0.01   0.00
    30   1    -0.08   0.05   0.03     0.05  -0.04  -0.04    -0.02   0.00   0.00
    31   1     0.09  -0.07  -0.01     0.00   0.01  -0.03     0.01   0.01  -0.01
    32   6    -0.01   0.01   0.02    -0.02   0.02   0.06     0.02  -0.02  -0.04
    33   1     0.06  -0.08  -0.08     0.12  -0.21  -0.17    -0.09   0.15   0.13
    34   1     0.07  -0.02  -0.07     0.20  -0.05  -0.22    -0.15   0.04   0.16
    35   1     0.00  -0.02  -0.12     0.00  -0.07  -0.32     0.01   0.05   0.23
    36   6    -0.01   0.00   0.00    -0.01   0.01   0.00    -0.01  -0.01   0.00
    37   1    -0.04  -0.06   0.02    -0.05  -0.05  -0.02     0.01   0.03  -0.01
    38   1    -0.04   0.00   0.02     0.12   0.07   0.03     0.03   0.01   0.00
    39   6     0.03   0.03   0.07    -0.02  -0.01  -0.04    -0.02  -0.03  -0.06
    40   1    -0.02  -0.04  -0.39     0.01   0.02   0.23     0.01   0.04   0.31
    41   1    -0.15  -0.27  -0.22     0.07   0.16   0.12     0.09   0.22   0.18
    42   1    -0.24  -0.10  -0.24     0.14   0.05   0.16     0.19   0.07   0.21
    43   7    -0.02  -0.02   0.00     0.02   0.03  -0.01    -0.03   0.00   0.00
    44   7    -0.02   0.02   0.00    -0.03   0.03  -0.01     0.03   0.00   0.00
    45   6    -0.02   0.02   0.00    -0.01  -0.01   0.00    -0.02   0.01   0.00
    46   1     0.13  -0.08   0.00     0.01   0.00  -0.02     0.06  -0.06   0.01
    47   1     0.10  -0.06   0.02     0.02   0.00   0.01     0.07  -0.06   0.02
    48   6    -0.02  -0.01   0.00     0.00  -0.01   0.00     0.02   0.00   0.00
    49   1     0.13   0.07   0.01     0.01   0.01  -0.01    -0.03  -0.04   0.01
    50   1     0.10   0.04  -0.03     0.00   0.00   0.01    -0.04  -0.05   0.01
                    94                     95                     96
                     A                      A                      A
 Frequencies --  1417.4048              1420.6676              1436.7599
 Red. masses --     1.3472                 2.3583                 2.1844
 Frc consts  --     1.5946                 2.8044                 2.6567
 IR Inten    --     4.9750                58.6643                52.7477
  Atom  AN      X      Y      Z        X      Y      Z        X      Y      Z
     1   6    -0.03  -0.02   0.00     0.07   0.09  -0.02     0.13  -0.04   0.01
     2   6    -0.02   0.00   0.00     0.00   0.02   0.00    -0.12   0.00   0.00
     3   6    -0.02   0.00   0.00     0.00   0.13  -0.02     0.07   0.00   0.00
     4   6     0.00  -0.02   0.00    -0.02  -0.11   0.02     0.01  -0.03   0.01
     5   6     0.03   0.02   0.00    -0.05   0.02   0.00    -0.08   0.07  -0.01
     6   6     0.01   0.02   0.00     0.02  -0.11   0.02     0.01   0.03  -0.01
     7   6     0.03  -0.02   0.00     0.04   0.02   0.00    -0.09  -0.08   0.01
     8   6    -0.03   0.03  -0.01    -0.07   0.09  -0.02     0.13   0.04  -0.01
     9   6    -0.03  -0.04   0.01    -0.05  -0.03   0.01    -0.01   0.01   0.00
    10   6     0.02   0.00   0.00     0.00   0.07  -0.01     0.05   0.00   0.00
    11   6    -0.02   0.04  -0.01     0.05  -0.03   0.01    -0.01  -0.01   0.00
    12   1     0.07   0.12  -0.02     0.15   0.30  -0.05    -0.06  -0.06   0.01
    13   1     0.08   0.00   0.00    -0.01   0.08  -0.01    -0.23   0.00   0.00
    14   1     0.07  -0.10   0.01    -0.16   0.30  -0.05    -0.06   0.06  -0.01
    15   6     0.00   0.01   0.00    -0.01  -0.02   0.00    -0.04   0.02   0.01
    16   1     0.05  -0.05  -0.03    -0.15   0.12   0.09    -0.04   0.07  -0.06
    17   1    -0.04   0.02   0.01     0.15  -0.07  -0.01     0.00  -0.06  -0.08
    18   6    -0.01   0.01   0.03     0.01  -0.02  -0.03    -0.02   0.02   0.07
    19   1     0.04  -0.10  -0.09    -0.07   0.13   0.12     0.07  -0.23  -0.20
    20   1     0.00  -0.02  -0.15    -0.02   0.01   0.19     0.02  -0.04  -0.34
    21   1     0.08  -0.03  -0.08    -0.09   0.02   0.09     0.20  -0.04  -0.24
    22   6    -0.02  -0.01   0.00     0.01  -0.01  -0.01     0.02  -0.01   0.00
    23   1     0.03   0.03   0.03     0.08   0.02   0.06     0.13   0.10   0.02
    24   1     0.01   0.01   0.02    -0.08   0.01   0.02    -0.09  -0.06  -0.05
    25   6    -0.02  -0.03  -0.07     0.01   0.01   0.03     0.01   0.00   0.01
    26   1    -0.01   0.08   0.36     0.02  -0.05  -0.16     0.01  -0.03  -0.07
    27   1     0.22   0.04   0.25    -0.12  -0.03  -0.12    -0.06  -0.02  -0.06
    28   1     0.12   0.24   0.21    -0.05  -0.11  -0.10    -0.01  -0.04  -0.03
    29   6    -0.02   0.01   0.00    -0.01  -0.01  -0.01     0.02   0.01   0.00
    30   1     0.01  -0.01  -0.02     0.07   0.01   0.02    -0.10   0.06   0.05
    31   1     0.03  -0.03  -0.02    -0.07   0.02   0.06     0.14  -0.10  -0.02
    32   6    -0.03   0.03   0.07    -0.01   0.01   0.03     0.01   0.00  -0.01
    33   1     0.14  -0.27  -0.23     0.04  -0.10  -0.08    -0.01   0.04   0.03
    34   1     0.24  -0.05  -0.27     0.10  -0.03  -0.11    -0.06   0.02   0.07
    35   1    -0.01  -0.09  -0.40    -0.02  -0.04  -0.13     0.01   0.03   0.07
    36   6     0.00  -0.01   0.00     0.00  -0.02  -0.01    -0.04  -0.02  -0.01
    37   1     0.06   0.05   0.04     0.15   0.11   0.10    -0.04  -0.07   0.06
    38   1    -0.05  -0.03  -0.01    -0.15  -0.06   0.00     0.00   0.06   0.08
    39   6     0.00  -0.01  -0.02    -0.01  -0.02  -0.03    -0.02  -0.02  -0.06
    40   1     0.00   0.02   0.11     0.02   0.01   0.19     0.01   0.04   0.31
    41   1     0.03   0.08   0.07     0.06   0.14   0.12     0.05   0.22   0.20
    42   1     0.06   0.02   0.06     0.09   0.02   0.10     0.19   0.03   0.24
    43   7     0.03   0.00   0.00    -0.03  -0.10   0.02    -0.01  -0.03   0.01
    44   7     0.03   0.00   0.00     0.03  -0.09   0.02    -0.01   0.03  -0.01
    45   6    -0.01   0.00   0.00     0.04   0.02   0.00    -0.02   0.01   0.00
    46   1     0.01  -0.03   0.01    -0.15   0.10   0.03     0.13  -0.05  -0.03
    47   1     0.03  -0.03   0.00    -0.16   0.08  -0.06     0.15  -0.04   0.04
    48   6    -0.01   0.00   0.00    -0.04   0.02   0.00    -0.02  -0.01   0.00
    49   1     0.01   0.02   0.00     0.18   0.10   0.03     0.11   0.03   0.03
    50   1     0.03   0.03  -0.01     0.14   0.06  -0.07     0.13   0.03  -0.05
                    97                     98                     99
                     A                      A                      A
 Frequencies --  1459.0801              1480.5338              1485.6539
 Red. masses --     4.0604                 1.7252                 1.0708
 Frc consts  --     5.0931                 2.2281                 1.3925
 IR Inten    --    13.5224                 5.9380                 8.5431
  Atom  AN      X      Y      Z        X      Y      Z        X      Y      Z
     1   6     0.05  -0.17   0.03    -0.01  -0.06   0.01    -0.01  -0.01   0.00
     2   6     0.00   0.20  -0.04     0.06   0.00   0.00     0.01   0.00   0.00
     3   6     0.00  -0.06   0.01     0.06   0.00   0.00     0.00   0.00   0.00
     4   6    -0.09  -0.10   0.02    -0.06   0.05  -0.01    -0.01   0.01   0.00
     5   6     0.05   0.21  -0.04     0.04   0.02  -0.01     0.01   0.00   0.00
     6   6     0.09  -0.11   0.02    -0.06  -0.05   0.01     0.01   0.00   0.00
     7   6    -0.05   0.22  -0.04     0.04  -0.02   0.01     0.00  -0.01   0.00
     8   6    -0.05  -0.18   0.03    -0.01   0.06  -0.01     0.02   0.00   0.00
     9   6    -0.05   0.01   0.00    -0.02   0.06  -0.01    -0.01   0.00   0.00
    10   6     0.00   0.02   0.00     0.13   0.00   0.00     0.01   0.00   0.00
    11   6     0.05   0.01   0.00    -0.02  -0.06   0.01     0.01  -0.01   0.00
    12   1     0.08   0.23  -0.05    -0.18  -0.17   0.03    -0.01  -0.01   0.00
    13   1     0.00   0.03   0.00    -0.46   0.00   0.00    -0.03   0.01   0.00
    14   1    -0.08   0.23  -0.05    -0.18   0.18  -0.03    -0.02   0.03   0.00
    15   6    -0.02   0.03   0.00    -0.01   0.01  -0.01    -0.01   0.00  -0.01
    16   1     0.07  -0.03  -0.09     0.04  -0.10   0.04     0.01  -0.09   0.08
    17   1    -0.19   0.07  -0.02     0.02   0.06   0.07     0.09   0.04   0.08
    18   6    -0.01   0.01   0.04     0.00  -0.01   0.01     0.00  -0.01   0.00
    19   1     0.03  -0.14  -0.13    -0.03  -0.06  -0.08    -0.05  -0.04  -0.06
    20   1     0.02   0.00  -0.17     0.06   0.08   0.03     0.04   0.06   0.06
    21   1     0.08   0.02  -0.12    -0.05   0.12  -0.07    -0.05   0.11  -0.06
    22   6    -0.02  -0.04   0.00     0.01   0.00  -0.01     0.01   0.00  -0.01
    23   1     0.15   0.08   0.12    -0.05  -0.14   0.16    -0.03  -0.09   0.10
    24   1    -0.23  -0.05   0.00    -0.17   0.09   0.10    -0.11   0.07   0.08
    25   6     0.00  -0.01  -0.02    -0.01  -0.01   0.00    -0.01  -0.01   0.01
    26   1     0.02  -0.02   0.10    -0.02   0.06   0.11    -0.06   0.12   0.07
    27   1     0.02  -0.04   0.08     0.08   0.11  -0.07     0.11   0.15  -0.09
    28   1     0.04   0.10   0.10     0.10  -0.04  -0.05     0.05  -0.09  -0.09
    29   6     0.02  -0.04   0.00     0.01   0.00   0.01    -0.01   0.00  -0.02
    30   1     0.24  -0.05   0.01    -0.16  -0.09  -0.10     0.17   0.11   0.13
    31   1    -0.16   0.08   0.12    -0.05   0.14  -0.15     0.04  -0.14   0.16
    32   6     0.00  -0.01  -0.02    -0.01   0.01   0.00     0.01  -0.02   0.01
    33   1    -0.04   0.10   0.10     0.10   0.04   0.05    -0.04  -0.17  -0.16
    34   1    -0.02  -0.04   0.08     0.08  -0.11   0.07    -0.21   0.27  -0.15
    35   1    -0.02  -0.02   0.11    -0.02  -0.06  -0.11     0.12   0.25   0.09
    36   6     0.02   0.03   0.00     0.00  -0.01   0.01     0.01   0.00  -0.02
    37   1    -0.07  -0.04  -0.08     0.04   0.09  -0.04    -0.01  -0.19   0.20
    38   1     0.19   0.08  -0.01     0.02  -0.06  -0.06    -0.22   0.08   0.16
    39   6     0.01   0.01   0.04     0.00   0.01  -0.01    -0.01  -0.02   0.01
    40   1    -0.02   0.00  -0.16     0.06  -0.08  -0.03    -0.09   0.14   0.15
    41   1    -0.02  -0.14  -0.14    -0.02   0.07   0.08     0.14  -0.10  -0.16
    42   1    -0.08   0.03  -0.13    -0.05  -0.12   0.07     0.11   0.27  -0.16
    43   7    -0.03  -0.04   0.01    -0.03   0.03  -0.01     0.01   0.01   0.00
    44   7     0.03  -0.04   0.01    -0.03  -0.04   0.01    -0.02   0.00   0.00
    45   6    -0.03   0.01   0.00     0.03   0.01   0.00     0.01   0.01   0.00
    46   1     0.03  -0.08   0.04    -0.15  -0.02   0.12    -0.06  -0.06   0.10
    47   1     0.01  -0.07   0.00    -0.15  -0.08  -0.09    -0.07  -0.10  -0.06
    48   6     0.03   0.01   0.00     0.03  -0.01   0.00     0.00  -0.01   0.00
    49   1    -0.02  -0.08   0.04    -0.17   0.05  -0.14    -0.03   0.02  -0.04
    50   1    -0.01  -0.08  -0.01    -0.16   0.10   0.12    -0.03   0.03   0.03
                   100                    101                    102
                     A                      A                      A
 Frequencies --  1487.6627              1489.2792              1489.9077
 Red. masses --     1.0831                 1.0472                 1.0626
 Frc consts  --     1.4123                 1.3685                 1.3898
 IR Inten    --     4.4054                18.7903                10.7697
  Atom  AN      X      Y      Z        X      Y      Z        X      Y      Z
     1   6     0.00   0.01   0.00     0.00   0.00   0.00    -0.01   0.01  -0.01
     2   6    -0.03   0.00   0.00     0.00   0.00   0.00    -0.01   0.00   0.00
     3   6    -0.01   0.00   0.00     0.00   0.00   0.00     0.00   0.00   0.00
     4   6     0.01  -0.01   0.00     0.00  -0.01   0.00     0.00   0.00   0.00
     5   6    -0.01   0.00   0.00     0.00   0.00   0.00     0.00  -0.01   0.00
     6   6     0.02   0.01   0.00     0.00  -0.01   0.00     0.01   0.01   0.00
     7   6    -0.01   0.01   0.00     0.00   0.01   0.00    -0.01   0.00   0.00
     8   6     0.01  -0.01   0.00    -0.01   0.00   0.00     0.00  -0.01   0.00
     9   6     0.00  -0.02   0.00     0.00   0.00   0.00     0.00  -0.01   0.00
    10   6    -0.02   0.00   0.00     0.00   0.00   0.00    -0.01   0.00   0.00
    11   6     0.00   0.01   0.00     0.00   0.01   0.00     0.00   0.01   0.00
    12   1     0.04   0.05  -0.01     0.02   0.02  -0.01     0.03   0.04  -0.01
    13   1     0.08   0.00   0.00     0.02   0.00   0.00     0.06   0.00   0.00
    14   1     0.04  -0.04   0.01     0.01  -0.01   0.00     0.04  -0.04   0.01
    15   6    -0.01   0.00  -0.01     0.00   0.00   0.00    -0.01   0.00  -0.01
    16   1    -0.01  -0.12   0.13     0.00   0.01  -0.01     0.01  -0.12   0.11
    17   1     0.17   0.04   0.10     0.00  -0.01  -0.01     0.15   0.04   0.10
    18   6     0.00  -0.02   0.01     0.00   0.00   0.00     0.00  -0.02   0.01
    19   1    -0.03  -0.08  -0.09     0.02   0.00   0.01    -0.04  -0.09  -0.10
    20   1     0.09   0.13   0.06     0.01   0.01  -0.01     0.11   0.15   0.08
    21   1    -0.09   0.17  -0.08     0.00  -0.01   0.01    -0.11   0.20  -0.08
    22   6     0.01  -0.01  -0.01     0.00   0.00   0.00     0.00   0.01  -0.02
    23   1    -0.02  -0.09   0.09     0.01   0.01  -0.02    -0.02  -0.09   0.16
    24   1    -0.10   0.08   0.11     0.02  -0.01   0.00    -0.13   0.07   0.06
    25   6     0.00  -0.03   0.02     0.01  -0.01   0.00    -0.03   0.03   0.00
    26   1    -0.21   0.43   0.02    -0.06   0.12  -0.04     0.22  -0.42   0.23
    27   1     0.31   0.33  -0.10     0.08   0.04   0.04    -0.23  -0.06  -0.25
    28   1    -0.12  -0.22  -0.19    -0.11  -0.03  -0.01     0.50   0.05  -0.03
    29   6     0.00   0.00   0.00     0.00  -0.02   0.01     0.00   0.00   0.00
    30   1    -0.01  -0.02  -0.02    -0.08  -0.04  -0.02    -0.01   0.00   0.00
    31   1     0.00   0.01  -0.01    -0.02   0.05  -0.11     0.01   0.00  -0.01
    32   6     0.00   0.01  -0.01    -0.03  -0.04   0.00     0.00   0.00   0.00
    33   1    -0.08   0.08   0.06     0.47  -0.14  -0.06     0.05  -0.01  -0.01
    34   1     0.11  -0.11   0.02    -0.33   0.19   0.16    -0.04   0.02   0.02
    35   1    -0.09  -0.17   0.02     0.28   0.53  -0.18     0.03   0.06  -0.01
    36   6    -0.01   0.00   0.01     0.00   0.00   0.01     0.00   0.00   0.00
    37   1    -0.01   0.05  -0.07     0.01   0.09  -0.08    -0.01   0.03  -0.04
    38   1     0.08  -0.01  -0.05     0.10  -0.03  -0.07     0.05  -0.01  -0.03
    39   6     0.00   0.01   0.00     0.01   0.01  -0.01     0.00   0.01   0.00
    40   1     0.03  -0.05  -0.05     0.04  -0.06  -0.09     0.03  -0.04  -0.04
    41   1    -0.05   0.04   0.06    -0.10   0.05   0.09    -0.04   0.04   0.05
    42   1    -0.03  -0.09   0.06    -0.05  -0.15   0.10    -0.03  -0.08   0.05
    43   7     0.02   0.00   0.00     0.00   0.00   0.00     0.02   0.00   0.00
    44   7     0.01   0.01   0.00     0.01   0.00   0.00     0.00   0.00   0.00
    45   6    -0.02  -0.01   0.00    -0.01  -0.01   0.00    -0.01  -0.01   0.00
    46   1     0.08   0.06  -0.11     0.03   0.04  -0.05     0.06   0.05  -0.09
    47   1     0.09   0.10   0.07     0.03   0.05   0.03     0.07   0.08   0.05
    48   6    -0.02   0.01   0.00     0.00   0.00   0.00    -0.01   0.01   0.00
    49   1     0.10  -0.08   0.12     0.03  -0.03   0.04     0.07  -0.07   0.09
    50   1     0.09  -0.11  -0.09     0.02  -0.04  -0.03     0.06  -0.09  -0.07
                   103                    104                    105
                     A                      A                      A
 Frequencies --  1491.7190              1491.8853              1495.2174
 Red. masses --     1.0459                 1.0446                 1.0452
 Frc consts  --     1.3712                 1.3699                 1.3768
 IR Inten    --    17.5982                15.3303                11.0523
  Atom  AN      X      Y      Z        X      Y      Z        X      Y      Z
     1   6     0.00   0.00   0.00     0.01   0.01   0.00     0.00   0.01   0.00
     2   6     0.00   0.00   0.00     0.01   0.00   0.00    -0.01   0.00   0.00
     3   6     0.00   0.00   0.00     0.00   0.00   0.00     0.00   0.00   0.00
     4   6     0.01   0.00   0.00     0.01   0.00   0.00     0.00   0.00   0.00
     5   6     0.00   0.00   0.00    -0.01   0.00   0.00     0.00   0.00   0.00
     6   6    -0.01   0.00   0.00    -0.01   0.00   0.00     0.00   0.00   0.00
     7   6     0.01   0.00   0.00     0.01   0.00   0.00     0.00   0.00   0.00
     8   6    -0.01   0.01   0.00     0.00   0.00   0.00     0.01   0.00   0.00
     9   6     0.00   0.00   0.00     0.00   0.00   0.00     0.00   0.00   0.00
    10   6     0.01   0.00   0.00     0.00   0.00   0.00     0.00   0.00   0.00
    11   6     0.00   0.00   0.00     0.00   0.00   0.00     0.00   0.01   0.00
    12   1     0.00   0.00   0.00    -0.01  -0.01   0.00     0.01   0.02  -0.01
    13   1    -0.01   0.00   0.00     0.00   0.00   0.00     0.02   0.00   0.00
    14   1     0.00  -0.01   0.00    -0.01   0.01   0.00     0.02  -0.02   0.00
    15   6     0.00   0.00   0.00     0.00  -0.02   0.01     0.00   0.00   0.00
    16   1     0.00   0.00   0.00     0.00   0.05  -0.10     0.00  -0.01   0.01
    17   1     0.00   0.00   0.00    -0.09  -0.01  -0.01     0.02   0.00   0.00
    18   6     0.00   0.00   0.00    -0.03  -0.04   0.00     0.00   0.00   0.00
    19   1     0.03  -0.03  -0.02     0.39  -0.23  -0.07     0.01   0.01   0.01
    20   1     0.05   0.06   0.00     0.40   0.50  -0.08     0.00  -0.01  -0.01
    21   1    -0.04   0.04   0.00    -0.34   0.30   0.13     0.00  -0.01   0.01
    22   6     0.00   0.00   0.00     0.00   0.00   0.01     0.00   0.00   0.00
    23   1     0.00   0.00   0.00     0.03   0.06  -0.07     0.00   0.00   0.01
    24   1     0.00   0.00   0.00     0.06  -0.04  -0.05     0.00   0.01   0.01
    25   6     0.00   0.00   0.00     0.01   0.00  -0.01     0.00   0.00   0.00
    26   1     0.01  -0.01   0.00     0.00  -0.01  -0.11     0.00   0.00   0.02
    27   1    -0.01   0.00  -0.01    -0.04  -0.12   0.14     0.00   0.02  -0.04
    28   1     0.01   0.00   0.00    -0.16   0.07   0.09     0.04  -0.02  -0.02
    29   6     0.00   0.00   0.00     0.00   0.00   0.00    -0.01   0.01   0.00
    30   1    -0.05  -0.04  -0.04     0.00   0.00   0.00    -0.04  -0.05  -0.06
    31   1    -0.03   0.05  -0.05     0.00   0.00   0.00    -0.01   0.04  -0.08
    32   6    -0.01   0.00  -0.01     0.00   0.00   0.00    -0.03   0.01  -0.02
    33   1     0.11   0.06   0.07    -0.02  -0.01  -0.01     0.37   0.18   0.22
    34   1     0.04  -0.09   0.10     0.00   0.01  -0.02     0.08  -0.27   0.34
    35   1    -0.01  -0.02  -0.08     0.00  -0.01   0.01     0.00  -0.02  -0.25
    36   6     0.01  -0.02   0.01     0.00   0.00   0.00    -0.01  -0.01   0.00
    37   1     0.00   0.04  -0.09     0.01  -0.01   0.02     0.00  -0.04   0.08
    38   1     0.07  -0.01  -0.01    -0.02   0.00   0.01    -0.04   0.03   0.06
    39   6     0.03  -0.04   0.00     0.00   0.00   0.00    -0.03  -0.01   0.02
    40   1    -0.41   0.52  -0.09     0.04  -0.04   0.03     0.05  -0.03   0.25
    41   1    -0.40  -0.24  -0.07     0.07   0.01  -0.02     0.40  -0.07  -0.24
    42   1     0.34   0.32   0.13    -0.03   0.00  -0.04    -0.02   0.26  -0.33
    43   7     0.00   0.00   0.00    -0.01   0.00   0.00     0.00   0.00   0.00
    44   7     0.01   0.00   0.00     0.00   0.00   0.00     0.00   0.00   0.00
    45   6     0.00   0.00   0.00     0.00   0.00   0.00     0.00   0.00   0.00
    46   1    -0.01   0.04  -0.02    -0.01  -0.01   0.02     0.03  -0.02  -0.01
    47   1     0.00   0.03   0.01    -0.02  -0.02  -0.01     0.02   0.00   0.01
    48   6     0.00   0.00   0.00     0.00   0.00   0.00    -0.01   0.01   0.00
    49   1     0.01   0.00   0.01     0.01   0.03  -0.02     0.05  -0.04   0.06
    50   1     0.01  -0.01  -0.01     0.00   0.02   0.01     0.04  -0.06  -0.04
                   106                    107                    108
                     A                      A                      A
 Frequencies --  1496.7192              1500.2682              1506.6854
 Red. masses --     1.0475                 1.2144                 1.1419
 Frc consts  --     1.3826                 1.6104                 1.5273
 IR Inten    --     9.6859                 0.5604                47.0840
  Atom  AN      X      Y      Z        X      Y      Z        X      Y      Z
     1   6     0.01  -0.01   0.00     0.02   0.02   0.00    -0.03  -0.01   0.00
     2   6     0.00   0.00   0.00    -0.01   0.00   0.00     0.00   0.02   0.00
     3   6     0.00   0.00   0.00    -0.03   0.00   0.00     0.00  -0.01   0.00
     4   6     0.00   0.01   0.00     0.03  -0.03   0.00    -0.02   0.00   0.00
     5   6     0.01   0.00   0.00    -0.02   0.01   0.00     0.01  -0.01   0.00
     6   6    -0.01   0.00   0.00     0.03   0.03   0.00     0.02   0.00   0.00
     7   6     0.00   0.00   0.00    -0.02  -0.01   0.00    -0.01  -0.01   0.00
     8   6    -0.01   0.00   0.00     0.01  -0.02   0.00     0.03  -0.01   0.00
     9   6     0.00   0.00   0.00     0.02  -0.03   0.00     0.00   0.00   0.00
    10   6     0.01   0.00   0.00    -0.07   0.00   0.00     0.00   0.00   0.00
    11   6     0.00  -0.01   0.00     0.02   0.02   0.00     0.00   0.00   0.00
    12   1    -0.01  -0.01   0.00     0.09   0.08  -0.02     0.00   0.00   0.00
    13   1    -0.03   0.00   0.00     0.21   0.00   0.00     0.01   0.00   0.00
    14   1    -0.01   0.01   0.00     0.08  -0.07   0.02     0.01   0.00   0.00
    15   6    -0.01   0.01   0.01     0.01  -0.01   0.01    -0.02   0.01  -0.01
    16   1     0.01   0.09  -0.14    -0.04   0.09  -0.04     0.04  -0.15   0.09
    17   1    -0.11  -0.05  -0.10    -0.07  -0.01  -0.03     0.15   0.03   0.07
    18   6    -0.03   0.01  -0.02     0.00   0.00   0.00    -0.01   0.00  -0.01
    19   1     0.44   0.09   0.28    -0.04  -0.04  -0.06     0.13   0.06   0.11
    20   1     0.04   0.02  -0.28     0.03   0.04   0.04     0.00  -0.01  -0.09
    21   1    -0.01  -0.32   0.38    -0.03   0.08  -0.06     0.00  -0.12   0.14
    22   6    -0.01  -0.01   0.00    -0.01  -0.01   0.00     0.01   0.01  -0.01
    23   1     0.00   0.00   0.02     0.05   0.06  -0.01    -0.05  -0.10   0.07
    24   1     0.02   0.01   0.02     0.04  -0.02  -0.01    -0.10   0.05   0.05
    25   6    -0.02  -0.01   0.02    -0.01   0.00   0.01     0.01   0.00  -0.01
    26   1    -0.01   0.04   0.20    -0.01   0.03   0.11     0.01  -0.03  -0.06
    27   1     0.08   0.23  -0.27     0.05   0.15  -0.19    -0.03  -0.09   0.12
    28   1     0.29  -0.15  -0.18     0.17  -0.11  -0.13    -0.09   0.07   0.08
    29   6     0.00   0.00   0.00    -0.01   0.01   0.00    -0.02   0.01  -0.01
    30   1     0.00   0.00   0.00     0.02   0.01   0.00     0.13   0.06   0.06
    31   1    -0.01   0.00   0.01     0.04  -0.04   0.00     0.06  -0.13   0.09
    32   6     0.00   0.00   0.00    -0.01   0.00  -0.01    -0.01   0.00  -0.01
    33   1    -0.04  -0.02  -0.03     0.13   0.08   0.10     0.14   0.11   0.12
    34   1    -0.01   0.03  -0.04     0.03  -0.11   0.15     0.04  -0.13   0.17
    35   1     0.00   0.01   0.03     0.00  -0.02  -0.09    -0.01  -0.04  -0.10
    36   6     0.00   0.00   0.00     0.01   0.01   0.00     0.03   0.02  -0.02
    37   1     0.01   0.01   0.00    -0.03  -0.05   0.00    -0.05  -0.22   0.14
    38   1     0.00   0.00   0.00    -0.01   0.01   0.01    -0.21   0.05   0.11
    39   6     0.00   0.00   0.00     0.00   0.01  -0.01     0.01   0.01  -0.02
    40   1     0.00   0.01   0.00     0.02  -0.03  -0.07     0.00  -0.02  -0.13
    41   1     0.00  -0.01  -0.01    -0.10   0.04   0.08    -0.20   0.08   0.16
    42   1     0.00   0.01  -0.01    -0.02  -0.11   0.10     0.00  -0.17   0.20
    43   7    -0.01   0.00   0.00    -0.01  -0.03   0.00     0.03   0.01   0.00
    44   7     0.00   0.00   0.00     0.00   0.02   0.00    -0.03   0.01   0.00
    45   6     0.00   0.00   0.00     0.02   0.02  -0.01     0.03   0.02  -0.01
    46   1     0.02   0.02  -0.03    -0.12  -0.15   0.22    -0.17  -0.13   0.24
    47   1     0.02   0.03   0.02    -0.14  -0.24  -0.13    -0.18  -0.22  -0.14
    48   6    -0.01   0.00   0.00     0.03  -0.03   0.01    -0.02   0.02   0.00
    49   1     0.05  -0.01   0.03    -0.22   0.26  -0.32     0.14  -0.12   0.17
    50   1     0.04  -0.03  -0.03    -0.19   0.34   0.23     0.12  -0.17  -0.13
                   109                    110                    111
                     A                      A                      A
 Frequencies --  1512.7619              1516.8008              1538.7890
 Red. masses --     1.1378                 1.1788                 1.1703
 Frc consts  --     1.5341                 1.5979                 1.6327
 IR Inten    --    25.5895                 1.5726                 0.2067
  Atom  AN      X      Y      Z        X      Y      Z        X      Y      Z
     1   6    -0.01  -0.01   0.00     0.02   0.00  -0.01     0.00   0.00   0.00
     2   6     0.00  -0.01   0.00    -0.03   0.00   0.00     0.00  -0.03   0.00
     3   6     0.00   0.03   0.00     0.00   0.00   0.00     0.00  -0.01   0.00
     4   6    -0.02   0.00   0.00     0.01  -0.02   0.00     0.01   0.03  -0.01
     5   6     0.01   0.00   0.00    -0.03   0.01   0.00    -0.01  -0.01   0.00
     6   6     0.02   0.00   0.00     0.01   0.02   0.00    -0.01   0.03   0.00
     7   6    -0.01   0.00   0.00    -0.02  -0.01   0.00     0.01  -0.01  -0.01
     8   6     0.02  -0.01   0.00     0.02   0.00   0.00     0.00   0.00   0.01
     9   6    -0.01  -0.02   0.00     0.01  -0.01   0.00    -0.02  -0.03   0.00
    10   6     0.00   0.01   0.00    -0.04   0.00   0.00     0.01   0.02   0.00
    11   6     0.01  -0.02   0.00     0.01   0.02   0.00     0.01  -0.03   0.01
    12   1     0.03   0.05  -0.01     0.05   0.05  -0.01     0.01   0.01   0.00
    13   1     0.00   0.02   0.00     0.11   0.00   0.00    -0.02   0.02   0.00
    14   1    -0.02   0.04  -0.01     0.06  -0.07   0.01    -0.03   0.03  -0.01
    15   6    -0.02   0.01  -0.01    -0.04   0.02  -0.02     0.02  -0.01   0.02
    16   1     0.03  -0.12   0.07     0.02  -0.21   0.17    -0.02   0.19  -0.17
    17   1     0.12   0.04   0.07     0.27   0.04   0.12    -0.21  -0.05  -0.13
    18   6    -0.01   0.00  -0.01    -0.01   0.00  -0.01     0.00   0.00   0.00
    19   1     0.13   0.06   0.11     0.15   0.06   0.12    -0.03  -0.01  -0.02
    20   1     0.00  -0.01  -0.08     0.00  -0.02  -0.11    -0.01   0.00   0.02
    21   1    -0.01  -0.11   0.14     0.00  -0.13   0.15     0.01   0.02  -0.03
    22   6     0.03   0.01  -0.02     0.03   0.01  -0.02     0.03   0.01  -0.02
    23   1    -0.07  -0.16   0.14    -0.05  -0.16   0.16    -0.07  -0.18   0.17
    24   1    -0.19   0.09   0.09    -0.22   0.09   0.10    -0.19   0.10   0.11
    25   6     0.01   0.00  -0.01     0.01   0.00  -0.01     0.00   0.00   0.00
    26   1     0.00  -0.02  -0.07     0.01  -0.02  -0.08     0.00   0.00  -0.03
    27   1    -0.02  -0.09   0.13    -0.03  -0.09   0.11     0.00  -0.02   0.04
    28   1    -0.11   0.08   0.09    -0.10   0.06   0.07    -0.03   0.02   0.02
    29   6    -0.02   0.01  -0.01     0.04  -0.01   0.02    -0.04   0.01  -0.03
    30   1     0.15   0.07   0.07    -0.25  -0.11  -0.11     0.31   0.17   0.18
    31   1     0.06  -0.13   0.11    -0.06   0.18  -0.18     0.11  -0.29   0.28
    32   6     0.00   0.00  -0.01     0.01   0.00   0.01     0.00   0.00   0.00
    33   1     0.08   0.06   0.06    -0.11  -0.07  -0.08     0.05   0.02   0.03
    34   1     0.01  -0.07   0.10    -0.03   0.09  -0.12     0.00  -0.03   0.05
    35   1     0.00  -0.01  -0.05     0.00   0.02   0.09     0.00   0.00  -0.04
    36   6     0.00   0.00  -0.01    -0.03  -0.02   0.02    -0.03  -0.02   0.03
    37   1    -0.01  -0.05   0.03     0.02   0.19  -0.16     0.03   0.30  -0.27
    38   1    -0.05   0.02   0.03     0.26  -0.04  -0.12     0.34  -0.08  -0.19
    39   6     0.00   0.00   0.00    -0.01   0.00   0.01     0.00   0.00   0.00
    40   1     0.00   0.00  -0.01     0.00   0.02   0.09     0.01  -0.01   0.03
    41   1    -0.03   0.02   0.03     0.11  -0.05  -0.10     0.05  -0.01  -0.03
    42   1     0.01  -0.02   0.03     0.01   0.10  -0.11    -0.01   0.02  -0.05
    43   7     0.03  -0.01   0.00     0.00  -0.01   0.00    -0.01   0.01   0.00
    44   7    -0.02  -0.01   0.00     0.01   0.01   0.00     0.01   0.01   0.00
    45   6    -0.03  -0.03   0.01     0.02   0.02   0.00     0.01   0.01   0.00
    46   1     0.18   0.19  -0.30    -0.10  -0.11   0.18    -0.07  -0.05   0.09
    47   1     0.21   0.30   0.17    -0.13  -0.18  -0.10    -0.08  -0.09  -0.06
    48   6     0.02  -0.03   0.01     0.00  -0.01   0.00    -0.01   0.01   0.00
    49   1    -0.17   0.21  -0.26    -0.02   0.06  -0.06     0.04  -0.04   0.05
    50   1    -0.17   0.27   0.18    -0.04   0.06   0.04     0.05  -0.05  -0.04
                   112                    113                    114
                     A                      A                      A
 Frequencies --  1539.8565              1548.9550              1562.8071
 Red. masses --     1.1279                 4.4613                 4.8102
 Frc consts  --     1.5758                 6.3066                 6.9219
 IR Inten    --     1.5271                 0.9629               396.8460
  Atom  AN      X      Y      Z        X      Y      Z        X      Y      Z
     1   6     0.00  -0.01  -0.01    -0.19   0.02   0.00     0.00   0.13  -0.02
     2   6    -0.01   0.01   0.00     0.00   0.05  -0.01    -0.18   0.00   0.00
     3   6    -0.01   0.00   0.00     0.00   0.12  -0.02    -0.17   0.00   0.00
     4   6     0.00   0.00   0.00    -0.17  -0.04   0.01     0.12   0.10  -0.02
     5   6     0.00   0.00   0.01     0.14  -0.05   0.01    -0.01  -0.14   0.02
     6   6     0.01  -0.02   0.00     0.17  -0.04   0.01     0.12  -0.10   0.02
     7   6     0.00   0.00   0.00    -0.14  -0.05   0.01    -0.01   0.14  -0.02
     8   6     0.00   0.01   0.00     0.20   0.01   0.00     0.00  -0.13   0.02
     9   6    -0.01   0.02   0.00    -0.03   0.01   0.00    -0.14  -0.01   0.00
    10   6     0.04  -0.01   0.00     0.00   0.00   0.00     0.27   0.00   0.00
    11   6    -0.02   0.00   0.00     0.03   0.01   0.00    -0.14   0.01   0.00
    12   1    -0.05  -0.05   0.01     0.06   0.16  -0.03    -0.06   0.14  -0.03
    13   1    -0.10  -0.01   0.00     0.00   0.00   0.00    -0.51   0.00   0.00
    14   1    -0.04   0.03   0.00    -0.06   0.16  -0.03    -0.06  -0.15   0.03
    15   6    -0.03   0.02  -0.03     0.06  -0.03   0.02     0.01  -0.03   0.01
    16   1     0.04  -0.30   0.26     0.04   0.14  -0.17    -0.07   0.13  -0.05
    17   1     0.33   0.08   0.19    -0.30  -0.02  -0.10     0.00  -0.08  -0.05
    18   6     0.00   0.00   0.00     0.01   0.00  -0.01     0.00   0.00  -0.01
    19   1     0.05   0.01   0.03    -0.05   0.00  -0.03    -0.01   0.01   0.01
    20   1     0.01   0.01  -0.04     0.01   0.03   0.11     0.01   0.01   0.04
    21   1    -0.01  -0.03   0.05    -0.05   0.07  -0.01    -0.02   0.02   0.01
    22   6    -0.04  -0.01   0.03    -0.04   0.00   0.01     0.01   0.02  -0.01
    23   1     0.11   0.29  -0.29    -0.04   0.06  -0.12    -0.11  -0.14   0.07
    24   1     0.33  -0.17  -0.19     0.21  -0.04  -0.05     0.00   0.09   0.06
    25   6     0.00   0.00   0.00     0.00   0.00  -0.01     0.00   0.00   0.00
    26   1     0.00   0.00   0.04     0.00   0.01   0.07     0.01  -0.02  -0.04
    27   1     0.00   0.03  -0.05     0.03   0.03  -0.01    -0.02  -0.01   0.01
    28   1     0.04  -0.02  -0.03     0.04   0.00  -0.01    -0.02  -0.01   0.00
    29   6    -0.03   0.01  -0.02     0.04   0.00   0.01     0.01  -0.02   0.01
    30   1     0.22   0.11   0.12    -0.21  -0.04  -0.05     0.00  -0.09  -0.06
    31   1     0.07  -0.19   0.19     0.04   0.06  -0.12    -0.10   0.13  -0.06
    32   6     0.00   0.00   0.00     0.00   0.00  -0.01     0.00   0.00   0.00
    33   1     0.03   0.01   0.01    -0.04   0.00  -0.01    -0.02   0.01   0.00
    34   1     0.00  -0.01   0.03    -0.03   0.03  -0.01    -0.02   0.01  -0.01
    35   1     0.00   0.00  -0.02     0.00   0.01   0.07     0.01   0.02   0.04
    36   6    -0.02  -0.01   0.02    -0.06  -0.03   0.02     0.01   0.03  -0.01
    37   1     0.02   0.19  -0.16    -0.04   0.14  -0.18    -0.07  -0.13   0.04
    38   1     0.21  -0.05  -0.12     0.30  -0.01  -0.09     0.02   0.08   0.05
    39   6     0.00   0.00   0.00    -0.01   0.00  -0.01     0.00   0.01   0.01
    40   1     0.01   0.00   0.02    -0.01   0.04   0.11     0.01  -0.02  -0.04
    41   1     0.03  -0.01  -0.02     0.05   0.00  -0.03    -0.01  -0.01  -0.01
    42   1    -0.01   0.02  -0.03     0.05   0.07  -0.01    -0.02  -0.02   0.00
    43   7     0.01   0.00   0.00     0.20  -0.03   0.00     0.10  -0.08   0.01
    44   7     0.00   0.00   0.00    -0.20  -0.03   0.00     0.10   0.08  -0.02
    45   6     0.00   0.00   0.00     0.05  -0.01   0.00    -0.02   0.01   0.00
    46   1    -0.02  -0.01   0.03    -0.16   0.11   0.02     0.04  -0.17   0.12
    47   1    -0.03  -0.03  -0.02    -0.16   0.08  -0.06     0.03  -0.20  -0.04
    48   6     0.00   0.00   0.00    -0.05  -0.01   0.00    -0.02  -0.01   0.00
    49   1    -0.03   0.02  -0.03     0.13   0.12   0.00     0.04   0.18  -0.11
    50   1    -0.04   0.03   0.03     0.14   0.12  -0.04     0.04   0.20   0.04
                   115                    116                    117
                     A                      A                      A
 Frequencies --  1568.2770              1599.2575              1690.5343
 Red. masses --     3.0713                 7.3369                10.4026
 Frc consts  --     4.4506                11.0560                17.5163
 IR Inten    --     4.8284                 8.8810               161.5386
  Atom  AN      X      Y      Z        X      Y      Z        X      Y      Z
     1   6     0.00   0.04  -0.01     0.06  -0.07   0.01     0.04   0.18  -0.03
     2   6     0.00   0.07  -0.01     0.37   0.00   0.00     0.00   0.60  -0.11
     3   6     0.00   0.04  -0.01    -0.37   0.00   0.00     0.00  -0.49   0.09
     4   6     0.02  -0.14   0.02     0.25   0.00   0.00    -0.01   0.13  -0.02
     5   6    -0.01   0.00   0.00    -0.08   0.10  -0.02     0.02  -0.16   0.03
     6   6    -0.02  -0.14   0.02     0.25   0.00   0.00     0.01   0.13  -0.02
     7   6     0.01   0.00   0.00    -0.08  -0.10   0.02    -0.02  -0.16   0.03
     8   6     0.00   0.04  -0.01     0.07   0.07  -0.01    -0.04   0.18  -0.03
     9   6     0.10   0.21  -0.03    -0.09  -0.03   0.01    -0.02  -0.02   0.00
    10   6     0.00  -0.14   0.02     0.09   0.00   0.00     0.00   0.01   0.00
    11   6    -0.10   0.21  -0.04    -0.09   0.03  -0.01     0.02  -0.02   0.00
    12   1    -0.30  -0.43   0.07     0.09   0.25  -0.04     0.04   0.06  -0.01
    13   1     0.00  -0.16   0.03    -0.16   0.00   0.00     0.00   0.01   0.00
    14   1     0.30  -0.43   0.08     0.09  -0.25   0.04    -0.04   0.06  -0.01
    15   6     0.01  -0.01   0.01    -0.01   0.01  -0.01    -0.01  -0.03   0.01
    16   1    -0.03   0.09  -0.05     0.01  -0.03   0.02    -0.08   0.09   0.00
    17   1    -0.04  -0.03  -0.04     0.00   0.02   0.01     0.08  -0.06  -0.01
    18   6     0.00   0.00   0.00     0.00   0.00   0.01     0.00   0.00   0.00
    19   1    -0.01   0.00   0.00     0.01  -0.02  -0.01     0.00   0.01   0.01
    20   1     0.00   0.00   0.01     0.00  -0.01  -0.04     0.00   0.00   0.02
    21   1     0.00   0.00   0.00     0.02  -0.01  -0.02    -0.01   0.00   0.01
    22   6     0.02   0.00  -0.02     0.01  -0.01  -0.01     0.00   0.02   0.00
    23   1    -0.03  -0.13   0.16     0.06   0.01   0.07    -0.07  -0.06   0.00
    24   1    -0.18   0.09   0.11    -0.11   0.01   0.02     0.07   0.04   0.02
    25   6     0.00   0.00   0.00     0.00   0.00   0.00     0.00   0.00   0.00
    26   1     0.00   0.00  -0.01     0.00   0.00  -0.02     0.00   0.00  -0.01
    27   1     0.00   0.00  -0.01    -0.01   0.00  -0.01     0.00   0.00   0.00
    28   1     0.00  -0.01  -0.01     0.00  -0.01   0.00    -0.01  -0.01  -0.01
    29   6    -0.02   0.00  -0.02     0.01   0.01   0.01     0.00   0.02   0.00
    30   1     0.17   0.09   0.10    -0.11  -0.01  -0.02    -0.07   0.04   0.02
    31   1     0.03  -0.12   0.15     0.06  -0.01  -0.07     0.07  -0.06   0.00
    32   6     0.00   0.00   0.00     0.00   0.00   0.00     0.00   0.00   0.00
    33   1     0.00  -0.01  -0.01     0.00   0.01   0.00     0.01  -0.01  -0.01
    34   1     0.00   0.00  -0.01    -0.01   0.00   0.01     0.00   0.00   0.00
    35   1     0.00   0.00  -0.01     0.00   0.00   0.02     0.00   0.00  -0.01
    36   6    -0.01  -0.01   0.01    -0.01  -0.01   0.01     0.01  -0.03   0.01
    37   1     0.03   0.09  -0.05     0.01   0.03  -0.01     0.08   0.09   0.00
    38   1     0.04  -0.03  -0.04     0.00  -0.02  -0.01    -0.08  -0.07  -0.01
    39   6     0.00   0.00   0.00     0.00   0.00  -0.01     0.00   0.00   0.00
    40   1     0.00   0.00   0.01     0.00   0.01   0.04     0.00   0.00   0.02
    41   1     0.01   0.00   0.00     0.01   0.02   0.01     0.01   0.01   0.01
    42   1     0.00   0.00   0.00     0.02   0.01   0.01     0.01   0.00   0.00
    43   7     0.01  -0.04   0.01    -0.19   0.06  -0.01     0.02  -0.16   0.03
    44   7    -0.01  -0.04   0.01    -0.19  -0.06   0.01    -0.02  -0.16   0.03
    45   6     0.00   0.00   0.00     0.04  -0.02   0.00     0.00  -0.01   0.00
    46   1    -0.01   0.05  -0.03    -0.08   0.20  -0.11    -0.01   0.08  -0.09
    47   1    -0.01   0.06   0.01    -0.06   0.21   0.02     0.00   0.12   0.05
    48   6     0.00   0.00   0.00     0.04   0.02   0.00     0.00  -0.01   0.00
    49   1     0.01   0.05  -0.03    -0.07  -0.20   0.11     0.01   0.10  -0.09
    50   1     0.01   0.06   0.01    -0.06  -0.22  -0.03     0.00   0.11   0.05
                   118                    119                    120
                     A                      A                      A
 Frequencies --  3050.9698              3051.2093              3059.6158
 Red. masses --     1.0343                 1.0343                 1.0342
 Frc consts  --     5.6725                 5.6735                 5.7043
 IR Inten    --    44.0024                51.8882                26.9835
  Atom  AN      X      Y      Z        X      Y      Z        X      Y      Z
     1   6     0.00   0.00   0.00     0.00   0.00   0.00     0.00   0.00   0.00
     2   6     0.00   0.00   0.00     0.00   0.00   0.00     0.00   0.00   0.00
     3   6     0.00   0.00   0.00     0.00   0.00   0.00     0.00   0.00   0.00
     4   6     0.00   0.00   0.00     0.00   0.00   0.00     0.00   0.00   0.00
     5   6     0.00   0.00   0.00     0.00   0.00   0.00     0.00   0.00   0.00
     6   6     0.00   0.00   0.00     0.00   0.00   0.00     0.00   0.00   0.00
     7   6     0.00   0.00   0.00     0.00   0.00   0.00     0.00   0.00   0.00
     8   6     0.00   0.00   0.00     0.00   0.00   0.00     0.00   0.00   0.00
     9   6     0.00   0.00   0.00     0.00   0.00   0.00     0.00   0.00   0.00
    10   6     0.00   0.00   0.00     0.00   0.00   0.00     0.00   0.00   0.00
    11   6     0.00   0.00   0.00     0.00   0.00   0.00     0.00   0.00   0.00
    12   1     0.00   0.00   0.00     0.00   0.00   0.00     0.00   0.00   0.00
    13   1     0.00   0.00   0.00     0.00   0.00   0.00     0.00   0.00   0.00
    14   1     0.00   0.00   0.00     0.00   0.00   0.00     0.00   0.00   0.00
    15   6     0.00   0.00   0.00     0.00   0.00   0.00     0.00   0.00   0.00
    16   1    -0.01   0.00   0.00     0.00   0.00   0.00    -0.01  -0.01  -0.01
    17   1     0.00   0.00   0.00     0.00   0.00   0.00     0.00   0.01  -0.01
    18   6     0.00   0.00   0.00     0.00   0.00   0.00     0.01  -0.01  -0.02
    19   1     0.00   0.00   0.00     0.00   0.01   0.00    -0.09  -0.24   0.20
    20   1     0.00   0.00   0.00     0.01   0.00   0.00    -0.24   0.18  -0.05
    21   1     0.00   0.00   0.00    -0.01   0.00   0.00     0.24   0.18   0.14
    22   6     0.00   0.00   0.00     0.00   0.00   0.00     0.00   0.00   0.00
    23   1     0.01  -0.01  -0.01     0.00   0.01   0.00     0.01   0.00   0.00
    24   1     0.00   0.02  -0.01     0.00  -0.01   0.01     0.00   0.00   0.00
    25   6    -0.01  -0.01  -0.04     0.01   0.01   0.02     0.00   0.00   0.00
    26   1     0.45   0.22  -0.07    -0.18  -0.09   0.03     0.00   0.00   0.00
    27   1    -0.35   0.37   0.18     0.14  -0.15  -0.07     0.00   0.00   0.00
    28   1     0.05  -0.41   0.37    -0.02   0.17  -0.15     0.00   0.00   0.00
    29   6     0.00   0.00   0.00     0.00   0.00   0.00     0.00   0.00   0.00
    30   1     0.00  -0.01   0.01     0.00  -0.02   0.01     0.00   0.00   0.00
    31   1     0.01   0.01   0.00     0.01   0.01   0.01     0.01   0.01   0.00
    32   6    -0.01   0.01   0.02    -0.01   0.01   0.04     0.00   0.00   0.00
    33   1     0.02   0.17  -0.15     0.05   0.41  -0.37     0.00   0.00   0.00
    34   1    -0.14  -0.15  -0.07    -0.35  -0.37  -0.18     0.00   0.00   0.00
    35   1     0.19  -0.09   0.03     0.45  -0.21   0.07     0.00   0.00   0.00
    36   6     0.00   0.00   0.00     0.00   0.00   0.00     0.00   0.00   0.00
    37   1     0.00   0.00   0.00    -0.01   0.00   0.00    -0.02   0.01   0.01
    38   1     0.00   0.00   0.00     0.00   0.00   0.00     0.01  -0.02   0.01
    39   6     0.00   0.00   0.00     0.00   0.00   0.00     0.01   0.02   0.04
    40   1     0.00   0.00   0.00    -0.01   0.00   0.00    -0.36  -0.27   0.08
    41   1     0.00   0.00   0.00     0.00   0.01   0.00    -0.13   0.36  -0.30
    42   1     0.00   0.00   0.00     0.01   0.00   0.00     0.37  -0.27  -0.20
    43   7     0.00   0.00   0.00     0.00   0.00   0.00     0.00   0.00   0.00
    44   7     0.00   0.00   0.00     0.00   0.00   0.00     0.00   0.00   0.00
    45   6     0.00   0.00   0.00     0.00   0.00   0.00     0.00   0.00   0.00
    46   1     0.00   0.00   0.00     0.00   0.00   0.00     0.00   0.01   0.01
    47   1     0.00   0.00   0.00     0.00   0.00   0.00     0.00   0.00   0.00
    48   6     0.00   0.00   0.00     0.00   0.00   0.00     0.00   0.00   0.00
    49   1     0.00   0.00   0.00     0.00   0.00   0.00     0.00   0.00   0.00
    50   1     0.00   0.00   0.00     0.00   0.00   0.00     0.00   0.00   0.00
                   121                    122                    123
                     A                      A                      A
 Frequencies --  3059.7932              3093.7273              3094.2672
 Red. masses --     1.0342                 1.0631                 1.0632
 Frc consts  --     5.7050                 5.9951                 5.9974
 IR Inten    --    52.0554                22.0053                25.4479
  Atom  AN      X      Y      Z        X      Y      Z        X      Y      Z
     1   6     0.00   0.00   0.00     0.00   0.00   0.00     0.00   0.00   0.00
     2   6     0.00   0.00   0.00     0.00   0.00   0.00     0.00   0.00   0.00
     3   6     0.00   0.00   0.00     0.00   0.00   0.00     0.00   0.00   0.00
     4   6     0.00   0.00   0.00     0.00   0.00   0.00     0.00   0.00   0.00
     5   6     0.00   0.00   0.00     0.00   0.00   0.00     0.00   0.00   0.00
     6   6     0.00   0.00   0.00     0.00   0.00   0.00     0.00   0.00   0.00
     7   6     0.00   0.00   0.00     0.00   0.00   0.00     0.00   0.00   0.00
     8   6     0.00   0.00   0.00     0.00   0.00   0.00     0.00   0.00   0.00
     9   6     0.00   0.00   0.00     0.00   0.00   0.00     0.00   0.00   0.00
    10   6     0.00   0.00   0.00     0.00   0.00   0.00     0.00   0.00   0.00
    11   6     0.00   0.00   0.00     0.00   0.00   0.00     0.00   0.00   0.00
    12   1     0.00   0.00   0.00     0.02  -0.01   0.00     0.00   0.00   0.00
    13   1     0.00   0.00   0.00     0.00   0.00   0.00     0.00   0.00   0.00
    14   1     0.00   0.00   0.00     0.00   0.00   0.00    -0.02  -0.01   0.00
    15   6     0.00   0.00   0.00     0.00   0.00   0.00     0.01  -0.01   0.02
    16   1     0.02   0.01   0.01     0.01   0.01   0.00    -0.14  -0.10  -0.08
    17   1    -0.01  -0.01   0.01     0.00  -0.01   0.01     0.06   0.18  -0.15
    18   6    -0.01   0.02   0.04     0.00   0.00   0.00     0.00   0.00   0.00
    19   1     0.13   0.36  -0.30     0.00   0.00   0.00     0.00   0.00   0.00
    20   1     0.36  -0.27   0.08     0.00   0.00   0.00     0.04  -0.03   0.01
    21   1    -0.37  -0.27  -0.20     0.00   0.00   0.00    -0.01   0.00   0.00
    22   6     0.00   0.00   0.00     0.00   0.00   0.00    -0.03  -0.02   0.06
    23   1    -0.01   0.01   0.00    -0.02   0.02   0.01     0.34  -0.35  -0.16
    24   1     0.00  -0.01   0.01     0.00  -0.04   0.03    -0.04   0.58  -0.51
    25   6     0.00   0.00   0.00     0.00   0.00   0.00     0.01   0.01  -0.01
    26   1     0.01   0.00   0.00     0.01   0.00   0.00    -0.14  -0.06   0.02
    27   1    -0.01   0.01   0.00     0.00   0.00   0.00     0.01   0.00   0.00
    28   1     0.00  -0.01   0.01     0.00   0.00   0.00     0.01  -0.06   0.06
    29   6     0.00   0.00   0.00     0.03  -0.02   0.06     0.00   0.00   0.00
    30   1     0.00   0.00   0.00     0.04   0.58  -0.51     0.00   0.04  -0.03
    31   1     0.01   0.01   0.00    -0.34  -0.34  -0.16    -0.02  -0.02  -0.01
    32   6     0.00   0.00   0.00    -0.01   0.01  -0.01     0.00   0.00   0.00
    33   1     0.00  -0.01   0.01    -0.01  -0.06   0.05     0.00   0.00   0.00
    34   1     0.01   0.01   0.00    -0.01   0.00   0.00     0.00   0.00   0.00
    35   1    -0.01   0.00   0.00     0.13  -0.06   0.02     0.01   0.00   0.00
    36   6     0.00   0.00   0.00    -0.01  -0.01   0.02     0.00   0.00   0.00
    37   1    -0.01   0.01   0.01     0.15  -0.10  -0.08     0.01  -0.01  -0.01
    38   1     0.00  -0.01   0.01    -0.06   0.20  -0.16    -0.01   0.02  -0.01
    39   6     0.01   0.01   0.02     0.00   0.00   0.00     0.00   0.00   0.00
    40   1    -0.24  -0.18   0.05    -0.04  -0.03   0.01     0.00   0.00   0.00
    41   1    -0.09   0.24  -0.20     0.00  -0.01   0.01     0.00   0.00   0.00
    42   1     0.24  -0.18  -0.13     0.01   0.00   0.00     0.00   0.00   0.00
    43   7     0.00   0.00   0.00     0.00   0.00   0.00     0.00   0.00   0.00
    44   7     0.00   0.00   0.00     0.00   0.00   0.00     0.00   0.00   0.00
    45   6     0.00   0.00   0.00     0.00   0.00   0.00     0.00   0.00   0.00
    46   1     0.00   0.00   0.01     0.00  -0.01  -0.01     0.00   0.00   0.00
    47   1     0.00   0.00   0.00     0.00   0.00   0.01     0.00   0.00   0.00
    48   6     0.00   0.00   0.00     0.00   0.00   0.00     0.00   0.00   0.00
    49   1     0.00   0.00   0.01     0.00   0.00   0.00     0.00  -0.01  -0.01
    50   1     0.00   0.00   0.00     0.00   0.00   0.00     0.01   0.00   0.01
                   124                    125                    126
                     A                      A                      A
 Frequencies --  3098.4835              3099.5204              3118.8456
 Red. masses --     1.0648                 1.0647                 1.1002
 Frc consts  --     6.0231                 6.0263                 6.3056
 IR Inten    --     5.7450                 6.3449                11.1238
  Atom  AN      X      Y      Z        X      Y      Z        X      Y      Z
     1   6     0.00   0.00   0.00     0.00   0.00   0.00     0.00   0.00   0.00
     2   6     0.00   0.00   0.00     0.00   0.00   0.00     0.00   0.00   0.00
     3   6     0.00   0.00   0.00     0.00   0.00   0.00     0.00   0.00   0.00
     4   6     0.00   0.00   0.00     0.00   0.00   0.00     0.00   0.00   0.00
     5   6     0.00   0.00   0.00     0.00   0.00   0.00     0.00   0.00   0.00
     6   6     0.00   0.00   0.00     0.00   0.00   0.00     0.00   0.00   0.00
     7   6     0.00   0.00   0.00     0.00   0.00   0.00     0.00   0.00   0.00
     8   6     0.00   0.00   0.00     0.00   0.00   0.00     0.00   0.00   0.00
     9   6     0.00   0.00   0.00     0.00   0.00   0.00     0.00   0.00   0.00
    10   6     0.00   0.00   0.00     0.00   0.00   0.00     0.00   0.00   0.00
    11   6     0.00   0.00   0.00     0.00   0.00   0.00     0.00   0.00   0.00
    12   1    -0.01   0.01   0.00     0.00   0.00   0.00     0.00   0.00   0.00
    13   1     0.00   0.00   0.00     0.00   0.00   0.00     0.00   0.00   0.00
    14   1     0.00   0.00   0.00     0.01   0.01   0.00     0.00   0.00   0.00
    15   6     0.00   0.00   0.00     0.02  -0.03   0.06     0.00   0.01   0.00
    16   1     0.02   0.02   0.01    -0.36  -0.25  -0.18    -0.02  -0.02  -0.02
    17   1    -0.01  -0.04   0.03     0.19   0.61  -0.49    -0.01  -0.04   0.04
    18   6     0.00   0.00   0.00    -0.01   0.01   0.00     0.00   0.00   0.00
    19   1     0.00   0.00   0.00    -0.02  -0.06   0.05     0.00   0.01  -0.01
    20   1    -0.01   0.00   0.00     0.09  -0.07   0.02     0.00   0.00   0.00
    21   1     0.00   0.00   0.00    -0.01   0.00  -0.01     0.01   0.01   0.01
    22   6     0.00   0.00   0.00     0.01   0.01  -0.02    -0.02   0.03   0.00
    23   1     0.00   0.00   0.00    -0.08   0.08   0.03     0.28  -0.28  -0.14
    24   1     0.00   0.01  -0.01     0.01  -0.21   0.18     0.00  -0.14   0.13
    25   6     0.00   0.00   0.00     0.00  -0.01   0.00     0.04  -0.07   0.02
    26   1     0.00   0.00   0.00     0.04   0.02  -0.01     0.00  -0.02   0.01
    27   1     0.00   0.00   0.00    -0.01   0.01   0.01    -0.40   0.41   0.22
    28   1     0.00   0.00   0.00    -0.01   0.04  -0.04    -0.04   0.43  -0.40
    29   6    -0.01   0.01  -0.02     0.00   0.00   0.00     0.00   0.00   0.00
    30   1    -0.02  -0.23   0.20     0.00  -0.02   0.01     0.00   0.02  -0.02
    31   1     0.09   0.09   0.04     0.01   0.01   0.00     0.04   0.04   0.02
    32   6     0.00  -0.01   0.00     0.00   0.00   0.00     0.00   0.01   0.00
    33   1     0.01   0.04  -0.04     0.00   0.00   0.00    -0.01  -0.06   0.05
    34   1     0.01   0.01   0.01     0.00   0.00   0.00    -0.05  -0.06  -0.03
    35   1    -0.05   0.02  -0.01     0.00   0.00   0.00     0.00   0.00   0.00
    36   6    -0.01  -0.03   0.06     0.00   0.00   0.00     0.00   0.00   0.00
    37   1     0.35  -0.24  -0.17     0.02  -0.02  -0.01    -0.01   0.00   0.00
    38   1    -0.19   0.60  -0.49    -0.01   0.04  -0.03     0.00   0.00   0.00
    39   6     0.00   0.01   0.00     0.00   0.00   0.00     0.00   0.00   0.00
    40   1    -0.09  -0.07   0.02    -0.01   0.00   0.00     0.00   0.00   0.00
    41   1     0.02  -0.05   0.05     0.00   0.00   0.00     0.00   0.00   0.00
    42   1     0.01  -0.01  -0.01     0.00   0.00   0.00     0.00   0.00   0.00
    43   7     0.00   0.00   0.00     0.00   0.00   0.00     0.00   0.00   0.00
    44   7     0.00   0.00   0.00     0.00   0.00   0.00     0.00   0.00   0.00
    45   6     0.00   0.00   0.00     0.00   0.00   0.00     0.00   0.00   0.00
    46   1    -0.01  -0.02  -0.03     0.00   0.00   0.00    -0.01  -0.02  -0.03
    47   1    -0.01  -0.01   0.03     0.00   0.00   0.00    -0.01  -0.01   0.04
    48   6     0.00   0.00   0.00     0.00   0.00   0.00     0.01  -0.01   0.00
    49   1     0.00   0.00   0.01     0.02  -0.03  -0.05    -0.04   0.07   0.10
    50   1     0.00   0.00  -0.01     0.03  -0.02   0.06    -0.05   0.04  -0.11
                   127                    128                    129
                     A                      A                      A
 Frequencies --  3118.9017              3119.8249              3120.3716
 Red. masses --     1.1012                 1.0602                 1.0594
 Frc consts  --     6.3115                 6.0802                 6.0772
 IR Inten    --    14.9952                 2.2476                 0.2854
  Atom  AN      X      Y      Z        X      Y      Z        X      Y      Z
     1   6     0.00   0.00   0.00     0.00   0.00   0.00     0.00   0.00   0.00
     2   6     0.00   0.00   0.00     0.00   0.00   0.00     0.00   0.00   0.00
     3   6     0.00   0.00   0.00     0.00   0.00   0.00     0.00   0.00   0.00
     4   6     0.00   0.00   0.00     0.00   0.00   0.00     0.00   0.00   0.00
     5   6     0.00   0.00   0.00     0.00   0.00   0.00     0.00   0.00   0.00
     6   6     0.00   0.00   0.00     0.00   0.00   0.00     0.00   0.00   0.00
     7   6     0.00   0.00   0.00     0.00   0.00   0.00     0.00   0.00   0.00
     8   6     0.00   0.00   0.00     0.00   0.00   0.00     0.00   0.00   0.00
     9   6     0.00   0.00   0.00     0.00   0.00   0.00     0.00   0.00   0.00
    10   6     0.00   0.00   0.00     0.00   0.00   0.00     0.00   0.00   0.00
    11   6     0.00   0.00   0.00     0.00   0.00   0.00     0.00   0.00   0.00
    12   1     0.00   0.00   0.00     0.00   0.00   0.00     0.00   0.00   0.00
    13   1     0.00   0.00   0.00     0.00   0.00   0.00     0.00   0.00   0.00
    14   1     0.00   0.00   0.00     0.00   0.00   0.00     0.00   0.00   0.00
    15   6     0.00   0.00   0.00     0.00   0.00   0.01     0.00   0.00   0.00
    16   1     0.00   0.00   0.00    -0.05  -0.03  -0.02    -0.03  -0.02  -0.02
    17   1     0.00  -0.01   0.01     0.01   0.04  -0.04     0.01   0.03  -0.02
    18   6     0.00   0.00   0.00     0.00   0.00   0.00     0.00   0.00   0.00
    19   1     0.00   0.00   0.00    -0.01  -0.02   0.01    -0.01  -0.01   0.01
    20   1     0.00   0.00   0.00     0.00   0.00   0.00     0.00   0.00   0.00
    21   1     0.00   0.00   0.00    -0.01  -0.01  -0.01    -0.01  -0.01  -0.01
    22   6     0.00   0.00   0.00     0.00   0.00   0.00     0.00   0.00   0.00
    23   1     0.04  -0.04  -0.02    -0.04   0.04   0.02    -0.02   0.02   0.01
    24   1     0.00  -0.02   0.02     0.00   0.01  -0.01     0.00   0.00   0.00
    25   6     0.01  -0.01   0.00    -0.01   0.01   0.00     0.00   0.01   0.00
    26   1     0.00   0.00   0.00     0.00   0.00   0.00     0.00   0.00   0.00
    27   1    -0.06   0.06   0.03     0.07  -0.07  -0.04     0.03  -0.04  -0.02
    28   1    -0.01   0.06  -0.06     0.01  -0.07   0.07     0.00  -0.03   0.03
    29   6     0.02   0.04   0.00     0.00   0.00   0.00     0.00   0.00   0.00
    30   1     0.00  -0.15   0.13     0.00  -0.01   0.01     0.00   0.00   0.00
    31   1    -0.29  -0.28  -0.14    -0.03  -0.02  -0.01     0.02   0.02   0.01
    32   6    -0.04  -0.07   0.02     0.00  -0.01   0.00     0.00   0.00   0.00
    33   1     0.04   0.43  -0.41     0.00   0.04  -0.04     0.00  -0.03   0.03
    34   1     0.40   0.42   0.22     0.04   0.04   0.02    -0.03  -0.03  -0.02
    35   1     0.00  -0.02   0.01     0.00   0.00   0.00     0.00   0.00   0.00
    36   6     0.00   0.01   0.00     0.00   0.00   0.00     0.00   0.00   0.00
    37   1     0.02  -0.01  -0.01    -0.02   0.01   0.01     0.02  -0.01  -0.01
    38   1     0.01  -0.05   0.04     0.01  -0.02   0.02    -0.01   0.02  -0.02
    39   6     0.00   0.00   0.00     0.00   0.00   0.00     0.00   0.00   0.00
    40   1     0.00   0.00   0.00    -0.01  -0.01   0.00     0.01   0.01   0.00
    41   1    -0.01   0.01  -0.01    -0.01   0.02  -0.02     0.01  -0.02   0.02
    42   1    -0.01   0.01   0.01    -0.02   0.01   0.01     0.02  -0.01  -0.01
    43   7     0.00   0.00   0.00     0.00   0.00   0.00     0.00   0.00   0.00
    44   7     0.00   0.00   0.00     0.00   0.00   0.00     0.00   0.00   0.00
    45   6     0.00   0.00   0.00     0.03   0.03  -0.01    -0.03  -0.03   0.02
    46   1     0.03   0.04   0.05    -0.16  -0.24  -0.28     0.18   0.28   0.33
    47   1     0.03   0.02  -0.08    -0.16  -0.11   0.45     0.20   0.13  -0.55
    48   6     0.00   0.00   0.00     0.03  -0.04   0.00     0.03  -0.03   0.00
    49   1     0.00   0.00   0.00    -0.18   0.30   0.41    -0.16   0.26   0.36
    50   1     0.00   0.00   0.00    -0.20   0.14  -0.45    -0.17   0.12  -0.38
                   130                    131                    132
                     A                      A                      A
 Frequencies --  3129.6199              3129.7046              3131.0502
 Red. masses --     1.1024                 1.1026                 1.1029
 Frc consts  --     6.3619                 6.3634                 6.3701
 IR Inten    --    10.2557                 9.5547                48.1717
  Atom  AN      X      Y      Z        X      Y      Z        X      Y      Z
     1   6     0.00   0.00   0.00     0.00   0.00   0.00     0.00   0.00   0.00
     2   6     0.00   0.00   0.00     0.00   0.00   0.00     0.00   0.00   0.00
     3   6     0.00   0.00   0.00     0.00   0.00   0.00     0.00   0.00   0.00
     4   6     0.00   0.00   0.00     0.00   0.00   0.00     0.00   0.00   0.00
     5   6     0.00   0.00   0.00     0.00   0.00   0.00     0.00   0.00   0.00
     6   6     0.00   0.00   0.00     0.00   0.00   0.00     0.00   0.00   0.00
     7   6     0.00   0.00   0.00     0.00   0.00   0.00     0.00   0.00   0.00
     8   6     0.00   0.00   0.00     0.00   0.00   0.00     0.00   0.00   0.00
     9   6     0.00   0.00   0.00     0.00   0.00   0.00     0.00   0.00   0.00
    10   6     0.00   0.00   0.00     0.00   0.00   0.00     0.00   0.00   0.00
    11   6     0.00   0.00   0.00     0.00   0.00   0.00     0.00   0.00   0.00
    12   1     0.00   0.00   0.00     0.00   0.00   0.00     0.00   0.00   0.00
    13   1     0.00   0.00   0.00     0.00   0.00   0.00     0.00   0.00   0.00
    14   1     0.00   0.00   0.00     0.00   0.00   0.00     0.00   0.00   0.00
    15   6     0.00   0.00   0.00     0.03   0.03   0.00     0.00   0.00   0.00
    16   1    -0.01  -0.01  -0.01    -0.31  -0.21  -0.17    -0.02  -0.02  -0.01
    17   1     0.00  -0.01   0.01    -0.04  -0.16   0.13     0.00  -0.01   0.01
    18   6     0.00   0.00   0.00    -0.06  -0.05   0.00    -0.01  -0.01   0.00
    19   1     0.01   0.02  -0.01     0.13   0.40  -0.34     0.02   0.05  -0.04
    20   1     0.00   0.00   0.00     0.11  -0.11   0.03     0.01  -0.01   0.00
    21   1     0.02   0.01   0.01     0.48   0.35   0.28     0.06   0.04   0.03
    22   6     0.00   0.00   0.00     0.00   0.01   0.00     0.00  -0.01   0.01
    23   1     0.00   0.00   0.00     0.02  -0.02  -0.01    -0.01   0.01   0.01
    24   1     0.00   0.00   0.00     0.00  -0.06   0.05    -0.01   0.16  -0.14
    25   6     0.00   0.00   0.00     0.00   0.01   0.00    -0.07  -0.04   0.04
    26   1     0.00   0.00   0.00    -0.07  -0.03   0.01     0.72   0.34  -0.09
    27   1     0.00   0.00   0.00     0.02  -0.02  -0.01     0.20  -0.23  -0.10
    28   1     0.00   0.00   0.00     0.01  -0.07   0.06    -0.05   0.31  -0.28
    29   6     0.00  -0.01   0.00     0.00   0.00   0.00     0.00   0.00   0.00
    30   1     0.00   0.06  -0.05     0.00   0.00   0.00     0.00  -0.02   0.02
    31   1     0.02   0.02   0.01     0.00   0.00   0.00     0.00   0.00   0.00
    32   6     0.00  -0.01   0.00     0.00   0.00   0.00    -0.01   0.00  -0.01
    33   1     0.01   0.07  -0.07     0.00   0.00   0.00    -0.01  -0.04   0.04
    34   1     0.03   0.03   0.02     0.00   0.00   0.00     0.03   0.03   0.01
    35   1    -0.06   0.03  -0.01     0.00   0.00   0.00     0.09  -0.05   0.01
    36   6     0.03  -0.03   0.00     0.00   0.00   0.00     0.00   0.00   0.00
    37   1    -0.32   0.22   0.17     0.01  -0.01  -0.01     0.00   0.00   0.00
    38   1    -0.04   0.15  -0.13     0.00  -0.01   0.01     0.00   0.00   0.00
    39   6    -0.06   0.05   0.00     0.00   0.00   0.00     0.00   0.00   0.00
    40   1     0.11   0.10  -0.03     0.00   0.00   0.00     0.00   0.00   0.00
    41   1     0.13  -0.39   0.35    -0.01   0.02  -0.01     0.00  -0.01   0.01
    42   1     0.48  -0.35  -0.28    -0.02   0.01   0.01     0.01  -0.01   0.00
    43   7     0.00   0.00   0.00     0.00   0.00   0.00     0.00   0.00   0.00
    44   7     0.00   0.00   0.00     0.00   0.00   0.00     0.00   0.00   0.00
    45   6     0.00   0.00   0.00     0.00   0.00   0.00     0.00   0.00   0.00
    46   1    -0.01  -0.01  -0.01     0.00   0.00   0.00     0.00   0.00   0.00
    47   1    -0.01  -0.01   0.04     0.00   0.00   0.00     0.00   0.00   0.00
    48   6     0.00   0.00   0.00     0.00   0.00   0.00     0.00   0.00   0.00
    49   1     0.00   0.00   0.00     0.00   0.00  -0.01     0.00   0.00   0.00
    50   1     0.00   0.00   0.00     0.00   0.00  -0.01     0.00   0.00   0.00
                   133                    134                    135
                     A                      A                      A
 Frequencies --  3131.1193              3140.4795              3140.7104
 Red. masses --     1.1029                 1.1032                 1.1032
 Frc consts  --     6.3706                 6.4103                 6.4113
 IR Inten    --    43.0410                38.2100                43.5149
  Atom  AN      X      Y      Z        X      Y      Z        X      Y      Z
     1   6     0.00   0.00   0.00     0.00   0.00   0.00     0.00   0.00   0.00
     2   6     0.00   0.00   0.00     0.00   0.00   0.00     0.00   0.00   0.00
     3   6     0.00   0.00   0.00     0.00   0.00   0.00     0.00   0.00   0.00
     4   6     0.00   0.00   0.00     0.00   0.00   0.00     0.00   0.00   0.00
     5   6     0.00   0.00   0.00     0.00   0.00   0.00     0.00   0.00   0.00
     6   6     0.00   0.00   0.00     0.00   0.00   0.00     0.00   0.00   0.00
     7   6     0.00   0.00   0.00     0.00   0.00   0.00     0.00   0.00   0.00
     8   6     0.00   0.00   0.00     0.00   0.00   0.00     0.00   0.00   0.00
     9   6     0.00   0.00   0.00     0.00   0.00   0.00     0.00   0.00   0.00
    10   6     0.00   0.00   0.00     0.00   0.00   0.00     0.00   0.00   0.00
    11   6     0.00   0.00   0.00     0.00   0.00   0.00     0.00   0.00   0.00
    12   1     0.00   0.00   0.00     0.01  -0.01   0.00     0.00   0.00   0.00
    13   1     0.00   0.00   0.00     0.00   0.00   0.00     0.00   0.00   0.00
    14   1     0.00   0.00   0.00     0.00   0.00   0.00     0.01   0.01   0.00
    15   6     0.00   0.00   0.00     0.00   0.00   0.00     0.01   0.01   0.00
    16   1     0.00   0.00   0.00     0.00   0.00   0.00    -0.07  -0.05  -0.04
    17   1     0.00   0.00   0.00     0.00  -0.01   0.00    -0.03  -0.10   0.08
    18   6     0.00   0.00   0.00     0.00   0.00   0.00     0.00   0.02  -0.01
    19   1     0.00  -0.01   0.01     0.00  -0.01   0.01    -0.05  -0.14   0.12
    20   1     0.00   0.00   0.00     0.00   0.00   0.00     0.08  -0.05   0.01
    21   1    -0.01  -0.01   0.00     0.00   0.00   0.00    -0.08  -0.05  -0.05
    22   6     0.00   0.00   0.00     0.00   0.00   0.00    -0.04   0.07  -0.01
    23   1     0.00   0.00   0.00     0.03  -0.03  -0.01     0.47  -0.46  -0.24
    24   1     0.00  -0.02   0.02     0.00  -0.02   0.02     0.02  -0.33   0.30
    25   6     0.01   0.00  -0.01     0.00   0.00   0.00    -0.03   0.03   0.00
    26   1    -0.10  -0.05   0.01     0.01   0.00   0.00     0.11   0.06  -0.02
    27   1    -0.03   0.03   0.01     0.01  -0.02  -0.01     0.24  -0.26  -0.13
    28   1     0.01  -0.04   0.04     0.00  -0.01   0.01     0.02  -0.18   0.17
    29   6     0.00   0.01  -0.01    -0.04  -0.06   0.01     0.00   0.00   0.00
    30   1    -0.01  -0.16   0.14     0.02   0.32  -0.30     0.00  -0.02   0.02
    31   1    -0.01  -0.01  -0.01     0.46   0.46   0.24    -0.03  -0.03  -0.01
    32   6    -0.07   0.04  -0.04    -0.03  -0.03   0.00     0.00   0.00   0.00
    33   1    -0.05  -0.31   0.29     0.02   0.18  -0.17     0.00  -0.01   0.01
    34   1     0.19   0.23   0.10     0.25   0.27   0.14    -0.01  -0.02  -0.01
    35   1     0.72  -0.34   0.10     0.11  -0.06   0.02    -0.01   0.00   0.00
    36   6     0.00   0.00   0.00     0.01  -0.01   0.00     0.00   0.00   0.00
    37   1    -0.02   0.01   0.01    -0.07   0.05   0.04     0.00   0.00   0.00
    38   1     0.00   0.01  -0.01    -0.03   0.10  -0.08     0.00  -0.01   0.00
    39   6    -0.01   0.01   0.00     0.00  -0.02   0.01     0.00   0.00   0.00
    40   1     0.01   0.01   0.00     0.08   0.05  -0.01     0.00   0.00   0.00
    41   1     0.01  -0.04   0.04    -0.05   0.14  -0.12     0.00  -0.01   0.01
    42   1     0.05  -0.04  -0.03    -0.08   0.06   0.05     0.00   0.00   0.00
    43   7     0.00   0.00   0.00     0.00   0.00   0.00     0.00   0.00   0.00
    44   7     0.00   0.00   0.00     0.00   0.00   0.00     0.00   0.00   0.00
    45   6     0.00   0.00   0.00     0.00   0.00   0.00     0.00   0.00   0.00
    46   1     0.00   0.00   0.00     0.00   0.01   0.01     0.00   0.00   0.00
    47   1     0.00   0.00   0.00     0.01   0.00  -0.02     0.00   0.00   0.00
    48   6     0.00   0.00   0.00     0.00   0.00   0.00     0.00   0.00   0.00
    49   1     0.00   0.00   0.00     0.00   0.00   0.00     0.01  -0.01  -0.01
    50   1     0.00   0.00   0.00     0.00   0.00   0.00     0.01   0.00   0.01
                   136                    137                    138
                     A                      A                      A
 Frequencies --  3141.5329              3141.6317              3151.0290
 Red. masses --     1.1032                 1.1031                 1.1020
 Frc consts  --     6.4148                 6.4147                 6.4468
 IR Inten    --    19.2567                19.8095                16.1310
  Atom  AN      X      Y      Z        X      Y      Z        X      Y      Z
     1   6     0.00   0.00   0.00     0.00   0.00   0.00     0.00   0.00   0.00
     2   6     0.00   0.00   0.00     0.00   0.00   0.00     0.00   0.00   0.00
     3   6     0.00   0.00   0.00     0.00   0.00   0.00     0.00   0.00   0.00
     4   6     0.00   0.00   0.00     0.00   0.00   0.00     0.00   0.00   0.00
     5   6     0.00   0.00   0.00     0.00   0.00   0.00     0.00   0.00   0.00
     6   6     0.00   0.00   0.00     0.00   0.00   0.00     0.00   0.00   0.00
     7   6     0.00   0.00   0.00     0.00   0.00   0.00     0.00   0.00   0.00
     8   6     0.00   0.00   0.00     0.00   0.00   0.00     0.00   0.00   0.00
     9   6     0.00   0.00   0.00     0.00   0.00   0.00     0.00   0.00   0.00
    10   6     0.00   0.00   0.00     0.00   0.00   0.00     0.00   0.00   0.00
    11   6     0.00   0.00   0.00     0.00   0.00   0.00     0.00   0.00   0.00
    12   1     0.00   0.00   0.00     0.00   0.00   0.00     0.00   0.00   0.00
    13   1     0.00   0.00   0.00     0.00   0.00   0.00     0.00   0.00   0.00
    14   1     0.00   0.00   0.00     0.00   0.00   0.00     0.00   0.00   0.00
    15   6     0.00   0.00   0.00    -0.01   0.00  -0.01     0.00   0.00   0.00
    16   1     0.00   0.00   0.00     0.09   0.06   0.05     0.02   0.01   0.01
    17   1     0.00   0.00   0.00    -0.02  -0.07   0.06     0.00   0.01  -0.01
    18   6     0.00   0.00   0.00    -0.06   0.06  -0.04     0.00   0.00   0.00
    19   1     0.00  -0.01   0.01    -0.14  -0.36   0.30     0.00   0.01  -0.01
    20   1     0.01  -0.01   0.00     0.63  -0.47   0.12     0.00   0.00   0.00
    21   1     0.00   0.00   0.00     0.19   0.16   0.11     0.01   0.01   0.00
    22   6     0.00   0.00   0.00     0.01  -0.01   0.00     0.00   0.00   0.00
    23   1     0.00   0.00   0.00    -0.07   0.07   0.04     0.00   0.00   0.00
    24   1     0.00   0.00   0.00     0.00   0.05  -0.05     0.00   0.00   0.00
    25   6     0.00   0.00   0.00     0.00   0.00   0.00     0.00   0.00   0.00
    26   1     0.00   0.00   0.00    -0.02  -0.01   0.00     0.00   0.00   0.00
    27   1     0.00   0.00   0.00    -0.04   0.04   0.02     0.00   0.00   0.00
    28   1     0.00   0.00   0.00     0.00   0.03  -0.03     0.00   0.00   0.00
    29   6     0.01   0.01   0.00     0.00   0.00   0.00    -0.01  -0.02   0.00
    30   1     0.00  -0.05   0.05     0.00   0.00   0.00     0.00   0.07  -0.06
    31   1    -0.07  -0.07  -0.04     0.00   0.00   0.00     0.13   0.13   0.06
    32   6     0.00   0.00   0.00     0.00   0.00   0.00     0.00  -0.01   0.00
    33   1     0.00  -0.03   0.03     0.00   0.00   0.00     0.00   0.03  -0.03
    34   1    -0.04  -0.04  -0.02     0.00   0.00   0.00     0.04   0.04   0.02
    35   1    -0.02   0.01   0.00     0.00   0.00   0.00     0.01  -0.01   0.00
    36   6     0.00   0.00   0.01     0.00   0.00   0.00    -0.05   0.06   0.00
    37   1     0.07  -0.05  -0.04     0.00   0.00   0.00     0.56  -0.38  -0.30
    38   1    -0.02   0.07  -0.06     0.00   0.00   0.00     0.10  -0.33   0.28
    39   6    -0.06  -0.06   0.04     0.00   0.00   0.00    -0.03   0.03   0.00
    40   1     0.63   0.47  -0.12    -0.01  -0.01   0.00     0.04   0.04  -0.01
    41   1    -0.14   0.35  -0.31     0.00  -0.01   0.01     0.07  -0.20   0.18
    42   1     0.19  -0.16  -0.10     0.00   0.00   0.00     0.25  -0.18  -0.14
    43   7     0.00   0.00   0.00     0.00   0.00   0.00     0.00   0.00   0.00
    44   7     0.00   0.00   0.00     0.00   0.00   0.00     0.00   0.00   0.00
    45   6     0.00   0.00   0.00     0.00   0.00   0.00     0.00   0.00   0.00
    46   1     0.00   0.00   0.00     0.00   0.00   0.00     0.00   0.00  -0.01
    47   1     0.00   0.00   0.01     0.00   0.00   0.00    -0.01  -0.01   0.03
    48   6     0.00   0.00   0.00     0.00   0.00   0.00     0.00   0.00   0.00
    49   1     0.00   0.00   0.00     0.00   0.00   0.00     0.00   0.00   0.00
    50   1     0.00   0.00   0.00     0.00   0.00  -0.01     0.00   0.00  -0.01
                   139                    140                    141
                     A                      A                      A
 Frequencies --  3151.3805              3174.8100              3188.0054
 Red. masses --     1.1022                 1.1124                 1.1105
 Frc consts  --     6.4491                 6.6062                 6.6501
 IR Inten    --    15.3907                 0.0499                 0.9965
  Atom  AN      X      Y      Z        X      Y      Z        X      Y      Z
     1   6     0.00   0.00   0.00     0.00   0.00   0.00     0.00   0.00   0.00
     2   6     0.00   0.00   0.00     0.00   0.00   0.00     0.00   0.00   0.00
     3   6     0.00   0.00   0.00     0.00   0.00   0.00     0.00   0.00   0.00
     4   6     0.00   0.00   0.00     0.00   0.00   0.00     0.00   0.00   0.00
     5   6     0.00   0.00   0.00     0.00   0.00   0.00     0.00   0.00   0.00
     6   6     0.00   0.00   0.00     0.00   0.00   0.00     0.00   0.00   0.00
     7   6     0.00   0.00   0.00     0.00   0.00   0.00     0.00   0.00   0.00
     8   6     0.00   0.00   0.00     0.00   0.00   0.00     0.00   0.00   0.00
     9   6     0.00   0.00   0.00     0.00   0.00   0.00     0.00   0.00   0.00
    10   6     0.00   0.00   0.00     0.00   0.00   0.00     0.00   0.00   0.00
    11   6     0.00   0.00   0.00     0.00   0.00   0.00     0.00   0.00   0.00
    12   1     0.00   0.00   0.00     0.00   0.00   0.00     0.00   0.00   0.00
    13   1     0.00   0.00   0.00     0.00   0.00   0.00     0.00   0.00   0.00
    14   1     0.00   0.00   0.00     0.00   0.00   0.00     0.00   0.00   0.00
    15   6    -0.05  -0.06   0.00     0.00   0.00   0.00     0.00   0.00   0.00
    16   1     0.56   0.38   0.30     0.01   0.00   0.00     0.00   0.00   0.00
    17   1     0.10   0.34  -0.28     0.00   0.01  -0.01     0.00   0.01  -0.01
    18   6    -0.03  -0.03   0.00     0.00   0.00   0.00     0.00   0.00   0.00
    19   1     0.07   0.20  -0.18     0.00   0.00   0.00     0.00   0.00   0.00
    20   1     0.03  -0.03   0.01     0.00   0.00   0.00     0.00   0.00   0.00
    21   1     0.24   0.17   0.14    -0.01   0.00   0.00     0.00   0.00   0.00
    22   6    -0.01   0.02   0.00     0.00   0.00   0.00     0.00   0.00   0.00
    23   1     0.13  -0.13  -0.07     0.00   0.00   0.00     0.00   0.00   0.00
    24   1     0.00  -0.07   0.06     0.00   0.00   0.00     0.00   0.00   0.00
    25   6     0.00   0.01   0.00     0.00   0.00   0.00     0.00   0.00   0.00
    26   1     0.01   0.01   0.00     0.00   0.00   0.00     0.00   0.00   0.00
    27   1     0.04  -0.04  -0.02     0.00   0.00   0.00     0.00   0.00   0.00
    28   1     0.00  -0.04   0.03     0.00   0.00   0.00     0.00   0.00   0.00
    29   6     0.00   0.00   0.00     0.00   0.00   0.00     0.00   0.00   0.00
    30   1     0.00   0.00   0.00     0.00   0.00   0.00     0.00   0.00   0.00
    31   1     0.00   0.00   0.00     0.00   0.00   0.00     0.00   0.00   0.00
    32   6     0.00   0.00   0.00     0.00   0.00   0.00     0.00   0.00   0.00
    33   1     0.00   0.00   0.00     0.00   0.00   0.00     0.00   0.00   0.00
    34   1     0.00   0.00   0.00     0.00   0.00   0.00     0.00   0.00   0.00
    35   1     0.00   0.00   0.00     0.00   0.00   0.00     0.00   0.00   0.00
    36   6     0.00   0.00   0.00     0.00   0.00   0.00     0.00   0.00   0.00
    37   1    -0.02   0.01   0.01     0.00   0.00   0.00     0.00   0.00   0.00
    38   1     0.00   0.01  -0.01     0.00   0.01   0.00     0.00  -0.01   0.00
    39   6     0.00   0.00   0.00     0.00   0.00   0.00     0.00   0.00   0.00
    40   1     0.00   0.00   0.00     0.00   0.00   0.00     0.00   0.00   0.00
    41   1     0.00   0.01  -0.01     0.00   0.00   0.00     0.00   0.00   0.00
    42   1    -0.01   0.01   0.00    -0.01   0.01   0.01     0.01  -0.01  -0.01
    43   7     0.00   0.00   0.00     0.00   0.00   0.00     0.00   0.00   0.00
    44   7     0.00   0.00   0.00     0.00   0.00   0.00     0.00   0.00   0.00
    45   6     0.00   0.00   0.00    -0.01  -0.02  -0.06     0.01   0.02   0.07
    46   1     0.00   0.00   0.00     0.21   0.30   0.35    -0.24  -0.36  -0.41
    47   1     0.00   0.00   0.00    -0.13  -0.09   0.35     0.17   0.11  -0.44
    48   6     0.00   0.00   0.00     0.00   0.01   0.07     0.00   0.01   0.06
    49   1    -0.01   0.02   0.03     0.18  -0.29  -0.39     0.16  -0.25  -0.33
    50   1    -0.01   0.01  -0.02    -0.23   0.17  -0.49    -0.19   0.13  -0.39
                   142                    143                    144
                     A                      A                      A
 Frequencies --  3222.8647              3246.6424              3249.5633
 Red. masses --     1.0902                 1.0910                 1.0945
 Frc consts  --     6.6720                 6.7757                 6.8094
 IR Inten    --     3.9595                 1.0564                 0.7882
  Atom  AN      X      Y      Z        X      Y      Z        X      Y      Z
     1   6     0.00   0.00   0.00     0.00   0.00   0.00     0.00   0.00   0.00
     2   6     0.00   0.00   0.00     0.00   0.00   0.00     0.00   0.00   0.00
     3   6     0.00   0.00   0.00     0.00   0.00   0.00     0.00   0.00   0.00
     4   6     0.00   0.00   0.00     0.00   0.00   0.00     0.00   0.00   0.00
     5   6     0.00   0.00   0.00     0.00   0.00   0.00     0.00   0.00   0.00
     6   6     0.00   0.00   0.00     0.00   0.00   0.00     0.00   0.00   0.00
     7   6     0.00   0.00   0.00     0.00   0.00   0.00     0.00   0.00   0.00
     8   6     0.00   0.00   0.00     0.00   0.00   0.00     0.00   0.00   0.00
     9   6    -0.01   0.01   0.00    -0.05   0.03  -0.01     0.05  -0.03   0.00
    10   6     0.00  -0.08   0.01     0.00   0.00   0.00     0.00  -0.03   0.00
    11   6     0.01   0.01   0.00    -0.05  -0.03   0.01    -0.05  -0.03   0.01
    12   1     0.19  -0.12   0.02     0.62  -0.38   0.07    -0.54   0.33  -0.06
    13   1     0.00   0.93  -0.16     0.00  -0.01   0.00     0.00   0.31  -0.05
    14   1    -0.19  -0.12   0.02     0.57   0.35  -0.06     0.59   0.36  -0.06
    15   6     0.00   0.00   0.00     0.00   0.00   0.00     0.00   0.00   0.00
    16   1     0.00   0.00   0.00     0.00   0.00   0.00     0.00   0.00   0.00
    17   1     0.00   0.00   0.00     0.00   0.00   0.00     0.00   0.00   0.00
    18   6     0.00   0.00   0.00     0.00   0.00   0.00     0.00   0.00   0.00
    19   1     0.00   0.00   0.00     0.00   0.00   0.00     0.00   0.00   0.00
    20   1     0.00   0.00   0.00     0.00   0.00   0.00     0.00   0.00   0.00
    21   1     0.00   0.00   0.00     0.00   0.00   0.00     0.00   0.00   0.00
    22   6     0.00   0.00   0.00     0.00   0.00   0.00     0.00   0.00   0.00
    23   1     0.00   0.00   0.00     0.00   0.00   0.00     0.00   0.00   0.00
    24   1     0.00  -0.01   0.01     0.00   0.02  -0.01     0.00   0.02  -0.01
    25   6     0.00   0.00   0.00     0.00   0.00   0.00     0.00   0.00   0.00
    26   1     0.00   0.00   0.00     0.00   0.00   0.00     0.00   0.00   0.00
    27   1     0.00   0.00   0.00     0.00   0.00   0.00     0.00   0.00   0.00
    28   1     0.00   0.00   0.00     0.00   0.00   0.00     0.00   0.00   0.00
    29   6     0.00   0.00   0.00     0.00   0.00   0.00     0.00   0.00   0.00
    30   1     0.00  -0.01   0.01     0.00  -0.02   0.01     0.00   0.01  -0.01
    31   1     0.00   0.00   0.00     0.00   0.00   0.00     0.00   0.00   0.00
    32   6     0.00   0.00   0.00     0.00   0.00   0.00     0.00   0.00   0.00
    33   1     0.00   0.00   0.00     0.00   0.00   0.00     0.00   0.00   0.00
    34   1     0.00   0.00   0.00     0.00   0.00   0.00     0.00   0.00   0.00
    35   1     0.00   0.00   0.00     0.00   0.00   0.00     0.00   0.00   0.00
    36   6     0.00   0.00   0.00     0.00   0.00   0.00     0.00   0.00   0.00
    37   1     0.00   0.00   0.00     0.00   0.00   0.00     0.00   0.00   0.00
    38   1     0.00   0.00   0.00     0.00   0.00   0.00     0.00   0.00   0.00
    39   6     0.00   0.00   0.00     0.00   0.00   0.00     0.00   0.00   0.00
    40   1     0.00   0.00   0.00     0.00   0.00   0.00     0.00   0.00   0.00
    41   1     0.00   0.00   0.00     0.00   0.00   0.00     0.00   0.00   0.00
    42   1     0.00   0.00   0.00     0.00   0.00   0.00     0.00   0.00   0.00
    43   7     0.00   0.00   0.00     0.00   0.00   0.00     0.00   0.00   0.00
    44   7     0.00   0.00   0.00     0.00   0.00   0.00     0.00   0.00   0.00
    45   6     0.00   0.00   0.00     0.00   0.00   0.00     0.00   0.00   0.00
    46   1     0.00   0.00   0.00     0.00   0.00   0.00     0.00   0.00   0.00
    47   1     0.00   0.00   0.00     0.00   0.00   0.00     0.00   0.00   0.00
    48   6     0.00   0.00   0.00     0.00   0.00   0.00     0.00   0.00   0.00
    49   1     0.00   0.00   0.00     0.00   0.00   0.00     0.00   0.00   0.00
    50   1     0.00   0.00   0.00     0.00   0.00   0.00     0.00   0.00   0.00

 -------------------
 - Thermochemistry -
 -------------------
 Temperature   298.150 Kelvin.  Pressure   1.00000 Atm.
 Atom     1 has atomic number  6 and mass  12.00000
 Atom     2 has atomic number  6 and mass  12.00000
 Atom     3 has atomic number  6 and mass  12.00000
 Atom     4 has atomic number  6 and mass  12.00000
 Atom     5 has atomic number  6 and mass  12.00000
 Atom     6 has atomic number  6 and mass  12.00000
 Atom     7 has atomic number  6 and mass  12.00000
 Atom     8 has atomic number  6 and mass  12.00000
 Atom     9 has atomic number  6 and mass  12.00000
 Atom    10 has atomic number  6 and mass  12.00000
 Atom    11 has atomic number  6 and mass  12.00000
 Atom    12 has atomic number  1 and mass   1.00783
 Atom    13 has atomic number  1 and mass   1.00783
 Atom    14 has atomic number  1 and mass   1.00783
 Atom    15 has atomic number  6 and mass  12.00000
 Atom    16 has atomic number  1 and mass   1.00783
 Atom    17 has atomic number  1 and mass   1.00783
 Atom    18 has atomic number  6 and mass  12.00000
 Atom    19 has atomic number  1 and mass   1.00783
 Atom    20 has atomic number  1 and mass   1.00783
 Atom    21 has atomic number  1 and mass   1.00783
 Atom    22 has atomic number  6 and mass  12.00000
 Atom    23 has atomic number  1 and mass   1.00783
 Atom    24 has atomic number  1 and mass   1.00783
 Atom    25 has atomic number  6 and mass  12.00000
 Atom    26 has atomic number  1 and mass   1.00783
 Atom    27 has atomic number  1 and mass   1.00783
 Atom    28 has atomic number  1 and mass   1.00783
 Atom    29 has atomic number  6 and mass  12.00000
 Atom    30 has atomic number  1 and mass   1.00783
 Atom    31 has atomic number  1 and mass   1.00783
 Atom    32 has atomic number  6 and mass  12.00000
 Atom    33 has atomic number  1 and mass   1.00783
 Atom    34 has atomic number  1 and mass   1.00783
 Atom    35 has atomic number  1 and mass   1.00783
 Atom    36 has atomic number  6 and mass  12.00000
 Atom    37 has atomic number  1 and mass   1.00783
 Atom    38 has atomic number  1 and mass   1.00783
 Atom    39 has atomic number  6 and mass  12.00000
 Atom    40 has atomic number  1 and mass   1.00783
 Atom    41 has atomic number  1 and mass   1.00783
 Atom    42 has atomic number  1 and mass   1.00783
 Atom    43 has atomic number  7 and mass  14.00307
 Atom    44 has atomic number  7 and mass  14.00307
 Atom    45 has atomic number  6 and mass  12.00000
 Atom    46 has atomic number  1 and mass   1.00783
 Atom    47 has atomic number  1 and mass   1.00783
 Atom    48 has atomic number  6 and mass  12.00000
 Atom    49 has atomic number  1 and mass   1.00783
 Atom    50 has atomic number  1 and mass   1.00783
 Molecular mass:   307.21742 amu.
 Principal axes and moments of inertia in atomic units:
                           1         2         3
     Eigenvalues --  4483.723578483.16814**********
           X            1.00000   0.00000  -0.00001
           Y            0.00000   0.99994   0.01050
           Z            0.00001  -0.01050   0.99994
 This molecule is an asymmetric top.
 Rotational symmetry number  1.
 Warning -- assumption of classical behavior for rotation
           may cause significant error
 Rotational temperatures (Kelvin)      0.01932     0.01021     0.00716
 Rotational constants (GHZ):           0.40251     0.21274     0.14925
 Zero-point vibrational energy    1157797.8 (Joules/Mol)
                                  276.72032 (Kcal/Mol)
 Warning -- explicit consideration of  34 degrees of freedom as
           vibrations may cause significant error
 Vibrational temperatures:     68.44    73.11   105.69   128.99   133.42
          (Kelvin)            144.40   151.61   164.42   170.78   178.86
                              272.28   295.58   301.75   305.19   309.01
                              314.69   331.54   365.19   423.05   440.67
                              477.92   505.62   556.20   557.61   575.89
                              596.40   604.78   638.05   696.24   705.27
                              728.85   788.48   826.77   876.44   900.19
                              939.93   953.11   971.64  1022.12  1073.49
                             1083.54  1088.87  1117.46  1144.50  1165.52
                             1174.67  1180.46  1206.99  1254.31  1283.89
                             1313.46  1339.03  1354.11  1382.86  1390.14
                             1428.79  1443.19  1461.39  1470.28  1502.51
                             1522.68  1532.63  1536.00  1543.87  1581.02
                             1590.42  1597.71  1607.01  1630.72  1635.99
                             1681.49  1736.42  1758.75  1797.48  1812.21
                             1820.85  1828.37  1834.02  1842.43  1847.87
                             1868.76  1917.47  1919.38  1925.51  1930.40
                             1931.41  1935.26  1972.11  2012.28  2014.66
                             2027.67  2032.60  2036.94  2039.33  2044.02
                             2067.17  2099.29  2130.16  2137.52  2140.41
                             2142.74  2143.64  2146.25  2146.49  2151.28
                             2153.44  2158.55  2167.78  2176.52  2182.34
                             2213.97  2215.51  2228.60  2248.53  2256.40
                             2300.97  2432.30  4389.66  4390.00  4402.10
                             4402.35  4451.18  4451.95  4458.02  4459.51
                             4487.32  4487.40  4488.73  4489.51  4502.82
                             4502.94  4504.88  4504.98  4518.44  4518.78
                             4519.96  4520.10  4533.62  4534.13  4567.84
                             4586.82  4636.98  4671.19  4675.39
 
 Zero-point correction=                           0.440982 (Hartree/Particle)
 Thermal correction to Energy=                    0.462730
 Thermal correction to Enthalpy=                  0.463674
 Thermal correction to Gibbs Free Energy=         0.390995
 Sum of electronic and zero-point Energies=           -925.323604
 Sum of electronic and thermal Energies=              -925.301856
 Sum of electronic and thermal Enthalpies=            -925.300911
 Sum of electronic and thermal Free Energies=         -925.373590
 
                     E (Thermal)             CV                S
                      KCal/Mol        Cal/Mol-Kelvin    Cal/Mol-Kelvin
 Total                  290.367             85.794            152.966
 Electronic               0.000              0.000              1.377
 Translational            0.889              2.981             43.064
 Rotational               0.889              2.981             34.486
 Vibrational            288.590             79.833             74.039
 Vibration     1          0.595              1.979              4.916
 Vibration     2          0.595              1.977              4.785
 Vibration     3          0.599              1.967              4.058
 Vibration     4          0.602              1.956              3.668
 Vibration     5          0.602              1.954              3.602
 Vibration     6          0.604              1.949              3.447
 Vibration     7          0.605              1.945              3.352
 Vibration     8          0.607              1.938              3.195
 Vibration     9          0.609              1.934              3.122
 Vibration    10          0.610              1.929              3.032
 Vibration    11          0.633              1.855              2.235
 Vibration    12          0.640              1.832              2.084
 Vibration    13          0.642              1.826              2.046
 Vibration    14          0.643              1.822              2.025
 Vibration    15          0.645              1.818              2.003
 Vibration    16          0.646              1.813              1.970
 Vibration    17          0.652              1.795              1.876
 Vibration    18          0.665              1.756              1.704
 Vibration    19          0.689              1.685              1.451
 Vibration    20          0.697              1.662              1.382
 Vibration    21          0.714              1.611              1.250
 Vibration    22          0.728              1.572              1.160
 Vibration    23          0.755              1.499              1.013
 Vibration    24          0.756              1.497              1.010
 Vibration    25          0.766              1.470              0.962
 Vibration    26          0.778              1.439              0.911
 Vibration    27          0.783              1.426              0.891
 Vibration    28          0.803              1.375              0.816
 Vibration    29          0.840              1.286              0.700
 Vibration    30          0.846              1.272              0.683
 Vibration    31          0.862              1.235              0.642
 Vibration    32          0.903              1.144              0.548
 Vibration    33          0.931              1.086              0.495
 Vibration    34          0.968              1.012              0.434
                       Q            Log10(Q)             Ln(Q)
 Total Bot       0.142925-179       -179.844893       -414.108170
 Total V=0       0.982362D+23         22.992271         52.941661
 Vib (Bot)       0.439797-195       -195.356748       -449.825535
 Vib (Bot)    1  0.434709D+01          0.638199          1.469506
 Vib (Bot)    2  0.406777D+01          0.609357          1.403096
 Vib (Bot)    3  0.280624D+01          0.448124          1.031844
 Vib (Bot)    4  0.229352D+01          0.360503          0.830089
 Vib (Bot)    5  0.221609D+01          0.345587          0.795742
 Vib (Bot)    6  0.204473D+01          0.310637          0.715268
 Vib (Bot)    7  0.194550D+01          0.289030          0.665517
 Vib (Bot)    8  0.179055D+01          0.252987          0.582524
 Vib (Bot)    9  0.172222D+01          0.236088          0.543613
 Vib (Bot)   10  0.164220D+01          0.215427          0.496039
 Vib (Bot)   11  0.105785D+01          0.024425          0.056241
 Vib (Bot)   12  0.968536D+00         -0.013884         -0.031970
 Vib (Bot)   13  0.947127D+00         -0.023592         -0.054322
 Vib (Bot)   14  0.935536D+00         -0.028939         -0.066635
 Vib (Bot)   15  0.922985D+00         -0.034806         -0.080143
 Vib (Bot)   16  0.904848D+00         -0.043425         -0.099989
 Vib (Bot)   17  0.854568D+00         -0.068253         -0.157159
 Vib (Bot)   18  0.767537D+00         -0.114901         -0.264568
 Vib (Bot)   19  0.648943D+00         -0.187794         -0.432411
 Vib (Bot)   20  0.618709D+00         -0.208513         -0.480120
 Vib (Bot)   21  0.561751D+00         -0.250456         -0.576696
 Vib (Bot)   22  0.524525D+00         -0.280234         -0.645262
 Vib (Bot)   23  0.465543D+00         -0.332040         -0.764551
 Vib (Bot)   24  0.464045D+00         -0.333440         -0.767773
 Vib (Bot)   25  0.445215D+00         -0.351430         -0.809198
 Vib (Bot)   26  0.425368D+00         -0.371235         -0.854800
 Vib (Bot)   27  0.417618D+00         -0.379220         -0.873187
 Vib (Bot)   28  0.388739D+00         -0.410342         -0.944848
 Vib (Bot)   29  0.344451D+00         -0.462873         -1.065804
 Vib (Bot)   30  0.338196D+00         -0.470831         -1.084128
 Vib (Bot)   31  0.322539D+00         -0.491417         -1.131530
 Vib (Bot)   32  0.286905D+00         -0.542262         -1.248604
 Vib (Bot)   33  0.266606D+00         -0.574129         -1.321982
 Vib (Bot)   34  0.242815D+00         -0.614724         -1.415455
 Vib (V=0)       0.302285D+08          7.480417         17.224296
 Vib (V=0)    1  0.487575D+01          0.688041          1.584274
 Vib (V=0)    2  0.459839D+01          0.662606          1.525706
 Vib (V=0)    3  0.335043D+01          0.525101          1.209089
 Vib (V=0)    4  0.284739D+01          0.454447          1.046404
 Vib (V=0)    5  0.277179D+01          0.442761          1.019494
 Vib (V=0)    6  0.260498D+01          0.415804          0.957425
 Vib (V=0)    7  0.250872D+01          0.399452          0.919773
 Vib (V=0)    8  0.235905D+01          0.372738          0.858260
 Vib (V=0)    9  0.229333D+01          0.360467          0.830005
 Vib (V=0)   10  0.221663D+01          0.345694          0.795990
 Vib (V=0)   11  0.167007D+01          0.222733          0.512863
 Vib (V=0)   12  0.158998D+01          0.201392          0.463723
 Vib (V=0)   13  0.157100D+01          0.196177          0.451715
 Vib (V=0)   14  0.156077D+01          0.193338          0.445178
 Vib (V=0)   15  0.154971D+01          0.190252          0.438071
 Vib (V=0)   16  0.153380D+01          0.185770          0.427750
 Vib (V=0)   17  0.149009D+01          0.173214          0.398839
 Vib (V=0)   18  0.141603D+01          0.151073          0.347858
 Vib (V=0)   19  0.131922D+01          0.120318          0.277043
 Vib (V=0)   20  0.129549D+01          0.112433          0.258887
 Vib (V=0)   21  0.125204D+01          0.097618          0.224774
 Vib (V=0)   22  0.122466D+01          0.088014          0.202660
 Vib (V=0)   23  0.118318D+01          0.073050          0.168203
 Vib (V=0)   24  0.118216D+01          0.072675          0.167341
 Vib (V=0)   25  0.116949D+01          0.067996          0.156567
 Vib (V=0)   26  0.115646D+01          0.063130          0.145363
 Vib (V=0)   27  0.115146D+01          0.061250          0.141034
 Vib (V=0)   28  0.113334D+01          0.054360          0.125168
 Vib (V=0)   29  0.110716D+01          0.044211          0.101800
 Vib (V=0)   30  0.110364D+01          0.042826          0.098610
 Vib (V=0)   31  0.109501D+01          0.039416          0.090759
 Vib (V=0)   32  0.107647D+01          0.032001          0.073685
 Vib (V=0)   33  0.106664D+01          0.028017          0.064512
 Vib (V=0)   34  0.105584D+01          0.023599          0.054338
 Electronic      0.200000D+01          0.301030          0.693147
 Translational   0.211653D+09          8.325624         19.170458
 Rotational      0.767716D+07          6.885201         15.853760
 ***** Axes restored to original set *****
 -------------------------------------------------------------------
 Center     Atomic                   Forces (Hartrees/Bohr)
 Number     Number              X              Y              Z
 -------------------------------------------------------------------
      1        6          -0.000004637    0.000007286    0.000049360
      2        6           0.000003371   -0.000077123   -0.000084253
      3        6           0.000001118    0.000089559   -0.000018348
      4        6          -0.000041756   -0.000049659    0.000010539
      5        6           0.000017046   -0.000037096    0.000027657
      6        6           0.000040164   -0.000049627    0.000010806
      7        6          -0.000011179   -0.000032669    0.000027899
      8        6           0.000007490   -0.000006180    0.000050649
      9        6          -0.000002114    0.000105113   -0.000021005
     10        6          -0.000000294   -0.000011726    0.000040091
     11        6           0.000001624    0.000103960   -0.000020319
     12        1          -0.000018361   -0.000048692    0.000031213
     13        1          -0.000001057    0.000000820   -0.000004830
     14        1           0.000014860   -0.000046448    0.000024631
     15        6          -0.000023787   -0.000000915   -0.000068483
     16        1          -0.000027947    0.000065118   -0.000039112
     17        1           0.000032672   -0.000033970    0.000027202
     18        6          -0.000009241    0.000017805    0.000048209
     19        1           0.000012255   -0.000000773   -0.000024529
     20        1           0.000001991    0.000013903    0.000001060
     21        1           0.000016721   -0.000000921   -0.000001189
     22        6          -0.000069753    0.000069695   -0.000049823
     23        1           0.000014360   -0.000086392    0.000000455
     24        1           0.000025193   -0.000037941   -0.000013207
     25        6           0.000018074   -0.000018552   -0.000019048
     26        1           0.000002408   -0.000000385   -0.000000499
     27        1          -0.000000572    0.000046052    0.000025090
     28        1           0.000009056    0.000010727    0.000024266
     29        6           0.000061117    0.000074369   -0.000032382
     30        1          -0.000028020   -0.000039291   -0.000011016
     31        1          -0.000023183   -0.000083952    0.000000738
     32        6          -0.000013619   -0.000025291   -0.000019066
     33        1          -0.000009491    0.000010062    0.000027596
     34        1           0.000000173    0.000045967    0.000024468
     35        1          -0.000001765   -0.000000905    0.000004128
     36        6           0.000025165   -0.000005377   -0.000062668
     37        1           0.000030734    0.000058021   -0.000035687
     38        1          -0.000021894   -0.000035576    0.000031900
     39        6           0.000005950    0.000015953    0.000048236
     40        1          -0.000002450    0.000012960    0.000005447
     41        1          -0.000007708    0.000002195   -0.000013911
     42        1          -0.000018974    0.000014167    0.000014141
     43        7           0.000018420   -0.000003922   -0.000005590
     44        7          -0.000024928    0.000010089   -0.000022670
     45        6           0.000022854   -0.000006825    0.000042589
     46        1           0.000024699   -0.000024371   -0.000016672
     47        1          -0.000012408    0.000017131   -0.000006312
     48        6          -0.000017181   -0.000054933    0.000007665
     49        1          -0.000009934    0.000005532   -0.000011479
     50        1          -0.000005260    0.000023024   -0.000003938
 -------------------------------------------------------------------
 Cartesian Forces:  Max     0.000105113 RMS     0.000033493

 GradGradGradGradGradGradGradGradGradGradGradGradGradGradGradGradGradGrad
 Berny optimization.
 Search for a local minimum.
 Step number   1 out of a maximum of    2
 All quantities printed in internal units (Hartrees-Bohrs-Radians)
 Second derivative matrix not updated -- analytic derivatives used.
     Eigenvalues ---    0.00026   0.00034   0.00061   0.00079   0.00094
     Eigenvalues ---    0.00101   0.00118   0.00128   0.00171   0.00174
     Eigenvalues ---    0.00181   0.00188   0.00197   0.00217   0.00477
     Eigenvalues ---    0.00669   0.00755   0.00802   0.00919   0.01205
     Eigenvalues ---    0.01261   0.01334   0.01650   0.02043   0.02260
     Eigenvalues ---    0.02266   0.02937   0.03104   0.03112   0.03196
     Eigenvalues ---    0.03245   0.03254   0.03508   0.03974   0.04268
     Eigenvalues ---    0.04388   0.04538   0.04597   0.04847   0.04975
     Eigenvalues ---    0.04985   0.05004   0.05633   0.06077   0.06184
     Eigenvalues ---    0.06303   0.06404   0.06428   0.06502   0.06971
     Eigenvalues ---    0.06994   0.07323   0.07516   0.07823   0.08961
     Eigenvalues ---    0.09302   0.09434   0.09611   0.09782   0.09891
     Eigenvalues ---    0.10739   0.10923   0.10957   0.11320   0.11371
     Eigenvalues ---    0.11671   0.12046   0.12223   0.13037   0.13223
     Eigenvalues ---    0.13779   0.13983   0.14322   0.14355   0.15042
     Eigenvalues ---    0.15655   0.16388   0.16523   0.17319   0.17661
     Eigenvalues ---    0.19012   0.19221   0.20033   0.20374   0.21573
     Eigenvalues ---    0.22581   0.23190   0.23653   0.23767   0.26397
     Eigenvalues ---    0.26831   0.27856   0.27889   0.29217   0.29910
     Eigenvalues ---    0.33483   0.34952   0.38278   0.38814   0.42809
     Eigenvalues ---    0.47667   0.48042   0.49675   0.54466   0.57186
     Eigenvalues ---    0.60674   0.62354   0.65793   0.66116   0.67809
     Eigenvalues ---    0.69456   0.72965   0.73247   0.74838   0.75218
     Eigenvalues ---    0.76570   0.78366   0.78607   0.80697   0.80886
     Eigenvalues ---    0.81569   0.82620   0.82899   0.84725   0.84900
     Eigenvalues ---    0.85378   0.85754   0.86821   0.87405   0.88561
     Eigenvalues ---    0.89031   0.89244   0.91226   0.93159   0.94835
     Eigenvalues ---    0.95774   0.96134   1.01056   1.06955   1.12977
     Eigenvalues ---    1.16952   1.17283   1.19527   1.31046
 Angle between quadratic step and forces=  78.72 degrees.
 Linear search not attempted -- first point.
 TrRot= -0.000008 -0.000269  0.000419  1.570296 -0.000170 -1.570296
 Variable       Old X    -DE/DX   Delta X   Delta X   Delta X     New X
                                 (Linear)    (Quad)   (Total)
    X1        4.46546   0.00000   0.00000  -0.00014  -0.00015   4.46531
    Y1       -1.48430   0.00001   0.00000  -0.00145  -0.00176  -1.48607
    Z1        0.25952   0.00005   0.00000  -0.00013   0.00004   0.25956
    X2        0.00057   0.00000   0.00000   0.00002   0.00001   0.00058
    Y2       -1.17040  -0.00008   0.00000  -0.00211  -0.00241  -1.17281
    Z2        0.20901  -0.00008   0.00000  -0.00178  -0.00156   0.20746
    X3        0.00055   0.00000   0.00000  -0.00003  -0.00004   0.00051
    Y3        1.39496   0.00009   0.00000  -0.00121  -0.00144   1.39352
    Z3       -0.25064  -0.00002   0.00000   0.00206   0.00272  -0.24792
    X4        2.38526  -0.00004   0.00000  -0.00028  -0.00029   2.38497
    Y4        2.61911  -0.00005   0.00000  -0.00075  -0.00095   2.61816
    Z4       -0.45953   0.00001   0.00000   0.00429   0.00515  -0.45438
    X5        4.63967   0.00002   0.00000  -0.00033  -0.00034   4.63933
    Y5        1.14182  -0.00004   0.00000  -0.00127  -0.00150   1.14032
    Z5       -0.21020   0.00003   0.00000   0.00099   0.00160  -0.20860
    X6       -2.38422   0.00004   0.00000   0.00018   0.00017  -2.38406
    Y6        2.61819  -0.00005   0.00000  -0.00080  -0.00099   2.61720
    Z6       -0.46555   0.00001   0.00000   0.00429   0.00516  -0.46039
    X7       -4.63895  -0.00001   0.00000   0.00024   0.00024  -4.63872
    Y7        1.14045  -0.00003   0.00000  -0.00132  -0.00155   1.13890
    Z7       -0.22094   0.00003   0.00000   0.00102   0.00163  -0.21931
    X8       -4.46456   0.00001   0.00000   0.00017   0.00016  -4.46440
    Y8       -1.48226  -0.00001   0.00000  -0.00154  -0.00185  -1.48411
    Z8        0.26547   0.00005   0.00000  -0.00022  -0.00005   0.26542
    X9       -2.31228   0.00000   0.00000  -0.00008  -0.00009  -2.31238
    Y9        5.26397   0.00011   0.00000   0.00041   0.00029   5.26427
    Z9       -0.91670  -0.00002   0.00000   0.01031   0.01162  -0.90508
   X10        0.00057   0.00000   0.00000  -0.00011  -0.00012   0.00045
   Y10        6.51784  -0.00001   0.00000   0.00107   0.00099   6.51884
   Z10       -1.12070   0.00004   0.00000   0.01367   0.01520  -1.10550
   X11        2.31336   0.00000   0.00000  -0.00010  -0.00011   2.31326
   Y11        5.26533   0.00010   0.00000   0.00043   0.00031   5.26565
   Z11       -0.90819  -0.00002   0.00000   0.01015   0.01147  -0.89672
   X12       -4.04301  -0.00002   0.00000  -0.00066  -0.00067  -4.04368
   Y12        6.33753  -0.00005   0.00000   0.00006  -0.00003   6.33751
   Z12       -1.10587   0.00003   0.00000   0.01368   0.01518  -1.09070
   X13        0.00063   0.00000   0.00000  -0.00014  -0.00015   0.00048
   Y13        8.53864   0.00000   0.00000   0.00196   0.00193   8.54057
   Z13       -1.46159   0.00000   0.00000   0.01888   0.02075  -1.44084
   X14        4.04415   0.00001   0.00000   0.00040   0.00039   4.04454
   Y14        6.34001  -0.00005   0.00000   0.00013   0.00004   6.34005
   Z14       -1.08992   0.00002   0.00000   0.01320   0.01470  -1.07522
   X15        6.71273  -0.00002   0.00000   0.00093   0.00092   6.71365
   Y15       -3.21056   0.00000   0.00000   0.00022  -0.00013  -3.21069
   Z15        0.48388  -0.00007   0.00000   0.00074   0.00062   0.48450
   X16        8.26820  -0.00003   0.00000  -0.00084  -0.00085   8.26736
   Y16       -2.17292   0.00007   0.00000   0.00350   0.00300  -2.16992
   Z16        1.35134  -0.00004   0.00000  -0.00005   0.00000   1.35134
   X17        6.26784   0.00003   0.00000   0.00298   0.00298   6.27082
   Y17       -4.75758  -0.00003   0.00000   0.00066   0.00009  -4.75750
   Z17        1.77669   0.00003   0.00000   0.00220   0.00181   1.77850
   X18        7.56712  -0.00001   0.00000   0.00350   0.00349   7.57062
   Y18       -4.29864   0.00002   0.00000  -0.00077  -0.00068  -4.29931
   Z18       -2.09051   0.00005   0.00000   0.00225   0.00194  -2.08858
   X19        8.11757   0.00001   0.00000   0.00059   0.00058   8.11815
   Y19       -2.79709   0.00000   0.00000  -0.00140  -0.00109  -2.79817
   Z19       -3.39794  -0.00002   0.00000   0.00021   0.00015  -3.39779
   X20        9.19650   0.00000   0.00000   0.00626   0.00625   9.20276
   Y20       -5.53164   0.00001   0.00000   0.00336   0.00339  -5.52824
   Z20       -1.79004   0.00000   0.00000   0.00415   0.00363  -1.78642
   X21        6.07284   0.00002   0.00000   0.00629   0.00628   6.07913
   Y21       -5.41103   0.00000   0.00000  -0.00530  -0.00506  -5.41608
   Z21       -2.98396   0.00000   0.00000   0.00329   0.00279  -2.98117
   X22        7.20223  -0.00007   0.00000  -0.00022  -0.00023   7.20200
   Y22        2.39094   0.00007   0.00000  -0.00216  -0.00237   2.38857
   Z22       -0.37136  -0.00005   0.00000  -0.00474  -0.00391  -0.37528
   X23        8.59756   0.00001   0.00000  -0.00169  -0.00170   8.59586
   Y23        1.05320  -0.00009   0.00000  -0.00591  -0.00599   1.04722
   Z23       -1.08892   0.00000   0.00000  -0.00095  -0.00035  -1.08927
   X24        7.12886   0.00003   0.00000  -0.00081  -0.00082   7.12804
   Y24        3.91416  -0.00004   0.00000  -0.00784  -0.00781   3.90635
   Z24       -1.76346  -0.00001   0.00000  -0.01099  -0.00991  -1.77336
   X25        8.10388   0.00002   0.00000   0.00422   0.00421   8.10809
   Y25        3.45590  -0.00002   0.00000   0.00663   0.00599   3.46190
   Z25        2.19270  -0.00002   0.00000  -0.00985  -0.00885   2.18386
   X26        9.95302   0.00000   0.00000   0.00548   0.00547   9.95849
   Y26        4.34775   0.00000   0.00000   0.00248   0.00188   4.34963
   Z26        1.95657   0.00000   0.00000  -0.01575  -0.01458   1.94198
   X27        6.78777   0.00000   0.00000   0.00805   0.00804   6.79581
   Y27        4.87300   0.00005   0.00000   0.01204   0.01128   4.88427
   Z27        2.92246   0.00003   0.00000  -0.01313  -0.01188   2.91058
   X28        8.28265   0.00001   0.00000   0.00367   0.00366   8.28631
   Y28        1.96175   0.00001   0.00000   0.01201   0.01113   1.97288
   Z28        3.61045   0.00002   0.00000  -0.00406  -0.00330   3.60715
   X29       -7.20178   0.00006   0.00000   0.00008   0.00007  -7.20171
   Y29        2.38640   0.00007   0.00000  -0.00227  -0.00247   2.38393
   Z29       -0.40050  -0.00003   0.00000  -0.00448  -0.00366  -0.40415
   X30       -7.12325  -0.00003   0.00000   0.00058   0.00057  -7.12268
   Y30        3.90038  -0.00004   0.00000  -0.00805  -0.00801   3.89237
   Z30       -1.80250  -0.00001   0.00000  -0.01077  -0.00969  -1.81219
   X31       -8.59240  -0.00002   0.00000   0.00141   0.00140  -8.59100
   Y31        1.04227  -0.00008   0.00000  -0.00595  -0.00603   1.03625
   Z31       -1.11550   0.00000   0.00000  -0.00052   0.00008  -1.11542
   X32       -8.11679  -0.00001   0.00000  -0.00414  -0.00415  -8.12094
   Y32        3.46718  -0.00003   0.00000   0.00656   0.00593   3.47311
   Z32        2.15218  -0.00002   0.00000  -0.00968  -0.00867   2.14350
   X33       -8.30234  -0.00001   0.00000  -0.00350  -0.00351  -8.30585
   Y33        1.98184   0.00001   0.00000   0.01204   0.01116   1.99300
   Z33        3.57824   0.00003   0.00000  -0.00383  -0.00307   3.57517
   X34       -6.80518   0.00000   0.00000  -0.00797  -0.00798  -6.81316
   Y34        4.88929   0.00005   0.00000   0.01204   0.01128   4.90057
   Z34        2.88028   0.00002   0.00000  -0.01318  -0.01192   2.86836
   X35       -9.96502   0.00000   0.00000  -0.00541  -0.00542  -9.97044
   Y35        4.35676   0.00000   0.00000   0.00232   0.00172   4.35849
   Z35        1.90087   0.00000   0.00000  -0.01545  -0.01429   1.88659
   X36       -6.70953   0.00003   0.00000  -0.00077  -0.00078  -6.71032
   Y36       -3.20943  -0.00001   0.00000   0.00003  -0.00032  -3.20975
   Z36        0.50463  -0.00006   0.00000   0.00071   0.00058   0.50521
   X37       -8.26721   0.00003   0.00000   0.00112   0.00111  -8.26610
   Y37       -2.16730   0.00006   0.00000   0.00291   0.00241  -2.16489
   Z37        1.36270  -0.00004   0.00000   0.00059   0.00064   1.36334
   X38       -6.26209  -0.00002   0.00000  -0.00240  -0.00241  -6.26450
   Y38       -4.74554  -0.00004   0.00000   0.00004  -0.00054  -4.74607
   Z38        1.80978   0.00003   0.00000   0.00150   0.00111   1.81089
   X39       -7.56016   0.00001   0.00000  -0.00355  -0.00356  -7.56371
   Y39       -4.32076   0.00002   0.00000   0.00003   0.00011  -4.32064
   Z39       -2.06112   0.00005   0.00000   0.00191   0.00160  -2.05952
   X40       -9.19065   0.00000   0.00000  -0.00614  -0.00615  -9.19679
   Y40       -5.55019   0.00001   0.00000   0.00384   0.00386  -5.54633
   Z40       -1.75214   0.00001   0.00000   0.00330   0.00277  -1.74936
   X41       -8.10764  -0.00001   0.00000  -0.00075  -0.00076  -8.10840
   Y41       -2.83130   0.00000   0.00000  -0.00005   0.00026  -2.83104
   Z41       -3.38355  -0.00001   0.00000   0.00060   0.00053  -3.38301
   X42       -6.06444  -0.00002   0.00000  -0.00611  -0.00611  -6.07055
   Y42       -5.44194   0.00001   0.00000  -0.00382  -0.00359  -5.44553
   Z42       -2.94136   0.00001   0.00000   0.00264   0.00213  -2.93923
   X43        2.13103   0.00002   0.00000   0.00004   0.00003   2.13106
   Y43       -2.55513   0.00000   0.00000  -0.00205  -0.00240  -2.55752
   Z43        0.45734  -0.00001   0.00000  -0.00165  -0.00166   0.45568
   X44       -2.13042  -0.00002   0.00000   0.00000  -0.00001  -2.13043
   Y44       -2.55199   0.00001   0.00000  -0.00211  -0.00246  -2.55446
   Z44        0.46693  -0.00002   0.00000  -0.00197  -0.00199   0.46494
   X45       -1.46321   0.00002   0.00000   0.00004   0.00003  -1.46319
   Y45       -5.22593  -0.00001   0.00000  -0.00228  -0.00272  -5.22865
   Z45        1.03750   0.00004   0.00000  -0.00225  -0.00272   1.03478
   X46       -2.29582   0.00002   0.00000   0.00073   0.00072  -2.29510
   Y46       -6.47152  -0.00002   0.00000  -0.00221  -0.00241  -6.47394
   Z46       -0.37362  -0.00002   0.00000  -0.00280  -0.00349  -0.37710
   X47       -2.16973  -0.00001   0.00000  -0.00065  -0.00066  -2.17039
   Y47       -5.71348   0.00002   0.00000  -0.00238  -0.00314  -5.71662
   Z47        2.91100  -0.00001   0.00000  -0.00257  -0.00312   2.90788
   X48        1.46104  -0.00002   0.00000   0.00006   0.00005   1.46109
   Y48       -5.24695  -0.00005   0.00000  -0.00221  -0.00264  -5.24958
   Z48        0.93699   0.00001   0.00000  -0.00178  -0.00225   0.93474
   X49        2.17835  -0.00001   0.00000   0.00024   0.00024   2.17859
   Y49       -6.41580   0.00001   0.00000  -0.00208  -0.00225  -6.41805
   Z49       -0.59969  -0.00001   0.00000  -0.00178  -0.00245  -0.60214
   X50        2.28283  -0.00001   0.00000  -0.00002  -0.00003   2.28281
   Y50       -5.85666   0.00002   0.00000  -0.00176  -0.00249  -5.85916
   Z50        2.72415   0.00000   0.00000  -0.00163  -0.00221   2.72194
         Item               Value     Threshold  Converged?
 Maximum Force            0.000105     0.000450     YES
 RMS     Force            0.000033     0.000300     YES
 Maximum Displacement     0.020749     0.001800     NO 
 RMS     Displacement     0.005189     0.001200     NO 
 Predicted change in Energy=-2.554351D-06
 GradGradGradGradGradGradGradGradGradGradGradGradGradGradGradGradGradGrad

 1|1|UNPC-LAPTOP-7BBBEH3F|Freq|UB3LYP|6-31++G(d,p)|C21H27N2(2+,2)|SAIF_
 |08-Sep-2025|0||# freq ub3lyp/6-31++g(d,p) scrf=(cpcm,solvent=water) g
 eom=connectivity||N-BAP Freq (DFT uB3lyp)||2,2|C,2.36302,-0.785459,0.1
 37333|C,0.0003,-0.61935,0.110605|C,0.000289,0.738181,-0.132633|C,1.262
 224,1.385971,-0.243172|C,2.455209,0.604227,-0.111232|C,-1.261676,1.385
 484,-0.246359|C,-2.454827,0.603501,-0.116914|C,-2.362543,-0.784376,0.1
 4048|C,-1.223608,2.785575,-0.485097|C,0.0003,3.449094,-0.59305|C,1.224
 179,2.786295,-0.480596|H,-2.13947,3.353679,-0.585202|H,0.000336,4.5184
 54,-0.773442|H,2.140072,3.354989,-0.576761|C,3.552224,-1.698957,0.2560
 57|H,4.375345,-1.149861,0.7151|H,3.316797,-2.517605,0.940184|C,4.00434
 9,-2.27474,-1.106252|H,4.295631,-1.480155,-1.798113|H,4.86658,-2.92721
 7,-0.947249|H,3.213609,-2.863393,-1.579043|C,3.811257,1.26523,-0.19651
 7|H,4.549635,0.557331,-0.57623|H,3.772431,2.071284,-0.933182|C,4.28839
 1,1.828785,1.160329|H,5.266912,2.300729,1.035371|H,3.591933,2.57868,1.
 546497|H,4.382989,1.038116,1.910569|C,-3.811017,1.262827,-0.211935|H,-
 3.769464,2.063994,-0.953843|H,-4.546902,0.551548,-0.590296|C,-4.29522,
 1.834755,1.138884|H,-4.393407,1.048746,1.893524|H,-3.601148,2.587299,1
 .524181|H,-5.27326,2.3055,1.005898|C,-3.550533,-1.698358,0.267038|H,-4
 .374819,-1.146887,0.721111|H,-3.313753,-2.51123,0.957696|C,-4.000662,-
 2.286447,-1.090697|H,-4.86348,-2.937036,-0.927191|H,-4.290379,-1.49825
 8,-1.790497|H,-3.209164,-2.879751,-1.556502|N,1.12769,-1.352114,0.2420
 13|N,-1.127369,-1.350457,0.247087|C,-0.7743,-2.765444,0.549023|H,-1.21
 4897,-3.424583,-0.197709|H,-1.148171,-3.023442,1.540437|C,0.773149,-2.
 776565,0.495835|H,1.152734,-3.395096,-0.317344|H,1.208023,-3.099213,1.
 441559||Version=IA32W-G09RevA.02|State=2-A|HF=-925.7645856|S2=0.775961
 |S2-1=0.|S2A=0.750517|RMSD=4.414e-009|RMSF=3.349e-005|ZeroPoint=0.4409
 819|Thermal=0.46273|Dipole=-0.0003837,-1.7885974,0.3065546|DipoleDeriv
 =0.0970211,0.2742826,-0.1292145,-2.1990957,1.0987318,-0.1005168,0.3665
 816,-0.1397943,0.0658765,-0.3635159,-0.0009693,-0.0059207,-0.0010646,0
 .4036305,-0.0491806,-0.0041215,-0.0065226,0.2851182,-0.2071963,-0.0001
 158,0.0000057,-0.0003005,-0.4042071,0.10807,-0.0015538,0.0761066,0.025
 86,0.0286985,-0.1754204,-0.0273975,-0.0691695,0.1274952,0.0322772,0.01
 07416,0.0042515,0.0674461,0.4975908,0.2788891,0.070078,1.9600158,-0.43
 36498,0.0358261,-0.3155556,0.0771367,-0.0775003,0.0294316,0.1753434,0.
 0238741,0.0703519,0.1280635,0.0309277,-0.0136621,0.0071061,0.0672083,0
 .497204,-0.2791957,-0.063915,-1.9571829,-0.4327605,0.0359011,0.3389489
 ,0.0826306,-0.0793283,0.0946995,-0.2726993,0.1283138,2.1985831,1.10060
 74,-0.1011538,-0.3694134,-0.1313824,0.0638665,0.5401039,-0.0522767,0.0
 014909,0.1961176,-0.0527181,-0.0315683,-0.033174,-0.0198305,-0.0801293
 ,-0.7887156,-0.0001621,-0.0007821,-0.0001817,0.3256419,-0.0734265,-0.0
 011848,-0.0544147,-0.0781063,0.5399417,0.0527645,0.0013727,-0.196595,-
 0.052348,-0.0320777,0.0351577,-0.0190801,-0.0795495,0.0300694,0.070619
 8,-0.0154697,0.0293895,0.1173766,0.0033214,0.0028355,0.0003025,0.15741
 56,0.1205211,-0.000011,-0.0000627,-0.0000294,-0.0371371,0.0351738,-0.0
 002173,0.0360094,0.1608243,0.0302558,-0.0705998,0.0148562,-0.0302837,0
 .1163324,0.0033467,-0.0031677,0.0012681,0.157398,-0.1207377,0.0843547,
 0.0118064,0.2365675,-0.0110572,-0.0314734,0.3314428,-0.2017185,0.03159
 05,-0.0136301,-0.0142692,-0.0419147,-0.0088229,0.0131316,-0.0842697,-0
 .0572232,-0.0415525,0.0505538,-0.0085287,-0.0240501,0.0933095,0.028862
 3,-0.0242627,0.0825443,0.0105613,0.0755574,-0.00091,0.0311749,0.066922
 3,-0.0095353,0.0420148,0.085247,0.0144181,-0.424265,0.2246729,0.139351
 2,0.0827752,-0.0265583,0.046871,-0.0862221,-0.0417773,0.1170444,0.0591
 769,0.0539792,-0.0255896,-0.0960466,0.1535351,-0.0019726,0.1823591,-0.
 0204648,-0.0113219,0.0948198,-0.0555551,0.0398401,-0.0362827,-0.135579
 3,-0.0800217,-0.0577565,0.0092587,-0.0788538,-0.0011348,-0.0650903,0.0
 141507,-0.1193235,-0.0226228,-0.0247324,-0.1744983,0.0788328,-0.026105
 4,-0.3802073,-0.0720317,0.048463,-0.0573671,0.0403189,0.0293402,0.0526
 624,-0.0008858,-0.0951258,0.0565251,-0.056409,0.044827,-0.0019812,0.02
 57527,-0.0694846,-0.0582032,-0.0334026,0.1023352,0.020768,0.0755422,-0
 .0269148,0.0182883,-0.0400966,-0.0067073,-0.0222053,0.1171783,-0.00206
 27,0.439233,0.063538,0.1464164,-0.1717879,-0.1258848,-0.0066791,-0.184
 8981,0.0376522,-0.0243287,-0.1059445,-0.0265301,0.0337067,-0.0196522,0
 .1353808,0.0569805,0.0644131,-0.0310191,-0.0867032,-0.0197695,-0.04454
 2,0.0204459,0.0996465,-0.0137474,-0.0150085,0.0610626,-0.0638416,0.140
 4425,-0.0422907,0.0698105,-0.0517308,-0.1210142,0.0229606,0.0243448,0.
 1774402,0.0784251,-0.0255685,0.3768624,-0.0730005,0.0510304,-0.003477,
 -0.0253759,0.0694134,0.0580869,-0.0326738,0.1028849,-0.0204514,0.07496
 82,-0.0273237,-0.0568985,-0.0401506,-0.0294196,-0.0515596,-0.0018853,-
 0.0949653,-0.0567489,-0.05628,0.0454858,0.0218906,0.039836,0.0056875,0
 .0191091,0.1173028,-0.0017652,-0.4388259,0.0634444,0.1445312,0.0985888
 ,0.0134457,0.0159636,-0.0615144,-0.0624381,0.1403522,0.0437215,0.07004
 07,-0.0529131,-0.0193592,-0.1357678,-0.0563257,-0.0637994,-0.0322694,-
 0.086699,0.0188757,-0.0432392,0.0214206,-0.1725076,0.1260101,0.0050799
 ,0.1852853,0.0375194,-0.0236334,0.1035214,-0.0259114,0.0344318,-0.1208
 701,-0.0861,-0.0109201,-0.2401251,-0.0142031,-0.0316881,-0.3372848,-0.
 2068396,0.0327492,-0.0127452,0.0146736,0.0418329,0.0101535,0.0126155,-
 0.0837641,0.0570239,-0.0411263,0.0517003,-0.0079033,0.0234617,-0.09376
 81,-0.0269918,-0.0211229,0.0787459,-0.0081639,0.0788615,-0.0055554,0.0
 291819,-0.0684123,0.0095729,-0.0387723,0.0869057,0.0151509,0.4243379,0
 .2252679,0.1382235,-0.0954818,-0.15305,0.0032726,-0.1839507,-0.0216592
 ,-0.0113046,-0.0940338,-0.0556081,0.0398967,0.0838504,0.0262583,-0.046
 5716,0.0850521,-0.0399821,0.1170654,-0.0594293,0.0544343,-0.0272685,-0
 .0372178,0.1369103,0.0783807,0.0580415,0.0093541,-0.0785128,-0.0002245
 ,-0.0660484,0.0155284,0.5125307,-0.4631835,0.0875458,0.1590801,-0.6933
 15,0.0806137,-0.0259221,0.1125356,-0.1325278,0.5135874,0.4639633,-0.08
 44467,-0.1605335,-0.7007044,0.0907161,0.0187118,0.0660842,-0.1219305,0
 .1833468,-0.1892367,0.0325672,0.0823947,0.5253215,-0.0663863,-0.01507,
 -0.0281893,0.2365647,0.0770303,-0.0111243,-0.0315401,-0.0227924,0.0294
 391,0.0097066,-0.0435097,-0.0181261,0.0468328,0.0677404,0.0284679,0.04
 00155,0.001072,0.0203311,-0.0029511,0.0456205,0.0036505,0.0519738,0.17
 74302,0.1970432,-0.0327319,-0.0799815,0.5247489,-0.0447688,0.0219013,-
 0.0427269,0.2390595,0.0803383,-0.0036919,0.0340378,0.0210748,0.022415,
 0.0112551,0.0439783,-0.0138701,0.0381286,0.0693031,-0.0208421,-0.04147
 19,-0.0026599,0.0362259,-0.0079438,-0.0487977,0.0082215,0.0593614|Pola
 r=538.9781487,0.0130629,433.7813344,0.0182178,-25.9360614,216.3196752|
 PG=C01 [X(C21H27N2)]|NImag=0||0.62148071,-0.01647488,0.60980374,-0.003
 51326,-0.07302383,0.19070195,-0.07913417,-0.02865687,0.00444297,0.7292
 7840,0.02143064,0.04586659,-0.00740271,0.00001571,0.83922229,-0.003310
 50,-0.00786018,0.00216228,-0.00126348,-0.12655332,0.17000766,-0.002280
 44,-0.00942350,0.00120306,-0.12247502,-0.00002554,-0.00012478,0.695434
 64,-0.02091514,-0.02272291,0.00408968,-0.00003380,-0.34117475,0.051049
 71,0.00015880,0.74740331,0.00381951,0.00415941,-0.00018612,-0.00029997
 ,0.05002524,-0.06915950,0.00032434,-0.10922345,0.15045164,0.02727969,0
 .04046248,-0.00705018,0.01331884,-0.05043685,0.00915339,-0.24799858,-0
 .06314001,0.01009929,0.64135187,0.02237736,-0.03272767,0.00529274,-0.0
 2705654,-0.02946007,0.00474078,-0.06441079,-0.15141112,0.01578198,0.00
 641673,0.63388047,-0.00439542,0.00575053,0.00126442,0.00464234,0.00526
 026,-0.00305063,0.01032421,0.01550471,-0.06116867,0.00022325,-0.082983
 21,0.16305252,-0.11966575,-0.01367517,0.00294719,0.00112995,0.00982638
 ,-0.00188923,-0.04402339,0.00117089,-0.00010726,-0.22129680,0.05974745
 ,-0.01070967,0.59231696,0.02279995,-0.26241400,0.03467131,0.03140025,-
 0.02629010,0.00450366,0.00683377,0.03767982,-0.00670880,0.05254815,-0.
 14578679,0.01478615,-0.00034212,0.59496336,-0.00522490,0.03369224,-0.0
 7061755,-0.00565856,0.00506345,-0.00112942,-0.00162882,-0.00656842,0.0
 0044652,-0.00889702,0.01388534,-0.06131337,0.00212529,-0.07131570,0.17
 912231,-0.00535743,-0.00273088,0.00048926,0.01335446,0.05042806,-0.009
 15069,-0.24790596,0.06303176,-0.01037755,-0.03785746,-0.01032094,0.001
 60319,-0.00125281,-0.00348949,0.00045919,0.64126423,-0.00049588,0.0006
 7522,-0.00051630,0.02703202,-0.02949101,0.00474161,0.06427281,-0.15125
 190,0.01597447,0.01030434,0.02908847,-0.00464291,-0.00895479,0.0005216
 2,0.00063951,-0.00610952,0.63367449,0.00015337,-0.00020896,-0.00141979
 ,-0.00472473,0.00516474,-0.00300194,-0.01072014,0.01597200,-0.06129178
 ,-0.00178483,-0.00475661,0.00266005,0.00172838,0.00066275,0.00586820,0
 .00118859,-0.08350533,0.16328359,0.00338031,0.00223352,-0.00032005,0.0
 0111977,-0.00984412,0.00183830,-0.04400486,-0.00117650,0.00005141,-0.0
 0125159,0.00894993,-0.00171707,-0.00011114,-0.00269075,0.00043328,-0.2
 2130140,-0.05979084,0.01020316,0.59242852,-0.00593396,-0.01660682,0.00
 273684,-0.03136572,-0.02625614,0.00450102,-0.00684319,0.03763294,-0.00
 682366,0.00348097,0.00053819,0.00068824,0.00269497,0.01562821,-0.00238
 047,-0.05259369,-0.14578626,0.01461197,0.00044828,0.59467898,0.0010726
 5,0.00283819,-0.00047364,0.00600616,0.00524492,-0.00119899,0.00152246,
 -0.00679614,0.00053938,-0.00046193,0.00066342,0.00585787,-0.00045872,-
 0.00252942,0.00060266,0.00825950,0.01380336,-0.06133171,-0.00027207,-0
 .07339068,0.17994300,-0.00360890,-0.00647660,0.00105398,-0.07913935,-0
 .02141332,0.00352993,-0.00228641,0.02093780,-0.00392929,-0.00537203,0.
 00049727,-0.00016138,0.00338621,0.00594478,-0.00101289,0.02731411,-0.0
 2236296,0.00448552,-0.11976269,-0.02275730,0.00534254,0.62189127,0.006
 46839,0.01990925,-0.00297727,0.02862151,0.04583117,-0.00788429,0.00942
 102,-0.02270081,0.00429298,0.00274021,0.00065776,-0.00020226,-0.002245
 59,-0.01662671,0.00268157,-0.04046368,-0.03274029,0.00592448,0.0137723
 6,-0.26227424,0.03494441,0.01635794,0.60926595,-0.00106181,-0.00303302
 ,0.00143380,-0.00454507,-0.00751967,0.00229948,-0.00129866,0.00411804,
 -0.00027090,-0.00048027,-0.00048830,-0.00141754,0.00030870,0.00273190,
 -0.00045827,0.00709431,0.00535689,0.00127405,-0.00290414,0.03654179,-0
 .07132817,0.00360824,-0.07732181,0.19280456,-0.00080487,0.00090708,-0.
 00025199,-0.00093127,0.00594761,-0.00101798,0.01621924,0.02927780,-0.0
 0495145,-0.00197438,-0.02044897,0.00367148,-0.00480035,0.00107651,-0.0
 0020367,-0.11357666,0.02819220,-0.00525079,-0.00199461,-0.03366459,0.0
 0559234,-0.00644417,-0.00336531,0.00044258,0.72211365,0.00057060,0.000
 80435,0.00000442,0.01337736,0.00868257,-0.00046464,0.03707558,-0.03068
 397,0.00621751,-0.01363243,-0.02089568,0.00304677,-0.00133017,-0.00162
 334,0.00026294,0.01233861,-0.26406865,0.03402053,-0.03181175,-0.032986
 88,0.00666924,-0.00636936,0.00606775,-0.00010346,-0.04407823,0.6211287
 6,-0.00005538,-0.00000003,0.00024151,-0.00227092,-0.00030733,0.0063303
 7,-0.00609920,0.00615432,0.00395711,0.00216071,0.00276554,-0.00425648,
 0.00016906,0.00008472,-0.00074367,-0.00220599,0.03447343,-0.06966727,0
 .00513278,0.00630932,0.00281912,0.00092079,0.00017769,0.00631368,0.009
 61935,-0.08266183,0.14774877,0.00258992,-0.00006805,0.00004628,-0.0136
 3367,0.00000341,0.00001246,-0.02771049,-0.00000380,-0.00003431,0.00403
 334,0.05989292,-0.01053320,0.01432323,-0.00956980,0.00165052,0.0040353
 1,-0.05989160,0.01055320,0.01431991,0.00956663,-0.00164732,0.00260113,
 0.00006786,-0.00001584,-0.26905102,-0.04641585,0.00667228,0.62533547,0
 .00068287,-0.00199400,0.00025123,-0.00000457,0.00125227,-0.00043430,-0
 .00000789,-0.00144209,-0.00028478,0.03286691,-0.02306017,0.00481845,-0
 .00332593,-0.00371998,0.00157413,-0.03287123,-0.02310339,0.00471398,0.
 00332933,-0.00371424,0.00158666,-0.00068101,-0.00199466,0.00024702,-0.
 11842771,-0.17658615,0.01899577,0.00014681,0.72655760,-0.00024500,0.00
 015567,-0.00011747,-0.00002257,-0.00033596,-0.00132102,-0.00006003,-0.
 00012587,-0.00269621,-0.00548767,0.00476337,0.00394614,0.00054875,0.00
 162856,0.00477674,0.00551562,0.00459289,0.00399659,-0.00051984,0.00167
 016,0.00476795,0.00026193,0.00014999,-0.00011347,0.01916820,0.01938129
 ,-0.06310026,0.00093218,-0.09957253,0.14923491,-0.00643654,0.00335295,
 -0.00049245,-0.00093238,-0.00594695,0.00100433,0.01621930,-0.02929873,
 0.00490965,-0.11358157,-0.02823695,0.00507848,-0.00199423,0.03366176,-
 0.00557030,-0.00197745,0.02043888,-0.00370664,-0.00479561,-0.00107507,
 0.00019075,-0.00080579,-0.00090981,0.00024275,-0.06510819,-0.02193914,
 0.00372543,-0.26905916,0.11831485,-0.01995831,0.72220348,0.00633184,0.
 00606252,-0.00004936,-0.01337176,0.00866911,-0.00047205,-0.03704780,-0
 .03070855,0.00606429,-0.01243107,-0.26414356,0.03374632,0.03183210,-0.
 03297464,0.00666592,0.01363319,-0.02088281,0.00309932,0.00132755,-0.00
 162542,0.00027726,-0.00056649,0.00081156,0.00000915,0.02189644,0.04905
 580,-0.00749879,0.04629782,-0.17649870,0.01953665,0.04445876,0.6213339
 5,-0.00099407,0.00017235,0.00632021,0.00230448,-0.00039221,0.00635628,
 0.00621380,0.00611570,0.00401483,0.00192249,0.03419034,-0.06958475,-0.
 00508225,0.00635841,0.00280503,-0.00213873,0.00281486,-0.00426809,-0.0
 0019540,0.00006852,-0.00074317,0.00004928,0.00000154,0.00023433,-0.003
 96784,-0.00755947,0.00589195,-0.00748310,0.01940927,-0.06317656,-0.007
 33701,-0.08213641,0.14755755,-0.00005879,-0.00006600,0.00001555,0.0004
 0900,-0.00022232,0.00005234,0.00074763,-0.00136479,-0.00001027,0.00014
 070,-0.00061525,0.00010869,-0.00006389,0.00014590,-0.00002122,0.006231
 01,-0.00132691,0.00023043,-0.00073401,0.00004650,0.00003296,-0.0000055
 5,0.00015830,-0.00005398,-0.26856470,0.13091143,-0.02269070,-0.0177268
 8,0.01501325,-0.00253661,-0.00278228,-0.00318637,0.00051303,0.28477355
 ,-0.00034317,-0.00029270,0.00008565,0.00156584,0.00033569,0.00003386,-
 0.00173367,-0.00478798,0.00169818,-0.00044441,-0.00062130,-0.00010029,
 -0.00000109,0.00035426,-0.00016118,0.02573420,-0.01031557,0.00247013,0
 .00106559,0.00079331,-0.00063433,0.00019154,-0.00000770,-0.00002375,0.
 13213344,-0.14037152,0.01800690,-0.01536854,0.01214843,-0.00101388,-0.
 00324239,-0.00108277,0.00136394,-0.13681972,0.14364803,0.00014037,0.00
 024866,0.00014322,-0.00020330,0.00002072,0.00070900,0.00032387,0.00162
 854,0.00473466,0.00003867,-0.00001681,-0.00104979,0.00004153,-0.000314
 54,-0.00060899,-0.00439110,0.00275700,0.00349322,-0.00048907,-0.000495
 18,-0.00231604,-0.00008553,-0.00007644,-0.00028500,-0.02294823,0.01773
 549,-0.04130353,0.00279920,-0.00082578,0.00703135,0.00042980,0.0013866
 2,0.00679139,0.02409459,-0.02134560,0.02718762,-0.00042933,0.00026868,
 -0.00003743,-0.00002053,0.00000009,0.00000061,-0.00074218,0.00000034,0
 .00000290,-0.00491206,0.00204116,-0.00031794,0.00072272,0.00099140,-0.
 00020255,-0.00491181,-0.00204922,0.00026708,0.00072233,-0.00099097,0.0
 0020748,-0.00042936,-0.00026841,0.00004084,0.00289738,-0.02873653,0.00
 487711,-0.05858843,-0.00001835,-0.00004105,0.00289882,0.02873854,-0.00
 487797,0.00111617,0.00013307,0.00001058,0.06027557,0.00024859,0.000107
 05,-0.00013344,-0.00000062,-0.00010703,-0.00013121,-0.00000143,0.00056
 804,-0.00019798,0.00209573,0.00088009,0.00111304,-0.00042174,-0.000444
 20,0.00005890,-0.00210297,0.00087919,0.00110144,0.00042244,-0.00044415
 ,0.00006285,-0.00024760,0.00010625,-0.00013292,0.00137605,-0.00941167,
 0.00241287,-0.00001799,-0.34067331,0.05049033,-0.00137464,-0.00939547,
 0.00240216,0.00014114,0.00071378,-0.00081398,0.00001988,0.35670530,-0.
 00005810,-0.00018232,-0.00066757,-0.00000435,-0.00012440,-0.00087422,-
 0.00000851,-0.00016699,-0.00048662,-0.00030002,0.00111049,0.00731362,0
 .00002969,0.00009335,-0.00011670,0.00025556,0.00111339,0.00731435,-0.0
 0002411,0.00009041,-0.00011807,0.00006463,-0.00018598,-0.00066620,-0.0
 0014365,0.00233522,0.00445191,-0.00005111,0.05046556,-0.04981494,0.000
 15005,0.00243470,0.00443622,-0.00003977,-0.00080916,-0.00401685,0.0000
 6154,-0.05559825,0.03634638,-0.00000522,-0.00015746,0.00005442,0.00040
 908,0.00022180,-0.00005663,0.00074647,0.00136157,-0.00000401,0.0062219
 3,0.00131827,-0.00021666,-0.00074200,-0.00005180,-0.00002647,0.0001409
 7,0.00061539,-0.00010232,-0.00006426,-0.00014465,0.00002379,-0.0000582
 2,0.00006454,-0.00001618,-0.00278131,0.00317882,-0.00055161,-0.0177222
 3,-0.01502036,0.00243565,-0.26860236,-0.13109406,0.02170410,-0.0008053
 6,-0.00072910,0.00013157,0.00111683,-0.00013738,0.00006369,0.28485322,
 -0.00019100,-0.00000939,-0.00002594,-0.00156739,0.00033518,0.00003409,
 0.00173337,-0.00479388,0.00167477,-0.02573425,-0.01033407,0.00237772,-
 0.00106241,0.00080004,-0.00063271,0.00044517,-0.00062094,-0.00009351,0
 .00000217,0.00035067,-0.00016572,0.00034154,-0.00028897,0.00008541,0.0
 0323770,-0.00107713,0.00137116,0.01535684,0.01214244,-0.00094932,-0.13
 231882,-0.14056561,0.01744350,0.00072864,0.00040679,-0.00017734,-0.000
 13015,0.00071205,-0.00081015,0.13699194,0.14391130,0.00008169,-0.00008
 474,-0.00028436,0.00020569,0.00001463,0.00070705,-0.00033752,0.0016316
 6,0.00474266,0.00438180,0.00275521,0.00351073,0.00048548,-0.00048591,-
 0.00231779,-0.00002470,-0.00001859,-0.00105277,-0.00004102,-0.00030844
 ,-0.00060689,-0.00014086,0.00023989,0.00014535,-0.00046280,0.00139558,
 0.00678849,-0.00288003,-0.00087313,0.00703115,0.02195936,0.01719273,-0
 .04113417,-0.00013175,-0.00017971,-0.00068389,0.00000992,-0.00081532,-
 0.00401835,-0.02298774,-0.02079957,0.02699972,-0.15120925,0.04620839,-
 0.00848752,-0.00049204,-0.00377371,0.00172900,-0.00151707,0.00019179,-
 0.00013375,0.00124462,-0.00406007,0.00051994,0.00737483,0.00752738,-0.
 00205747,0.00043635,-0.00045672,0.00002126,-0.00005463,-0.00069414,0.0
 0013055,-0.00049125,0.00067460,-0.00013370,-0.00000831,0.00027350,-0.0
 0004907,-0.00006425,-0.00032541,0.00008601,0.00096462,0.00005197,0.000
 13067,0.00000948,0.00001415,-0.00000432,0.00009297,-0.00004168,-0.0000
 0388,-0.00002281,-0.00000162,-0.00001549,0.53391919,0.05433240,-0.1309
 9978,0.00932085,-0.00252505,-0.00240914,0.00247843,0.00080165,0.000111
 52,-0.00020231,-0.00348863,-0.00283840,0.00084432,0.02247349,-0.019943
 68,0.00301446,-0.00006659,0.00056201,-0.00025628,0.00001068,0.00092046
 ,-0.00015598,0.00062717,-0.00184230,0.00012209,-0.00016686,-0.00027879
 ,0.00004961,0.00011816,-0.00032585,0.00003205,0.00095643,-0.00001607,0
 .00003085,0.00001245,0.00001697,0.00000176,0.00009227,-0.00004146,0.00
 001033,-0.00000751,0.00003496,0.00001388,0.07862436,0.54977353,-0.0173
 5655,0.02125828,-0.07480155,0.00203223,0.00019185,0.00652050,0.0014686
 5,0.00071859,-0.00092753,-0.00200255,0.00361198,0.00612148,-0.00278616
 ,-0.00019129,0.00762334,-0.00012765,0.00049333,-0.00074034,-0.00022315
 ,0.00152361,-0.00008673,0.00088864,-0.00202894,0.00011912,0.00005258,-
 0.00042499,0.00011233,0.00009020,0.00015510,-0.00033672,-0.00052048,-0
 .00025791,-0.00067023,-0.00000179,0.00000305,-0.00000248,-0.00003757,0
 .00000620,0.00010189,-0.00001424,-0.00004704,0.00008184,0.03699634,-0.
 05067558,0.47704675,-0.02194822,-0.01293677,-0.00831650,-0.00026967,-0
 .00094924,0.00049523,0.00004092,0.00005608,-0.00004629,-0.00016303,-0.
 00015387,0.00024643,-0.00009286,-0.00110126,0.00089382,0.00004469,0.00
 005231,-0.00002514,0.00002128,0.00002365,-0.00000278,0.00008886,-0.000
 16191,0.00004361,-0.00005680,0.00001108,-0.00000308,0.00002733,-0.0000
 0872,-0.00001567,0.00001011,-0.00002607,-0.00009550,0.00000017,0.00000
 775,-0.00000005,0.00000245,0.00000657,0.00000732,0.00000264,0.00004190
 ,-0.00000029,-0.20449813,-0.10401584,-0.08739931,0.22341779,0.01668221
 ,0.01302549,0.00899827,0.00110613,0.00019329,-0.00089367,0.00027889,0.
 00028725,0.00007764,-0.00062376,0.00052623,-0.00040260,0.00038658,-0.0
 0077692,0.00000875,-0.00004979,0.00012414,0.00002957,-0.00006768,0.000
 29848,-0.00008076,0.00021223,-0.00029446,0.00006896,0.00003186,-0.0000
 9804,0.00002045,-0.00000922,0.00004698,-0.00001810,-0.00005798,-0.0000
 9506,0.00004763,-0.00000159,0.00000006,0.00000585,-0.00001267,-0.00000
 327,-0.00000768,0.00001282,-0.00002643,0.00001751,-0.10765383,-0.12042
 399,-0.05550411,0.11203453,0.13315794,-0.00027131,-0.00225719,-0.00156
 664,-0.00015100,0.00018378,0.00019899,-0.00020224,-0.00015442,-0.00001
 184,0.00042602,-0.00016663,0.00010643,-0.00045284,0.00049701,0.0001831
 5,0.00002559,-0.00014373,0.00002595,0.00004021,-0.00017307,0.00004060,
 -0.00016494,0.00027548,-0.00005041,-0.00000774,0.00008061,-0.00001138,
 0.00000686,-0.00001272,0.00000042,0.00002944,0.00001300,-0.00002869,0.
 00000281,-0.00000043,-0.00000104,0.00000691,-0.00000152,0.00000132,-0.
 00001001,0.00003372,-0.00000216,-0.08843414,-0.05306515,-0.09026240,0.
 09062894,0.06223789,0.09957118,0.00465183,0.02212140,-0.01756228,-0.00
 067843,0.00079290,0.00022636,-0.00014013,-0.00038696,-0.00003138,0.000
 94677,0.00101728,0.00071619,-0.00444086,0.00240384,0.00017458,-0.00006
 366,-0.00021216,0.00001915,0.00009378,-0.00039430,0.00009730,-0.000302
 86,0.00060471,-0.00004950,0.00002449,0.00012133,-0.00000643,-0.0000274
 0,0.00008902,-0.00006306,-0.00028544,0.00005135,-0.00012775,-0.0000042
 2,-0.00000853,-0.00000150,-0.00002949,0.00002163,0.00001134,0.00000565
 ,0.00002096,0.00000534,-0.06467535,-0.04735688,0.03599300,-0.00452476,
 -0.01813878,0.01583481,0.07216222,-0.00292089,-0.01748566,0.01061306,0
 .00027657,-0.00045621,-0.00027327,-0.00013453,0.00010988,0.00002159,-0
 .00035727,-0.00090789,-0.00014555,0.00274290,-0.00047385,0.00082374,0.
 00006499,-0.00001725,0.00004344,-0.00004901,0.00019223,-0.00000880,0.0
 0007544,-0.00017686,0.00009004,-0.00002455,-0.00001771,-0.00000415,0.0
 0004936,-0.00007774,0.00005308,0.00029399,-0.00002289,-0.00006815,0.00
 000845,0.00000464,-0.00000817,0.00003380,-0.00002013,0.00000661,-0.000
 01432,0.00002654,-0.00001545,-0.04496974,-0.19980369,0.12738304,-0.003
 10752,-0.01158135,0.00935161,0.04742707,0.21848281,0.00028235,0.000055
 80,-0.00165179,-0.00048042,0.00027234,-0.00000592,-0.00019677,-0.00023
 188,-0.00001430,0.00052114,-0.00022970,0.00018210,-0.00052218,0.000303
 96,-0.00015935,-0.00000937,-0.00011263,0.00003331,0.00005630,-0.000220
 85,0.00003275,-0.00019563,0.00027087,-0.00006783,-0.00000285,0.0000677
 7,-0.00001017,0.00000313,-0.00001384,-0.00000448,0.00002403,0.00001568
 ,-0.00004079,0.00000061,-0.00000196,-0.00000078,0.00000109,0.00000144,
 0.00000419,0.00000094,0.00001149,0.00000062,0.03320142,0.12831814,-0.1
 4730395,-0.00197521,-0.01026589,0.00900328,-0.04160128,-0.13580748,0.1
 6100922,-0.01399921,0.01253822,0.02314056,-0.00087464,0.00008597,-0.00
 172713,-0.00011357,-0.00022075,0.00020476,0.00031498,-0.00029338,-0.00
 103798,-0.00095881,-0.00024285,-0.00039902,-0.00005224,-0.00010391,0.0
 0012915,0.00009993,-0.00021818,0.00000506,-0.00015079,0.00031791,0.000
 00711,-0.00004747,0.00009948,-0.00001833,-0.00001412,0.00000834,0.0000
 2878,-0.00007370,0.00007709,0.00013470,-0.00000211,0.00000120,0.000003
 88,-0.00000894,0.00000930,-0.00002289,0.00001064,0.00000478,-0.0000080
 3,-0.07771925,0.00597025,0.02546795,0.00919181,-0.00865661,-0.02079991
 ,-0.00206257,0.00381039,0.00872757,0.56261993,0.01248718,-0.01276949,-
 0.01607490,0.00082190,-0.00050746,0.00081681,-0.00002978,0.00036180,-0
 .00014733,-0.00035168,0.00027783,0.00102347,0.00127596,0.00004632,0.00
 049400,0.00011670,-0.00002997,-0.00006534,-0.00008760,0.00006321,0.000
 02523,0.00000488,-0.00006070,0.00001805,0.00005441,-0.00001343,0.00000
 779,-0.00005404,-0.00000066,-0.00004227,0.00007420,-0.00015180,-0.0001
 5685,-0.00000053,0.00000291,-0.00000610,0.00000489,-0.00000212,0.00002
 426,-0.00000357,-0.00000501,0.00000483,0.00424544,-0.08339035,-0.03207
 536,0.00621897,-0.00630333,-0.01718886,-0.00744911,0.01051296,0.020471
 12,0.01694097,0.55739916,0.01205071,-0.01231185,0.00698183,-0.00155258
 ,0.00010182,-0.00070464,-0.00136255,-0.00051394,0.00016412,0.00243641,
 -0.00070353,-0.00042157,-0.00258482,0.00609927,-0.00151310,0.00023018,
 -0.00053029,0.00014097,0.00014867,-0.00175650,0.00025972,-0.00087816,0
 .00223610,-0.00033018,0.00003573,0.00044564,-0.00007261,-0.00022600,-0
 .00005167,-0.00000894,0.00002471,0.00019217,0.00008961,-0.00001626,0.0
 0000058,0.00001872,-0.00001279,0.00004379,-0.00002070,0.00001852,0.000
 01140,0.00000427,0.01477967,-0.02331512,-0.14746312,0.00508548,-0.0056
 9634,-0.01505779,0.00600738,-0.00984878,-0.02091077,0.03940665,-0.0471
 7283,0.47576773,0.00057324,-0.00129561,0.00051082,0.00021323,-0.000148
 07,0.00005522,0.00000823,0.00008832,-0.00001843,-0.00009947,0.00003201
 ,0.00000691,0.00002360,-0.00012599,0.00000385,0.00002298,-0.00000068,-
 0.00000377,-0.00001585,0.00006093,-0.00000745,0.00004042,-0.00006515,0
 .00000564,-0.00000525,-0.00000298,-0.00000093,0.00000639,0.00000118,0.
 00000027,-0.00000006,-0.00000696,0.00001062,0.00000054,0.00000117,0.00
 000013,0.00000134,-0.00000120,-0.00000012,-0.00000154,0.00000343,-0.00
 000113,-0.00392226,-0.00561714,0.00621539,0.00034451,0.00043634,-0.000
 64807,0.00016811,0.00089462,0.00157595,-0.06695847,-0.05270480,0.04365
 857,0.06700461,-0.00016900,0.00081839,-0.00018133,-0.00022731,0.000125
 37,-0.00006638,-0.00008339,-0.00008254,0.00000458,0.00017677,-0.000063
 16,-0.00001743,-0.00014892,0.00058997,0.00003565,-0.00001015,-0.000010
 09,0.00000826,0.00001954,-0.00015854,0.00002753,-0.00006008,0.00018941
 ,-0.00003211,0.00000649,0.00002583,-0.00000499,-0.00003199,-0.00000765
 ,-0.00000061,0.00000107,0.00001721,0.00000406,-0.00000279,-0.00000085,
 0.00000163,-0.00000271,0.00000540,-0.00000091,0.00000530,-0.00001271,0
 .00000225,0.00459395,0.01035293,-0.00978291,-0.00021391,0.00061977,0.0
 0076073,0.00104649,-0.00026506,-0.00306421,-0.05316357,-0.19529130,0.1
 2510932,0.05720762,0.20889958,-0.00159081,0.00170512,0.00005013,-0.000
 10520,0.00013945,-0.00005045,0.00005475,-0.00004211,0.00000826,-0.0000
 7661,-0.00015203,-0.00007522,0.00055521,-0.00002862,0.00018270,-0.0000
 4275,0.00004398,0.00000637,0.00000206,0.00002767,-0.00001684,0.0000224
 9,-0.00005715,0.00001139,0.00000542,-0.00002867,0.00000269,-0.00000084
 ,-0.00001302,0.00000399,0.00003283,0.00001153,0.00001814,-0.00000078,-
 0.00000222,0.00000199,0.00000109,-0.00000183,-0.00000161,0.00000623,-0
 .00002090,0.00000291,0.00812651,0.01894642,-0.01919785,-0.00050093,0.0
 0043405,0.00126333,0.00205781,-0.00289893,-0.00426446,0.04369888,0.123
 49320,-0.15103477,-0.05003082,-0.13294568,0.16561209,0.00079672,-0.000
 45333,0.00192893,-0.00020299,0.00012200,-0.00012174,-0.00011607,-0.000
 08204,0.00002213,0.00024504,-0.00009527,-0.00014208,-0.00047200,0.0003
 6982,0.00000581,0.00000096,-0.00003700,0.00002190,0.00003505,-0.000220
 56,0.00003558,-0.00007851,0.00028770,-0.00004695,-0.00001089,0.0000526
 6,-0.00001229,-0.00003102,-0.00000574,0.00000903,-0.00001908,0.0000249
 8,-0.00000290,-0.00000313,0.00000014,0.00000013,-0.00000407,0.00000890
 ,-0.00000143,0.00000555,-0.00000076,-0.00000128,-0.00700126,0.00490380
 ,-0.00093562,0.00066870,-0.00006972,-0.00003024,-0.00002941,-0.0003451
 4,-0.00026450,-0.21702147,0.12780275,-0.03380045,0.00848108,-0.0061476
 6,0.00098812,0.23107010,-0.00005321,0.00112807,-0.00249371,0.00049510,
 -0.00018738,0.00015751,0.00016998,0.00017862,-0.00005330,-0.00039785,0
 .00019866,0.00011943,0.00031313,-0.00071183,0.00017639,0.00001402,0.00
 004863,-0.00002639,-0.00005037,0.00030297,-0.00004682,0.00012903,-0.00
 036600,0.00005483,0.00000595,-0.00006389,0.00000696,0.00003222,0.00001
 530,0.00000010,0.00000170,-0.00005603,-0.00001708,0.00000412,0.0000015
 0,-0.00000259,0.00000362,-0.00000943,0.00000540,-0.00000764,0.00000582
 ,-0.00000187,0.00907352,-0.00755992,0.00099185,-0.00015365,-0.00001349
 ,0.00056352,-0.00026447,0.00062630,0.00009150,0.12751535,-0.14358038,0
 .02621965,0.01845962,-0.01292633,0.00266228,-0.14034299,0.15149516,0.0
 0040450,0.00001137,-0.00574657,0.00059735,-0.00001212,0.00044559,0.000
 34545,0.00018339,-0.00008506,-0.00069368,0.00015255,0.00033332,0.00109
 233,-0.00138331,0.00058482,-0.00004249,0.00013611,-0.00005348,-0.00005
 963,0.00051198,-0.00007284,0.00023803,-0.00063962,0.00008992,0.0000020
 5,-0.00012886,0.00002211,0.00006195,0.00000399,-0.00000823,0.00002995,
 -0.00006673,-0.00005395,0.00000505,-0.00000021,-0.00000526,0.00000764,
 -0.00001559,0.00001079,-0.00000923,-0.00000252,0.00000228,0.02523037,-
 0.01956712,0.00049547,-0.00042867,0.00034027,0.00154857,-0.00012163,0.
 00054651,0.00156931,-0.03557100,0.02751934,-0.05162984,-0.01647777,0.0
 1039566,-0.00274457,0.03542447,-0.02597158,0.05784754,0.00112133,0.000
 66602,-0.00034731,-0.00003339,0.00006696,0.00005568,0.00007174,-0.0000
 1712,0.00000244,-0.00011544,0.00006771,0.00003927,0.00015309,-0.000286
 56,-0.00004274,-0.00002255,0.00000419,-0.00000037,-0.00000793,0.000127
 46,-0.00001858,0.00002986,-0.00015110,0.00002110,0.00000575,-0.0000242
 3,0.00000147,0.00002179,0.00000644,0.00000199,0.00000517,-0.00000913,-
 0.00000494,0.00000191,-0.00000116,-0.00000058,0.00000192,-0.00000556,0
 .00000067,-0.00000359,0.00000106,0.00000021,0.00852612,0.00755228,0.00
 582291,0.00018780,0.00120088,0.00249303,0.00041164,-0.00016173,-0.0008
 2826,-0.19300337,-0.10633003,-0.08331104,-0.00589752,-0.00304578,-0.00
 315281,-0.01711822,-0.01460343,-0.00959600,0.20690305,-0.00148067,0.00
 062661,-0.00007814,0.00023198,-0.00009130,-0.00003042,0.00006109,0.000
 06886,-0.00001543,-0.00011769,0.00001946,-0.00001559,-0.00001211,-0.00
 047925,0.00020248,0.00001026,0.00001791,-0.00000196,-0.00000975,0.0001
 0261,-0.00001997,0.00005747,-0.00012369,0.00001479,-0.00000863,-0.0000
 1508,0.00000273,0.00001697,0.00000522,0.00000125,-0.00000965,-0.000015
 11,-0.00000686,0.00000193,0.00000146,-0.00000139,0.00000162,-0.0000025
 5,0.00000106,-0.00000494,0.00001082,-0.00000203,-0.00657814,-0.0072360
 0,-0.00516652,0.00100849,-0.00004128,-0.00189067,0.00055790,0.00060401
 ,0.00046688,-0.10594002,-0.12517329,-0.05998274,-0.01712409,-0.0119760
 1,-0.01058343,0.01392131,0.01180930,0.00873660,0.11526926,0.13192988,-
 0.00193787,0.00144233,0.00034773,0.00037942,-0.00009814,-0.00011213,0.
 00008930,0.00012324,-0.00002061,-0.00025524,0.00002299,-0.00002193,0.0
 0024964,-0.00060626,0.00022337,0.00000587,0.00005164,-0.00001143,-0.00
 002526,0.00013999,-0.00002076,0.00010113,-0.00016058,0.00001168,-0.000
 00687,-0.00003437,0.00000495,0.00001210,0.00000268,0.00000478,0.000005
 95,-0.00003447,0.00000066,0.00000112,0.00000170,-0.00000108,0.00000194
 ,-0.00000279,0.00000034,-0.00000130,0.00000216,-0.00000158,-0.01982540
 ,-0.01606673,-0.01375324,0.00259112,-0.00222570,-0.00453861,-0.0004113
 9,0.00058761,0.00123490,-0.08215260,-0.05964297,-0.09416885,0.01547241
 ,0.01026468,0.00983888,-0.00303621,-0.00227780,-0.00234153,0.08759633,
 0.06824893,0.10409335,-0.00069722,-0.01296612,0.00321717,-0.00248322,0
 .00012553,0.00006261,0.00021443,0.00300317,-0.00112440,-0.03020449,-0.
 00421386,0.00027185,-0.17314063,-0.03874107,0.00814309,-0.00019249,-0.
 00008890,-0.00005171,-0.00021572,-0.00072935,0.00013611,-0.00062852,0.
 00092939,-0.00016009,0.00040461,0.00010297,-0.00006615,-0.00169564,-0.
 00077568,0.00034692,0.00087688,-0.00273975,0.00086647,-0.00001707,-0.0
 0001169,-0.00004549,0.00008982,-0.00001541,0.00002413,-0.00092667,-0.0
 0010189,-0.00017922,0.00063161,0.00122369,0.00036088,0.00011018,0.0001
 0816,-0.00041711,-0.00057694,0.00033844,-0.00002223,-0.00017102,-0.000
 09391,-0.00097230,-0.00001744,-0.00002668,0.00035465,-0.00006964,0.000
 01653,0.00016760,-0.00001182,-0.00014741,0.00017011,0.50619583,-0.0291
 5694,-0.01668767,0.00239244,-0.00063498,-0.00155070,0.00010211,0.00505
 870,-0.00222351,0.00192327,0.01038903,0.01730302,-0.00040869,-0.035131
 43,-0.10570087,0.00689741,0.00101550,0.00176445,-0.00037099,0.00013536
 ,-0.00118657,0.00015024,-0.00039599,0.00066391,-0.00006101,0.00027329,
 -0.00013560,0.00017661,-0.00085359,-0.00007252,0.00007087,0.00127722,-
 0.00280339,-0.00021818,0.00000890,-0.00002706,-0.00002583,0.00001777,-
 0.00001174,-0.00002035,0.00155525,-0.00044210,-0.00024497,-0.00104485,
 -0.00069986,0.00075800,-0.00047076,-0.00195668,0.00044785,-0.00046177,
 0.00000947,-0.00034998,0.00027803,0.00022563,0.00008188,0.00009105,-0.
 00041092,-0.00024035,-0.00001324,0.00009935,-0.00001763,0.00002829,0.0
 0016720,0.00008147,-0.06983019,0.56731934,0.00439482,0.00089676,0.0026
 4566,-0.00147696,-0.00089107,-0.00062845,0.00071929,0.00171168,0.00535
 123,-0.00398986,0.00139728,0.00340859,0.01833524,0.01239185,-0.0695326
 7,0.00028171,0.00089676,-0.00000203,-0.00018391,-0.00198777,0.00006590
 ,-0.00067483,0.00183905,-0.00021052,0.00058240,-0.00033956,0.00003549,
 -0.00064617,0.00018640,-0.00039448,0.00111483,-0.00337739,-0.00221247,
 0.00003446,0.00003313,0.00010591,0.00001933,0.00004914,0.00015082,-0.0
 0058850,0.00110264,0.00067044,-0.00011983,0.00110232,-0.00443705,0.000
 51737,0.00102215,0.00065017,0.00025400,0.00045295,0.00032020,0.0005719
 9,-0.00048890,-0.00041728,-0.00005488,-0.00050777,0.00003903,0.0000774
 5,-0.00004506,-0.00016912,0.00003529,-0.00002767,0.00015529,-0.0415970
 6,-0.04930606,0.47752708,0.00037569,0.00184027,-0.00072201,0.00042770,
 0.00001845,0.00003729,-0.00082627,0.00111859,-0.00065947,-0.00338211,-
 0.00362045,0.00131598,-0.02251261,0.01814855,0.00778155,-0.00025132,-0
 .00030012,0.00000986,-0.00007508,0.00000219,0.00000525,0.00006054,0.00
 009531,-0.00001670,0.00001798,-0.00004804,0.00001300,0.00001611,0.0000
 9855,0.00006284,0.00008839,-0.00045889,0.00017399,-0.00001056,0.000007
 28,-0.00001829,-0.00003750,0.00002961,-0.00000659,0.00008524,-0.000059
 12,-0.00009340,0.00007233,0.00022586,-0.00034474,0.00089857,-0.0001490
 4,0.00037038,0.00033283,0.00020742,0.00011654,0.00015133,0.00012500,0.
 00025830,0.00030695,-0.00021491,-0.00047280,0.00003935,0.00014424,-0.0
 0011015,0.00001583,0.00015140,-0.00004222,-0.17173325,0.11840971,0.064
 14841,0.18806958,-0.00063781,-0.00026311,0.00033576,-0.00025028,0.0000
 8949,0.00003965,-0.00051433,0.00039354,-0.00070250,-0.00242868,-0.0012
 8780,-0.00002118,-0.01154367,0.01124920,0.00600927,-0.00004605,-0.0000
 6439,-0.00003679,-0.00009395,-0.00021727,0.00006183,-0.00007652,0.0002
 3647,-0.00005483,0.00013830,-0.00007329,0.00003502,-0.00001852,0.00022
 703,0.00000339,0.00016369,-0.00081885,0.00022937,0.00002188,0.00001523
 ,-0.00002177,0.00000035,0.00000125,-0.00001022,-0.00006101,0.00046698,
 -0.00012649,-0.00049127,-0.00199078,0.00112594,-0.00073457,-0.00228688
 ,0.00142368,0.00001300,0.00005888,-0.00006737,-0.00007046,-0.00110647,
 0.00017499,-0.00021485,-0.00054506,-0.00052366,-0.00001154,0.00004027,
 -0.00000802,0.00004552,0.00024944,-0.00002192,0.12198145,-0.16528228,-
 0.05865513,-0.12752820,0.18306649,0.00054728,0.00002294,0.00031811,0.0
 0020125,0.00019646,-0.00003553,-0.00026285,-0.00012798,0.00028701,0.00
 030254,-0.00031367,0.00032102,-0.00116219,-0.00114468,-0.00119248,-0.0
 0013728,-0.00019264,-0.00002098,0.00007104,0.00027303,-0.00005970,0.00
 010115,-0.00021843,0.00003198,-0.00017222,0.00008276,-0.00004821,0.000
 12990,-0.00017249,0.00002907,-0.00044739,0.00086053,-0.00007764,-0.000
 02006,-0.00001229,0.00001041,-0.00000490,0.00000642,0.00001044,0.00008
 742,-0.00039262,-0.00000617,0.00036918,0.00031112,0.00056038,-0.000048
 11,0.00156878,-0.00099632,-0.00029708,-0.00025873,-0.00020907,-0.00022
 899,-0.00034278,0.00040155,-0.00010603,-0.00020176,-0.00009294,0.00004
 208,0.00004094,-0.00005568,0.00003368,0.00002322,-0.00014740,0.0654034
 1,-0.05696171,-0.07557619,-0.06540855,0.06546793,0.08342023,-0.0047924
 9,-0.00105010,0.00069455,0.00005804,-0.00023787,0.00011509,0.00033362,
 -0.00014679,-0.00038447,0.00048567,0.00048394,-0.00024144,0.00004628,-
 0.02431354,0.01983552,0.00025589,0.00021077,-0.00000938,-0.00007080,-0
 .00042780,0.00007459,-0.00002369,0.00028751,-0.00003744,0.00013319,-0.
 00005282,0.00008077,-0.00012028,0.00020245,0.00002524,-0.00142470,-0.0
 0021874,0.00064979,0.00003214,0.00001539,-0.00004134,0.00001176,-0.000
 00795,-0.00002232,-0.00164619,0.00191925,0.00015708,-0.00040805,0.0004
 5300,-0.00012341,0.00021884,-0.00009290,0.00026678,0.00025390,0.000074
 75,0.00009079,0.00004702,-0.00001309,-0.00003057,0.00000168,-0.0000787
 6,-0.00012028,0.00000328,0.00002922,-0.00002659,0.00000141,0.00005002,
 0.00002628,-0.04993556,0.01120611,-0.00622737,-0.00045404,0.01608603,-
 0.01518811,0.05737413,-0.00162748,0.00025836,0.00083946,0.00024524,0.0
 0008483,0.00004691,-0.00045093,-0.00027587,-0.00004941,0.00162548,-0.0
 0100806,-0.00026899,-0.00226879,-0.01212037,0.00746352,0.00007155,-0.0
 0014250,0.00005739,-0.00000337,-0.00018459,0.00003217,-0.00000551,0.00
 021869,-0.00003939,0.00009322,0.00005023,-0.00007049,0.00014894,0.0001
 6738,-0.00025933,0.00179245,0.00003498,-0.00032481,0.00000589,0.000016
 73,0.00005751,-0.00001022,0.00000496,0.00002342,0.00202125,-0.00056524
 ,0.00023276,-0.00023921,-0.00015986,0.00048508,-0.00022716,0.00015770,
 -0.00034860,-0.00017282,-0.00021296,-0.00013806,-0.00003207,0.00005977
 ,0.00018555,-0.00000420,0.00008914,0.00011542,0.00002012,-0.00006353,-
 0.00002001,-0.00002399,-0.00006251,-0.00003888,0.00971887,-0.19536683,
 0.13459317,0.00077469,-0.01559473,0.01374771,-0.00948443,0.21430531,0.
 00040514,0.00016509,-0.00010919,0.00026951,0.00003594,-0.00000201,0.00
 016672,-0.00000762,0.00002166,-0.00023696,0.00003666,0.00038954,-0.000
 69228,-0.00036748,-0.00007959,-0.00015709,-0.00015236,0.00002138,0.000
 09569,0.00041867,-0.00009036,0.00015326,-0.00039459,0.00007038,-0.0001
 8362,0.00012475,-0.00005183,-0.00017179,-0.00031034,0.00009664,-0.0001
 6143,0.00100463,0.00023593,-0.00004005,-0.00002198,-0.00001245,-0.0000
 0759,0.00000935,0.00001780,0.00007334,-0.00046232,0.00045694,-0.000062
 98,-0.00033447,0.00024480,-0.00007271,-0.00001608,-0.00018387,-0.00010
 259,-0.00009503,-0.00004938,-0.00002284,0.00005257,0.00011350,0.000013
 63,0.00005258,0.00004536,0.00000171,-0.00001458,-0.00000091,-0.0000107
 1,-0.00002170,-0.00001294,-0.00354816,0.13510820,-0.16329023,-0.000326
 38,-0.00824663,0.00789782,0.00990976,-0.14421439,0.17825822,-0.0007710
 7,0.00124735,-0.00084349,0.00051224,-0.00045397,0.00004376,0.00014098,
 0.00061834,0.00123660,-0.00076002,-0.00084043,0.00026041,-0.01539169,-
 0.01398568,-0.02503717,0.00005194,0.00009049,-0.00005064,-0.00005267,-
 0.00021293,-0.00002349,0.00012149,0.00007801,0.00001802,0.00002342,-0.
 00013610,0.00002898,0.00007137,0.00007532,-0.00013597,-0.00019621,-0.0
 0055545,-0.00064127,0.00000506,0.00001941,0.00004365,-0.00001060,0.000
 01684,0.00001377,-0.00019459,0.00038023,-0.00003265,-0.00031982,-0.000
 18409,-0.00065607,0.00010407,0.00003323,0.00020083,0.00008289,0.000029
 34,0.00003416,0.00022683,-0.00005135,0.00045631,0.00005924,-0.00001567
 ,-0.00024778,0.00007184,0.00001135,-0.00011262,-0.00000486,0.00013715,
 -0.00004056,-0.07813103,-0.00758444,-0.02725722,0.00811915,0.00723158,
 0.01826255,-0.00042207,-0.00126916,-0.00350359,0.56082701,-0.00091843,
 0.00067669,-0.00053979,0.00020570,0.00024849,-0.00002364,-0.00042308,-
 0.00035270,0.00041473,0.00192498,-0.00105316,-0.00016741,-0.01106023,-
 0.00949104,-0.01136257,-0.00000109,-0.00016588,0.00007287,0.00004254,-
 0.00007016,-0.00002571,0.00003575,0.00010349,-0.00002418,0.00002812,0.
 00007727,-0.00004048,0.00012139,-0.00000077,-0.00011248,0.00024103,0.0
 0068427,-0.00028716,-0.00000271,0.00000439,0.00002336,0.00000809,-0.00
 000305,0.00002942,0.00004879,0.00004995,0.00039309,0.00008527,0.000218
 20,-0.00037208,0.00003195,-0.00084225,-0.00019493,0.00003189,0.0000604
 8,0.00006009,0.00000462,-0.00007690,-0.00027416,-0.00004547,-0.0000043
 4,0.00018078,-0.00000385,-0.00002239,0.00001854,-0.00000304,-0.0000607
 4,0.00009216,-0.00551548,-0.08528435,-0.03174601,-0.00806291,-0.007879
 27,-0.02155325,0.00783292,0.01020060,0.02049436,-0.01591699,0.55526908
 ,0.00230548,0.00413513,-0.00075777,0.00148925,0.00060543,-0.00008666,-
 0.00036840,-0.00078632,-0.00019875,0.00353560,-0.00246342,0.00030548,-
 0.01427488,-0.00666182,0.00469764,-0.00029877,-0.00072965,0.00008951,0
 .00021567,0.00212460,-0.00035224,0.00075177,-0.00207535,0.00031227,-0.
 00056636,0.00004091,0.00004625,0.00136169,0.00006206,0.00001492,-0.000
 70365,0.00233171,-0.00032877,0.00002182,0.00000235,-0.00003779,0.00002
 503,-0.00006742,-0.00001831,0.00013888,-0.00002835,-0.00004107,0.00084
 968,-0.00008766,-0.00030397,-0.00015825,0.00030958,0.00040064,0.000048
 01,0.00015004,0.00009783,-0.00040813,-0.00017426,-0.00013624,0.0000060
 5,-0.00001887,0.00002630,-0.00004698,0.00003575,0.00007010,0.00004336,
 -0.00005762,-0.00008979,-0.01641915,-0.02554142,-0.14864797,-0.0042890
 5,-0.00458508,-0.01279384,-0.00715977,-0.01038094,-0.02257622,-0.03989
 839,-0.04267782,0.47524338,-0.00018983,0.00014565,-0.00023787,0.000050
 01,-0.00015228,0.00001106,0.00011011,0.00011106,0.00007759,-0.00007079
 ,-0.00007537,-0.00001824,0.00113987,-0.00040279,-0.00201964,-0.0000036
 4,0.00006132,-0.00001796,0.00000530,-0.00026087,0.00003101,-0.00003352
 ,0.00024537,-0.00003791,0.00004227,-0.00000312,0.00000685,-0.00012438,
 -0.00003257,0.00000326,0.00017199,-0.00011750,-0.00000819,-0.00001053,
 -0.00000216,0.00000242,-0.00000942,0.00001435,-0.00000145,-0.00006395,
 -0.00007574,0.00003833,-0.00004153,0.00002151,-0.00008343,0.00000779,0
 .00002564,-0.00002623,-0.00000033,-0.00003148,-0.00000336,0.00004655,-
 0.00001466,0.00006250,-0.00000487,0.00001293,0.00001090,0.00001903,-0.
 00002063,-0.00002842,-0.00001153,-0.00000788,0.00000133,-0.00797747,-0
 .00337359,0.00126639,0.00065558,-0.00012289,0.00003270,0.00008112,0.00
 043449,0.00009914,-0.26369109,-0.10341714,0.03064347,0.28279178,-0.000
 12237,-0.00034169,0.00009859,-0.00018175,-0.00002222,-0.00000314,-0.00
 015331,0.00004171,0.00013263,-0.00016955,-0.00013250,-0.00001818,0.000
 21499,0.00060699,-0.00239455,0.00005384,0.00006103,0.00001226,-0.00002
 821,-0.00041870,0.00006356,-0.00011541,0.00042354,-0.00006285,0.000108
 13,0.00001702,-0.00001982,-0.00018214,0.00002097,0.00000465,0.00009392
 ,-0.00022872,-0.00001256,-0.00000209,0.00000028,0.00000546,-0.00000376
 ,0.00001086,0.00000637,0.00005495,0.00002813,-0.00002198,-0.00005298,0
 .00008595,-0.00001719,-0.00010246,0.00009602,0.00004822,-0.00002807,-0
 .00004470,-0.00001693,-0.00000697,-0.00001222,0.00003176,0.00000324,0.
 00000297,-0.00001559,0.00001547,-0.00000317,-0.00001747,0.00000471,-0.
 00000398,-0.00001680,-0.01026831,-0.00580991,0.00063184,0.00006989,0.0
 0004933,0.00059244,0.00038345,0.00054982,0.00011251,-0.10318491,-0.096
 94813,0.01516581,0.11411652,0.10040674,-0.00085536,-0.00047970,0.00008
 968,-0.00021091,-0.00022752,-0.00000443,0.00003970,0.00033252,0.000268
 71,-0.00084504,0.00022751,0.00008722,0.00031145,-0.00127934,-0.0049996
 9,0.00004571,0.00017112,-0.00003569,-0.00005123,-0.00060604,0.00008324
 ,-0.00017684,0.00059576,-0.00008623,0.00014489,-0.00002728,0.00001038,
 -0.00029883,-0.00000197,-0.00002504,0.00015816,-0.00055558,-0.00009656
 ,-0.00000723,0.00000179,0.00001385,-0.00001000,0.00002159,0.00000448,0
 .00000438,0.00004354,0.00001965,-0.00012826,-0.00000682,-0.00020651,0.
 00008345,-0.00004233,-0.00004527,0.00002692,-0.00002138,0.00000576,0.0
 0009275,-0.00001133,0.00008735,-0.00000392,0.00001114,-0.00000128,0.00
 002648,-0.00002138,-0.00004172,-0.00001629,0.00000291,0.00001461,-0.02
 812468,-0.01405921,0.00031490,0.00046871,0.00033932,0.00144557,0.00018
 225,0.00063640,0.00150458,0.03220683,0.01594937,-0.04943738,-0.0319904
 4,-0.01416844,0.05473018,-0.00001278,-0.00006248,0.00017213,-0.0000552
 4,0.00008663,-0.00002635,-0.00004745,-0.00011011,0.00004876,0.00023944
 ,-0.00007959,-0.00012178,0.00130532,-0.00063778,0.00003161,-0.00001946
 ,-0.00002707,-0.00000280,0.00001530,0.00003224,-0.00000340,-0.00001544
 ,-0.00000363,-0.00000712,0.00001066,0.00001641,0.00000576,0.00002352,0
 .00004024,0.00000217,-0.00017336,0.00009290,-0.00032631,0.00000857,0.0
 0000089,-0.00000510,0.00001234,-0.00001007,0.00000009,-0.00002913,0.00
 017467,-0.00028048,0.00002419,0.00000377,-0.00006079,-0.00000897,0.000
 01669,-0.00001315,-0.00001044,0.00001626,0.00000641,-0.00002837,-0.000
 01786,-0.00005084,-0.00001285,0.00000100,0.00004478,-0.00001279,-0.000
 00542,0.00001593,0.00000412,-0.00002678,0.00000297,0.00641657,-0.00898
 499,-0.00457052,0.00023479,-0.00123104,-0.00233735,0.00028378,0.000261
 83,0.00076935,-0.15929302,0.11884354,0.05962856,-0.01669515,0.02028813
 ,0.00887804,0.16914098,-0.00004935,-0.00057295,0.00023524,-0.00018827,
 0.00005736,-0.00001499,-0.00017904,-0.00006769,-0.00000924,-0.00020457
 ,0.00020541,-0.00006682,0.00134941,0.00055849,0.00006234,0.00007134,0.
 00000941,-0.00000114,-0.00003129,-0.00017516,0.00003883,-0.00006240,0.
 00016803,-0.00003009,0.00004929,0.00002425,-0.00002523,-0.00011148,0.0
 0001273,0.00003523,-0.00003624,-0.00006576,0.00007623,0.00000072,-0.00
 000058,0.00000058,0.00000092,0.00000262,0.00000384,0.00014894,-0.00008
 505,0.00018806,0.00012314,0.00014536,0.00001943,-0.00008353,0.00027302
 ,0.00000948,-0.00006093,-0.00004790,-0.00002754,-0.00011093,-0.0000178
 5,-0.00007560,-0.00000612,0.00000276,0.00005034,0.00000312,-0.00000828
 ,0.00000514,0.00001488,-0.00005244,-0.00002021,0.00580069,-0.00808174,
 -0.00422630,-0.00110112,0.00016274,-0.00190430,-0.00044305,0.00073736,
 0.00033953,0.11805404,-0.17326931,-0.06185939,-0.00904870,0.01104949,0
 .00546649,-0.12920898,0.18439597,-0.00028658,-0.00064562,0.00024074,-0
 .00022231,0.00009300,-0.00001542,-0.00028344,-0.00003577,-0.00006650,-
 0.00015356,-0.00006579,-0.00002399,0.00186206,0.00113944,0.00042224,0.
 00009515,0.00001599,-0.00000278,-0.00005985,-0.00023563,0.00005150,-0.
 00008793,0.00023786,-0.00004653,0.00009811,-0.00000985,-0.00002997,-0.
 00006116,0.00015660,0.00003979,-0.00032804,-0.00038136,-0.00019700,0.0
 0001723,0.00000842,-0.00000585,0.00000594,-0.00000101,0.00000756,-0.00
 020740,0.00046320,-0.00066403,-0.00016318,0.00009860,0.00013682,0.0000
 4312,-0.00002553,-0.00013887,-0.00004179,-0.00002893,-0.00001620,0.000
 06720,0.00007920,-0.00011780,-0.00002872,0.00001748,0.00010156,-0.0000
 1286,-0.00002064,0.00002383,-0.00001171,-0.00002834,0.00004999,0.01752
 896,-0.02058598,-0.01180007,-0.00257050,-0.00215036,-0.00471882,0.0005
 0275,0.00062020,0.00133077,0.05871855,-0.06133672,-0.07734685,0.002140
 93,-0.00229608,-0.00184927,-0.06214584,0.07025747,0.08606870,-0.000029
 80,-0.00001513,-0.00009380,0.00011929,-0.00007840,0.00000111,0.0001303
 1,0.00008481,-0.00004495,-0.00029394,0.00005806,0.00014196,0.00071941,
 0.00106981,-0.00036918,-0.00007403,0.00001213,-0.00002483,0.00002181,0
 .00011716,-0.00001831,0.00002425,-0.00010164,0.00001518,-0.00005220,-0
 .00002546,0.00002928,0.00007381,-0.00005943,-0.00001213,-0.00002097,0.
 00011065,-0.00006624,-0.00000580,-0.00000358,-0.00000083,-0.00000004,-
 0.00000112,-0.00000277,0.00012240,-0.00012582,0.00010323,0.00001776,-0
 .00003829,-0.00000626,0.00012209,0.00012786,-0.00001041,0.00000704,0.0
 0001773,0.00000149,0.00003800,0.00001748,-0.00000354,-0.00000505,0.000
 01221,0.00002138,-0.00000467,-0.00000402,0.00000360,-0.00000914,-0.000
 00031,0.00001836,-0.00241487,0.00694391,-0.00724517,0.00024135,-0.0003
 5209,0.00069149,0.00005669,-0.00085602,-0.00192488,-0.04954541,0.01623
 694,-0.01431094,0.00416124,-0.02103682,0.01992603,-0.00161133,0.014967
 71,-0.01496914,0.04844939,0.00004716,0.00027183,-0.00006612,0.00014906
 ,-0.00001200,-0.00001525,0.00003222,0.00003476,-0.00002807,-0.00002104
 ,-0.00001817,0.00010798,0.00029580,0.00074347,-0.00005694,-0.00000639,
 -0.00001374,-0.00000522,-0.00000979,0.00021633,-0.00003531,0.00006801,
 -0.00023262,0.00003750,-0.00005413,-0.00003160,0.00000042,0.00011088,0
 .00002777,0.00001850,-0.00014013,0.00004687,0.00003907,0.00000573,0.00
 000128,-0.00000517,0.00000240,-0.00000512,0.00000227,-0.00006363,0.000
 04450,-0.00013487,-0.00001057,-0.00006494,-0.00031195,0.00017217,-0.00
 072470,-0.00038085,0.00009220,0.00007247,0.00006091,0.00000491,-0.0000
 0863,-0.00001602,-0.00000921,-0.00000283,0.00000089,-0.00001022,0.0000
 0441,0.00000995,0.00000139,0.00000463,0.00001411,-0.00167086,0.0102314
 8,-0.01028647,0.00023461,0.00072839,0.00072988,-0.00104046,-0.00017083
 ,-0.00297814,0.01652061,-0.19188382,0.13322913,0.00204424,-0.00949596,
 0.00790595,0.00049563,-0.01539643,0.01464806,-0.01704783,0.20564527,-0
 .00053733,0.00011909,-0.00009155,0.00009065,-0.00014879,0.00000255,0.0
 0016062,0.00021761,-0.00007062,-0.00065968,0.00024168,0.00015376,0.002
 02015,0.00095277,0.00042443,-0.00001510,0.00005605,-0.00002629,-0.0000
 1633,0.00000677,0.00001327,0.00000646,-0.00002453,0.00000534,-0.000007
 43,-0.00003486,-0.00000250,-0.00007157,-0.00002641,0.00004560,0.000044
 65,-0.00019637,0.00007307,-0.00000685,-0.00000240,-0.00000411,-0.00000
 841,0.00000734,-0.00000316,0.00005975,-0.00012014,-0.00007169,-0.00030
 757,-0.00022285,-0.00002535,0.00028648,-0.00063128,-0.00016624,0.00011
 791,0.00006431,0.00005333,0.00023123,0.00010566,0.00004850,-0.00002124
 ,0.00001290,0.00002076,-0.00000820,-0.00001756,-0.00000472,-0.00003851
 ,0.00004077,0.00008329,-0.00334166,0.01924620,-0.02060662,0.00049903,0
 .00023990,0.00125669,-0.00218484,-0.00288227,-0.00427920,-0.01442472,0
 .13214196,-0.16769559,-0.00014747,0.00205678,-0.00224919,0.00040617,-0
 .00849094,0.00860101,0.01816255,-0.14246266,0.18458025,-0.00062930,-0.
 00093424,0.00015899,-0.00247916,-0.00011573,-0.00005639,0.00021831,-0.
 00301966,0.00107736,-0.00019039,0.00008568,0.00004850,-0.00021576,0.00
 073679,-0.00012668,-0.03020568,0.00418807,-0.00045105,-0.17319706,0.03
 864899,-0.00876003,-0.00071440,0.01293765,-0.00334777,0.00089340,0.002
 76971,-0.00084834,-0.00169295,0.00076937,-0.00035236,0.00040727,-0.000
 10051,0.00006961,-0.00091516,0.00009791,0.00017411,0.00008993,0.000014
 95,-0.00002642,-0.00001686,0.00001102,0.00004642,-0.00002111,0.0000679
 9,0.00014519,0.00000048,0.00002374,-0.00001855,-0.00004084,0.00002154,
 -0.00002323,-0.00003718,0.00001937,-0.00012503,0.00000618,-0.00001176,
 0.00000050,-0.00001873,0.00002503,0.00003967,0.00000868,0.00000708,0.0
 0001165,-0.00000171,0.00005328,-0.00010246,-0.00002162,0.00000050,-0.0
 0000747,0.00000510,-0.00001364,0.00000556,-0.00002334,-0.00001731,0.00
 006354,-0.00001128,-0.00002020,-0.00002577,0.00000196,-0.00000493,-0.0
 0000485,0.00000257,0.00001113,0.00000467,0.50576763,0.00040030,0.00067
 513,-0.00006007,0.00065606,-0.00155846,0.00010031,-0.00507456,-0.00222
 448,0.00193708,-0.00101665,0.00177398,-0.00036458,-0.00013487,-0.00120
 130,0.00014339,-0.01038708,0.01732757,-0.00047104,0.03494491,-0.105570
 48,0.00713228,0.02916780,-0.01663937,0.00256956,-0.00128821,-0.0028235
 6,-0.00023564,0.00086314,-0.00007206,0.00006873,-0.00027903,-0.0001353
 9,0.00017284,-0.00153640,-0.00042477,-0.00024187,-0.00001745,-0.000011
 35,-0.00001957,-0.00000872,-0.00002698,-0.00002526,0.00007138,-0.00004
 730,-0.00008600,0.00000658,-0.00002866,0.00001730,0.00002188,0.0000012
 6,0.00001197,0.00001641,-0.00000156,0.00010580,-0.00000322,0.00000780,
 -0.00000565,0.00001553,-0.00001875,-0.00003174,-0.00000780,-0.00000524
 ,-0.00000560,-0.00005261,0.00009573,-0.00002301,-0.00003656,-0.0000007
 0,-0.00000194,0.00002268,0.00001784,-0.00000830,-0.00002113,0.00001690
 ,-0.00002052,0.00000871,0.00000853,0.00000527,0.00000902,0.00000465,0.
 00000915,-0.00000478,-0.00000737,-0.00001183,0.07013997,0.56674438,0.0
 0067447,0.00182848,-0.00020799,0.00152611,-0.00088783,-0.00062395,-0.0
 0068631,0.00167601,0.00534751,-0.00026891,0.00088419,0.00000329,0.0001
 7908,-0.00197349,0.00004667,0.00386640,0.00136499,0.00341660,-0.018991
 18,0.01273959,-0.06987205,-0.00452631,0.00100083,0.00264734,-0.0010891
 4,-0.00335139,-0.00221351,0.00064490,0.00018744,-0.00039785,-0.0005815
 6,-0.00033352,0.00003161,0.00058323,0.00110563,0.00068583,-0.00001998,
 0.00004897,0.00015093,-0.00003453,0.00003364,0.00010533,0.00010788,-0.
 00006976,-0.00016570,0.00001801,-0.00006245,0.00002524,0.00004938,-0.0
 0005750,0.00004135,0.00003261,-0.00001524,0.00028192,-0.00000645,0.000
 02416,-0.00000656,0.00004155,-0.00004767,-0.00008286,-0.00002405,-0.00
 001273,-0.00001947,0.00010266,-0.00002336,0.00006297,0.00004033,0.0000
 6024,-0.00001837,0.00005071,0.00004089,-0.00002988,-0.00001702,0.00002
 894,-0.00018595,0.00004402,0.00004650,0.00006008,0.00000004,0.00001105
 ,0.00002352,-0.00000961,-0.00002960,-0.00000474,0.04114660,-0.04936501
 ,0.47858104,-0.00002231,-0.00028789,0.00003755,0.00006863,0.00023710,-
 0.00011974,0.00033850,0.00014409,0.00039279,0.00025490,-0.00021052,0.0
 0000721,-0.00007025,0.00042875,-0.00007157,0.00045319,-0.00048325,0.00
 022924,0.00008904,0.02420179,-0.02001728,-0.00478234,0.00103045,-0.000
 70418,-0.00135715,0.00024270,-0.00065672,-0.00012445,-0.00019854,-0.00
 002504,0.00013313,0.00005147,-0.00008000,-0.00163466,-0.00189620,-0.00
 017486,0.00001136,0.00000761,0.00002250,0.00003141,-0.00001523,0.00004
 140,-0.00003998,0.00003858,0.00006019,-0.00000309,0.00001191,-0.000007
 96,-0.00001409,-0.00000165,-0.00000466,-0.00000945,-0.00000209,-0.0000
 6607,0.00000020,-0.00000433,0.00000347,-0.00000820,0.00001026,0.000019
 82,0.00000489,0.00000317,0.00000386,0.00000489,-0.00002225,-0.00005135
 ,0.00000066,-0.00000159,0.00000327,-0.00001355,-0.00001038,0.00000990,
 -0.00001034,-0.00000735,0.00004586,-0.00000669,-0.00001102,-0.00001490
 ,-0.00000008,-0.00000486,-0.00000575,0.00000350,0.00000645,0.00000197,
 -0.04994051,-0.01165026,0.00667773,0.05740817,0.00000507,0.00021885,-0
 .00004097,-0.00025098,0.00008675,0.00004968,0.00045395,-0.00027693,-0.
 00004955,-0.00007039,-0.00014386,0.00005722,0.00000270,-0.00018447,0.0
 0003076,-0.00163347,-0.00100367,-0.00027673,0.00225075,-0.01206579,0.0
 0756747,0.00162019,0.00027199,0.00083088,-0.00174810,0.00005579,-0.000
 31988,-0.00014224,0.00016131,-0.00025873,-0.00009203,0.00005240,-0.000
 07080,-0.00199635,-0.00057587,0.00021589,0.00001021,0.00000517,0.00002
 314,-0.00000537,0.00001641,0.00005753,0.00001417,-0.00000441,-0.000013
 90,0.00000577,-0.00000343,-0.00000108,0.00000093,-0.00000359,-0.000000
 89,0.00000163,-0.00000029,0.00003182,0.00000046,0.00000326,-0.00000097
 ,0.00000485,-0.00000563,-0.00000971,-0.00000388,-0.00000158,-0.0000005
 7,0.00001382,0.00001769,0.00004130,0.00000774,0.00000609,-0.00000628,0
 .00001027,0.00000425,-0.00000864,0.00000917,-0.00000032,-0.00004625,0.
 00000765,0.00000898,0.00001459,-0.00000222,0.00000237,0.00000348,-0.00
 000170,-0.00000507,0.00000179,-0.01019673,-0.19353860,0.13469843,0.009
 87150,0.21231406,-0.00015222,-0.00039443,0.00006940,-0.00026784,0.0000
 3442,-0.00000172,-0.00017117,-0.00000364,0.00002085,0.00015988,-0.0001
 5131,0.00002229,-0.00009630,0.00042016,-0.00008773,0.00026777,0.000044
 18,0.00040027,0.00067668,-0.00015186,-0.00020826,-0.00044007,0.0001736
 5,-0.00012033,0.00013254,0.00101079,0.00023820,0.00017134,-0.00031207,
 0.00009986,0.00018490,0.00012356,-0.00005242,-0.00009176,-0.00047212,0
 .00045033,0.00000775,0.00000954,0.00001785,0.00004030,-0.00002216,-0.0
 0001212,-0.00001835,0.00002152,0.00003557,0.00000075,0.00000736,-0.000
 00457,-0.00000867,0.00000294,-0.00000597,-0.00000471,0.00000094,-0.000
 03996,0.00000185,-0.00000355,0.00000077,-0.00000481,0.00000673,0.00001
 135,0.00000246,0.00000223,0.00000348,-0.00000522,-0.00000826,-0.000030
 16,-0.00000017,-0.00000613,0.00000540,-0.00000996,-0.00000863,0.000010
 61,-0.00000309,-0.00000619,0.00003493,-0.00000465,-0.00000884,-0.00001
 036,-0.00000158,-0.00000358,-0.00000632,0.00000331,0.00000448,0.000002
 43,0.00399476,0.13520580,-0.16500062,-0.01034563,-0.14437151,0.1800095
 0,0.00006086,-0.00009541,0.00001577,0.00042997,-0.00002031,-0.00003573
 ,-0.00082848,-0.00112249,0.00065507,-0.00025167,0.00030151,-0.00000831
 ,-0.00007481,-0.00000213,-0.00000313,-0.00338297,0.00362083,-0.0013418
 7,-0.02249074,-0.01824145,-0.00777437,0.00036771,-0.00181862,0.0007163
 5,0.00008558,0.00045483,-0.00017189,0.00001924,-0.00009761,-0.00006357
 ,0.00001613,0.00004830,-0.00001256,0.00008469,0.00005996,0.00009459,-0
 .00003748,-0.00002964,0.00000650,-0.00001062,-0.00000744,0.00001813,-0
 .00000744,0.00002026,0.00003861,-0.00000737,0.00000672,-0.00000168,-0.
 00001041,0.00000695,-0.00000245,-0.00001129,0.00000174,-0.00004883,0.0
 0000089,-0.00000461,0.00000156,-0.00000818,0.00000936,0.00001619,0.000
 00549,0.00000172,0.00000282,-0.00002155,0.00003674,-0.00004081,-0.0000
 2745,-0.00000483,-0.00000191,0.00000090,-0.00000760,0.00000025,-0.0000
 1660,-0.00000102,0.00004866,-0.00001036,-0.00001055,-0.00001798,0.0000
 0586,-0.00000204,0.00000068,0.00000038,0.00000570,-0.00000338,-0.17085
 131,-0.11855152,-0.06371154,-0.00050631,-0.00081404,0.00030348,0.18715
 499,0.00007583,0.00023717,-0.00005526,0.00024496,0.00009125,0.00003888
 ,0.00051951,0.00039613,-0.00069924,0.00004637,-0.00006598,-0.00003788,
 0.00009371,-0.00021791,0.00006029,0.00242458,-0.00129042,-0.00000338,0
 .01150422,0.01126983,0.00597509,0.00064431,-0.00027575,0.00035329,-0.0
 0015917,-0.00081038,0.00022721,0.00001815,0.00022525,0.00000275,-0.000
 13706,-0.00007227,0.00003460,0.00006138,0.00046718,-0.00012574,-0.0000
 0020,0.00000148,-0.00000984,-0.00002157,0.00001513,-0.00002189,0.00001
 060,-0.00002486,-0.00004778,-0.00000060,-0.00000470,0.00000461,0.00000
 962,-0.00000412,0.00000531,0.00000942,-0.00000386,0.00003909,-0.000001
 38,0.00000322,-0.00000041,0.00000519,-0.00000677,-0.00001205,-0.000002
 61,-0.00000146,-0.00000309,-0.00000066,-0.00000113,0.00006063,0.000004
 98,-0.00000155,-0.00000146,0.00000163,0.00000610,-0.00000611,0.0000155
 0,0.00000553,-0.00003270,0.00000388,0.00000857,0.00001198,-0.00000111,
 0.00000297,0.00000263,-0.00000195,-0.00000391,-0.00000113,-0.12211848,
 -0.16631239,-0.05863274,-0.01592714,-0.01557327,-0.00816770,0.12763273
 ,0.18412232,-0.00010085,-0.00022034,0.00003190,-0.00020002,0.00019562,
 -0.00003433,0.00025353,-0.00013678,0.00029590,0.00013655,-0.00018983,-
 0.00002154,-0.00007217,0.00027494,-0.00005818,-0.00033570,-0.00028492,
 0.00031661,0.00098787,-0.00131433,-0.00125908,-0.00054959,0.00001931,0
 .00031853,0.00044881,0.00086585,-0.00008088,-0.00013233,-0.00017279,0.
 00002985,0.00017347,0.00008213,-0.00004749,-0.00008577,-0.00039446,-0.
 00000942,0.00000459,0.00000616,0.00001057,0.00001995,-0.00001234,0.000
 01056,-0.00001301,0.00002060,0.00003579,0.00000082,0.00000632,-0.00000
 508,-0.00000927,0.00000226,-0.00000556,-0.00000629,0.00000243,-0.00003
 255,0.00000117,-0.00000239,0.00000080,-0.00000443,0.00000539,0.0000097
 0,0.00000193,0.00000137,0.00000279,0.00000720,-0.00000166,-0.00001912,
 0.00000170,-0.00000146,0.00000186,-0.00000322,-0.00000636,0.00000541,-
 0.00000228,-0.00000578,0.00001433,-0.00000215,-0.00000500,-0.00000513,
 -0.00000131,-0.00000175,-0.00000277,0.00000179,0.00000271,0.00000216,-
 0.06494543,-0.05691539,-0.07540134,0.01523910,0.01391551,0.00793483,0.
 06496652,0.06548916,0.08316976,0.00012631,-0.00006103,-0.00002168,0.00
 050916,0.00045206,-0.00004593,0.00014364,-0.00060589,-0.00123434,0.000
 04799,-0.00008527,0.00005219,-0.00005018,0.00019605,0.00002685,-0.0007
 3012,0.00084142,-0.00026604,-0.01554470,0.01416959,0.02485583,-0.00077
 827,-0.00125772,0.00085365,-0.00021048,0.00054032,0.00064165,0.0000812
 9,-0.00007584,0.00013821,0.00001903,0.00013638,-0.00002925,-0.00017991
 ,-0.00036786,0.00002433,-0.00001024,-0.00001629,-0.00001364,0.00000547
 ,-0.00001961,-0.00004342,-0.00003610,0.00001265,0.00003161,-0.00000921
 ,0.00001449,-0.00000539,-0.00000731,0.00001013,-0.00000626,-0.00000657
 ,-0.00000170,-0.00006677,-0.00000033,-0.00000496,0.00000392,-0.0000098
 7,0.00000997,0.00001963,0.00000651,0.00000210,0.00000256,-0.00002270,0
 .00002074,0.00001892,-0.00001611,-0.00001513,0.00000193,-0.00000987,-0
 .00000881,0.00000278,0.00000584,-0.00000259,0.00003235,-0.00001099,-0.
 00000709,-0.00001170,-0.00000038,-0.00000143,-0.00000357,0.00000081,0.
 00000526,-0.00000179,-0.07838607,0.00789470,0.02756444,-0.00046374,0.0
 0133523,0.00358207,0.00818683,-0.00730937,-0.01810136,0.56032090,-0.00
 004088,0.00008834,-0.00002199,-0.00021283,0.00025100,-0.00002300,0.000
 42758,-0.00036093,0.00041388,0.00000555,-0.00017281,0.00007254,-0.0000
 4505,-0.00005393,-0.00002988,-0.00194898,-0.00107222,-0.00017708,0.011
 18013,-0.00959485,-0.01118313,0.00091190,0.00069737,-0.00054984,-0.000
 24142,0.00070896,-0.00028421,-0.00012978,-0.00000106,-0.00010952,-0.00
 002447,0.00007864,-0.00003888,-0.00004550,0.00008240,0.00036742,-0.000
 00833,-0.00000363,0.00002887,0.00000268,0.00000426,0.00002254,0.000002
 02,0.00001023,0.00001258,0.00000045,0.00000131,-0.00000291,-0.00000608
 ,-0.00000402,-0.00000073,-0.00000525,0.00000158,0.00000075,0.00000012,
 0.00000015,0.00000072,-0.00000024,0.00000060,0.00000059,-0.00000056,-0
 .00000044,0.00000028,0.00001671,0.00001670,0.00002832,0.00000068,0.000
 00526,-0.00000568,0.00000702,-0.00000062,-0.00000595,0.00000262,-0.000
 00117,-0.00002497,0.00000243,0.00000413,0.00000654,-0.00000087,0.00000
 097,0.00000278,-0.00000103,-0.00000156,0.00000179,0.00579905,-0.085641
 10,-0.03210482,-0.00788451,0.01028605,0.02024493,0.00820184,-0.0080432
 5,-0.02156964,0.01638462,0.55475107,-0.00074879,-0.00207188,0.00031108
 ,-0.00148947,0.00060360,-0.00009488,0.00036488,-0.00078057,-0.00020592
 ,0.00029802,-0.00072525,0.00008460,-0.00021419,0.00212413,-0.00033154,
 -0.00350941,-0.00245082,0.00029140,0.01409155,-0.00648411,0.00503780,-
 0.00232309,0.00411078,-0.00079706,0.00069579,0.00233048,-0.00033252,-0
 .00135740,0.00005919,0.00001266,0.00056558,0.00004013,0.00005032,-0.00
 014093,-0.00006877,-0.00001213,-0.00002493,-0.00006757,-0.00001964,-0.
 00002140,0.00000151,-0.00003702,-0.00011039,0.00012543,0.00026586,-0.0
 0002362,0.00006044,-0.00002879,-0.00006711,0.00004165,-0.00003486,-0.0
 0005782,0.00001933,-0.00033160,0.00000721,-0.00003002,0.00000978,-0.00
 004998,0.00006013,0.00010228,0.00002931,0.00001582,0.00002121,-0.00006
 330,-0.00001963,-0.00018694,-0.00004862,-0.00003236,0.00001394,-0.0000
 4536,-0.00004587,0.00003503,-0.00003442,-0.00002668,0.00026151,-0.0000
 4997,-0.00006053,-0.00008600,0.00000755,-0.00001765,-0.00002119,0.0000
 1170,0.00003638,0.00000001,0.01675145,-0.02591279,-0.14809126,0.007325
 16,-0.01056868,-0.02256215,0.00433644,-0.00464799,-0.01269006,0.040316
 61,-0.04299867,0.47627588,0.00002306,0.00009782,-0.00001366,0.00011662
 ,0.00007833,-0.00000018,0.00013067,-0.00008504,0.00004549,-0.00007411,
 -0.00001236,0.00002494,0.00002170,-0.00011414,0.00001666,-0.00029515,-
 0.00005958,-0.00014385,0.00074039,-0.00107848,0.00036046,-0.00003004,0
 .00002461,0.00007636,-0.00001913,-0.00011179,0.00006713,0.00007126,0.0
 0006086,0.00001232,-0.00005169,0.00002464,-0.00002959,0.00012308,0.000
 13120,-0.00010723,-0.00000020,0.00000096,0.00000291,-0.00000596,0.0000
 0370,0.00000065,0.00000868,-0.00000697,-0.00001107,0.00000035,-0.00000
 275,0.00000137,0.00000273,-0.00000068,0.00000116,0.00000109,0.00000045
 ,0.00001312,-0.00000037,0.00000114,-0.00000032,0.00000149,-0.00000211,
 -0.00000366,-0.00000090,-0.00000059,-0.00000087,0.00000228,0.00000472,
 0.00000909,0.00000026,0.00000190,-0.00000177,0.00000339,0.00000163,-0.
 00000324,0.00000078,0.00000113,-0.00001107,0.00000151,0.00000255,0.000
 00328,0.00000014,0.00000094,0.00000202,-0.00000098,-0.00000112,-0.0000
 0040,-0.00248346,-0.00700502,0.00740387,0.00003528,0.00088198,0.001941
 27,0.00024886,0.00034631,-0.00069919,-0.04965998,-0.01677697,0.0149582
 9,0.04858295,-0.00006757,-0.00023178,0.00003840,-0.00014849,-0.0000130
 8,-0.00001603,-0.00003299,0.00003600,-0.00002992,0.00000554,-0.0000126
 5,-0.00000527,0.00001030,0.00021553,-0.00003351,0.00002480,-0.00001502
 ,0.00011024,-0.00031989,0.00075047,-0.00005013,-0.00003866,0.00024366,
 -0.00005545,0.00014121,0.00004110,0.00003889,-0.00011123,0.00002870,0.
 00001846,0.00005403,-0.00003255,0.00000008,0.00006507,0.00004997,-0.00
 014073,-0.00000235,-0.00000508,0.00000227,-0.00000580,0.00000130,-0.00
 000501,-0.00001240,0.00001186,0.00002699,-0.00000341,0.00000629,-0.000
 00232,-0.00000639,0.00000478,-0.00000290,-0.00000568,0.00000204,-0.000
 03637,0.00000096,-0.00000346,0.00000089,-0.00000553,0.00000661,0.00001
 121,0.00000350,0.00000185,0.00000225,-0.00001108,-0.00000730,-0.000029
 80,-0.00000573,-0.00000388,0.00000269,-0.00000637,-0.00000502,0.000004
 51,-0.00000555,-0.00000181,0.00003640,-0.00000633,-0.00000772,-0.00001
 154,0.00000147,-0.00000222,-0.00000246,0.00000121,0.00000453,-0.000000
 75,0.00175203,0.01028617,-0.01047670,0.00106782,-0.00020837,-0.0029985
 4,-0.00024461,0.00073791,0.00072294,-0.01706103,-0.19026217,0.13329772
 ,0.01762044,0.20394207,-0.00000554,-0.00002127,0.00000502,-0.00008764,
 -0.00014787,0.00000265,-0.00016000,0.00021699,-0.00007140,0.00001459,0
 .00005627,-0.00002553,0.00001674,0.00000344,0.00001334,0.00065716,0.00
 024335,0.00015738,-0.00202311,0.00094556,0.00042086,0.00052153,0.00013
 529,-0.00009465,-0.00004482,-0.00019978,0.00007313,0.00007209,-0.00002
 598,0.00004502,0.00000658,-0.00003426,-0.00000286,-0.00005873,-0.00011
 825,-0.00007316,0.00000846,0.00000745,-0.00000299,0.00000684,-0.000002
 32,-0.00000389,0.00000052,-0.00000459,-0.00000994,0.00000171,-0.000001
 59,0.00000124,0.00000286,-0.00000100,0.00000093,0.00000386,-0.00000096
 ,0.00001040,-0.00000003,0.00000081,-0.00000071,0.00000207,-0.00000200,
 -0.00000363,-0.00000107,-0.00000027,-0.00000049,-0.00000454,-0.0000114
 0,-0.00000441,0.00000345,-0.00000111,0.00000215,-0.00000196,0.00000178
 ,0.00000228,0.00000186,0.00000178,-0.00000045,0.00000134,0.00000053,0.
 00000100,-0.00000059,-0.00000035,-0.00000110,0.00000035,-0.00000081,0.
 00000010,0.00342451,0.01901400,-0.02061235,0.00220229,-0.00290213,-0.0
 0422068,-0.00050308,0.00024323,0.00124698,0.01507855,0.13221611,-0.169
 21162,-0.01887690,-0.14251167,0.18616027,-0.00001587,0.00000202,0.0000
 0681,-0.00005548,-0.00008611,0.00002637,-0.00004823,0.00010918,-0.0000
 4742,-0.00001874,0.00002617,0.00000141,0.00001492,-0.00003068,0.000003
 32,0.00023886,0.00007737,0.00010951,0.00131030,0.00062740,-0.00003652,
 -0.00001394,0.00006516,-0.00017278,-0.00020708,-0.00008808,0.00034867,
 0.00002316,-0.00004200,-0.00000285,0.00001145,-0.00001590,-0.00000558,
 -0.00003633,-0.00018727,0.00030878,0.00001236,0.00001012,0.00000011,0.
 00000879,-0.00000089,0.00000540,0.00000537,-0.00000607,-0.00001355,0.0
 0000304,-0.00000309,0.00000144,0.00000345,-0.00000210,0.00000147,0.000
 00415,-0.00000029,0.00001877,0.00000008,0.00000123,-0.00000096,0.00000
 312,-0.00000348,-0.00000604,-0.00000163,-0.00000059,-0.00000103,0.0000
 0209,-0.00000903,-0.00000022,0.00000591,0.00000103,0.00000139,-0.00000
 020,0.00000214,0.00000159,-0.00000033,0.00000086,-0.00000752,0.0000029
 0,0.00000166,0.00000339,-0.00000181,-0.00000014,-0.00000050,0.00000012
 ,-0.00000146,0.00000061,0.00647077,0.00912450,0.00461048,0.00028686,-0
 .00027210,-0.00077555,0.00020963,0.00125705,0.00235658,-0.15855585,-0.
 11887030,-0.05929729,-0.00168001,-0.00057518,-0.00045646,0.16841616,0.
 00006278,0.00017006,-0.00002989,0.00019002,0.00005820,-0.00001336,0.00
 018055,-0.00006862,-0.00001067,-0.00007281,0.00001000,0.00000086,0.000
 03192,-0.00017745,0.00003738,0.00020424,0.00020427,-0.00006254,-0.0013
 5962,0.00056258,0.00004710,0.00005180,-0.00057889,0.00023729,0.0000378
 9,-0.00006529,0.00006671,0.00011340,0.00001339,0.00003651,-0.00004962,
 0.00002435,-0.00002691,-0.00016001,-0.00008570,0.00018734,-0.00000096,
 0.00000266,0.00000412,-0.00000074,-0.00000056,0.00000049,0.00000951,-0
 .00000871,-0.00001667,0.00000064,-0.00000388,0.00000189,0.00000392,-0.
 00000215,0.00000206,0.00000277,-0.00000131,0.00002055,-0.00000054,0.00
 000189,-0.00000056,0.00000280,-0.00000346,-0.00000607,-0.00000170,-0.0
 0000093,-0.00000135,0.00000496,0.00000460,0.00001127,0.00000209,0.0000
 0298,-0.00000176,0.00000494,0.00000240,-0.00000360,0.00000165,0.000001
 15,-0.00001782,0.00000260,0.00000432,0.00000534,0.00000012,0.00000215,
 0.00000249,-0.00000103,-0.00000224,-0.00000041,-0.00588432,-0.00823365
 ,-0.00426933,0.00043542,0.00074293,0.00034200,0.00112741,0.00013805,-0
 .00193004,-0.11808004,-0.17413334,-0.06192623,-0.01483526,-0.01536916,
 -0.00841902,0.12923669,0.18539240,0.00008507,0.00023040,-0.00004468,0.
 00021853,0.00009299,-0.00001478,0.00028607,-0.00003266,-0.00006506,-0.
 00009828,0.00001628,-0.00000261,0.00006183,-0.00023043,0.00004829,0.00
 013782,-0.00006427,-0.00004193,-0.00184735,0.00113727,0.00040124,0.000
 28777,-0.00064320,0.00024254,0.00036117,-0.00039800,-0.00018873,0.0000
 5397,0.00016433,0.00003962,-0.00009674,-0.00001324,-0.00003078,0.00021
 727,0.00046319,-0.00069657,-0.00000620,-0.00000133,0.00000798,-0.00001
 821,0.00000897,-0.00000628,0.00001126,-0.00001136,-0.00001813,-0.00000
 114,-0.00000345,0.00000219,0.00000403,-0.00000107,0.00000256,0.0000013
 9,-0.00000039,0.00001873,-0.00000064,0.00000175,-0.00000015,0.00000183
 ,-0.00000300,-0.00000521,-0.00000104,-0.00000126,-0.00000156,0.0000042
 6,0.00000868,0.00002272,-0.00000103,0.00000254,-0.00000272,0.00000570,
 0.00000338,-0.00000617,0.00000352,0.00000300,-0.00001978,0.00000165,0.
 00000517,0.00000563,0.00000057,0.00000239,0.00000414,-0.00000204,-0.00
 000230,-0.00000123,-0.01738843,-0.02056684,-0.01170458,-0.00050794,0.0
 0061947,0.00131146,0.00258640,-0.00216770,-0.00466640,-0.05839638,-0.0
 6142348,-0.07726679,0.01500271,0.01480558,0.00864023,0.06173304,0.0703
 7508,0.08595431,-0.00003453,-0.00024852,0.00003830,0.00004718,0.000152
 65,-0.00001167,0.00010939,-0.00011163,-0.00007871,-0.00000373,-0.00006
 145,0.00001814,0.00000545,0.00026401,-0.00002896,-0.00007599,0.0000728
 2,0.00001357,0.00113529,0.00041960,0.00204651,-0.00019568,-0.00014010,
 0.00023582,0.00017442,0.00011686,0.00000838,-0.00012629,0.00003328,-0.
 00000339,0.00004296,0.00000270,-0.00000683,-0.00006476,0.00007719,-0.0
 0004091,-0.00000947,-0.00001448,0.00000140,-0.00001066,0.00000205,-0.0
 0000249,-0.00001975,0.00001962,0.00004384,-0.00000628,0.00000978,-0.00
 000402,-0.00000957,0.00000683,-0.00000459,-0.00001012,0.00000215,-0.00
 005791,0.00000102,-0.00000515,0.00000219,-0.00000899,0.00001033,0.0000
 1808,0.00000558,0.00000247,0.00000310,-0.00001129,-0.00000832,-0.00004
 462,-0.00001047,-0.00000388,0.00000211,-0.00000661,-0.00000766,0.00000
 474,-0.00001144,-0.00000279,0.00005054,-0.00001009,-0.00001094,-0.0000
 1717,0.00000293,-0.00000263,-0.00000196,0.00000165,0.00000641,-0.00000
 129,-0.00812244,0.00343965,-0.00133576,0.00008029,-0.00043710,-0.00010
 172,0.00065781,0.00011994,-0.00003713,-0.26345247,0.10307264,-0.032398
 10,0.00425972,-0.00208058,0.00019330,-0.01663513,0.00899480,-0.0022667
 8,0.28255389,0.00011621,0.00042614,-0.00006316,0.00018331,-0.00002386,
 -0.00000184,0.00015231,0.00004346,0.00013431,-0.00005404,0.00006184,0.
 00001244,0.00002827,-0.00042163,0.00006034,0.00017438,-0.00013011,-0.0
 0001697,-0.00020963,0.00058406,-0.00242811,0.00013015,-0.00034702,0.00
 010182,-0.00009311,-0.00023499,-0.00001380,0.00018405,0.00002177,0.000
 00470,-0.00010900,0.00001671,-0.00002012,-0.00005545,0.00002903,-0.000
 02293,0.00000376,0.00001095,0.00000645,0.00000197,0.00000050,0.0000052
 6,0.00002536,-0.00002484,-0.00004959,0.00000442,-0.00001174,0.00000481
 ,0.00001217,-0.00000795,0.00000636,0.00000901,-0.00000245,0.00006529,-
 0.00000128,0.00000600,-0.00000177,0.00000946,-0.00001164,-0.00001990,-
 0.00000596,-0.00000310,-0.00000408,0.00002014,0.00000808,0.00004686,0.
 00001062,0.00000855,-0.00000488,0.00001100,0.00000904,-0.00000886,0.00
 000767,0.00000460,-0.00006095,0.00001091,0.00001324,0.00001955,-0.0000
 0170,0.00000431,0.00000547,-0.00000272,-0.00000778,0.00000043,0.010440
 44,-0.00588920,0.00072582,-0.00038304,0.00055706,0.00011492,-0.0000725
 5,0.00005310,0.00059859,0.10283141,-0.09666526,0.01597497,0.02090448,-
 0.00942151,0.00221225,-0.02034386,0.01106455,-0.00247772,-0.11376443,0
 .10013041,0.00017539,0.00059043,-0.00008500,0.00021319,-0.00022642,-0.
 00000146,-0.00004019,0.00032878,0.00026612,-0.00004474,0.00016906,-0.0
 0003480,0.00005056,-0.00060119,0.00007685,0.00083872,0.00022917,0.0000
 9102,-0.00028322,-0.00131464,-0.00496980,0.00085948,-0.00047794,0.0000
 9780,-0.00015428,-0.00055230,-0.00009677,0.00029663,-0.00000159,-0.000
 02363,-0.00014369,-0.00002695,0.00000936,-0.00000464,0.00004431,0.0000
 1904,0.00000988,0.00002143,0.00000455,0.00000709,0.00000200,0.00001352
 ,0.00003523,-0.00003472,-0.00007871,0.00000880,-0.00001874,0.00000789,
 0.00001823,-0.00001366,0.00001002,0.00001714,-0.00000555,0.00010332,-0
 .00000210,0.00000930,-0.00000326,0.00001578,-0.00001845,-0.00003197,-0
 .00000955,-0.00000477,-0.00000605,0.00002546,0.00000480,0.00005989,0.0
 0001784,0.00001176,-0.00000489,0.00001455,0.00001435,-0.00001031,0.000
 01223,0.00000704,-0.00008525,0.00001685,0.00001925,0.00002843,-0.00000
 335,0.00000525,0.00000604,-0.00000346,-0.00001143,0.00000084,0.0280242
 7,-0.01398762,0.00054826,-0.00018389,0.00063817,0.00150109,-0.00047142
 ,0.00034866,0.00143596,-0.03396911,0.01676707,-0.04998488,-0.02002191,
 0.00793004,-0.00241420,-0.00883201,0.00542944,-0.00192386,0.03388523,-
 0.01502392,0.05525658,-0.00049342,-0.00067978,0.00014330,-0.00050970,0
 .00375596,-0.00175690,-0.00151583,-0.00019449,0.00012822,0.00043814,0.
 00045464,-0.00002552,-0.00005517,0.00070271,-0.00012246,0.00123817,0.0
 0406217,-0.00051988,0.00740735,-0.00747496,0.00208123,-0.15109490,-0.0
 4612945,0.00891915,0.00097040,-0.00004457,-0.00011117,-0.00006673,0.00
 032558,-0.00008872,-0.00000763,-0.00027432,0.00004946,-0.00002275,0.00
 000134,0.00001555,0.00009305,0.00004134,0.00000281,0.00000944,-0.00001
 401,0.00000594,-0.00002763,-0.00004577,0.00013304,-0.00002116,0.000019
 55,-0.00000100,-0.00000522,0.00001343,-0.00000761,-0.00003620,0.000021
 89,-0.00009213,0.00000445,-0.00001010,0.00000026,-0.00001358,0.0000225
 1,0.00003504,0.00000878,0.00000406,0.00000716,-0.00002086,-0.00007091,
 -0.00011078,-0.00000762,-0.00001086,0.00001329,-0.00003991,-0.00001446
 ,0.00001832,-0.00003729,-0.00000324,0.00011134,-0.00001977,-0.00002536
 ,-0.00003593,0.00000564,-0.00000941,-0.00001148,0.00000883,0.00001261,
 -0.00000032,0.00062633,0.00104082,0.00009966,-0.00040898,0.00023710,0.
 00005828,0.00008944,0.00046658,-0.00036570,-0.00030747,-0.00009542,-0.
 00085100,0.00001288,0.00002330,0.00030677,0.00002387,-0.00012304,0.000
 16470,-0.00004193,0.00005199,0.00012719,0.53413416,-0.00063670,-0.0018
 5947,0.00011842,0.00254389,-0.00235411,0.00251506,-0.00082180,0.000094
 43,-0.00020655,0.00008085,0.00057707,-0.00026170,-0.00000944,0.0009389
 6,-0.00014688,0.00348988,-0.00279910,0.00093267,-0.02240623,-0.0198919
 2,0.00322361,-0.05436146,-0.13085807,0.00991493,-0.00094883,-0.0000190
 2,0.00000669,-0.00012227,-0.00032366,0.00002834,0.00016697,-0.00028940
 ,0.00005019,0.00000757,0.00003506,0.00001561,-0.00009183,-0.00004139,0
 .00001276,-0.00001204,0.00001667,0.00000238,0.00004391,0.00012349,0.00
 000365,0.00002263,0.00001449,-0.00001339,-0.00005110,0.00002011,-0.000
 01596,0.00000957,0.00000428,-0.00007649,0.00000647,-0.00001084,-0.0000
 0454,-0.00001155,0.00001676,0.00001904,0.00000250,0.00000836,0.0000133
 7,-0.00006930,-0.00004723,-0.00007319,-0.00002048,-0.00002532,0.000020
 51,-0.00003923,-0.00000494,0.00002186,-0.00001370,0.00000902,0.0001282
 1,-0.00001979,-0.00002524,-0.00003584,0.00000617,-0.00000875,-0.000011
 89,0.00000741,0.00001220,-0.00000436,-0.00124103,-0.00066947,0.0010439
 0,-0.00044875,-0.00015489,-0.00033025,-0.00022161,-0.00192508,0.000317
 73,0.00019149,0.00021269,-0.00008732,0.00005853,-0.00010132,-0.0002161
 8,-0.00000402,0.00014615,0.00010005,-0.00002045,0.00008608,-0.00001099
 ,-0.07899014,0.54850569,-0.00090163,-0.00205889,0.00012859,-0.00219726
 ,0.00015154,0.00646077,-0.00147154,0.00079751,-0.00094717,0.00010800,0
 .00048675,-0.00073890,0.00023995,0.00156513,-0.00007445,0.00204464,0.0
 0372613,0.00608462,0.00294456,-0.00031807,0.00764180,0.01756967,0.0222
 1115,-0.07517986,0.00054553,-0.00028606,-0.00065008,-0.00008397,0.0001
 6861,-0.00033733,-0.00005413,-0.00042576,0.00011316,0.00001286,-0.0000
 4659,0.00008095,0.00003931,0.00000580,0.00010014,0.00000153,0.00000419
 ,-0.00000258,-0.00013446,0.00000741,-0.00011169,-0.00003102,0.00009323
 ,-0.00002419,-0.00007433,0.00004425,-0.00002794,0.00003743,-0.00001415
 ,-0.00019308,0.00000938,-0.00002030,0.00000129,-0.00003036,0.00003673,
 0.00004671,0.00001514,0.00001738,0.00002889,-0.00014708,-0.00008582,-0
 .00017297,-0.00003850,-0.00004818,0.00003590,-0.00006029,-0.00001486,0
 .00003647,-0.00003370,0.00001011,0.00027218,-0.00004405,-0.00005049,-0
 .00008104,0.00001340,-0.00001695,-0.00001987,0.00001172,0.00002808,-0.
 00000921,-0.00032795,0.00072485,-0.00443962,0.00011955,0.00048444,0.00
 023971,0.00034539,0.00113203,0.00055313,0.00065797,-0.00037666,-0.0003
 0520,0.00001809,-0.00032951,-0.00000865,0.00005984,0.00002112,0.000136
 26,0.00008434,-0.00001753,-0.00020514,-0.03638097,-0.05132689,0.477683
 49,0.00008967,0.00016646,-0.00004016,-0.00025868,0.00095397,-0.0004934
 2,0.00004187,-0.00006060,0.00004922,0.00004558,-0.00005244,0.00002467,
 0.00002009,-0.00002730,0.00000210,-0.00016670,0.00014876,-0.00024946,-
 0.00007868,0.00111370,-0.00091161,-0.02189168,0.01293596,0.00819307,0.
 00000747,0.00002649,0.00009711,0.00002773,0.00000824,0.00001604,-0.000
 05709,-0.00001031,0.00000266,0.00000273,-0.00004176,0.00000012,0.00000
 235,-0.00000660,-0.00000740,0.00000019,-0.00000802,-0.00000003,-0.0000
 2126,-0.00002396,0.00002961,-0.00001450,0.00000368,0.00000326,0.000008
 81,0.00000121,0.00000373,-0.00000997,0.00000359,-0.00002697,-0.0000015
 7,-0.00000251,0.00000247,-0.00000508,0.00000479,0.00001102,0.00000476,
 -0.00000063,-0.00000116,0.00000074,-0.00000606,-0.00001750,-0.00000735
 ,0.00000071,-0.00000088,-0.00000289,-0.00000569,-0.00000079,-0.0000092
 8,-0.00000063,0.00002298,-0.00000615,-0.00000426,-0.00000868,0.0000030
 0,-0.00000059,0.00000107,0.00000039,0.00000332,-0.00000168,0.00010776,
 0.00046521,-0.00051233,0.00021696,0.00022548,0.00007145,0.00089726,0.0
 0071784,0.00002527,0.00009177,-0.00004341,0.00015122,0.00013599,-0.000
 18449,-0.00029323,-0.00000896,0.00008302,-0.00004379,0.00000828,0.0001
 0177,-0.00008408,-0.20495638,0.10461686,0.08659063,0.22389788,-0.00020
 962,-0.00028824,0.00007054,-0.00109051,0.00019565,-0.00089991,-0.00027
 649,0.00027658,0.00007667,0.00005153,0.00012321,0.00002913,0.00006593,
 0.00029323,-0.00007573,0.00060983,0.00051890,-0.00040449,-0.00038262,-
 0.00074735,0.00000109,-0.01669394,0.01302814,0.00889056,0.00005661,-0.
 00009260,0.00005121,0.00000905,0.00004604,-0.00001768,-0.00003199,-0.0
 0009688,0.00002030,-0.00001276,-0.00002647,0.00001773,0.00001252,-0.00
 000332,-0.00000811,0.00000153,-0.00000025,0.00000599,-0.00001866,0.000
 01319,0.00009093,-0.00000365,0.00000438,-0.00000309,-0.00001069,0.0000
 0418,-0.00000654,-0.00002271,0.00000937,-0.00005495,0.00000219,-0.0000
 0472,0.00000059,-0.00000664,0.00001119,0.00001944,0.00000432,0.0000027
 5,0.00000414,-0.00002322,-0.00002766,-0.00006213,-0.00000673,-0.000004
 61,0.00000620,-0.00001165,-0.00000336,0.00000718,-0.00001488,0.0000008
 5,0.00005961,-0.00000958,-0.00001148,-0.00001867,0.00000309,-0.0000037
 8,-0.00000359,0.00000282,0.00000623,-0.00000151,-0.00011088,-0.0019056
 7,0.00104122,0.00009058,0.00015387,-0.00001867,0.00015594,-0.00224525,
 0.00155633,-0.00005704,-0.00087404,0.00032004,-0.00014267,-0.00071791,
 -0.00065320,-0.00001611,0.00027231,-0.00003128,-0.00002456,0.00009793,
 -0.00004480,0.10828824,-0.12101289,-0.05502803,-0.11261393,0.13380957,
 0.00016755,0.00027901,-0.00005132,0.00015102,0.00017967,0.00021051,0.0
 0020540,-0.00015159,-0.00001002,-0.00002713,-0.00014658,0.00002499,-0.
 00004064,-0.00017563,0.00003867,-0.00042683,-0.00016906,0.00010959,0.0
 0044957,0.00049819,0.00019105,0.00038682,-0.00236566,-0.00163504,-0.00
 002973,0.00001272,-0.00002956,-0.00000610,-0.00001312,-0.00000039,0.00
 000756,0.00008216,-0.00001108,0.00001001,0.00003396,-0.00000219,-0.000
 00696,-0.00000148,0.00000158,-0.00000277,-0.00000045,-0.00000116,0.000
 00003,-0.00001429,-0.00002446,-0.00000339,-0.00000317,0.00000284,0.000
 01120,-0.00000173,0.00000532,0.00000526,-0.00000352,0.00001599,-0.0000
 0226,0.00000186,0.00000129,0.00000131,-0.00000433,-0.00000492,-0.00000
 009,-0.00000182,-0.00000334,0.00001861,0.00001724,0.00002598,0.0000017
 8,0.00000474,-0.00000519,0.00000802,-0.00000103,-0.00000458,0.00000570
 ,-0.00000271,-0.00002915,0.00000402,0.00000485,0.00000805,-0.00000142,
 0.00000188,0.00000227,-0.00000140,-0.00000236,0.00000115,0.00040935,0.
 00046001,0.00063468,-0.00026340,-0.00034888,-0.00018135,-0.00038301,0.
 00138625,-0.00099225,-0.00020372,-0.00018506,0.00038342,-0.00000890,-0
 .00036108,-0.00015858,0.00001422,0.00000557,-0.00013708,0.00002654,0.0
 0004629,-0.00004513,0.08763307,-0.05261272,-0.08930903,-0.08973337,0.0
 6177056,0.09847111,-0.00030209,-0.00059865,0.00004942,-0.00063597,-0.0
 0076447,-0.00022045,-0.00013887,0.00036127,0.00003266,-0.00005568,0.00
 021735,-0.00002137,0.00009066,0.00038923,-0.00009097,0.00092627,-0.001
 03295,-0.00070993,-0.00443116,-0.00233878,-0.00013052,0.00470457,-0.02
 205704,0.01784370,-0.00028757,-0.00004761,0.00011539,-0.00003059,-0.00
 009121,0.00006233,0.00002562,-0.00012371,0.00000855,0.00000586,-0.0000
 2083,-0.00000507,-0.00002970,-0.00002124,-0.00000957,-0.00000418,0.000
 00793,0.00000127,-0.00000508,0.00004953,0.00007154,0.00000856,0.000010
 67,-0.00001091,-0.00003335,0.00000776,-0.00001526,-0.00001298,0.000004
 55,-0.00005332,0.00000488,-0.00000428,-0.00000127,-0.00000514,0.000010
 57,0.00001644,0.00000116,0.00000453,0.00000976,-0.00004031,-0.00002108
 ,-0.00004898,-0.00001032,-0.00000949,0.00000913,-0.00001385,-0.0000008
 7,0.00000856,-0.00000779,0.00000575,0.00006614,-0.00000934,-0.00001197
 ,-0.00001802,0.00000341,-0.00000387,-0.00000414,0.00000285,0.00000636,
 -0.00000278,-0.00057061,0.00045584,-0.00025358,0.00025231,0.00017242,0
 .00010230,0.00032727,-0.00000945,0.00029681,0.00008177,-0.00003136,-0.
 00004580,0.00000754,-0.00009417,-0.00011871,-0.00001078,0.00006130,0.0
 0004035,-0.00000021,0.00002825,-0.00002751,-0.06465055,0.04732022,-0.0
 3632815,-0.00455359,0.01801852,-0.01601267,0.07234632,-0.00007417,-0.0
 0016776,0.00008845,-0.00032229,-0.00049674,-0.00028105,0.00014299,0.00
 013194,0.00001643,-0.00007549,-0.00001984,0.00004524,0.00005044,0.0001
 8158,-0.00000357,0.00036511,-0.00090915,-0.00014207,-0.00273766,-0.000
 47424,0.00081238,0.00305213,-0.01740147,0.01084673,-0.00029403,-0.0000
 2436,-0.00006734,-0.00004618,-0.00007826,0.00005256,0.00002442,-0.0000
 1309,-0.00000410,0.00001415,0.00002689,-0.00001570,-0.00003358,-0.0000
 1966,0.00000617,-0.00000820,0.00000467,-0.00000841,-0.00001210,0.00001
 935,0.00004233,-0.00000071,0.00000382,-0.00000161,-0.00000794,0.000007
 72,-0.00000608,-0.00001092,0.00000302,-0.00004129,0.00000110,-0.000003
 15,0.00000128,-0.00000560,0.00000669,0.00001252,0.00000411,0.00000207,
 0.00000280,-0.00002103,0.00000207,-0.00005592,-0.00000639,-0.00000391,
 0.00000207,0.00000226,-0.00000313,0.00000289,-0.00000981,-0.00000422,0
 .00003925,-0.00000620,-0.00000740,-0.00001294,0.00000187,-0.00000198,-
 0.00000125,0.00000074,0.00000449,-0.00000088,-0.00033945,0.00001280,0.
 00044993,-0.00007417,-0.00021146,-0.00009372,-0.00020379,0.00005559,-0
 .00025918,-0.00003119,0.00006173,0.00014723,-0.00001754,0.00007291,0.0
 0006469,-0.00001574,-0.00004821,-0.00002760,0.00003078,-0.00004419,-0.
 00001967,0.04473608,-0.19748886,0.12755292,0.00312316,-0.01153866,0.00
 949632,-0.04715771,0.21597771,0.00019113,0.00028278,-0.00007032,0.0004
 6417,0.00026922,0.00000325,0.00020062,-0.00022879,-0.00000474,0.000008
 71,-0.00010852,0.00002968,-0.00005603,-0.00023115,0.00003315,-0.000530
 36,-0.00022434,0.00017704,0.00054995,0.00032213,-0.00016225,-0.0002575
 5,0.00009449,-0.00157502,-0.00002039,0.00001594,-0.00004133,-0.0000011
 6,-0.00001384,-0.00000529,0.00000304,0.00006782,-0.00000949,-0.0000013
 8,0.00001120,0.00000072,-0.00000059,0.00000226,0.00000424,-0.00000023,
 -0.00000174,-0.00000062,0.00000881,-0.00001639,-0.00002911,-0.00000293
 ,-0.00000677,0.00000498,0.00001437,-0.00000640,0.00000731,0.00000677,-
 0.00000263,0.00002825,-0.00000275,0.00000256,0.00000070,0.00000297,-0.
 00000526,-0.00000807,-0.00000146,-0.00000277,-0.00000394,0.00002321,0.
 00001235,0.00004306,0.00000315,0.00000541,-0.00000559,0.00000531,-0.00
 000020,-0.00000613,0.00000715,-0.00000043,-0.00003776,0.00000521,0.000
 00695,0.00001107,-0.00000165,0.00000221,0.00000269,-0.00000131,-0.0000
 0326,0.00000094,0.00002361,-0.00034256,0.00031389,-0.00008920,-0.00013
 309,-0.00004710,-0.00011072,-0.00006945,-0.00020437,-0.00003483,0.0000
 5908,0.00009387,-0.00000149,0.00006064,0.00005282,-0.00000575,-0.00002
 696,-0.00001520,0.00000220,-0.00001593,0.00000724,-0.03366593,0.128622
 12,-0.14902259,0.00195873,-0.01007455,0.00898918,0.04249716,-0.1359646
 3,0.16302472,-0.00015204,-0.00032350,-0.00000547,-0.00088209,-0.000074
 07,0.00172165,-0.00011847,0.00022779,-0.00020673,-0.00005250,0.0001056
 6,-0.00012832,0.00010262,0.00022367,-0.00000181,0.00031986,0.00030886,
 0.00103601,-0.00096031,0.00020041,0.00040931,-0.01405748,-0.01267029,-
 0.02302674,-0.00007096,-0.00008266,-0.00013635,-0.00001410,-0.00000683
 ,-0.00002901,-0.00004822,-0.00010170,0.00001836,0.00001056,-0.00000440
 ,0.00000835,-0.00000890,-0.00000952,0.00002280,-0.00000219,-0.00000126
 ,-0.00000375,-0.00003660,-0.00000865,-0.00003961,-0.00001086,0.0000230
 3,-0.00000456,-0.00001349,0.00001099,-0.00000588,0.00001154,-0.0000055
 8,-0.00004276,0.00000126,-0.00000421,0.00000074,-0.00000679,0.00000751
 ,0.00001073,0.00000273,0.00000456,0.00000736,-0.00003768,-0.00001606,-
 0.00003455,-0.00001148,-0.00000950,0.00000606,-0.00000953,-0.00000184,
 0.00000482,-0.00000735,0.00000482,0.00005973,-0.00001029,-0.00000923,-
 0.00001783,0.00000415,-0.00000287,-0.00000176,0.00000125,0.00000591,-0
 .00000381,-0.00016502,-0.00028100,-0.00056853,0.00004525,0.00002995,0.
 00002156,0.00015409,0.00007855,0.00023478,0.00022412,-0.00000113,0.000
 41248,0.00003913,-0.00000557,-0.00022956,-0.00002851,0.00011047,-0.000
 06875,0.00004777,0.00000653,-0.00009323,-0.07759812,-0.00616173,-0.025
 27477,0.00914135,0.00883362,0.02073461,-0.00208142,-0.00389759,-0.0087
 2132,0.56298236,0.00000450,-0.00004174,0.00001353,-0.00082856,-0.00051
 634,0.00079963,0.00004428,0.00037073,-0.00015011,-0.00012444,-0.000037
 14,-0.00006260,0.00008786,0.00004884,0.00002916,0.00033494,0.00028645,
 0.00101581,-0.00125545,0.00006076,0.00050579,-0.01265109,-0.01299584,-
 0.01595383,-0.00007120,-0.00015364,-0.00015438,0.00005787,0.00000066,-
 0.00004376,-0.00005493,-0.00000796,0.00000728,0.00000314,-0.00000535,0
 .00000468,-0.00000453,-0.00000172,0.00002418,0.00000061,0.00000307,-0.
 00000630,-0.00002144,0.00000300,-0.00001478,-0.00000324,0.00000912,-0.
 00000360,-0.00000432,0.00000288,-0.00000243,0.00000602,-0.00000369,-0.
 00001667,0.00000032,-0.00000133,0.00000149,-0.00000274,0.00000139,0.00
 000274,0.00000095,0.00000111,0.00000107,-0.00001829,-0.00000090,-0.000
 01296,-0.00000137,-0.00000353,0.00000218,0.00000266,0.00000001,0.00000
 082,0.00000209,0.00000147,0.00001676,-0.00000166,-0.00000197,-0.000004
 77,0.00000013,-0.00000114,-0.00000043,-0.00000051,0.00000167,-0.000000
 81,0.00010186,0.00022059,-0.00049343,0.00001328,0.00006296,0.00005221,
 -0.00013129,-0.00112326,-0.00033768,0.00005006,-0.00008023,-0.00017760
 ,-0.00001739,-0.00000942,0.00010515,0.00001800,-0.00001762,0.00007911,
 0.00001366,-0.00001165,-0.00001023,-0.00439242,-0.08376218,-0.03264208
 ,-0.00621585,-0.00649079,-0.01721122,0.00737053,0.01071098,0.02026615,
 -0.01710933,0.55638005,0.00087877,0.00223681,-0.00033312,0.00157619,0.
 00011475,-0.00068369,0.00136270,-0.00052564,0.00017525,-0.00022576,-0.
 00053131,0.00014161,-0.00015095,-0.00176090,0.00023785,-0.00244379,-0.
 00071441,-0.00042432,0.00258657,0.00611547,-0.00157733,-0.01191096,-0.
 01221442,0.00719770,-0.00002613,0.00019492,0.00008916,0.00022486,-0.00
 005237,-0.00000886,-0.00003583,0.00044552,-0.00007195,-0.00001834,0.00
 001111,0.00000483,0.00001265,0.00004374,-0.00002075,0.00001616,0.00000
 117,0.00001839,0.00009275,-0.00007280,-0.00018506,0.00002773,-0.000056
 07,0.00001581,0.00005383,-0.00004383,0.00002551,0.00004011,-0.00001897
 ,0.00028140,-0.00000779,0.00002856,-0.00000524,0.00004344,-0.00005428,
 -0.00008707,-0.00002726,-0.00001647,-0.00001949,0.00012466,0.00010359,
 0.00028405,0.00004879,0.00003903,-0.00003203,0.00006515,0.00003177,-0.
 00004022,0.00006918,0.00000328,-0.00033204,0.00005738,0.00006488,0.000
 10427,-0.00001873,0.00002038,0.00002011,-0.00001386,-0.00003642,0.0000
 0979,0.00097474,0.00007273,-0.00040815,0.00002834,0.00018404,0.0001124
 2,-0.00025715,0.00017932,0.00039453,-0.00045643,-0.00027532,-0.0001342
 1,0.00000286,-0.00001573,0.00004723,0.00005175,-0.00007627,-0.00011927
 ,-0.00006282,0.00003215,0.00008645,-0.01466640,-0.02379259,-0.14688097
 ,-0.00502854,-0.00576532,-0.01485143,-0.00608204,-0.01009151,-0.021034
 08,-0.03900751,-0.04816521,0.47650421,-0.00007671,-0.00028278,0.000046
 56,-0.00019920,-0.00011909,0.00011779,-0.00011447,0.00008051,-0.000021
 33,0.00000059,0.00003720,-0.00002126,0.00003466,0.00021652,-0.00003234
 ,0.00024004,0.00009611,0.00014004,-0.00046859,-0.00036480,-0.00000359,
 0.00078938,0.00043569,-0.00192406,-0.00001937,-0.00002521,0.00000379,-
 0.00003030,0.00000573,-0.00000899,-0.00001105,-0.00005214,0.00001157,0
 .00000549,0.00000089,0.00000115,-0.00000400,-0.00000883,0.00000134,-0.
 00000307,-0.00000026,0.,-0.00001331,0.00001108,0.00002927,-0.00000506,
 0.00000671,-0.00000132,-0.00000527,0.00000605,-0.00000229,-0.00000632,
 0.00000301,-0.00004289,0.00000066,-0.00000429,0.00000127,-0.00000687,0
 .00000808,0.00001340,0.00000419,0.00000192,0.00000226,-0.00001841,-0.0
 0001499,-0.00004146,-0.00000815,-0.00000510,0.00000428,-0.00000793,-0.
 00000475,0.00000477,-0.00001021,-0.00000010,0.00004942,-0.00000881,-0.
 00000928,-0.00001572,0.00000310,-0.00000275,-0.00000202,0.00000160,0.0
 0000549,-0.00000198,-0.00006877,0.00001317,-0.00007799,0.00000343,-0.0
 0001996,-0.00000170,0.00003889,0.00001070,-0.00004192,0.00007126,0.000
 00411,0.00004669,-0.00000463,0.00001035,0.00000817,-0.00001279,-0.0000
 0326,0.00001295,0.00001900,-0.00001564,-0.00002611,-0.00696381,-0.0048
 5817,0.00097298,0.00067189,0.00006984,0.00002789,-0.00002581,0.0003405
 4,0.00025949,-0.21725649,-0.12748228,0.03470158,0.23132666,-0.00013289
 ,-0.00037617,0.00005735,-0.00050640,-0.00019229,0.00015737,-0.00017432
 ,0.00018331,-0.00005797,-0.00001428,0.00004999,-0.00002632,0.00005182,
 0.00031193,-0.00004528,0.00040863,0.00020218,0.00012303,-0.00032570,-0
 .00073325,0.00019449,0.00004892,0.00112360,-0.00255222,-0.00000151,-0.
 00005764,-0.00001920,-0.00003294,0.00001550,0.00000083,-0.00000597,-0.
 00006542,0.00000734,0.00000774,0.00000607,-0.00000202,-0.00000369,-0.0
 0000960,0.00000555,-0.00000418,0.00000139,-0.00000269,-0.00002269,0.00
 001679,0.00003621,-0.00000505,0.00001156,-0.00000435,-0.00001089,0.000
 00730,-0.00000472,-0.00000758,0.00000191,-0.00005564,0.00000149,-0.000
 00546,0.00000154,-0.00000847,0.00001035,0.00001705,0.00000528,0.000003
 04,0.00000395,-0.00002556,-0.00001884,-0.00004906,-0.00000955,-0.00000
 693,0.00000543,-0.00001042,-0.00000578,0.00000692,-0.00001059,0.000000
 17,0.00006176,-0.00001049,-0.00001185,-0.00001908,0.00000355,-0.000003
 54,-0.00000338,0.00000229,0.00000682,-0.00000196,-0.00001832,0.0000969
 3,-0.00004902,-0.00002893,-0.00006425,-0.00001471,-0.00014176,0.000040
 04,0.00003946,-0.00000980,-0.00002183,0.00003687,0.00000429,0.00000449
 ,-0.00001752,0.00000524,-0.00000827,-0.00001995,0.00002115,-0.00000356
 ,-0.00002182,-0.00931443,-0.00774258,0.00103654,0.00015853,-0.00000136
 ,0.00058161,0.00026421,0.00063041,0.00009803,-0.12718915,-0.14297979,0
 .02683102,0.14001202,0.15090469,-0.00023765,-0.00063924,0.00008960,-0.
 00060021,-0.00001305,0.00043530,-0.00034457,0.00018543,-0.00008844,0.0
 0004148,0.00013604,-0.00005275,0.00006021,0.00051264,-0.00006648,0.000
 69390,0.00015674,0.00033091,-0.00108831,-0.00138864,0.00060055,-0.0004
 2925,-0.00001618,-0.00571805,-0.00002883,-0.00006797,-0.00005381,-0.00
 006158,0.00000449,-0.00000798,-0.00000198,-0.00012850,0.00002192,0.000
 00910,-0.00000235,0.00000206,-0.00000754,-0.00001558,0.00001076,-0.000
 00499,-0.00000037,-0.00000519,-0.00003481,0.00001862,0.00004499,-0.000
 01120,0.00001974,-0.00000481,-0.00001663,0.00001332,-0.00000708,-0.000
 01021,0.00000340,-0.00008722,0.00000184,-0.00000868,0.00000220,-0.0000
 1362,0.00001657,0.00002676,0.00000881,0.00000471,0.00000593,-0.0000394
 2,-0.00003081,-0.00008339,-0.00001617,-0.00001199,0.00000953,-0.000019
 56,-0.00000972,0.00001139,-0.00002035,-0.00000014,0.00010229,-0.000017
 88,-0.00001978,-0.00003219,0.00000601,-0.00000602,-0.00000566,0.000003
 87,0.00001123,-0.00000343,-0.00016619,-0.00001815,-0.00016944,0.000027
 04,-0.00001930,-0.00000078,0.00011152,-0.00000925,-0.00005555,0.000112
 44,0.00001892,0.00006990,-0.00000333,0.00000998,-0.00000453,-0.0000161
 2,0.00000534,0.00002435,0.00002851,-0.00001773,-0.00004129,-0.02515426
 ,-0.01948885,0.00062291,0.00042573,0.00035435,0.00154735,0.00012454,0.
 00055341,0.00155921,0.03645227,0.02811567,-0.05202093,-0.03642731,-0.0
 2657117,0.05820081,0.00004230,0.00006956,-0.00000716,0.00021623,0.0001
 4853,-0.00005255,0.00001029,-0.00009024,0.00001848,0.00002291,0.000000
 13,0.00000380,-0.00001618,-0.00006528,0.00000767,-0.00010310,-0.000032
 78,-0.00000541,0.00001907,0.00012662,0.00000605,0.00058307,0.00127843,
 -0.00051574,-0.00000030,0.00000733,-0.00001004,0.00000698,-0.00000145,
 -0.00000026,-0.00000536,0.00000363,0.00000041,-0.00000165,-0.00000366,
 0.00000124,0.00000143,0.00000134,0.00000009,0.00000061,-0.00000113,-0.
 00000009,0.00000480,-0.00000626,-0.00000893,-0.00000136,-0.00000226,0.
 00000219,0.00000506,-0.00000106,0.00000296,0.00000116,-0.00000047,0.00
 000853,-0.00000081,0.00000067,0.,0.00000072,-0.00000161,-0.00000204,-0
 .00000017,-0.00000087,-0.00000172,0.00000666,0.00000356,0.00000727,0.0
 0000100,0.00000150,-0.00000114,0.00000022,-0.00000043,-0.00000202,-0.0
 0000015,0.00000007,-0.00000796,0.00000115,0.00000135,0.00000237,-0.000
 00002,0.00000056,0.00000070,-0.00000041,-0.00000105,0.00000001,-0.0000
 2345,-0.00008020,0.00005017,0.00000255,0.00000652,-0.00001198,0.000316
 15,0.00020239,0.00009910,0.00006025,0.00004612,-0.00000683,-0.00000548
 ,0.00000928,0.00002128,-0.00001304,0.00000648,0.00002932,-0.00000526,-
 0.00000310,0.00000430,-0.00388916,0.00554287,-0.00621379,0.00033574,-0
 .00043218,0.00064584,0.00017521,-0.00090668,-0.00157327,-0.06678448,0.
 05200068,-0.04402000,0.00844410,-0.01831953,0.01668460,0.06680557,0.00
 005946,0.00018864,-0.00003270,0.00022852,0.00012776,-0.00006410,0.0000
 8335,-0.00008480,0.00000561,0.00001080,-0.00000960,0.00000867,-0.00001
 961,-0.00015848,0.00002522,-0.00017898,-0.00006392,-0.00001732,0.00015
 659,0.00059251,0.00003393,0.00018723,0.00082978,-0.00019775,-0.0000009
 9,0.00001809,0.00000412,0.00003127,-0.00000770,-0.00000055,-0.00000619
 ,0.00002554,-0.00000513,-0.00000521,-0.00001243,0.00000224,0.00000265,
 0.00000533,-0.00000083,0.00000273,-0.00000078,0.00000162,0.00001023,-0
 .00001031,-0.00001936,0.00000254,-0.00000476,0.00000185,0.00000448,-0.
 00000335,0.00000217,0.00000386,-0.00000157,0.00002833,-0.00000052,0.00
 000297,-0.00000100,0.00000430,-0.00000536,-0.00000863,-0.00000277,-0.0
 0000173,-0.00000161,0.00001168,0.00000797,0.00002420,0.00000457,0.0000
 0319,-0.00000230,0.00000424,0.00000321,-0.00000358,0.00000512,0.000000
 37,-0.00002995,0.00000508,0.00000593,0.00000934,-0.00000126,0.00000187
 ,0.00000188,-0.00000121,-0.00000346,0.00000077,0.00002448,-0.00040788,
 -0.00052207,0.00007826,0.00009178,0.00005392,0.00020069,-0.00051297,-0
 .00023556,0.00001164,-0.00000534,-0.00001853,-0.00001218,-0.00000258,0
 .00001229,-0.00000092,0.00000218,0.00001555,-0.00001266,0.00000302,0.0
 0001125,-0.00463998,0.01043461,-0.01005080,0.00021716,0.00062248,0.000
 76977,-0.00106118,-0.00032734,-0.00310148,0.05244623,-0.19298694,0.125
 59540,0.00610801,-0.01280160,0.01049952,-0.05640278,0.20638892,-0.0000
 2323,-0.00005778,0.00000996,0.00010706,0.00014312,-0.00004891,-0.00005
 493,-0.00004372,0.00001065,0.00004370,0.00004409,0.00000491,-0.0000020
 1,0.00002863,-0.00001437,0.00007605,-0.00015276,-0.00007505,-0.0005453
 3,-0.00002852,0.00022684,0.00159248,0.00168592,0.00003429,-0.00003311,
 0.00001177,0.00001795,0.00000019,-0.00001295,0.00000382,-0.00000531,-0
 .00002885,0.00000280,-0.00000620,-0.00002077,0.00000303,-0.00000112,-0
 .00000187,-0.00000155,0.00000077,-0.00000232,0.00000200,-0.00000027,-0
 .00000448,0.00000088,-0.00000253,0.00000071,0.00000130,0.00000119,0.00
 000152,0.00000100,-0.00000066,0.00000128,-0.00000508,0.,-0.00000101,-0
 .00000016,-0.00000123,0.00000155,0.00000211,0.00000084,0.00000041,-0.0
 0000021,-0.00000054,-0.00000551,-0.00000694,-0.00000161,-0.00000045,0.
 00000081,-0.00000341,-0.00000098,0.00000078,-0.00000406,0.00000064,0.0
 0000987,-0.00000221,-0.00000175,-0.00000332,0.00000099,-0.00000055,-0.
 00000018,0.00000036,0.00000089,-0.00000069,-0.00035181,-0.00024012,0.0
 0002788,0.00011952,0.00011614,0.00004500,0.00046611,-0.00054369,-0.000
 12420,0.00024564,0.00018016,0.00002676,-0.00002149,0.00000135,0.000020
 54,-0.00004519,0.00005067,0.00009992,-0.00001074,-0.00001561,-0.000001
 17,-0.00804095,0.01866682,-0.01925729,0.00049856,0.00043040,0.00124772
 ,-0.00203059,-0.00295338,-0.00422485,-0.04404814,0.12400130,-0.1535887
 7,-0.00102315,0.00272076,-0.00284308,0.05036384,-0.13338618,0.16832712
 ,0.00002553,0.00014683,-0.00002088,-0.00004487,-0.00007365,-0.00005999
 ,0.00007179,0.00002273,0.00000160,-0.00002291,-0.00000436,-0.00000049,
 -0.00000709,-0.00012356,0.00001536,-0.00011035,-0.00006899,-0.00004158
 ,0.00015044,0.00028150,0.00004463,0.00115654,-0.00070679,0.00030122,0.
 00000586,0.00001010,0.00000500,0.00002139,-0.00000607,-0.00000174,0.00
 000586,0.00002425,-0.00000182,-0.00000362,-0.00000117,-0.00000046,0.00
 000197,0.00000557,-0.00000069,0.00000191,0.00000139,0.00000056,0.00000
 874,-0.00000216,-0.00001373,0.00000504,-0.00000423,-0.00000002,0.00000
 077,-0.00000416,0.00000051,0.00000243,-0.00000063,0.00002688,0.0000000
 7,0.00000268,-0.00000083,0.00000430,-0.00000505,-0.00000874,-0.0000029
 8,-0.00000150,-0.00000161,0.00000835,0.00000759,0.00002424,0.00000551,
 0.00000247,-0.00000185,0.00000488,0.00000393,-0.00000234,0.00000690,0.
 00000082,-0.00002916,0.00000551,0.00000584,0.00000957,-0.00000168,0.00
 000162,0.00000116,-0.00000099,-0.00000349,0.00000106,-0.00001177,-0.00
 002820,-0.00003523,0.00000133,0.00002446,0.00001063,0.00001628,-0.0000
 4563,-0.00003155,-0.00000478,0.00000232,-0.00004412,-0.00000922,-0.000
 00164,0.00003791,0.00000453,-0.00001480,0.00001170,-0.00001181,-0.0000
 0453,0.00001627,0.00847698,-0.00760385,-0.00573430,0.00020126,-0.00121
 174,-0.00246670,0.00039463,0.00017877,0.00083856,-0.19313788,0.1072189
 2,0.08205382,-0.01712722,0.01469603,0.00942842,-0.00587659,0.00306121,
 0.00310181,0.20730800,-0.00006162,-0.00012539,0.00001535,-0.00024736,-
 0.00010149,-0.00003644,-0.00006142,0.00007435,-0.00001461,-0.00001202,
 0.00001998,-0.00000374,0.00001105,0.00010427,-0.00001905,0.00012367,0.
 00002061,-0.00001669,0.00001000,-0.00048262,0.00021029,0.00151564,0.00
 061561,-0.00009779,0.00000982,-0.00001529,-0.00000675,-0.00001682,0.00
 000515,0.00000117,0.00000886,-0.00001586,0.00000293,0.00000490,0.00001
 112,-0.00000242,-0.00000160,-0.00000241,0.00000113,-0.00000182,0.00000
 160,-0.00000136,-0.00000414,0.00000835,0.00001686,0.00000074,0.0000028
 0,-0.00000190,-0.00000477,0.00000218,-0.00000290,-0.00000436,0.0000011
 0,-0.00001610,0.00000097,-0.00000175,0.00000028,-0.00000190,0.00000296
 ,0.00000467,0.00000151,0.00000075,0.00000149,-0.00000731,-0.00000518,-
 0.00001261,-0.00000164,-0.00000160,0.00000139,-0.00000300,-0.00000142,
 0.00000226,-0.00000203,-0.00000053,0.00001555,-0.00000236,-0.00000296,
 -0.00000469,0.00000058,-0.00000092,-0.00000133,0.00000063,0.00000187,-
 0.00000021,0.00014569,0.00016623,-0.00002598,-0.00005040,-0.00006295,-
 0.00002187,-0.00015026,0.00024510,0.00001907,-0.00013613,-0.00006015,-
 0.00005986,0.00000018,0.00000484,0.00004123,0.00002699,-0.00005270,-0.
 00002710,0.00000765,-0.00000402,0.00000341,0.00675701,-0.00744446,-0.0
 0522869,-0.00103142,-0.00007149,-0.00192572,-0.00053435,0.00060641,0.0
 0043839,0.10675862,-0.12631054,-0.05948448,-0.01389738,0.01186877,0.00
 857326,0.01697653,-0.01197000,-0.01034715,-0.11624154,0.13290206,-0.00
 010374,-0.00016648,0.00001368,-0.00038590,-0.00010382,-0.00011846,-0.0
 0009120,0.00012582,-0.00002118,-0.00000530,0.00005134,-0.00001098,0.00
 002570,0.00014669,-0.00002042,0.00026145,0.00002267,-0.00002226,-0.000
 25449,-0.00061233,0.00023198,0.00193587,0.00144816,0.00031574,-0.00000
 546,-0.00003366,-0.00000028,-0.00001301,0.00000298,0.00000487,0.000007
 27,-0.00003519,0.00000488,0.00000130,0.00000211,-0.00000163,-0.0000019
 8,-0.00000291,0.00000042,-0.00000120,0.00000171,-0.00000117,-0.0000081
 4,0.00001261,0.00002899,0.00000116,0.00000439,-0.00000348,-0.00000932,
 0.00000273,-0.00000465,-0.00000690,0.00000197,-0.00002046,0.00000157,-
 0.00000175,-0.00000011,-0.00000243,0.00000401,0.00000623,0.00000185,0.
 00000156,0.00000209,-0.00001193,-0.00000602,-0.00002016,-0.00000289,-0
 .00000317,0.00000283,-0.00000398,-0.00000071,0.00000364,-0.00000270,0.
 00000011,0.00002213,-0.00000320,-0.00000426,-0.00000641,0.00000101,-0.
 00000144,-0.00000170,0.00000092,0.00000233,-0.00000044,-0.00017301,0.0
 0008269,0.00015261,-0.00002530,-0.00003832,-0.00001250,0.00004401,-0.0
 0002415,-0.00014657,0.00004280,0.00009195,-0.00009040,-0.00001869,0.00
 001476,0.00008276,-0.00000373,-0.00001978,0.00005079,-0.00000134,-0.00
 001705,0.00001465,0.01979622,-0.01619295,-0.01361589,-0.00257408,-0.00
 227239,-0.00450480,0.00041001,0.00060833,0.00126835,0.08099646,-0.0591
 4052,-0.09267125,0.00313305,-0.00238160,-0.00238020,-0.01565075,0.0104
 7147,0.00980998,-0.08650521,0.06797750,0.10167414,-0.26034244,-0.01703
 970,0.00634526,-0.23555085,0.07118542,-0.01251993,0.01143086,0.0504597
 6,-0.00898341,-0.03745248,0.00093797,0.00030296,0.00158729,-0.08010054
 ,0.01537307,0.01019882,-0.00172784,0.00018935,-0.00751352,0.01324172,-
 0.00259576,0.01215275,-0.02450797,0.00399079,-0.00129677,-0.00444036,0
 .00073329,0.00499390,0.00092601,-0.00002181,-0.00396687,0.00283080,-0.
 00058749,-0.00003023,0.00009691,-0.00015061,0.00001942,-0.00006550,0.0
 0005189,-0.00003267,0.00019332,-0.00003718,-0.04004995,-0.00957096,-0.
 00062595,-0.00349952,0.00299895,0.00063196,0.00195287,-0.00217434,0.00
 083365,0.00060512,-0.00296444,-0.00151751,-0.00050382,0.00041121,0.000
 62361,0.00047867,-0.00042211,-0.00000733,0.00009554,0.00022814,0.00010
 220,0.00424988,0.00165233,0.00111948,-0.00069960,0.00058473,-0.0002747
 5,0.00004561,-0.00021572,-0.00047566,-0.00108670,-0.00014352,-0.001460
 15,-0.00025552,0.00018173,0.00008367,0.00021960,0.00026671,0.00042719,
 -0.00021911,-0.00015865,-0.00021931,0.00146728,-0.00070791,-0.00114892
 ,0.00002354,0.00004941,0.00025198,-0.00017075,-0.00018499,0.00019857,-
 0.00035536,0.00014386,0.00132351,-0.00004790,0.00010626,0.00001750,0.0
 0005533,-0.00011311,-0.00017414,0.00000710,-0.00017451,-0.00027046,-0.
 00032018,0.00261536,0.00226680,-0.00061924,0.00022379,-0.00053833,0.00
 079033,0.00035511,-0.00059100,0.00033014,0.00015943,-0.00167262,0.0001
 5828,0.00027897,0.00045357,-0.00011928,-0.00013853,-0.00000801,0.00001
 923,0.00012624,0.00023222,0.75991624,-0.07506809,-0.16765672,0.0197983
 4,0.11076632,-0.19950857,0.02475652,0.03268407,-0.03139276,0.00670267,
 0.00210253,0.01263705,-0.00266807,-0.04135635,-0.02858480,0.00549084,-
 0.00690253,-0.00928775,0.00293502,0.00222054,-0.00015384,-0.00016057,-
 0.00379408,-0.00235436,0.00115310,0.00313430,0.00262836,-0.00051689,-0
 .00458928,0.00029262,0.00000004,0.00353310,-0.00784068,0.00114022,-0.0
 0000175,-0.00051795,0.00001420,-0.00011192,-0.00003729,0.00003307,-0.0
 0007296,0.00003709,-0.00000128,0.01572369,0.01720937,-0.00046847,0.003
 77622,-0.00285824,0.00008897,-0.00023845,-0.00017493,0.00050711,0.0012
 8342,-0.00096081,0.00025777,-0.00014626,0.00006617,0.00007667,0.000018
 64,-0.00042269,-0.00048832,-0.00009268,-0.00020347,-0.00025554,0.00426
 235,-0.00492087,0.00340226,0.00000031,0.00038014,-0.00006843,-0.001819
 74,-0.00102816,-0.00021471,-0.00020624,-0.00004704,0.00022541,-0.00010
 809,-0.00000316,-0.00024720,0.00004844,0.00000720,-0.00001982,-0.00001
 022,-0.00000229,-0.00025007,-0.00026563,0.00045947,-0.00003385,-0.0001
 1139,-0.00006792,-0.00002292,0.00018463,0.00001204,-0.00004981,0.00007
 676,-0.00013358,-0.00004682,0.00001437,0.00001315,-0.00000316,-0.00001
 825,0.00001705,0.00003344,0.00004637,-0.00003276,-0.00002564,-0.001131
 54,0.00059520,-0.00008970,-0.00029075,-0.00028892,0.00004789,-0.000051
 94,0.00007885,0.00003763,-0.00007823,-0.00002661,0.00038997,-0.0000194
 3,-0.00005512,-0.00011695,0.00000846,0.00001965,-0.00003225,0.00000931
 ,-0.00002800,-0.00006022,-0.00341355,0.61712343,0.01539389,0.02037395,
 -0.05675164,-0.01873354,0.02528893,-0.06197686,-0.00561732,0.00659880,
 0.00397128,-0.00059802,-0.00275728,-0.00227355,0.00749670,0.00571363,0
 .00309554,0.00117944,0.00306364,0.00662869,-0.00037499,-0.00009866,-0.
 00141364,0.00096868,0.00092820,0.00321490,-0.00064102,-0.00058408,-0.0
 0014783,0.00091149,-0.00003226,0.00018653,-0.00070376,0.00122736,-0.00
 122010,0.00004566,0.00005059,-0.00029622,0.00001995,0.00002631,0.00010
 646,0.00003653,0.00000609,0.00001274,-0.00194338,-0.00077357,0.0031067
 2,-0.00156744,0.00043394,0.00015592,-0.00012690,-0.00034420,0.00053640
 ,0.00005836,-0.00012847,-0.00012226,-0.00006461,0.00010664,0.00012398,
 -0.00000158,-0.00002518,0.00012040,-0.00009821,-0.00006041,0.00028085,
 -0.00084409,0.00120688,0.00673248,-0.00029376,-0.00032965,0.00004135,-
 0.00072296,0.00003328,0.00002708,0.00148356,0.00090605,-0.00066773,0.0
 0017398,0.00016941,0.00045100,-0.00005439,-0.00000893,-0.00002267,-0.0
 0002470,-0.00004361,-0.00008495,-0.00003300,-0.00018286,-0.00051946,-0
 .00001726,-0.00001541,0.00001645,-0.00006783,0.00006830,0.00000140,0.0
 0012054,-0.00003770,0.00007169,-0.00001225,0.00000612,0.00001279,0.000
 00052,-0.00000311,0.00000040,0.00000017,-0.00001428,-0.00002204,-0.000
 06946,0.00023078,0.00135410,-0.00008548,-0.00016077,-0.00000701,-0.000
 01098,-0.00007839,-0.00000641,0.00029631,0.00012746,-0.00018182,0.0000
 0694,0.00005705,0.00009929,-0.00001061,-0.00001153,0.00000272,-0.00000
 482,0.00000505,0.00001130,-0.00245755,-0.08552600,0.15335786,0.0121330
 3,0.02454061,-0.00387360,-0.23593430,-0.07129779,0.01299357,0.01141725
 ,-0.05043668,0.00951381,0.01022300,0.00173624,-0.00009809,-0.00752659,
 -0.01326588,0.00247574,-0.03748740,-0.00094631,-0.00027125,0.00162631,
 0.08005213,-0.01591840,-0.26074494,0.01720755,-0.00621518,-0.00396714,
 -0.00282930,0.00052572,0.00499086,-0.00092269,0.00003403,-0.00130004,0
 .00444111,-0.00074768,-0.00003255,-0.00019465,0.00003819,0.00001951,0.
 00006688,-0.00004500,-0.00003115,-0.00009622,0.00014401,-0.00031731,-0
 .00260626,-0.00224372,-0.00061806,-0.00023555,0.00054047,0.00080489,-0
 .00035176,0.00060217,0.00032618,-0.00017468,0.00166522,-0.00011421,0.0
 0014044,0.00000975,0.00016249,-0.00027150,-0.00045396,0.00001087,-0.00
 011488,-0.00022432,0.00146597,0.00069934,0.00113651,-0.00016887,0.0001
 8817,-0.00019938,0.00002880,-0.00004838,-0.00025359,-0.00035072,-0.000
 13753,-0.00132713,0.00000556,0.00017339,0.00027113,0.00005458,0.000112
 35,0.00017832,-0.00005031,-0.00010689,-0.00001920,0.00425099,-0.001665
 38,-0.00118922,0.00002509,0.00022519,0.00047818,-0.00070333,-0.0005762
 9,0.00027473,-0.00108029,0.00014469,0.00146724,-0.00021312,0.00015621,
 0.00021388,0.00022201,-0.00026894,-0.00042699,-0.00025258,-0.00018195,
 -0.00009066,-0.04025215,0.00959620,0.00095502,-0.00352699,-0.00305891,
 -0.00059785,0.00183998,0.00207163,-0.00089736,0.00067954,0.00300266,0.
 00145633,0.00046920,0.00044024,0.00002785,-0.00051371,-0.00041480,-0.0
 0062690,-0.00001491,-0.00029696,-0.00016492,-0.10136568,-0.00214000,-0
 .00005046,0.76101759,0.00379864,-0.00241581,0.00110630,-0.11061742,-0.
 19906137,0.02585939,-0.03262314,-0.03139027,0.00698775,0.00689436,-0.0
 0934055,0.00291219,-0.00222932,-0.00010897,-0.00017209,-0.00206204,0.0
 1263231,-0.00260884,0.04119443,-0.02867185,0.00555256,0.07523832,-0.16
 706408,0.02077663,-0.00354056,-0.00785115,0.00112456,0.00459003,0.0003
 0217,0.00001996,-0.00312916,0.00264832,-0.00053286,0.00007303,0.000037
 44,-0.00001041,0.00011171,-0.00003847,0.00003250,0.00000143,-0.0005160
 8,0.00001687,0.00113286,0.00060317,-0.00007957,0.00029106,-0.00029069,
 0.00004540,0.00005212,0.00008608,0.00003759,0.00007259,-0.00002184,0.0
 0038876,-0.00000915,0.00001756,-0.00003408,0.00001757,-0.00005585,-0.0
 0011599,-0.00001041,-0.00003003,-0.00006299,0.00026703,0.00045752,-0.0
 0004605,-0.00018543,0.00001449,-0.00005048,0.00011510,-0.00006627,-0.0
 0002140,-0.00008105,-0.00013480,-0.00004226,-0.00004732,-0.00003428,-0
 .00002842,0.00001786,0.00001689,0.00003096,-0.00001413,0.00001355,-0.0
 0000303,-0.00426328,-0.00488189,0.00345012,0.00182081,-0.00102416,-0.0
 0020127,0.00000592,0.00037673,-0.00007032,0.00019720,-0.00003740,0.000
 21971,0.00001132,-0.00000347,-0.00025070,-0.00004967,0.00000767,-0.000
 01672,0.00011031,-0.00000339,-0.00024331,-0.01574976,0.01704832,-0.000
 46349,-0.00378174,-0.00285669,0.00010718,0.00012245,-0.00011444,0.0004
 9200,-0.00134508,-0.00094487,0.00022410,-0.00003315,-0.00041162,-0.000
 48364,0.00014130,0.00006346,0.00006165,0.00015093,-0.00016236,-0.00016
 981,0.00216550,0.02064753,-0.00273601,0.00320394,0.61442958,-0.0009419
 3,0.00075110,0.00325749,0.02057275,0.02653268,-0.06276425,0.00620303,0
 .00648896,0.00401246,-0.00122250,0.00286116,0.00666370,0.00032544,0.00
 009033,-0.00142936,0.00070483,-0.00284020,-0.00233588,-0.00835002,0.00
 567134,0.00321281,-0.01611365,0.02219252,-0.05766372,0.00066319,0.0012
 3417,-0.00121082,-0.00093183,-0.00001013,0.00018443,0.00068323,-0.0004
 7829,-0.00016894,-0.00003154,0.00000461,0.00001158,-0.00002257,0.00001
 943,0.00010778,-0.00005072,0.00006809,-0.00030126,0.00006486,0.0002404
 8,0.00137141,0.00009003,-0.00015840,-0.00001096,0.00000607,-0.00006725
 ,-0.00001860,-0.00029596,0.00012678,-0.00019951,0.00001396,-0.00001419
 ,0.00000022,-0.00000586,0.00006190,0.00010305,0.00000661,0.00000830,0.
 00001774,0.00003684,-0.00017214,-0.00053748,0.00006020,0.00006580,0.00
 000355,0.00001926,-0.00001953,0.00001900,-0.00012271,-0.00004338,0.000
 08857,-0.00000460,-0.00001965,-0.00002880,0.00000006,-0.00000326,0.000
 00008,0.00001227,0.00000943,0.00001286,0.00086772,0.00137356,0.0066671
 1,0.00069406,0.00004640,0.00002779,0.00030892,-0.00033677,0.00004874,-
 0.00147982,0.00090108,-0.00066594,0.00002636,-0.00004092,-0.00008335,0
 .00005394,-0.00000742,-0.00001958,-0.00017172,0.00016837,0.00044547,0.
 00216039,-0.00084140,0.00319868,0.00157386,0.00047943,0.00014695,0.000
 17319,-0.00023333,0.00062136,-0.00004166,-0.00013860,-0.00019726,-0.00
 001458,0.00000419,0.00014959,0.00004909,0.00010858,0.00011360,0.000125
 88,-0.00011217,0.00011552,-0.00015982,-0.00236992,0.00680415,0.0021365
 8,-0.09485927,0.15814839,-0.00116846,-0.00100538,0.00018561,0.01239996
 ,-0.02179858,0.00483963,-0.00479340,-0.00152846,0.00035786,0.00109625,
 -0.00216995,0.00030314,-0.00013429,0.00148655,-0.00018113,-0.00053230,
 0.00003085,0.00001012,-0.00498612,-0.00047932,0.00003670,-0.00251579,0
 .02667510,-0.00539854,0.00015093,0.00041171,-0.00006370,-0.00037711,0.
 00013460,-0.00000843,-0.00039539,0.00008455,-0.00003031,0.00000350,-0.
 00004623,0.00000026,-0.00000022,-0.00002353,0.00000595,0.00001763,-0.0
 0010536,0.00000839,0.00018837,0.00000558,0.00012479,0.00010023,0.00009
 128,-0.00006349,-0.00022943,0.00001425,-0.00016120,-0.00001875,0.00002
 688,-0.00001242,0.00004714,0.00000071,-0.00003482,0.00003248,0.0000260
 8,-0.00000511,-0.00003942,0.00002323,0.00010032,-0.00009313,0.00009416
 ,-0.00008429,-0.00002392,-0.00002071,0.00000837,0.00003233,0.00000694,
 0.00000390,0.00001440,-0.00002093,0.00007030,-0.00000666,-0.00001585,-
 0.00001723,-0.00000133,-0.00000173,-0.00000340,0.00000039,0.00000985,-
 0.00000044,0.00064427,0.00101852,-0.00042501,-0.00032532,0.00018954,0.
 00004812,0.00010092,-0.00004471,0.00001764,-0.00008404,0.00003892,-0.0
 0007335,0.00000758,-0.00000266,0.00002740,0.00000646,0.00001067,0.0000
 2040,-0.00000060,0.00000448,0.00004572,-0.00040182,0.00154145,0.000284
 94,0.00009448,0.00029730,-0.00025426,-0.00129101,0.00109064,-0.0005550
 0,-0.00002485,0.00006024,-0.00061407,0.00001330,0.00010045,0.00015633,
 -0.00001101,-0.00004802,0.00009100,-0.00045583,0.00008341,0.00005395,-
 0.01997970,-0.01472982,0.00257078,-0.09830186,0.00922004,-0.00157527,0
 .49202038,0.00212004,-0.00507373,0.00120491,-0.01951487,-0.04080113,0.
 00925337,-0.00066766,0.00335124,0.00035748,-0.00042982,-0.00020223,0.0
 0026766,-0.00153987,-0.00094927,0.00011924,-0.00107195,-0.00324949,0.0
 0022539,-0.00177818,0.00701112,-0.00035322,0.01842176,-0.01049640,0.00
 214437,0.00054055,0.00154799,-0.00033573,-0.00060440,-0.00001511,0.000
 01927,0.00016903,-0.00002226,-0.00004333,-0.00001924,0.00003098,0.0000
 0977,0.00001372,0.00003324,0.00000553,0.00002848,-0.00000157,-0.000031
 75,0.00080608,-0.00040507,0.00022627,0.00000067,0.00007835,-0.00008314
 ,0.00018679,0.00022765,-0.00027482,-0.00002734,0.00002482,0.00011313,0
 .00001629,0.00001020,-0.00002338,0.00004774,0.00001009,-0.00000726,-0.
 00004187,0.00001225,0.00007689,0.00032434,-0.00033264,0.00031664,0.000
 07594,0.00005212,-0.00002901,-0.00008793,-0.00007039,-0.00004128,0.000
 02455,-0.00001479,-0.00017194,0.00003711,0.00003706,0.00004509,-0.0000
 1423,0.00000631,0.00000039,-0.00000181,-0.00001649,0.00000162,0.000187
 14,0.00060813,0.00015978,-0.00018300,0.00015025,-0.00005291,-0.0001228
 8,-0.00002928,-0.00000465,-0.00021496,-0.00000670,-0.00025885,-0.00000
 029,-0.00002482,0.00004338,0.00005383,0.00000209,-0.00001356,-0.000104
 59,0.00005717,0.00012349,-0.00145547,0.00029756,-0.00186220,-0.0006026
 2,-0.00045350,0.00010983,0.00030243,0.00033337,-0.00007859,-0.00056421
 ,0.00058152,0.00126054,-0.00011333,-0.00003185,-0.00028270,-0.00000558
 ,-0.00012374,-0.00027867,0.00013313,0.00006030,-0.00009067,-0.03064725
 ,-0.01095695,0.00205851,-0.00446117,-0.14989914,0.01745332,0.09630642,
 0.47944114,-0.00043444,0.00138407,0.00034311,0.00383258,0.00885860,0.0
 0287654,-0.00016335,0.00006414,0.00495103,0.00006329,0.00038472,0.0007
 1969,0.00024587,-0.00010699,0.00074720,0.00002903,0.00054502,-0.001139
 86,0.00065751,0.00002099,0.00516620,-0.00386452,0.00088288,-0.00163277
 ,-0.00009579,-0.00045833,-0.00057207,0.00014740,-0.00000930,0.00015936
 ,-0.00005086,-0.00015194,-0.00029910,0.00000433,-0.00000298,0.00004785
 ,-0.00000243,0.00001309,0.00009465,-0.00000281,-0.00004148,-0.00014124
 ,-0.00030936,-0.00009574,-0.00022592,-0.00005438,-0.00009757,0.0001283
 7,0.00020219,-0.00018742,0.00008360,-0.00010703,-0.00013968,-0.0001217
 4,0.00003407,0.00005319,0.00007731,0.00003086,0.00002603,0.00002943,-0
 .00000426,0.00006818,0.00013247,-0.00006458,0.00005174,-0.00027240,0.0
 0001799,-0.00000943,0.00000317,0.00003485,-0.00000865,-0.00000379,-0.0
 0006054,-0.00003704,0.00006051,-0.00000480,-0.00000923,-0.00002654,0.0
 0000503,-0.00000203,0.00000180,-0.00000074,0.00000532,0.00000217,0.000
 10525,-0.00015606,0.00055304,0.00018229,-0.00012894,-0.00001448,-0.000
 01112,0.00000171,-0.00001614,-0.00005480,0.00002071,0.00008281,0.00000
 048,0.00000738,0.00000041,0.00000297,-0.00001925,-0.00001241,-0.000014
 94,-0.00002707,-0.00001298,0.00035894,0.00033613,-0.00324614,0.0002974
 1,0.00057873,-0.00031946,0.00145788,-0.00037731,0.00037612,-0.00079283
 ,-0.00081659,0.00007740,0.00008648,-0.00011706,-0.00025013,0.00003799,
 -0.00000609,0.00007630,-0.00058240,-0.00002435,-0.00028131,0.00460795,
 0.00089474,-0.00494510,0.00021454,0.01762711,-0.07194372,-0.01358442,0
 .03784720,0.62195417,0.00072867,-0.00045040,-0.00003731,-0.00233392,0.
 00092910,0.00017249,0.00010556,0.00021156,-0.00032322,-0.00021193,0.00
 030806,-0.00011531,-0.00025430,-0.00038545,0.00014844,0.00026996,0.000
 21895,0.00008364,0.00001103,-0.00050492,-0.00041859,0.00059133,0.00098
 581,0.00005190,-0.00004303,-0.00022546,0.00006543,0.00019298,0.0000048
 1,-0.00002420,-0.00003849,-0.00000799,0.00002028,-0.00000258,0.0000083
 2,-0.00000378,0.00000519,-0.00000051,-0.00000448,-0.00000467,0.0000073
 2,0.00002180,0.00002758,-0.00012853,-0.00005936,-0.00004611,-0.0000332
 4,0.00004318,0.00016915,0.00000277,0.00002945,-0.00000460,-0.00000782,
 -0.00002959,-0.00001227,0.00000056,0.00001724,-0.00001066,0.00000596,0
 .00001625,0.00000857,-0.00000228,-0.00000808,0.00006721,-0.00009067,0.
 00001489,0.00001249,0.00001245,-0.00000611,-0.00003309,-0.00003404,-0.
 00000455,-0.00002256,-0.00000341,0.00002489,-0.00000447,-0.00000497,-0
 .00001274,0.00000229,-0.00000348,-0.00000226,0.00000198,0.00000432,0.0
 0000002,0.00000338,-0.00001607,-0.00000966,-0.00000708,-0.00001148,0.0
 0000065,-0.00001503,0.00001258,-0.00000432,0.00000652,0.00000265,0.000
 01019,0.00000044,0.00000429,0.00000384,-0.00000271,-0.00000469,-0.0000
 0185,0.00000786,-0.00000338,-0.00000360,0.00021577,0.00013425,0.000484
 83,0.00003680,-0.00021381,0.00005211,-0.00087805,0.00070592,0.00055503
 ,-0.00054246,0.00045571,0.00020370,0.00014918,-0.00010617,-0.00003468,
 0.00026359,-0.00011800,-0.00001948,-0.00101324,0.00019312,-0.00087100,
 -0.00405770,-0.00115199,-0.00054252,0.00582496,0.00837035,0.00810675,-
 0.09568780,-0.06853595,-0.07994204,0.10426424,-0.00007439,0.00021957,-
 0.00014897,0.00397956,-0.00240313,-0.00100562,-0.00079460,-0.00052663,
 0.00088181,0.00027254,-0.00035585,0.00020573,0.00005196,0.00013449,-0.
 00008274,-0.00001854,0.00049748,-0.00027044,-0.00007681,-0.00058094,0.
 00097492,-0.00259561,0.00100426,-0.00063290,-0.00007248,-0.00023117,-0
 .00005895,0.00004757,0.00001224,0.00002738,-0.00009888,-0.00000334,-0.
 00003840,0.00000636,-0.00001551,0.00001296,-0.00000033,-0.00000646,0.0
 0001476,-0.00000278,-0.00003248,-0.00002017,-0.00004188,0.00002848,0.0
 0005550,0.00000276,0.00001304,-0.00000942,-0.00004835,0.00000198,-0.00
 000182,-0.00001715,-0.00000365,-0.00004563,0.00000785,-0.00000151,-0.0
 0000052,0.00000024,0.00000766,0.00001062,0.00000254,0.00000551,0.00001
 227,-0.00001530,0.00003532,-0.00000903,-0.00001972,-0.00000702,0.00000
 146,0.00000320,0.00000015,0.00000361,-0.00000096,0.00000104,0.00002580
 ,-0.00000777,-0.00000643,-0.00000866,0.00000307,-0.00000011,0.00000034
 ,0.00000003,0.00000310,-0.00000227,-0.00003121,0.00001066,0.00001056,0
 .00003281,-0.00001875,-0.00000226,0.00003302,-0.00000493,0.00000513,0.
 00002083,-0.00000548,0.00003697,0.00000184,0.00000123,-0.00000857,-0.0
 0000285,0.00000147,0.00000244,0.00000664,-0.00000890,-0.00001546,0.000
 27262,0.00002088,-0.00047486,-0.00000126,0.00014501,-0.00004859,0.0006
 0811,-0.00023115,-0.00027464,0.00036386,-0.00046234,-0.00010528,-0.000
 10596,0.00006529,0.00004637,-0.00012056,0.00007363,0.00006202,0.000120
 83,0.00015308,0.00013592,0.00071830,-0.00010724,0.00030496,-0.01118408
 ,-0.02962868,-0.01732980,-0.06524816,-0.14411367,-0.11272022,0.0694608
 8,0.16428196,-0.00003903,0.00023297,-0.00016325,-0.00020732,0.00147780
 ,-0.00032251,0.00037417,0.00006569,-0.00036457,-0.00005477,0.00016050,
 -0.00009031,0.00007655,-0.00002121,-0.00002879,0.00009870,0.00013683,0
 .00002044,0.00009632,-0.00023743,-0.00030870,0.00001192,-0.00020607,0.
 00042786,-0.00002546,-0.00008735,0.00005860,0.00005849,-0.00000611,-0.
 00001468,0.00002813,0.00000906,0.00001158,-0.00000347,0.00000293,-0.00
 000136,0.00000127,0.00000511,-0.00000678,0.00000143,0.00001644,0.00001
 699,-0.00000928,0.00002760,-0.00002043,0.00000738,-0.00000918,0.000003
 76,-0.00000637,-0.00001802,0.00002070,0.00001169,0.00000320,0.00003453
 ,-0.00000390,0.00000054,-0.00000117,-0.00000017,-0.00000636,-0.0000094
 0,-0.00000517,-0.00000535,-0.00001123,-0.00000468,0.00001140,0.0000256
 7,0.00000449,0.00000035,0.00000018,0.00000438,0.00000858,-0.00000050,0
 .00000989,0.00000564,-0.00002106,0.00000419,0.00000484,0.00000886,-0.0
 0000173,0.00000059,0.00000004,-0.00000065,-0.00000300,0.00000061,-0.00
 001065,-0.00001269,-0.00002254,-0.00000042,0.00001292,0.00000239,0.000
 00349,-0.00000147,0.00001560,0.00000088,-0.00000322,-0.00001952,0.0000
 0163,-0.00000540,-0.00000431,0.00000202,0.00000460,0.00000150,-0.00000
 195,0.00000658,0.00000543,-0.00045437,-0.00033941,0.00078913,-0.000053
 19,0.00007100,-0.00011994,0.00002677,0.00001794,-0.00056412,-0.0000612
 4,0.00047592,0.00020312,0.00008262,-0.00009694,-0.00002170,0.00009311,
 -0.00004504,-0.00005780,-0.00049801,0.00005660,-0.00002089,0.00130776,
 0.00111531,-0.00035655,0.00567535,0.00872813,0.00983859,-0.08093859,-0
 .12105843,-0.19195076,0.08407997,0.12365527,0.19519507,0.00074667,-0.0
 0035508,0.00023143,-0.00203083,0.00049622,-0.00034047,0.00000244,0.000
 26050,0.00015742,-0.00017093,0.00030166,0.00002540,-0.00021825,-0.0003
 9704,-0.00007268,0.00015436,0.00006337,-0.00009113,0.00003745,0.000014
 39,0.00067907,0.00023978,0.00042532,-0.00049879,-0.00001804,-0.0001483
 3,-0.00003667,0.00015600,0.00000588,0.00001840,-0.00003977,-0.00001303
 ,-0.00001464,-0.00000263,0.00000699,0.00000117,0.00000508,0.00000275,0
 .00000875,-0.00000284,-0.00000273,-0.00001519,0.00006085,0.00002399,-0
 .00002021,-0.00003406,-0.00000662,0.00000329,0.00004694,-0.00001094,0.
 00005385,0.00004219,-0.00000134,0.00002433,-0.00002826,-0.00001407,0.0
 0000100,-0.00002310,-0.00000359,0.00000343,0.00001700,-0.00002005,-0.0
 0005872,0.00006407,-0.00008642,0.00006650,0.00000129,0.00000808,-0.000
 00556,-0.00003387,-0.00001618,-0.00000376,-0.00000431,0.00000925,-0.00
 000300,-0.00000545,0.00000018,-0.00000240,0.00000264,-0.00000163,-0.00
 000010,0.00000152,0.00000108,-0.00000310,0.00004195,-0.00002641,0.0000
 1051,0.00000787,-0.00001132,0.00000002,-0.00002006,0.00000390,-0.00000
 706,0.00000488,0.00000094,0.00001613,-0.00000117,0.00000193,0.00000484
 ,-0.00000200,-0.00000686,-0.00000233,-0.00000194,-0.00000524,-0.000004
 53,-0.00027764,0.00111917,-0.00079948,0.00007919,-0.00003960,0.0000157
 5,-0.00184499,0.00001691,-0.00058087,0.00003455,-0.00061399,-0.0000404
 7,0.00002835,-0.00002655,-0.00003378,0.00003191,0.00008897,0.00018924,
 -0.00004803,0.00001641,-0.00000704,-0.00330119,-0.00087212,0.00095184,
 0.00469919,0.00363362,-0.01087787,-0.08143894,-0.02161387,0.08720363,0
 .00554955,0.00309087,-0.01181586,0.09064161,-0.00009412,0.00002831,0.0
 0000672,0.00377444,-0.00168885,0.00163144,-0.00066597,-0.00083477,-0.0
 0081075,0.00026978,-0.00045002,-0.00007065,-0.00000648,0.00022816,0.00
 002710,-0.00000211,0.00048715,0.00013936,-0.00010343,-0.00097322,-0.00
 083231,-0.00287963,0.00110644,0.00067085,-0.00007053,-0.00015259,0.000
 13578,0.00000795,0.00000673,-0.00002594,-0.00007939,0.00001909,0.00003
 129,0.00000703,-0.00001879,-0.00000871,-0.00000173,-0.00001428,-0.0000
 1269,-0.00000390,-0.00002110,0.00003373,-0.00005079,-0.00001239,0.0000
 1046,-0.00000522,0.00002437,-0.00000915,-0.00005081,0.00000783,-0.0000
 1227,-0.00000771,-0.00000044,-0.00004929,0.00000832,-0.00000117,0.0000
 0137,-0.00000499,0.00000662,0.00001101,0.00000064,0.00000211,0.0000150
 9,-0.00001437,0.00002288,-0.00005355,-0.00001705,-0.00000531,0.0000013
 2,0.00000494,-0.00000544,0.00000351,-0.00001214,-0.00000815,0.00004290
 ,-0.00001010,-0.00000976,-0.00001589,0.00000358,-0.00000116,0.00000014
 ,-0.00000040,0.00000616,-0.00000149,-0.00008428,0.00000541,-0.00008109
 ,-0.00000136,0.00000429,0.00000622,0.00004425,0.00000248,0.00000004,0.
 00003875,-0.00000238,0.00002806,0.00000041,0.00000264,-0.00000879,-0.0
 0000968,0.00000554,0.00000714,0.00002147,-0.00000683,-0.00001873,0.000
 32636,0.00004137,0.00069221,-0.00005848,0.00001096,-0.00003628,0.00038
 289,0.00045088,0.00007969,0.00016432,0.00020268,-0.00039350,0.00000348
 ,0.00002550,0.00009753,-0.00007037,-0.00001333,-0.00002407,-0.00000186
 ,0.00002208,0.00006389,0.00004782,-0.00045661,-0.00029935,-0.00945752,
 -0.02058586,0.03255726,-0.01985073,-0.05974789,0.04778059,0.00675827,0
 .00765013,-0.01751124,0.02033825,0.07194355,-0.00008119,-0.00045640,-0
 .00010578,-0.00147784,-0.00067954,-0.00043663,-0.00002206,0.00026336,-
 0.00011678,-0.00006013,-0.00002522,0.00002220,-0.00003692,0.00010776,-
 0.00009110,0.00000054,-0.00042536,0.00003403,-0.00011528,0.00031991,-0
 .00015828,0.00141254,0.00023966,0.00002345,0.00007828,0.00024995,-0.00
 002689,-0.00013062,0.00000103,-0.00000834,0.00003574,-0.00002039,0.000
 00339,0.00000232,0.00000435,0.00000131,-0.00000252,-0.00000379,-0.0000
 0048,-0.00000073,0.00000290,0.00000696,0.00001444,0.00001319,0.0000464
 5,0.00000060,0.00000765,-0.00000557,-0.00000273,0.00000845,-0.00001321
 ,-0.00000641,0.00000517,-0.00001493,0.00000020,-0.00000381,-0.00000327
 ,-0.00000071,0.00000549,0.00000684,-0.00000069,0.00000134,0.00000241,0
 .00000192,-0.00002358,0.00002811,-0.00000306,-0.00000094,0.00000153,-0
 .00001139,-0.00000357,0.00000275,0.00000721,0.00000595,0.00001067,-0.0
 0000245,-0.00000154,-0.00000270,0.00000022,-0.00000053,-0.00000117,0.0
 0000009,0.00000151,-0.00000151,0.00001208,0.00001940,0.00002586,-0.000
 01235,-0.00001859,-0.00000671,-0.00002448,0.00000614,-0.00001774,-0.00
 001309,0.00000140,0.00000125,-0.00000353,0.00000854,0.00001001,0.00000
 189,-0.00000427,-0.00000286,0.00000099,-0.00000448,0.00000177,-0.00003
 922,-0.00027003,-0.00064099,0.00009946,-0.00027048,0.00028200,-0.00098
 476,0.00004649,0.00043676,0.00003949,0.00001399,-0.00007752,0.00000189
 ,0.00002102,0.00001896,-0.00000439,0.00002975,0.00007103,0.00000057,0.
 00004189,0.00003975,-0.00073544,-0.00059460,0.00004772,-0.00049423,0.0
 0588871,-0.00090962,0.08704609,0.05500267,-0.28609425,0.00788795,0.005
 06378,-0.01732116,-0.09085777,-0.06299052,0.29957883,-0.00244703,-0.02
 684069,0.00487704,0.01245851,0.02193270,-0.00393419,-0.00480475,0.0015
 4301,-0.00025587,-0.00050451,-0.00002091,0.00002132,-0.00499091,0.0005
 0208,-0.00025101,0.00110000,0.00216141,-0.00036484,-0.00013425,-0.0014
 8848,0.00032959,-0.00114204,0.00106672,-0.00013834,-0.00039347,-0.0000
 8203,0.00001734,-0.00038266,-0.00013366,0.00001729,0.00015215,-0.00041
 752,0.00006096,0.00001647,0.00010497,-0.00000733,-0.00000044,0.0000243
 2,-0.00000709,0.00000422,0.00004584,-0.00000530,-0.00046658,-0.0012731
 5,-0.00035533,0.00010334,-0.00027153,0.00023704,-0.00168138,-0.0010080
 2,0.00077114,-0.00006166,-0.00015294,0.00076185,-0.00001907,0.00004906
 ,-0.00009450,0.00000883,-0.00010298,-0.00016673,-0.00042929,-0.0001372
 2,-0.00001628,0.00064522,-0.00101914,0.00046750,0.00009384,0.00004300,
 -0.00001377,-0.00033005,-0.00018091,-0.00004830,-0.00007169,-0.0000313
 7,0.00006007,0.00000004,-0.00000129,-0.00004028,0.00000670,-0.00000978
 ,-0.00001910,0.00000730,0.00000033,-0.00002912,-0.00008807,-0.00009044
 ,0.00006918,0.00002946,-0.00000807,-0.00000559,-0.00002815,0.00002050,
 -0.00000850,0.00001801,0.00001609,-0.00007166,0.00000038,-0.00000977,0
 .00000126,-0.00000102,0.00000193,0.00000270,-0.00000858,0.00001646,0.0
 0001717,0.00021502,-0.00005752,-0.00015793,0.00010408,-0.00009118,0.00
 006753,-0.00026411,-0.00000270,0.00013972,-0.00002994,-0.00002124,0.00
 002572,0.00003258,-0.00002901,0.00000094,0.00004857,0.00000061,0.00003
 467,-0.00003774,-0.00003007,-0.00009698,-0.09823627,-0.00927899,0.0018
 9272,-0.02009087,0.01468039,-0.00307526,-0.17129153,0.01330512,0.00236
 792,-0.01150931,0.00060528,0.00194398,-0.01076374,0.00030143,-0.000764
 32,0.49175673,-0.01859739,-0.01035798,0.00184920,0.01947109,-0.0408775
 7,0.00850884,0.00058874,0.00337267,0.00031718,0.00104245,-0.00328956,0
 .00031244,0.00189817,0.00695128,-0.00052739,0.00041644,-0.00028133,0.0
 0020044,0.00150990,-0.00080987,0.00021616,-0.00198817,-0.00512493,0.00
 107993,-0.00017390,0.00000976,-0.00004795,0.00061800,-0.00000515,0.000
 01330,-0.00054399,0.00157765,-0.00033682,-0.00002818,0.00000400,-0.000
 02347,-0.00001332,0.00003291,0.00000589,0.00001899,0.00003263,0.000003
 82,0.00146714,0.00014100,-0.00154483,0.00062430,-0.00048584,0.00012797
 ,0.00001774,0.00050709,-0.00005519,0.00055891,0.00068372,0.00123146,0.
 00001043,-0.00012498,-0.00028968,0.00012648,-0.00001476,-0.00027031,-0
 .00020918,0.00008360,-0.00008274,-0.00018530,0.00062745,0.00013757,0.0
 0012257,-0.00002959,-0.00000426,0.00019540,0.00015636,-0.00005303,0.00
 021693,-0.00000427,-0.00026476,0.00010280,0.00005752,0.00012602,-0.000
 05434,0.00000277,-0.00001243,-0.00000145,-0.00002471,0.00004350,-0.000
 31447,-0.00031907,0.00032473,0.00008429,-0.00006935,-0.00003958,-0.000
 07619,0.00005307,-0.00002922,-0.00002823,-0.00001595,-0.00017017,0.000
 00176,-0.00001662,0.00000280,0.00001556,0.00000590,-0.00000167,-0.0000
 3908,0.00003662,0.00004571,-0.00083615,-0.00040552,0.00022035,-0.00000
 760,0.00008643,-0.00009239,-0.00019104,0.00023368,-0.00030789,0.000026
 77,0.00003305,0.00012667,-0.00004850,0.00000757,-0.00001078,-0.0000182
 5,0.00001022,-0.00002739,0.00004661,0.00001280,0.00007604,0.00456925,-
 0.15023074,0.01473725,0.03005761,-0.01105209,0.00037146,-0.01150011,-0
 .07158492,-0.00209314,-0.01563438,0.00322605,0.00306629,-0.00469548,0.
 00164075,-0.00181882,-0.09531110,0.47397415,0.00357452,0.00097755,-0.0
 0160907,-0.00409691,0.00899249,0.00349519,-0.00020460,0.00008264,0.005
 00104,0.00004089,0.00019432,-0.00111837,-0.00020784,0.00032892,0.00513
 879,-0.00017022,0.00006617,0.00076781,-0.00038556,0.00038397,0.0006320
 0,0.00093432,0.00138444,0.00034430,0.00001520,-0.00000847,-0.00032408,
 -0.00005212,0.00003833,0.00016021,0.00006905,-0.00024633,-0.00060552,0
 .00000279,-0.00002327,-0.00014749,0.00000513,0.00001076,0.00009350,-0.
 00000574,0.00000251,0.00004732,-0.00000682,0.00056220,-0.00294393,-0.0
 0023202,0.00066197,-0.00041349,-0.00169013,-0.00025199,0.00007145,0.00
 078388,-0.00079047,0.00025352,-0.00005394,-0.00001863,0.00002025,-0.00
 007309,-0.00010007,-0.00026241,0.00054856,-0.00000141,-0.00029866,-0.0
 0014258,-0.00005295,0.00053350,0.00000574,-0.00000211,-0.00000843,-0.0
 0015178,-0.00010779,-0.00001628,0.00007419,0.00001871,0.00005958,0.000
 02053,-0.00002369,-0.00000288,-0.00000823,-0.00001697,-0.00001132,-0.0
 0000197,0.00000571,0.00000301,0.00010728,0.00011201,-0.00030069,-0.000
 06235,0.00000960,0.00000041,-0.00001865,-0.00001380,0.00000809,0.00004
 321,-0.00003997,0.00004880,0.00000165,0.00000449,0.00000566,0.00000008
 ,-0.00000176,0.00000048,-0.00000038,-0.00000835,-0.00001936,0.00020963
 ,-0.00001351,-0.00012238,0.00001663,-0.00007381,0.00009504,-0.00018013
 ,-0.00015790,-0.00002952,0.00011053,-0.00010678,-0.00006210,-0.0000385
 9,0.00002905,0.00001877,-0.00003980,0.00004853,0.00005446,0.00002619,0
 .00007316,0.00013207,-0.00019187,0.01353972,-0.07057031,-0.00726772,0.
 00193935,-0.00473115,0.00634788,-0.00296003,-0.08245964,-0.01955700,0.
 00110756,0.00343251,0.02604254,-0.00039800,0.00332276,0.02074351,0.026
 75021,0.62480970,0.00061236,-0.00098491,-0.00007323,-0.00233815,-0.000
 55062,-0.00030030,0.00003128,-0.00029914,0.00029918,0.00029561,-0.0001
 6688,-0.00008182,0.00001659,0.00049400,0.00041876,-0.00021449,-0.00027
 285,0.00011795,-0.00019912,0.00032928,-0.00016165,0.00058592,0.0003952
 8,0.00003258,-0.00004544,0.00000221,-0.00002079,0.00017657,-0.00001154
 ,0.00002257,-0.00002205,0.00018236,-0.00005354,-0.00000301,-0.00000620
 ,-0.00001964,0.00000530,-0.00000009,0.00000449,-0.00000374,-0.00000923
 ,0.00000476,0.00011174,-0.00021088,-0.00048023,0.00002861,0.00020784,-
 0.00004408,-0.00048043,-0.00032039,-0.00056309,-0.00028816,-0.00043815
 ,-0.00015007,0.00024756,0.00011259,0.00001778,0.00016236,0.00012168,0.
 00004209,-0.00088787,-0.00000359,0.00103601,0.00000740,0.00001122,0.00
 000591,-0.00001404,-0.00001143,0.00000317,-0.00000988,0.00000674,-0.00
 000141,0.00000431,-0.00000313,-0.00000358,0.00000635,0.00000187,0.0000
 0135,-0.00000217,0.00000414,0.00000111,0.00000096,-0.00000225,-0.00000
 352,0.00005489,0.00007922,-0.00000559,-0.00002699,0.00003007,0.0000035
 1,0.00001427,-0.00001138,0.00000551,-0.00001956,0.00000390,-0.00002145
 ,0.00000183,-0.00000366,-0.00000083,0.00000135,0.00000324,0.00000228,-
 0.00000276,0.00000392,0.00001096,0.00003248,0.00011779,0.00005382,-0.0
 0004113,0.00003317,-0.00004160,0.00018233,-0.00000354,-0.00000651,-0.0
 0000613,0.00000657,0.00002074,-0.00000856,-0.00000656,-0.00001438,-0.0
 0001155,-0.00000115,-0.00001508,0.00000647,0.00000253,0.00000730,0.005
 07788,-0.00801344,-0.00854558,-0.00319423,0.00111035,0.00063130,-0.010
 43313,0.01433888,0.02237882,0.00138638,0.00043290,0.00008733,-0.003715
 95,0.00055860,-0.00009448,-0.08353128,0.05501734,0.07315574,0.09087948
 ,0.00279099,0.00097615,-0.00075439,-0.00406221,-0.00202511,-0.00112876
 ,0.00067727,-0.00056944,0.00093950,0.00000474,0.00052957,-0.00028211,0
 .00008650,-0.00065756,0.00106031,-0.00027479,-0.00035440,0.00021310,-0
 .00001468,0.00014292,-0.00008080,0.00004606,0.00015273,-0.00012128,0.0
 0008984,0.00000450,-0.00004253,-0.00005379,0.00001237,0.00002919,0.000
 08790,-0.00025725,-0.00006510,0.00000374,-0.00002980,-0.00002272,0.000
 00093,-0.00000699,0.00001658,-0.00000682,-0.00001563,0.00001312,-0.000
 25024,0.00005819,-0.00053803,-0.00001264,0.00013492,-0.00003111,-0.000
 51962,-0.00017204,-0.00016525,-0.00032698,-0.00042900,-0.00021731,0.00
 012835,0.00008235,0.00007047,0.00010563,0.00006722,0.00005144,-0.00004
 567,-0.00016682,0.00041552,0.00003724,0.00000495,0.00002266,-0.0000319
 8,-0.00000363,0.00000257,-0.00003590,-0.00002415,-0.00000404,-0.000022
 38,-0.00000544,0.00003953,-0.00000713,-0.00001004,-0.00001670,0.000003
 22,0.00000086,0.00000238,-0.00000165,0.00000241,-0.00000817,0.00001068
 ,0.00002972,-0.00001247,-0.00000180,-0.00000184,0.00000350,0.00001982,
 -0.00000678,0.00000152,0.00000285,-0.00000019,0.00002860,0.,0.00000372
 ,-0.00000235,-0.00000327,-0.00000023,0.00000053,0.00000852,-0.00000732
 ,-0.00001002,0.00004183,0.00001981,0.00005677,-0.00000102,0.00001410,-
 0.00000932,0.00005080,0.00000410,-0.00000026,0.00001930,-0.00000395,-0
 .00004996,0.,0.00000777,0.00001204,-0.00000931,-0.00000175,0.00000013,
 -0.00000098,0.00000773,0.00001307,0.00914424,-0.03034770,-0.02005488,-
 0.00031133,-0.00009749,0.00037588,-0.00060558,0.00263457,0.00076201,-0
 .00076465,0.00128113,0.00037509,-0.00057360,0.00009347,0.00041206,0.05
 274521,-0.13059925,-0.11304627,-0.05491693,0.15110177,0.00000220,-0.00
 007040,0.00033379,0.00021030,0.00124770,-0.00024475,-0.00028241,0.0000
 3276,-0.00038778,-0.00011947,0.00022100,0.00000471,-0.00009664,-0.0003
 2547,-0.00030809,0.00006520,0.00016470,-0.00008902,-0.00004825,-0.0001
 0542,-0.00001553,-0.00007870,0.00024793,-0.00021115,-0.00000157,0.0000
 1612,0.00001223,-0.00010572,-0.00000361,-0.00001617,0.00003971,-0.0001
 5235,0.00006972,-0.00000087,0.00001404,0.00001918,-0.00000248,0.000005
 04,-0.00000725,0.00000416,0.00000339,-0.00000135,0.00027457,-0.0003609
 0,0.00065165,0.00004266,0.00003509,-0.00007659,0.00016218,0.00011369,-
 0.00051232,-0.00000720,0.00035220,0.00017177,-0.00006613,-0.00002828,-
 0.00003556,-0.00006445,-0.00008972,-0.00001865,0.00078679,0.00013794,-
 0.00096962,0.00000988,-0.00001370,-0.00001856,-0.00000345,-0.00000241,
 0.00001357,-0.00000009,0.00001160,0.00000256,-0.00000188,-0.00000198,-
 0.00001767,0.00000148,0.00000619,0.00000505,-0.00000147,0.00000432,0.0
 0000159,-0.00000183,-0.00000508,-0.00000428,-0.00000285,0.00000593,0.0
 0003444,-0.00000072,0.00000545,-0.00000087,-0.00000402,0.00000127,-0.0
 0000065,-0.00000838,0.00000602,-0.00002147,0.00000050,-0.00000290,0.00
 000031,0.00000136,0.00000048,-0.00000006,-0.00000378,0.00000471,0.0000
 0844,0.00001078,0.00001720,-0.00002484,-0.00000388,-0.00001169,0.00000
 689,-0.00000751,-0.00001663,0.00002535,-0.00001306,0.00000273,0.000033
 45,0.00000058,-0.00000610,-0.00000866,0.00000519,0.00000050,-0.0000001
 2,0.00000518,-0.00000666,-0.00001131,-0.00465166,0.00718674,0.01061762
 ,-0.00074955,0.00066884,-0.00033926,-0.00060338,0.00222251,0.00238478,
 -0.00029497,0.00027994,0.00109238,0.00011823,-0.00012007,0.00076341,0.
 07353346,-0.12082011,-0.21507593,-0.07784421,0.12483189,0.22025365,0.0
 0027760,-0.00031846,0.00031646,-0.00203704,-0.00091114,0.00034104,0.00
 008093,-0.00018067,-0.00022029,0.00009541,-0.00010649,0.00010921,0.000
 03818,-0.00006880,-0.00067184,-0.00016780,-0.00034498,-0.00000808,-0.0
 0027291,0.00047036,0.00002688,0.00086943,0.00036785,-0.00025519,-0.000
 03234,0.00001955,0.00001321,0.00017415,0.00000208,-0.00002177,-0.00003
 963,0.00019177,0.00003346,-0.00000360,0.00000270,0.00001642,0.00000506
 ,-0.00000328,-0.00000865,-0.00000229,-0.00000582,-0.00000101,-0.000222
 81,-0.00129603,0.00045500,0.00007883,0.00002042,0.00000548,-0.00175271
 ,-0.00047214,-0.00004543,0.00003245,0.00067781,-0.00004436,0.00005079,
 -0.00009012,-0.00019376,0.00002923,0.00002526,0.00004337,-0.00004563,-
 0.00000956,0.00003423,0.00004365,0.00002985,-0.00001399,-0.00002052,-0
 .00000607,0.00000707,0.00000943,0.00001133,-0.00000113,0.00000450,-0.0
 0000090,-0.00001784,-0.00000177,0.00000532,0.00000486,-0.00000234,0.00
 000762,0.00000261,-0.00000191,-0.00000205,-0.00000495,0.00007488,0.000
 09549,-0.00006560,-0.00003714,0.00001933,0.00000496,0.00000198,-0.0000
 0916,0.00000657,-0.00000941,-0.00000727,0.00000281,0.00000141,-0.00000
 117,0.00000332,0.00000340,0.00000137,-0.00000022,-0.00000613,0.0000002
 1,0.00000363,0.00005239,0.00000101,0.00003237,-0.00003894,0.00000851,-
 0.00000822,0.00005359,0.00001355,-0.00005805,0.00003436,0.00001061,-0.
 00001305,-0.00002064,0.00000255,-0.00000418,-0.00002479,0.00001097,-0.
 00000474,0.00002101,0.00001994,0.00005170,0.00519761,-0.00380812,0.010
 71041,-0.00414454,0.00095924,-0.00088078,-0.01192781,0.00698429,-0.024
 40509,-0.00316659,0.00043318,0.00010236,0.00133066,0.00055216,-0.00066
 172,-0.09306106,0.03167010,-0.09803961,0.00556952,-0.00325071,0.009796
 16,0.10290990,0.00265465,0.00122004,0.00043721,-0.00371570,-0.00216669
 ,0.00167425,0.00080263,-0.00079301,-0.00075808,0.00003089,0.00049139,0
 .00013248,0.00007045,-0.00085670,-0.00078736,-0.00026277,-0.00044227,-
 0.00006405,-0.00001583,0.00016250,0.00004109,0.00007603,0.00013939,0.0
 0002202,0.00009897,0.00001567,0.00002991,-0.00002519,0.00000680,-0.000
 02469,0.00006096,-0.00015545,0.00012729,0.00000258,-0.00002517,0.00003
 241,0.00000043,-0.00001221,-0.00001160,-0.00000571,-0.00001893,-0.0000
 0823,-0.00017611,0.00009446,0.00048772,0.00007750,0.00004926,-0.000073
 53,-0.00082845,0.00034230,0.00006026,-0.00014506,0.00025041,-0.0003575
 9,0.00007000,-0.00002452,-0.00004969,-0.00000450,0.00001446,0.00008903
 ,0.00000554,0.00000723,0.00004040,0.00007342,0.00001123,-0.00008636,-0
 .00004569,0.00000017,0.00000383,0.00000237,0.00001133,0.00000878,-0.00
 003697,-0.00000320,0.00002384,-0.00001803,-0.00000491,-0.00001640,0.00
 000854,0.00000644,0.00000656,-0.00000104,-0.00000021,-0.00000977,0.000
 01496,0.00002682,-0.00005501,-0.00000723,-0.00000384,0.00000266,0.0000
 1540,-0.00000470,0.00000110,0.00001231,-0.00000781,0.00003604,0.000000
 45,0.00000513,-0.00000128,-0.00000305,-0.00000094,0.00000082,0.0000086
 3,-0.00000849,-0.00001364,0.00005036,-0.00001357,0.00000132,0.00000408
 ,0.00002135,-0.00000773,0.00004578,0.00000898,-0.00000655,0.00000376,-
 0.00000050,-0.00003782,0.00000423,0.00000520,0.00000821,-0.00000678,-0
 .00000139,0.00000084,0.00000076,0.00000200,0.00001242,0.01201220,-0.02
 153585,0.03057741,-0.00020232,-0.00060690,-0.00017060,0.00016140,0.002
 02350,-0.00037042,-0.00035428,-0.00011947,-0.00008183,-0.00036858,0.00
 096276,-0.00017704,0.02893528,-0.06783667,0.06113992,-0.00735974,0.008
 42676,-0.01570443,-0.03172151,0.08033780,-0.00133638,0.00024806,0.0003
 7894,0.00140308,-0.00072539,-0.00047536,0.00005694,0.00020599,-0.00010
 180,-0.00001637,-0.00033054,0.00001736,0.00010742,0.00022213,-0.000146
 40,0.00006451,-0.00002541,0.00002070,0.00008008,0.00003322,-0.00007902
 ,-0.00005888,-0.00045220,-0.00006284,-0.00001447,-0.00000887,0.0000006
 3,0.00008379,0.00000385,-0.00000790,-0.00005984,0.00018201,-0.00001139
 ,0.00000141,0.00000121,0.00000703,0.00000149,-0.00000418,-0.00000079,-
 0.00000182,0.00000390,0.00000086,-0.00026617,-0.00033024,-0.00042096,-
 0.00010384,-0.00029072,0.00029549,0.00031351,0.00005844,0.00098650,-0.
 00001665,0.00005789,-0.00010108,0.00000716,0.00001976,0.00006170,-0.00
 000714,0.00001604,0.00001915,0.00000298,0.00003688,0.00001428,-0.00001
 127,0.00001396,0.00001853,0.00002350,0.00000543,-0.00001781,0.00001212
 ,-0.00001889,-0.00000629,0.00000950,0.00000071,0.00000519,-0.00000194,
 -0.00000507,0.00000003,-0.00000132,-0.00000447,-0.00000287,0.00000291,
 0.00000823,0.00000938,-0.00001166,-0.00003193,0.00002993,0.00001445,-0
 .00000633,0.00000255,0.00000399,0.00000023,0.00000059,-0.00000393,0.00
 000526,0.00001170,-0.00000007,0.00000180,-0.00000200,-0.00000065,-0.00
 000065,-0.00000089,0.00000366,-0.00000212,-0.00000407,-0.00001757,0.00
 001183,0.00004015,0.00000362,0.00000801,-0.00000517,0.00000109,0.00000
 709,-0.00000806,0.00000513,0.00000255,-0.00001557,0.00000241,0.0000053
 9,0.00000744,0.00000088,-0.00000440,-0.00000228,-0.00000048,-0.0000003
 2,-0.00000049,0.00060844,0.00450353,0.00039633,0.00141801,-0.00099533,
 0.00016680,0.00192226,-0.00233214,0.00485242,0.00023579,0.00037713,0.0
 0061850,0.00036671,-0.00029036,0.00126727,-0.09853405,0.06902881,-0.26
 741723,-0.00981835,0.00691436,-0.01808905,0.10352599,-0.07612415,0.277
 74988||0.00000464,-0.00000729,-0.00004936,-0.00000337,0.00007712,0.000
 08425,-0.00000112,-0.00008956,0.00001835,0.00004176,0.00004966,-0.0000
 1054,-0.00001705,0.00003710,-0.00002766,-0.00004016,0.00004963,-0.0000
 1081,0.00001118,0.00003267,-0.00002790,-0.00000749,0.00000618,-0.00005
 065,0.00000211,-0.00010511,0.00002101,0.00000029,0.00001173,-0.0000400
 9,-0.00000162,-0.00010396,0.00002032,0.00001836,0.00004869,-0.00003121
 ,0.00000106,-0.00000082,0.00000483,-0.00001486,0.00004645,-0.00002463,
 0.00002379,0.00000092,0.00006848,0.00002795,-0.00006512,0.00003911,-0.
 00003267,0.00003397,-0.00002720,0.00000924,-0.00001781,-0.00004821,-0.
 00001226,0.00000077,0.00002453,-0.00000199,-0.00001390,-0.00000106,-0.
 00001672,0.00000092,0.00000119,0.00006975,-0.00006970,0.00004982,-0.00
 001436,0.00008639,-0.00000046,-0.00002519,0.00003794,0.00001321,-0.000
 01807,0.00001855,0.00001905,-0.00000241,0.00000039,0.00000050,0.000000
 57,-0.00004605,-0.00002509,-0.00000906,-0.00001073,-0.00002427,-0.0000
 6112,-0.00007437,0.00003238,0.00002802,0.00003929,0.00001102,0.0000231
 8,0.00008395,-0.00000074,0.00001362,0.00002529,0.00001907,0.00000949,-
 0.00001006,-0.00002760,-0.00000017,-0.00004597,-0.00002447,0.00000177,
 0.00000090,-0.00000413,-0.00002516,0.00000538,0.00006267,-0.00003073,-
 0.00005802,0.00003569,0.00002189,0.00003558,-0.00003190,-0.00000595,-0
 .00001595,-0.00004824,0.00000245,-0.00001296,-0.00000545,0.00000771,-0
 .00000220,0.00001391,0.00001897,-0.00001417,-0.00001414,-0.00001842,0.
 00000392,0.00000559,0.00002493,-0.00001009,0.00002267,-0.00002285,0.00
 000683,-0.00004259,-0.00002470,0.00002437,0.00001667,0.00001241,-0.000
 01713,0.00000631,0.00001718,0.00005493,-0.00000766,0.00000993,-0.00000
 553,0.00001148,0.00000526,-0.00002302,0.00000394|||@


 THESE ARE THE TIMES THAT TRY MENS SOULS.
 THE SUMMER SOLDIER AND THE SUNSHINE PATRIOT WILL IN THIS CRISIS,
 SHRINK FROM THE SERVICE OF HIS COUNTRY.  BUT HE THAT STANDS NOW,
 DESERVES THE LOVE AND THANKS OF MAN AND WOMAN.
 TYRANNY, LIKE HELL, IS NOT EASILY CONQUERED,
 YET WE HAVE THIS CONSOLATION WITH US,
 THAT THE HARDER THE CONFLICT, THE MORE GLORIOUS THE TRIUMPH.
 WHAT WE OBTAIN TOO CHEAP, WE ESTEEM TOO LIGHTLY, 
 'TIS DEARNESS ONLY THAT GIVES EVERYTHING ITS VALUE.

                                              -- TOM PAINE
 Job cpu time:  2 days  2 hours 21 minutes 34.0 seconds.
 File lengths (MBytes):  RWF=   2934 Int=      0 D2E=      0 Chk=     40 Scr=      1
 Normal termination of Gaussian 09 at Mon Sep 08 17:57:36 2025.
